prediction,probability,label
0,0.6216829879165608,0
1,0.903633986778496,1
1,0.9997316316538177,1
1,0.8444664370728965,1
0,0.9944229258238146,0
0,0.9969755336290976,0
0,0.9807014885113238,0
1,0.999586658400502,1
1,0.9578915121724784,1
1,0.9899852977625623,1
1,0.5993330000558457,0
0,0.7220151485247398,0
1,0.7481581313848497,1
0,0.8765764852780238,0
0,0.9999509856016949,0
1,0.8381370979240386,1
0,0.8505925250332604,0
1,0.6197787544187101,0
0,0.9492796700534396,0
0,0.9273639445505771,0
1,0.6761537767748794,1
0,0.8454749745385692,0
0,0.9957890984285903,0
1,0.8988896841860106,1
0,0.9920849795646131,0
1,0.7021223195897524,1
1,0.9397992485454377,1
1,0.6785580182149427,0
0,0.7094134718874222,0
0,0.9082911610364058,0
1,0.569154754379187,1
1,0.9257069553982086,1
0,0.8277939699442851,1
0,0.9986248269711242,0
0,0.9378182524558759,0
0,0.8787882846530674,0
1,0.7656561928685354,1
0,0.6776634197794356,0
1,0.8862903786082277,1
1,0.9661185418457112,0
0,0.753037490261991,0
0,0.9997947122012065,0
1,0.6339408073399221,0
1,0.7930958614350774,1
0,0.952126724047229,0
1,0.940458553667936,1
0,0.8683286151587373,0
0,0.6737600162747943,0
0,0.5906737159781268,0
1,0.8001615282514888,1
0,0.9796946307285667,0
0,0.7988678022393807,0
1,0.9988801447773066,1
0,0.9929932961431787,0
0,0.9999300853304793,0
1,0.7924007838608885,1
1,0.7386676541460818,0
0,0.5770521785971543,0
0,0.6024010072280368,0
0,0.9363260385637694,0
0,0.9971606244148588,0
0,0.8647031676948763,0
1,0.9794693238231267,1
0,0.5205136399717227,1
0,0.9185433898366134,0
0,0.8860001478863029,0
0,0.9739310085251385,0
0,0.598259640192943,0
1,0.9186037470414578,1
1,0.6681357130737757,0
1,0.973088832549778,1
1,0.5705574676498916,1
0,0.8452740490147232,0
0,0.7688082607596205,1
0,0.7029493843740933,0
0,0.9996434381794029,0
0,0.6809474238878578,0
1,0.9371828498596375,1
0,0.9427428855640515,0
1,0.965800221279041,1
1,0.9465643078870599,1
1,0.9412199100833686,1
0,0.9813525664672048,0
0,0.9827020677165316,0
1,0.9662142482463975,1
0,0.9999848949488666,0
0,0.9980622486254664,0
0,0.9982206406998221,0
0,0.9945540834556232,0
1,0.866570261083551,1
1,0.8543526358615172,1
0,0.9952311893952969,0
1,0.5715752232769836,0
0,0.5591412764262313,1
0,0.9935508124872294,0
1,0.7750528201706104,1
1,0.9870645414939883,1
1,0.8645107150153964,1
1,0.7009924189819371,1
0,0.9946481357364033,0
0,0.9867715308459302,0
1,0.966255481018244,1
0,0.9128989742309864,0
1,0.7793829960252868,1
0,0.9906698381739296,0
0,0.9778327574501394,0
1,0.9011457499509921,1
0,0.9512061951535412,0
0,0.5586559146023633,0
0,0.9785549584704303,0
0,0.9030142869667084,0
0,0.8664884193712455,0
1,0.5784711133206406,1
0,0.9617816452648236,0
1,0.7544771585118584,1
1,0.599560066634771,1
0,0.9855081850342734,0
1,0.9631310458399679,1
0,0.9349614962324468,0
0,0.911366034620933,0
0,0.5560159528145656,1
0,0.9201253748705961,0
0,0.8898421262474268,0
0,0.998564820269318,0
1,0.9903897480626515,1
0,0.837615157076036,0
0,0.7384861107332604,0
0,0.9437683085587812,0
1,0.9638448883647929,1
0,0.8326632483757954,0
1,0.8155156400063919,1
1,0.9394961819010446,1
0,0.9804211967374771,0
0,0.736826967312064,0
0,0.8711915898330342,0
0,0.9950017110317421,0
1,0.8869720510542747,1
1,0.8518516503852662,1
0,0.9964493616816039,0
1,0.9392402960883385,1
0,0.8705062175675126,0
0,0.9987523799761715,0
0,0.8477920743556071,0
1,0.9991362283110972,1
1,0.9728832187514893,1
1,0.6850711041698163,1
1,0.9281041945245211,1
0,0.9625109823932693,0
1,0.8097223018883718,1
1,0.6555920981785053,1
0,0.5861301000063601,1
0,0.5704810386109486,1
0,0.9922873751880614,0
1,0.8684883119420407,1
0,0.6140889437752303,1
1,0.725429463688114,1
1,0.9751855573538083,1
1,0.9630771730081865,1
0,0.6850315668200792,0
0,0.5889651541149918,1
0,0.5912478627174271,0
1,0.7535904173396217,1
1,0.9241712673188696,1
1,0.930911848977561,1
1,0.7900770888434346,0
0,0.9966470939596676,0
1,0.8425945006940847,1
1,0.7716362162234076,1
0,0.992949197411312,0
0,0.9982301362043734,0
0,0.735094427198651,0
1,0.9887522165416395,1
0,0.9987203821343328,0
0,0.8791072416606839,0
0,0.62876355799197,0
0,0.9802867439261741,0
0,0.9171216634864016,0
0,0.9993827501332562,0
1,0.74191326528902,1
1,0.7798860299738006,1
0,0.6672994475164433,0
0,0.971660845178915,0
1,0.9687483289580788,1
0,0.9482996007328798,0
0,0.571702769556932,0
1,0.6222365883371226,1
1,0.8499424618205178,1
0,0.99709247691163,0
1,0.9930418180458517,1
1,0.8648569948500551,1
1,0.6051010250572314,0
1,0.550906673695833,0
1,0.8675043217750388,1
0,0.6621658433239286,1
0,0.803526439517701,1
0,0.9646571086612392,0
1,0.7976236022198882,1
1,0.662674385546389,1
0,0.9982784911228857,0
1,0.8638320625347417,1
1,0.9261939330741557,1
1,0.9446777663246748,1
0,0.9114527056985388,0
1,0.8797706010666839,1
1,0.9900486120696728,1
0,0.9969570413293178,0
0,0.6362887684270857,0
0,0.9199995564838729,0
1,0.997456190348353,1
1,0.9720319365761989,1
1,0.6748075941010899,1
0,0.7856175248056984,0
1,0.9982999414142426,1
0,0.9223397243215251,0
1,0.74437464361178,1
0,0.9996489918544895,0
0,0.769623454052246,0
1,0.5084962966045875,0
0,0.9146662822659307,0
1,0.7646281712221736,1
1,0.5279139913025416,0
1,0.9813019188035034,1
1,0.7362459132871234,1
0,0.9958321899904775,0
1,0.967298971292991,1
1,0.9950833620539757,1
0,0.6651780057820332,0
0,0.5948518074573916,1
1,0.8421359820517923,1
0,0.502548759947834,1
1,0.9810981265665479,1
1,0.7432581594331767,1
1,0.8843204545077274,1
1,0.9579971671826047,1
1,0.7348773737300944,0
0,0.999084628699031,0
0,0.854194955298867,0
0,0.8017340464840299,0
0,0.9676034904700055,0
1,0.5692473115368597,0
0,0.829602997901621,0
0,0.968994761072354,0
1,0.9923169124919528,1
0,0.5112193620563665,0
0,0.9986339505235037,0
1,0.9277722479158012,1
1,0.6169020115033512,0
1,0.9485090239968553,1
1,0.9445561563620869,1
0,0.8208782881379042,0
0,0.919460600858381,0
0,0.9618271435532202,0
0,0.5808876854630756,1
0,0.9960267689275301,0
1,0.9408674581745938,1
0,0.9807612275748664,0
0,0.9362672929550405,0
1,0.9231891179132935,1
0,0.9999995191960208,0
1,0.8325589628213103,1
1,0.7898948922568982,1
0,0.7491199579579482,0
1,0.8405371392497978,1
0,0.9694865286525893,0
1,0.9752573398216059,1
0,0.9070449418334314,0
0,0.9303606469953744,0
1,0.8846979905251326,1
1,0.8284650440639982,0
0,0.959223871745588,0
0,0.6954434719087206,0
0,0.5933547093236982,0
1,0.9943962880452728,1
0,0.7169193343508186,0
1,0.9502796923212249,1
0,0.9680747976275252,0
1,0.8993484286559787,1
1,0.9773404656481814,1
0,0.9275502547692642,0
0,0.9731621987150832,0
0,0.8750979743985884,0
1,0.6181572275401137,1
0,0.8716436443521483,0
0,0.9740378809436361,0
0,0.9947017013197672,0
0,0.9250262411221527,0
0,0.966587985148316,0
1,0.8835259570890548,1
0,0.9930159371670897,0
1,0.9532699973895495,1
1,0.9937143052198363,1
1,0.8401845885151565,1
0,0.9238140909067342,0
1,0.9968106426043326,1
1,0.7761609821501635,1
0,0.9430946217278704,0
0,0.9803304841164798,0
1,0.6448533536248942,0
0,0.7602796151219108,1
0,0.9231091097885465,0
0,0.9259987540357411,0
1,0.9920372937289107,1
1,0.6515914560420718,1
1,0.5783164798649393,1
0,0.9992452524016122,0
0,0.999933462159653,0
1,0.8602540081949857,1
1,0.9791441775619079,1
1,0.7964976431485551,1
0,0.829007650436227,0
0,0.8786288157148763,0
1,0.6173070258159586,1
0,0.8732914584472907,0
0,0.9951999645061185,0
0,0.9836146129377661,0
0,0.9679719783737707,0
1,0.9906275500877402,1
1,0.8466862762800554,1
0,0.986145400935411,0
1,0.759299425954822,0
0,0.7005353874667258,0
0,0.9598451349421994,0
1,0.9087113299249374,1
0,0.5821424623968433,1
0,0.9996128623991934,0
0,0.6361760554710314,0
1,0.9984437534601975,1
0,0.9920629817651807,0
1,0.9999735643039995,1
0,0.7857336246736598,0
0,0.9434189424509014,0
1,0.9825640512929534,1
0,0.9948719535909991,0
0,0.9740460870588473,0
0,0.9780829530960218,0
0,0.9925344649449268,0
0,0.7181134478840794,1
1,0.8339119118320708,0
1,0.8390309076951687,1
0,0.8334167540574977,0
0,0.9964176809075327,0
1,0.9357569651929569,1
0,0.6108007406900803,0
1,0.9671115796299069,1
0,0.9395419487981642,0
1,0.5420868295200348,0
1,0.5064906396123733,1
0,0.9940413874014842,0
0,0.8294281287381874,1
1,0.9733117756942247,1
0,0.6786212760475843,0
0,0.9963919812502217,0
0,0.8992377508194852,0
1,0.7729083933709421,1
1,0.6338472700183911,0
1,0.8746475558550799,1
0,0.8747015453070659,0
0,0.8101914391023671,0
0,0.9999300901880424,0
1,0.9989756422261912,1
1,0.9787496936762039,1
0,0.7923839760708022,1
1,0.6324723470403778,1
1,0.9821129547235373,1
0,0.9876722010918273,0
1,0.7843842538923991,1
0,0.5872240611936768,0
0,0.9543375335165862,0
1,0.9960496516068923,1
1,0.6946650633456738,1
1,0.9882299660197662,1
1,0.6422157841007771,0
0,0.9320749725248444,0
0,0.90055349171152,0
0,0.9840561846092278,0
1,0.9936230156472023,1
1,0.7571941315282241,1
1,0.884350346587313,1
1,0.9066275399465545,1
1,0.791421644079332,1
0,0.9957240315282316,0
0,0.8324303399594559,0
1,0.7358862612438853,1
1,0.8075141526802264,1
1,0.9804635726610454,1
1,0.7866553279437617,1
0,0.6563119100106928,0
0,0.8977739551321241,0
0,0.9683301887456705,0
0,0.9818252736570412,0
0,0.9982991937422674,0
1,0.7288663056804852,0
0,0.6291058885859309,0
1,0.5762566417297557,1
0,0.7160928501421879,1
0,0.6707423538205624,0
0,0.6573407735827435,0
0,0.976099169540731,0
1,0.9103204973622866,1
0,0.927615968827767,0
0,0.9406314668812769,0
1,0.9868820170859023,1
0,0.9821609666087097,0
1,0.9464573580960932,1
0,0.6569882737059647,0
0,0.5275126766579806,1
0,0.876432021868547,0
0,0.9479165598443504,0
1,0.737531157555535,1
0,0.9095318994644569,0
1,0.6100527206403032,0
0,0.9998075252874142,0
1,0.9487067800322149,1
1,0.5005548268114566,1
0,0.7561053661016194,0
0,0.9896446138345353,0
1,0.9994102283744395,1
1,0.9639058560360125,1
0,0.9226913130406498,0
1,0.8608380102423895,1
0,0.9961218492707217,0
0,0.981715368266173,0
0,0.9761041140741701,0
0,0.5301048685928769,0
0,0.9901873730984415,0
0,0.5860932413419733,0
1,0.7492118607574282,1
0,0.7945250360968019,0
0,0.9866952427157265,0
1,0.8306787768990658,1
1,0.84669253498146,1
0,0.9615399019114004,0
0,0.9393606985102735,0
0,0.7513135148181409,0
0,0.8269621883439942,1
1,0.9710614251613237,1
0,0.7759733970676194,0
0,0.6096513389205146,1
1,0.5499982281660485,0
0,0.9123932788542011,1
0,0.9805939316414406,0
1,0.7793511381754572,1
0,0.8698230466611405,0
1,0.6590238003169433,1
1,0.8867131521272733,1
1,0.9823664268514066,1
0,0.9998505238783407,0
1,0.9514997066354556,1
0,0.9887178653990505,0
1,0.8670169776192627,0
0,0.9455961595600678,0
0,0.9930489439544982,0
0,0.5293240241254873,1
1,0.9162282969311408,1
1,0.9952970172115688,1
0,0.9983730844254771,0
1,0.8863248285077028,0
1,0.9946032882306476,1
0,0.5295430737246096,0
0,0.8739518719505599,0
0,0.9998919633233453,0
1,0.6876613703302098,1
0,0.9976804066533533,0
0,0.9973111704768648,0
1,0.9992828083593362,1
0,0.9757650773860996,0
1,0.8947158906590844,1
1,0.9561613791539458,1
0,0.9949076731824774,0
1,0.9219288867508655,1
0,0.6040674185728214,0
0,0.5631376240796235,1
0,0.9906100416688739,0
0,0.6240690649343033,1
0,0.9179601912634681,0
1,0.7812187234597017,1
1,0.6314451747321413,0
1,0.8553533498300243,1
0,0.8616759295310685,0
0,0.6522747039147148,0
1,0.6991691025365483,1
1,0.8935469787916706,1
0,0.6978962358595786,0
0,0.9827336332077719,0
1,0.9988967541668411,1
0,0.5440303695242634,1
0,0.9896205167569314,0
0,0.9884619849181921,0
0,0.9525079593007978,0
0,0.8292876014816258,0
0,0.9617126162526988,0
0,0.9889922937500862,0
0,0.9988794303532804,0
0,0.9989867218905172,0
1,0.8961707004657798,1
0,0.8396751739336595,0
1,0.5968332781139483,0
1,0.508943098856351,1
0,0.9600883411148908,0
0,0.9891506842298823,0
0,0.7406206272610466,1
1,0.6719681656037045,1
0,0.9367852545318103,0
1,0.6244338053953691,1
1,0.6303092188259589,1
1,0.8086024572216958,1
1,0.5451918217673836,0
1,0.981459405217175,1
0,0.9626989889380985,0
0,0.9948516577256232,0
1,0.9834445423935566,1
1,0.9999456152167596,1
1,0.9608346618633626,1
1,0.8126194747243568,1
1,0.9962963863101015,1
0,0.9941171473499675,0
0,0.9977566479239198,0
1,0.6500001653783029,1
1,0.6876510089153662,0
0,0.9893458572763575,0
0,0.739771537198829,0
0,0.9606813194596104,0
0,0.9938019239501819,0
1,0.9949273005577364,1
1,0.9295169504709976,1
1,0.8299402016173135,1
0,0.9745511954786508,0
1,0.9970979055046572,1
1,0.8062896611850433,1
0,0.9524105261160389,0
0,0.991611704994559,0
1,0.9808529204714747,1
0,0.9980342604503691,0
0,0.9661425491602919,0
1,0.6488666253466963,1
1,0.7741438261661516,1
0,0.9929473541047916,0
0,0.8939093733490363,0
1,0.995346878352818,1
0,0.67689800042139,0
0,0.9981576337261816,0
1,0.5530629676748297,1
0,0.9742290488726179,0
0,0.9923265612322597,0
0,0.9913069809197648,0
0,0.9827322031194653,0
1,0.7708191625012121,0
1,0.9986197863671321,1
0,0.8965377992615051,0
0,0.9802337797247784,0
0,0.9376450641589824,0
1,0.762138799838194,1
1,0.6458050995451686,1
0,0.5234375513835623,0
1,0.6189315769657954,1
1,0.8989924162004239,1
0,0.9613276288879873,1
0,0.6894421762806293,0
1,0.7947411566438067,1
0,0.7084768926136105,0
0,0.9140247027844219,0
0,0.8793635802324908,0
0,0.9862646863108855,0
1,0.9960472810027533,1
1,0.9692121417399555,1
1,0.8490142751510146,1
1,0.97682846898411,1
0,0.9936416564098729,0
0,0.9763054088663476,0
1,0.9432213258018044,1
1,0.6284753391059984,1
1,0.5571690585729866,1
1,0.9896126097657371,1
0,0.9768930102917572,0
0,0.9695536872502595,0
1,0.9989245241356541,1
0,0.7068548599997494,0
1,0.9434874466354675,1
1,0.6463192944685651,0
0,0.9850544183247096,0
0,0.9724826395619974,0
1,0.5492315927477529,1
1,0.9944588035133074,1
1,0.5425511403218107,1
0,0.8860642434537267,0
0,0.8664676978875896,0
0,0.9985716173907107,0
1,0.8159093784713508,1
1,0.7672154239964376,1
0,0.7790733585444922,0
1,0.9759141345686587,1
1,0.5893630990700685,1
0,0.9894148117749552,0
0,0.5434920614146928,0
0,0.9823260931134291,0
1,0.5979150565009534,1
1,0.921737587677429,1
1,0.9574133639541542,1
1,0.5224445087131169,0
0,0.9839335952689499,0
1,0.5232258498538829,0
1,0.9952822976036979,1
1,0.7229927757784268,1
0,0.9987091196075022,0
1,0.9203460023114911,1
1,0.9144067252827335,1
1,0.9992453285376154,1
0,0.9987902601288263,0
0,0.5257312467111097,0
0,0.9144864354030662,0
0,0.7405540571476001,0
0,0.7890724143274132,0
0,0.9947545626165734,0
1,0.9827494630097576,1
0,0.56109225339532,0
0,0.7776311253191251,1
0,0.9907201503918014,0
0,0.9997112189782823,0
0,0.794220857371449,1
0,0.997859933586672,0
1,0.6279607689039417,1
0,0.7411171800015063,0
1,0.8572553766744976,1
1,0.6917150978471327,0
0,0.7949561080287655,0
0,0.765129319638173,0
0,0.8076365837350197,0
1,0.861720128473639,1
0,0.9876537599461782,0
1,0.7296934583333631,0
0,0.9558162454378892,0
1,0.630550600739716,0
0,0.9125954345296161,0
0,0.6387156792316381,0
0,0.9800766679870248,0
0,0.9554970281435323,0
1,0.8851664702065726,1
0,0.9944120948793457,0
1,0.9009483693705054,1
1,0.7553695838682093,1
0,0.6797800796487588,0
0,0.9991978624202168,0
1,0.992733874592117,1
0,0.8955569406271957,0
0,0.9376612022618519,0
1,0.9999946632880788,1
0,0.9894173689466004,1
1,0.8413305345981386,1
0,0.8886048365778626,0
1,0.8932574532989693,1
0,0.9246618899256536,0
0,0.733907516413663,1
1,0.9908724423922384,1
0,0.999204923762925,0
1,0.9293970451616428,1
1,0.6776863937027392,1
0,0.978994366315836,0
0,0.998040851334895,0
1,0.5211021679234039,1
1,0.8316665363011154,0
1,0.6210491949167368,1
0,0.9990037231770293,0
1,0.6099390157538941,0
0,0.8343775054524651,0
1,0.514090090689636,1
0,0.9752130812853983,0
1,0.8670562252546334,1
0,0.5914322872419617,0
0,0.9718232399639868,0
1,0.9996003747273138,1
0,0.7710293535024797,1
1,0.8436685395545839,1
1,0.9766783946366873,1
1,0.9813726908773296,1
0,0.7663424789817314,0
0,0.7886764797076332,1
1,0.9766861849342116,1
1,0.615540779792417,1
0,0.9962740477718652,0
0,0.768228638567381,0
0,0.9884863262313519,0
0,0.8663176730817272,0
1,0.8133723267555694,1
0,0.7881257883771271,0
1,0.6509956849780911,0
1,0.5670733500334292,1
1,0.8248231553447831,1
0,0.9986793238078023,0
0,0.542620873280816,1
1,0.7164419554514423,0
0,0.7825379870359067,0
1,0.5497392292988292,1
0,0.997063794706766,0
0,0.9556262716140465,0
1,0.8648586545964367,1
1,0.9885697243675917,1
0,0.5002438067734529,1
0,0.9917628439104855,0
1,0.8191115588752622,1
1,0.859485187265252,1
0,0.5308892464207067,0
1,0.7657577849650183,1
1,0.7018610483811195,1
1,0.875969499673639,1
0,0.6295140843124456,0
0,0.998437262962775,0
1,0.6178267257998676,1
0,0.9445507731847614,0
0,0.9754783745707495,0
0,0.6349427324995285,0
1,0.6721893373529338,1
0,0.9976425667466878,0
1,0.9264428326582104,1
1,0.9138447760350014,0
0,0.9997485446457571,0
1,0.9861099756207092,1
0,0.9997211515484605,0
1,0.5256507659231205,1
0,0.8278283480271178,0
0,0.8659934697100563,0
1,0.6319774239426599,0
1,0.6436039433559311,1
0,0.9947019594871018,0
0,0.9292800044320038,0
0,0.9959014194393384,0
1,0.7833024892945678,0
1,0.9480123038234026,1
0,0.5763817698572089,0
0,0.9963462145194348,0
0,0.6516580470936163,0
0,0.9894258907054697,0
1,0.7325932478061629,0
1,0.8113625966534557,1
1,0.7869907837327281,1
0,0.9403649457586774,0
1,0.8594611155618761,1
0,0.5944372709160999,1
0,0.9499617358611677,0
0,0.6485898016019938,0
1,0.9203513131689746,1
0,0.8015567911596937,0
1,0.9259049779898184,1
0,0.979893900254405,0
1,0.5155557855711375,1
0,0.8026121817540254,0
1,0.9453157065140577,1
0,0.8772582310140692,0
0,0.9938530196319132,0
0,0.9830649314991825,0
0,0.534144554267358,1
0,0.8473890279775116,0
0,0.9882733704674109,0
0,0.9940735137897095,0
1,0.8214405604010614,1
1,0.5588621784421338,1
0,0.9979109639980204,0
1,0.6412168237968365,1
1,0.9950326304974672,1
0,0.6235338024639698,0
1,0.57787739561454,1
0,0.9928278759006592,0
1,0.9999885239577182,1
1,0.6231626249342294,0
0,0.9094899065071232,0
0,0.989283824936879,0
1,0.696759623672734,0
1,0.9944121334358439,1
1,0.9689198065448973,1
1,0.6349189160712582,1
1,0.9592698736979213,1
1,0.6127120255083675,0
0,0.9900705518581289,0
0,0.6168337082911999,1
1,0.6827614782877929,1
1,0.7305443090393816,1
1,0.7338081471033544,1
0,0.948925925018234,0
0,0.9022565456760986,0
1,0.9860146776225083,1
0,0.9903729783209054,0
1,0.9821617122331683,1
1,0.8801788091265924,1
1,0.8951315398132856,1
1,0.8799332308159158,1
1,0.9595572034888724,0
1,0.8061804878500343,1
0,0.8814012136774132,0
1,0.9884689294069988,1
0,0.9995691953367275,0
0,0.7621291528158314,1
1,0.6476114237530466,1
1,0.805157684166372,1
0,0.875925775330392,0
0,0.977661899546327,0
0,0.8600105463292746,0
1,0.9930186019720496,1
1,0.9982375681823951,1
1,0.8954160374728212,1
0,0.8365587363923235,0
0,0.8928708497853185,1
1,0.7232896529995921,1
1,0.6165452130123061,1
1,0.9908131158975606,1
1,0.8674305914044735,1
1,0.9531254443537162,1
0,0.6838980959890142,0
0,0.9907985909524519,0
0,0.9383456516964772,0
1,0.6876616994630869,1
0,0.9038151294881813,0
1,0.7703756947739454,0
1,0.7061642933992779,0
1,0.6978040746783677,0
0,0.9992174144380114,0
0,0.8240332031885769,0
1,0.8418338766367865,1
0,0.553276857003824,0
0,0.7451868374013532,0
0,0.9172173879197955,0
1,0.9719852636300071,1
1,0.9746600947836395,1
1,0.9670652258206502,1
0,0.7561689183129003,1
1,0.7667053208393735,1
0,0.8835744168765871,0
0,0.7983445148552563,0
1,0.8351160350617561,1
0,0.7223651382551232,0
0,0.5283886702234584,0
0,0.9994687872843397,0
1,0.9815110495585779,1
1,0.7885724792550414,1
0,0.8480075170354485,1
1,0.9602204390596076,1
1,0.6328104495587065,1
0,0.6562497436856857,0
1,0.9915756328160565,1
0,0.9492102277798347,0
0,0.8933894198253536,0
1,0.7492952118163504,0
0,0.6962904243743715,0
0,0.9780738449713964,0
1,0.9902729048735915,1
0,0.9819558505830682,0
0,0.9993737074353557,0
1,0.793356597234596,1
1,0.8525144858526369,1
0,0.5904545674079751,1
0,0.998400253586638,0
1,0.8607770848849482,1
1,0.8353652509360913,1
1,0.9957104909754221,1
0,0.9957559702836224,0
0,0.9973569726208824,0
0,0.9970603681305461,0
0,0.785805863479685,0
0,0.8740923822827629,0
0,0.8766245401001413,0
0,0.9123378208107911,0
1,0.9992225643756374,1
1,0.7269238724763151,1
0,0.9682978918120495,0
0,0.8930586792718477,0
1,0.9852405378158553,1
0,0.7968122433700777,0
0,0.954480931004979,1
0,0.993253280953534,0
0,0.9998053986767919,0
1,0.9993387062297651,1
1,0.5518649694943354,1
1,0.9665996555517099,1
1,0.5698264317741732,0
0,0.904920388142092,0
1,0.8024055712621894,1
0,0.9340015188871565,0
0,0.7282750574021384,0
1,0.7639421708695161,0
0,0.9669532733210366,0
0,0.5127060145607919,0
1,0.9406162952959378,1
0,0.9999072510227535,0
0,0.6283001855886756,0
0,0.6962517845016837,0
1,0.7362817518146743,1
1,0.7654528708827778,1
1,0.9915975749651359,1
0,0.9234985523428569,0
1,0.9324357310761191,1
0,0.9335740326090765,0
0,0.912683042440344,0
1,0.939258138968203,1
1,0.9894561074040604,1
0,0.9170746431101426,0
1,0.9970328436487061,1
1,0.9834926027610414,1
1,0.8460151753817058,1
0,0.7344474052452574,0
0,0.8796264109798898,0
1,0.9969127622361384,1
1,0.7828053709551189,1
0,0.9564427369198867,0
0,0.9156849633933037,0
0,0.5551738701410822,0
0,0.977782079413062,0
0,0.9877120242537445,0
0,0.6111950337690086,0
1,0.99692754745024,1
1,0.8231761238966557,1
0,0.8891925266934757,0
0,0.89684710336213,0
0,0.9926185749374903,0
0,0.5425122271545157,1
1,0.9995236630567045,1
0,0.9706387668468002,0
1,0.5416302782234733,1
1,0.6179243385259399,1
1,0.9944994800307067,1
1,0.999399734061125,1
0,0.6860757668353932,0
1,0.7629787484743803,1
1,0.85828010780504,0
0,0.9995130418686983,0
1,0.9750413178147574,1
0,0.9966556785700853,0
0,0.8685128240248912,0
1,0.5953926268460041,0
0,0.8766160758827635,0
0,0.9871869904870716,0
1,0.9130274175665939,1
1,0.9904516316826373,1
0,0.996959273976734,0
0,0.8373320955490302,0
0,0.6863145184703141,0
1,0.9986923781919275,1
0,0.9977505580509178,0
1,0.8566505468396446,1
0,0.968863387327687,0
0,0.7146387563555622,1
0,0.8033472432793786,0
0,0.6165306001114332,1
0,0.9824279063438797,0
1,0.9782102505027402,1
1,0.9438904840689827,1
1,0.9587555906391371,1
0,0.8887704958952293,0
1,0.7457776705392815,1
1,0.94798836084494,1
1,0.9938367899932097,1
0,0.8664555861468517,0
0,0.9689531986364622,0
0,0.9192195893344608,0
0,0.9623098636651628,0
1,0.9496361424723413,1
1,0.848762924032197,1
1,0.831826762119482,1
0,0.9863802581052443,0
1,0.5344972854478578,0
1,0.8487119171244842,1
1,0.8035616425863509,1
0,0.5519909665396427,1
0,0.7963439387421931,0
0,0.9709885376344469,0
0,0.706639290107381,1
0,0.9016084500221575,0
1,0.7844062617151885,1
1,0.9952187144062152,1
0,0.9740781751515853,0
0,0.8750748249999771,0
1,0.6047482629168301,0
0,0.5656521339122191,0
0,0.7037683401914872,0
0,0.858790413462216,0
0,0.9935070606074431,0
0,0.6490801626682501,1
1,0.9968989458333217,1
0,0.9878779956900715,0
0,0.978123711993852,0
1,0.9916491284700432,1
1,0.6716446270068701,1
1,0.9536079289425907,1
1,0.9203961129249144,1
0,0.9232469655710376,0
1,0.9143758766288043,1
0,0.7987646466565683,0
0,0.9753749910039732,0
1,0.6355514712895148,1
0,0.9934206907421853,0
0,0.977085489223486,0
1,0.9419084176777426,1
1,0.9785078267433992,1
1,0.9385242337749383,1
0,0.9253009965747367,0
1,0.8686381953103878,1
1,0.9334214030935372,1
1,0.5882127201502471,1
1,0.8731833247566679,1
0,0.983289215461554,0
0,0.9906699114774147,0
0,0.9046548465612069,0
0,0.9868607157914274,0
1,0.504333027984391,1
1,0.826194611154535,1
1,0.7213528900536833,1
1,0.9498121825272753,1
1,0.9390214238466515,1
1,0.8663805092303369,1
1,0.8829867157103551,1
0,0.9963536604474591,0
1,0.6969462617075258,1
0,0.9672099550744243,0
0,0.992803661995659,0
0,0.7605338312039627,0
1,0.6613768317155037,1
0,0.9262486519961395,0
1,0.7826401993785954,1
0,0.921610624664696,0
1,0.6614127057096558,1
1,0.9761863640906704,1
1,0.9933045145438388,1
1,0.9667306279861863,1
0,0.9706984291474182,0
1,0.9654279014942639,1
0,0.9776382468619159,0
1,0.7128581568798357,1
1,0.6541462204172356,1
1,0.8828331116348664,1
1,0.6708529086360958,1
0,0.9978580352794211,0
0,0.998694702926569,0
1,0.9255222425811843,1
0,0.8183598929959708,0
1,0.6841016258529009,1
0,0.9269678189115037,0
0,0.8610629835550552,0
0,0.9994062258978815,0
0,0.8579750378222096,1
1,0.8951136904016391,1
0,0.9990422170906808,0
0,0.8978376527987597,0
0,0.855423372998143,0
1,0.9913252342385402,1
0,0.9190687119138401,0
1,0.989501777088618,1
1,0.5785879585834153,1
0,0.971448667346283,0
1,0.9966218590010162,1
0,0.5563774433004456,0
1,0.9351887102675102,1
0,0.8314819207273066,0
0,0.8861863551564062,0
1,0.9234212590966243,1
0,0.6079905755175442,0
0,0.9495800025307524,0
0,0.9891649230398046,0
0,0.8623424992354665,0
0,0.9738224816997271,0
0,0.6121222188520784,1
0,0.9635018075956061,0
0,0.9995612218423254,0
1,0.7775483200208139,1
0,0.9999050996182598,0
0,0.6120177208426176,1
0,0.9915126328962943,0
0,0.8858421875388395,0
0,0.935795512756801,0
0,0.9929976024843943,0
1,0.9980329073146033,1
1,0.9927908863882987,1
0,0.9753697059871262,0
1,0.5516195267705204,0
0,0.918082130258332,0
0,0.9550290777149126,0
1,0.9708199990324347,1
1,0.6867428201783401,1
1,0.7187380473419815,0
1,0.6313374640770747,1
0,0.9825248805304163,0
1,0.9040505833718234,1
1,0.5041098545806362,1
1,0.5337087157604522,1
1,0.940290562620766,1
0,0.9990424064696759,0
1,0.9700942825706202,1
1,0.9017284040767264,1
0,0.5029391632153802,0
1,0.8360354296266237,0
0,0.8807108670139491,0
1,0.8992729270590837,1
0,0.9998438200739302,0
1,0.9899351638124247,1
1,0.6445684700276552,0
0,0.5087315742604168,0
0,0.5235575864640989,0
1,0.8229664532307036,1
1,0.9143558939283991,1
0,0.9807521701088194,0
0,0.8470666835410454,0
1,0.9194059903135218,1
1,0.8041422697739344,1
1,0.9450171076624352,1
1,0.9246802837895498,1
0,0.990659253579775,0
0,0.9662496344207908,0
1,0.9452644159243511,1
0,0.9946313345066136,0
0,0.9849379734779038,0
1,0.6202368480712317,1
1,0.9649539007736493,1
1,0.6389356714862816,1
0,0.8017486618908941,0
1,0.8920767437819187,1
0,0.9105053926068982,0
0,0.982217719588139,0
0,0.9858481979578404,0
0,0.9569258497245756,0
1,0.9966662262880732,1
0,0.9542726251598349,0
0,0.5303529855616177,0
0,0.5525039763551789,1
0,0.5422937539756958,0
1,0.973163246010153,1
1,0.6803934332823034,1
0,0.8348564756324762,0
0,0.9777353428387923,0
0,0.9830133142469885,0
0,0.9137202237604405,0
1,0.9902768557719146,1
1,0.9527218140230225,1
1,0.9310496320159546,1
0,0.9818213315492225,0
0,0.6943741589554893,0
0,0.9892537739616363,0
1,0.9974913383412124,1
1,0.6031480649084714,0
0,0.9997083916561302,0
1,0.777683185424701,1
1,0.8155197043809657,1
1,0.9134400159914183,1
1,0.9472617324445264,1
0,0.9762216115008728,0
0,0.8232768544739606,0
1,0.8805390809350104,1
1,0.9979007042540682,1
0,0.9975881007884212,0
1,0.8602244101493389,1
0,0.6388088039165296,0
1,0.5355660231678809,1
1,0.7102003668868585,1
0,0.9954635088526742,0
0,0.9996315222531598,0
1,0.9933826911810991,1
1,0.745167703218943,1
1,0.9483922075560554,1
0,0.9613862619980548,0
1,0.6405497963920292,1
0,0.9994878416072848,0
0,0.9477441699862242,0
1,0.9933048086359252,1
0,0.8399036902616852,0
1,0.9553943687254679,1
0,0.9634579536789892,0
0,0.8844538163617868,0
0,0.9679597996476754,0
0,0.9458119666690809,0
0,0.9851495297330345,0
1,0.9939840646865885,1
0,0.8716505031658273,0
0,0.902792933584386,0
1,0.9993695929819246,1
1,0.8157469302572413,0
0,0.9529925116483856,0
1,0.6873863817583478,1
0,0.9830031917492196,0
1,0.9082014210439383,1
0,0.9099353173611617,0
0,0.5785554972304054,0
0,0.8732551497562279,0
0,0.9960250070347052,0
0,0.9778112138947792,0
0,0.8821433789691105,0
1,0.9849106406330482,1
1,0.8929714251760359,1
0,0.9053174843171684,0
1,0.7698036607448777,1
0,0.8363711718495731,0
1,0.8948866761249838,1
1,0.9831877219142884,1
1,0.993679328950476,1
0,0.9974334462927807,0
1,0.9883597567178966,1
0,0.8544746412096165,0
0,0.9750387157098641,0
1,0.944617775819465,1
1,0.5479217722943153,0
1,0.7767638895771657,1
0,0.9838329694643303,0
1,0.9245249005573697,1
0,0.8646487622064091,0
0,0.9999805537253579,0
0,0.9531988886589294,0
0,0.992127284528755,0
0,0.993586835425471,0
0,0.9563807324511933,0
0,0.9616858661255899,0
1,0.8043451854878552,1
0,0.5596840863058574,0
0,0.9607403747914012,0
0,0.890816326302845,0
1,0.5044552831185791,0
1,0.901721676072543,1
1,0.9667489174788152,1
0,0.9910870564781123,0
0,0.6851619122480131,0
0,0.999737898701304,0
1,0.9806282404707031,1
0,0.9909064730141074,0
1,0.9080692504047618,1
1,0.8893098712321287,1
0,0.7585135205554041,0
1,0.9276288520116506,1
1,0.9719593505485723,1
0,0.7410447813012901,0
1,0.9059620457841497,1
0,0.9970454226683059,1
1,0.9214411065841254,1
0,0.9871360943263886,0
0,0.9824538533666445,0
0,0.9797338197997044,0
0,0.9341680302103518,0
1,0.7150836664804655,1
1,0.6957618633972157,1
1,0.6123691051474663,1
1,0.6692559472843602,1
0,0.9988594497827088,0
0,0.9985013170244889,0
0,0.98878990247924,0
1,0.9331824216112619,1
1,0.9983622352593858,1
0,0.9995039307553437,0
1,0.9163209625040658,1
1,0.5192663354123883,0
1,0.7799648613353176,1
0,0.6920563857523101,0
1,0.8154772048444441,1
0,0.9548441546644475,0
0,0.9724312461309902,0
0,0.947751308509143,0
1,0.99981099476966,1
0,0.5619575462198035,1
1,0.9505146653632375,1
1,0.9539509548005046,1
1,0.9978340693354318,1
1,0.9968276271326222,1
1,0.7753104644964947,1
0,0.9702206222391572,0
1,0.9845327666070045,1
0,0.9968373670075976,0
1,0.5004923943180255,1
0,0.6287105417296671,1
1,0.9866472220766733,1
1,0.9224315622894561,1
1,0.5778877178501441,1
0,0.9661569764374159,0
1,0.999995768133898,1
0,0.998745028695517,0
0,0.9937403029082221,0
1,0.7615393245139991,1
0,0.6000486305642736,1
0,0.9824435912128779,0
1,0.6328735984261213,0
0,0.9918515744588863,0
0,0.6560973236605498,1
0,0.9650676585602517,0
0,0.9225647374969388,0
0,0.9949607195226038,0
0,0.9943395116586848,0
1,0.8984290399272395,1
1,0.6394258124933496,1
0,0.9426549959015462,0
1,0.699016625947055,1
1,0.9996219546518552,1
0,0.9516313371999429,0
1,0.5820319693023742,0
1,0.825714510897792,1
0,0.8983134131170509,0
0,0.8608565728529275,0
0,0.9999242583651825,0
1,0.774644627236218,1
1,0.6039239578285756,0
0,0.6868140255713047,1
0,0.5590667015221967,0
0,0.9969012618297747,0
0,0.9997088183020286,0
1,0.9062730953997444,1
1,0.9699117182593155,1
0,0.9962565916535497,0
0,0.9802038062453712,0
1,0.9959591995497545,1
1,0.6201405721901266,1
0,0.99355927198133,0
0,0.9890069315019752,0
0,0.6690812387937223,0
1,0.8967748008378216,1
1,0.6725614090532679,1
0,0.9944021076248808,0
0,0.8321575464001749,1
1,0.8911690204591002,1
1,0.9697526089401779,1
0,0.675140291570191,0
1,0.8979383802863168,1
0,0.9998277215861551,0
1,0.8140944829951956,1
0,0.559062546212028,1
0,0.9850031916845173,0
1,0.9930719440214051,1
0,0.996663880600306,0
0,0.9436181315380733,0
0,0.9933421394344952,0
1,0.8241008332001983,0
0,0.6964906997171558,0
0,0.9823231069504015,0
1,0.9836506218334151,1
0,0.9065766683668444,0
1,0.5825313604875283,1
1,0.986471084840927,1
1,0.8365236882569845,1
1,0.7774566936209051,1
1,0.9761306024300966,1
0,0.6218556932161416,0
0,0.9817708256833306,0
0,0.9785409881580571,0
0,0.9744726867230796,0
1,0.9350538249637427,1
1,0.8253000567568645,0
0,0.6637554961590815,0
0,0.9647770494586504,0
1,0.5744818610859284,1
1,0.9096814276533248,1
0,0.9443249296933852,0
1,0.7899172900822766,1
0,0.7442438201144387,0
1,0.8474073880042168,1
1,0.8134427331880176,1
0,0.981288855996279,0
0,0.6392814253578787,1
1,0.9815568287850766,1
1,0.7046195561589853,1
0,0.9973776169721009,0
0,0.8423447437014036,0
1,0.518471049324585,1
0,0.8339995641397377,0
1,0.6849865764980193,0
1,0.7497259160533853,1
1,0.9690143026650014,1
1,0.7423050540584801,1
0,0.965964757674069,0
1,0.7607478408015507,1
0,0.9901313045184411,0
1,0.500264387078402,1
0,0.7135360704014457,0
1,0.7884030478994094,0
0,0.5866305076661147,1
1,0.7000878369451548,1
0,0.6147104296753357,0
0,0.96974609864512,0
0,0.8722225034914899,0
0,0.6160683400484572,0
1,0.9283656671599926,1
0,0.8931126164289037,0
0,0.9785826170356393,0
1,0.9398358716603886,1
1,0.9280835602744927,1
1,0.958527744247802,1
0,0.9658418848544943,0
0,0.9648498906219328,0
0,0.991501957704756,0
1,0.5604638397043172,0
0,0.5939521295000827,0
0,0.7481483022525655,0
0,0.9899515258869733,0
0,0.965650478506999,0
1,0.6786457782997197,1
1,0.6872047348721185,1
0,0.5679425918679581,1
0,0.9950622585823865,0
0,0.9634653911039612,0
0,0.9940639967600968,0
1,0.9779517254340117,1
1,0.6127994888959601,1
0,0.9921757461959383,0
1,0.9481775732851014,1
0,0.9902637932056616,0
1,0.7843479085745219,1
0,0.645657488634454,0
0,0.915793900701358,0
0,0.968831067461293,0
0,0.8181408092301796,1
1,0.9038665876136657,1
1,0.981175968036495,1
0,0.9978346885281191,0
0,0.9153009372411957,0
1,0.6561018342565895,1
1,0.9507643781211145,1
1,0.9839077944258966,1
0,0.6958009573302606,0
1,0.9999567821488238,1
0,0.9010961742875704,0
1,0.9282310034341901,1
1,0.701799336359677,1
0,0.8870846146533676,0
0,0.9912791044789608,0
0,0.984111866859514,0
0,0.9818134343224016,0
1,0.9558232718667367,1
0,0.9626793582603174,0
0,0.9901751126835636,0
1,0.9363344403800893,1
1,0.9008510164786295,1
1,0.6829890611768022,1
0,0.9501491241396038,0
1,0.9881100264065843,1
0,0.9985396695170552,0
0,0.9811158052490262,0
0,0.9445705390778972,0
1,0.888606724218834,1
1,0.7966108588410187,1
0,0.9723979884315738,0
1,0.7540944690077571,1
1,0.7158052302692801,0
0,0.8655874013862144,0
1,0.9843869596252447,1
1,0.933344304629457,1
0,0.9847450523196933,0
1,0.60505033305712,1
0,0.9987687762845187,0
1,0.9121715940021735,1
0,0.9971052318374635,0
0,0.9632427745438141,0
1,0.9041573785479922,1
0,0.9391251223680281,0
0,0.5816500593020711,1
0,0.8247442731499989,0
1,0.9951857855225885,1
0,0.7872325451468264,0
1,0.9286771850024704,1
0,0.962412436505704,0
0,0.624773939654726,1
0,0.9953549886940662,0
0,0.8636310632358557,0
0,0.9685996215212828,0
1,0.9587287903381954,1
1,0.5363247786936163,1
0,0.6223712904246808,1
0,0.5101195551645101,0
1,0.8126406247387724,1
0,0.9810130093388929,0
1,0.7282267857502263,0
1,0.563412685329683,1
0,0.6367031113817052,0
0,0.7094295803356526,0
1,0.7398913215847107,0
0,0.9175951523992782,0
1,0.6342781620761683,1
1,0.8854832681406395,1
1,0.7224106562609198,1
1,0.9531575897703141,1
1,0.835246338132713,1
1,0.9097977309827608,1
1,0.8121255263340137,1
0,0.9304368302457366,0
0,0.983542420815643,0
1,0.8765427555209864,1
0,0.9991031464979436,0
1,0.9947019576458349,1
1,0.6822028304261152,1
0,0.998243866172541,0
0,0.9804667566892462,0
0,0.8984348925980674,0
0,0.5609862483549639,1
1,0.9283329527295469,1
0,0.5943276054649107,0
1,0.9722790115578692,1
1,0.9904144149681945,1
1,0.9434336992751001,1
1,0.9990118114902133,1
1,0.9669264725815174,1
1,0.9686540171116835,1
1,0.962299071168284,1
0,0.9850547425703199,0
1,0.7994410568102518,1
1,0.5829773570605052,0
0,0.9512296074536051,0
0,0.9732685541473082,0
1,0.7270648867177523,1
0,0.8783820443981212,0
0,0.6172142216877006,1
0,0.5165826349057872,1
1,0.5629422840316836,1
0,0.998092712515845,0
0,0.9762423749737977,0
1,0.7925087128215189,1
0,0.8120878736269106,0
0,0.7991073315886938,0
0,0.98463952884101,0
1,0.9641896824172665,1
0,0.9863229574621012,0
0,0.9983462803734,0
0,0.970568910358351,0
1,0.877079877637637,1
1,0.9192861181988629,1
0,0.9753524910775044,0
0,0.6076036503270834,0
0,0.9877663697918441,0
1,0.7163926535840722,1
0,0.5365326809916826,1
0,0.9762426711573564,0
0,0.9482243413922853,0
0,0.8561007043908103,0
1,0.6232649946990954,1
1,0.9888233636719148,1
1,0.9528162808259182,1
0,0.9957026500550882,0
0,0.929722315622149,1
0,0.9992841766759534,0
0,0.9960220879211039,0
0,0.9855691012004757,0
1,0.71701837148998,0
1,0.9948331115095079,1
1,0.7651030954245267,1
1,0.9103948818469881,1
1,0.9313145075695064,1
0,0.9414890075444691,0
1,0.9146843190646243,1
0,0.8230222748816169,0
1,0.5791593122103019,0
1,0.5201678083313426,1
0,0.5706823093481491,1
1,0.9942668638180051,1
0,0.8119141215939263,0
0,0.8473323681366066,0
0,0.9999237944245289,0
1,0.7556588408996284,1
1,0.8542099424226918,1
1,0.8316437735935309,1
0,0.5618527089151646,1
1,0.6449828182560798,1
1,0.9949705961709677,1
0,0.8707894537007497,0
0,0.8992922216283828,0
1,0.7778962506933977,1
1,0.6572188117087626,0
0,0.9895300285059412,0
0,0.7990327938024286,0
1,0.9696862251181744,1
1,0.9296752875526488,1
1,0.6232837978724634,0
1,0.9923333299201389,1
1,0.9194142531409276,1
1,0.6837124106730718,1
1,0.7989589777862692,1
1,0.5550009012615781,0
0,0.9991948330916174,0
0,0.771028511799297,0
0,0.9809315606783281,0
0,0.7667494648379539,0
1,0.9942563669177606,1
1,0.7833889753112951,0
0,0.6431065131377935,0
0,0.997555333967508,0
0,0.9857600094584587,0
0,0.5101748370596157,1
1,0.8621139963314484,1
1,0.9610120189904838,1
0,0.8078383009514839,0
0,0.999853121968442,0
0,0.7050697005493287,0
0,0.9870985680354665,0
0,0.9931591340085026,0
0,0.9991744874897628,0
0,0.7801459879336979,0
0,0.9861008080807123,0
0,0.996369197393317,0
1,0.7155755637564822,0
1,0.9866025964397029,1
0,0.6967593311666564,0
1,0.8077185350826969,1
1,0.5741001071890326,0
0,0.5832165953845538,1
1,0.5261820343753488,0
0,0.6186538660862394,0
1,0.8136693483703512,1
1,0.9907587885903715,1
1,0.9683426338454744,1
0,0.6896385691525997,1
0,0.8716776801414464,1
1,0.9922165332741608,1
1,0.9424771531411528,1
1,0.9815032718145213,1
0,0.9336433277206424,0
1,0.990900169666417,1
1,0.8111071262976103,1
1,0.663383187521661,1
1,0.5925758024655178,1
1,0.999259773334603,1
0,0.9936530940762925,0
1,0.702709496467679,1
0,0.6651572007730533,0
0,0.9210346438680606,0
1,0.547000707643089,1
0,0.9934147159288544,0
1,0.5909841692344372,1
1,0.9153434529099505,1
1,0.6648741206759916,1
0,0.97950173724461,0
1,0.967503360681815,1
1,0.8995353622769191,1
0,0.9961551120703654,0
0,0.5487124350408056,0
0,0.6249120864760571,0
0,0.9866993008723444,0
0,0.985445256696822,0
0,0.9883586848560635,0
0,0.6407786514521485,0
0,0.9688458851338654,0
0,0.9682029925098091,0
1,0.9494295769579785,1
1,0.997718951760532,1
1,0.9628662538893354,1
1,0.7130600576055255,1
1,0.7574783916196041,1
0,0.512710326365774,1
0,0.9949326294211078,0
1,0.8681633001885628,0
1,0.9790411218300559,1
1,0.6954623506992873,1
0,0.9788121886499627,0
1,0.7208742695061733,1
1,0.9494475597547933,1
1,0.9890693858330141,1
0,0.5363400853817724,1
0,0.995135358733131,0
1,0.5866468533688486,1
0,0.9909522210829211,0
0,0.9732617074583773,0
1,0.7634115178342762,1
1,0.7143556047734134,1
1,0.8485317323320264,1
0,0.7235907291070942,0
0,0.8988286554070498,0
0,0.9955759737846948,0
1,0.7352798600151743,1
0,0.9667513782077236,0
1,0.536336213766682,0
0,0.999396689600824,0
0,0.959915619838113,0
1,0.761531609797056,1
1,0.5329259819118264,1
0,0.5004999594604412,1
1,0.8800432371214567,1
1,0.5745976273289312,0
1,0.624722873744523,0
0,0.990099253348839,0
0,0.6142382140945765,0
0,0.8004111716081402,0
1,0.6886618774010701,0
0,0.9786360312853316,0
0,0.9246159457757938,0
1,0.9414996540787837,1
1,0.9944473839844528,1
0,0.6902525413871201,1
0,0.6755416372471782,0
1,0.6697553184391353,1
1,0.5665098507056403,1
1,0.9913804343958244,1
0,0.5136739825602008,0
0,0.9865036267077556,0
1,0.9507690167785614,1
1,0.9014447393309614,1
0,0.92670825998567,0
0,0.5632518617125175,0
1,0.7304508984056217,0
0,0.8764120679800114,1
1,0.9376615749187801,1
1,0.7589863254876515,1
0,0.9661773047302141,0
1,0.8145163042335422,0
0,0.8749059973874962,0
0,0.9564507621773065,0
0,0.8432092760595163,0
0,0.9279668328036947,0
0,0.9680205178571991,0
0,0.8332643522118862,0
0,0.5740522415394753,0
1,0.9785420698486215,1
0,0.9599091437319526,0
0,0.7339727702686516,0
1,0.8286034119517022,1
0,0.9986125536448259,0
1,0.994717361240125,1
1,0.8090682687416695,0
1,0.5859186604762487,1
0,0.9994082725839525,0
1,0.7662598436859576,1
0,0.9999760153570453,0
1,0.9989596725660171,1
0,0.9953989988792421,0
1,0.6117865890732872,1
0,0.995847731591615,0
0,0.9709874449973127,0
1,0.9996409559202103,1
1,0.8191528922831446,1
1,0.9762631880841157,1
0,0.9765116782303729,0
0,0.9707080061224945,0
0,0.9987219943078555,0
1,0.6353706841355999,1
1,0.7243049768347107,1
0,0.9609433131979058,0
0,0.7311326337170656,0
1,0.8749759811718447,1
0,0.9542466373383836,0
0,0.9837171319027392,0
0,0.9930284384571115,0
0,0.9953207044485589,0
1,0.5624792986951295,1
0,0.9726289169650453,0
0,0.9046188970693545,0
0,0.8946111132322905,0
1,0.9244843058249558,1
0,0.9120785657428624,0
1,0.9918252882736299,1
1,0.5881777243381798,1
1,0.876793620042945,1
1,0.6167766510991702,1
0,0.8838932232264617,0
0,0.6781755084928058,1
1,0.9699687732594316,1
0,0.9397509843634457,0
0,0.5820100205739349,0
0,0.555702102358242,1
0,0.5248315016322982,1
1,0.9217301222159655,1
1,0.7316287430598029,1
0,0.9850361851221293,0
0,0.6518423846377346,0
0,0.7372451674800402,0
1,0.6523025862312434,1
1,0.5805254249874885,1
0,0.9662091483976019,1
1,0.7189369965757799,1
1,0.8692927919467179,1
1,0.9618205672462118,1
0,0.9992270928239,0
1,0.9988140754174966,1
0,0.9959648410360881,0
1,0.6585731552691506,1
1,0.6531848697741048,0
0,0.9951612641027123,0
1,0.8726132107323652,1
0,0.9418273646266131,0
1,0.9967534131287833,1
1,0.7013844348866293,0
0,0.8875998700282135,0
1,0.6894016545048182,1
0,0.5743185642555648,0
1,0.8063804080105962,1
1,0.8444267688859896,1
1,0.9653591176788414,1
1,0.5408551953837288,1
1,0.6071802935353516,1
0,0.8180325506390693,0
1,0.8157561988759512,1
0,0.976023824903416,0
1,0.9119239274760181,1
0,0.927558689773836,0
1,0.9927329152488065,1
0,0.7614862617124489,0
0,0.9626512992520576,0
0,0.9967345718632914,0
0,0.9884312845729668,0
0,0.7683763549950671,0
1,0.6864434221043823,1
0,0.9644476249312585,0
0,0.9900335004499525,0
0,0.9600009539322735,0
0,0.8761772238032045,0
1,0.9564919098619227,1
0,0.9889222049667183,0
0,0.5711632647850524,1
1,0.9349455732410255,1
1,0.9038369957310458,1
1,0.5929542068222808,0
0,0.9256368694152635,0
0,0.9919705761114108,0
1,0.6302290708352903,0
1,0.6248134159764087,1
0,0.7639974659338019,1
1,0.9887282066722641,1
1,0.9337391007269316,1
0,0.9316512543643761,0
1,0.746006641826429,1
1,0.940736838307649,1
1,0.7230322653774403,1
0,0.567768965906959,0
1,0.941809792531299,1
0,0.6693383406503071,0
0,0.9657648121864799,0
0,0.9055374869235284,0
1,0.7616996149432071,1
0,0.9259334941996169,1
1,0.8584578022000409,1
0,0.9825450145277349,0
1,0.6839521351441119,0
1,0.9586489503963058,1
1,0.703275147802441,1
0,0.91306370810192,0
0,0.9464221728908642,0
0,0.730182807701502,0
0,0.9948908068348148,0
0,0.7498157236147361,0
0,0.7852343177940073,1
0,0.9801174712560294,0
0,0.7526000830133095,0
1,0.6083758897560928,1
1,0.744991279208689,1
1,0.9777340320526778,1
1,0.7515551682616483,1
1,0.998962270667954,1
1,0.9677021921860653,1
1,0.8958032365817046,1
1,0.9268760480100958,1
0,0.9916547362266147,0
1,0.7908630969543883,1
0,0.970484575015219,0
0,0.9528467586679671,0
0,0.9833642496010748,0
1,0.9779287041909666,1
0,0.8483775431226561,0
0,0.7675146735638729,0
1,0.999192885009736,1
1,0.8970671546388311,1
0,0.9723375675492916,0
0,0.9760797001931204,0
1,0.7729461459876008,1
0,0.9000202230184454,0
0,0.9239404718317008,0
1,0.7742478233457356,1
0,0.9649304960030332,0
0,0.8884301417514693,0
0,0.866629873591972,0
0,0.9174231473977348,0
0,0.979641702282354,0
0,0.5631762577486348,0
0,0.9908233665321443,0
0,0.9997705162901003,0
1,0.6209642069693313,1
0,0.9530206673653,0
1,0.9668953258568485,1
0,0.9736330243922519,0
0,0.9805490913746541,0
0,0.9924961939119669,0
0,0.7232571317753179,0
1,0.9877244597601695,1
1,0.9932487159229672,1
1,0.5471678112241075,0
0,0.8810267735395441,0
1,0.9066918744315902,1
0,0.7396393062467372,0
0,0.7366963874915394,0
0,0.8738770552042656,0
1,0.8819728859391328,1
0,0.9282691596049645,0
1,0.7063272052239709,1
1,0.7583460968168855,1
0,0.5488340697590787,1
1,0.9669461362505001,1
1,0.7847737918291426,1
1,0.9832618650786724,1
1,0.9875494930097457,1
1,0.9530341356588855,1
0,0.5267970045220963,1
1,0.5563108958572867,1
0,0.8309594125193547,0
0,0.970230020628581,0
0,0.9713995096883048,0
0,0.8010393369732569,0
0,0.9986800266738793,0
1,0.720052331364622,1
0,0.9335714283690273,0
1,0.7142438927033116,1
0,0.9608800449992236,0
1,0.7831276272616745,1
1,0.9871635030844594,1
1,0.9432540245111859,1
0,0.734252409688283,0
0,0.5297939527595941,0
1,0.9505989777022408,1
0,0.9932520961349733,0
0,0.7867260856632871,0
0,0.8210618766919676,0
1,0.9571393282120418,1
1,0.9768910475694648,1
0,0.7921068115453755,0
1,0.8684941820601669,1
1,0.7462967222691697,1
0,0.6748430977187652,0
1,0.9391437933660987,1
1,0.9076011081330465,1
1,0.8283775316192163,1
1,0.8861088139633022,1
1,0.9090719442580124,1
0,0.9962932916113535,0
1,0.9953853068337314,1
0,0.9746896976224226,0
1,0.9990873428162985,1
0,0.6053321376893415,0
1,0.8183578930628573,1
0,0.7455755411495489,0
1,0.8958176470685575,1
0,0.9687415458247046,0
0,0.994885897118433,0
1,0.6201863150400567,1
0,0.915780433369916,0
1,0.9972818822744568,1
0,0.9828867255388803,0
0,0.7102579329135853,1
0,0.6474643151109873,1
1,0.7144829545700365,1
1,0.930525097242818,1
0,0.9959517418913251,0
1,0.6288737303729648,1
0,0.7468984412888531,0
0,0.8009753491294281,0
0,0.6610422312637267,0
1,0.959951993769474,1
1,0.5166343790293723,0
0,0.9934536921255046,0
1,0.8983333599629109,1
0,0.6488566119578432,1
1,0.5306660022797562,0
0,0.7548342626285149,0
0,0.5861250590987226,1
1,0.9984878622216486,1
0,0.9949817143837669,0
1,0.662397663327315,1
0,0.9605373163325064,0
0,0.8663810867793666,0
0,0.9920704566263276,0
0,0.6070728584886916,1
0,0.8643147948216531,0
1,0.9285971157430034,1
1,0.8855405502380747,1
1,0.6298836192316374,1
1,0.9994344697286157,1
1,0.9837479285836592,1
0,0.9418740087517437,0
1,0.7694689726890398,1
1,0.95869226512614,1
0,0.9712993538146193,0
1,0.7769956191912738,1
0,0.946066298245162,0
1,0.9146295864550895,1
1,0.9516793150718775,1
0,0.7459169535335433,0
1,0.951731566977706,1
1,0.8995426311692685,1
0,0.8713428327616641,0
1,0.9250301947000296,1
0,0.8268111797249236,0
0,0.7352266649702288,0
0,0.963917135717911,0
0,0.5249016896505478,1
1,0.6730420732561367,1
0,0.9932859962086362,0
1,0.9634276129074533,1
1,0.924656803061997,1
0,0.8920148102516815,0
0,0.7043152974437445,0
1,0.9924146994734957,1
0,0.9951244555855019,0
1,0.9454373054912684,1
0,0.5538767374518101,1
1,0.6760530516066933,1
0,0.9650369232176154,0
0,0.5332939215522632,0
0,0.6180387714897118,0
0,0.7251334589490321,1
1,0.563787959997081,1
0,0.7487184943961271,0
1,0.7509419714739216,0
0,0.9964240057359883,0
1,0.9392367769463557,1
1,0.8186106126776999,1
0,0.9679624968531085,0
0,0.936377435432562,0
1,0.9951880068528791,1
0,0.7083334928766835,0
1,0.9966564071447982,1
0,0.9949024807585733,0
0,0.7169120547260617,0
0,0.899459463915337,0
0,0.9411752362013417,0
1,0.7889014648294235,1
0,0.746516651732583,0
0,0.9938402695527931,0
0,0.5475313919070444,0
1,0.7491878938621623,1
1,0.5977446349108975,1
0,0.9426056841922175,0
0,0.6614095594838625,1
0,0.7660498991803475,0
0,0.7468014488825241,1
0,0.9051354805626852,0
1,0.7849717744819047,1
0,0.894139508497767,0
1,0.8631255822164884,1
1,0.7398553006120966,0
0,0.9994239946351233,0
1,0.8104606208659526,1
1,0.6965335471656564,0
1,0.7492647960646535,1
1,0.7730230494314729,1
1,0.7901892610102494,1
0,0.96805877367142,0
0,0.8984466479262788,0
1,0.9972975228499753,1
1,0.6097147380253937,1
0,0.9998663424992796,0
0,0.9249264068922063,0
0,0.9653768667312608,0
1,0.6195352712606061,0
0,0.9973705319324987,0
0,0.6299383801311992,0
1,0.5465521183782384,1
1,0.6109484307827444,1
0,0.7602994918487586,0
1,0.7468781410521935,1
0,0.5522860122314911,1
1,0.6721248004587919,1
1,0.9588377728336229,1
0,0.9867032102050356,0
1,1.0,1
1,0.8543076870451131,1
0,0.950541313849191,0
1,0.9906329990279868,1
0,0.6951789568656201,0
1,0.9935443647129277,1
0,0.9951092484107036,0
1,0.9285361733382224,1
0,0.6407006783958114,1
0,0.9968990507250322,0
1,0.7380065007025742,1
0,0.9658241279506588,0
1,0.8082706147076532,1
1,0.9711595528572468,1
1,0.7483211198367352,1
1,0.5051070305362241,0
1,0.5964644277261394,0
0,0.7398667454815897,0
1,0.8930819435961556,1
1,0.7067852798607754,1
1,0.8090655632170067,1
1,0.9863927358007122,1
0,0.9325770447169807,0
1,0.5708627111526271,1
0,0.9952226828139453,0
0,0.6432507927559461,0
1,0.8961492696405815,1
0,0.9869187755271999,0
1,0.57313141892425,1
0,0.9928859783624829,0
1,0.6169378456074034,0
1,0.5348408715593523,1
1,0.9791698319659242,1
1,0.6997923693089523,1
1,0.7125217857913457,1
0,0.9766649884217639,0
0,0.6921889341965599,1
0,0.9956518919571816,0
1,0.919782962533738,1
1,0.6294964857064484,0
0,0.6858694203877391,1
0,0.9903828677710046,0
1,0.9985940394550396,1
0,0.9837824754886678,0
1,0.9616059760538765,1
1,0.8172693931373913,1
0,0.661639209410545,1
0,0.9486531609241412,0
0,0.9630930707602219,0
0,0.6731359594034453,0
1,0.9936536957011614,1
1,0.8932588271797361,1
1,0.9768017079783881,1
0,0.9973495222117555,0
1,0.8570233407821747,1
1,0.8188440000878108,1
0,0.99931316894491,0
1,0.7719359261618206,1
1,0.8367331891848993,1
1,0.9624750983721013,1
1,0.8476482226688895,1
1,0.816408720629113,1
1,0.6748046621448123,1
0,0.9874478352622925,0
1,0.9882349164762025,1
1,0.6953634449546912,1
1,0.5146131196014633,0
0,0.5529823176944305,0
1,0.7797050082638035,0
1,0.9006739734090541,1
1,0.6890014274813747,1
1,0.795225819054107,1
0,0.602396216072252,1
0,0.9832638300719837,0
0,0.8228245728180839,0
1,0.8199046420733623,1
0,0.9996417816952412,0
0,0.9985701481257537,0
1,0.8056729338232758,1
0,0.7300848836716423,1
0,0.8035967577516449,0
1,0.8839687045550834,1
0,0.999464428646841,0
1,0.7927783005482967,1
0,0.9529116887461079,0
0,0.7825758686804553,0
1,0.7820236185315709,1
0,0.5596374932394168,0
1,0.9442143541056863,1
1,0.8997258183480517,1
0,0.9999582261791894,0
1,0.5122676154042738,1
1,0.7643919464777699,1
1,0.8881116264926534,1
1,0.8695981275263411,1
0,0.623821092354258,1
0,0.5177940751441729,1
0,0.9973872648539747,0
0,0.9879476508441707,0
0,0.9853381575354381,0
0,0.9997338921569079,0
0,0.9272222410649426,0
1,0.9583133426391244,1
1,0.7814239981744079,1
0,0.9713382005680852,0
0,0.9412060125646114,0
1,0.9986880501976231,1
0,0.9802058843327678,0
1,0.9113542695384271,1
1,0.8212541949228277,1
1,0.8342062285642137,1
0,0.9987873143748542,0
1,0.9995925453852645,1
1,0.881798590303354,1
1,0.6479509427102604,1
0,0.9999881585818827,0
0,0.8663119194267771,0
1,0.874607651322172,1
1,0.5229838131897884,1
1,0.9065703780858418,1
0,0.9874492635500679,0
0,0.7233928500653841,0
1,0.5141983137254841,1
0,0.9858838587126213,0
0,0.9849654670015867,0
0,0.5327552924158436,1
1,0.6485071457322173,1
0,0.9179772011199503,0
0,0.7227067490393634,0
0,0.9838165611622497,0
1,0.9698103789954416,1
1,0.956517996618734,1
1,0.8408315956477788,0
0,0.7706952777781267,0
0,0.9950238504238664,0
0,0.8394939866462046,0
1,0.8205789799641913,1
0,0.8520143770594902,0
1,0.9919570112539483,1
0,0.9742059702301227,0
0,0.8283344223418196,0
0,0.8803939537594107,0
1,0.5271276689758109,1
1,0.7520468869381177,1
0,0.8881586497128385,0
1,0.9648652285088278,1
0,0.5659977785874922,1
0,0.9580762747824568,0
0,0.7916479845464062,0
1,0.8101359029072687,1
0,0.9578319847643295,0
1,0.7762478927804422,0
1,0.8989283581040086,1
0,0.9990029801750845,0
0,0.9825191128234458,0
0,0.709656172403499,0
0,0.6118463990113783,0
1,0.8847581632232627,1
0,0.565267046857772,0
0,0.9866387810658335,0
1,0.7499755567953751,1
0,0.9476231373025891,0
0,0.9678509840090718,0
0,0.7969510831418407,0
1,0.9948694438428513,1
0,0.7485992290514158,1
1,0.6024893365998746,1
0,0.8885766896797592,1
0,0.9402078177876364,0
1,0.9975400460199184,1
1,0.9867453819639167,1
0,0.6639616899118753,0
1,0.5926933600212723,1
0,0.633374136758394,1
1,0.8050298502585805,0
0,0.7436589514104196,0
0,0.9960853448761186,0
0,0.6258207816864149,1
1,0.9904655960013187,1
0,0.5766943882124662,1
0,0.930537938057385,0
0,0.928064567321022,0
1,0.9366348708015227,1
1,0.9093355748382081,1
0,0.9521885572460511,0
1,0.9539928002305721,1
0,0.728658263107143,0
0,0.9814917365898748,0
1,0.9980330817021198,1
1,0.9794077210881308,1
0,0.7645291804566428,0
1,0.76768058788743,1
1,0.5575170449589847,1
0,0.9961529325238712,0
0,0.9755720735199879,0
0,0.9822548234861349,0
0,0.9577046990661159,0
1,0.8186574448877726,1
0,0.9820585678871566,0
1,0.9836854577569865,1
1,0.8466034558840003,1
0,0.9954768444160331,0
0,0.7571192707124353,0
0,0.941907162471387,0
1,0.6711500143038401,1
1,0.9449517839233669,1
0,0.9997601899825602,0
0,0.9853868145942553,0
0,0.9919502929662073,0
1,0.7336586488000073,1
1,0.9690793549440532,1
0,0.5400938123246557,1
0,0.8577203420362551,0
0,0.9756033042891076,0
1,0.5826022066905456,0
0,0.5498838834244535,1
1,0.910475768432631,0
0,0.9497859604876194,0
0,0.9606363402645112,0
0,0.8046111894220627,0
0,0.9709035366902852,0
0,0.9327531492950912,0
0,0.9996071371614501,0
0,0.898376951400029,0
0,0.9648025345341844,0
0,0.9490826693117229,0
1,0.9785625582757154,1
0,0.9939829254991142,0
0,0.9699994707558958,0
1,0.8312394056347147,1
1,0.9862626067358032,1
0,0.9087378555444932,0
0,0.9903368120338761,0
0,0.8039369659701273,0
0,0.7275037575464007,1
0,0.842233612676922,0
1,0.7366129474337507,1
0,0.5194198947984108,1
1,0.9507936289237683,1
1,0.8808303109907453,1
1,0.9643054554872718,1
1,0.559087344032872,0
0,0.6357783055664171,0
0,0.9915874224537196,0
1,0.9274173462402716,1
0,0.9810199889117511,0
1,0.5589977789824004,0
0,0.8698436922953692,0
1,0.8946854753567451,1
1,0.5426881684996294,1
0,0.7634147995926681,0
1,0.8615825942359001,0
1,0.609484179138349,1
0,0.8740592322083665,0
1,0.5974092488446762,1
1,0.9719758659724823,1
0,0.9997086697303372,0
0,0.6951701050039059,1
0,0.9657206403000305,0
1,0.9003420750008376,1
1,0.879740107392577,1
0,0.9800370792791482,0
1,0.8895153936658833,1
1,0.9964664604129362,1
0,0.9051060382891645,0
0,0.9829672653880751,0
0,0.8967123264310186,0
1,0.6390084851763955,0
1,0.8207996856941742,1
1,0.7235393594494567,1
1,0.9598567230614105,1
1,0.8720048913586638,1
0,0.9072321469812789,0
0,0.9997122786794185,0
1,0.9862728380262294,1
1,0.8777537335856912,1
1,0.9815505813714867,1
0,0.6255217070278678,1
1,0.9923198857474477,1
0,0.6571546000164701,1
1,0.9875905499737729,1
1,0.9916857398488961,1
0,0.8204249547833535,0
0,0.9994769746685923,0
0,0.9975016883193885,0
0,0.8981892112517721,0
0,0.6198421782322577,0
0,0.9926286730111729,0
0,0.6923738300322866,1
0,0.9661361050083374,0
1,0.9942759718029863,1
0,0.9976852032761403,0
1,0.9835299047491144,1
1,0.661801304999962,1
0,0.980755953389143,0
1,0.9870734087911334,1
1,0.9995313197950719,1
0,0.8165959983619124,0
1,0.5178920820040612,1
0,0.7061000104243538,1
0,0.9981299595163382,0
1,0.823806906675713,1
0,0.9996211769874729,0
1,0.8369154493686717,1
0,0.7191905717750209,0
0,0.6689819720436582,0
0,0.7439864901425496,0
1,0.9213080560700171,1
1,0.9818964219927799,1
0,0.8730631792076609,0
1,0.9938665171665719,1
1,0.7374051807422459,1
1,0.6446381745306204,1
0,0.9936819728459648,0
1,0.9687444801916649,1
1,0.6483048214014897,1
0,0.923527982011846,0
1,0.839214991410026,1
1,0.9200985931839049,1
1,0.7025142117508396,1
1,0.9957526560109475,1
0,0.9998100722524238,0
1,0.9838621448273411,1
1,0.8476361573562814,1
0,0.7261493665234353,1
1,0.6220816582196328,0
0,0.8452027076809377,0
0,0.6867700002301556,1
1,0.9772754589364449,1
1,0.9213343095245577,1
0,0.9153640541982179,1
1,0.879246654482285,1
1,0.6610033160209964,1
0,0.8686217193023713,0
0,0.9979289505420476,0
0,0.8221629481046147,0
0,0.9972137395270252,0
0,0.639927353144337,0
1,0.6322232617613506,1
0,0.8182177538522108,0
1,0.7514234077357468,1
1,0.9898475000275542,1
0,0.998627870900561,0
0,0.6208904947247338,0
1,0.931200534061632,1
0,0.9995948013027811,0
1,0.9665272251944309,1
1,0.9351557166400722,1
1,0.9963840915611901,1
0,0.9605401270552562,0
0,0.7492222422802141,0
0,0.5048677380042688,0
0,0.9438928264626343,0
1,0.8888887910407944,1
0,0.9706829008291523,0
0,0.5357672637129502,1
1,0.9825542317409813,1
0,0.8032001830676148,0
0,0.9999509856016949,0
1,0.8979535966451435,1
1,0.5214124574336718,1
1,0.9936184364243297,1
1,0.7597545787525841,1
1,0.6626152852144426,1
0,0.8109897370556609,0
1,0.5880520144776201,1
0,0.9820787883113054,0
1,0.8959222078851728,1
0,0.5813992053166255,1
0,0.8094183626885684,0
0,0.9464343307594766,0
1,0.7569176309817217,1
1,0.9997360875245185,1
0,0.6871594997556529,0
1,0.787987672882278,1
0,0.7922855655949959,0
0,0.7524946346718894,1
0,0.9294118366775971,0
0,0.5805677482063627,1
1,0.8778289851804153,1
1,0.9886695294550438,1
1,0.9606647407041089,1
0,0.9619765477690325,0
1,0.7274807294975908,1
1,0.9083363838172461,1
1,0.7078615798583552,1
1,0.9623981423902002,1
1,0.9451940795249965,1
0,0.7045852768996583,0
1,0.7046068506837146,0
0,0.6960485650696665,0
0,0.5864659503907732,0
0,0.7805000082418899,0
0,0.9708736059992213,0
0,0.8887212908627234,0
0,0.9878778487994447,0
0,0.897035595266789,0
0,0.9966531429078663,0
1,0.9236372363697664,1
0,0.9987599623930049,0
0,0.8192031497910661,0
1,0.6063706723214917,1
1,0.985545743628103,1
0,0.9669028244010738,0
1,0.9342465062265777,1
1,0.8531197165542439,1
0,0.8271318248877871,0
0,0.9980406111551625,0
0,0.9905022746300728,0
0,0.7774875489503265,0
0,0.5928778228341096,1
1,0.7091845300551446,0
0,0.9991038032284165,0
1,0.8443655548222626,1
0,0.9998772166585858,0
1,0.7296545762846843,1
1,0.9921675478390479,1
0,0.992732486973124,0
1,0.9577690035505781,1
0,0.9748574317597863,0
1,0.6410253781374834,1
0,0.6154300228744521,1
1,0.9123529814175712,1
0,0.7617080260688907,0
1,0.9596445049196856,1
0,0.9266524236368912,0
1,0.8607648319005746,1
0,0.970012483427532,0
1,0.6491964421656469,1
1,0.6302894412869822,0
0,0.7000325042345859,0
0,0.9789715159784257,0
1,0.9129932170047548,1
1,0.9841771389802981,1
1,0.778673076361412,1
0,0.9147966168413391,0
0,0.6703193886848029,1
0,0.9998002766871044,0
1,0.971964099012851,1
0,0.9492683842831924,0
0,0.6526401693872204,0
0,0.9951890332235762,0
1,0.5897747958399581,1
0,0.9594026776925133,0
1,0.6383388245615925,1
0,0.5828212513803268,1
0,0.6266425741777115,0
0,0.9635861125516195,0
0,0.9895913125002064,0
0,0.9928104716649959,0
0,0.997791378145169,0
1,0.6279975568338487,1
0,0.8955427280223665,0
1,0.7075917782424301,0
0,0.7974104319856035,0
0,0.956114076106416,0
0,0.9323161425757724,0
1,0.6831690169634341,0
1,0.9809000722028581,1
1,0.9888461351711585,1
1,0.9889806108671454,1
0,0.9756997360203729,0
0,0.9859017938719076,0
0,0.8286975772729588,0
1,0.516935357159658,0
0,0.7852149764462204,0
0,0.5950261583258585,0
1,0.8991853592610841,1
1,0.5465191214415439,1
0,0.7659294036757609,0
1,0.812470575824828,1
0,0.835662642071479,0
0,0.7733057690253025,0
0,0.9055296335306161,0
0,0.9940657382450416,0
1,0.9985064184727782,1
1,0.9598785542377506,1
0,0.77768851822212,0
0,0.9988310585404131,0
0,0.7034808689382364,0
1,0.8408211164167072,1
0,0.5756276643267,1
1,0.7043287353776694,1
1,0.9950990990803691,1
0,0.791709966232451,0
1,0.9039020298659056,1
0,0.9544012857990926,0
1,0.846562604646535,1
1,0.5766105481001965,0
0,0.5624838546967643,0
1,0.9884359986141196,1
1,0.9775153898301021,1
0,0.9800301354251248,0
1,0.9992665650020299,1
1,0.6514381830814766,1
1,0.9996502734992606,1
1,0.9387900257498333,1
0,0.777778864166421,0
0,0.6701497787657229,0
1,0.8941312241529477,1
0,0.5365495509927789,0
1,0.6110395003595483,0
1,0.5774823607789619,1
1,0.954175889815489,1
1,0.7697129286759481,1
1,0.6631203851054557,1
0,0.9880866668168234,0
0,0.8316340226343885,0
1,0.6743898811831966,1
1,0.8492081433858335,1
0,0.9399661341959926,0
0,0.9625951933766612,0
0,0.9731426588469877,0
0,0.6996193029010824,0
0,0.9933282029468086,0
1,0.8226405572450218,1
0,0.9554028978364235,0
0,0.9852786936876947,0
0,0.9461288299504256,1
0,0.7661123514339034,0
1,0.993310235815588,1
1,0.7666082377814938,0
0,0.9954858780197422,0
0,0.672189549916012,0
0,0.9100388772801378,0
1,0.8302915697539115,1
1,0.6426047637289901,1
1,0.9894788506330934,1
0,0.9965348783825706,0
1,0.9959279116568003,1
0,0.9996121828824921,0
1,0.9640060507442701,1
0,0.9842760460765492,0
0,0.9999426228367151,0
1,0.7845092946687796,1
0,0.9968851793817937,0
1,0.8401679594106874,1
1,0.5725924758832892,0
0,0.9888216031909367,0
0,0.9866141669079506,0
0,0.9122814783850582,0
1,0.9534620029762848,1
0,0.8690001121587296,0
0,0.9407075675825632,0
1,0.9822514600547855,1
0,0.93902150554832,0
0,0.9482940514542556,0
1,0.9290948176679061,1
0,0.9307007634018418,0
0,0.8559685946903902,0
0,0.9921889091284074,0
0,0.8599578646727504,0
1,0.5179971967565717,1
1,0.7420288904432312,1
1,0.9620207399003433,1
1,0.8731844287909057,1
0,0.6876087759781784,0
0,0.5933852340032015,1
0,0.9953090233436326,0
1,0.8903199168731831,1
1,0.9770355940048703,1
0,0.8250412930929595,0
0,0.9932285281338255,0
1,0.9757928035637423,1
1,0.8611357794547746,1
1,0.7260827577350865,1
0,0.5819401926582337,1
1,0.9103200387373948,1
1,0.854662999547203,1
0,0.910195837478711,0
1,0.716374559413076,1
0,0.9405046359461775,0
1,0.9709031629798539,1
1,0.9346159469537807,1
0,0.9986728029963402,0
1,0.9070171254750106,1
0,0.8668641543070941,0
1,0.9729350697900634,1
1,0.6544453254903128,1
0,0.9060597257851422,0
1,0.9933148470424197,1
1,0.6742435299382264,1
0,0.9389049522183361,0
0,0.9981051962591155,0
0,0.8724635320508269,0
0,0.9996297371374699,0
1,0.5584776008321859,1
1,0.9862437602639462,1
0,0.9822062993106492,0
0,0.5429547483968576,1
0,0.8188151259172964,0
0,0.6559546027210671,1
0,0.6848350800111136,0
0,0.9710539049897757,0
1,0.8905776776385756,1
1,0.8342954796070542,1
0,0.8668265069952297,0
0,0.9962910265539193,0
0,0.9687791837407648,0
1,0.8663902509916693,1
1,0.9093475956810888,1
0,0.9258478243124497,0
0,0.9327912693428346,0
0,0.6739034487114234,0
1,0.9766566006809538,1
0,0.9779492060790761,0
0,0.772624457090272,0
1,0.9646774482293891,1
1,0.779486958464219,1
0,0.9571347125836114,0
1,0.5292229631134143,1
0,0.7772264898806789,1
0,0.8481783237990927,0
1,0.9898581299835112,1
0,0.9979115366187946,0
1,0.7485650343768099,1
0,0.9903574375735275,0
0,0.9929454716085847,0
1,0.7092325503754678,0
1,0.5528715592249779,0
0,0.9833428285956767,0
0,0.8630065272763573,0
0,0.6825665120325219,0
0,0.9975882857087717,0
1,0.8068667313840383,0
1,0.8864019802313802,1
0,0.9669431172700051,0
1,0.9952690872089773,1
1,0.9996775052424096,1
1,0.8702340056777549,1
0,0.8214088335510897,1
0,0.9426144891856203,0
1,0.8783463358547219,1
0,0.9998894843685524,0
0,0.9073562150527472,0
1,0.7770170887132387,1
1,0.8560944634401021,1
0,0.9880379788431133,0
0,0.8711151284552975,0
1,0.9577970909117139,1
1,0.9079048527288237,1
1,0.9325055711876731,1
0,0.842829293265387,0
1,0.7018980868098043,0
0,0.7520434080107966,0
1,0.9689853555870003,1
1,0.542179498408436,0
0,0.7424051329581659,0
1,0.9998532064139438,1
1,0.7245211930535914,1
1,0.9675576052909775,1
0,0.8776734935994379,0
1,0.9203277954710213,1
1,0.7548973263136436,0
0,0.9926645835723589,0
0,0.9276576844348589,0
1,0.6902057915115648,1
1,0.6355951255700201,1
1,0.9458893581867184,1
0,0.999677575321718,0
1,0.6106308572326501,0
1,0.9291238155763153,1
1,0.9990104433429847,1
0,0.8629853153636989,0
0,0.9366988792358939,0
1,0.6384192465663485,1
0,0.5405428202520495,0
0,0.6960670511653291,1
0,0.6821105288420442,0
0,0.9779823682028043,0
1,0.761470210291352,1
1,0.6297671111503224,1
0,0.6933900347289791,1
1,0.6602740918478657,1
0,0.999951865056625,0
1,0.5509398834983206,1
1,0.7044076994483541,1
0,0.999999893754575,0
1,0.8111306749200121,1
1,0.7047611842639652,0
0,0.735094427198651,0
0,0.9454328878208809,0
1,0.9011408807375175,1
1,0.8538145812419984,1
1,0.9359872691327746,1
1,0.9437503768021338,1
1,0.6105902012442276,1
0,0.9748152924338747,0
1,0.9838415828907283,1
0,0.980344625209409,0
1,0.7964852944381783,1
0,0.9718201791576427,0
0,0.9581062669750011,0
0,0.7172347226387955,0
1,0.6230831732905227,1
1,0.999763747412748,1
1,0.7167120963716661,1
1,0.9593129951401433,1
1,0.572769758841399,0
1,0.9886462938796875,1
1,0.6658984085042274,1
1,0.7836089149239418,1
1,0.9467160569335213,1
0,0.7128192047212847,0
1,0.9804192703771554,1
1,0.5902334409170124,1
1,0.8892682210117625,1
0,0.9884139340511002,0
0,0.9891875574165122,0
0,0.6883723152021799,0
0,0.7586949676618439,0
1,0.8992824977029159,1
0,0.9983003572533047,0
1,0.7944833219903955,1
1,0.8791551150009129,1
0,0.9924977514364333,0
1,0.9985635146438102,1
0,0.9908384468558392,0
1,0.925671445622972,1
0,0.9985430828301338,0
1,0.8499679989858512,1
0,0.5570386199793891,1
0,0.9998090581062777,0
0,0.9999663914676021,0
0,0.6440402660982851,0
0,0.9761691034493358,0
0,0.8283887186289778,0
1,0.8527939838949139,1
0,0.9732164185220298,0
1,0.7943901790944552,0
0,0.9997016170078064,0
0,0.9045938798904087,1
1,0.7032325908711646,1
0,0.9231362916690572,0
1,0.9118250096848305,1
0,0.9722291384039933,0
1,0.5961211431021635,0
0,0.8199318825318744,0
0,0.8205431031395449,0
1,0.7461062148714176,1
0,0.7452695363882346,1
1,0.9911910211071514,1
1,0.5914214812757511,1
0,0.9968205715307807,0
0,0.8802513375886439,1
1,0.9995087433169748,1
1,0.9981735354595858,1
1,0.799977123430175,1
1,0.964543934832497,1
1,0.615281416209679,0
0,0.8851714508292743,0
0,0.8617509584682673,0
1,0.8434424056011984,1
0,0.520481739720498,1
1,0.716256069050221,1
0,0.8940321053508781,0
1,0.6739500473452582,0
1,0.6815007251808605,1
1,0.9097725336737256,1
1,0.9526540380450663,1
0,0.9398304132813932,0
0,0.7158137744162214,0
0,0.8062041669324949,1
1,0.9976774162425011,1
0,0.7467376068746618,0
1,0.8074952637319542,1
0,0.8972625704632188,0
0,0.9999043839960879,0
1,0.9124326074139401,1
1,0.9858031513408411,1
1,0.9949602855102696,1
0,0.9346092566771953,0
1,0.733999484424723,0
0,0.6061634504048714,0
1,0.9175776466482496,1
1,0.5938612787481226,1
0,0.9429022890703509,0
0,0.8770267355856296,0
0,0.9843700756266527,0
0,0.6178042863178792,0
0,0.8100487289830186,0
0,0.9158867614251773,0
1,0.6275963031399011,0
0,0.6272159878628212,0
1,0.9876211915013705,1
1,0.6978045119671802,1
1,0.9724647952045492,1
1,0.7343177135869543,1
1,0.792319591814009,1
1,0.9996241612944704,1
1,0.8208002430838077,1
1,0.8677379111870385,1
0,0.9958817375640535,0
0,0.9738099135787411,0
0,0.9780969510792867,0
1,0.809517875771023,1
0,0.9811375064068876,0
1,0.60806568060644,1
1,0.5367471523815214,1
0,0.9905010045705362,0
0,0.8651578503085068,0
0,0.998761740190262,0
1,0.8637440130549234,1
0,0.8467665121201862,0
0,0.9078681478726207,0
1,0.9844262714233587,1
0,0.9885279391734257,0
0,0.5650457892616747,0
0,0.6747573012390674,0
0,0.9198007838252238,0
1,0.8680650714003563,1
0,0.9919810691861237,0
0,0.9870574946700652,0
1,0.7156822208632642,0
1,0.9794553611053751,1
1,0.6663843311926161,0
0,0.930302049949655,0
1,0.6124077628365764,0
0,0.8413067475766627,0
1,0.6780978056331546,0
1,0.9259872634044265,1
0,0.988395058312929,0
1,0.8949502895573067,1
1,0.7326105578092645,1
1,0.5363854704497472,1
0,0.8176616722008144,0
0,0.8277356377124752,0
0,0.9967680960539242,0
1,0.8134254916369185,1
1,0.7984184192071981,1
1,0.9937151892896064,1
1,0.8194127540209711,1
0,0.9989341550265322,0
0,0.9608044643570667,0
1,0.5913785120612287,0
1,0.9076485172736557,1
0,0.5706895265600681,0
0,0.9652899152695855,0
1,0.8549493363138874,1
0,0.8645164387125684,0
1,0.947834791069698,1
0,0.5429512242636846,0
1,0.6223622613018627,1
1,0.9890922915930217,1
1,0.9743128024555703,1
0,0.9972379379125285,0
1,0.8537012692100464,1
0,0.6495107071198591,0
1,0.8372485499787752,1
0,0.6808551743112929,0
1,0.6745370618295939,1
1,0.7371485847961076,1
0,0.6766789155395154,0
1,0.6254933677759233,1
0,0.9442693008710812,0
1,0.9952201208961802,1
1,0.8775947102943797,1
1,0.8205992637815417,1
1,0.8994073745612405,0
0,0.8809925630182698,0
1,0.517012625612145,1
0,0.7299371468833865,1
1,0.9173574622162972,1
1,0.8757534343426273,1
1,0.9954286469887597,1
1,0.9183580595955575,1
0,0.6976998842975433,0
0,0.6520297982643011,0
1,0.7242730088941967,1
1,0.8090835927860894,1
0,0.9909879587063988,0
0,0.9638134836961953,0
1,0.9719343770195158,1
1,0.6836595369270057,1
0,0.5373400173213265,1
0,0.8192262141188187,1
1,0.9996967380780498,1
1,0.9221601652094974,1
1,0.6683889029430472,1
1,0.779957869689286,1
1,0.989419489009542,1
0,0.9740256629344758,0
1,0.9553287249559348,1
0,0.7918842804452009,0
1,0.6018291789406479,0
1,0.9527914113238442,1
1,0.9833184221832326,1
1,0.8140522189057874,1
1,0.8079295623626855,1
1,0.8982845253395381,1
0,0.9649168106871158,0
0,0.8532427191303109,0
1,0.8168652612800403,1
0,0.9215249796268762,0
0,0.5362611503216201,1
0,0.7906193897584584,0
0,0.9993759785739573,0
0,0.9938251320617686,0
1,0.9124717587606752,1
0,0.7897023867087688,0
0,0.9978227300067639,0
0,0.9531559965898185,0
1,0.935033651299029,1
0,0.6863052767976416,0
1,0.9573128471915315,1
0,0.9829536010475682,0
0,0.840897996395052,0
1,0.5712791298317327,0
0,0.9899156139901875,0
1,0.6042030349358234,1
0,0.9983343588774705,0
0,0.7042660031155796,0
0,0.5169829783640397,0
1,0.927807059403875,1
0,0.5723330167513001,0
1,0.9886239924526768,1
0,0.9828266491342608,0
0,0.7577579741263041,0
1,0.5832640925304461,0
1,0.8701862311257754,1
0,0.8748293197874606,0
0,0.9994603205932627,0
0,0.8701731603845944,0
1,0.9675095789942803,1
1,0.9820109469171725,1
0,0.7063554517991039,0
1,0.7545602736076609,1
1,0.81237443766855,1
0,0.6629844572218468,1
1,0.8990414096124064,1
1,0.8752588521451579,1
0,0.9948524058213045,0
0,0.9439789930357656,0
1,0.9335443132656319,1
0,0.6296786694176153,1
1,0.6687152604632934,1
0,0.9712252265648407,0
1,0.8723989774238601,1
0,0.982210456473256,0
1,0.8772908964412635,0
0,0.9250081786966193,0
0,0.9862528158488358,0
0,0.994429504248373,0
0,0.5784866988940323,0
0,0.8734848619313114,0
1,0.894044916687923,1
1,0.9710458739703797,1
1,0.989834692024207,1
0,0.940369164916002,0
1,0.7657616973083305,1
0,0.9721268828077655,0
0,0.9934114471614767,0
1,0.9091998079347859,1
0,0.8883312248367206,0
1,0.8663913732592877,1
1,0.8693475923239877,1
0,0.9944275265750339,0
1,0.9563277204802427,1
0,0.9490122089658085,0
1,0.5875041748716624,1
0,0.9224952394092714,0
0,0.7120417588764363,1
0,0.9898797313268208,0
0,0.7520218749516028,0
0,0.9998900441440945,0
0,0.7828184019464975,0
1,0.9905765405108885,1
1,0.5428745365554053,1
1,0.8434175871514757,1
1,0.6641298644852415,0
0,0.9764020049235257,0
0,0.645099622534129,1
1,0.9506680278467571,1
0,0.7377627727640628,0
1,0.9825235325426352,1
0,0.9970496512647271,0
0,0.8549380567701439,1
1,0.8959596798703047,1
0,0.524760257356429,0
1,0.9968127381857157,1
0,0.9674422804696001,0
0,0.9989792218948227,0
1,0.979131112772977,1
0,0.9917765076578426,0
1,0.752935061777659,1
0,0.5955807467062547,1
0,0.9316346080537218,0
1,0.7663816270926099,1
1,0.6555852263425964,1
0,0.9969276585463112,0
0,0.9083790147894232,0
0,0.9999599098020028,0
1,0.8720023829274931,1
0,0.93243981797058,0
0,0.9227416794142236,0
0,0.5070625919236353,1
0,0.9826609419144914,0
1,0.789038474396489,1
1,0.9362374243023721,1
1,0.6699964181089951,1
0,0.9981117551191947,0
1,0.6581101527524584,1
0,0.9799838486375488,0
1,0.966935195299993,1
1,0.8447284744261033,1
0,0.8675478830789991,0
1,0.9696114694707334,1
1,0.6871250936284646,1
0,0.7332978883560675,0
0,0.8129133344022048,0
0,0.9421005078507957,0
1,0.8996050949852185,1
1,0.5336493478982814,0
1,0.9407030631587131,1
1,0.6648524338202634,1
0,0.8480465632915967,0
0,0.9994647301771942,0
1,0.6868046477407659,1
0,0.7976481584868269,0
0,0.8749231345515212,0
0,0.9282295114128065,0
0,0.9988112938881157,0
0,0.6483549566022669,1
0,0.8517580255428728,0
1,0.980776352494957,1
1,0.9861090159066846,1
1,0.7712236421609789,1
0,0.9453368410993431,0
0,0.9522100125068813,1
0,0.8889515861612118,0
0,0.9872731389738738,0
1,0.8096871423509004,1
0,0.8072503739962731,0
0,0.9443946538792156,0
0,0.9970099882161474,0
1,0.6354021443916388,0
0,0.8941477901740733,0
0,0.9872330496946691,0
0,0.967475103226173,0
1,0.5802276416874679,1
1,0.9557182152324993,1
0,0.9840863360706361,0
0,0.6651784187589311,0
1,0.9658082623068113,1
0,0.5837735347003796,0
1,0.8727271485017051,1
1,0.7230254371725742,0
1,0.9629466256103099,1
0,0.7153074550827524,1
1,0.7630634736809853,1
0,0.5464948739900579,0
0,0.616976190755194,1
0,0.9686115791507254,0
0,0.8626750515962964,0
0,0.917806038423552,0
1,0.7086352450774654,1
1,0.936627444856153,1
1,0.9991183597696446,1
1,0.8987604565596574,1
1,0.7772824686190882,1
0,0.7962852961520943,0
0,0.9720721332552069,0
0,0.9942308924161621,0
0,0.5109366267265879,1
0,0.998463584126029,0
1,0.6647084937351596,1
0,0.983444727128338,0
1,0.8911549830055873,1
0,0.9987305769529911,0
0,0.9506493652622919,0
0,0.9990701792726111,0
0,0.9949109011920686,0
1,0.7309833991616538,0
1,0.7953897440188065,1
1,0.8883429035137739,1
0,0.9997092550649702,0
0,0.9087783402751363,0
1,0.7644571822588835,1
1,0.9183954908198889,1
0,0.9627902023531447,0
1,0.9014728125507182,1
0,0.6655241949952266,0
0,0.9613314708916391,0
0,0.9990799377594664,0
0,0.6653710548312831,1
0,0.680834774229596,0
1,0.814703465678418,1
0,0.9714142416006779,0
0,0.6572194440964684,0
1,0.9429439815470022,1
0,0.9947512745920633,0
0,0.8763398103772284,0
1,0.9989899297311517,1
1,0.9415334007604503,1
0,0.936581286327369,0
1,0.8947759655654864,1
0,0.9925731536748724,0
1,0.5573805261954663,1
1,0.7702410581387246,0
1,0.7865265468355851,0
0,0.9247269888115734,0
0,0.9999040671351026,0
1,0.8057171752921586,1
1,0.7577790254638551,1
0,0.5842049208413584,0
1,0.9536053386642477,1
0,0.8195745854243912,0
1,0.9809493739358448,1
0,0.9816413588324229,0
0,0.9107988339401535,0
1,0.8370509660503271,1
0,0.7816522223705276,0
0,0.9996402007135792,0
0,0.9956281595387593,0
1,0.7851344468192394,1
1,0.7832936993752161,1
0,0.617158332813851,0
0,0.998083471992572,0
0,0.7110908531376834,1
1,0.8534610104086677,1
1,0.9950932156864942,1
0,0.6281318804047471,0
0,0.9951020772682784,0
0,0.9941639333472778,0
1,0.9686662422769636,1
1,0.9667913332609208,1
0,0.9865222536529372,0
1,0.9364599176393593,1
0,0.9833981546594385,0
0,0.6613975963522438,0
1,0.9948620005112052,1
0,0.8323344546258223,0
0,0.9995948559409716,0
0,0.9747160693246004,0
1,0.995577830558795,1
0,0.8850431777871669,0
0,0.5109924408381147,0
0,0.9770339699049718,0
0,0.8707049392485302,0
0,0.7919946934916368,0
1,0.5455682173726636,0
1,0.6241418137881889,1
0,0.9220732107849279,0
1,0.5916683272347585,1
1,0.7175452613954431,1
0,0.9908328365280542,0
1,0.5099612793349959,0
0,0.5064325065050579,0
0,0.9505854230062698,0
1,0.8483254042295152,1
1,0.5173366047380688,1
1,0.9812980952808991,1
0,0.82109630475246,0
1,0.9690028935888221,1
1,0.9947413250052252,1
1,0.9346145784387359,1
0,0.9931362470325792,0
0,0.8307138199115313,0
1,0.6067910091544612,0
0,0.5874752254134751,1
0,0.9463611536272947,0
0,0.8877806260738424,0
0,0.8829838079003405,0
1,0.7136912986492001,0
0,0.9758669408106089,0
1,0.7176113117198808,0
1,0.6047838253784722,1
1,0.9953263603281709,1
0,0.968066513674053,0
0,0.8869318098371015,0
1,0.7199628073536409,1
0,0.9988008899398735,0
0,0.9972466049997166,0
1,0.994061190679266,1
1,0.8428839689610426,1
1,0.748649232415468,1
0,0.9914151106106961,0
0,0.9858506537009153,0
0,0.9747795953754972,0
1,0.8232985655199221,1
0,0.9994295912004703,0
1,0.7354093061630907,0
0,0.5442650004092554,0
0,0.9009209269820145,0
0,0.9406694491890873,0
1,0.7497285894539282,1
0,0.8768653586080051,0
0,0.8588468833071765,0
0,0.9844585301762878,0
0,0.9983935537134041,0
0,0.841209463566363,0
0,0.99896457159744,0
1,0.9869957071657712,1
1,0.9555674305126652,1
0,0.9036931869854956,0
0,0.8368691860835507,0
0,0.5299488884208272,1
1,0.8536924224903476,1
0,0.9989087060192431,0
0,0.9519056696515243,0
1,0.9268378377474316,1
0,0.9710739923259716,0
1,0.8873826215749875,1
0,0.5580829804333362,0
0,0.9421906738089432,0
1,0.8341118551907649,1
0,0.825705853825976,0
0,0.6768221799723695,0
1,0.9593632189845727,1
1,0.9612828126722216,1
0,0.5805698796282863,1
1,0.6292074091679233,1
0,0.9886306251730125,0
0,0.9565792707329854,0
1,0.9202874933340073,1
0,0.9999999997459231,0
0,0.9835234541316382,0
0,0.9818663166004818,0
0,0.9387550986991431,0
1,0.8036023544791903,0
0,0.9995122240436202,0
1,0.856936241408582,1
0,0.5666931340594941,1
0,0.9992421719097744,0
0,0.9459957293731175,0
0,0.8836776265643267,0
1,0.863134041255164,1
1,0.9678799716361622,1
1,0.9003161050372581,1
1,0.5827339604685403,1
0,0.9062735681412047,0
1,0.8606618282155307,1
0,0.8039148259277604,0
0,0.7583817240943123,0
1,0.9386614027787287,1
1,0.9569354066700074,1
0,0.9631278322994495,0
0,0.9996423645442319,0
0,0.778741295935963,0
1,0.9736978151730686,1
0,0.8166265474618997,0
1,0.9120347112656341,1
1,0.7564057436021006,1
0,0.9806895965132052,0
0,0.9871189953262167,0
1,0.5321641345706724,1
1,0.8567259048734999,1
0,0.9525028625798196,0
0,0.8248307127753063,0
0,0.9989972858156495,0
0,0.9920182789790852,0
1,0.7760091763945844,1
1,0.8260611438780219,0
1,0.7454048591034175,1
1,0.9824839778751339,1
0,0.6158597729394807,1
1,0.9439142099468258,1
1,0.8872498344733643,1
1,0.7859809681854392,1
0,0.6989243262423137,0
1,0.6353719409934855,1
1,0.7897659397855488,1
1,0.8792697110964516,1
1,0.9187835879700785,1
1,0.5263487533615497,0
0,0.5333684174115613,1
1,0.9783472052722585,1
0,0.9927625211902076,0
0,0.985612283097317,0
0,0.6168811591052412,0
0,0.9801756192512772,0
1,0.548405903201159,1
0,0.9806739539883159,0
0,0.950291527682497,0
0,0.9828010948124408,0
0,0.7437162453014143,0
1,0.9586270367878644,1
1,0.9633080875295126,1
0,0.8288744676149722,0
0,0.7359399516817807,0
0,0.8712594264728701,0
1,0.9942863514256302,1
0,0.8664894524210538,0
1,0.5824265220022906,0
1,0.9736047324484632,0
1,0.9069390319773147,1
0,0.9460702106417452,0
1,0.9898432282626785,1
0,0.6997974543452911,1
0,0.9191037949972445,0
0,0.9995425736248041,0
1,0.5299993022230793,0
0,0.8103032016928646,0
0,0.9216743773185087,0
1,0.9914487639420634,1
0,0.911324395704233,0
1,0.7863800995611604,1
1,0.5045170965472299,0
0,0.9742937635455039,0
0,0.9989802288707114,0
1,0.8602411635412752,1
0,0.5130410841209194,0
1,0.8610887939094753,1
1,0.9205642808801839,1
0,0.7896847763804886,0
0,0.9857953509997167,0
0,0.936750870415989,0
1,0.9627921037842071,1
1,0.6184274659261911,1
0,0.9958889920563309,0
1,0.8715178744482434,1
0,0.8166166472573921,0
0,0.9537483834039907,0
1,0.7532200338310802,1
1,0.9164705301287982,1
1,0.8530896743563853,1
0,0.8974095585126891,0
1,0.9966194633280119,1
0,0.7079412110830108,0
1,0.7265421788126059,1
1,0.7240422831481509,1
1,0.6882727590528492,1
1,0.9244477856197287,1
0,0.975973773148213,0
0,0.8176605262659026,0
0,0.9988966974506229,0
0,0.9875759529248016,0
0,0.9249466759970658,0
1,0.8060108218139864,1
1,0.6805581838052199,0
0,0.6129132836867967,0
0,0.6824347040961389,1
1,0.5226861869510802,1
0,0.9965494110429491,0
0,0.9481103350776715,0
0,0.7196718434724414,0
0,0.5245380986464416,0
1,0.8139471994884416,1
1,0.9070611353012371,1
1,0.8925937023050438,1
1,0.8403915868137246,1
1,0.7853623636123653,1
1,0.9466933224335601,1
1,0.7958375740029631,1
1,0.6414408211162105,1
1,0.5581994569122758,1
1,0.9833991959127862,1
0,0.9990415466199984,0
0,0.9981198970027498,0
1,0.6283185657358032,1
0,0.5323331613547779,1
0,0.6292411574603364,0
0,0.871456897765882,0
0,0.95158422423051,0
0,0.9927790374534153,0
1,0.9604236344172575,1
0,0.7506463307451617,1
0,0.9818362431262183,0
0,0.9344578729779659,1
1,0.7274045740010836,1
0,0.9502578943445815,0
1,0.9708406001702362,1
0,0.9241043505847114,1
0,0.9791035199662146,0
0,0.9994105096609334,0
1,0.8920496732825074,1
1,0.5744718478135903,0
1,0.5032213347766575,0
0,0.8324359832471879,0
1,0.8639625301804276,0
0,0.9895859424156516,0
1,0.5136853733371678,1
1,0.7444790030954189,1
0,0.9561359391385141,0
0,0.9851233802821044,0
0,0.9812377029043209,0
0,0.7555376428093744,0
1,0.9852641661613781,1
1,0.6448577947205714,1
0,0.9842351713297431,0
1,0.9974625293442698,1
1,0.9510202029322672,1
1,0.9521335314765091,1
1,0.9922682085648004,1
0,0.9932348916341749,0
0,0.978209595617586,0
0,0.9220387847422986,0
0,0.7278750832282801,0
0,0.9324706442149175,0
1,0.8994503287866544,1
0,0.6180624885113799,0
1,0.7540097114800798,1
1,0.9128215904641039,1
1,0.6327676455574377,0
0,0.9945395351614656,0
1,0.616319671215755,1
0,0.7925691084047055,0
0,0.9831029195118054,0
1,0.7583697645960779,1
0,0.9777569409871429,0
1,0.9852019508345683,1
1,0.9516191082708276,1
1,0.9955217945204791,1
0,0.9976490944124689,0
0,0.9639523770013667,0
0,0.9509748496444844,0
0,0.9980160213139443,0
1,0.8893533425916058,1
1,0.8613064365305197,1
0,0.9985860209722209,0
0,0.906123019388275,0
0,0.9852008347413322,0
1,0.9931674612417349,1
1,0.9735678268780829,1
0,0.562013729490069,1
1,0.6199112973063383,0
0,0.6351550537431698,0
1,0.529650432715989,0
0,0.6421989362099777,1
1,0.8759153895554915,1
1,0.9738947002995308,1
0,0.8086541259536506,0
0,0.9914005354102614,0
0,0.9238645723326204,0
1,0.6503512114206299,0
0,0.6073801920844408,0
1,0.8741945822178809,1
1,0.9845699525448862,1
1,0.9355089968791599,1
0,0.8350896447498819,0
0,0.9957803536032562,0
1,0.9224441563998432,1
0,0.9738478227314078,0
1,0.7087446613142999,1
0,0.9988057808773113,0
0,0.9619411328677961,0
1,0.7898763292183235,1
1,0.7226607371492594,0
1,0.9511219523277931,1
1,0.7420097307171376,1
1,0.963577447965859,1
0,0.9964834644572849,0
0,0.5372667733451779,0
0,0.9397435367060845,0
1,0.5614504203133424,1
1,0.9853741024781435,1
1,0.8605319867602167,1
0,0.9981103942934487,0
0,0.8809209685847957,0
1,0.9648214235277903,1
0,0.897597309100177,0
1,0.8697566881069185,1
0,0.9800710680873816,0
1,0.9020142826848312,1
0,0.9073733917621358,0
1,0.5748842362491748,1
0,0.665156952625415,0
1,0.6015934378833322,1
0,0.9610536509279656,0
0,0.9477234009656854,0
0,0.9973870265312083,0
0,0.7127331138047714,1
1,0.8741397539218175,1
1,0.9383822199295363,1
0,0.908091789082672,0
0,0.9745204493202594,0
0,0.9985010270657975,0
1,0.8998329946746515,1
1,0.75296224225597,1
0,0.5075181916102587,1
0,0.9955140353251312,0
1,0.9642044966293462,1
1,0.853103387635883,1
1,0.8879556676530156,1
0,0.7869733102853389,0
0,0.6497532285021328,0
1,0.5940718550710101,1
0,0.894195905895135,0
0,0.8184757102518311,0
0,0.5303626067617324,0
0,0.6850528135838836,0
1,0.9985981394352702,1
1,0.8837080601517804,1
0,0.8494341344934061,0
0,0.9967173232886052,0
0,0.9879931206914534,0
0,0.5155872709066958,0
0,0.6448213421718398,0
0,0.9395954935813418,0
1,0.9966370929070342,1
1,0.9949709286892469,1
1,0.956490389164518,1
1,0.9378151433822235,1
0,0.7931525862079327,0
0,0.9723693818681557,0
0,0.8485962109028145,1
1,0.81704197546618,1
0,0.6220305817174632,1
0,0.9003755415495858,0
1,0.9241515077995333,1
1,0.9839419976252983,1
0,0.7817178993543357,0
0,0.9760743116019122,0
0,0.9947671376556292,0
0,0.9709280925763507,0
1,0.7203197833398182,1
0,0.9984588784251724,0
0,0.5257037682858067,1
0,0.9020878215710435,0
1,0.9437679310886088,0
0,0.8662301584760954,0
1,0.9805400515681358,1
0,0.6123026909207716,0
1,0.9872219229676992,1
0,0.727074110411384,1
0,0.9284506703925401,0
0,0.6039098834442795,0
1,0.7669668291270341,1
0,0.8914224971329219,0
1,0.9737035289552316,1
0,0.9090218997748793,0
1,0.7844577538719109,0
0,0.9580521245698124,0
0,0.9861985725678158,0
0,0.7430130181304015,0
1,0.844825129202844,1
1,0.866413427771232,1
1,0.9042156242722769,1
1,0.9996678313444383,1
0,0.8935059564775671,0
0,0.7223843899179646,0
1,0.8269692744029191,1
1,0.947572645388157,1
0,0.9887379241152495,0
0,0.6336250451207284,0
1,0.7459843346186341,0
0,0.9952405666808559,0
0,0.8174659281121879,0
0,0.7631928347298716,0
0,0.5502063604188221,1
1,0.8866466348436173,1
1,0.9878999567954758,1
1,0.6793176397132417,1
0,0.975776734241273,0
0,0.8449254736530067,0
0,0.9459435530273689,0
1,0.7379332037681119,0
0,0.9962281051982594,0
1,0.5854218695025909,0
1,0.9964406727375569,1
0,0.5863884115362061,1
0,0.9725678259217513,0
1,0.52591949577031,1
0,0.9908598617939623,0
0,0.7065383330759691,0
0,0.9940200936566678,0
1,0.713163872146789,1
0,0.9823070089241861,0
0,0.7310227013300322,1
0,0.8154622288481552,0
0,0.9669215263963161,0
1,0.9353583704278675,1
1,0.7803804638373588,1
0,0.974947707571075,0
1,0.8394932230615795,1
0,0.8677960562019531,0
1,0.8722417990595522,1
1,0.7238482936092364,1
0,0.9860589235138284,0
1,0.9842005471090561,1
1,0.7958487834753598,1
0,0.9935720485363431,0
0,0.728387058278833,1
1,0.9863111481392752,1
0,0.9844026070082713,0
1,0.9213157756951122,1
0,0.8885070996853645,0
0,0.7165199814999277,0
1,0.6223107405008198,1
1,0.6738564764172125,1
1,0.9369663632940588,1
1,0.9918652823617208,1
1,0.5603110104461059,0
0,0.9860939557882213,0
1,0.885496993468282,1
0,0.8173224505972101,0
1,0.9576313196727156,1
0,0.9919326944303053,0
0,0.9931025241155381,0
0,0.9659244159252075,0
0,0.9973803154381062,0
0,0.861311001264061,1
0,0.9556711637586237,0
1,0.9915584722462792,1
1,0.9304965803662983,1
0,0.9967036232760362,0
1,0.9151303814504815,1
0,0.9263515854074295,0
1,0.9770013625407932,1
1,0.5770248459336524,1
1,0.5584442387923586,1
0,0.9780918730989092,0
1,0.7325970583364666,0
1,0.849830857164811,1
0,0.9764433320683619,0
0,0.5060641381696385,1
0,0.9993988002316114,0
0,0.9226284550097383,0
1,0.8360218314302664,1
1,0.97256420919663,1
0,0.7846796741014818,1
1,0.7733294644526004,0
1,0.9993425745867678,1
0,0.9093417190386321,0
0,0.9254108711039465,0
0,0.9501860511925495,0
1,0.998315956336414,1
1,0.9635593686928596,1
1,0.7070377727964733,1
0,0.9918523033193741,0
1,0.6712761733128059,1
1,0.9509679174326211,1
1,0.8065242645581161,1
0,0.9957437855785586,0
1,0.9030321406907905,1
0,0.9469915114164519,0
1,0.9121211176344258,1
0,0.9277398292147644,0
1,0.9780515692236221,1
0,0.7891030466255543,0
1,0.7600538128697241,0
1,0.8024486314833753,1
0,0.8307894816251369,0
0,0.9966409584919435,0
1,0.9885027862165164,1
1,0.7740944213914024,1
0,0.9491921085719107,0
0,0.8078469100172496,0
0,0.990570748187724,0
1,0.5197976159639163,1
1,0.9956492334835955,1
1,0.7686292002097724,1
1,0.9033168112683302,1
1,0.581367425792495,1
0,0.9388060226115581,0
0,0.9532071707075953,0
0,0.9871155791468048,0
1,0.9059176774521679,1
1,0.7936301539034748,1
1,0.9303657327286676,1
1,0.8344279995456932,1
0,0.9992549716929761,0
0,0.5434966423534825,1
1,0.9987050873909253,1
0,0.5708153692946567,1
1,0.6482955978384747,1
0,0.9998176737674574,0
0,0.9700779948527488,0
0,0.9701145403637094,0
0,0.9856717151949573,0
1,0.6077191884902262,1
1,0.990523963869013,1
0,0.8061641915412037,0
0,0.9278108566039139,0
0,0.995347840537223,0
0,0.9997257352264567,0
0,0.9808662048264114,0
1,0.9995906425482408,1
1,0.8199652056996174,1
0,0.9994432946140639,0
1,0.9135593606229094,1
0,0.9999999601920404,0
1,0.910152673665888,1
0,0.8348980726782336,0
1,0.9813747357937033,1
1,0.9827173873928364,1
1,0.8632313672264827,1
1,0.7504274614295969,1
1,0.6319025092387188,1
1,0.605889266540345,1
0,0.9812056366252133,0
0,0.7574344567680391,0
0,0.540815685492684,0
1,0.9821420804856431,1
1,0.7629120610262468,1
0,0.8028002206110756,0
0,0.9734472717016978,0
0,0.9916512902540895,0
1,0.8421567039047536,0
0,0.9881171244400886,0
1,0.8607840797546824,1
0,0.9459534396888342,0
0,0.616278598362878,0
1,0.6608219501933438,1
1,0.9976882597845005,1
0,0.9848697195076392,0
0,0.6478619767248945,0
0,0.9197999133307982,0
0,0.9655478229523083,0
1,0.7749124993355202,0
0,0.5529709811711168,1
0,0.9814016767308158,0
0,0.912559499794286,0
1,0.8738945161655565,1
0,0.9630622003615654,0
1,0.5671152058791743,1
1,0.9799357810265485,1
0,0.6687961813303581,0
1,0.970228806783448,1
0,0.6133227872746958,0
1,0.7405104392412142,1
1,0.7255625111778203,1
0,0.8287237286511241,0
0,0.7534336671770344,0
0,0.9928297138156382,0
1,0.9036551123298066,1
1,0.9987652783238183,1
1,0.9626892136867006,1
0,0.9614845626235474,0
0,0.7372916300047667,0
0,0.9684419253981036,0
1,0.9410227814724923,1
0,0.9916288559923088,0
0,0.986071190381829,0
1,0.7932066160259703,1
1,0.9823571545608594,1
1,0.8099516126887923,1
0,0.7149150194325511,1
1,0.8705101056964049,1
1,0.7757814947892405,1
0,0.9469769529998491,0
1,0.9961280397933789,1
0,0.625025833687223,0
0,0.98742973118496,0
1,0.8822032584590934,0
0,0.9936963922965859,0
1,0.8201334305727511,1
0,0.8037237187988324,0
0,0.9717687496498959,0
0,0.538247607205915,1
0,0.9973897354889791,0
1,0.9896705463934704,1
1,0.9483151981339897,1
0,0.9984120728706268,0
1,0.8430921355211575,1
1,0.8551235651972463,0
0,0.9942166537587563,0
0,0.8768023366664109,0
0,0.6081595221196614,0
0,0.9961530552776406,0
0,0.8291224818024844,1
1,0.7562358922740878,1
1,0.9446969227260252,1
1,0.9925981610831076,1
0,0.9979533726093053,0
0,0.939129143162718,0
0,0.8549562564330349,0
1,0.7251209847290426,1
1,0.9956441393331922,1
1,0.9932867961013265,1
0,0.9866950979774292,0
1,0.9654075894165371,1
0,0.5613550708515986,0
1,0.6219595119813777,1
1,0.9304159846264742,1
1,0.8875780652659061,1
0,0.8722305466264857,0
1,0.9084277622277098,0
0,0.5762135955935248,1
0,0.6612545971046963,1
0,0.9961379380663045,0
1,0.9991180329656896,1
1,0.9905111762993175,1
0,0.7083175436928865,0
1,0.9992619286288813,1
0,0.8459993139290511,0
1,0.8625960321445653,1
0,0.8355273334030466,0
1,0.5338960719101467,0
0,0.8602408630727422,0
0,0.9649982078958992,0
0,0.8114613912256063,0
0,0.8750045829544444,0
1,0.8006842581733588,1
0,0.8656494137376474,0
1,0.7000609896576189,1
0,0.9502907626074664,0
1,0.69688589417192,1
0,0.8666593651967147,0
0,0.9939259823578079,0
1,0.9642832066258187,1
0,0.8023403159522557,0
1,0.8697315263222147,0
1,0.6738712865714876,1
1,0.8299329256738697,1
1,0.8121224708839623,1
0,0.9967404203436793,0
1,0.8838800596721639,1
0,0.9769201647833079,0
1,0.977469284255338,1
1,0.9491703879913412,1
0,0.9898287207812739,0
1,0.9997420256364699,1
1,0.9625549178686292,1
1,0.9879666487096936,1
0,0.6585732415658181,0
1,0.7862896851281945,1
0,0.6876636381042284,0
0,0.9931423662605441,0
0,0.9501631811253384,0
1,0.9708406001702362,1
1,0.9038885936634233,1
0,0.859376565621042,0
1,0.7937411049253239,1
1,0.5067067422518706,0
1,0.93216407885642,1
0,0.9985394595335237,0
1,0.997357649276497,1
1,0.7616032518425423,1
0,0.8767289351020054,0
0,0.9824516857768926,0
1,0.9974417098398575,1
1,0.5535478522262305,1
0,0.9920280379603809,0
0,0.9914641316996196,0
0,0.9047728386874287,0
1,0.9919632906842966,1
0,0.6356572268420404,1
1,0.8043065549752401,0
0,0.6431941791852307,0
0,0.9945856478929348,0
1,0.98405677790272,1
0,0.9859656029290785,0
0,0.5212159400735965,0
0,0.9937231650546229,0
1,0.8306723889496432,1
1,0.9031225191743597,1
0,0.9575005451832597,0
0,0.9969043672352266,0
1,0.7000677732099148,1
0,0.6806046197229887,0
0,0.9896250272474808,0
1,0.8813413760168946,1
1,0.6889625165140606,1
1,0.82058846191844,1
0,0.528600039626872,1
0,0.8593544394811732,0
1,0.658786839016804,1
0,0.681246756606833,1
0,0.9096641750473328,0
0,0.5234648650444977,1
0,0.7435811331762867,0
1,0.9979224306304769,1
1,0.9347054462008528,1
1,0.9524597604296615,1
1,0.9466137841690695,1
0,0.8779943194366987,1
1,0.9235525400357835,1
0,0.6222312571984914,1
1,0.6689554659675602,1
1,0.6514332923911298,1
1,0.9953846251564179,1
1,0.9895480286746211,1
1,0.9995255106539824,1
1,0.5298154987029259,1
1,0.9992676253615049,1
0,0.8893956595780437,0
1,0.8809832998832086,1
0,0.9990396396506425,0
1,0.9245824932655543,1
1,0.9149592341587777,1
1,0.5806602536388489,1
0,0.9648372958006478,0
1,0.9916161021271204,1
0,0.950492502957534,0
0,0.9692456932775694,0
1,0.9457304089092933,1
0,0.9927422087179364,0
1,0.8172627437733692,1
0,0.8383344497121838,0
1,0.7455422648880871,1
0,0.9785443453431684,0
1,0.99972724247376,1
0,0.8829044004741394,0
0,0.9736085621372031,1
1,0.9450653542925526,1
1,0.8191916756914845,1
0,0.8043867244489651,1
1,0.6858174969218694,1
1,0.9916058724908196,1
0,0.6058814742703593,1
0,0.996999431051182,0
1,0.5292050130251198,0
1,0.8762746818295202,1
0,0.9925228764290603,0
0,0.9630315910322798,0
1,0.9947837277148489,1
1,0.6280816278542037,0
0,0.7697288173951276,0
1,0.9979031755136614,1
0,0.9223407182983934,0
1,0.6506569831980052,0
1,0.7562299091044186,1
0,0.8367127436347461,0
1,0.9435675392793927,1
0,0.9744146243656474,0
1,0.9976128835289766,1
1,0.8767503099970365,1
0,0.9996775188660924,0
1,0.6669427952625597,0
1,0.9451800599805401,1
1,0.8884575786183142,1
1,0.6399555705849169,1
1,0.551370097100408,1
1,0.6436691259213039,0
0,0.9358959570431054,0
1,0.5696380852022337,1
0,0.6803781426502922,0
1,0.5886387952541855,0
0,0.9993148904028317,0
0,0.9337274207010174,0
1,0.7492939450049272,0
0,0.9075671062076714,0
0,0.9842083238648327,0
0,0.9574939524874628,0
0,0.8093191031294231,0
1,0.9581095534351843,1
1,0.8347045895417621,0
0,0.8980974616626747,0
1,0.9925220158475873,0
0,0.6965983357899619,0
0,0.967478453711689,0
0,0.8220301710263651,0
1,0.8155213444960475,1
0,0.7992150897630024,0
0,0.8955187530248223,0
1,0.9694394993954849,1
1,0.6187294261082518,1
1,0.731741542147002,1
1,0.9971951140371055,1
1,0.6451237758445119,0
0,0.9627047136990127,0
0,0.9576914819706077,0
1,0.8271840706844926,1
1,0.7302383644195967,1
1,0.9974386710498677,1
1,0.7928501901116705,1
1,0.6420912110219761,1
0,0.5484812967339665,1
1,0.8270785809006378,1
0,0.9939033999538741,0
0,0.9425625124212805,0
0,0.9914998745206144,0
1,0.9501431479978144,1
1,0.9949798446034233,1
1,0.7968980324894499,1
1,0.836224141662492,1
1,0.7607551320152792,1
0,0.9615435749731744,0
1,0.8992065326653734,0
1,0.9450925963609149,1
0,0.8422492783922533,0
1,0.7040080246571861,1
0,0.7184263966288047,0
0,0.6227053527231012,0
1,0.9979639903719066,1
0,0.9962964291419155,0
1,0.8751603858246265,1
0,0.9948444033028466,0
0,0.9434513497588657,0
1,0.7272303148447979,1
1,0.5982153427439373,0
1,0.6291386711117324,1
0,0.9888651381233144,0
0,0.9994554882065982,0
1,0.9927628391538583,1
1,0.8811559123029807,1
1,0.5216560886584017,1
0,0.6568683863534304,0
1,0.9803598479078631,1
1,0.9952713494086781,1
0,0.9400645210819452,0
0,0.9999223814613832,0
1,0.9344937182573375,1
0,0.9925825584880097,0
0,0.9948247969073308,0
0,0.6133674843762944,0
0,0.9790904163091694,0
0,0.9845373213649418,0
0,0.9999344088318217,0
1,0.9509029066126604,1
0,0.9156533224621963,0
0,0.9998083706878833,0
0,0.9667298151857103,0
1,0.9315496876641736,1
1,0.9736954845527808,1
0,0.9973019157150586,0
0,0.8465443007896993,0
1,0.8410593381531126,1
1,0.9785844112059754,1
0,0.9478200293935458,0
1,0.7703415013002683,1
1,0.7324338480784942,1
0,0.7250822738915368,0
0,0.7878610715397651,0
0,0.9242965771192916,0
1,0.8720729358158951,1
1,0.8199962465274958,1
1,0.9285586113454618,1
1,0.7861555187008246,1
0,0.9569962110085857,0
0,0.5547685702738672,0
1,0.9655784941989803,1
1,0.6678878596585598,1
0,0.5202864705880542,0
1,0.7479314174911181,1
1,0.9044833007068427,1
1,0.8103028169759613,1
1,0.6534315574132353,1
0,0.9563819424892845,0
1,0.9647739102449367,1
1,0.9862130736070385,1
1,0.9313044487170814,1
1,0.9067061020676929,1
1,0.52098222347155,1
1,0.7377116734990545,1
0,0.9621310307151846,0
0,0.9729667561351673,0
1,0.9971154378025903,1
1,0.8444664370728965,1
1,0.879771750606152,1
0,0.8902855242744383,1
0,0.9045324325740992,0
1,0.9634923461475344,1
0,0.9687996453078608,0
0,0.9872446282166845,0
0,0.7014947715717732,1
1,0.9841552538031263,1
0,0.7565503171364414,0
1,0.5447394838090349,1
1,0.9468706292858117,1
0,0.9810149393399837,0
0,0.8638942401644999,1
0,0.990390073376245,0
1,0.757640348406458,1
0,0.5701589717495537,1
0,0.9905300720548506,0
1,0.7390446044676149,1
1,0.9967069341635594,1
1,0.7218566468832867,1
1,0.9981455047759562,1
1,0.9872580479465183,1
1,0.6605551851696886,1
0,0.7192410591511014,1
0,0.9936958577032661,0
1,0.9806169060411682,1
0,0.7136176205420085,0
1,0.999306410009949,1
0,0.9502412805365179,0
0,0.6172584627394002,1
1,0.560437979840211,0
0,0.6986153172601424,0
1,0.8209146762140925,1
1,0.9063678845890899,1
0,0.8586166171511542,0
0,0.9830516630746896,0
0,0.6911527838682984,0
0,0.9997842956143864,0
0,0.9630676897364905,0
1,0.8070734150646547,1
0,0.8751462554457771,1
1,0.9767219356731424,1
0,0.5088765284867393,0
0,0.8838183607524159,0
0,0.926581529452341,0
0,0.9875956268058751,0
1,0.5616950190098803,1
0,0.9976063176124133,0
1,0.6648741206759916,1
1,0.9608759269396978,1
1,0.9317022690463388,1
1,0.6146915825121093,1
1,0.8568543355502913,1
1,0.9160163964410859,1
0,0.9911018119652869,0
0,0.997705227664683,0
1,0.7953013580690889,1
1,0.9792886720646776,1
0,0.8412679181982143,0
1,0.9221114586566707,1
0,0.6907914360842673,1
1,0.9034838436474821,1
0,0.9230816733732672,0
0,0.9979262157937502,0
1,0.9484866143495699,1
0,0.9935065192940374,0
0,0.9110477046355482,0
0,0.9640193046388849,0
1,0.9916210515898127,1
0,0.975034240264246,0
0,0.9882880237686776,0
1,0.8977520838395628,1
1,0.9933403349452433,1
0,0.8522744568504695,0
1,0.9629602711542677,1
1,0.5622802575381269,0
0,0.8245775672353186,1
1,0.9930599249271993,1
0,0.9516366842397934,0
0,0.7599495639798256,0
0,0.9898649613163999,0
0,0.9922288784857367,0
1,0.9984963252606318,1
0,0.9843336154978579,0
1,0.5970185174220702,1
0,0.8300375932367801,0
0,0.9842365168035333,0
0,0.9261877778012262,0
0,0.963381908918139,0
0,0.9946902112575057,0
0,0.9688709106492966,0
0,0.8102277925325663,0
0,0.9408867805668699,0
0,0.9370185331261708,0
1,0.8175129100012859,1
1,0.9520268612204524,1
0,0.9174322334318057,0
0,0.9913955386281786,1
0,0.7303887983430243,0
1,0.8349763008014781,1
1,0.9996662906218684,1
1,0.5979945530404761,1
1,0.6834648156403734,1
1,0.9616557401471272,1
0,0.8065114700705819,0
0,0.9580770955545983,0
1,0.9882416606749176,1
1,0.9872204402892969,1
0,0.8783388575445144,0
0,0.8615719900247213,1
0,0.8726904383795187,0
0,0.7692347426911363,0
1,0.6178833743501664,1
1,0.7825136342593334,1
0,0.9755824100005066,0
0,0.994045601409974,0
0,0.879416003453011,0
0,0.9926174246165897,0
1,0.9988375290456822,1
0,0.9956464603030571,0
0,0.9960850214875043,0
1,0.9600312817163239,1
1,0.9906945821644408,1
1,0.9231565390265893,1
0,0.9903257790149856,0
1,0.8954923205356959,1
0,0.9860337511228996,0
1,0.6145954381993884,1
0,0.924469873644037,0
0,0.602542972397291,1
1,0.9995709129595814,1
0,0.9940424840852969,0
1,0.9980384085528339,1
0,0.9854166548046339,0
0,0.9545252528272764,0
0,0.7989067679362611,1
0,0.9836559714894292,0
0,0.7061919940638477,1
1,0.8568722238087316,1
0,0.8665799864467679,0
1,0.9966840871402498,1
1,0.8285888465944414,1
1,0.8344838208873491,1
1,0.9915919725433786,1
1,0.999887084865187,1
0,0.5187366944001346,1
1,0.5294585668441628,0
1,0.8347339151855251,1
0,0.9988128918425146,0
1,0.8784384255257012,1
1,0.6367731292608519,1
0,0.9551995411599306,0
0,0.8992066293761897,0
0,0.7435836888302707,0
1,0.5274688331572485,1
1,0.88550305252295,1
0,0.8583452121525788,0
1,0.9349802136217918,1
0,0.9447717078207001,0
1,0.7208705934241363,1
1,0.8348792658566542,1
0,0.9066746733530229,0
0,0.5088154336939366,1
1,0.6550471951109285,1
0,0.608410341405039,1
0,0.9909596329024654,0
0,0.9660245772484821,0
0,0.7039814940187472,0
0,0.5696620624177454,0
0,0.8714997990102817,0
0,0.9786078577105773,0
1,0.9874179375332419,1
0,0.7457209402176853,0
1,0.9516268729570985,1
1,0.6137544905811108,1
1,0.9965495954987625,1
1,0.775110936836003,1
0,0.9905074341634703,0
0,0.5468516805039256,0
1,0.6588598173015657,1
1,0.8373104296153867,1
1,0.5718860600438193,0
0,0.9890415962259689,0
0,0.9334368632019175,0
0,0.5944640736147251,0
1,0.5310630230760388,0
0,0.9896137001325181,0
0,0.6341467385894399,0
1,0.541128794622986,0
1,0.9934363317142313,1
0,0.8702909375736846,0
1,0.9777584324006039,1
1,0.9601824143183539,1
1,0.7552482027019574,1
1,0.5863222639566644,1
0,0.7284771870688587,0
1,0.8898480547565344,1
0,0.8120669609790325,0
1,0.733957232900715,0
1,0.7736453735424822,1
0,0.7852589848614348,0
0,0.9270025501497335,0
0,0.9707767376965618,0
1,0.7029258451385443,0
1,0.9321430464425642,1
1,0.9971313955926596,1
0,0.93905699287521,0
0,0.9152386749340236,0
1,0.7248232318135528,1
1,0.9997510463183759,1
0,0.931281184955337,0
1,0.7066964211647442,1
1,0.938325537824899,1
0,0.9916966992112891,0
0,0.8061201487320969,0
1,0.9685446406942775,1
1,0.8061162287153466,1
0,0.5166606614005103,0
1,0.5069457676477503,0
0,0.9832354697752335,0
0,0.9995937137749318,0
1,0.8976078539650783,1
0,0.7824339901868216,0
1,0.7539320618825582,1
0,0.7130968595069165,0
0,0.9283366569174528,0
1,0.9666794840693143,1
0,0.5895359553400501,1
0,0.9547407987288906,0
0,0.9221426728040104,0
0,0.9657325972992243,0
1,0.8545324871247997,1
1,0.9774436529911221,1
0,0.9834272903727522,0
1,0.5744140272259352,1
1,0.5826299000427173,1
0,0.7685475345447526,0
0,0.9053905771474537,0
1,0.9746341969264077,1
1,0.6677288477860526,0
1,0.9902472967042847,1
0,0.9909291086561444,0
1,0.9973361240931831,1
0,0.9456193224374474,0
1,0.6679615342024302,0
1,0.8708382035701315,1
0,0.9562248871580733,0
1,0.6247688026619023,1
0,0.9052817024508563,0
0,0.928724114673111,0
1,0.981361343884457,1
0,0.8330186337299132,1
1,0.7986357200363353,1
0,0.988126712285742,0
1,0.9987849621694816,1
0,0.7462734872188166,0
1,0.7454813690593401,1
0,0.9964342740230359,0
1,0.9464521340194547,1
0,0.9800192437722646,0
0,0.8823041550730804,0
0,0.9916231987674828,0
1,0.9736618663464363,1
1,0.5822712887342251,1
1,0.946364209807194,1
1,0.9906301331027019,1
1,0.9904979093615437,1
1,0.6885661883791049,1
1,0.9205763488376532,1
0,0.782662794562804,0
0,0.7258965810414846,0
0,0.9532868966541782,0
1,0.9698134241679651,1
1,0.9549482738444642,1
0,0.9901685643584484,0
0,0.9953973987304233,0
0,0.9987786778399037,0
1,0.6951917123296204,0
1,0.5819452844779077,0
0,0.954377228076345,0
1,0.8869529697892286,1
1,0.5816002500272196,1
1,0.9074158151890606,1
1,0.6873191931493534,1
1,0.7524487762836867,1
0,0.9646969025860387,0
1,0.9212368166829733,1
0,0.8606790604624229,0
0,0.8368002488819568,0
0,0.6856176772359914,0
0,0.9718589151533741,0
1,0.9598404816741203,1
1,0.9798823567339239,1
0,0.7086483055290441,1
1,0.8963739847396952,1
1,0.8766139039098677,1
1,0.6604846792713766,0
1,0.7469032568989059,1
1,0.855297647203017,0
0,0.7703864514280785,0
0,0.9964869369784547,0
0,0.9539336093915322,0
0,0.8180046264852936,0
0,0.9999721756541753,0
0,0.9642205653500644,0
0,0.9555609020260222,0
1,0.7359437314900201,1
1,0.942439265212068,1
0,0.9031703630993015,0
0,0.9685680252323585,0
1,0.7407736512197995,1
0,0.8836416605328589,0
1,0.9982313313796104,1
0,0.8313060569876054,0
1,0.5872257306902817,1
0,0.929043775714914,0
1,0.9650716417394156,1
0,0.753530252191632,0
1,0.745032315847861,1
1,0.5334859789168247,0
1,0.9947397897304442,1
1,0.5172566616041755,1
1,0.6224488409585974,1
0,0.8991608279883134,0
1,0.8347010607475751,0
0,0.997395950407464,0
0,0.9507705207386627,0
0,0.7627810343124231,1
1,0.866181462430269,1
1,0.8626344530771405,1
1,0.5748147196841724,1
0,0.9914304787098877,0
0,0.6729570383769823,0
1,0.8906986807133964,1
0,0.9559858606088566,0
0,0.8654114056599953,0
1,0.5352824047221657,0
0,0.8916001345535285,0
0,0.7781122508384825,0
1,0.8094597041400394,0
0,0.9982923567386796,0
1,0.7983563861233866,1
1,0.8816643582303864,0
0,0.899302803981794,0
0,0.9453589789556571,0
1,0.8924348002621787,1
0,0.8115571862482776,0
1,0.9714863617200474,1
1,0.9937519821189098,1
0,0.9840241036049413,0
0,0.7054910881182073,0
1,0.6523419184353849,1
0,0.7555699202278283,0
1,0.9978507981618279,1
1,0.897326565712816,1
0,0.9518807323339904,0
0,0.7949079019073244,0
0,0.9977426058454699,0
1,0.9994948331674902,1
1,0.9462815146816985,0
1,0.9612932868964775,1
1,0.6930517228512281,1
0,0.5574007312114926,0
0,0.6072460980143943,0
0,0.9270265739836395,0
0,0.9892860840634473,0
1,0.9968586106061698,1
1,0.5718063917850837,0
1,0.819210304886815,1
1,0.5263108645851328,1
1,0.9998694473710869,1
1,0.5416428161412964,1
0,0.760809372461651,1
0,0.9911167848237634,0
0,0.9810237018378241,0
0,0.7417341587824289,0
1,0.914564825167906,1
1,0.8814809744393567,1
1,0.7578698577272368,1
0,0.8909367365733003,0
0,0.8175710105052479,1
0,0.9680277452940587,0
1,0.9636279495960545,1
0,0.580542042242048,0
1,0.9766767959238413,1
0,0.9249313124253127,0
0,0.7711719461447248,0
0,0.8029645405351445,1
0,0.9293936791072381,0
1,0.7639216908875237,1
1,0.9736584082370198,1
0,0.9420735505849769,0
0,0.9705259100177452,0
1,0.9614512961816524,1
0,0.7369206816059235,0
0,0.9908157593400233,0
0,0.897349110303766,0
0,0.9440245547412968,0
1,0.7433737518041411,1
0,0.6492732122919582,0
1,0.7748344367830401,0
1,0.9615872440516438,1
0,0.6869486261342772,0
0,0.9981007535294399,0
0,0.9631001324228566,0
1,0.991875104947218,1
0,0.8199086968964895,0
0,0.9740369119981085,0
1,0.9788769471178326,1
0,0.9990949521312,0
1,0.9115439585471007,1
0,0.6960317949418517,0
1,0.9828180298900154,1
0,0.9357526341619556,0
1,0.7964755968294783,1
0,0.9835405053432223,0
1,0.6582358572348065,1
0,0.6797416838533828,1
0,0.7762347745905394,0
0,0.9907231754897698,0
1,0.9437112423706563,1
0,0.8514780151779054,0
1,0.8547206854733478,1
1,0.8872510091411749,0
0,0.8161927750819833,0
0,0.9751015969441581,0
1,0.9587100976207891,1
1,0.8994295805489885,1
0,0.9963568675297918,0
0,0.8598923667436921,0
0,0.6460228953291821,0
1,0.9540259270809495,1
1,0.5183415656623981,0
1,0.7605112932409267,1
1,0.8629533862180678,1
0,0.9745148594473226,0
0,0.9999188398688341,0
0,0.6383407498031546,0
1,0.8873305592141931,1
1,0.7995239736308768,1
1,0.7816050733719677,1
1,0.5416460389052139,1
1,0.7689755170551514,1
1,0.8732953366169168,1
1,0.7534321079012828,1
1,0.9935600500318432,1
1,0.7157671984193839,1
0,0.9876675813947572,0
1,0.7824834959141582,1
1,0.7197910831058124,1
1,0.7243447964186835,0
0,0.7771810926918051,1
1,0.7066997513542471,1
1,0.5660496550419726,1
1,0.8446185060597483,1
1,0.9902505092165685,1
0,0.8056238832656221,0
0,0.991409156313812,0
0,0.9887957415780113,0
0,0.9912651408795039,0
0,0.9611596222444163,0
0,0.7616404871268927,1
0,0.8823196977259089,0
1,0.9866736871047767,1
1,0.6428673571110775,1
0,0.8571722542677342,0
0,0.9998369015140394,0
0,0.7060586115550187,0
1,0.6155128899569783,1
0,0.9819167819481065,0
1,0.9129581193612881,1
0,0.9995287297314883,0
0,0.9952549097373726,0
1,0.824980576003908,1
1,0.7165686996234951,0
0,0.997105726119407,0
0,0.9195016523546959,0
0,0.9252832398515087,0
0,0.9990844311337134,0
0,0.9925759168947238,0
1,0.8370973479950551,1
0,0.5236452606681798,1
1,0.9723190717338934,1
0,0.9267599099666518,0
1,0.999674772344104,1
1,0.8350863605676513,1
1,0.9793656376582673,1
1,0.6086496121555478,1
0,0.7996363950027083,0
1,0.8888465394048648,1
1,0.9971231644302474,1
0,0.9260401896750989,0
1,0.8329326651439528,1
0,0.9497365201361468,0
0,0.8738599493184074,0
1,0.8490203900326814,1
1,0.6593739871010287,1
1,0.9381036162520231,1
0,0.9954817357362253,0
0,0.9769558573771426,0
0,0.6881314928937757,0
1,0.8077654627947167,1
0,0.6891740166193535,0
0,0.9779010588699971,0
0,0.705870240298043,1
0,0.7238459357428004,1
0,0.9994351094815537,0
1,0.9824080973085558,1
1,0.8949958822607852,1
0,0.7853526344501379,0
0,0.9942894575245562,0
0,0.8816761258833676,0
0,0.9981284152706589,0
0,0.9464139113760184,0
0,0.655086005829832,0
1,0.9110432643146228,1
0,0.9656891054161344,0
0,0.7321320920542518,0
0,0.8328988484404063,0
1,0.5664843152033855,0
0,0.8277885756352596,0
1,0.9574953998169393,1
0,0.9235834582782835,0
1,0.9881766116816969,1
0,0.9476572190884173,0
1,0.6832705885551252,1
0,0.944642289989779,0
0,0.7812624266748124,0
0,0.688820106445224,0
1,0.9751400000868834,1
1,0.945618175797387,1
0,0.6560722665747323,0
1,0.9292024895810699,1
1,0.7043738985806918,1
1,0.5256813434724495,1
0,0.8676402567133689,0
0,0.9324761830153118,0
0,0.9605963586973779,0
1,0.7183609845088592,1
1,0.6932005571972135,0
0,0.7598580719732551,0
1,0.9357968569922633,1
0,0.7704524966650667,0
0,0.6486400948539881,0
0,0.6694596522358882,0
1,0.6862296677290727,1
1,0.9980787291143148,1
0,0.855193135125576,0
1,0.9665111540459869,1
1,0.9379846922167409,1
1,0.9311476041902329,1
0,0.9412966808074612,0
1,0.9572932940857952,1
0,0.9725743221325694,0
0,0.8511521443092978,0
0,0.6736847470351099,0
0,0.9229473928254197,0
1,0.9042105998503314,1
0,0.8945416700515149,0
1,0.9210391493988328,1
1,0.7737554289666662,1
0,0.9778721260772509,0
1,0.9116863393406007,1
1,0.7814353695716699,1
1,0.9708647776271457,1
1,0.9970931473724027,1
0,0.7867821956850217,0
1,0.8475356755704059,1
0,0.7924404635877921,0
1,0.5638721641177697,0
0,0.7605431577151233,1
1,0.9194141319117346,1
0,0.9984943277456239,0
0,0.6454310002991324,0
1,0.8093732928171118,1
1,0.7113986854263773,1
0,0.9005234330313793,0
0,0.9814783932972633,0
0,0.9244594187997871,0
1,0.6715936459890713,1
0,0.9812168161880026,0
0,0.975677854921265,0
0,0.9969416454078115,0
0,0.9749901971211953,0
1,0.8242878517094789,0
0,0.9826391487392965,0
1,0.9933895403037372,1
0,0.8309884736356397,0
0,0.5878673911548867,1
1,0.8668191870928756,1
1,0.8198674933958316,1
1,0.9862862473184767,1
0,0.9184566165144379,1
1,0.991032187152438,1
0,0.9935420821838947,0
0,0.9966354999780925,0
0,0.9275488546070115,0
1,0.9792560165009648,1
1,0.9343232179928815,1
1,0.8127401499103942,1
1,0.8495364954406398,1
0,0.9655704832356787,0
1,0.9852741716788014,1
0,0.95798479012201,0
0,0.8859676175158737,0
0,0.7667009857937339,0
1,0.8704927220756015,1
0,0.9909832150194671,0
1,0.7403933840355085,0
0,0.8222823539726073,0
0,0.991055663120028,0
1,0.9955961890819366,1
1,0.9987707295563636,1
0,0.9808523784551566,0
1,0.9980445092884395,1
0,0.9624967845408056,0
0,0.9625246934094859,0
1,0.7839634093961162,1
1,0.921448342003517,1
0,0.9984411420734028,0
0,0.9404170663227838,0
0,0.9978009622598292,0
1,0.955142385972784,1
0,0.8205900979472251,0
1,0.7321219175806409,0
1,0.8816060747671068,1
0,0.7201072039415989,0
0,0.9055297948567674,0
1,0.9747414162384852,1
1,0.998242588287487,1
1,0.913022082775528,1
1,0.8506671351352171,1
1,0.8188315097158443,1
1,0.5768714738283789,1
0,0.8441406958052761,0
0,0.9931095252476018,0
1,0.9928869677329465,1
0,0.9825234463070491,0
1,0.9838114906002287,1
0,0.559828881033819,1
1,0.9547489957608469,1
0,0.968082381484134,0
0,0.9736229949936828,0
1,0.6808282336237408,1
1,0.9959819476938025,1
1,0.8808700084447506,1
1,0.8095525052180226,1
0,0.9972967604081292,0
1,0.9711426095083352,1
0,0.9974781031658247,0
1,0.8860916015843346,1
1,0.9933797438961574,1
1,0.9886820609946491,1
0,0.9978684592378393,0
1,0.9751196205440432,1
1,0.9989277161778952,1
0,0.9677803014803156,0
1,0.8937110841525319,1
0,0.9699298993243716,0
1,0.92593580532285,1
0,0.9900960590024009,0
1,0.8871019130713942,1
0,0.9849739659169654,0
0,0.8985194610036793,0
0,0.5209657862744319,0
0,0.97615183644776,0
1,0.8227116094142749,1
0,0.9793792039364317,0
0,0.72416846973513,0
0,0.6010319140933145,0
0,0.935559088965682,0
1,0.7948052149537709,1
0,0.9085610298216715,0
1,0.529529940395503,1
1,0.9317415645299209,1
0,0.8064303793300769,0
0,0.955740507980932,0
1,0.8939593648720416,1
0,0.9476712216555208,1
0,0.6430186368296543,0
1,0.9911502373133555,1
1,0.8252724080802192,1
1,0.888507477474083,1
1,0.7638046622150455,1
1,0.9101675030360041,1
1,0.8794671992748004,1
0,0.7233982370866779,1
0,0.6059478231361678,1
0,0.564546456184938,0
1,0.9954758423542055,1
0,0.935241463203936,0
0,0.9993793880747392,0
0,0.9769418710192241,0
1,0.5541965713031163,0
1,0.838455269876032,1
1,0.9416816841790643,1
0,0.6054615686116416,1
1,0.7359547064007764,1
1,0.8916137011056049,1
1,0.9843932273323973,1
1,0.8612077151456993,1
0,0.7589658176613826,0
1,0.8188219702373123,1
0,0.9939872987362272,0
1,0.6747294802389292,1
1,0.9590982914983535,1
1,0.9607932002328007,1
0,0.7601266570403734,0
1,0.742476134641458,1
1,0.9850227810176699,1
0,0.99369567396078,0
0,0.9958049144860914,0
1,0.9679352056527815,1
0,0.6445245154523318,0
1,0.758487410928255,1
1,0.8167662582322955,1
1,0.9978167118951964,1
0,0.9625791470603953,0
0,0.8402436558995662,0
0,0.9951546864286955,0
0,0.5187591295120303,1
1,0.9662672126955696,1
0,0.9977454190534357,0
0,0.8216454478949128,0
1,0.6897517010816644,1
0,0.6057942662346283,1
1,0.9132333417959982,1
1,0.8404817883183373,1
0,0.9541063546322497,0
1,0.9628059465982306,1
0,0.5684276245363197,0
1,0.7065751808664951,1
1,0.9410904772598413,1
0,0.8740625721679754,0
1,0.5436135220614527,0
1,0.646356295170283,1
1,0.9990635670272127,1
1,0.8645175642089931,1
1,0.82638049481713,1
0,0.6049215565475125,0
0,0.9026176935281377,0
0,0.8656032740944914,0
1,0.9926637061409597,1
1,0.5496513206222178,1
0,0.9947237890431955,0
1,0.5302829669957227,0
1,0.5498740906317076,1
0,0.9994497750073147,0
0,0.9914416847648914,0
1,0.9544134966096578,1
0,0.8304359070907906,0
1,0.9803275330794455,1
1,0.7743951990628626,1
0,0.9441925296157161,0
1,0.8820238171771384,1
1,0.9941235778683465,1
0,0.7904716636150799,0
0,0.8062131877930608,0
0,0.9048967934629735,0
1,0.5199708211497714,1
0,0.910251508752357,0
0,0.9960171685624143,0
1,0.8471833887651689,1
1,0.6905368298189407,1
1,0.8116867303291475,1
1,0.9086778527585456,1
1,0.8265779336334677,1
1,0.7569936317921261,1
0,0.9886860706796685,0
0,0.8276702569535845,1
0,0.9755113182091302,0
1,0.8319267463800649,1
0,0.9221628481584174,0
1,0.9606089066276665,1
0,0.9993334373900654,0
0,0.9709598401184326,0
1,0.6360824340477407,1
0,0.7752181040963952,0
0,0.9292381177059205,0
1,0.7841083253620346,0
0,0.9973022705882743,0
1,0.5884470145915334,1
0,0.9775154154401873,0
0,0.9578558930029067,0
1,0.9914047155618092,1
1,0.6070754553520946,1
1,0.7512024868460968,1
0,0.9909299279358862,0
0,0.9888518011660156,0
1,0.9441759924210456,1
1,0.851172761298254,1
1,0.8114896700425415,1
0,0.9731172949421303,0
0,0.6975109255809469,1
0,0.9841749254849316,0
0,0.8079274524071485,0
0,0.9892775363141906,0
1,0.8330504248078855,1
0,0.8033138349288285,0
1,0.840853213066265,1
1,0.5390784950202486,1
1,0.9665008275069928,0
0,0.9831556742170072,0
1,0.9580831007336527,1
0,0.9185614553208664,0
1,0.9881854276813907,1
1,0.9900437880634448,1
0,0.5572822456985802,1
1,0.7077423381337851,0
1,0.5152821063393068,1
1,0.5707435598039597,0
1,0.7018086128261077,1
1,0.956641711957678,1
0,0.9994386351322851,0
0,0.9440085472541409,0
0,0.9225961562695147,0
0,0.9697870678507189,0
1,0.8521174212280963,1
1,0.9949290098089804,1
0,0.9890885741793635,0
1,0.9205229547891475,1
1,0.679958129483704,0
0,0.9481658588986942,0
1,0.7485266298457486,1
1,0.6173697454626337,0
1,0.6541877099517028,1
0,0.9765913405698801,0
1,0.5104462018218185,0
1,0.8368214021676368,1
1,0.9435550676510975,1
0,0.9473739585921802,0
1,0.9997862594548093,1
0,0.9914375825438646,0
0,0.8163662844537212,0
1,0.9977088544155709,1
1,0.9828207486782131,1
1,0.9538025453102643,1
1,0.8229295793194272,1
0,0.5316434278250802,1
1,0.999789004891407,1
0,0.627215856771222,0
0,0.9762504047885194,0
0,0.9910471608638121,0
0,0.9750869493984673,0
0,0.7803430906677458,0
1,0.9330449546827564,1
1,0.9870108279972503,1
1,0.9427831795837643,1
1,0.979216227419981,1
1,0.8015992242731995,0
1,0.676783213349407,1
0,0.9983642215545009,0
1,0.9966489776844198,1
1,0.6616176371593139,1
0,0.9856903242192314,0
1,0.6643162337300221,1
0,0.6835096738466073,0
0,0.9414152549261405,0
0,0.9809709916715534,0
1,0.9313476197792929,1
0,0.5848323151378167,1
0,0.9512683437652945,0
0,0.9801074393973505,0
1,0.7871060181606936,0
1,0.620807876793202,1
0,0.8091130616529396,0
0,0.9995772325696242,0
0,0.7405404603983282,0
0,0.9455103360471576,0
0,0.978526904097711,0
0,0.8458556362049853,0
1,0.5708541527868191,0
0,0.825509182241706,0
0,0.6900025758392689,0
1,0.9510438436714553,1
1,0.9870054472992853,1
1,0.9833863647875615,1
0,0.9879830194268605,0
1,0.758787675389128,0
0,0.991636034139101,0
1,0.7315945881769879,1
0,0.9800788828365521,0
1,0.9939689657955092,1
1,0.9715829835098941,1
0,0.9251527255457103,0
0,0.5804513526557729,0
1,0.9062375140046133,1
0,0.7823198090379835,0
0,0.6482333248225189,0
0,0.9837665464368097,0
1,0.9699726109352056,1
0,0.6777594200163375,0
1,0.9883377423392061,1
0,0.9718588764830702,0
1,0.8335499380203942,1
0,0.9419371478044855,0
1,0.9751537161833186,1
0,0.890653074825438,0
0,0.9987281215982502,0
1,0.9022078522511708,1
0,0.9985152662414695,0
0,0.940747714525455,0
1,0.5840050918361649,1
0,0.9560462059824756,0
0,0.628743169454026,1
0,0.9961737573094456,0
0,0.842988436661558,0
1,0.9474024416310068,1
1,0.9780972972168829,1
0,0.9786654543524368,0
1,0.9866019197847102,1
1,0.8726657077193579,1
0,0.978029893916863,0
0,0.6968084738180935,0
0,0.6254931419952234,1
1,0.650827786156679,0
0,0.6580681241183762,0
1,0.9951843920687724,1
0,0.9762751843211444,0
0,0.8807152111504956,0
0,0.8887934977894919,0
0,0.9989528410934551,0
1,0.5100502478227461,1
0,0.9298571716039673,0
0,0.972028219304549,0
0,0.9270878644347056,0
0,0.959700553906821,0
1,0.7511563912159668,1
0,0.965173752465166,0
0,0.9905087012938673,0
1,0.7809950151030038,1
1,0.9770676091209295,1
1,0.5962577396431445,1
0,0.6906386507815638,1
0,0.860300076010185,0
0,0.9994298324800349,0
1,0.8460306150695494,1
1,0.9698537657076891,1
1,0.9825311618047241,1
0,0.9922423549925121,0
1,0.9089313083902917,1
1,0.7040583562389291,1
0,0.8531598150786552,0
0,0.9984270626031734,0
0,0.9981868535319125,0
1,0.7555663197011577,1
0,0.9927768798383358,0
1,0.6841998298178945,0
1,0.8828389989403888,1
1,0.6966905230641669,1
1,0.9714511101317406,1
1,0.9987242687648591,1
0,0.5208267207186255,1
0,0.5965807603524729,0
0,0.8741116779942525,0
0,0.9191195892494854,0
1,0.8863578535547602,1
1,0.7844002356065776,1
0,0.9873915741898257,0
1,0.9487467859695986,1
0,0.9900207238512502,0
0,0.962515191378432,0
1,0.8765702607002619,1
1,0.9583094079098755,1
1,0.6057721811158955,1
0,0.8700435779236595,0
1,0.855149779129778,1
1,0.9762230131824179,1
0,0.9642849984101507,0
1,0.9195999709135154,1
0,0.8075146553102774,0
1,0.8407982596300608,1
1,0.6581291899075252,1
0,0.9936965530678964,0
0,0.9877479713732578,0
0,0.9915842549804997,0
0,0.9973158930547631,0
0,0.9931198997441182,0
1,0.8075596178904858,1
1,0.9281664845819758,1
1,0.9969640855655056,1
0,0.9705170767966078,0
0,0.9732011896821209,0
1,0.7140034385513525,1
1,0.9723801865860373,1
0,0.934388110542933,0
1,0.9162890646930242,1
0,0.6848653831654383,0
1,0.9347593296699825,1
0,0.9889169338417534,0
1,0.5204989195938409,1
0,0.9032729681013102,0
1,0.6836929167186335,0
1,0.5653178605325158,1
1,0.8153044488660328,1
1,0.6644668240789279,1
0,0.9889931296939226,0
0,0.9076004104731263,0
1,0.6398420214827655,1
0,0.5823031277433491,0
0,0.8339552426802548,0
1,0.8846641307711162,1
0,0.7763819528395541,1
0,0.98474836899652,0
1,0.624729545989584,0
1,0.7249240802959066,1
1,0.9276418051421956,1
0,0.7211488890702968,1
0,0.6681126116765792,0
1,0.6977194246571415,1
0,0.7520948730369076,0
1,0.9849628453538488,1
1,0.939208248671325,1
0,0.9555849144997821,0
1,0.9030069280137547,0
0,0.9452137744837379,0
0,0.9670221197000484,0
0,0.9644147217238512,0
1,0.850519676501288,1
1,0.9761620541423724,1
1,0.8984919800818383,1
0,0.9512842709127767,0
1,0.7212907431141636,1
1,0.9988892331882855,1
1,0.92081152989967,1
1,0.7860279234127078,1
1,0.8206408340818687,1
0,0.7524992859926964,0
0,0.7981160625714747,0
1,0.5891331074824981,1
1,0.9904737220073603,1
0,0.998108474422804,0
1,0.8167279391788279,0
0,0.8685911932472841,0
1,0.9931828642404265,1
0,0.9829707510074335,0
1,0.9238598301176049,1
1,0.7998801729350745,1
0,0.617356244104126,1
0,0.8190444058362919,0
1,0.9866613965977786,1
1,0.8274107720105209,1
1,0.8829022693371317,1
1,0.6186055959438012,0
0,0.9942220879844533,0
1,0.5758267415848185,1
1,0.878395230303203,1
0,0.8401017223480235,0
0,0.9999797581204439,0
0,0.9161055695415778,0
1,0.9331632179201329,1
0,0.994607235651049,0
0,0.9809007374881454,0
1,0.620948131661624,0
1,0.9189564477356184,0
1,0.6210683679672231,1
0,0.8847636987149655,0
1,0.9761829256203001,1
1,0.9793648038085344,1
0,0.8374059609171213,0
0,0.7583037967133954,0
0,0.6000777710031062,1
0,0.9991253985292169,0
1,0.979669523361799,1
1,0.9916450578154892,1
1,0.8817269656214224,0
1,0.9544455235874351,1
0,0.8445291194522128,0
0,0.9839538538113203,0
1,0.6499350092396504,1
0,0.9988677772245087,0
1,0.8680509656840918,1
1,0.5154581126604776,1
0,0.7649739125117792,1
0,0.9743023256957963,0
0,0.9968845970599285,0
0,0.7676581475588451,1
0,0.982519306307182,0
0,0.9626130446901187,0
0,0.8175088926356523,0
1,0.939577307339977,0
1,0.8253272124231099,1
1,0.8951436628248366,1
1,0.994396923664214,1
0,0.9911387636226882,0
0,0.9323106675048195,0
0,0.7608484752289011,0
0,0.9999206755089359,0
1,0.9771965558218555,1
0,0.8972927033972037,0
0,0.990449705192924,0
0,0.5692075617252061,0
1,0.8838860101816075,1
1,0.9205827389814201,1
0,0.9973534588426259,0
1,0.9694816789235573,1
1,0.50820217534272,0
1,0.9036427140380353,1
0,0.992266488280704,0
1,0.9769956616169844,1
0,0.849024162331904,0
1,0.854966326681952,1
1,0.8562902754328484,1
0,0.5995075827001355,1
1,0.9980342156747566,1
1,0.9581498665034659,1
0,0.9902609172198014,0
1,0.9886352367373032,1
1,0.9821863106813243,1
1,0.9917774008461926,1
1,0.8857242943699619,1
1,0.8056779401333526,1
1,0.9459171141402705,1
1,0.9571449479180176,1
1,0.9981763208526463,1
0,0.9991498235438582,0
0,0.9462774881729822,0
0,0.8229769646064791,0
1,0.9724265033601759,1
1,0.6956530276237997,0
1,0.8044604624215319,0
0,0.5542381266815395,1
1,0.955485306639324,1
1,0.8778572414378114,1
0,0.9777522433570273,0
1,0.9843470295637015,1
1,0.6526239487550398,1
1,0.5015198128570005,1
1,0.7204069940625385,1
0,0.6430425746252124,1
1,0.5833877336772736,1
1,0.5543595343117116,1
1,0.8147778244226536,1
0,0.9674063192179372,0
0,0.9842644634264364,0
1,0.9999787729481029,1
0,0.922182433268981,0
0,0.9846500524040495,0
1,0.9999618623442059,1
1,0.999720514507558,1
1,0.7771050473341277,1
0,0.573068876834349,1
1,0.9315837821736492,1
0,0.6489329682201039,0
1,0.6289677305492501,0
1,0.6996061079956585,0
1,0.6292895374455901,1
0,0.5416842135547144,0
0,0.9970235652114149,0
0,0.9263493716721246,0
0,0.9976724366414852,0
0,0.8374074557569992,0
1,0.9322675494230729,1
0,0.7772371275173209,1
0,0.8946522709935079,0
1,0.9352730963278427,1
1,0.9994419523698662,1
0,0.9682552991188642,0
1,0.5609572637470528,1
1,0.8127393756423609,1
0,0.6177938183466493,0
1,0.8349946691786874,0
1,0.5237523400144508,0
1,0.8570601237598123,1
1,0.9243704961683918,1
0,0.9636998452465989,0
0,0.8388599407971111,0
1,0.9785495515090333,1
0,0.9580216172319476,0
0,0.9986921082330036,0
0,0.9777515348081786,0
0,0.9998725821628799,0
0,0.949341224488465,0
1,0.9933811233091097,1
0,0.9977363815549478,0
0,0.8713810389273879,0
1,0.5784034924665362,1
0,0.8970371939282579,0
1,0.9982746225119604,1
0,0.921034511643875,0
0,0.9999151458801799,0
0,0.9984342381050682,0
0,0.7986581848313987,0
1,0.9698030960267187,1
1,0.7984945326732644,0
0,0.9924698185747309,0
0,0.9059090376161514,0
1,0.7903466831299049,1
0,0.9207976451215419,0
0,0.9938159956195088,0
0,0.9704969854760054,0
1,0.6976541842804667,0
0,0.8283388707169264,0
1,0.86196899327397,1
0,0.7232924945141217,0
0,0.9966022451860685,0
1,0.5869134886129683,1
0,0.9332484510214356,0
1,0.9662855692715063,1
0,0.9974114093846944,0
0,0.9958872070681696,0
0,0.8805645809049405,0
1,0.746866043543983,1
0,0.6613682951721114,0
1,0.9514603354959617,1
1,0.7789921781228112,1
0,0.9394891959802728,0
1,0.9831395482401865,1
0,0.9171467618864246,0
1,0.9991181813738278,1
1,0.9890864314604899,1
1,0.8311800384965089,1
0,0.9975512003409635,0
0,0.9687070191647715,0
0,0.8864090192293491,0
1,0.9637244395584,1
1,0.998980464471688,1
0,0.9676406041421106,0
0,0.6592930777923784,0
1,0.9933897964484579,1
0,0.7460693908185463,0
0,0.979840593565795,0
0,0.9939082121810249,0
0,0.840728372253513,0
0,0.9268089313153466,0
0,0.826696297923251,0
0,0.5533899115566626,1
1,0.9962283935202193,1
0,0.9922936988067479,0
0,0.8186744596694513,0
0,0.9957344454094742,0
0,0.9991836868282418,0
1,0.9936870415276204,1
0,0.9909462149220883,0
0,0.963832289079917,0
1,0.9927138701009051,1
0,0.9941736603305249,0
1,0.7938425946906285,1
0,0.8741347719223622,0
1,0.5877443476428748,0
0,0.9856468390174636,0
0,0.9979478520018219,0
0,0.8200614269917923,1
0,0.8314202640677211,0
1,0.8072204401936903,1
0,0.7574077796761896,0
0,0.9450570215878078,0
0,0.9257394051884479,0
0,0.9494243132952478,0
1,0.8766057742668225,1
1,0.5807932189169742,0
0,0.9440183470943656,0
0,0.5013347485576012,0
0,0.6507951426775336,1
1,0.5314287226107453,1
0,0.6859363417772617,0
1,0.9837535991362705,1
0,0.9999996084655932,0
1,0.884479155991255,1
1,0.9996691033624757,1
0,0.9842243513913878,0
1,0.9521270569098637,1
1,0.9992299265209158,1
0,0.8940181634031192,0
0,0.9960124365914647,0
1,0.7838399267739241,0
1,0.7380029771331967,1
0,0.6423148521344972,1
1,0.8495869748388479,1
1,0.6695636059158646,1
0,0.7659438992891844,0
1,0.7965543007280883,1
0,0.9774572564131551,0
1,0.9272492472216468,1
1,0.7258870752706797,1
1,0.7491031173483959,1
1,0.826274567191675,1
1,0.6489274323678542,1
1,0.7326766499037403,1
0,0.9945656350138082,0
0,0.755627678246148,1
1,0.7871277610991395,1
1,0.9784644921831217,1
0,0.9436636744386092,0
0,0.9842968022422456,0
0,0.9132003591711797,0
0,0.8365320141321253,1
0,0.8595290888303344,0
1,0.5830630823674419,1
1,0.7557431191006391,0
1,0.6886076600307552,1
0,0.9972421200317924,0
1,0.714134370712268,0
0,0.9987738741950773,0
1,0.9900975707116229,1
1,0.6430568571842195,1
1,0.5169620595075031,0
1,0.6163822265021649,1
0,0.9952030968019139,0
1,0.9875595198158917,1
1,0.9892596516132354,1
1,0.5816827929753274,0
1,0.9999495404732432,1
1,0.6728191962218545,1
0,0.5730079410177977,0
1,0.8003906152117859,1
0,0.9202185173362877,0
0,0.6056035908399213,0
1,0.9940394073792924,1
0,0.9788718265010098,0
1,0.708054778578048,1
1,0.8775372194946965,1
0,0.954360267448688,0
0,0.7800521549043187,0
0,0.8777130209198656,0
0,0.880682821089265,0
1,0.9684215667049076,1
0,0.9978339035695479,0
1,0.9278571457864351,1
0,0.7620744664495696,0
0,0.8122028391317702,0
0,0.9430172772899359,0
0,0.6924474638614404,0
1,0.9671167639426406,1
1,0.9061411591214235,1
1,0.9373892693713328,1
0,0.8988343899839022,0
1,0.9150987209389486,1
0,0.9890513653884418,0
1,0.9894788506330934,1
1,0.9070817241075264,1
1,0.6877677868755587,1
0,0.9728996757247822,0
1,0.6050047247276725,1
0,0.9612556308249225,0
0,0.9910129307565106,0
1,0.9407968707465485,1
1,0.9984720283674512,1
1,0.8054501320349815,1
1,0.998221907998207,1
0,0.7034666248197029,1
1,0.8219732237124852,0
0,0.827949140028597,0
0,0.9922536144604017,0
1,0.5144725844613095,0
0,0.9782291523814487,0
0,0.9847771130779368,0
0,0.5531719001938881,0
1,0.8542649083186149,1
1,0.5929546010401814,0
1,0.7069126155824158,1
1,0.9761863640906704,1
1,0.7417303409470231,0
0,0.5593199201225569,0
0,0.9613999191374636,0
0,0.9976952251251932,0
0,0.9924518916744759,0
0,0.9962921918468195,0
0,0.9991811738211481,0
0,0.8341604178137376,0
0,0.5987354092613955,0
0,0.9981100155887965,0
1,0.5634498677985027,0
1,0.7129823195663894,1
0,0.9616949709333664,0
0,0.5154471184356233,0
0,0.7799914931344272,0
1,0.9530878900350273,1
0,0.9928755440851593,0
0,0.9538391899587154,0
0,0.6997613897393142,0
0,0.9559465804858653,0
1,0.6988463097657636,1
0,0.7681351007285202,0
1,0.7903081416151999,1
1,0.6071496562649019,0
1,0.6706230302672591,1
1,0.7046498988932491,1
1,0.9371407983436264,1
0,0.9967672375187023,0
0,0.9784596344759988,0
1,0.8512461556140876,1
1,0.916563506395645,0
0,0.9806247074536392,0
1,0.6802474795451247,1
0,0.6283530797459616,0
1,0.9813515661768112,1
0,0.6167361552408333,1
0,0.9922818746624477,0
0,0.637636202325083,0
1,0.8799778151505426,1
1,0.6452388425936084,1
0,0.6041744460233103,1
0,0.9906885786281587,0
1,0.9408800793183018,1
0,0.8092767343261456,0
1,0.7635618880888594,1
0,0.9809390518899697,0
0,0.5907520816362651,1
0,0.9858401731968477,0
0,0.5237456533959937,0
1,0.9206961201673752,1
0,0.8966168865161552,0
1,0.9789470946627227,1
0,0.9744538975924715,0
1,0.9803568517529518,1
1,0.8981755550990088,0
1,0.9347675095568253,0
1,0.9867449711406259,1
1,0.8046201958756553,1
0,0.9568598444760612,0
1,0.9984656773563299,1
1,0.9975380929133808,1
1,0.936066750778929,1
1,0.810371194524963,1
1,0.7355313550741042,1
0,0.7866469715342025,0
0,0.9500808278266019,0
0,0.9154334213342232,0
1,0.6581018241023964,1
1,0.9267839549006835,1
0,0.9755882206191966,0
1,0.6517929494943338,1
0,0.9848662643433159,0
1,0.8587833205859404,1
0,0.9529860955912225,0
0,0.5866247989204099,0
1,0.8779975176484153,1
1,0.9937010693874955,1
1,0.8970110481498722,1
1,0.8432531909777783,1
0,0.7180151847847633,0
0,0.9545412744949022,0
0,0.5782173326959742,0
1,0.9902193898471293,1
0,0.5266819430210246,0
0,0.9974618016227432,0
0,0.9817157557453152,0
1,0.9487237358287497,1
1,0.9770756371521742,1
0,0.6833021302761341,1
1,0.9964745665400594,1
1,0.9971243591164889,1
0,0.880495236144754,0
1,0.5944761765912236,1
1,0.9374928105079038,1
0,0.7887808069925363,0
1,0.9584990968765079,1
1,0.9108724131951623,1
1,0.5211534234671646,0
0,0.9873461826981339,0
1,0.9987312745622839,1
0,0.9739551908568621,0
0,0.9798595463792384,0
0,0.9668892233899978,0
0,0.5248554110925359,0
0,0.9693432727595429,0
0,0.9075769256274737,0
0,0.923460229644414,0
1,0.7118290120495245,1
1,0.512075695166937,1
0,0.9497211483983939,0
1,0.9146974663394739,1
1,0.968633187894633,1
1,0.6645113986061405,1
1,0.910349116545017,1
1,0.9428399801636443,1
1,0.7257012702841146,1
0,0.9095909636052572,0
1,0.584399544562307,1
1,0.9985351461814838,1
0,0.750683887876721,1
1,0.794479778350213,0
0,0.8554711021693461,0
0,0.9536677287979696,0
1,0.7079832046187872,1
1,0.9682580937535787,1
1,0.8748282161252309,1
0,0.9880774456257292,0
0,0.6600397802180388,0
1,0.9357492115495389,1
0,0.9144751233717527,0
0,0.5687843192143167,1
0,0.7654451086577927,1
1,0.7932460201024326,1
0,0.8175002465366793,1
0,0.9052480697717495,0
1,0.6980398841417952,0
0,0.9945709208206478,0
0,0.9426560784894404,0
1,0.8262870018711403,1
0,0.9118332223961619,0
0,0.8996771512243432,0
0,0.8070959530342103,0
0,0.6624720748655043,1
0,0.9360807171934145,0
1,0.9993942037371287,1
0,0.9405080698780826,0
1,0.9986067646408491,1
1,0.8764743207052874,1
0,0.9999725891132988,0
1,0.9558861793411318,1
0,0.9644252212247126,0
0,0.9477270409406008,0
0,0.9127642261669907,0
1,0.8126399847583918,1
0,0.9782492079171161,0
0,0.9993288841882814,0
0,0.9935670507029912,0
1,0.9996899471485065,1
1,0.9906501596609524,1
0,0.5181200580750207,0
1,0.8603051663189596,1
0,0.9466595322731503,0
0,0.9179583819000138,0
0,0.9846943709656955,0
1,0.7296327476272279,1
0,0.7393743164937863,0
1,0.9980483930909294,1
0,0.7305535500990115,0
0,0.5916670402263593,1
0,0.9957449337370131,0
0,0.962962118303018,0
1,0.7578965985490154,0
1,0.9360966371294458,1
1,0.5521973260483591,0
1,0.6862498201428758,1
1,0.8630919697083297,1
0,0.5510775002641208,0
1,0.6053937207301726,0
0,0.999479635764043,0
0,0.7067287153889128,0
1,0.9556239590072344,1
0,0.852185756284849,0
0,0.9853577434480592,0
0,0.7586271707796867,0
0,0.6378107869667385,0
1,0.7150747526694456,0
1,0.975025113498791,1
1,0.6777795246945655,0
0,0.600749206643925,0
1,0.6260787020969208,1
0,0.8004889725792717,0
1,0.9479405409337612,1
0,0.9979053941277423,0
0,0.9849129606509224,0
1,0.9516052791052341,1
0,0.9974321198302639,0
1,0.8185541226927042,1
0,0.8331048070325512,1
0,0.6528392059934671,0
0,0.9965548220090266,0
1,0.8733868351010275,1
0,0.9828377212284858,0
1,0.8296235006308789,0
1,0.9998651842229707,1
0,0.5377205766789321,0
1,0.9870951373148709,1
0,0.8489681460204456,0
1,0.6878306395167436,1
1,0.7672038875465402,1
0,0.7845958253221003,0
0,0.9071781916748235,0
1,0.9924529935127733,1
1,0.931803914303699,1
1,0.9041150133767354,1
1,0.9989730883633818,1
0,0.9909198137219978,0
1,0.917492285009029,1
0,0.9575268151194337,0
1,0.9282872912616414,1
0,0.9706830837409809,0
0,0.9273146158634191,0
1,0.9778665531090527,1
0,0.9995698429681945,0
0,0.9296594440372803,0
0,0.9997957796010152,0
0,0.854612234308086,0
1,0.8597626216975411,0
0,0.9706187179277876,0
1,0.547842179910041,1
0,0.8913173457795124,0
1,0.985248347792445,1
1,0.8809950313398426,1
0,0.5587085477647148,0
1,0.7161787529048533,1
1,0.9895957402716733,1
0,0.9391397819172719,0
0,0.9770128190455075,0
0,0.9677410841684082,0
1,0.5775140322318708,0
0,0.9921140884352759,0
0,0.9968685424915409,0
1,0.9487854893076614,1
0,0.8708307282541125,0
0,0.9210503738836866,0
1,0.92656899855072,1
1,0.669740682434709,0
0,0.9348089345731124,0
1,0.8324190878100177,1
1,0.9894511585935969,1
0,0.9184790148633655,0
1,0.8937280675563568,1
1,0.7281174149171311,1
0,0.8245166974723656,0
0,0.9538161276540762,0
0,0.6380822767375818,1
1,0.9753342563014883,1
0,0.9602729423031062,0
1,0.7636929877796051,1
1,0.9638063157903327,1
1,0.79110089384758,1
1,0.9629384069407756,1
1,0.8426328389033417,1
0,0.9721298271794064,0
0,0.9907700814726926,0
0,0.9406943039010033,0
0,0.9147174470752667,0
0,0.8670068501226313,0
0,0.9111877382542656,0
1,0.7131905285877507,0
0,0.9718059022550879,0
1,0.7242273636857681,1
0,0.5700399470335406,1
0,0.8362600517681791,1
0,0.886599126317237,0
1,0.9294927372708638,1
1,0.5832963222319993,0
0,0.6695252737263394,0
1,0.9913463078473981,1
0,0.9898597021437069,0
1,0.9346157212045738,1
1,0.6521660996079387,1
1,0.5565506299443096,1
0,0.8918335160832072,1
0,0.8946634861797286,0
0,0.9997503227061195,0
0,0.7015462834436257,1
0,0.5668870660078497,0
1,0.9364957204060512,1
1,0.6443062556950364,1
1,0.9960771433765565,1
0,0.8136673802475914,0
1,0.7419161179809579,1
1,0.5844219548479028,1
0,0.6928418828662453,0
0,0.5924048377582601,1
1,0.5507343387712679,1
0,0.9750540344023233,0
0,0.555993575566774,1
0,0.5360697017047165,0
0,0.6338066836644369,0
1,0.5498885739799912,1
0,0.9994055750754529,0
1,0.5246380021076797,0
1,0.9872219229676992,1
1,0.7456081095977735,0
0,0.9883558051509298,0
0,0.6385989235305385,0
0,0.9759475591236576,0
0,0.9984252098050845,0
1,0.5476067985311426,1
1,0.9892197623188514,1
0,0.6621179067971653,1
0,0.806060624752639,0
0,0.9951999645061185,0
0,0.7456060562611049,0
0,0.836387930367829,0
0,0.9164318314283972,0
1,0.9856043474383135,1
1,0.8443125366078599,1
0,0.9938917150436991,0
0,0.9462159759748514,0
1,0.8804122062410945,1
0,0.9994406866614846,0
0,0.9729336727317458,0
1,0.6725489402462519,1
1,0.9608264562250726,1
0,0.8454786236355086,0
0,0.9608410449576137,0
1,0.8672748915170665,1
0,0.7916019214996348,0
0,0.954388156967505,0
0,0.9995624580710207,0
0,0.9637853805280842,0
0,0.9325065984584088,0
0,0.8829510980297519,0
0,0.9938166418057368,0
0,0.8992594439885087,0
0,0.9372260521976992,0
1,0.9291570950751527,1
1,0.9933932283110963,1
1,0.9611597436704883,1
0,0.8099257666369631,0
0,0.9945288030704071,0
1,0.7157614834399493,1
1,0.9867699112079923,1
1,0.5404014436081197,0
0,0.7203879130010544,0
1,0.8915475122491768,1
1,0.9286405627376955,1
1,0.940375018352456,1
0,0.9962842339671482,0
0,0.9911777315508663,0
0,0.9960217975043679,0
0,0.9695759885926178,0
0,0.7774297745773872,1
0,0.9678822305522491,0
1,0.7512320692203438,1
0,0.973745301146497,0
0,0.9978269605793366,0
0,0.5801553570266383,0
0,0.8964703457729397,0
0,0.8753990749255087,1
1,0.8547461110046913,1
0,0.9920249680053516,0
0,0.9437913765975336,0
1,0.5559182556390677,1
0,0.6326499619297519,1
0,0.9706819090262834,0
1,0.9182222580747832,1
1,0.9566549898857161,1
0,0.9884501273262506,0
1,0.6377737470580815,0
0,0.6964772908925425,0
0,0.933425743598115,0
1,0.8014983212868092,1
0,0.8900594451631385,0
0,0.5763959427992791,0
0,0.9999555694696285,0
0,0.6232992025650717,1
0,0.9825711107327051,1
0,0.950701968162356,0
1,0.8832081943626995,1
0,0.7680533967422072,0
1,0.9163899496164221,1
0,0.9750983232367476,0
0,0.8475026529189379,0
0,0.9622131246707857,0
0,0.9272824853998961,0
1,0.5715251629486678,1
1,0.9982850737029967,1
0,0.9060105836705461,0
0,0.9113372787240007,0
1,0.9038878010235557,1
1,0.8474367558396861,1
0,0.9147693039583495,0
1,0.6177809994729084,1
1,0.8776410229679146,1
0,0.976330200436281,0
1,0.9329621915794953,1
1,0.7744886564508782,1
0,0.9999643425591187,0
1,0.5734445050062279,1
0,0.999319805881679,0
0,0.9674893314558448,0
0,0.8943915077568959,0
1,0.8558801382894375,1
1,0.983797125459905,1
1,0.9510326213253556,1
1,0.9712584509126073,1
1,0.593206115585528,1
0,0.9892159382089167,0
0,0.9984415015715977,0
1,0.5601897828976556,1
0,0.6142537269517874,0
0,0.7470461514773461,1
0,0.7680732600604209,1
1,0.969985747859128,1
1,0.5315050810686778,1
1,0.9986712112323999,1
1,0.6049715384221388,1
1,0.9690304902655659,1
0,0.564712531610102,0
0,0.5854294121438512,1
1,0.5493816974422241,1
1,0.9048849108163629,1
0,0.8576851886011458,1
0,0.9888365031774184,0
0,0.9618180423316345,0
1,0.7978243299812895,1
0,0.6484431866413873,1
0,0.9255078233590477,0
0,0.9606385612557055,0
0,0.8537621453976941,0
1,0.8658754551096386,1
1,0.9853643082791885,1
1,0.5639132881491533,1
1,0.6170668700274113,1
1,0.9915454872003335,1
1,0.5450871991361496,0
0,0.9468556043898179,0
0,0.6677601864197544,0
1,0.9926983637737808,1
1,0.9998536165742773,1
0,0.8859060962407465,0
1,0.6532526880375951,0
0,0.707870977529446,0
0,0.9734563608084772,0
0,0.8620642787395189,0
1,0.6639606463923342,0
0,0.8238434036898297,0
0,0.9599231372152637,0
0,0.9968896946269801,0
1,0.7313260285093758,1
0,0.9861558761297029,0
0,0.9807757927048435,0
0,0.9203586574081761,0
1,0.9633023098249264,1
1,0.9940629114532074,1
1,0.999670988660879,1
1,0.8596764094774703,1
1,0.876224286577364,1
1,0.7727733116264414,1
0,0.9998614962975659,0
0,0.7367046772240223,0
0,0.5480130955740865,0
1,0.7059877623145722,1
0,0.962900858533064,0
1,0.9960103159821645,1
0,0.6243641681595785,1
0,0.9951770420207827,0
1,0.9470014497227284,1
0,0.7388500780434987,0
0,0.9763160931899564,0
0,0.9541103775394386,0
0,0.9325538127368262,0
1,0.7107264997444358,1
1,0.9515847989288829,1
1,0.8555566547414347,1
1,0.6690507658677015,0
1,0.9980832314183454,1
1,0.5564034513801842,0
1,0.8031607940144655,1
1,0.9391234901372093,1
1,0.9977812780184712,1
1,0.5995555183151754,1
1,0.9869242648241656,1
0,0.989806865225678,0
0,0.998412598527645,0
0,0.6467097875859229,0
1,0.8295544149868584,1
0,0.9928158618965898,0
0,0.9002051472460352,0
1,0.898131375464274,1
0,0.967881928587555,0
0,0.7772188757647182,0
0,0.953736943235196,0
0,0.5683736973489714,0
0,0.9668196694355992,0
0,0.9908498274525986,0
0,0.9727420636288148,0
1,0.8826536895207221,0
1,0.7070719956526004,1
0,0.5777718693656148,0
0,0.9953936581324287,0
1,0.5229787843128555,1
1,0.9945601740157446,1
0,0.7177091177528272,1
1,0.9974000997478818,1
0,0.9119069784766142,0
0,0.622073001945262,0
1,0.572238909421551,0
1,0.9231415340760488,1
1,0.9986491655055153,1
1,0.6483569975091088,1
0,0.9598109739437803,0
1,0.9633883550614856,1
0,0.9796339960311615,0
0,0.9982261315689324,0
1,0.99901583665834,1
1,0.9341648075930281,1
1,0.9029353266103928,1
1,0.9834330955230043,1
1,0.5213021045653993,1
0,0.7416592604062152,0
0,0.8460271018504122,0
0,0.6564427334028733,0
0,0.7831624025871953,0
0,0.9992338582538444,0
0,0.9008781170029454,0
0,0.9978368910242891,0
1,0.7504989514892517,1
1,0.8006698480297892,1
0,0.9955040555433956,0
0,0.9093143931477908,0
1,0.9957261538975225,1
1,0.5763990938644586,0
0,0.9868644191794755,0
1,0.9787501635107889,1
0,0.9150854071495897,0
1,0.7423872917046078,1
0,0.7949801917485265,0
1,0.8076749637137619,1
1,0.6014459516620646,1
1,0.9769706488500518,1
0,0.865350270128182,1
0,0.9396412276714854,0
1,0.9887710464910231,1
1,0.9421561206864871,1
1,0.7572944331367867,1
1,0.684027517593729,1
0,0.9640524481937445,0
1,0.9496211057918077,1
0,0.582330007117674,0
0,0.8762866265513641,0
1,0.9568294179809635,1
1,0.856493409270541,1
0,0.9989524793318367,0
1,0.7717626664198156,0
0,0.5220595115401521,0
0,0.9980192618395123,0
0,0.8818843395656842,0
1,0.9895417361712928,1
1,0.765188021608211,0
0,0.6848283660573357,1
0,0.9485555476004774,0
0,0.9698221658687356,0
0,0.6749620872255633,0
0,0.9014383568332973,0
1,0.5670033468583667,0
1,0.9891417466683291,1
1,0.7100994545575671,1
1,0.7195618948277612,0
0,0.9513471485816526,0
1,0.7826267684081484,1
0,0.9908085699622204,0
0,0.5984227657467458,1
0,0.7860019435175217,0
1,0.7370241865085155,1
1,0.5832064425195537,0
1,0.9514085196225828,1
0,0.9841420155520938,0
0,0.9335490928682603,0
1,0.637217656272834,0
0,0.9999285879040339,0
0,0.9808790454199198,0
1,0.9485809731520338,1
0,0.9979338228824688,0
1,0.8134981472790026,1
1,0.9349327192285993,1
0,0.8894442491613345,0
1,0.9795815359736789,1
0,0.9718516615572586,0
0,0.9970202730950645,0
1,0.9997495859982118,1
0,0.5359537702007466,1
0,0.9856738336932688,0
0,0.5499001841481009,1
0,0.9827256960184004,0
1,0.9208516275960401,1
0,0.957533315443261,0
0,0.9848713360075041,0
1,0.5080081892105061,1
1,0.9050131073401371,1
1,0.8820295068342354,1
0,0.9822513546495543,0
0,0.911697987274034,0
0,0.9657463240802534,0
0,0.6676042919439049,0
0,0.9293229738782937,0
1,0.9924298582216591,1
0,0.7207526486896358,0
0,0.9532026790150715,0
1,0.9999281639724875,1
1,0.7596738520650164,1
1,0.9785110059330323,1
1,0.9053066449918958,1
0,0.9931839361644219,0
0,0.7970937479629643,0
1,0.7080563274786812,1
1,0.5186641023497889,1
0,0.8487801560206084,0
0,0.7932242465818006,0
0,0.9985883588797415,0
0,0.7876493460358395,0
1,0.9962874577168815,1
1,0.9395876030993624,1
1,0.5449239766543501,0
1,0.8886349491418555,1
1,0.976586462746568,1
0,0.9757679204009013,0
1,0.7961958487589792,1
1,0.5687393740314153,0
1,0.8111932020118309,1
1,0.8119735620890592,1
0,0.8707602821170188,0
1,0.9414049177900127,1
0,0.9235052041565777,0
1,0.7946131872162122,1
1,0.9723957103680028,1
0,0.9956123993180537,0
0,0.9997895132789615,0
1,0.7210279928988209,0
1,0.9988824716169572,1
0,0.9486357612760784,0
1,0.8966442478440969,1
1,0.6643576191770744,1
1,0.6501653074941138,1
0,0.9939406317931472,0
0,0.9928878521414465,0
0,0.8770445907547695,0
1,0.9817181688821571,1
1,0.9470727637961878,1
1,0.6100495283057941,1
0,0.8985509023391381,0
0,0.999061012446878,0
1,0.920653865680816,1
0,0.7487723633193927,1
1,0.9044821436794039,1
1,0.713538946730053,1
0,0.9966081718790543,0
0,0.862432766318127,0
1,0.866247919592619,1
1,0.6729936477164785,1
1,0.9956922537936616,1
1,0.702892962494565,1
1,0.9191731704250901,0
0,0.987071820609794,0
0,0.9881462452129386,0
1,0.8754429453586193,1
1,0.5059741980940218,0
1,0.9255602914328579,1
1,0.5000839233597749,1
0,0.9990467364125042,0
0,0.5139347427072491,1
0,0.6637998321930194,0
0,0.9965298020780347,0
0,0.9139864221324452,0
0,0.8442733623195504,0
1,0.5423837193140918,0
0,0.9984027537046559,0
1,0.6032388705475469,1
1,0.9302084634273511,1
0,0.7275574225025059,1
1,0.8203384984745171,1
1,0.9826674354410128,1
0,0.8748257415073859,0
1,0.968083780909226,1
0,0.9946031425758033,0
1,0.86339031723216,0
0,0.9999841105362365,0
1,0.9965495954987625,1
1,0.8577559629915099,1
0,0.6519075038640225,0
0,0.9986315588193219,0
1,0.8332478153853637,1
1,0.9930229630675002,1
1,0.9986239628477906,1
1,0.9364438664769593,1
0,0.9948187376641713,0
1,0.9944919812881323,1
0,0.9966551184622726,0
0,0.9995184288936111,0
0,0.9485876488231375,0
0,0.9302786900072648,0
0,0.8950950640016028,0
0,0.5543662577457511,0
0,0.9477053185829097,0
0,0.8817020630964552,0
1,0.9090805008391338,1
0,0.6801224945514758,0
1,0.9365661606444907,1
0,0.9397193789986351,0
1,0.997239143509071,1
1,0.9976699263467812,1
0,0.9813906553541376,0
0,0.9977439371383396,0
1,0.8502529383327729,1
0,0.9905069141882127,0
0,0.8896185108635511,0
0,0.986066948236188,0
1,0.6997184181833138,1
1,0.5191544888258184,1
0,0.8263158438892702,0
1,0.7385798447584253,1
0,0.8886028466625806,0
1,0.5581250222612905,1
1,0.5243259573727592,0
0,0.9573970287001756,0
1,0.6589962469114169,0
0,0.9996109872498491,0
0,0.7308699340358034,0
1,0.9166592290974027,1
0,0.9557074572336153,1
1,0.7147404267989222,1
1,0.8554821200800963,1
1,0.8755250943777393,1
1,0.5647424207509988,1
1,0.8248410970647805,0
1,0.8793587715251571,1
0,0.9886680309051088,0
1,0.8333136698072713,1
1,0.8281009092941227,1
0,0.9890419447375343,0
0,0.9090571676790601,0
1,0.6917336114483823,1
0,0.9971518902743771,0
0,0.5715961969902612,1
0,0.9984785779521153,0
1,0.6995414386726222,1
1,0.6999442734441602,1
1,0.622336511835656,0
0,0.9949730316281296,0
1,0.8244618687630255,1
0,0.9061947732948807,1
1,0.9945621375990387,1
0,0.9871931443451069,0
0,0.6134807662582995,1
0,0.9484169626467618,0
1,0.8262487722352838,1
1,0.6482097026242145,0
0,0.9691803971215401,0
0,0.5750246658628391,0
0,0.6859352554473447,0
0,0.8207135105227276,1
1,0.8446072912787499,1
0,0.9436941478135816,0
0,0.8620051977891912,0
1,0.9315723960658562,1
1,0.9517994168446775,0
1,0.9744222517467386,1
1,0.915153864044985,1
1,0.9279169293010401,1
1,0.9215573354899945,1
1,0.9716011112780141,1
0,0.7335045419849127,0
1,0.6155542582031573,1
1,0.6360735964156505,1
1,0.7769098374571711,1
1,0.571482274148292,1
0,0.9401589436769106,0
1,0.9875406085939038,1
0,0.8641238559624911,0
1,0.7529956027778366,1
0,0.9360572921766862,0
1,0.6834389774641099,1
1,0.9882328670353692,1
1,0.9601363049444006,1
1,0.8473218177616699,1
1,0.6278966146391479,0
0,0.5409571713320991,1
1,0.8332152600925298,1
1,0.5782735148251117,1
1,0.9752007471551923,1
0,0.9736121336555289,0
0,0.5338479832506622,0
0,0.691891267474314,1
1,0.9986432896964842,1
0,0.7273048253329839,0
0,0.9912655970850043,0
0,0.8834541182841369,0
1,0.9955018413288624,1
1,0.8836281810922871,1
0,0.8199330676712546,0
0,0.8258940902896502,0
0,0.8968187836768099,0
1,0.8652274974672851,1
0,0.9939342342420467,0
0,0.9773426493340523,0
0,0.9266546904465003,0
1,0.6294962533615709,1
0,0.8826407298551994,0
0,0.9004701116694568,0
1,0.7485788340166563,1
1,0.9224249010117214,1
1,0.9888722810407106,1
1,0.7407115995383121,1
1,0.5138629489767916,0
1,0.7094388471055671,1
0,0.986580805954069,0
0,0.8145327564396094,0
0,0.9063424315369174,0
0,0.8821245310631378,0
1,0.9736077618430231,1
1,0.6070607854988157,1
1,0.965348750556621,1
0,0.9351418238746481,0
0,0.9780796003202044,0
1,0.9998124605926487,1
1,0.6981158311960377,1
0,0.9859283725487354,0
0,0.9971435848504068,0
1,0.9822127199490149,1
1,0.5307837632392155,0
1,0.757767338106773,1
0,0.9902751360816724,0
0,0.9731316833885266,0
0,0.9605571147149621,0
0,0.9641306288875056,0
1,0.6684070446925547,1
1,0.519996911247112,1
1,0.703365572774545,1
0,0.9973510745060348,0
0,0.9985475300969184,0
1,0.6836136894205155,0
0,0.8556897664963569,1
0,0.9623560394411483,0
1,0.8997275422038322,1
1,0.7378213078530429,1
0,0.8050609232692681,0
1,0.9485012421810168,1
1,0.8961852860131282,0
0,0.9979018984666072,0
0,0.9537599855042087,0
1,0.7352083084480813,1
1,0.9209160117089844,1
1,0.6002821593817348,1
0,0.9934807234334709,0
1,0.9956917696366339,1
0,0.9951953598768296,0
1,0.8752445301399338,0
1,0.9684442256849178,1
0,0.9861175844274497,0
1,0.9815364319813201,1
1,0.8511497234140201,1
0,0.7345092243522312,0
0,0.9438837705723129,0
1,0.9778036317742268,1
0,0.9722011663125723,0
1,0.9947636567556996,1
0,0.8952079902362513,0
0,0.997279859117542,0
1,0.7000840240945666,1
1,0.7073018187976393,1
1,0.9468652681018004,1
0,0.9764367379223388,0
0,0.5919125041843191,0
1,0.9928805555863622,1
0,0.9782507057561017,0
1,0.8502696109942335,1
1,0.6037268160691649,0
1,0.5448657474799667,0
0,0.739720209817067,0
0,0.5966125202433894,1
1,0.6187361502127611,0
0,0.6580687861415682,0
0,0.952801310074669,0
0,0.9675970830800801,0
1,0.9931939249051582,1
0,0.9799621794209518,0
1,0.7860550965753867,1
1,0.8320432019073151,1
1,0.6043397961612842,1
0,0.9106610866524615,0
0,0.9807504607861228,0
0,0.7342674046477925,0
1,0.988467988045113,1
1,0.6127021257146392,1
0,0.53969204705297,1
1,0.6075004766919517,1
0,0.9698278249456949,0
1,0.9702258176324038,1
0,0.5664638997954272,1
1,0.8773320630078965,1
1,0.7418626044169849,1
1,0.7703956967610069,1
0,0.9717154038786039,0
0,0.9674194425635396,0
0,0.6217552887577416,0
1,0.9453196708336845,1
0,0.5053800896334137,1
1,0.9886205659548497,1
0,0.9931807178777607,0
1,0.6236057608988408,1
0,0.8083170218780619,0
0,0.6135218799966698,1
0,0.9626181578802051,0
1,0.5269104056290738,1
1,0.915647841035913,1
1,0.9967481523914913,1
1,0.9203759649574268,1
0,0.8634455992735308,0
0,0.9660323937530694,0
1,0.9370224347566809,1
0,0.7647894844497727,0
0,0.9131011133708522,0
0,0.5059765550851245,1
1,0.9966286752316167,1
1,0.9860105061151203,1
0,0.6343496717355688,1
0,0.9998959980214878,0
1,0.6603926173566779,1
0,0.7795995532105745,0
0,0.9987929884365027,0
0,0.7735993661860611,0
1,0.8982513001085614,1
1,0.5286226748946512,1
0,0.8996082828867196,0
1,0.9681443257348998,1
1,0.86297634443221,1
0,0.7174869280190013,0
1,0.9992548097208028,1
1,0.5864386504018545,1
0,0.5236658572799673,1
0,0.8596618593900383,0
1,0.556897148156478,1
1,0.7932165274926843,1
0,0.557700459480347,1
1,0.8945339033576154,1
1,0.9858954269963625,1
0,0.6616453327167988,0
1,0.9983464955709684,1
1,0.9937790354233085,1
1,0.90824233502703,1
0,0.9199437748917031,0
0,0.7186717734899848,1
1,0.9810274697776427,1
1,0.9457390296620561,1
0,0.7942269868715793,0
1,0.9888525509709624,1
1,0.9966171188135801,1
1,0.9884662103694113,1
1,0.8008072927121235,1
1,0.7610902253620381,1
0,0.9936457198634001,0
1,0.9054837354484965,0
1,0.5449309735695469,0
0,0.81989024835603,1
0,0.9984372735130742,0
0,0.6764062838808217,0
0,0.9534912959946661,0
1,0.9998841317269141,1
1,0.9781665283339934,1
1,0.6124781552185765,1
0,0.9805751282181399,0
0,0.999395651590793,0
1,0.6759880521327252,1
0,0.9880136239136882,0
1,0.9945225705804565,1
1,0.6987602402556774,1
0,0.9304745797422138,0
0,0.7024561689367731,0
0,0.9941372469234334,0
0,0.9694669623767974,0
0,0.9940558581480176,0
1,0.5895226561172737,0
1,0.887467880565755,1
0,0.9914833561988462,0
0,0.9166610644637705,0
0,0.8993125921720724,0
1,0.5688855242666592,1
1,0.9992676253615049,1
0,0.9952067059923138,0
0,0.914352168671979,0
1,0.9376363242597093,1
1,0.654890050302904,1
1,0.7101230574968405,1
0,0.8833646216933754,1
0,0.7686039183969823,0
0,0.8644815514039603,1
0,0.7614326606691246,0
1,0.7776591044407161,1
1,0.9899184521595026,1
1,0.9957329578328175,1
1,0.9612457228675103,1
0,0.9297168538019042,0
0,0.8193973044069662,0
0,0.987622224028596,0
0,0.9501241905494087,0
1,0.7280410381468282,0
0,0.6883129243053031,0
0,0.993900162121454,0
1,0.8341343184620446,1
1,0.9327284897442523,1
1,0.9389407615459547,1
1,0.9793396193863589,1
0,0.8855762242982171,0
0,0.6509031813119142,0
0,0.9435338876635363,0
1,0.9000109862035652,0
1,0.9906105672213341,1
0,0.7734107409937419,0
1,0.9662455303098536,1
0,0.6151843500036333,0
1,0.7362749090325698,0
0,0.9669227170789209,0
1,0.8603578691623341,1
0,0.9983876876734815,0
0,0.7436315509496048,1
0,0.8948667556333924,0
0,0.9503598223928496,0
1,0.671486021208756,1
0,0.9996418841110417,0
0,0.9972098749349615,0
0,0.9781590114781004,0
0,0.9990460935871324,0
1,0.9991912339138503,1
1,0.7006661502758771,1
1,0.9264892369352876,1
1,0.8347428707310454,1
0,0.763372905340392,0
0,0.9708004882006481,0
1,0.8982493523115335,1
0,0.9436515216460573,0
0,0.8442267018651511,0
0,0.9910573952840295,0
0,0.779446761555485,0
0,0.960164986830968,0
1,0.964628494175951,1
0,0.8475566420878636,0
1,0.9957227595488259,1
1,0.8931072875922725,1
1,0.7706151069426532,1
1,0.500116666117622,1
0,0.9172338178444719,0
1,0.6545464904044527,1
0,0.9901310396284104,0
0,0.7257702483145108,1
0,0.7562688681421499,0
0,0.9877522433953744,0
0,0.8127323130193684,0
0,0.7303496320667877,0
1,0.8021154757536484,1
0,0.9162875027905887,0
1,0.5477302332672516,1
0,0.9987051066886492,0
0,0.5523250952789,0
1,0.7740258190963332,0
0,0.9970514487303569,0
0,0.8745902291874575,1
0,0.8159977982134166,0
1,0.9912450489823351,1
1,0.6661762870072615,0
0,0.7497996446389741,0
1,0.8519389211408147,1
0,0.984134926669152,0
0,0.9966058804630143,0
1,0.9995957067593862,1
0,0.9146687141338926,0
0,0.9863059011182659,0
0,0.8343819691863983,0
0,0.9520253664334154,0
1,0.9837808733302419,1
0,0.9771630862237538,0
0,0.9798412704993039,0
0,0.9732344789550487,0
0,0.9964386048585239,0
0,0.7448394359796879,0
0,0.9660829108640095,0
0,0.8843606888468016,0
1,0.9901237740994028,1
1,0.896755188487124,1
0,0.8759477848700311,0
1,0.9447309033323857,1
1,0.8155697767675104,1
1,0.9773875345407365,1
0,0.9468969584180761,0
0,0.9619353262562449,0
0,0.6092468978750494,1
1,0.8688825087662899,1
0,0.9995841590023367,0
1,0.7609779831459068,1
0,0.8622870309216666,0
1,0.9709337926169525,1
1,0.7512024868460968,1
1,0.816831815123575,1
0,0.9919374313181164,0
1,0.7274224796123017,1
1,0.8007313774053728,1
0,0.9162488094936624,0
1,0.5467155001624824,1
0,0.9996893589394239,0
0,0.8898074663447502,0
1,0.622091719923139,1
0,0.9614631510776468,0
1,0.8384095674549077,1
1,0.9902870225244804,1
0,0.6858130291740767,0
0,0.8685791779360381,0
0,0.9758114306324414,0
0,0.9260953626805102,0
1,0.9320022794135201,1
1,0.874188222696425,1
0,0.9806134687867658,0
1,0.9949615692440658,1
1,0.8896390843945743,1
0,0.9591655434074357,0
1,0.7448500266023328,0
1,0.9652686936534349,1
0,0.9901074761797226,0
1,0.9858528104915262,1
1,0.9386595461698234,1
0,0.6729784132474788,0
0,0.8834228678754338,0
0,0.8008454557692004,0
1,0.9862768215982619,1
0,0.9909824523596784,0
1,0.9186365267866048,1
0,0.5013574341131202,0
1,0.5379695688936442,1
0,0.7117897536480247,0
0,0.5452851982406148,0
0,0.9620383597195176,0
0,0.9079557795484356,0
1,0.8879681780816768,1
0,0.9824669733144659,0
0,0.9515744959149293,0
0,0.8464472609327951,0
0,0.9996994945569059,0
1,0.7413169364400183,1
0,0.9853337289494478,0
1,0.5260474860258738,0
0,0.9802673375807129,0
0,0.9929256721366854,0
1,0.8540269326898466,1
1,0.6915010658187669,1
0,0.9956784197710604,0
0,0.9377105550425715,0
0,0.6420743039634965,1
1,0.5879950060910951,1
0,0.9872530925451962,0
0,0.7584488329847705,0
0,0.8321992019020396,0
1,0.971661460181861,1
0,0.6882080368323568,0
1,0.9311150190872192,1
1,0.9281763540597647,1
0,0.9820531948941027,0
1,0.8298449696889363,1
0,0.982035021904182,0
0,0.917094203857018,0
1,0.9957307956530439,1
1,0.9797225192357962,1
1,0.9993579260363151,1
0,0.7461468891435962,0
0,0.8499114228012272,0
1,0.6153027086646646,1
1,0.9047306647298152,1
0,0.9167484913449823,0
1,0.89279932995603,1
1,0.6964226447420855,0
1,0.9917810383924063,1
1,0.8710215895543013,1
1,0.6166171605274848,0
1,0.686027911301833,0
1,0.9873005724194289,1
1,0.7642922305482466,1
0,0.8259630308629557,1
1,0.9734681737124532,1
1,0.6433294768851526,0
0,0.9996608389876396,0
1,0.9917356108128855,1
1,0.7988402693695338,1
0,0.9554203575334179,0
1,0.7738015450548696,1
1,0.670723199321225,1
1,0.9291354215888006,1
1,0.663815620765889,1
0,0.9138030707460479,0
1,0.7535478420493522,1
0,0.9649166848902561,0
0,0.913584160749927,0
0,0.9208181431041134,0
1,0.6919772931097296,1
0,0.6029960674142484,0
0,0.9843463200804503,0
0,0.960349401383975,0
0,0.9948587119211313,0
1,0.999125483891498,1
1,0.8240800638773034,0
0,0.9683115030303033,0
1,0.7715970613660876,1
0,0.7075811195808478,1
1,0.6228344145379607,0
1,0.9521233899584604,1
1,0.5217655952730563,1
1,0.8437064655541139,1
1,0.9789358255440666,1
1,0.9107619318636182,1
1,0.9135998301921203,1
1,0.8170242326286983,1
1,0.8689052517789863,1
1,0.963502267494377,1
1,0.9537741292826083,1
0,0.6133929071709834,1
0,0.5280502635532572,1
0,0.9672739495229198,0
0,0.9878680573073505,0
1,0.9754147913270964,1
0,0.9745267095386998,0
1,0.9116011916308335,1
1,0.892123077879227,1
1,0.5684415207649698,1
0,0.7942015100718591,1
1,0.8644218872300415,1
1,0.9533228916119962,1
0,0.9982776374296586,0
1,0.8431932871145471,1
1,0.8549392269116336,1
1,0.5134398311604815,1
0,0.9854249948191526,0
1,0.9900978206967955,1
0,0.9998822817889162,0
0,0.9342654910049467,0
1,0.8729238542263289,1
0,0.8749916192811328,0
0,0.6054615686116416,1
1,0.999717123348587,1
1,0.9441184705720271,1
0,0.922803228799754,0
0,0.6543143243651272,0
0,0.6087826649480843,0
0,0.9143553069961189,0
1,0.9971785446780014,1
1,0.9803832274617723,1
0,0.9780425144746787,0
0,0.7705723425037858,0
1,0.9667495792616914,1
0,0.637469450772993,0
0,0.5072659832301564,1
0,0.7834932406426895,0
1,0.5999056402186959,1
1,0.8012222980524274,1
0,0.953053202959854,0
1,0.5474598805817038,1
0,0.9634158641980303,0
0,0.9765462170002641,0
0,0.9714233528953022,0
1,0.8019815337355122,1
0,0.5879397292335331,0
0,0.9829996655159258,0
0,0.7109642400827658,0
1,0.5007738085312065,1
0,0.6162137785007801,1
0,0.9838912365111347,0
0,0.9848632977052154,0
1,0.9260128042494092,1
0,0.9941491528722736,0
1,0.8541254417670663,1
0,0.9452520062094971,0
0,0.9757561890375271,0
1,0.7344950319469891,1
0,0.9829178982205685,0
1,0.999936268190556,1
1,0.9955626168979645,1
1,0.6071003599271346,0
0,0.5382595773194473,1
0,0.7028623125175286,0
1,0.6430889240527665,1
1,0.8856391528760732,0
1,0.9512521506086905,1
1,0.9908024395252667,1
1,0.8712008302700958,1
0,0.9364019997661104,0
1,0.8223602102505448,1
0,0.943370085995927,0
0,0.9645160297625186,0
0,0.9858092575665708,0
0,0.9136083917601009,0
1,0.6793299106587429,0
1,0.9981565678877331,1
1,0.917943804423455,1
1,0.9494704063695325,1
0,0.9025120295658661,0
1,0.6635894413155877,1
1,0.6553213780780399,1
0,0.988918412859857,0
0,0.9132264767735468,0
0,0.9836676072546334,0
0,0.7019281040772898,1
1,0.8509389691052357,1
1,0.8333888384173209,1
0,0.9939387461266485,0
1,0.6053829714127894,1
1,0.8624446228551151,1
0,0.9736547762534158,0
0,0.9933857125818375,0
1,0.9938405203808184,1
0,0.9820709050546423,0
1,0.8188203678042085,1
1,0.5113549261684321,1
0,0.5725493656614835,1
1,0.952106445567049,1
1,0.7023604491947875,1
1,0.9486755708760969,1
1,0.8736072096145844,1
0,0.7993192005786613,0
1,0.7686154376237306,1
1,0.8555194220775078,1
1,0.9994492510365913,1
1,0.8577416903057922,1
0,0.9376376930242959,0
0,0.9914189055047994,0
1,0.6901042213312444,0
1,0.9645975813347119,1
0,0.8355676361017411,0
0,0.8489855471803873,0
0,0.9943696615128491,0
0,0.6748467909490803,0
1,0.660139261162074,1
1,0.8591324511346433,1
1,0.9550721595071603,1
1,0.9517590763298989,1
1,0.704219717344249,1
0,0.9808698034781729,0
1,0.9369402842127498,1
0,0.9999004174540381,0
1,0.9067237344235423,1
1,0.750155213506462,1
0,0.522372386449325,0
0,0.7107521980809703,0
1,0.8487116129422018,1
1,0.6014305943601606,1
1,0.7331139807057093,1
0,0.8760756487790672,0
0,0.9771538882197759,0
0,0.6184781836085078,1
0,0.6800478204285941,0
1,0.7599951091048412,1
1,0.9564720286170914,1
1,0.5082381635463095,0
0,0.8693588857331453,0
1,0.739611113712982,1
0,0.9262933540943461,0
0,0.9624894748342147,0
0,0.9748262884241714,0
1,0.9758984709885631,1
0,0.9014735279037155,0
0,0.9933166377574129,0
0,0.7723036655804445,0
1,0.9900567344688735,1
0,0.7301536696984591,1
0,0.9241992915313233,0
1,0.9144819219529108,1
1,0.6245390224090434,0
0,0.847728764696722,0
0,0.9802533388520749,0
0,0.9791288172930575,0
1,0.9797068100168369,1
1,0.8082358541478483,1
0,0.9680102412647614,0
0,0.8800883465802486,0
1,0.9981672254582474,1
0,0.8804752029855007,0
1,0.9437303705288596,1
0,0.6475226710522594,0
0,0.9892447994356159,0
1,0.7537380599488449,1
0,0.9510866067369377,0
0,0.7768718552276492,0
0,0.9913373118971023,0
1,0.6706277928618024,0
0,0.6513806531746131,0
1,0.8257953237337843,1
1,0.5198719793124466,0
1,0.6795547870973722,1
0,0.728829047919034,0
1,0.995520073227333,1
1,0.9876023351790995,1
1,0.8555242753106082,0
1,0.8572722618243453,1
0,0.8531026626893317,0
0,0.9064803816968687,0
1,0.6899018947783278,1
0,0.823375762800886,1
1,0.6940244353256594,1
0,0.5329353641545819,1
0,0.7189136889928147,0
1,0.997836580010478,1
0,0.6427985520363537,0
1,0.6298131078807973,1
0,0.5591997838053866,1
1,0.5467272818951132,1
1,0.9996726619576393,1
1,0.7764561946284181,1
0,0.6278383061879846,1
1,0.5096793374140256,1
0,0.9227520669396831,0
0,0.9850303302016763,0
1,0.992132317250204,1
1,0.9555415703165624,1
0,0.7532617988795226,1
0,0.9950900132589263,0
0,0.9900902455754889,0
0,0.9775069894302032,0
1,0.9971297876757115,1
0,0.6580993312216407,1
0,0.6725423584015315,0
0,0.9797287106244165,0
1,0.6844715901226692,1
1,0.9801748693584793,1
0,0.999151935005109,0
0,0.9904949796396071,0
0,0.9749950037649149,0
1,0.6936931595991807,1
0,0.9537469080214075,0
0,0.7892760397131416,0
1,0.8167127885203649,1
1,0.9946271614490804,1
1,0.7686284946113431,1
1,0.7184697625212937,0
1,0.5014664343742751,1
0,0.9994418043316069,0
1,0.5882796685065044,1
0,0.8391945593856134,0
0,0.8501075666078917,0
0,0.9273413866443144,0
0,0.9205384758781047,0
1,0.9260254568556175,1
1,0.757767338106773,1
1,0.9913064045076858,1
1,0.9478810833471538,1
0,0.748278717381575,0
1,0.8958818048044577,1
1,0.9126716274281494,1
1,0.9482885842951779,1
1,0.821395676259556,1
1,0.9872957922009725,1
1,0.6210827419816313,1
0,0.9992047452163616,0
1,0.9981009105297876,1
0,0.9812084203200464,0
1,0.9139389483246294,1
0,0.9999567228416977,0
1,0.8977779401831352,1
1,0.6362121817550342,1
1,0.5846534755483253,1
0,0.9941730472676175,0
0,0.7755201431434176,0
0,0.9882430537845673,0
1,0.5088978131188732,1
0,0.6005188550323242,1
1,0.5928691867851125,1
1,0.5204710350047769,0
0,0.9244226046418631,0
0,0.8779002112880108,0
0,0.7588482636457957,0
0,0.9835968538754558,0
1,0.928483049255493,1
0,0.9179533986389801,0
0,0.81234604283985,0
0,0.642734793891069,0
1,0.9947288531887225,1
0,0.5453310383814762,1
1,0.9755422810350903,1
1,0.6589455789561594,1
1,0.9688052912586408,1
0,0.9928495503397314,0
0,0.7537571955742897,0
1,0.9903416001074745,1
0,0.9989416199093916,0
1,0.9128740447701683,1
0,0.9858221704740281,0
1,0.9229391539865229,1
1,0.811173087517773,0
1,0.6470128713156593,1
0,0.9197544455966946,0
1,0.6706723730585878,1
0,0.9468850460959475,0
0,0.9142075144846251,0
1,0.9438761995587329,1
0,0.9704852731030627,0
0,0.8198045382277686,0
0,0.9988370496117398,0
1,0.5156591372102735,0
1,0.727531575314167,1
1,0.6562753670627715,1
1,0.6225321354409871,0
1,0.7600476864401071,1
1,0.7675993457869539,1
1,0.5567612795855728,1
1,0.9549905274186397,1
1,0.5549846926987398,1
1,0.7838763239228044,1
1,0.988492241065525,1
0,0.9426792645153651,0
0,0.9695322976487402,0
0,0.9943441306638644,0
0,0.9998506449500693,0
1,0.5587146244117052,1
0,0.9886221296993867,0
0,0.9999854176170777,0
0,0.9525664646211993,0
1,0.9911891675272922,1
1,0.8366919009174358,1
0,0.9999436666553947,0
1,0.9998101369086432,1
0,0.9832477152488517,0
0,0.9142048345829006,0
1,0.7606227279792378,1
0,0.9823347217953825,0
0,0.6459118873385061,0
0,0.9633854903429288,0
0,0.9966575023373212,0
0,0.8272487726057716,0
1,0.7538486910606265,1
0,0.8357587458948125,0
0,0.9703116139152614,0
0,0.5454836073597777,0
0,0.6021307201363321,1
1,0.9530367325549334,1
1,0.8329090350978117,1
1,0.8762425995204095,1
1,0.5142499043984191,1
0,0.9751310946416296,0
0,0.9991196537826957,0
1,0.6553177122563086,1
0,0.5834652126742244,0
1,0.9904902293283795,1
1,0.6550814959252428,1
0,0.6913978509135894,1
1,0.9922577837540076,1
0,0.9937113856453504,0
1,0.9965342589624084,1
0,0.9694664154247561,0
0,0.6476078333941659,0
1,0.7472154049662884,1
1,0.9981831725082974,1
1,0.9920369346063472,1
1,0.9936828736958286,1
0,0.8035459878750453,0
1,0.9736911757525882,1
1,0.9273260911642849,1
0,0.5973687484264214,0
0,0.9960484376600599,0
1,0.6599225235810632,1
0,0.7696456159647518,1
0,0.8570369952203247,0
0,0.9514403203600286,0
0,0.7718081689942425,0
0,0.9773286342883015,0
0,0.6221416354326653,1
0,0.5509500249620034,1
1,0.8344217494011171,1
0,0.5810969730566793,0
0,0.7593340151800725,0
1,0.6061909595782653,1
0,0.9992086147697946,0
0,0.5926519286794072,1
0,0.9965080215637613,0
0,0.6230294815880756,0
1,0.8779409317002105,1
0,0.8708703844297228,0
0,0.9319734602201788,0
0,0.9331275004566103,0
1,0.8079227735120768,1
0,0.785905139387291,0
0,0.9660474252211338,0
1,0.5173966488982628,1
0,0.9910301318697515,0
1,0.8704591359539374,0
1,0.6187540368893378,1
1,0.878853016987598,1
0,0.9990015703864344,0
1,0.9477535417070271,1
0,0.9758776059265106,0
1,0.8960307086040069,1
0,0.9769756901978268,0
0,0.9991628729094031,0
0,0.5655108897058938,1
0,0.9174328025980267,0
0,0.9635427833042487,0
0,0.9576397289113263,0
1,0.9782190399332519,1
1,0.6633937951828593,0
1,0.8096686919076065,0
1,0.7661985994884825,1
0,0.9794377200572612,0
1,0.868427691438335,1
1,0.9021305716046619,1
1,0.9997929681708756,1
0,0.9693576486498761,0
1,0.5721397683273588,1
1,0.923869083319282,1
1,0.9905012525330391,1
0,0.9927623146844398,0
0,0.8160883019405819,0
0,0.9330511215393111,0
1,0.5791094497394715,1
1,0.6912238948170951,1
0,0.8545557905898183,0
0,0.938816201515136,0
0,0.7987793280195828,0
0,0.9977118144058416,0
0,0.8603991771483778,0
0,0.7001452200139245,0
0,0.9726336237900068,0
1,0.8354245153450939,0
0,0.9875897932450052,0
1,0.6837946767262505,1
0,0.9374997432000737,0
1,0.9942163424178917,1
0,0.9923037173534885,0
0,0.6082221888397539,0
1,0.8104378271730867,1
1,0.863990708699409,1
1,0.9771095629120774,1
0,0.8180471226496517,0
0,0.9873425737700349,0
0,0.8765000058865886,0
0,0.9076268857524431,0
1,0.9470690475058466,1
0,0.9672212009410304,0
0,0.9884724253959776,0
0,0.6733330290941087,0
1,0.9892755190913368,1
0,0.99823449968042,0
1,0.9817720136774489,1
1,0.7266438916039247,1
0,0.9157246908353783,0
1,0.9966898361777277,1
1,0.8058685908780439,1
1,0.6895631444825792,1
0,0.8696811624572773,0
0,0.9993889173595089,0
1,0.6785113949398436,0
1,0.777762193761445,1
1,0.9989033178315307,1
0,0.993407905388405,0
1,0.685882603400837,1
1,0.7076128517951464,0
0,0.9479072084991115,0
1,0.8720370525796682,1
0,0.9990944680307551,0
0,0.9934417757648262,0
1,0.9903114390574538,1
1,0.7716439943493926,1
1,0.9215599084563776,1
1,0.7812366450652911,0
1,0.9639878281117095,1
0,0.9924424911402532,0
1,0.5984585957446495,1
0,0.9385564473263085,0
0,0.9075125999058133,1
1,0.8502041596678248,1
0,0.8603186628430534,0
0,0.7014958506033482,0
1,0.8810168609640913,1
0,0.9925164547506977,0
0,0.9953676116684336,0
0,0.7748167538958942,0
1,0.9788465422634623,1
0,0.9866589694195881,0
0,0.9682360605358262,0
0,0.8474285810251028,0
1,0.6108097777270582,1
0,0.6010199740573237,1
0,0.9639560810321365,0
1,0.8473192616561014,1
0,0.8988893644914344,0
0,0.9945070277997388,0
0,0.5460975573627065,1
0,0.5547395105510631,1
1,0.9946919188379213,1
1,0.8192825867166594,1
0,0.9068576419842537,0
1,0.8655547441666753,1
1,0.9323103550512063,1
0,0.9678041675382634,0
1,0.9126504961787676,0
0,0.9587778109179811,0
0,0.9291355685356602,0
1,0.8907996060730785,1
0,0.996540476545941,1
1,0.8260639721089104,1
1,0.8620990459135942,1
0,0.902666510232483,0
1,0.9963873357741544,1
1,0.9881600434439771,1
1,0.9506603571040296,1
1,0.758413506982463,1
1,0.9955298943632627,1
1,0.9272720517454172,1
0,0.9892618011401753,0
0,0.9429141609760145,0
0,0.8949208605282568,0
0,0.546729458083369,0
0,0.934387837154056,1
1,0.6929730571285679,0
1,0.9875383775040275,1
1,0.7612772311342233,1
1,0.6552438988959587,1
0,0.9936841917870126,0
0,0.9981003108500693,0
1,0.6491024639276499,0
0,0.9989390457351837,0
0,0.9978005553615767,0
0,0.9864205849496923,0
1,0.9776201758647609,1
0,0.6219817525590864,1
0,0.8355108655148686,0
1,0.5327911425150962,1
0,0.947040638502745,0
0,0.5580978342074291,0
1,0.6821004712980115,1
0,0.545071239141487,1
1,0.589769535225309,0
0,0.9999112974543383,0
0,0.9233768818467528,0
1,0.760157083789127,1
1,0.6388990963500837,1
1,0.9224481430384777,1
0,0.9298825657239724,1
1,0.8222379989292311,1
0,0.9994199436447737,0
0,0.7749320261426487,1
1,0.9937084995741132,1
1,0.9709966036860784,1
0,0.8903951667538647,0
0,0.9956843963313216,0
0,0.6946901276203901,0
0,0.9902224265601487,0
0,0.5734518168279601,0
1,0.9288442739682876,1
1,0.9913192366894193,1
0,0.9249595648320967,0
1,0.9908025836092992,1
1,0.7166282325030677,1
1,0.9572932940857952,1
0,0.9550892333555897,0
1,0.8984099510454662,1
1,0.9956522074670501,1
1,0.9601401832895788,1
0,0.9929602186696629,0
1,0.6693903562616571,1
0,0.9373090240612737,0
1,0.9838759450567178,1
0,0.9908454097687275,0
1,0.9431288566736087,1
1,0.9747752252686697,1
0,0.9999509856016949,0
1,0.9860311956956654,1
0,0.8012405785863673,0
1,0.9821216303431536,1
1,0.7836681063736218,0
0,0.8127336540630574,0
1,0.8105412669881489,1
1,0.6298593722130914,0
1,0.9838680014888171,1
0,0.9536000431631289,0
0,0.782450120395322,0
0,0.7443219782204071,0
1,0.9888942005702864,1
0,0.6965879598828123,1
1,0.6600580041579782,0
0,0.9907371363678548,0
1,0.9963456481515579,1
1,0.978652338692323,1
1,0.8656619056746038,1
0,0.6080275514844076,0
1,0.7917342855977973,1
1,0.7150695021323369,0
1,0.5352079711438713,1
0,0.9649666556842563,0
1,0.8682654200397607,1
1,0.6477625752996111,1
1,0.8515683572623918,1
0,0.9873560636524994,0
1,0.9910617178628215,1
0,0.8349105085746011,0
0,0.6558462663541103,0
1,0.5556228859088236,0
1,0.974149289033251,1
1,0.6769713996574569,1
0,0.6496415054677771,0
0,0.9994016879723622,0
1,0.9600469472882606,1
1,0.9708500398246986,1
0,0.9326389574865812,1
0,0.9990363132789646,0
0,0.9204110553224101,0
0,0.6728438139434287,0
0,0.8983738589109733,0
0,0.9717974592701852,0
1,0.7849542192996309,1
0,0.6552180171772731,0
0,0.9929267927967208,0
1,0.5697115166972446,0
0,0.9582776814069064,0
0,0.6713985946355486,0
0,0.9933213168791833,0
0,0.6121452934166334,0
0,0.5429238473002518,0
1,0.793760343804291,1
1,0.8798739774120975,1
0,0.9347201519153958,0
1,0.8640016499420663,1
0,0.8215276111867607,0
0,0.9967201142048534,0
1,0.5420519853799597,0
0,0.7316885433522049,0
1,0.9459485203284966,1
1,0.9801720676548961,1
0,0.9827930628393234,0
1,0.536876351110762,1
0,0.9831710640039647,0
0,0.8544345622215119,0
1,0.9801451131134328,1
1,0.8855369431636573,1
0,0.9983994826311495,0
1,0.7694915088349235,1
0,0.5162676624616134,1
0,0.99180420107676,0
1,0.8901818582915384,1
1,0.550040334268784,0
0,0.5183185985096868,1
0,0.6385417003466105,0
1,0.8426125280650757,1
0,0.8802075025720584,0
0,0.8798283722825393,0
0,0.9627990660965448,0
1,0.9953185760195044,1
1,0.7682245871524257,0
1,0.9353830455207854,1
1,0.967638110949479,1
0,0.9650091986737083,0
0,0.7486514839932467,0
1,0.9916990462129454,1
0,0.7674254049381068,1
1,0.975172095231947,1
0,0.9558062550574121,0
1,0.9738478000138908,1
0,0.8489524748515977,0
0,0.9629137228851872,0
1,0.9767398330585427,1
1,0.8032355701868088,1
1,0.9571130392771534,1
1,0.5090733006651147,1
0,0.9913122539984511,0
0,0.8036733952463484,0
0,0.9158225665171603,0
0,0.9795088949440912,0
0,0.9902915927076661,0
1,0.6343151231332105,1
1,0.9077666078484655,1
1,0.9850371050906245,1
1,0.938690562880575,1
1,0.9975264208973417,1
0,0.896951844082741,0
0,0.9082509365477467,0
0,0.9494729594393182,0
0,0.9968148441580246,0
0,0.9252743356429385,0
0,0.5714459542761766,1
1,0.9996345532048271,1
0,0.8469718840230103,0
1,0.9726117529201347,1
1,0.9798673274904998,1
1,0.9006257791498398,1
0,0.9996555705791339,0
0,0.6094823316779497,1
1,0.7350790159947939,1
0,0.9052679148915539,0
1,0.7542010438255258,1
0,0.8422242288022056,0
1,0.7874070877305368,1
0,0.9974654989007773,0
1,0.9841189841566513,1
0,0.9491727099330695,0
0,0.9147966089229442,0
1,0.6654070372791018,1
1,0.6823660095668849,1
1,0.6335067277168653,1
0,0.8852861656030383,0
0,0.9899550515362645,0
0,0.8517410280303875,0
0,0.9973304200924602,0
0,0.8790753109012024,0
0,0.9692315230688947,0
1,0.896800709022805,1
1,0.7021223195897524,1
1,0.9979438393495322,1
0,0.9987943193420631,0
1,0.8488339248562272,0
1,0.9158264951257189,1
0,0.996547538136154,0
1,0.5521184188455782,0
0,0.5002616997768871,1
1,0.7051112347236184,0
0,0.8932930590429257,0
1,0.9999729698256868,1
0,0.9847083955507968,0
1,0.9183958478147335,1
0,0.9980966399266641,0
0,0.8197541583235779,0
0,0.893415263811478,1
0,0.6745991781429106,0
1,0.6349743229325874,1
1,0.6051176877354574,1
1,0.9976532158837239,1
1,0.5420017667002153,1
1,0.9780415688478792,1
0,0.9980624850302764,0
0,0.9994207915660421,0
1,0.8756164376260853,1
0,0.9781505798595959,0
1,0.5481644006670552,1
1,0.9904818058196694,1
1,0.913188437013991,1
1,0.9951644484340583,1
0,0.9892377605591545,0
1,0.6732494912960544,0
0,0.9603473525748523,0
1,0.5179899808797666,1
0,0.9545679993246716,0
0,0.7834992810260315,1
1,0.7529563388070755,1
1,0.8881357728452458,1
1,0.7500183877182492,1
1,0.9871020482950951,1
1,0.8991519799089727,1
1,0.9963824081856374,1
0,0.8307963237169401,0
1,0.7414057679780455,1
1,0.9663528463456296,1
0,0.9986237073093377,0
1,0.9806848465889957,1
0,0.9921287232192041,0
1,0.8958187964481497,1
1,0.9947709728553963,1
1,0.9958280938626695,1
1,0.8190178584825029,1
1,0.9975525991395131,1
0,0.9924831809492818,0
0,0.9998220802154052,0
0,0.9729555210463423,0
1,0.9242035912879176,1
1,0.8597968086731689,1
0,0.99728534871963,0
1,0.5847450629613893,1
1,0.7666268631097825,0
1,0.5551051100701883,1
1,0.9555306970203865,1
1,0.8661491151640582,1
1,0.9439857980175738,1
0,0.7425915528328104,0
0,0.9232137655007804,0
0,0.8774452229380902,0
0,0.9750609574214388,0
1,0.6194201617077708,1
1,0.7912917686283114,1
0,0.9924551364283987,0
0,0.9945170162564633,0
1,0.9326223813914506,1
0,0.9716340512352654,0
0,0.9805734148029027,0
1,0.6946602523551971,1
0,0.9517279807494042,0
1,0.5414859419403065,0
0,0.6646473329060385,0
0,0.9785652576402426,0
0,0.9981348408073976,0
1,0.5311862709552992,1
0,0.888446233754007,0
0,0.7804639152245207,0
0,0.9306767263851223,0
1,0.8025559378361885,1
0,0.9957737977817549,0
0,0.9786980790818263,0
0,0.7899815364624676,0
0,0.9871426458141279,0
1,0.996561245940929,1
0,0.9679067475455887,0
0,0.5723178708155297,0
0,0.9095420937474166,0
1,0.9982376366270762,1
0,0.9540660874136135,0
0,0.8945564014590179,0
1,0.6378657505694966,1
0,0.6119197431615808,0
1,0.7227947798077416,0
1,0.7135532881241966,1
0,0.612584981095641,0
0,0.9794783588704017,0
1,0.9308355147624862,1
1,0.6813380470720377,0
1,0.7221964355951909,1
1,0.5646332128639149,1
0,0.9979400720540434,0
1,0.9996971146710492,1
1,0.7699160790187555,1
0,0.6416451411164374,0
1,0.6715450619349631,0
1,0.9951791860684687,1
0,0.5566668680895559,1
0,0.99574571033824,0
0,0.7904550408683441,0
1,0.8251135514596263,1
0,0.6780192182623006,0
0,0.9626577847045841,0
0,0.780277730155617,0
0,0.931926433869386,0
1,0.9918363891560329,1
0,0.5481204939442336,1
1,0.6036531969583927,1
0,0.9817949604475315,0
1,0.9906660283843505,1
0,0.9978127273858276,0
1,0.9953649854141201,1
1,0.9852616631941915,1
1,0.896302543475084,0
1,0.9125013871700041,1
0,0.9306022841674924,0
1,0.9767930336151055,1
0,0.879276349865167,0
1,0.9904459583276857,1
0,0.8100473846559775,0
1,0.9338922093241911,1
0,0.8295543059550623,1
0,0.894881007949242,0
1,0.7420848249771015,1
1,0.7684839967043812,1
1,0.955469989281704,1
0,0.702941161048553,0
1,0.886397554112017,1
0,0.9967961537951199,0
1,0.770590511744515,0
1,0.9314241125005723,1
1,0.9446138278207293,1
1,0.5964683947440238,1
1,0.9380122126045449,1
0,0.9833471355173639,0
1,0.9961264707236349,1
0,0.7178783444779564,0
1,0.726792937488662,1
0,0.7169232531315587,0
0,0.7852867831939541,0
0,0.7089296335214945,0
0,0.7675976103465844,1
0,0.8751678370842612,0
0,0.8919397575203774,0
1,0.9259136007091944,1
1,0.7746353628252535,1
0,0.9011435934944712,0
1,0.6667255025344567,1
0,0.6294208752611995,0
0,0.6302474023369422,1
0,0.9794840568121189,0
1,0.598922569865258,1
0,0.998603693376811,0
0,0.6913025460226236,0
0,0.7486118948772269,0
1,0.843815104769975,1
0,0.964375268362586,0
0,0.9902441109101884,0
0,0.6536364776720924,0
0,0.6825715033061266,0
1,0.9007727569014584,0
1,0.9577927882108206,1
1,0.9862367489217014,1
0,0.991923458015442,0
1,0.9099435979540637,1
1,0.9994958750524628,1
1,0.7985935943821014,1
1,0.7744653075353567,1
1,0.7816343783115233,1
0,0.9891687825689529,0
1,0.9959888916680276,1
0,0.6363255020488229,1
1,0.9921209791071953,1
0,0.8408078741396993,0
0,0.9854027316591127,0
1,0.8798701454395002,1
0,0.7468379235772981,0
1,0.9664192041437408,1
0,0.7364020548690937,1
1,0.8611460577380665,1
0,0.9054678976089108,0
1,0.5157804660632104,0
0,0.9959390108873137,0
0,0.6027451884473064,0
1,0.9692954126817,1
0,0.9591059241354277,0
1,0.9645450216350042,1
0,0.8851633229141042,0
1,0.6150692770519874,1
1,0.7963208983177794,1
1,0.8705792491172722,1
0,0.9972489070938423,0
0,0.8618269659678308,0
1,0.9260268884478347,1
0,0.900621065945625,0
1,0.9967060973504251,1
0,0.5639900032814669,0
0,0.6001544593116734,1
0,0.6325635636742031,1
0,0.9869914333299965,0
0,0.8610396626279647,0
0,0.9936892462474842,0
0,0.9750272585844862,0
0,0.979889237651106,0
0,0.9983978730106301,0
0,0.6243451981146879,1
1,0.9408565810383918,1
0,0.7249402215205809,0
1,0.9600825860486966,1
1,0.9539736102267792,1
1,0.9381508323570452,1
0,0.950155424269106,0
0,0.9949322010165509,0
1,0.961004396336982,1
0,0.9980946811642204,0
1,0.6967817473895223,1
0,0.9991825873000206,0
0,0.9985081940414188,0
0,0.9605517243550616,0
0,0.8654678171787356,0
0,0.507743109700588,1
1,0.5064130750514951,1
0,0.9951179416809359,0
0,0.8740489115552679,0
0,0.9329309894480009,0
0,0.9423714858566208,0
0,0.9914135401741244,0
1,0.8640896225662401,1
0,0.991604014199766,0
1,0.8897314724017732,1
0,0.7244529668509233,1
1,0.5892072423861403,1
1,0.7644314954525782,1
1,0.9244002254193903,1
0,0.6128301959231466,0
0,0.7949073283248418,0
0,0.8682310805143966,0
0,0.999819064952921,0
1,0.5363484692155854,1
1,0.6901854157156967,1
1,0.7736542354236474,1
1,0.8889047740619552,1
1,0.8617123505936994,1
1,0.9999306005679734,1
0,0.9694553426803055,0
1,0.9336166956810975,1
0,0.8680279536392874,0
0,0.8340179079705123,0
0,0.8832769839158343,0
1,0.9509206406546071,1
1,0.9980519855159842,1
1,0.5130292103738472,1
0,0.9589559733601802,0
0,0.9955493104358433,0
1,0.993431834996098,1
0,0.5578744418138015,1
0,0.9997942646605601,0
0,0.6169623378746425,0
1,0.5579456365289885,0
0,0.9002347280088193,0
0,0.9950821423029614,0
1,0.8497170091167325,1
1,0.9893233761238702,1
1,0.7311137728870923,1
1,0.6129720610045168,0
0,0.8380189058396765,0
0,0.9338490167729785,0
0,0.9648525462891222,0
1,0.9091018457559217,1
1,0.9085467505233897,1
1,0.9537068055442519,1
0,0.9998298153638149,0
1,0.9508731452678969,0
1,0.5248267150485756,1
0,0.9831176005315448,0
0,0.8012978858527695,0
1,0.9990827799525578,1
0,0.8495692718806762,0
0,0.9262281859726759,0
1,0.9700413892940486,1
0,0.5203132747900421,0
1,0.994076801851252,1
0,0.9429188462602545,0
1,0.9659869079008312,1
0,0.6554409142242128,1
0,0.9722321247019136,0
1,0.985671603771905,1
1,0.7086618832918328,1
0,0.9643607168276184,0
0,0.9865949367686034,0
1,0.9890294973005699,1
1,0.9233210297475168,1
0,0.5453614845738584,1
1,0.7654473761089411,1
0,0.9519908767743122,0
0,0.8304877657257298,0
1,0.9492680637413021,1
0,0.6867324760452089,1
1,0.8799322635921013,1
1,0.9739129140833576,1
1,0.9080224967798602,1
1,0.83096861398156,1
1,0.9758893919038168,1
0,0.9890390090696562,0
0,0.9595819950396267,0
1,0.8343090868027825,1
0,0.7802550934345932,0
0,0.6423666591692572,0
0,0.987701921556709,0
1,0.9977131957636354,1
1,0.6680565850825408,1
0,0.9040020878637046,0
1,0.8544277306642015,1
1,0.9736887395307835,1
1,0.88762423503489,1
1,0.5400473287755808,1
1,0.6734746856703471,1
0,0.5284520298212702,1
1,0.9093990281124809,1
0,0.6187137445627436,0
1,0.7692970449043944,1
1,0.7041438784776314,1
1,0.9297242838088772,1
1,0.729476163661179,1
0,0.9965305010623703,0
0,0.8030885733810952,0
1,0.9291957362548281,1
0,0.6208915432393516,1
0,0.6509262934079225,1
0,0.9278536534392549,0
1,0.8244393896580526,1
1,0.5765112411278668,0
0,0.5465976547749136,0
1,0.9980452508544966,1
0,0.8997126853958837,0
1,0.8764280845312333,1
0,0.8562455902681203,0
0,0.9404907083932431,0
1,0.9917489138467017,1
1,0.9994646838926464,1
0,0.9843770645162117,0
0,0.8425287710828193,0
0,0.9232868914890102,0
1,0.8801697166487782,1
1,0.9300823849910158,1
0,0.9726193358300449,0
1,0.7457557815315126,1
0,0.9956117303565826,0
0,0.9958928301624186,0
0,0.9996395788360156,0
1,0.7525071079886878,1
1,0.9892999876427706,1
0,0.9957263329458226,0
1,0.6586139487457335,1
1,0.9997417337552674,1
1,0.903275051612514,1
1,0.9763223653588428,1
1,0.9481729644360577,1
1,0.7338151781639098,1
0,0.8212256315304849,0
1,0.9947615952562857,1
1,0.9986764663612931,1
0,0.9613962660144987,0
1,0.5506674393252842,1
0,0.8014016645590628,0
1,0.9423320503770719,1
0,0.619489417064023,0
1,0.7080419212476485,1
1,0.788201012417559,1
0,0.9648309283472486,0
1,0.9933332245144003,1
0,0.8950034352781234,0
1,0.9463225012824921,1
0,0.5534334229131731,0
0,0.6783094684600413,0
0,0.9307157212756817,0
0,0.583353008285862,0
1,0.8424452188652802,1
1,0.949820876182884,1
1,0.9608072867660825,1
0,0.9800605316772639,0
1,0.8446661160856809,1
0,0.7432019340563781,1
1,0.9745954641527292,1
0,0.7509051362966923,0
0,0.8031284270236606,0
1,0.8538282083891977,1
1,0.8464457459998809,1
1,0.6701212934262826,0
1,0.9728967084333693,1
0,0.90915541949742,0
0,0.9882318078110853,0
0,0.8870128966596192,0
0,0.978377101587189,0
1,0.8292649840079136,1
1,0.9687923860097835,1
0,0.9320420534167151,0
0,0.7077866027572517,0
0,0.9746289638322596,0
0,0.8367224433704266,0
1,0.9972259779987276,1
1,0.9833194904878626,1
1,0.7832802099575868,1
0,0.9999633658690862,0
1,0.9673151365659435,1
1,0.9671012715605547,1
1,0.5827399210617444,1
0,0.5233671715018702,0
0,0.5378057656101312,0
0,0.9202030909968877,0
0,0.9843531682570021,0
1,0.9276174879142144,1
0,0.7301741938289679,0
0,0.990904309270967,0
1,0.6780522934863047,1
0,0.9574082632049121,0
0,0.8671733115692953,0
1,0.6706444474145629,1
0,0.9827361228956422,0
0,0.903169557358043,0
0,0.9720616454163663,0
0,0.7177734666589415,0
0,0.9998463801422925,0
1,0.8532178277720305,1
0,0.9909454759184879,0
0,0.9199314834478668,0
1,0.5805107800658147,0
1,0.9997293466036582,1
1,0.9185102502946235,1
1,0.5226199536699085,1
0,0.9878327191962359,0
1,0.9042378391597996,1
0,0.9674675200015717,0
0,0.8528528114559797,0
1,0.8032390827738082,1
0,0.9678776292945475,0
1,0.9702345320521206,1
1,0.7070992996727236,1
1,0.9989884120506682,1
1,0.5254085530049644,1
0,0.998476429631659,0
0,0.9973553899587374,0
0,0.9371982971831585,0
0,0.9212699395473071,1
1,0.970584401660019,1
1,0.9175098451162955,1
1,0.9257732671002912,1
0,0.9738971161303068,0
0,0.9992949067379158,0
0,0.9819881573154094,0
0,0.6733188289775649,0
1,0.8501077109996641,1
1,0.9472616849838779,1
0,0.6026371269629336,0
0,0.5982181947261476,0
1,0.9496170813227907,1
0,0.9798320159472107,0
0,0.9870857470660042,0
1,0.661621711531477,1
0,0.9853718829848533,0
1,0.5782750907124315,1
0,0.9460536122551427,0
0,0.9118965221754394,0
0,0.8784089296274223,0
1,0.9975899656591305,1
1,0.9985611228605354,1
0,0.9057919070655773,0
0,0.9929023368445787,0
1,0.9922441091879083,1
1,0.5805734193692634,1
1,0.5212882622281999,1
1,0.984117217880045,1
0,0.5309099699176534,1
1,0.62530363965277,1
1,0.8749037278789337,1
1,0.8420777794884342,1
0,0.8157205796204335,0
0,0.9868221920146246,0
0,0.986989637312612,0
0,0.5248551898647004,1
0,0.8652566708397882,0
1,0.8427970691445436,0
1,0.6476158087627101,1
1,0.9975516399939834,1
0,0.9314646042697543,0
0,0.8643265725467075,0
1,0.687673228935599,1
0,0.9920145416750028,0
1,0.7536683779784658,1
1,0.8106536653374331,1
0,0.6639198102575243,1
1,0.7008057406534731,0
0,0.7583878278008679,1
0,0.74100910747399,0
1,0.9992676253615049,1
0,0.9885386314638502,0
1,0.6989703337772942,1
1,0.6562447532195714,1
1,0.9893263249450002,1
0,0.9408031348572389,0
0,0.934086427692713,0
0,0.7976267746904745,0
1,0.7981821497254602,1
0,0.9991143409551518,0
0,0.9556543100699219,0
1,0.9847440768197707,1
0,0.8137041877578691,0
0,0.5550947280231953,0
1,0.9034836733312096,1
1,0.9918011955729285,1
1,0.8077463680849496,1
0,0.9844684555518826,0
1,0.6273271860794082,0
1,0.6324625808113007,1
1,0.9315695067806349,1
0,0.5704823670009986,0
1,0.969793192423549,1
0,0.9108649977258879,0
1,0.6164149068683764,1
1,0.9611422704420195,1
1,0.9961866595011449,1
1,0.9937859011633985,1
0,0.9942227942487354,0
0,0.5623128307252269,1
0,0.9136625916634022,0
0,0.9671567989423788,0
1,0.7774718630830221,1
0,0.984899737719996,0
1,0.9832059052911192,1
0,0.5449508135745864,1
1,0.7492330760728771,1
1,0.694200580544303,1
1,0.9735357973730742,0
0,0.9844466729658281,0
0,0.9273131857938833,0
0,0.8962784295748671,0
1,0.8402844726705267,1
1,0.9872723456388642,1
0,0.9802538891328119,0
0,0.9894494607026152,0
1,0.5463855783482956,1
0,0.6207271976209892,1
0,0.9669274837724453,0
0,0.9747913144708563,0
0,0.9134957402087848,0
1,0.9617967571831058,1
0,0.5299095574335636,1
1,0.9440203373286927,1
1,0.9785886438842509,1
0,0.5773967265618021,0
0,0.7111433672389188,0
1,0.7251652012675501,1
0,0.6301760518041545,1
0,0.9154825585546633,0
0,0.5717296622938206,0
0,0.9966407114344548,0
1,0.7530173363063818,0
0,0.5049649884942747,0
0,0.6693835250692868,1
0,0.9711656515671719,0
0,0.989811982299659,0
0,0.9981170981110266,0
0,0.9121142770269506,0
0,0.7608470690916656,0
1,0.9713626145224785,1
0,0.7309099132803925,1
0,0.5332099441307476,0
0,0.9999668948140005,0
0,0.9985307553316008,0
0,0.9855123210662335,0
1,0.5152372099844714,0
1,0.5759937919342973,1
1,0.579311814827026,0
1,0.9146175049277332,1
0,0.9258401503356422,0
1,0.5495244229574358,0
0,0.7979551178741168,0
0,0.9255834129182481,0
0,0.6864853242986519,0
0,0.9230600108133996,0
0,0.9928352873189191,0
0,0.9914801178171169,0
0,0.8744393157955398,0
0,0.9980084561426241,0
0,0.8572674662686388,0
0,0.9997480322926114,0
1,0.8717701778617698,1
1,0.6365852168245215,1
1,0.7195366292913115,1
1,0.8024360962981213,1
1,0.5921265670892336,1
1,0.7104468663760624,1
0,0.9579966397031886,0
0,0.6276540155521458,1
1,0.6718473458578972,0
1,0.9762729373111053,1
1,0.6808585212018256,1
1,0.9154075949626852,1
1,0.7292864032454635,1
1,0.9402242316499102,1
0,0.7120756534919805,0
1,0.5034828387041975,1
1,0.9874779355870159,1
1,0.7775531443393523,1
1,0.8519925702383091,1
0,0.8707008346205556,0
1,0.9773268549643499,1
0,0.9871892605240323,0
1,0.6669016182017735,1
0,0.6465276167652266,0
0,0.7253061278610807,0
0,0.9566339387287011,0
0,0.8138871517340647,0
1,0.7466478650850032,1
0,0.578961813720744,0
0,0.9967593533976987,0
1,0.9979658182891618,1
0,0.9533737023420106,0
0,0.9225233099152681,0
1,0.8603249971599632,1
0,0.6957412285845813,0
1,0.8600265959310956,1
1,0.5931431164834045,1
0,0.9086857707380525,0
1,0.7265721278104214,1
0,0.976791938073544,0
0,0.9975678794643845,0
1,0.7592857947779272,1
1,0.7239390946314521,1
1,0.9567202675932763,1
0,0.6777109824942285,0
1,0.9356984912591855,1
0,0.5440967903618402,0
0,0.9948106462406352,0
0,0.8617307378252106,0
0,0.8737058709494531,0
1,0.6648006326053394,1
1,0.8709695137975558,1
0,0.6549331909732664,0
1,0.9647042753396461,1
0,0.8553686413308916,0
1,0.7799708089118282,1
1,0.9841846686418767,1
0,0.980495789122663,0
1,0.9997420999318212,1
1,0.854286174127821,1
1,0.6447576756700235,0
1,0.7139324608032832,1
0,0.9245782742472798,0
1,0.9829794292450454,1
0,0.8404641502257244,0
0,0.8041320875155138,0
1,0.9970517322768986,1
0,0.8499672916298138,1
0,0.9981069605533575,0
1,0.9872826957071954,1
1,0.5936406632524927,1
1,0.9573012772896239,1
0,0.9652319510164631,0
0,0.8635780664038616,0
1,0.8592254090399687,1
0,0.9942489535058474,0
0,0.999850800255984,0
1,0.8429311144717784,1
1,0.9152443130925317,1
0,0.7396615868272326,1
1,0.8054403849887101,1
1,0.9146998887574601,1
1,0.9894150969497452,1
0,0.9441554485826628,0
0,0.9833953048590501,0
1,0.9976617591496371,1
0,0.971153010159118,0
0,0.9885092724741698,0
0,0.9815124824275419,0
0,0.9845413340775666,0
1,0.5529402239194151,0
1,0.8058238305181838,0
0,0.9300613767822963,0
0,0.9836857470339211,0
0,0.8597678582616036,0
0,0.9866781984092062,0
1,0.8189943610150637,1
0,0.799081546274345,0
0,0.9833619559970315,0
0,0.9823620943805588,0
0,0.6342647623106704,0
1,0.9876693429741651,1
1,0.768522445665257,1
1,0.6363524061345173,1
1,0.9056694117824486,1
1,0.7994561089549902,1
0,0.9735160122314276,0
0,0.995515422247349,0
0,0.827804836125227,0
1,0.9107270445536434,1
1,0.8180751551602473,1
1,0.8316149222779537,1
0,0.6888842641050523,1
1,0.8393015517634298,1
1,0.823791893254394,1
0,0.6618814856789677,1
0,0.9520841954541305,0
0,0.8339614323888666,0
1,0.9767357090018368,1
1,0.99726900503431,1
1,0.8534781264002022,1
1,0.9639684797302452,1
0,0.9964230586359945,0
0,0.9929185219490231,0
1,0.694593417744297,1
0,0.9516821038493816,0
1,0.6018645464606298,1
1,0.9778939222560717,1
1,0.7377753737835113,1
0,0.9917643418779839,0
1,0.7457810768864955,0
0,0.8575014877709652,0
1,0.9104802589570722,1
0,0.9887594593066555,0
0,0.9669227610356903,0
0,0.831493219756243,0
1,0.9330247780233181,1
0,0.643966693187771,0
0,0.9513900882809382,0
1,0.7008698463946156,0
0,0.7540906801988388,1
0,0.9882036212220909,0
0,0.5337133185743137,1
0,0.9332443732718376,0
1,0.8415946228202548,1
0,0.9720315870299151,0
1,0.989275734558235,1
0,0.9994008524098006,0
0,0.8777944764221687,0
1,0.9362483293342125,1
1,0.9921239489510104,1
0,0.8421906678319087,1
0,0.9906613305990681,0
1,0.903375830930624,1
1,0.880689518153595,1
0,0.5832233508459126,0
0,0.6823605852469377,1
0,0.6449291567437537,0
1,0.8008653681543725,1
1,0.9324363506240123,1
1,0.92896127639366,1
1,0.824992784138363,1
0,0.7243485372143209,0
1,0.9998839518593065,1
1,0.8952457726044833,1
0,0.9725868939470944,0
0,0.9998980632650786,0
1,0.9865928225879218,1
1,0.8917189393378889,1
0,0.9974805642731357,0
1,0.9918136912125317,1
1,0.9859792346254929,1
0,0.6158867695585781,0
0,0.7243860052916777,1
1,0.5870349186825808,1
1,0.9868876279338957,1
1,0.8179735021636905,0
0,0.7488336325368605,0
0,0.9083497942578554,1
1,0.7428409567900468,1
1,0.7483705430480506,1
1,0.7433917224516323,1
1,0.959418846242854,1
1,0.9867579313192854,1
1,0.9256067424281323,1
0,0.9633623611766181,0
1,0.6785377804080679,0
0,0.9554208615379898,0
1,0.6759170122322176,0
0,0.6908105364354775,0
0,0.8804470911076843,0
0,0.8941971583371044,0
0,0.8988026214517134,0
1,0.7607980028114937,1
1,0.9843781284369929,1
1,0.6354648326857255,1
0,0.8506251153317415,0
0,0.9559401139270001,0
0,0.7380863082930185,0
1,0.5320215355011157,1
1,0.9386702361212217,1
1,0.7832997362176503,1
0,0.9973130484567888,0
1,0.992734538692093,1
0,0.9941622814201032,0
0,0.7017386293289548,1
0,0.5556622644229792,1
0,0.9259616504836521,1
0,0.992471451199931,0
0,0.9771767834267544,0
0,0.7429456101825411,0
1,0.8961062186488514,1
1,0.9914798095024138,1
1,0.9942980141429529,1
0,0.9915101051254268,0
0,0.6573564996721843,0
0,0.9999309570546518,0
1,0.9705223253197587,1
1,0.7733473034081713,1
0,0.9969974571203423,0
0,0.6539499823626267,1
1,0.8114474405499672,1
1,0.5331445163359717,1
1,0.912838581017213,1
0,0.8669423562427994,0
1,0.626672678609002,1
1,0.8734653139525002,1
0,0.747769479054326,0
0,0.9819341460425657,0
0,0.5001673863967893,0
1,0.6814238822784302,1
1,0.946995869302251,1
0,0.9361452277316089,0
0,0.5621858315929118,0
1,0.5978386137928309,1
1,0.9760356560611096,1
0,0.690496898178635,0
0,0.9246230202618354,0
0,0.9186805020957622,0
1,0.7816215254913363,0
1,0.605629998499343,1
0,0.8492994514481864,0
1,0.9942085228669184,1
1,0.8208175674308952,1
1,0.9774200008666487,1
0,0.572813024680386,0
0,0.9396107995205991,0
1,0.9761503006295058,1
0,0.7750418720990164,0
0,0.8897072130172125,0
1,0.8989986443253073,1
1,0.9336258415284951,1
1,0.9236513123103482,1
0,0.9235048069238648,0
0,0.9943073127199625,0
0,0.6692269297120921,1
1,0.6931030319519755,1
1,0.6383403383983594,0
0,0.9900363435007358,0
1,0.6250806895929868,1
1,0.9649937907993783,1
1,0.6201003197472927,1
0,0.9917135990332897,0
0,0.9744110573932084,0
1,0.8215234314421604,1
1,0.9874907958736079,1
1,0.867708156412937,1
0,0.6996282123252,1
1,0.9785885514898243,1
1,0.8434264106088195,1
0,0.9141348308445982,0
1,0.901258785062127,1
0,0.9390979088771069,0
0,0.99913828563322,0
1,0.9169864504893884,1
1,0.9719926496759355,1
0,0.9971970569502975,0
1,0.9938325031030893,1
1,0.9949841504682398,1
1,0.9251622787588317,1
0,0.9977170600069946,0
0,0.967962414879269,1
0,0.7155029597796629,0
1,0.88048073137148,1
0,0.8286623299662768,0
0,0.610067203528232,0
0,0.997250800890686,0
1,0.9075211195926954,1
0,0.7116570521664698,0
0,0.9651755581364067,0
0,0.9391461164292899,0
0,0.9953354433198093,0
1,0.9875319993924291,1
1,0.8581904566888008,1
0,0.9953976523292203,0
0,0.9711337590403709,0
0,0.8304990812881876,1
1,0.9838034989399977,1
0,0.9498912516115816,0
0,0.9814669466881085,0
0,0.9898446040465981,0
1,0.9989021417436394,1
1,0.7397033234077252,1
0,0.9940385675110073,0
0,0.9949909720095961,0
1,0.9794379571214148,1
0,0.7385572477846507,0
1,0.9246867464532431,1
0,0.9955492569851584,1
1,0.8703370761129302,1
0,0.5856976712007824,1
0,0.7183535127371239,1
1,0.6021779722293333,1
1,0.8804126619287069,1
1,0.8290684954276747,1
1,0.8944261893839315,1
0,0.9024821715812744,1
0,0.9480138673732189,0
0,0.6448084583279998,0
0,0.8707193297441996,0
0,0.8236121913500052,0
0,0.9973394096157785,0
0,0.7283055232877108,1
1,0.6164645957476329,1
0,0.9923668353668835,0
0,0.9950044887872012,0
1,0.9360503183352004,1
0,0.9311370498677408,0
0,0.9529136533704046,0
1,0.9934927940019808,1
1,0.5396556221326351,0
1,0.9340551596530512,1
1,0.9573582059795939,1
1,0.8045925375608121,1
0,0.8208450014177944,0
0,0.6846624144516849,0
1,0.8715653637911537,1
0,0.9904168400542789,0
0,0.7980199931228853,0
1,0.9931809589696419,1
1,0.780856346792471,0
1,0.999928847405895,1
1,0.9830474257615958,1
0,0.9494762434331739,0
0,0.9922469685538398,0
1,0.6728838504816476,1
0,0.6993709821420793,0
1,0.943611385787918,1
1,0.727615488097374,1
1,0.5244888737387743,1
1,0.9581730319207585,1
1,0.9680529209854598,1
1,0.8428948828124522,1
1,0.9189844394959885,1
0,0.9968177048738744,0
0,0.9897478180202373,0
1,0.9991112827631858,1
0,0.9984996144790951,0
1,0.9805411552164603,1
1,0.9203457362673786,1
0,0.9849936809304366,0
1,0.7310711017933196,0
1,0.8180255735065387,0
0,0.7413635782545396,0
0,0.947231229184859,0
1,0.996013255129617,1
1,0.9438997519989437,1
0,0.8653912276515718,0
1,0.9177118411943667,1
0,0.7824872820858702,1
0,0.9982730652014757,0
1,0.5054157819649284,1
0,0.7095499282984553,0
0,0.5433299271536958,1
1,0.6446526975488917,1
1,0.8074007408007794,1
0,0.9264237757826246,0
1,0.999633426666905,1
1,0.58729434059211,1
1,0.8060483955453224,1
1,0.99936694447691,1
0,0.9555777274010213,0
0,0.8244466620878892,0
0,0.8781700997601986,0
1,0.8369198047885589,1
1,0.9619304873278045,1
0,0.9953228456336963,0
1,0.693541114286162,1
1,0.7869820061017223,1
0,0.629025790322935,0
1,0.5390452822972106,0
1,0.8300629775388704,1
1,0.6020378213620463,0
1,0.5068869964470476,0
0,0.9148885843967798,0
0,0.622932310707131,0
0,0.8412992706509249,0
0,0.5148685638773854,1
1,0.549721161595011,1
1,0.6426565487837651,1
0,0.9950244040542069,0
0,0.661705330614238,0
0,0.9878904402225039,0
0,0.6733212303138998,0
0,0.9530699502807448,0
0,0.9016962234322876,1
1,0.9685955845268323,1
1,0.7254429134974449,1
0,0.8267634648223272,0
0,0.9531518663028461,0
0,0.9997114562832867,0
0,0.6077483992335118,0
1,0.9118134649424927,1
1,0.8265265582729494,1
1,0.7736480557150092,1
0,0.977186274405418,0
0,0.8103328680037316,0
1,0.9968293256134277,1
1,0.837138430237849,1
0,0.9640856226132294,0
1,0.9974112679976096,0
0,0.8102351396377275,0
0,0.9953710647327809,0
0,0.9861459189915847,0
1,0.6191247317916994,1
0,0.5140966830729288,0
0,0.9705131546772117,0
0,0.9279295934411044,0
0,0.8371754637112746,0
0,0.982227500960672,0
1,0.9436047397250722,1
0,0.9470347062755359,0
1,0.9775421659034947,1
0,0.972847883781491,0
1,0.9963050611255498,1
0,0.9606498909180513,0
0,0.9984865816252267,0
1,0.9000315634321454,1
1,0.9968743576358412,1
0,0.8689830604738857,0
1,0.7726880216870976,1
0,0.9035003720209119,0
0,0.9993898292122952,0
0,0.9161573784306857,0
1,0.927811319599991,1
0,0.977426260076701,0
0,0.6296146602484602,1
0,0.7968644074063876,0
1,0.7839232630590041,1
0,0.9673999984842763,0
0,0.8149444997454577,0
0,0.9405992236805014,0
1,0.8915501983499794,1
0,0.9266139666289179,0
0,0.950325278289446,0
1,0.9982917153067213,1
1,0.996080295895025,1
0,0.9847397205801108,0
1,0.6445102398782291,1
0,0.9918504792365084,0
0,0.8655773662693478,0
1,0.9448251380968142,1
0,0.9784960096329949,0
1,0.6258477596775123,1
1,0.6029072471409818,0
1,0.9047850890310303,1
0,0.5847040385903406,1
1,0.8325436851329172,1
1,0.9858782068543023,1
0,0.9561739832222481,0
1,0.8147606525441602,1
1,0.761057741575604,1
0,0.93934953183883,0
0,0.6657750441184441,0
0,0.8887197494267439,0
0,0.9730443906595059,0
0,0.999795669294923,0
1,0.817695716578273,1
1,0.8241627028676484,0
0,0.6916565097338472,0
0,0.829585128033939,0
0,0.5086524166386099,1
1,0.9920634894665743,1
0,0.9837050888485317,0
1,0.8328097177499647,1
1,0.7453680884253472,0
0,0.993223726305681,0
1,0.5274988241415541,0
0,0.9570896934957105,0
0,0.9963003065655963,0
1,0.9904123800372912,1
1,0.8849320013430304,1
1,0.5248113860135228,1
0,0.534742857347432,1
0,0.5894097717017004,0
1,0.7557372113871104,1
0,0.992313515140002,0
1,0.645817308803359,1
0,0.6902239980553402,0
1,0.880112524754667,1
1,0.999556311698254,1
1,0.8500359312039169,1
0,0.695560192890862,0
1,0.9543469695794055,1
1,0.9062699233461314,1
1,0.7703838867058898,1
0,0.8313202011136875,0
0,0.8097915878158501,0
1,0.9899500497434358,1
0,0.9908200368571659,0
1,0.8798286121958717,1
0,0.5571588521355788,0
0,0.9975106375406995,0
1,0.8738013052367716,1
0,0.9946909341489741,0
1,0.9690938514890515,1
0,0.8692641202582205,0
0,0.8990666974208009,0
1,0.8546879111497052,1
0,0.7052523342741461,0
0,0.6760616280326173,1
1,0.7010198303402341,1
0,0.9515836295812076,0
1,0.9502383065398404,1
1,0.9938926784689001,1
1,0.5660994176761889,0
1,0.582747292566296,1
0,0.9867953729871186,0
0,0.9855276541628726,0
0,0.9904907329209254,0
1,0.904121269619944,1
0,0.9734485182949028,0
0,0.7796657206995535,0
0,0.8542352299909475,0
1,0.724319265884416,1
1,0.9806305839159565,1
0,0.7466466138881449,0
1,0.9917128048014866,1
1,0.7363134208171966,1
1,0.9791966956168537,1
0,0.8566048484424374,0
0,0.9992811354537199,0
0,0.8640928651055603,0
0,0.9968869775274923,0
0,0.5454937739431591,0
1,0.5904617774197392,1
1,0.870954334600773,1
1,0.7279388233144458,0
1,0.8417269129757351,1
0,0.7115594338882152,0
1,0.8336112534939791,1
0,0.9942771868655683,0
0,0.9292267005837823,0
1,0.7906054234574755,0
0,0.9315204064036513,0
0,0.9587441892275318,0
0,0.9592986244313414,0
1,0.6367824075968396,0
0,0.9540353366351285,0
0,0.7744780496215419,0
0,0.9075387174143408,0
1,0.9456341139315493,1
0,0.8364843699729311,0
0,0.753925280952989,0
1,0.966477736919643,1
0,0.5283997332833892,0
0,0.9896608420409075,0
0,0.999184456454701,0
1,0.8834762719653868,1
1,0.9242476606838234,1
0,0.8123377470044693,0
0,0.6415037439437536,0
0,0.6981431731438911,0
0,0.9955889448705706,0
0,0.6498765170107504,0
0,0.9884869810113183,0
1,0.910087748139189,1
0,0.9094329778839012,0
0,0.7855049453971134,0
1,0.8532414716547425,1
1,0.8675135686732008,1
1,0.9997445362909045,1
0,0.9934576035163905,0
0,0.9943393369348121,0
0,0.9377655984866782,0
1,0.9186693795491924,1
0,0.9992782675067564,0
0,0.9860277156882273,0
0,0.7146672419880076,0
0,0.9987415424922511,0
1,0.9737466559370714,1
1,0.9980859878752375,1
0,0.7463196762170443,1
0,0.9475497114414099,0
1,0.5374846750992625,0
1,0.7597584266764581,1
1,0.9939018079627254,1
1,0.990842479997931,1
1,0.9246564324614728,1
1,0.9502996672322761,1
1,0.954510028060759,1
1,0.994149478731854,1
1,0.8262373132115658,1
0,0.7359838460670813,0
1,0.8309271068940097,1
0,0.9487624380381093,0
1,0.7698552619650804,1
0,0.9236459182327886,0
0,0.9917531025756255,0
1,0.9692260330367268,1
1,0.9987242687648591,1
0,0.8555563591025892,0
0,0.9925806864839514,0
1,0.9532332820154583,1
0,0.6143077348857194,0
0,0.8751082208087597,0
1,0.9983154220807428,1
1,0.6712020340229783,1
0,0.966041929112013,0
1,0.7701767277847441,0
1,0.9039194486987299,1
1,0.5354803625967945,1
0,0.9898688788101406,0
1,0.951372454590822,1
0,0.9557514460464827,0
1,0.8213260258108466,1
1,0.9765606909153349,1
1,0.8584260515126879,0
0,0.9665986602811344,0
0,0.8409306160132861,0
0,0.9439588974647796,0
1,0.705694759880041,1
0,0.9468513528330724,0
1,0.7190977187820169,1
1,0.9923554637293305,1
0,0.9988840726116291,0
1,0.8079238427396016,1
0,0.679540586237019,1
0,0.8711705696455733,0
1,0.9689558184464273,1
0,0.9941104193750958,0
0,0.7465583350071081,0
0,0.7945507369737241,0
1,0.6561633025323239,0
1,0.5623522174215577,1
1,0.5237564005455434,1
1,0.9988514550706733,1
0,0.7865917566909684,0
0,0.6631525794797142,1
0,0.874372573500742,0
1,0.8921108437542512,1
1,0.5379293706574529,0
0,0.8584451028548217,0
1,0.925426171803595,1
0,0.7494026698488194,1
1,0.9945860042804351,1
0,0.9605944808516539,0
1,0.9088066112527705,1
1,0.5574983305030371,1
1,0.8229104574756064,1
0,0.649720151643633,0
0,0.8807969068302919,0
0,0.9992028197621068,0
0,0.8542502829566865,0
0,0.9732844207664333,0
0,0.9282954852870318,0
1,0.6939981519281313,1
1,0.7403389685861482,1
1,0.9786706263164179,1
1,0.8995345032864294,1
0,0.8554749511680031,0
1,0.8927842180100517,1
0,0.7495368267578926,0
1,0.9715113802362823,1
1,0.5887418246626719,1
0,0.9368647825821778,0
1,0.8424316521788665,1
0,0.5272368920301702,1
1,0.8061652612939494,1
1,0.9989361591584183,1
1,0.9772831956523181,1
1,0.8107549708093287,1
0,0.9485063044034021,0
0,0.988884593003534,0
0,0.7767038349672493,0
1,0.9688894746461645,1
1,0.7920799251586021,1
0,0.9710041596613304,0
1,0.8970249254605406,1
0,0.7223342659903831,0
0,0.9850748523021206,0
1,0.9764210573071009,1
1,0.8473397228286429,1
1,0.9548529900239349,1
0,0.9971505499630823,0
0,0.780551938214931,0
0,0.9999515226712706,0
0,0.7653475876195419,0
1,0.9481796364535413,1
0,0.9914134956081173,0
1,0.9986045797593428,1
0,0.9482309854831309,0
0,0.9999781772093909,0
1,0.9831633868853789,1
0,0.9636781245499699,0
0,0.8562948121990182,0
1,0.8431752193040757,1
1,0.9373923222265425,1
0,0.9581918209069585,0
1,0.8662639640577401,1
1,0.9952980970341666,1
0,0.6738264593721197,0
0,0.9947024939920588,0
1,0.631618009434657,1
0,0.9976335692951865,0
1,0.9620823710714744,1
0,0.9986844431395298,0
1,0.746011042367663,1
1,0.992771409341299,1
1,0.5995920225509482,1
1,0.8918230968869955,1
0,0.9290102762576583,0
0,0.9471886290738775,0
0,0.8874080784601961,0
0,0.965208702376447,0
1,0.7703562542129806,1
0,0.9728129174090709,0
1,0.5101453184052969,1
1,0.9923606818865973,1
0,0.8436304535094734,1
0,0.8390658422765065,0
0,0.9367728147216394,0
0,0.766372352579239,0
1,0.7484180924963314,0
1,0.8228391634190348,1
1,0.8744186159238617,1
0,0.6291265932928242,0
0,0.8871595962142015,0
0,0.8550493292197172,0
0,0.7712488236360011,0
0,0.8563315623830194,0
0,0.9936558238981966,0
1,0.5668229084481705,0
0,0.8686127286269931,0
1,0.987432130735462,1
0,0.9951908520900788,0
1,0.9938816338236816,1
1,0.5768805866656382,0
1,0.9479818413719197,1
0,0.998135163404196,0
0,0.9160407905934537,0
1,0.9664519088166765,1
1,0.9934544724053629,1
0,0.9162823496281577,0
1,0.832136321938102,0
0,0.9032899724038669,0
0,0.8522063108143655,0
1,0.9970917842466651,1
0,0.9936504760451713,0
1,0.9994676222904397,1
1,0.9943486888852209,1
0,0.9860173281190302,0
0,0.8508920221292895,0
0,0.9239649808856009,0
1,0.9976804702921238,1
0,0.9978860282927373,0
0,0.6737288379747872,0
1,0.5972041577357468,0
1,0.8637507831446457,1
1,0.9973461582127374,1
0,0.9916070484079419,0
0,0.9808589127493863,0
0,0.6964608979768682,0
0,0.7188699683594344,0
0,0.9731108017629756,0
1,0.9838170010638697,1
1,0.9977277230136695,1
1,0.9964915293640201,1
1,0.8890932596179467,1
1,0.6875966577346247,1
1,0.9544483816632653,1
1,0.6751762392556213,1
1,0.5079457751326913,0
0,0.9283837337843651,0
0,0.9182628103172941,0
1,0.8719085040611132,1
0,0.9997672048220887,0
0,0.7001000602513492,0
1,0.8942372510471017,1
0,0.9652049894981195,0
1,0.9812808987177399,1
0,0.8834593653031837,0
1,0.9555507828123574,1
1,0.8073210723717263,1
0,0.9767481298255003,0
1,0.9228019571302362,1
1,0.5478161437165208,0
0,0.9930266149190069,0
0,0.9678404017755134,0
0,0.8413619084379731,0
1,0.9977113718566929,1
0,0.9723463545252741,0
0,0.9680139666801472,0
1,0.922331000910624,1
0,0.6373736092465544,0
0,0.9359484919495364,0
0,0.9970831160662343,0
1,0.5546498149924397,0
1,0.9564933088014492,1
0,0.9338575592415976,0
0,0.5067899078231719,1
1,0.9281549464038912,1
1,0.9135570425070668,1
1,0.981361343884457,1
0,0.9877145610895238,0
0,0.9984888172467726,0
1,0.7647689737085496,1
0,0.9411479538476234,0
1,0.9581883379986759,1
1,0.6830611425552089,0
0,0.8153784952637207,0
0,0.6966868527680155,0
0,0.9164864468948869,0
0,0.5075181916102587,1
1,0.7988745678556981,0
0,0.5654123412798933,1
0,0.9873463370679357,0
0,0.9950292445779108,0
1,0.99872012435544,1
1,0.7580332022016799,1
1,0.9963595846547251,1
0,0.9793790057179528,0
0,0.9515051279357831,0
0,0.9981434718122911,0
1,0.6263376762695163,0
0,0.9960114910013541,0
0,0.9948598639437137,0
1,0.8284668380545233,1
0,0.9690543735599345,0
1,0.8908511195910337,1
1,0.5269924280213998,0
0,0.5263358140259158,1
0,0.686501236433976,0
0,0.9287986849609168,0
1,0.8585881359402012,1
0,0.9911912092254295,0
0,0.8628260713027364,0
0,0.5868381061618495,0
1,0.9993597837664558,1
0,0.9694480279464536,0
1,0.8876180329449757,1
1,0.9202381502618115,1
0,0.8053146964638223,0
0,0.9189542145920999,0
0,0.7014405168699112,0
1,0.8018143106386975,1
0,0.9499567275351201,0
1,0.5291359957207868,1
0,0.9973631836923688,0
1,0.9817464337151391,1
0,0.9717928257177365,0
1,0.8935687187544298,1
1,0.5952375693251356,1
0,0.6644428792941139,0
1,0.9836971836658104,1
1,0.768522445665257,1
1,0.7282447010347095,1
0,0.9965034695588383,0
1,0.9513631146467445,1
1,0.8285633576479352,1
1,0.8717507497107517,1
0,0.9816556989710463,0
0,0.5869679583608971,1
0,0.9357066462345304,0
1,0.964341780858892,1
0,0.9960441876110437,0
0,0.9967778499812328,0
0,0.7237180610336155,0
0,0.9659918235303906,0
0,0.654446697907392,1
0,0.7267189838215954,0
0,0.9620136959582566,0
1,0.9951813185532308,1
1,0.9935772833519643,1
0,0.9775037009483347,0
1,0.8851059725333751,1
0,0.8700909744986534,0
0,0.8746313881526268,1
1,0.9936940241876605,1
0,0.968717559562657,0
0,0.9968729490908705,0
0,0.9973927812211104,0
0,0.7827917202854633,0
1,0.925915360191759,1
0,0.9775065399992665,0
1,0.5499367633052198,1
1,0.9633641874066294,1
0,0.9956939400251824,0
0,0.6511141509626577,0
1,0.5397287335192061,1
1,0.6133100943111361,1
1,0.9948493862689822,1
0,0.8994589945337004,1
1,0.9980956935009946,1
0,0.6587440925818716,1
0,0.9671072207217484,0
1,0.9277274889556659,1
1,0.9961464030436895,1
0,0.9543643686425279,0
0,0.9743178919582045,0
0,0.6264297956878254,0
0,0.5179313291723873,0
1,0.5586190565875124,1
0,0.9983838003722771,0
0,0.6176539399086491,0
1,0.9902505092165685,1
1,0.9269398945495844,1
0,0.631542398769052,0
1,0.634676314494442,0
0,0.9855064456697656,0
1,0.8084472837924735,1
1,0.9971498166854468,1
1,0.7109543083930736,1
1,0.960622081039945,1
0,0.9989705534540769,0
1,0.5825881928327127,1
0,0.8124635636487203,1
1,0.9970241271297748,1
1,0.9330982112583197,1
0,0.9925740527599348,0
1,0.9470319709491772,1
0,0.9997672966589528,0
0,0.9542153239322642,0
1,0.5255694362076583,0
1,0.56033500094814,0
1,0.9853908178517304,1
1,0.5693637305389014,1
0,0.5279958502249911,1
0,0.9397835389811329,0
0,0.9124048866605275,0
0,0.817390354127707,0
0,0.971262219437645,0
0,0.9996463517083806,0
1,0.882465024335914,1
0,0.930365124711192,0
1,0.9970057098883937,1
1,0.6380549470209745,1
0,0.7502452909310309,0
1,0.9240935992621047,1
0,0.8110397083831183,0
1,0.998100116514877,1
1,0.5167560312656801,0
0,0.8850871033638075,0
0,0.6559359513339873,0
0,0.9785010922669605,0
1,0.9778983076160453,1
1,0.7387487617974446,1
0,0.6206039523844639,0
0,0.9693525572414861,1
1,0.9349760446456191,1
0,0.9524162946571593,0
1,0.5114199062859728,1
1,0.8886896277052302,1
0,0.846096313331471,0
1,0.9965212446204027,1
0,0.997673609783875,0
0,0.5496825517639423,1
0,0.9936837350908185,0
1,0.9806186018026518,1
1,0.9785113532662368,1
1,0.9955624102529635,1
1,0.9991135805899922,1
0,0.5367864899862187,0
1,0.9267093768438672,1
1,0.9210660742776167,1
1,0.971116149849115,1
0,0.9249845020136394,0
0,0.9693908869602293,0
1,0.5047724827984443,1
0,0.8915897967173279,0
0,0.9966128402301406,0
0,0.9753877838599967,0
0,0.5439738309170344,0
0,0.8595663898143192,0
0,0.8318793055941864,0
1,0.6856066039702434,1
0,0.9968614766768694,0
1,0.686782522147307,1
1,0.9030321277820249,1
0,0.7175714754122667,0
0,0.6567018721235601,0
0,0.9970179210027356,0
1,0.9894367275013203,1
0,0.5721926092168823,1
0,0.9910577469117151,0
0,0.6366731685003337,0
0,0.9122170193736773,0
0,0.8190515989940363,0
1,0.9523156633350652,1
0,0.9845981883105897,0
1,0.9103458192224053,1
1,0.9337049840374634,1
0,0.7230892385159626,0
0,0.7641100442616722,0
1,0.9963351900301634,1
0,0.9993442143829568,0
0,0.6981317502379354,1
0,0.9977908220923505,0
0,0.8266654244820094,0
0,0.9989022583923074,0
1,0.8612161932745005,1
1,0.8318966751053177,1
1,0.9776482990345237,1
0,0.7327421388749471,0
1,0.9067051085773379,1
0,0.9012020739529245,0
1,0.9846208059346931,1
0,0.9952123327998706,0
1,0.8946268425610652,1
1,0.6411017242854897,1
0,0.9957328704295171,0
1,0.6474028304220905,1
0,0.9968223866262296,0
0,0.8937011664351042,0
1,0.7025563738366258,1
0,0.6915768983050934,0
0,0.546236259792203,1
1,0.5779049165074195,1
0,0.960646920248355,0
1,0.9273242755184612,1
1,0.6448454607163543,0
0,0.8796553620284251,0
1,0.9685326481768726,1
0,0.6066071864044827,0
1,0.9972411454026653,1
0,0.667015582310821,0
1,0.7202722057626887,1
0,0.8801944555489448,0
0,0.9654436181920185,0
0,0.996187333545082,0
1,0.8859859685007303,1
0,0.9996506424382083,0
0,0.9985656773363435,0
0,0.983724346827679,0
1,0.6447816756129197,1
1,0.9990906291152227,1
0,0.994292563169588,0
1,0.5295682192243323,1
0,0.9845626495190393,0
1,0.7667014864757739,1
1,0.7443521529097653,0
0,0.6731820744638138,1
0,0.89721316400014,0
1,0.9937325126006791,1
0,0.8031083746827783,0
0,0.9997443497391164,0
0,0.9730709718568697,0
0,0.9766561016500052,0
0,0.9674901711581426,0
1,0.9593359598362718,1
1,0.642147256608851,0
0,0.6252090505719423,1
1,0.9963079312556533,1
0,0.9899528515016796,0
1,0.5803546445081349,1
1,0.8389610036273042,1
0,0.6772366778718482,0
1,0.9148698619677624,1
0,0.9027535419603077,0
1,0.7382241526133722,1
1,0.8031652844277276,1
0,0.5566766562306218,1
0,0.9925774471480197,0
1,0.9401569607354904,1
1,0.5862378682765025,1
0,0.8675738790671215,0
1,0.8368148418841174,1
0,0.9255427892250407,0
0,0.5831222053948849,0
0,0.9981656887972689,0
0,0.9888019309278033,0
0,0.78044306629551,0
0,0.9996126654585923,0
0,0.6010116288920826,0
0,0.5086814412381466,0
0,0.9969695455791567,0
0,0.6609356475329693,1
1,0.9305667044130851,1
0,0.7305817878816211,0
1,0.5838112981858644,0
1,0.9520320800656595,1
0,0.8886693795837448,0
0,0.9604991380893609,0
1,0.9948996278043417,1
1,0.5896035965876668,0
1,0.7891527790280037,1
0,0.9986167399013921,0
0,0.9926082130171647,0
0,0.9932787112411983,0
0,0.9153230863814514,0
1,0.9135761497940958,1
1,0.7886787018388283,1
1,0.5148183618086922,1
0,0.9305653078789883,0
1,0.8996350480365641,1
1,0.6605914221003303,1
1,0.9977233325954228,1
1,0.8353740425022981,1
1,0.9913068072289931,1
0,0.6718475809344512,1
0,0.7616198302075025,0
1,0.9049777704315234,1
1,0.8771888147906807,1
0,0.922182549291355,0
1,0.8393583938382072,1
0,0.6698939482026739,0
1,0.9071173315589346,1
0,0.8415452214251149,0
0,0.6012835748683434,0
1,0.9352699095092752,0
0,0.9714290269408072,0
0,0.9603859385700255,0
0,0.999161990471874,0
1,0.8086679236900757,1
0,0.8502431936774547,0
0,0.9944681329894323,0
0,0.9324139990153003,0
1,0.5527954250306159,1
0,0.9454644503358299,0
1,0.7704851664590474,1
0,0.9242405169518746,0
1,0.6646699724776329,1
0,0.9714464956322795,0
1,0.5401351275061647,0
1,0.5515124460369376,1
1,0.872521206345825,1
0,0.9949860993600833,0
1,0.6370288043709498,0
1,0.8607827207223314,0
0,0.9747151939057865,0
1,0.7581788079408566,1
1,0.9998018092211355,1
1,0.8133065243589435,1
1,0.9936764758610166,1
1,0.9510653124540189,1
0,0.8324507850958915,0
1,0.525998936497124,0
0,0.988019549098632,0
0,0.9225517753113406,0
1,0.9022045818518961,1
0,0.9994240945046157,0
1,0.9920119640071814,1
1,0.7239970212672499,1
0,0.8946505064136948,0
0,0.9935942991344495,0
1,0.7926758964156461,0
0,0.5846977317703012,0
0,0.6512156977081001,0
1,0.7904952538539244,1
1,0.8011754215186977,1
0,0.9841364708838073,0
1,0.9832877799154578,1
1,0.7930711366927693,1
0,0.6963711122969798,1
0,0.9863980253501741,0
0,0.9988438608173138,0
0,0.957793320908373,0
1,0.6939494177457545,1
1,0.9906203439369914,1
1,0.9964805863590289,1
0,0.9875973333050837,0
0,0.95864711481273,0
0,0.9984779219799643,0
1,0.9250743345737006,1
1,0.8368727320057731,1
0,0.9626866162115686,0
1,0.5838852469281834,1
0,0.6022706392172569,0
0,0.6630815409613582,0
0,0.719645638539538,0
1,0.8378767084267116,1
0,0.9732745077064113,0
0,0.9214124101807872,0
1,0.8945281895531086,1
1,0.8057096758544188,1
0,0.85653391993996,0
0,0.9914712256492362,0
0,0.8795732724424072,0
1,0.7675877304373993,1
0,0.9599777962209558,0
0,0.7221718417753193,0
0,0.9915760525264259,0
0,0.963701246408648,0
0,0.8617986766328595,1
1,0.9360070208803175,1
0,0.9658411833915364,0
0,0.9987293114586333,0
1,0.8910399226466382,1
0,0.997586930361376,0
1,0.7747908473539445,0
1,0.9138940375866696,1
1,0.5467698215673974,1
1,0.8877397527838734,1
0,0.8927642607555129,0
0,0.848194614671425,0
0,0.9863593814717696,0
0,0.9797732331129303,0
0,0.9941008551334696,0
0,0.9951001759237665,0
1,0.5467767041146083,1
1,0.9995943406007574,1
0,0.9931739657985319,0
0,0.9915258487415601,0
1,0.7508526235155975,1
1,0.9914128889809218,1
1,0.8963797600637727,1
0,0.6627589710660251,0
0,0.9988705950658008,0
0,0.9687927652008138,0
1,0.7008952511518822,1
0,0.99187730328535,0
1,0.8838305006806864,1
0,0.8305073849567646,0
0,0.9556215001577011,0
1,0.7062383956718377,1
0,0.6831181210355687,0
1,0.8776659429665742,1
1,0.6832727095070246,1
1,0.9115469946167215,1
0,0.9356796585475051,0
0,0.92559893805578,0
1,0.8682348735833709,1
0,0.7900273900049313,0
0,0.7815892765162264,0
0,0.6307869736344094,1
1,0.9999040175968473,1
0,0.9849665402161487,0
0,0.9982633701523134,0
0,0.7331268344894238,1
1,0.5579039223650792,1
1,0.9995203046006685,1
0,0.6275412405913507,0
0,0.9998937420363575,0
0,0.9812696601239724,0
0,0.9372701954673024,0
0,0.9837818671230414,0
0,0.9789591242794659,0
0,0.5105393098576854,0
1,0.9999807044229451,1
0,0.9048902222746315,0
0,0.9388015954674187,0
0,0.6682366268443746,1
1,0.5893949977022683,1
1,0.6544282190980365,0
0,0.8226691317487652,0
1,0.9980541908646745,1
0,0.7274024324937423,1
0,0.975840948274154,0
1,0.8213996497373617,1
0,0.9936283661461507,0
1,0.7535074361647893,1
0,0.6806039673268701,0
0,0.9637023485981154,0
1,0.6289299284479495,0
1,0.985134554033434,1
0,0.9343922085630048,0
0,0.990923184639532,0
1,0.6232804934285198,1
0,0.9428894610022347,0
0,0.8280534983494916,0
0,0.99994280912106,0
0,0.844926121745041,0
0,0.7330486774085908,1
1,0.7874545277562622,1
1,0.9633127334197773,1
1,0.99998468591088,1
0,0.9090951969660407,0
0,0.7918939246425791,0
0,0.7591267737121854,0
0,0.9872111278561992,0
1,0.6730356985697286,1
0,0.9891029208041412,0
0,0.9474585548989322,0
0,0.9223367335259953,0
1,0.9924992141199563,1
0,0.9621181063053817,0
0,0.8984476297239841,0
0,0.961393521911687,0
1,0.947981958873177,1
0,0.883277201660354,0
1,0.9441856481080773,1
1,0.9828438714442322,1
0,0.99859356966698,0
1,0.9532481975013711,1
0,0.9472401473259503,0
0,0.985144623037719,0
1,0.8886320237968605,1
0,0.9237143211855452,0
1,0.8569245187474821,1
0,0.9296852305929976,1
1,0.5266978657893167,1
1,0.744007862286356,1
0,0.5912025733217612,0
1,0.9718701112357777,1
0,0.9569541669209698,0
1,0.6989402182176251,1
0,0.5160207278055606,1
1,0.9319844372858818,1
1,0.7523188392797375,1
0,0.5584203581196698,1
0,0.9923765518158483,0
1,0.7701735638248421,1
0,0.6089021945030354,0
1,0.9675122020701497,1
1,0.9036200637454741,1
0,0.9403471967931878,0
1,0.9828055806107573,1
0,0.8282199010784007,0
1,0.8112517430673205,1
0,0.9607748593951458,0
1,0.6275109956089114,0
0,0.9952452989110444,0
1,0.752521498710468,0
0,0.6369631481696516,1
1,0.9649477444454824,1
0,0.9827857414064729,0
0,0.9626626246789405,0
0,0.7168009115457805,0
0,0.8451150683851112,0
1,0.8374504941545124,1
1,0.8332261111232828,1
1,0.9574737237901737,1
0,0.9986731321387768,0
1,0.7689425467708535,1
1,0.8631000032198577,1
1,0.9479006716344289,1
1,0.9819561510986136,1
0,0.9993089717376056,0
1,0.971106954417851,1
1,0.88316183265872,1
0,0.9863775761443941,0
0,0.9004979732351213,0
0,0.7669978747486051,0
0,0.7118004290553361,0
0,0.9976603603095706,0
1,0.7516520342799515,1
1,0.5953499301573604,1
1,0.8054879724003537,1
1,0.6488941339648202,0
0,0.9174828040039509,0
1,0.639429743772436,1
1,0.9080215590514441,1
1,0.9763705278937111,1
0,0.8908765115315317,0
0,0.5880405090235087,0
0,0.8035076274397566,0
1,0.597463212631818,1
0,0.9314022694500453,0
0,0.5970418316401646,0
1,0.99306606709613,1
1,0.9343093243973333,1
1,0.9980182779387574,1
1,0.695473791997695,1
0,0.9770621993830723,0
0,0.998807327710168,0
0,0.9944029042422774,0
1,0.5039317591726572,1
1,0.8737715501638496,1
1,0.9665943270187285,1
1,0.9696556071574226,1
0,0.9966499176529746,0
0,0.8341215148522387,0
1,0.6782088868565621,1
0,0.735094427198651,0
0,0.9308590166321749,0
1,0.8816435155325548,1
0,0.9821262950495737,0
0,0.6816039582875398,1
1,0.9015364576628724,1
0,0.7969183365157078,0
0,0.7978119457132854,1
1,0.9896036717780181,1
1,0.7457518263941679,0
1,0.6156952970925443,1
1,0.9900736828287504,1
0,0.9242052386218478,0
1,0.8963114092016038,1
1,0.998503721993515,1
1,0.9668490217538466,1
1,0.9955334531659376,1
0,0.6569062557216754,0
1,0.9140582478658067,1
1,0.6761444147138737,1
0,0.9702726600684631,0
1,0.5279027186739919,0
0,0.5405033432103334,1
0,0.8182925471100598,0
0,0.9770576365037238,0
0,0.8415226862509586,1
0,0.73967305868703,1
1,0.7272687418529657,1
0,0.9180846339310011,0
0,0.8216606374433394,0
0,0.9755810051710143,0
1,0.7026327581061211,0
1,0.9941537498905563,1
0,0.9781441176850109,0
0,0.9955213357577988,0
0,0.9948991235843196,0
1,0.9794147500347088,1
0,0.9939833802004705,0
0,0.9747635210164285,0
1,0.6855476698610573,1
0,0.6579147199590248,0
0,0.9038979993403714,0
0,0.9273478175213459,0
1,0.8408885747229534,1
0,0.9526873820827081,0
1,0.7640362250505898,1
1,0.7648892635123049,1
1,0.698984357237428,1
0,0.9360224446088082,0
0,0.9774856613368961,0
0,0.9912794809984596,0
0,0.6487619132696838,1
0,0.9059690516893592,1
1,0.9980159154832589,1
1,0.9994735580316848,1
0,0.9997732133534348,0
1,0.9449472103973409,1
0,0.7231001193833397,1
0,0.8944588719829607,0
0,0.9966641151886038,0
0,0.9998824394974934,0
1,0.7999686917626911,1
0,0.9967477272643552,0
0,0.8394248435177027,0
1,0.9701922129171034,1
1,0.9270152421100071,1
1,0.9572532858821814,1
0,0.9520643755353569,0
0,0.6012108501080035,0
0,0.9783825521361296,0
1,0.9057876874391007,1
1,0.9862955231148828,1
0,0.9136704055048597,0
0,0.9965080074256502,0
1,0.7245949996243753,1
0,0.907554665496885,0
0,0.8599413366717679,0
1,0.6733072897015957,0
0,0.7433357501853735,0
1,0.8316595278839185,1
1,0.8803653648925929,1
1,0.6831749006801653,1
0,0.9876440113845331,0
1,0.8738414247159142,1
0,0.7103717616200278,1
1,0.9242113345496514,1
0,0.978825364210318,0
0,0.8549288407994178,0
1,0.598031533328324,1
0,0.9802836550653592,0
1,0.9319276191928169,1
1,0.5129449901925388,1
1,0.9872895949317643,1
0,0.9059049847385401,0
1,0.9427787139685504,1
0,0.8993408715695838,0
0,0.9697800800018133,0
1,0.578475994230956,1
1,0.9985685104038557,1
0,0.8536621611583605,0
0,0.9982034216650433,0
1,0.7141750755111729,0
0,0.9870957833195027,0
1,0.907926057502086,1
1,0.6109621384570384,1
0,0.9822088468578205,0
1,0.9800788965527393,1
1,0.8324072672972843,1
0,0.9055447108623453,0
0,0.7069623344230469,0
0,0.9734649969994618,0
1,0.9538217295616858,1
1,0.5337166906494051,0
0,0.997407850828706,0
1,0.7502733568384113,0
1,0.7713787388042452,0
0,0.6432576959320473,1
0,0.9773570694865948,0
1,0.9988528926213706,1
0,0.6118751437770316,0
1,0.6363974205822854,0
1,0.6385715692344797,1
1,0.6422467800641768,1
1,0.9393268444890067,1
0,0.9253937728175728,0
0,0.9931605976571715,0
1,0.9545792513347803,1
0,0.5784020375003293,1
1,0.9322186944079361,1
0,0.9449043877799599,0
1,0.5837063207912471,0
1,0.9815607162841989,1
1,0.5061484999058373,1
0,0.6764580314787896,0
0,0.6989327802751577,0
1,0.9250874617193885,1
1,0.5344236363248105,1
0,0.9652826368337926,0
0,0.9747808286503415,0
1,0.9430647926368642,1
1,0.5242795866686668,0
0,0.9848629732654425,0
1,0.8709007360772852,1
0,0.9680096349376409,0
1,0.6264356235739005,0
0,0.7030676290420776,0
1,0.534700530057696,1
1,0.988311606118329,1
0,0.8938591855677123,0
0,0.9990586613653156,0
1,0.9990072075351017,1
0,0.5479517767593359,0
0,0.6099359281869503,0
0,0.9183711719391383,0
0,0.7601713965839807,1
1,0.5566038410488449,1
1,0.9999620251479084,1
1,0.8537136469410881,1
0,0.9976182295052127,0
0,0.9744266245552449,0
0,0.9498724113488042,0
1,0.9817522031436722,1
0,0.9836536653207015,0
0,0.9157894889957654,0
0,0.9910020926284675,0
1,0.8244587545941764,1
0,0.7297126648600758,0
1,0.9015390477710601,1
1,0.9926196532368649,1
0,0.6622838629270212,0
1,0.9106654709773387,1
1,0.9866939690675002,1
1,0.9922492912528844,1
1,0.7552227425191939,1
0,0.5650623956104533,0
0,0.7873747308925128,0
0,0.9796638806782034,0
0,0.8786650871734044,0
0,0.5160972802552057,1
0,0.9642514143426497,0
1,0.9831006897264696,1
0,0.6169487225840291,1
0,0.6409119723164356,1
0,0.88734323498348,0
0,0.8440557200517765,0
1,0.8389340219546326,1
0,0.9697640753446689,0
1,0.8696820754871216,1
0,0.7185414470899287,0
1,0.541740280161592,1
0,0.6869959400896879,0
0,0.9924905112138257,0
0,0.9990729028673585,0
0,0.9971641456568943,0
0,0.94466347338123,0
1,0.998809126965384,1
0,0.9766162545276291,0
1,0.9972051310239579,1
0,0.8834064471407693,0
0,0.6130707294719886,1
1,0.7314473595223698,0
0,0.7513621000508964,1
0,0.9911775907461046,0
1,0.9277318450701444,1
1,0.9308621561320009,1
0,0.9979804135729834,0
0,0.9901616351240466,0
1,0.9496387294310685,1
1,0.995187091893535,1
0,0.9943770537865464,0
0,0.7236798520603048,0
1,0.996108580705188,1
0,0.9704342706669873,0
0,0.6075276420402018,1
1,0.807796523907879,1
0,0.9706926283370673,0
1,0.9401918043924109,1
1,0.8216037120088147,1
0,0.7282306386696213,0
1,0.9657558347118887,1
0,0.9540291203311131,0
0,0.9647559785408412,0
0,0.9992797766974753,0
0,0.8859342075684679,0
1,0.7653212086680684,1
0,0.8478521246139877,0
1,0.641675937709569,1
0,0.7887370973438786,0
0,0.9079604984530879,0
0,0.7940925363295499,0
0,0.9897293555037813,0
0,0.9554438686439378,0
0,0.9691156179061574,0
1,0.9972459101252918,1
1,0.6406426474742224,1
1,0.9790999195291388,1
0,0.9169711599557139,0
1,0.9440176192370741,1
0,0.7885902218769721,0
0,0.9841728269713571,0
0,0.9911114123136053,0
0,0.9953781499674464,0
1,0.7282434412083457,1
0,0.9532934055577235,0
0,0.7093367930691152,0
0,0.9731080493329874,0
0,0.9773300269367647,0
0,0.7839741199597332,0
1,0.9486728173749194,1
0,0.9435850656270165,0
1,0.7154533805084039,1
1,0.9956386661076971,1
1,0.9986911752221104,1
1,0.9974743175735337,1
1,0.9647051292834233,1
1,0.9929835609972425,1
0,0.9977176723792726,0
0,0.8918610689437951,0
0,0.9500632780876535,0
1,0.7525238946175303,1
1,0.6211497982128641,1
1,0.7804053879224899,1
1,0.9138469087964904,1
1,0.8371300746894599,1
1,0.5393252463397981,1
0,0.6991142115665315,0
0,0.5896851893436899,1
1,0.8730886870030217,1
1,0.8708625347630614,1
1,0.6866073478976105,1
1,0.9918677829944509,1
1,0.8554396668529481,1
1,0.9723027360873983,1
1,0.6745392066937707,1
1,0.9189108359978101,1
0,0.9774263175411593,0
1,0.8177314108740812,1
1,0.9978820728523221,1
0,0.9998637374742296,0
1,0.9922320155129326,1
1,0.8907037305856977,1
1,0.9982414550740449,1
1,0.8470523789153218,1
0,0.965507301497532,0
0,0.8126338393506636,0
1,0.8000103430399066,1
0,0.9769816666080539,0
0,0.9904975497823326,0
0,0.7874592986846516,1
0,0.9161266094898086,0
1,0.9952655074381119,1
1,0.9691810301413205,1
1,0.8113387813154216,1
0,0.9647233284868284,0
1,0.7175085832984226,1
0,0.9087462844425072,0
0,0.9976388253345201,0
0,0.7774048476889148,0
1,0.9939830709201168,1
1,0.770075927855115,0
0,0.9881506428942987,0
1,0.7135520784022553,1
1,0.6799637090784375,1
0,0.7876864729022155,0
0,0.9870585925159888,0
1,0.9472605582859085,1
0,0.8039363825774994,0
1,0.6876013855490514,1
1,0.596544608124655,1
0,0.8160152721895932,0
1,0.7807680717117759,1
1,0.5796459463565007,1
0,0.8931644177240873,0
1,0.7524901505196339,0
1,0.8706406169848456,1
1,0.9856655596034041,1
1,0.9999292047970959,1
1,0.8041913040296009,1
1,0.8904270270311979,1
0,0.9970315915327539,0
0,0.9538381363213154,0
0,0.9916303404400358,0
1,0.6694112476040567,0
1,0.9994840156528385,1
0,0.9942156964542692,0
0,0.9998898919917527,0
0,0.9523768511274183,0
0,0.8078031799132379,0
0,0.8833812802433192,0
1,0.9488547934213406,1
1,0.6777074926760687,1
1,0.5983746109217493,1
0,0.9428459792915282,0
1,0.8579503407717327,1
0,0.9859270130502523,0
1,0.9625182477672725,1
0,0.9983132811584335,0
1,0.9430892468215829,1
0,0.9933894276803702,0
1,0.9993850754906347,1
0,0.9966813333613652,0
1,0.9991755162762986,1
0,0.6462166575566768,1
0,0.9658061910387116,0
1,0.6914430822629222,1
0,0.7436710556506774,0
1,0.7912056859314656,1
1,0.8572069234794124,1
0,0.9506563237960638,0
0,0.9412772216860295,0
1,0.7054950477893961,1
1,0.9244980004342849,1
0,0.9400605312720789,0
1,0.7707806726007367,1
0,0.9947226782766633,0
1,0.5946769632917456,0
0,0.8776793484907759,0
0,0.8473874084770061,0
0,0.6171674004899093,0
1,0.8553103199174161,0
0,0.8367333256606693,0
0,0.9891923550265533,0
1,0.6011966058113549,0
1,0.559583421817201,0
1,0.9984303191319245,1
0,0.8650423477077872,0
0,0.8813177586590404,0
0,0.6431441869147927,1
0,0.9770160621592381,0
0,0.6175384656404869,0
1,0.9924830601251226,1
1,0.9961936288906847,1
0,0.5418648906790282,1
1,0.8452168878752233,1
0,0.9982505320531465,0
0,0.8348293562050296,1
1,0.8554288145046482,1
0,0.668207458007005,0
1,0.7674871182527685,1
1,0.7326435884793793,1
1,0.8331470307945221,1
0,0.9863459821870355,0
1,0.9942155353779587,1
1,0.7208123507870048,1
0,0.99837321390073,0
1,0.8588532840615164,1
1,0.7206064714434495,1
1,0.5808549739701735,0
1,0.5385566106990405,1
1,0.9986637912584495,1
1,0.8588286512281799,1
1,0.5534063500671995,0
1,0.86651391702401,1
1,0.5258538129855898,1
1,0.5405524208143713,0
0,0.8878310941592528,0
1,0.538597496752122,0
1,0.7629787484743803,1
1,0.9217803115814599,1
0,0.9315878657908018,0
0,0.9792062221769635,0
0,0.7614565064973495,0
1,0.6646405166442677,1
0,0.7171338718031623,0
0,0.949831570914239,0
0,0.9813835604202261,0
1,0.6235064930660389,1
1,0.9795104340325704,1
0,0.5507637169009729,0
0,0.963866823753439,0
1,0.910542480764491,1
0,0.9991611006641632,0
0,0.9173037656100953,0
1,0.6431520752338368,1
0,0.603220122506438,0
0,0.6295213722424782,0
0,0.9879722922211807,0
1,0.6535557498019363,0
0,0.8073828105165072,0
0,0.9874321545077676,0
1,0.9133060985323596,0
1,0.5025094305093223,1
0,0.5937208371437341,1
0,0.9662335063587368,0
1,0.9929865949349176,1
0,0.583410464948278,0
1,0.981729259853444,1
0,0.9044535359091345,0
0,0.9970842274934162,0
0,0.9762726430255962,0
1,0.8078310151041989,1
0,0.9250153300674147,0
1,0.9971834354140996,1
0,0.9994755592826127,0
1,0.9610057108028235,1
1,0.6665593394776888,0
1,0.7860286591566772,1
1,0.787958766113758,1
0,0.690967820499357,0
0,0.8402540008897594,0
1,0.9918841567079086,1
1,0.6155068533937265,1
1,0.8803314021280321,1
0,0.971898652846282,0
0,0.9657884403092524,0
0,0.7470130112742919,0
1,0.6038675916748063,0
0,0.8868223518037484,0
0,0.7847148653988305,0
1,0.8912239018668315,1
1,0.8530265402583236,0
1,0.9161126063468314,1
1,0.6390817423653327,1
0,0.9759144356536197,0
0,0.9891373606671516,0
0,0.9633281419226054,0
0,0.872550196289143,0
0,0.7209492032028354,0
0,0.995231059166753,0
0,0.6455328022068243,1
0,0.9967769775589158,0
1,0.8838288212566594,1
1,0.6588798922091411,1
0,0.9029811735446378,0
0,0.9954404899013661,0
0,0.6250600644711901,0
0,0.9999509856016949,0
1,0.9949730715391804,1
1,0.9877207056797019,1
0,0.899496563957376,0
1,0.924264558278868,1
0,0.991310716766891,0
0,0.933567572257648,0
0,0.9742822477805057,0
0,0.8671877202705246,0
1,0.95026633861056,1
0,0.9851966347829983,0
1,0.8179363422420965,1
1,0.9863583902301123,1
0,0.5501272518996552,1
0,0.8710560524862616,0
0,0.881381283718074,0
1,0.987038985317926,1
1,0.5172047539710751,0
1,0.8928991885866284,1
0,0.9766703418395901,0
1,0.7888255776481239,1
1,0.8978160668982365,1
0,0.6878415427350293,0
1,0.8656331215847202,1
1,0.9904472381010818,1
1,0.6898347621782165,1
0,0.566206735151031,0
1,0.6362017365807954,1
0,0.8937923041386489,0
1,0.9437089309263067,1
0,0.9584966058543491,0
0,0.9920618850723771,0
1,0.9827158503421668,1
1,0.9885703729156426,1
1,0.9503671310367292,1
0,0.9750708491086416,0
1,0.9237571903828066,1
1,0.6091920217191881,1
0,0.9971250707960917,0
0,0.9948681031307368,0
1,0.8707056090645714,1
1,0.9033630965598552,1
1,0.9446813684058278,1
1,0.5659309752171832,1
1,0.9448960955278937,1
0,0.8565867925077311,0
0,0.9490625704921527,0
1,0.8341085745138921,1
1,0.8484375091029327,1
0,0.9978206133905828,0
0,0.958915582355843,0
1,0.7436686754673294,1
0,0.9992966206881402,0
1,0.8673470870449349,1
0,0.5923768189191512,1
1,0.9650439310201216,1
0,0.864306406459213,0
0,0.8683654744016429,0
0,0.9594548143253024,0
1,0.6880263332040714,1
0,0.5558991037688685,0
1,0.9703855282963706,1
0,0.9722163002930135,0
0,0.9932531173476329,0
0,0.7892152601240098,0
0,0.837958532745804,0
1,0.9276741454181732,1
1,0.6235752170189061,0
0,0.9828698058735613,0
1,0.998804568203689,1
0,0.9895550272376697,0
0,0.7780950177955335,0
0,0.9303140967410664,0
1,0.9824363287718094,1
1,0.9495126940025536,1
1,0.8680591499414091,1
1,0.9917305321578244,1
1,0.951353167938704,1
0,0.5711374005351126,1
1,0.9066729993174868,1
0,0.8977904381249412,0
0,0.9816577837551715,0
1,0.9869084857158518,1
0,0.9990913801586536,0
0,0.9914722569019355,0
0,0.9926398527234221,0
0,0.9974284569477894,0
1,0.8158394842687376,1
0,0.8797771808079975,0
0,0.9724880898609378,0
1,0.7658196862508803,1
1,0.7961571615177667,1
1,0.6950989473517802,0
1,0.9500142789041137,1
0,0.9505235217799368,0
1,0.7695299609135866,1
0,0.9484165994353276,0
0,0.9965968552301399,0
0,0.779830128270719,0
1,0.8066195882368326,1
1,0.9705868322557988,1
1,0.944349026093531,1
1,0.7815285127434336,1
1,0.9844429033370569,1
0,0.987535496518626,0
1,0.638722425675987,0
0,0.7429252704207386,0
1,0.665647228555298,0
1,0.9619505075329542,1
0,0.7723077889376888,0
1,0.9615835618399585,1
1,0.8489444728431541,1
1,0.9207270638569541,1
0,0.9445773049248287,0
1,0.993293648159973,1
1,0.9153420342741883,1
1,0.9894095577569862,1
1,0.6435828124664876,1
0,0.9420271268348925,0
1,0.6965537210713596,1
0,0.9658872840070221,0
0,0.9506018298864625,0
0,0.9896704139677392,0
0,0.5634245000118834,1
0,0.9822303342318226,0
1,0.6172063475386805,1
1,0.873883848871094,1
0,0.8200168914515296,0
0,0.8281858713262076,0
0,0.5279476807814452,0
0,0.9894262052444327,0
1,0.6707595911139423,0
1,0.8894319106599438,1
0,0.9187550780831447,0
1,0.9979401704612495,1
1,0.9996210536960057,1
0,0.9580637815075674,0
0,0.998459550956471,0
1,0.6323530454959255,1
1,0.9799147272583449,1
1,0.9870110843832685,1
0,0.9279620263227908,0
1,0.9166493499362985,1
1,0.8979286829562784,1
1,0.9097003853387022,1
0,0.9712410392531416,0
1,0.77900837870094,1
1,0.9726495797194477,1
1,0.8963762988696081,0
0,0.8779654845624605,1
0,0.9918920941955522,0
1,0.5320877182320475,1
0,0.6444152952977416,0
0,0.7262161105108897,1
0,0.9764634850657478,0
1,0.6443018722527606,1
0,0.9955313824814198,0
0,0.9963069440725034,0
1,0.8842829553540958,1
1,0.9159904567373247,1
0,0.5832351900647277,0
1,0.6048166056914934,1
0,0.9984351699069856,0
1,0.9468488493462591,1
0,0.8131439693804154,0
1,0.9996586718157666,1
1,0.9992456025230455,1
0,0.975641479466515,1
0,0.9997552924518592,0
1,0.6443491807494037,1
0,0.982217935206748,0
0,0.9149258910603206,0
0,0.9462696476547203,0
1,0.9043121588914103,1
0,0.5140863191381583,1
1,0.9744988409310766,1
0,0.8315507378456493,0
0,0.9342819167469638,0
1,0.9256520963487522,1
1,0.8469145557417961,1
1,0.9808292327027637,1
0,0.9927396623938073,0
1,0.9078624281507719,1
0,0.6579673135898596,0
1,0.5763043873723865,0
0,0.9063021287533058,0
1,0.5155130499441888,0
0,0.7264218869444886,0
0,0.7737048316023425,1
1,0.6680537921696388,1
1,0.8738447812154992,1
0,0.9834751791595827,0
1,0.9419021729872348,1
1,0.9256649571770798,1
0,0.8998656575759824,0
0,0.8607521831379664,0
1,0.7016049217692708,1
0,0.9700031051645848,0
0,0.9386268226565002,0
1,0.9489646241780387,1
0,0.7552550267878673,0
0,0.9732263785852564,0
1,0.7822381279166907,1
0,0.5242089766022499,0
0,0.9507626402195525,0
0,0.8853230558837736,0
1,0.5296773557587288,0
0,0.5012155650985182,1
1,0.8378059093919638,1
0,0.9093455603063092,0
0,0.887274915411799,0
0,0.9969346031844498,0
0,0.9977884145519031,0
1,0.9174187011645462,1
1,0.983824623609695,1
0,0.9439908425350532,0
1,0.7512972074321012,1
1,0.922034032531547,1
1,0.8816694303879612,1
0,0.6852990904808582,0
1,0.8170079202499131,1
1,0.9967896352846906,1
0,0.9056361290112029,0
0,0.7626842621067232,0
0,0.9814674931827833,0
1,0.7732261132936915,1
0,0.8826540006685353,0
0,0.7304825495428651,0
0,0.7632683541259638,0
0,0.5556958416132448,1
0,0.9612434695592275,0
0,0.991033512688819,0
1,0.5801980135813959,1
0,0.9999202040941991,0
1,0.5740905759629512,0
1,0.9489466189767799,1
0,0.8018531869890126,0
1,0.7513145673618595,1
0,0.9721492568914155,0
1,0.746774999959195,1
0,0.9996895098719708,0
0,0.5830385223802854,0
0,0.9990352836418868,0
0,0.9976771394320787,0
0,0.9782796467330953,0
0,0.7414469967294519,0
0,0.5630773024141699,0
0,0.8986701287051834,0
1,0.9024146389362783,1
1,0.6619118978373145,1
0,0.5858216744660252,0
0,0.8518521373282567,0
1,0.7999437064000822,1
1,0.9354499870411239,1
1,0.7265721278104214,1
1,0.9718477248633356,1
1,0.9928989249441385,1
1,0.9198291399768928,1
0,0.9986593590820919,0
0,0.6024027654737041,1
0,0.8251380467637863,0
0,0.9889026845595968,0
0,0.9887096910393984,0
0,0.8439516896721454,0
1,0.7078951268348215,1
0,0.6820993556002286,0
1,0.6551498452885217,1
1,0.9557999881114666,1
1,0.8401107678295242,1
1,0.9678775134234128,1
1,0.89572593781497,0
0,0.9999580631234579,0
0,0.9490797628009019,0
1,0.7870415043091669,1
1,0.9577469652467853,1
1,0.9807586203984824,1
0,0.5529536634852941,0
1,0.9834024071586076,1
0,0.935787512883529,0
0,0.9488999481039615,0
0,0.9724033678568756,0
1,0.9887426399368313,1
0,0.9863834553952721,0
1,0.7571222061338795,1
1,0.9845748878763975,1
0,0.7104992943475541,0
1,0.5763077014645759,1
1,0.9918144903860322,1
1,0.8364807545001125,1
1,0.9761466563196487,1
0,0.987169650378696,0
0,0.8542894435842766,0
1,0.8884701128401965,1
1,0.8711051185740328,1
1,0.9274399460955216,1
1,0.9441256182529412,1
1,0.8668673105638972,1
1,0.5014102453203688,1
0,0.9698162728416265,0
0,0.99529004761397,0
0,0.9706393625155297,0
1,0.9297498434276265,1
0,0.8978643508746191,0
0,0.7645232485704571,0
0,0.878233204314894,0
1,0.6172666762469518,0
0,0.8975360647541617,0
1,0.949725012299666,1
1,0.6839818828026254,1
1,0.9998960767756839,1
0,0.9939765436956365,0
0,0.9971707214808503,0
1,0.8423725920396297,1
0,0.6653254639186594,0
1,0.828055223385928,1
0,0.8202573069941643,0
0,0.6750832177926084,1
0,0.9991009089502498,0
0,0.9904124741953653,0
0,0.5608026162606596,1
0,0.9386150812407899,0
1,0.5648355280500492,1
1,0.758907963871346,1
0,0.8740565483307479,0
1,0.9542799487688505,1
1,0.7759583852243447,0
1,0.9995906875459645,1
0,0.955098596133036,0
0,0.7211632072733676,1
0,0.7952115860192802,0
1,0.762120793034998,0
1,0.9067193380039892,1
0,0.9994148684805211,0
1,0.6985670117088391,1
1,0.974431131298861,1
0,0.9955964917734769,0
0,0.685511947153124,0
0,0.9754411326404607,0
0,0.987455456863977,0
0,0.9447980661124894,0
0,0.6611127136584227,0
0,0.7017878490081466,1
0,0.7616402793454013,0
0,0.7335095586653952,0
0,0.8262558154633253,0
0,0.7956069138076083,0
0,0.9673098611756324,0
1,0.7827503165486467,1
0,0.9590263011936939,0
0,0.942089622080095,0
0,0.9948628129721093,0
1,0.930061512194724,1
1,0.6987206624344614,1
1,0.9672312485086563,1
0,0.9275169220946244,0
0,0.9912866657304875,0
1,0.7640705651830973,1
0,0.9867067729398279,0
1,0.9927329152488065,1
1,0.9865701431994759,1
1,0.9763354223161234,1
0,0.9862077645000541,0
0,0.9271308278424466,1
1,0.7086594335564095,1
0,0.9936331550771741,0
0,0.9695706186088788,0
0,0.9731195097994353,0
0,0.9716191011982127,0
1,0.6976707691954301,1
1,0.9916004151131997,1
1,0.839031065808581,1
0,0.707622145723976,0
1,0.9747242039136729,1
0,0.9946624547023366,0
0,0.9764152651566215,0
0,0.6750636533180142,0
0,0.9977342657955888,0
0,0.9978201028324561,0
1,0.8126411830685631,1
1,0.8222531867086934,1
1,0.9957245230065824,1
0,0.9708595750914424,0
0,0.7814357191541458,0
0,0.904062211996132,0
0,0.9544345851052142,0
0,0.9650718116783246,0
1,0.9510498957944166,1
0,0.9812167296770914,0
1,0.9979071900420959,1
0,0.9579673939469406,0
1,0.9784047904688709,1
1,0.55771961353519,0
1,0.9183817141136676,1
0,0.9991405250520297,0
0,0.992673129205029,0
1,0.8724041305089324,1
1,0.8464293844121759,1
1,0.8825280157244093,1
0,0.7946601927903139,0
0,0.9996673616915163,0
0,0.8371094241989523,0
0,0.9941597637893473,0
1,0.532068095679077,0
0,0.7606812367680109,0
0,0.6044589496934817,1
1,0.5659923811483143,1
0,0.9926196050415913,0
0,0.5099977768816983,1
1,0.9695522468654492,1
0,0.8038992532693,0
1,0.8030043819460364,1
0,0.9678052064745287,0
0,0.8760082078218997,0
1,0.5548521673131136,1
0,0.9047819650729946,0
1,0.9264882042871128,1
0,0.9112918445613545,0
1,0.5617953244850377,0
1,0.9123690128214811,1
1,0.9257219082701919,1
0,0.6558977061551009,0
1,0.970583386288567,1
0,0.9505094558615343,0
0,0.9248379725048882,0
1,0.9631352869100619,1
0,0.8216706523263382,0
1,0.8200445701519816,1
0,0.874923768111489,0
0,0.6619460764930025,0
1,0.9521391268412563,1
1,0.9645461180193046,1
0,0.6013320307952386,1
0,0.8512619829338646,0
0,0.6577381019112697,0
1,0.8473426087287772,1
0,0.9199328979091793,0
0,0.9398777328774864,0
1,0.9658406108882774,1
0,0.873827718508974,0
0,0.9446362177041553,0
0,0.8374247970762281,0
0,0.9371547961196508,0
0,0.8210287465304696,0
0,0.960469990120948,0
0,0.5351404483355735,1
1,0.9766011379201249,1
1,0.9791318275161524,1
1,0.985099930519522,1
1,0.6008617895589545,1
1,0.829137639084424,1
1,0.9722043181255983,1
1,0.9904689189596704,1
0,0.851321121020786,0
0,0.8153227634974435,0
0,0.7812792940917482,0
1,0.9951666336658554,1
0,0.582038666879575,1
1,0.5142593975298767,0
1,0.9563092850848398,1
0,0.9881489689490176,0
0,0.9907816427099255,0
0,0.8929817421963785,0
0,0.9167537941475683,0
1,0.6681949912459189,0
0,0.910542730294828,0
0,0.9761799964901444,0
1,0.9763464549674115,1
1,0.7890298073214858,1
1,0.9856280641381432,1
0,0.9915192805321085,0
1,0.8466192186681334,1
1,0.8062538811693631,1
1,0.9283554477362541,1
1,0.9958165870094505,1
0,0.8663593887990254,0
1,0.9178213225217535,1
1,0.5268007627444432,0
1,0.6764017708412079,0
0,0.9752003960410173,0
0,0.8595275901898054,0
1,0.9959064348987308,1
0,0.9824373584347159,0
0,0.7410957966164338,0
1,0.8603329087547003,1
0,0.9150538281998242,0
0,0.9926955421811892,0
0,0.9898187504833151,0
1,0.7576947576240877,0
0,0.8001544188491623,0
0,0.9202237962739749,0
1,0.9870663238962333,1
0,0.9417974542675026,0
1,0.7048725512326917,0
0,0.9157202674212843,0
1,0.9676200652055866,1
0,0.9292825820689304,0
0,0.9883407932772225,0
0,0.566467369680679,1
0,0.9957418282416256,0
1,0.7926034770675899,1
0,0.9883683063146682,0
1,0.9978039050464642,1
0,0.9547834903304734,0
0,0.9484785595068504,0
0,0.9545234294327728,0
1,0.927807059403875,1
1,0.9203746472513291,1
0,0.7933605370607423,0
0,0.9996469347045711,0
0,0.9845575076513713,0
0,0.9472332365747667,0
1,0.9190647997819628,1
1,0.8196607996707546,0
1,0.5561936031978194,1
1,0.5339646875394018,0
1,0.8389384231734813,0
1,0.9989529545099709,1
0,0.919310472484655,0
1,0.6492218439252484,0
0,0.9639533240674883,0
0,0.5187790840669875,1
1,0.9061522651576586,1
0,0.8729495935852373,0
0,0.7953881561272882,0
0,0.9989203766165577,0
0,0.8279320178111775,0
1,0.8271713097573744,1
1,0.898291779392935,1
1,0.9212662951569192,1
0,0.8729831052270578,0
1,0.8315565768993782,1
0,0.5035425599770464,1
0,0.6081554662638774,1
0,0.8756572584549037,0
1,0.9999003705712295,1
0,0.9803128560174663,0
1,0.9666318810801658,1
0,0.7908969358898653,0
0,0.9516671878530418,0
0,0.9834302395227895,0
0,0.9168153875652704,0
1,0.9488997742277601,1
0,0.6068273108431703,1
0,0.8759919122808074,0
1,0.7878349136853795,1
1,0.5326341553872534,0
0,0.9300547886921046,0
1,0.9003371764275754,1
1,0.7258775852806376,1
1,0.6097221666409351,1
0,0.9626376784828203,0
1,0.9266262213363261,1
0,0.8753332297543863,0
0,0.9892412752137715,0
1,0.9147741457783332,1
0,0.9925406737127187,0
1,0.8696945589667989,1
0,0.9586754944986022,0
0,0.6148687053832969,1
1,0.9924809558885512,1
0,0.8690670684797628,0
0,0.9779363325602196,0
1,0.9925483461399497,1
0,0.9775993064813125,0
0,0.9996304807400318,0
1,0.5074853042844377,1
0,0.6802050795709329,0
0,0.8943197639787321,0
0,0.9625720809091414,0
0,0.6168531527341412,0
0,0.7994956200308554,0
0,0.9000013382838294,0
1,0.7171715969505952,1
0,0.9834933832246913,0
1,0.8166119667483382,1
0,0.9548613157067992,0
1,0.6671105465787017,1
1,0.9178381965503948,1
0,0.915924838927772,0
0,0.982443923901695,0
0,0.5928134436666992,0
1,0.6607058468896275,1
0,0.6834228076218838,0
1,0.9030863151290597,1
0,0.9101085265095535,0
0,0.8625146372441893,1
1,0.5311383594386645,0
1,0.9874785591979696,1
0,0.9845083021104524,0
0,0.9827088144721088,0
0,0.9711725030058902,0
1,0.5669710498600848,1
0,0.924301091183105,0
0,0.9901057605883894,0
1,0.9984468904510164,1
1,0.7076237343043216,1
0,0.5197125658854047,0
0,0.6069206822319209,0
0,0.9109812692648731,0
1,0.7779483237976282,1
0,0.9838163022718411,0
1,0.7866727940140306,1
1,0.9174577283655867,1
1,0.6353166124559286,0
0,0.859780783265706,1
0,0.9882869018824043,0
1,0.8571913623902857,1
1,0.9709866665824513,1
1,0.8729669656410859,1
1,0.5150378085193537,1
0,0.9990747125318203,0
0,0.5480977300632264,0
0,0.9915164927003712,0
0,0.995113958811978,0
0,0.875967712596196,0
1,0.9631600909112417,1
0,0.5290414712335847,1
1,0.9651153825613377,1
0,0.9926984319966909,0
0,0.8042835361289683,0
0,0.7779335837875045,0
1,0.9682334697505165,1
0,0.9351053358350618,0
1,0.5282345418160783,1
1,0.8666138485786891,1
1,0.6448446867427722,1
1,0.5736326150879936,1
1,0.992458770963749,1
1,0.9102201977673106,1
1,0.7498950605465503,1
0,0.9989641125293419,0
0,0.8439115857122923,1
1,0.703792205163786,1
1,0.7624747264479117,1
1,0.978372318012084,1
0,0.9963871229331801,0
0,0.9901885434651801,0
0,0.9966775736812628,0
0,0.9603408402241647,1
1,0.8345488690563556,1
1,0.8822466685585448,1
0,0.9925489108957619,0
1,0.9954929182618192,1
0,0.9949614707663624,0
0,0.6223503449151389,0
0,0.9960214335891353,0
0,0.963840296659179,0
1,0.8999814706771619,1
0,0.9866997660765613,0
1,0.9794369296330601,1
0,0.9703041847262439,0
0,0.9961703341208301,0
0,0.9632614730418373,0
1,0.9923989099758468,1
1,0.6937813687468114,1
0,0.7997614814807712,0
1,0.96334877704517,1
0,0.9713605203547975,0
0,0.9855348829479915,0
0,0.6116869188888632,0
0,0.5632698330658468,1
1,0.8517190338119387,1
1,0.6279185230071425,1
1,0.9769813932037517,1
1,0.633267908614959,0
0,0.6276844631238092,1
0,0.6141906414764989,1
0,0.985325148567604,0
1,0.959307411099831,1
1,0.643518906497395,1
1,0.5350281827013982,1
1,0.7144523217332643,1
1,0.713569315452025,1
0,0.8316883870371876,0
1,0.7438398977067961,1
1,0.9285628215274774,1
0,0.8580755673357578,0
0,0.9643158539171787,0
1,0.7987028931382559,1
0,0.6766856572218738,1
0,0.9946419851158115,0
1,0.6297670861078393,0
0,0.6253934427960071,1
0,0.8748074687194458,0
1,0.8168242385356587,1
0,0.8462419628443157,0
0,0.9630233229777447,0
0,0.9611289394667525,0
0,0.9005089387192838,0
0,0.9915949497996713,0
0,0.9857944379420335,0
1,0.5080660347899444,1
0,0.9971141184109529,0
0,0.9372196848530444,0
0,0.9614875071143534,0
0,0.7974036172262484,0
0,0.9314599330432425,0
0,0.9809864731459877,0
0,0.978887883666207,0
1,0.768498094044475,1
1,0.5183111908582089,0
0,0.7440559881231232,0
0,0.8986184188531681,0
0,0.8599919027909078,0
1,0.9930268080251186,1
1,0.7320818613464095,1
1,0.9989821227077466,1
0,0.6411352855640639,0
1,0.9021795527343303,1
0,0.7265940911404295,0
1,0.9360022882409756,1
0,0.7536889986798939,0
0,0.9999509856016949,0
0,0.98971315563944,0
1,0.9634680183953477,1
0,0.9833219587046912,0
1,0.5548745087941919,1
1,0.8257352997629057,1
1,0.8089633337319798,1
1,0.5318548831022707,1
0,0.6259204802239284,0
1,0.9856238519548572,1
0,0.9010456759147445,0
1,0.6979799964502479,1
1,0.9956673431014611,1
0,0.8364534826751038,1
0,0.8811130344697278,0
0,0.9333855081023783,0
0,0.6152561388363827,0
1,0.6597150592171557,1
0,0.8587704295638474,0
1,0.8122166247352539,1
0,0.9824769163690577,0
1,0.7907375784980838,1
1,0.8193267247774793,1
1,0.7864656257438002,1
0,0.9243063106800685,0
0,0.9282850466732558,0
1,0.5521434388523907,1
0,0.7746840679426534,0
0,0.8489140044607901,0
0,0.9587577653782405,0
0,0.9981860679427613,0
0,0.9563133303541977,0
0,0.9994969821116325,0
1,0.927608435992123,1
0,0.9543153107714923,0
1,0.8352325150000672,0
0,0.9987869054984285,0
0,0.9986251225021169,0
0,0.9455965580353248,0
1,0.992554261935442,1
0,0.9972040744574001,0
0,0.9988475488553087,0
0,0.9872047377436014,0
1,0.5108190093557289,1
0,0.9512668800657542,0
1,0.9852238194122461,1
1,0.6006552652733241,0
1,0.9435540150331626,1
0,0.9120165792932887,0
0,0.8238839023978192,0
0,0.9611095396967678,0
0,0.5827320136849365,1
0,0.9849403300480839,0
0,0.9998810680367273,0
0,0.9766420584449258,0
1,0.9990785093933565,1
0,0.843170398254845,1
1,0.997864736786574,1
0,0.8245471132892579,0
1,0.5384374186594972,0
1,0.8026062241587649,1
1,0.9117725598983148,1
1,0.6591770093784581,1
0,0.9866401595558858,0
1,0.6169865918711301,1
0,0.9886330682323609,0
1,0.8682450241229044,1
1,0.957802610061312,1
0,0.9901673734366405,0
1,0.977529172931206,1
1,0.91314207994065,1
0,0.9898165198352006,0
1,0.9464240397380678,1
0,0.8146480816423323,0
1,0.981157930835038,1
0,0.9984965670795803,0
1,0.9309994287529566,1
0,0.8851933756977272,0
0,0.9815063279690639,0
1,0.8283317252632265,1
0,0.9966920175222805,0
1,0.9954884905433944,1
1,0.8434224077322768,1
1,0.9966513389010673,1
1,0.817192598393924,0
1,0.8754014669012683,1
0,0.8480085875395478,1
1,0.9005190814322082,1
0,0.9934773965461041,0
0,0.9941496079770629,0
1,0.9353512116117154,1
0,0.6909104036293505,0
0,0.9457605343070706,0
1,0.7356020199401232,1
0,0.5710415978126888,0
0,0.7383508387063049,0
0,0.938124789023556,0
0,0.999793194453903,0
1,0.6441127457151847,1
1,0.7815665556115767,1
1,0.8277381053316125,1
0,0.9589778648778953,0
0,0.8666526945520481,0
1,0.5467583511618225,0
0,0.9035491335424838,0
1,0.7380736233443522,0
0,0.8797436551268445,0
0,0.7840855609367686,0
1,0.9711658915360744,1
0,0.9957629489237585,0
1,0.9906833093538415,1
0,0.5318659000662205,1
1,0.8419506234708425,1
1,0.7051885820892182,1
1,0.6835430139327576,1
0,0.5481432915094514,0
1,0.9875348167506459,1
1,0.546549835615692,1
0,0.5806600659189743,1
0,0.9852921152036123,0
1,0.5694048522168851,1
1,0.92552006981852,1
0,0.9914682378531405,0
0,0.9880096064184379,0
0,0.5198903110374378,1
0,0.8180081358827309,0
1,0.9711377531590514,1
1,0.5985099873010237,1
1,0.9676526245483911,1
0,0.7365061888275475,1
1,0.9898889035947216,1
1,0.5040633742686256,0
0,0.9773337328737409,0
1,0.5605423879709349,1
0,0.8661962393937164,0
1,0.7207394262799061,1
0,0.9981677429867292,0
1,0.7371386335227004,1
0,0.875312678502006,0
1,0.8305523722599685,1
1,0.8821508772953713,1
0,0.7882609884949976,0
1,0.7777905020188784,1
0,0.6218529414389206,0
1,0.8619983445543047,1
0,0.6628259248697828,0
0,0.9749908594122318,0
0,0.9485315707524448,0
1,0.6359184699209692,1
1,0.8580361214544975,1
1,0.729547558862541,0
0,0.6847908735951022,0
0,0.8902863688171029,0
0,0.9214634993536693,0
0,0.9131012413503146,1
1,0.6766023708944238,1
0,0.9669287706457589,0
1,0.6578319768283234,1
0,0.9851906102573094,0
1,0.9607137298528255,1
0,0.9530751012641449,1
1,0.6904462664503883,1
0,0.5546187514553846,1
0,0.9715083123614865,0
0,0.9902210185392003,0
1,0.8483625876824287,1
0,0.9884464504913355,0
1,0.9298185095250656,1
0,0.5776576200829928,1
1,0.9218744576799077,1
1,0.9138623797747569,1
0,0.9612202496085099,0
1,0.8689236646197153,1
1,0.7888921545656838,1
1,0.6136011057321341,1
0,0.7159670857904097,0
1,0.9895190189510805,1
0,0.953145051690389,0
1,0.7838829103776799,1
0,0.9940816979789818,0
0,0.9740828983053214,0
1,0.9111399708395181,1
0,0.9595009605874171,0
1,0.7552737133234112,1
0,0.8939191821159844,0
0,0.9988118844768503,0
0,0.9957964774127759,0
1,0.5596747762344289,0
1,0.8175236648403116,1
1,0.7526455627467246,1
1,0.9985512396665839,1
1,0.9441065735358074,1
0,0.8232667516608145,0
0,0.926048905793718,0
1,0.9991812353566447,1
1,0.9740852599272062,1
1,0.7039220766533869,1
1,0.7958746102325707,1
0,0.917096756018808,0
0,0.8462338369960642,0
0,0.992910730047056,0
1,0.996098714394741,1
1,0.9763549208763698,1
0,0.9949833389443589,0
1,0.9927329152488065,1
1,0.7032585117409609,1
1,0.8816780993098992,1
0,0.966071332327374,0
1,0.5261861777441922,0
0,0.9142874563523701,0
1,0.9595677311303371,1
0,0.981105811636705,0
1,0.5090400211675337,0
0,0.9976210934909234,0
1,0.9809951354748172,1
1,0.922181079055819,1
1,0.9561552049526998,1
0,0.9974151905808122,0
1,0.9519458094836591,1
0,0.6087932110874192,1
1,0.873299239847162,1
0,0.9983154140650141,0
1,0.8765131622102514,1
1,0.9482592606801357,0
1,0.9991355980736083,1
0,0.6444283022427459,0
1,0.6458472576553177,1
0,0.9063976879330345,0
0,0.8639332108056513,0
1,0.7965500660740713,1
0,0.5660166230562015,1
0,0.9882066334552395,0
1,0.991358620167287,1
1,0.5957595654951071,1
1,0.5220095464956688,0
0,0.9983941638130196,0
1,0.9702409835858447,1
1,0.8691643231456214,1
1,0.8408965355966381,1
1,0.9570252753352465,1
0,0.7739260673244049,0
1,0.8717925215649447,1
0,0.9441654026290507,0
0,0.662294425552426,1
0,0.9460644414389395,0
0,0.9990697596732936,0
1,0.6060348397801832,1
1,0.672199343353805,1
0,0.9760095697379654,0
1,0.8271966222451752,1
0,0.9933249377307155,0
0,0.9141201643457698,0
0,0.7038713021711338,0
1,0.9779933066860098,1
0,0.5610016698844296,0
1,0.8316291713989723,1
0,0.7893898640392869,0
0,0.9107139572290863,0
0,0.9200285248942296,1
0,0.9194963473917048,0
1,0.8014085230954395,1
1,0.9324627094026873,1
0,0.7546262881971673,0
1,0.5575437952359525,1
0,0.9839522219929834,0
1,0.9849907734609998,1
0,0.9981361442685145,0
1,0.9557700275075708,1
1,0.9426366245747158,1
0,0.7818790384431387,0
0,0.8807028388391169,0
0,0.8679945665252514,0
1,0.69336978043309,1
0,0.9995430764628379,0
0,0.9384572266276389,0
0,0.6098051723853352,0
1,0.725932136614962,1
0,0.5175108028838109,1
0,0.9769754779933659,0
0,0.9878011977329796,0
0,0.9996488223737325,0
1,0.8381231956304594,1
0,0.5422209004249924,1
0,0.9587838859368012,0
0,0.9809279029878819,0
0,0.9261083616508006,0
0,0.7674535356855083,0
0,0.9177824998351758,0
0,0.999768894972454,0
1,0.898515924008952,1
0,0.7042090436017843,0
1,0.8884891688075744,1
1,0.88349067413556,1
0,0.9847161934956614,0
0,0.9993319036172043,0
0,0.8068638990022071,0
1,0.6613023410685992,1
1,0.9513800493021153,1
0,0.7996568210859736,0
0,0.563345509132676,1
1,0.5198618025818784,0
1,0.9165908791663749,1
0,0.972994113613076,0
1,0.9752616440153078,1
1,0.8985227503270694,1
1,0.5700436201054484,0
1,0.9271054132465577,1
0,0.8234466877574713,1
1,0.7013179799398964,1
1,0.979141639341143,1
0,0.9722564354219273,0
1,0.7928007449752043,1
0,0.943738722188529,0
1,0.9288604031923471,1
1,0.9038145083815187,1
0,0.9738945428912379,0
1,0.5917173512735002,1
1,0.9211033191661175,1
0,0.8295105790629836,0
0,0.9534795718047737,0
0,0.6920384895926881,1
0,0.9692576331920589,0
0,0.9853011568850916,0
0,0.9641298403322007,0
1,0.6733659454964157,0
0,0.9487873263659536,0
1,0.8911330569875261,1
1,0.8502565500746975,1
0,0.9993111690640317,0
1,0.9579622746935095,1
0,0.966577176603726,0
0,0.9737655434212545,0
1,0.5663856657824283,1
0,0.5581533550069306,1
1,0.5998536129455696,0
0,0.9995860501939895,0
1,0.6355912836504222,1
1,0.8077705466295104,1
1,0.9427747414300017,1
0,0.8661028210324729,0
1,0.9989558786321328,1
1,0.9322655267789184,1
1,0.5669735016381301,1
1,0.8121736017949168,1
1,0.6484265102339898,0
0,0.8129723722004224,0
1,0.773299960223864,1
0,0.9323439509401309,0
1,0.9912745608114387,1
0,0.9341632725338787,0
1,0.9410843711096846,1
1,0.6719698648890869,1
0,0.8855013749706317,1
1,0.9927800025355358,1
0,0.935568713300071,0
0,0.7349058097977677,0
0,0.5112541448564972,1
0,0.8377131457922196,0
1,0.6663562716032049,1
1,0.978275161395201,1
0,0.6256176798805939,0
1,0.8897398588599287,1
0,0.9992046558881408,0
0,0.983646897903917,0
0,0.8507811595683197,0
1,0.7172231647822301,1
1,0.7401349348958015,1
1,0.8177471073125617,1
1,0.761470210291352,1
0,0.9527510237939011,0
1,0.7070448962651504,1
0,0.7133274024713944,1
0,0.9972032703997197,0
0,0.9110399349434213,0
0,0.9487256288190397,0
0,0.9993593078979324,0
0,0.8969723961690002,0
0,0.5323799581243618,1
0,0.938652250115279,0
0,0.615259162363043,0
1,0.9011426408121281,1
1,0.5501292166209643,0
1,0.6459797192653673,1
1,0.5162824932738641,0
1,0.9362231486047059,1
0,0.8207548550291748,1
1,0.592619517932208,1
1,0.9982775716782243,1
0,0.8423663980048075,0
0,0.9983060310447901,0
0,0.9122287543172881,0
1,0.9634879721972652,1
0,0.8406796943053304,0
0,0.8837897415433913,0
1,0.6609058133263828,1
0,0.9555670607551033,0
1,0.9976125672253437,1
1,0.9851456067271152,1
1,0.7028096731863102,0
0,0.6631307442526839,0
0,0.5905854293639587,1
0,0.687332440700633,1
1,0.6317091353514991,0
0,0.8155688655266833,0
0,0.6182058852607824,1
0,0.7775855336683964,0
1,0.748635101171039,1
0,0.5771995263018508,0
1,0.547372307833736,1
0,0.9315400346477933,0
1,0.9694876686894035,1
1,0.87441912572654,1
0,0.8840995270542493,1
0,0.7665828308474522,0
0,0.9850807849516313,0
0,0.995290661604758,0
1,0.9730429397770121,1
0,0.6315885353497313,0
1,0.8934854795918874,1
1,0.9632342816539883,1
1,0.9271339800312057,1
0,0.6928698961357068,0
0,0.8783547197745794,0
1,0.9578763065311536,1
0,0.9377337455644081,0
1,0.9054223228741172,1
1,0.9037968655565898,1
0,0.6869053957142794,0
0,0.8107192651654703,0
1,0.7526455627467246,1
0,0.9574815369113314,0
0,0.6771403957380788,0
1,0.6859948602405768,1
1,0.8586261815766175,1
1,0.7390568298023993,1
0,0.5567083550275356,0
1,0.9837874671375575,1
0,0.9613476080192261,0
0,0.9121383839969255,0
0,0.9900135217988929,0
1,0.5552112516036285,1
1,0.9129013672199385,1
1,0.7784624978790969,0
1,0.8564283933710503,1
0,0.9960178156319925,0
0,0.9292990515391812,0
1,0.9872723609631211,1
0,0.841707497940125,1
0,0.806471386570577,0
1,0.9950645703751324,1
0,0.9980932370074118,0
0,0.9975981182376091,0
0,0.5001654344032505,0
1,0.8621546609950047,1
0,0.9861282128370189,0
0,0.7995744629010236,0
0,0.6429170463274897,0
1,0.9319860209926158,1
1,0.6669822887695209,1
0,0.9903546699953543,0
1,0.9242271859550116,1
1,0.7860558319028157,1
1,0.642210346185355,1
0,0.6088079972880771,1
1,0.9639658905241704,1
1,0.8477139515381524,1
0,0.9780625880456624,0
1,0.9867484110911358,1
0,0.6846191461169024,0
0,0.5151193239143739,0
0,0.8930539405912986,0
1,0.9603630446712703,1
0,0.8314594124363744,0
0,0.5073617916894572,0
1,0.9754841284707652,1
0,0.976306348830454,0
1,0.9061836877508356,1
0,0.9746096716836259,1
0,0.7394967367863586,0
0,0.7945576438238564,0
1,0.9956821424722876,1
0,0.72191035456131,1
0,0.7052925563871049,0
0,0.5566769552431237,0
0,0.8608917039151105,0
1,0.9591218135687496,1
1,0.9805787619420427,1
0,0.9532274757665495,0
0,0.9860695986160967,0
1,0.9494056431169382,1
0,0.9653973711331884,0
0,0.9891186249313018,0
1,0.9362571248508363,1
0,0.9243799353312028,0
0,0.9441185434344895,0
1,0.7779082267031016,1
0,0.968161910187863,0
1,0.9993496980500632,1
1,0.5631462963679559,0
1,0.5569370598183024,0
1,0.8387415371709852,1
0,0.7253716811223954,0
1,0.8701256089709295,1
1,0.8767735381201528,1
1,0.9968293256134277,1
1,0.962826242138093,1
0,0.9570727107368584,0
0,0.9757451055951206,0
0,0.631772240171619,0
1,0.9608987551052193,0
1,0.5462501866123699,1
1,0.870587790579774,1
0,0.9488563723432382,0
1,0.9933161778360262,1
0,0.9178462964790945,0
0,0.671802753289981,0
1,0.9701540846530926,1
0,0.9712896150757689,0
1,0.9455152727324512,1
0,0.9783720376287531,0
0,0.8211585723029565,1
0,0.8859243114557329,0
1,0.7976907120507979,1
0,0.9859237662870574,0
0,0.998438859510418,0
0,0.988302826208612,0
1,0.5482698820000868,1
0,0.898558285750054,0
0,0.8267913305004347,0
1,0.7973079370377804,1
1,0.974844282307145,1
0,0.7216460931462452,0
1,0.8041518851724336,1
1,0.5989498854863935,1
1,0.9325609718144683,1
1,0.8919328633121565,1
0,0.9695442233719295,0
1,0.9961615112832888,1
1,0.8052875517086671,1
1,0.8376374189603633,1
0,0.979040422171413,0
0,0.5162314959906262,1
0,0.9821555486868986,0
0,0.8984584087314116,0
1,0.9428496719440591,1
0,0.9987047773331592,0
0,0.9640125951758055,0
1,0.7827325551220602,1
0,0.9074495831732836,0
0,0.8538502540986646,0
1,0.955128246590214,1
1,0.9130812839193331,1
0,0.9969201561672675,0
1,0.9673631854522258,1
0,0.9926654218880084,0
1,0.9740400788207922,1
1,0.9633961193437589,1
0,0.9590648053678206,0
0,0.9925751695409849,0
0,0.7151666804175051,0
1,0.8132899161593855,1
1,0.7517977561045901,1
0,0.9922806162350433,0
0,0.8952952082599815,0
1,0.590656478926015,1
0,0.8089688731786121,0
0,0.9754857748156157,0
1,0.9183447270852196,1
0,0.9960174396060428,0
0,0.6865980271641279,0
1,0.6470486192916498,1
1,0.7027116186310014,1
1,0.6440565121647819,1
0,0.9026412170578748,0
0,0.9809709916715534,0
0,0.7530430086112047,0
1,0.9919221333787563,1
1,0.6034575075149736,0
0,0.7284238953377729,0
1,0.7906632367785419,1
0,0.7989537870753172,1
1,0.7849375919758198,1
0,0.9977644398936337,0
0,0.6845590446061984,1
1,0.9901553345722508,1
1,0.989988569324151,1
1,0.9974347670072591,1
0,0.9976276711045363,0
0,0.9997960136157402,0
0,0.929082800528166,0
0,0.8092000613975291,0
0,0.8787970925990338,1
1,0.9879313474577159,1
1,0.8117875665963815,1
0,0.8761777143354817,0
0,0.6019135169188994,0
1,0.9938445103670991,1
1,0.7655220053585565,1
1,0.6405695858800644,1
0,0.9995509409137546,0
1,0.6031754694199534,1
1,0.5342449089993972,0
0,0.9954533807061313,0
1,0.517515513533105,1
1,0.7113022470933447,1
1,0.8921190465849211,0
1,0.9977444358101771,1
0,0.9988618185111672,0
1,0.6856538855622804,0
1,0.9932268139373694,1
0,0.9122808715452109,0
0,0.9552595898333776,0
1,0.9947420728728897,1
1,0.9978770098773397,1
0,0.8093974617616744,0
1,0.5154945637910591,0
0,0.9650298565112669,0
1,0.8676697616839727,1
1,0.5446397532407216,0
1,0.6557888683162799,1
0,0.9191518173852475,0
0,0.9323306245429058,0
1,0.8125314564761538,1
1,0.9993507805986748,1
0,0.9982146393857133,0
1,0.984930519873173,1
1,0.9978898001291978,1
1,0.9599459914177032,1
1,0.9099269693327908,1
0,0.7919295527028863,0
1,0.8315642204071851,1
0,0.9930170539607288,0
0,0.7683488932428747,0
0,0.9692508287708272,0
0,0.9997980781223815,0
0,0.5477938584854201,0
1,0.9842449308579467,1
0,0.8835769468756267,0
1,0.5227473343274255,1
0,0.9538024936206566,0
0,0.7241803417104744,0
0,0.804113778052414,0
0,0.8795190076755631,0
0,0.8352340829266515,0
1,0.8069106644661685,1
0,0.5839073588922501,1
0,0.9254445758472682,0
0,0.9190450025264374,0
0,0.947404601762764,0
1,0.7224124950786524,1
0,0.7827880846379892,0
1,0.5438677314903161,0
1,0.8453381310485822,1
0,0.9634228713214046,0
1,0.7215810934764008,1
1,0.6445221791579548,0
1,0.5323907280684448,1
1,0.9505102846794146,1
0,0.5558386051143946,1
0,0.897128743772565,0
0,0.9474759952720402,0
1,0.9809277626594383,1
1,0.6947993913962112,1
0,0.9954649504484685,0
1,0.8405442644854195,1
0,0.5892247749917908,0
0,0.9948948700422999,0
0,0.9354326597492881,0
1,0.9766207020187183,1
0,0.892158591634413,0
0,0.9981624213580792,0
1,0.9988156925147799,1
0,0.9973615891343897,0
1,0.5034632600008773,1
0,0.576731439762034,1
1,0.9859048614621636,1
0,0.7235440132139241,1
1,0.5165296958241772,0
1,0.9876673188394501,1
1,0.9637376584536957,1
0,0.9088449832414742,0
1,0.9647033316164053,1
0,0.9975484463237506,0
0,0.9992679334986251,0
1,0.8425905006236766,1
0,0.9866570620076864,0
0,0.9998220313485472,0
0,0.7945879872113923,0
1,0.999521023136896,1
0,0.8419441591012301,0
1,0.8919578346683775,1
1,0.6481931060069699,1
1,0.5066535896606242,0
1,0.8869899008327998,1
0,0.9627532254227202,0
0,0.8977539353837888,0
0,0.521107396113893,1
1,0.5710880446349553,0
0,0.8682879341602702,0
1,0.5294774026635461,1
1,0.962721087818604,1
0,0.8365496240396786,0
0,0.8928107946856574,0
0,0.9843211869276386,0
1,0.6385405147654153,1
0,0.5507047754849064,1
1,0.7521968470725647,1
1,0.7046714219881092,0
1,0.6360763989901661,0
1,0.8473034363233577,1
0,0.8318201799051118,0
1,0.9110255026192771,1
1,0.9956998483469854,1
1,0.9535761336438918,1
0,0.7910644545901016,0
0,0.9607511361478129,0
0,0.909115222784957,0
0,0.9479962947393283,0
1,0.9842895434871974,1
1,0.692022569290608,1
1,0.9467739994861574,1
1,0.9732735559529132,1
0,0.8359015761054847,0
0,0.815298040205988,0
1,0.6995718059910265,1
1,0.8226242729379403,1
1,0.9647629355497992,1
1,0.8552853760032307,0
0,0.6852151962291243,1
1,0.6672749608126388,1
1,0.9662380202837549,1
0,0.752244493743549,0
0,0.9824763385072137,0
1,0.9114727164569252,1
0,0.9552568761142104,0
1,0.9011960127746881,1
1,0.7163003113683741,1
1,0.9998871667507636,1
1,0.8769602120784723,1
0,0.9839585399404328,0
1,0.7638134594695751,1
1,0.9040578355111482,1
1,0.6441825918972577,0
0,0.8940013105126093,0
0,0.9857219467819597,0
0,0.9330458236490808,0
0,0.965379466922654,0
0,0.9863770494504118,0
0,0.9814278999954351,0
1,0.9526864520832732,1
0,0.7048760538921044,0
0,0.9906741019893718,0
0,0.9986270290137841,0
0,0.9898223300086229,0
0,0.8087600439017222,0
1,0.7214904401462447,1
0,0.9960856345930933,0
0,0.9325486307740652,0
1,0.9512119118542713,0
1,0.9077740715289655,1
0,0.9523845508873494,0
0,0.9006472589446057,0
0,0.9611214565814352,0
1,0.8813616239566157,1
1,0.9565915227983351,1
0,0.910733183680892,0
1,0.9485732025292147,1
1,0.9806721294070858,1
0,0.7822787368468777,0
1,0.8999841192738717,1
0,0.9627199952208939,0
1,0.9649516986320009,1
1,0.98512918004851,1
1,0.818274148322968,1
0,0.6108777804878913,1
0,0.8939350308076522,0
1,0.5623679670763413,0
0,0.8871846421674778,0
0,0.9094466408419347,0
1,0.8491177910941818,0
0,0.6481393130783215,0
1,0.9846461241457066,1
0,0.999482791887514,0
0,0.9894052526855631,0
1,0.8315146985090288,1
0,0.9686136452019892,0
1,0.9605107930919851,1
0,0.9970331413420691,0
0,0.9873056260288302,0
0,0.9800319810917992,0
1,0.7228432752848524,1
1,0.9856742404406612,1
1,0.9914359449773386,1
0,0.7643773751064379,0
0,0.999780610750266,0
0,0.9723259965069777,0
0,0.9921222120943146,0
0,0.7475348457740336,0
1,0.8786676362591296,1
0,0.9999297984046418,0
1,0.7980396077202964,1
0,0.9938722496782337,0
0,0.9931907814313069,0
0,0.866980754770789,0
0,0.8671634506145528,0
0,0.9978246939839347,0
0,0.7158954852956941,0
0,0.9880759127881416,0
1,0.8856261518873318,1
0,0.9133047027377803,0
1,0.9006697874669211,1
1,0.651939789657113,1
1,0.9941177437118716,1
0,0.6333111799632556,0
1,0.8073926864507492,1
1,0.7340788558116974,1
0,0.891432970928623,0
0,0.6563063847258398,0
1,0.7889513336888783,1
1,0.9729121003672662,1
0,0.9794631095158788,0
0,0.9671884477028346,0
0,0.9867096669138437,0
0,0.5003238878300288,1
0,0.6813542876889627,0
0,0.631469007249208,0
0,0.8213190341776331,0
0,0.9283662330862733,0
1,0.9520347013111871,1
0,0.5237720097686573,1
1,0.9840993632138035,1
0,0.8994120756518287,0
1,0.806650032591566,1
0,0.6327237012398601,0
0,0.936532018467089,0
1,0.9393620975645961,1
1,0.5983013182470065,0
0,0.6627623131375613,0
0,0.8741496037581632,0
1,0.7783070148824877,1
1,0.6291151957212827,1
0,0.9922193181794061,0
1,0.9111773605480106,1
1,0.7537256851286597,0
0,0.9964743616455383,0
1,0.6022005310003061,1
0,0.995643249959948,0
0,0.8090090605392517,1
0,0.9200501079806231,0
1,0.5201678083313426,1
1,0.7560538185726475,0
1,0.9062713482718464,1
1,0.8180345998563039,1
0,0.9860408447165994,0
0,0.8708824647123116,0
1,0.9904019523766151,1
0,0.8928603260291132,0
1,0.9766618270599661,1
0,0.6677479223423961,0
1,0.6340375040333104,1
1,0.5987338742688975,1
1,0.9606772169016579,1
0,0.9944058774494644,0
1,0.6986670689895198,1
1,0.8272119293578732,1
0,0.7320377720842153,0
1,0.9279586041925575,1
0,0.5424781655780966,0
1,0.8933691178260331,1
0,0.9670324928273493,0
1,0.7586662381982564,1
0,0.7431064239278874,0
0,0.977977008132398,0
1,0.936306699515638,1
0,0.550826548864012,0
0,0.9146309420273933,0
0,0.5375658155000564,0
1,0.877440638839524,1
1,0.9823773710746414,1
1,0.50717342643402,0
0,0.566503683015849,0
0,0.7314723822391218,0
0,0.9921034876082001,0
0,0.8850325901467742,0
0,0.6737480238083906,0
0,0.9695655031174295,0
1,0.56222870927009,1
1,0.6499351362912137,1
0,0.7484682971131791,0
0,0.8100919879236121,0
0,0.8781672117654366,0
1,0.6440812782102403,1
0,0.9694996904523555,0
0,0.9175295865212202,0
0,0.6093543500224355,1
0,0.9855364774163974,0
0,0.985206932958281,0
0,0.7991113690134294,1
1,0.9925823329189924,1
0,0.9959202710031478,0
1,0.9997543728446364,1
1,0.9998279019850346,1
0,0.9716782359264429,0
1,0.7138966795843318,0
0,0.9792509166420016,0
1,0.7556459755829636,1
0,0.5324541658812245,0
0,0.9971692003274231,0
1,0.5305978187676762,1
0,0.9723421383607124,0
1,0.8653369484030894,1
0,0.8598251310672564,0
1,0.996065178407759,1
0,0.5146384749344985,1
1,0.8841458624018883,1
0,0.728456656234237,1
1,0.9841238867743571,1
0,0.8540134690415666,0
0,0.970525932519528,0
0,0.970439946265508,0
1,0.8890458720230174,1
0,0.5265070637214656,0
1,0.943934202033018,1
1,0.9829933754644983,1
1,0.922725827722037,1
0,0.9575489839902728,0
1,0.9959189548216205,1
0,0.9607087633950359,0
1,0.9993554240300546,1
1,0.7301388921968658,1
0,0.9989817343379699,0
1,0.6454082318407774,1
1,0.9983969473514044,1
0,0.6440400955011869,0
1,0.703734247296489,0
0,0.96922671098509,0
1,0.6350815180667988,1
1,0.9496425979889376,1
0,0.8609148749794574,0
0,0.6511509522757577,0
0,0.9330882024013996,0
1,0.7964626017169448,1
0,0.8511529004264525,0
1,0.8388187395223341,1
0,0.7508383046979796,0
0,0.7412290511302777,0
0,0.7700503353005065,0
1,0.8048230840886065,1
0,0.9704927577847479,0
0,0.9494348675679709,0
0,0.9736349239912127,0
1,0.7462949621198485,0
1,0.9525871249101514,1
0,0.9810535070243535,0
0,0.9955894152319059,0
0,0.9362533012109796,0
1,0.9409474600965199,1
0,0.9944642223493244,0
0,0.9720235637755213,0
0,0.7759498451977336,0
1,0.6791165763904607,1
1,0.7836018426505321,1
1,0.576411925837365,1
1,0.7206864478640814,1
0,0.9488471492255485,0
1,0.842336395417757,1
1,0.9025085130975258,1
1,0.9827302120700057,1
0,0.9985944408064855,0
0,0.8223323273711804,0
0,0.9812403240376498,0
0,0.7745061188421045,0
1,0.8186659658601481,1
0,0.8112804098616702,0
0,0.9563981054072045,0
1,0.6250767691140716,0
1,0.8873486118904843,1
0,0.9433804124626051,0
0,0.8728222168057966,0
0,0.9823479574886658,0
0,0.9998311386382543,0
1,0.9648964878914296,1
1,0.9879732207568613,1
0,0.9992333462470999,0
0,0.9266743903573387,0
0,0.7083849175440562,0
0,0.7906728820964838,1
1,0.8394944887725573,1
1,0.7197983030731875,1
1,0.9874182432573315,1
1,0.995825575234026,1
1,0.9267701843054458,1
1,0.9895356909512298,1
0,0.8022119025291823,0
0,0.6674468160311697,0
1,0.6455665146774776,1
0,0.9451094088927522,0
0,0.9911401203955403,0
1,0.937255994032019,1
0,0.7117845417958231,0
1,0.640688832596762,1
0,0.9995854664587436,0
0,0.9871930120140945,0
0,0.9997886209886636,0
0,0.9507509260600598,0
0,0.9403152968019386,0
1,0.9967923220842454,1
1,0.9793943400170723,1
0,0.6340994793114472,0
0,0.7361981558899209,0
0,0.9736055550334147,0
1,0.9726068117825891,1
1,0.969400599698769,1
1,0.8912594870246141,1
1,0.9564883912480335,1
0,0.8447559985467844,0
1,0.9674556097822238,1
1,0.6910088647962057,1
0,0.9187090241724384,0
0,0.9946301116978726,0
0,0.9571723652315567,0
1,0.8961258568354269,1
1,0.8912384086103484,1
0,0.5255934797600933,1
0,0.7429592079277259,0
0,0.9479073933041353,0
1,0.5764074544490926,1
0,0.9982738858787303,0
1,0.8329693336907343,1
0,0.9917179864685558,0
0,0.6614779980383965,1
0,0.8539318993180548,0
1,0.6236529378815502,1
1,0.9258725955927702,1
1,0.9514935385660599,1
1,0.8865432070126916,1
0,0.7247910671982059,0
0,0.7142318615530362,1
1,0.8895631785647883,1
1,0.7700689968235304,1
0,0.6645661783674582,0
1,0.8836195696835709,1
0,0.9879736758648567,0
0,0.9984603087005472,0
1,0.8296469453827344,1
0,0.5038785937513102,1
1,0.8340691967292658,1
1,0.9991869744439519,1
1,0.8238499156075545,1
1,0.677801954650499,1
0,0.9959893034914683,0
1,0.9760769958899462,1
0,0.9984257926838719,0
1,0.5952932915542778,1
1,0.9204189438471461,1
0,0.9915968733222016,0
1,0.5639781515990778,0
1,0.8512782915455381,1
0,0.9577159348354916,0
0,0.6444423402893399,1
0,0.9677819533756058,0
1,0.96414880695262,1
1,0.9994421649324731,1
1,0.9629092612286997,1
0,0.9073501530263184,0
1,0.9492101838806977,1
0,0.9960495714322499,0
1,0.5081073960739734,1
1,0.5953884910768968,0
0,0.6063773121917699,0
0,0.9491738374865389,0
1,0.988562898204285,1
1,0.8391045140342306,1
1,0.6596205900378583,1
0,0.8335004650117469,0
0,0.8889738255172479,0
0,0.6481100968166595,1
1,0.6241009768863051,0
0,0.5679676747425066,1
1,0.7563921540584015,1
1,0.9985203570118907,1
1,0.9950363607710927,1
0,0.8873326322040942,0
1,0.5900693421755471,1
1,0.8426353276362432,1
1,0.7313120195070553,1
1,0.7599991325805999,0
1,0.9166814145617934,1
0,0.9771452162797413,0
0,0.9261000796853577,0
1,0.9706412218105515,1
0,0.9974668285368571,0
1,0.9921927816324421,1
0,0.5822751931618063,0
0,0.9763161726053576,0
1,0.8097533326590663,1
1,0.9747897861792553,1
0,0.7082289412259033,0
0,0.9953460910500035,0
1,0.5557309300575219,1
1,0.8097030560583566,1
1,0.7091965707271555,1
1,0.670034804958258,1
1,0.7548544471854046,1
1,0.9980404873985759,1
1,0.9356354644404483,0
1,0.6456901803376444,0
1,0.8879026049563785,1
1,0.9789832738480666,1
1,0.9660873830717762,1
1,0.9533622424506281,1
1,0.8070393549681397,1
1,0.9939976755448563,1
1,0.9501798411656156,1
0,0.952021755924489,0
0,0.9023232460304774,0
0,0.8400637107574898,0
1,0.944040807319543,1
1,0.7233986337579594,1
0,0.8921111327450171,0
1,0.6350555449516349,1
0,0.7996352625916578,1
1,0.6486427684453073,1
0,0.983121737602331,0
1,0.7335884831948813,1
0,0.9487718921238911,0
1,0.6034873310895055,1
0,0.9963921709087971,0
1,0.9777827646905006,1
1,0.976846186283928,1
1,0.658420811949123,1
1,0.5123967666954917,1
1,0.5726102346407456,0
0,0.9146256787407595,0
0,0.8657136488221006,0
1,0.9191242398279651,1
0,0.9908568839026958,0
0,0.9711023934420896,0
1,0.844939634037125,1
0,0.9098411664584282,0
1,0.9836817045176915,1
1,0.7537884423917087,1
0,0.9930041686391111,0
0,0.9520404805595046,0
1,0.9391205823880985,1
1,0.5848928897877302,1
1,0.6476919917626129,1
0,0.8342152674985228,0
0,0.9509429580993012,0
1,0.8297964980843068,1
0,0.990157406029752,0
0,0.5883009543784077,1
0,0.9806210262747845,0
0,0.9908946211088556,0
1,0.6950534193418556,0
1,0.871292483488421,1
0,0.9761716299054054,0
0,0.9820787054116239,0
1,0.812665674044715,1
1,0.7253783920040369,0
0,0.9954586918539481,0
0,0.9628932588012468,0
1,0.7955741605249136,1
0,0.9840423174249624,0
1,0.9963387525877004,1
0,0.9935779282351179,0
0,0.9879952612787742,0
1,0.8067177989228607,0
0,0.9985340551583277,0
1,0.7999665197130593,1
0,0.999229506696863,0
1,0.950253138787796,1
1,0.9417047783375389,1
1,0.9499222752844769,1
1,0.9764622872016847,1
1,0.8476871607303537,0
1,0.9002695980231286,1
1,0.787345928371831,1
1,0.7986726486988709,0
0,0.7504764042215113,1
1,0.9817763814129584,1
1,0.7540103831598939,1
0,0.9936103943514074,0
1,0.6280523801986783,1
1,0.9393631616560405,1
0,0.8164570312745989,0
0,0.6078757469774008,1
0,0.951318841967612,0
1,0.6995525393898975,0
1,0.8301987338359891,1
1,0.7836145380741812,1
1,0.5432964044566045,1
1,0.9601371298556278,1
1,0.8171568772502947,0
0,0.8139879592794073,0
0,0.8002653550698716,0
1,0.9074793666443548,1
1,0.8039650819805216,1
0,0.9878506305841297,0
0,0.7303760148834368,0
1,0.5893813488664537,1
0,0.5834775082462609,1
1,0.9600989922319505,1
1,0.8901410773302444,1
1,0.8191595800245944,0
0,0.6111457202077589,1
0,0.9459183961760715,0
0,0.5754576053488792,0
0,0.9459589855999726,0
0,0.6522687284350179,1
0,0.9148807502767194,0
1,0.5130627778018176,0
1,0.5922383590042974,0
0,0.9614490336037397,0
0,0.9744684601982597,0
0,0.7795150972638771,0
1,0.9747331160170148,1
0,0.9633569380531738,0
1,0.5580373553016859,1
1,0.9617615511064393,1
1,0.6311350988541277,1
1,0.8977402676238697,1
0,0.9990271554840906,0
0,0.7694773772298711,1
0,0.9643481122144801,0
1,0.9375732924919098,1
0,0.984955356464349,0
1,0.9025608355942425,0
1,0.9801407735220264,1
1,0.5603711761509187,0
0,0.8049485282008672,0
0,0.9907801699636695,0
0,0.9604568808672883,0
0,0.9184244209516021,0
1,0.6822348418850409,1
0,0.999723715240839,0
1,0.5290438005570969,1
0,0.9411540982166243,0
0,0.9980505648727817,0
1,0.8774787289826782,1
1,0.9855999279245848,1
1,0.8186280994374172,1
0,0.5762625865043461,1
0,0.853643520685974,0
0,0.9400873404860005,0
0,0.7351945093112777,1
1,0.9170650207619264,1
0,0.8830154201906015,0
1,0.8823221897632402,1
0,0.9889527991099969,0
0,0.9572465314211754,0
1,0.9376868645592796,1
0,0.6361767549684416,0
0,0.9981565404471784,0
1,0.9994729681692752,1
1,0.850257382893881,1
0,0.6468721831848434,0
0,0.8117182457241838,0
1,0.833902675306905,0
0,0.9984558741446314,0
1,0.9546777455194477,1
1,0.8055926747573628,1
0,0.963216866160158,0
0,0.9291307755156454,0
1,0.9967419700005703,1
1,0.936314062623509,1
1,0.7491319799566839,0
0,0.712496184570788,1
0,0.9831818640824914,1
1,0.9970071473177851,1
1,0.985927253222269,1
0,0.5381836563156448,0
1,0.9435983394327128,1
0,0.6955165817500757,0
1,0.976352336692056,1
0,0.827283743039251,0
0,0.8384680508629896,0
1,0.8464430330240112,1
1,0.9838554102586872,1
0,0.950705599838825,0
0,0.972290174735128,0
1,0.9984629053139323,1
1,0.9910534505637587,1
0,0.9210408569983077,0
1,0.9531562586448047,1
1,0.9637054099982808,1
0,0.7729214890635854,0
0,0.9830380187806598,0
0,0.5588452472529604,1
0,0.6148205681051935,0
1,0.7588766193474806,1
0,0.9996650082962231,0
1,0.8215668253966245,1
1,0.9999257975698385,1
0,0.9946501917098945,0
0,0.9955159785097794,0
0,0.9581371506279414,0
1,0.9614108486837011,1
1,0.8787954976533133,1
1,0.6440073340394696,1
1,0.740502031157216,1
0,0.9752076367701793,0
0,0.9853142335637912,0
0,0.9994868928541945,0
1,0.942178661511156,1
0,0.8978557464463697,0
0,0.9533276858140964,0
0,0.9538041989154584,0
1,0.7703879169560878,1
1,0.9992676253615049,1
1,0.8465276588596283,1
1,0.7916919964821595,1
1,0.9361079005152726,1
0,0.6604340757389913,0
0,0.5189955106818255,0
0,0.5109189865849637,0
1,0.7881749977463567,1
0,0.7566466116351058,0
0,0.9752828079292586,0
1,0.9894873067969213,1
0,0.9278786193311468,0
0,0.8180091647214258,0
1,0.6719247586215756,1
0,0.9993603443415119,0
1,0.9320412430400243,1
0,0.9577343268348233,0
0,0.9226012073576626,0
0,0.8238928132974875,0
1,0.6524856859132779,1
0,0.9883583272282308,0
0,0.5537579332177467,0
0,0.9906050186830413,0
1,0.9385566013938244,1
0,0.9951536855857622,0
0,0.9428046643781153,0
0,0.7188770516959782,0
0,0.9999416876650221,0
1,0.912866482195007,1
1,0.9004710539430311,1
0,0.5456177902158333,0
1,0.9183772683346013,1
1,0.5163843771056085,1
0,0.9979171573707838,0
0,0.8598954755960831,0
0,0.9335516727104234,0
0,0.6183958824476581,0
0,0.9650429479226839,0
0,0.8668041645599655,0
1,0.9202156552551201,0
0,0.9906062090058346,0
1,0.80402594520938,1
0,0.9992417730026723,0
0,0.8878777806966293,0
1,0.9284303907560795,1
1,0.7821176591129467,0
1,0.957067619057772,1
1,0.9930730099336834,1
1,0.5728311532242935,0
1,0.9964067407538341,1
0,0.9565898048094407,0
1,0.9429503831255716,1
1,0.6299358319723937,1
1,0.9493324305180177,1
0,0.9176369875880729,0
1,0.768644772694014,1
1,0.7706420878402679,1
1,0.585850556648954,0
0,0.520667678778814,1
1,0.5504826135287769,1
0,0.8888544749833833,0
0,0.955501274991711,0
0,0.9995621015394267,0
1,0.7303427884533898,0
1,0.795070104748916,1
1,0.577144424575714,1
0,0.7527157878880739,0
0,0.6131847337872234,1
0,0.9693256109600517,0
1,0.9999352025295927,1
0,0.9533919774854227,0
1,0.9345700765850876,1
0,0.5539646140751666,0
1,0.7236252576810237,1
0,0.8799352162972183,1
0,0.7691045504104668,1
0,0.9911002438677528,0
0,0.9715629538789988,0
1,0.98649022827536,1
1,0.5563578100589103,1
1,0.8909181296394268,0
1,0.9561759185212254,1
1,0.9426059105417147,1
1,0.8554942395126932,1
1,0.981212978305318,1
0,0.9020768865925651,1
1,0.7156218009145441,1
0,0.9544624820551473,0
0,0.5791439619157535,0
0,0.965480883692594,0
0,0.6782036609275731,0
1,0.9642219615589271,0
0,0.9903128350292169,0
0,0.9637105077106962,0
0,0.8751471817688803,0
1,0.8136552106997464,1
0,0.9979701090233954,0
0,0.9997066206183182,0
1,0.9496088594100979,1
1,0.9794881439686842,1
1,0.6088699577838075,1
0,0.9696797584120962,0
1,0.8253883323698563,1
0,0.9478820771404258,0
1,0.9843879712283443,1
0,0.6630574179394839,0
0,0.9286938792105935,0
1,0.8551702346440246,1
0,0.9992200109296876,0
1,0.952026991506936,1
1,0.999019372480989,1
1,0.997309436637607,1
0,0.653347740896583,0
1,0.8286680080282531,1
1,0.9993562691250925,1
1,0.5420018456440874,1
0,0.8784583654617122,0
1,0.9308552805051437,1
1,0.9831226115727828,1
1,0.9109532905134323,1
0,0.9711359272338648,0
0,0.884565434664051,0
1,0.7068808820363159,0
1,0.8288682880010912,1
1,0.530780613315595,0
0,0.8780936551135916,0
0,0.9003537033802608,0
0,0.8991247374882202,0
1,0.9858722388073842,1
1,0.927303079319359,1
0,0.6623947230477221,0
1,0.9927190977794065,1
0,0.9676875214942382,0
1,0.9576132345910577,1
1,0.980384862834147,1
0,0.5314259328749946,0
1,0.8415281563662523,1
1,0.9447269920677074,1
1,0.8217664786066754,1
0,0.9320114824103347,0
1,0.9927135974685809,1
0,0.9947201637632938,0
0,0.8220142353963539,1
0,0.7536629183841442,0
0,0.9840412758761505,0
0,0.9998707883630679,0
0,0.931140318807,0
0,0.939980056880743,0
0,0.7650526021096898,1
1,0.837513330894792,1
1,0.6056847309726758,1
0,0.8829408468608971,0
0,0.9478886045718687,0
1,0.9899492841863018,1
1,0.8548289262128977,1
1,0.9484347281353346,1
0,0.9887645456688958,0
0,0.9679613554345564,0
0,0.9605269269584856,0
0,0.999036795847197,0
1,0.904234941561659,1
1,0.904746006636714,1
0,0.5203310853525109,0
1,0.9528373319698484,1
0,0.9876574676993705,0
0,0.9978249478310861,0
0,0.9999661821793153,0
1,0.9884962477453394,1
0,0.5058928563208254,1
1,0.8130064772670949,1
0,0.6008585037047359,0
1,0.6231264234704709,1
1,0.9330184186383585,1
1,0.9897599673959673,1
1,0.9403975042012251,1
1,0.6123879477951633,1
0,0.9942933476531739,0
0,0.8578221066842487,0
0,0.9810970255515953,0
0,0.9995203048799475,0
1,0.8689884703978017,1
1,0.9995067694801542,1
0,0.909474069266475,0
1,0.5737075000542449,1
0,0.9982498884521267,0
1,0.9953107676023544,1
1,0.9128934541254003,1
0,0.7732210582647903,0
1,0.9405431111684315,1
0,0.9883749442231631,0
1,0.7644716048053648,1
0,0.8775495603238769,0
0,0.9609239891036819,0
1,0.8647769758327487,1
0,0.952124370237531,0
1,0.7277516328380883,0
0,0.8421048453257063,0
0,0.9876146771724613,0
1,0.5062393409214735,0
0,0.6336492965188718,0
1,0.8762001953554538,0
1,0.9291536528240135,1
0,0.97412703870197,0
1,0.8453114804276018,1
0,0.9598053259985962,0
0,0.9717472674934006,0
1,0.8197055669148328,1
0,0.5084071971484526,0
1,0.824100246151252,1
0,0.9920588411143182,0
1,0.9915292133756733,1
0,0.8332389361588242,0
0,0.7699429157484642,0
0,0.9966752872021213,0
1,0.9296477699311064,1
0,0.9639466434089226,0
0,0.9914621614751014,0
0,0.9990687975736919,0
0,0.7855397762258541,0
1,0.9033963160640831,1
1,0.9667460646673194,1
1,0.7031582547099423,1
1,0.99909810913866,1
1,0.9988073191648924,1
0,0.9973402133293787,0
1,0.8365065217105345,1
0,0.985296935063878,0
0,0.9952374987472055,0
0,0.7206927286548748,1
0,0.9665873932896346,0
0,0.8196734151136944,0
0,0.9971400057189315,0
1,0.9983864280345027,1
1,0.9274891476295648,1
1,0.7998352860025946,1
1,0.6188054923213239,1
1,0.6954633900587173,0
1,0.8231562743823934,1
0,0.8409639318187012,0
0,0.9006392141599588,0
0,0.8735515618606802,0
0,0.725951880705638,0
0,0.6505329077110005,1
0,0.969589310150778,0
0,0.9953006205345504,0
0,0.5537431360301605,1
1,0.8598523047945468,1
0,0.5219926937630314,0
0,0.7696551773399967,0
1,0.7917142519860055,1
0,0.9994705425658091,0
1,0.98943688112414,1
0,0.5976800727445948,1
0,0.9461467377036428,0
1,0.9809172556203968,1
0,0.7184470468470736,0
1,0.9269018854589188,0
0,0.8954582388227279,0
1,0.8847197521790231,1
0,0.9894161153087114,0
0,0.9803178314280082,0
1,0.5101705264323255,1
0,0.6214949199305653,0
0,0.7637296344786,0
0,0.9973400742616735,0
0,0.8399088565411912,0
0,0.9003506967324082,0
1,0.6100942745065311,0
0,0.5849472598472929,1
1,0.8343415067644057,1
0,0.9633877105752376,0
1,0.9875211659053669,1
0,0.9879845309038242,0
1,0.9490599370480856,1
0,0.9057147690299733,0
0,0.9885883591054426,0
0,0.7020385310110981,1
0,0.9797065787743868,0
1,0.7996016351360045,1
0,0.9278363207652027,0
1,0.5108885835139128,1
1,0.9966320038811998,1
1,0.842738453219492,1
0,0.9830154093194945,0
1,0.5914427723251336,1
1,0.8316957682546607,1
1,0.7128744747779769,1
0,0.7842240911294673,0
0,0.6300066599149048,0
0,0.9980936398613879,0
0,0.9825616204558673,0
1,0.6605740756949481,1
0,0.9541809630773308,0
0,0.9999300853304793,0
0,0.9723399964883349,0
1,0.7044342901887576,1
0,0.5657937708646272,0
0,0.9370212316848207,0
1,0.9086623650430554,1
1,0.5232713914319762,1
1,0.9932898567334448,1
0,0.9810515747395818,0
0,0.7631150795093028,1
1,0.7699684105143924,0
1,0.8205237605169035,1
0,0.994976770284006,0
0,0.9970136729918404,0
0,0.9997705481084349,0
0,0.9946789983796677,0
0,0.9651274215968223,0
1,0.9706071806592086,1
1,0.8783787201475055,1
1,0.7678776209547759,1
1,0.9888833679278531,1
0,0.9524619477097861,0
0,0.9896869318733403,0
1,0.5610930432047077,1
1,0.7344841062559408,1
1,0.7106406166548941,0
0,0.560493445591596,1
1,0.7236423631362388,1
0,0.9069025165495279,0
0,0.9973110431044834,0
0,0.6024886328364967,1
1,0.727260006481748,1
1,0.8735272810013823,1
1,0.9905186045343221,1
1,0.7421985285428883,1
1,0.7766316400162073,1
1,0.9680526861099281,1
0,0.792419217571739,0
0,0.9530218422064588,0
0,0.9710671673208692,0
0,0.6303664189068388,1
0,0.943357282720643,0
0,0.7500585925128076,0
0,0.9984026845040747,0
0,0.5125949175829467,1
0,0.9300545430698898,0
0,0.9874127642538375,0
1,0.9749207879614802,1
0,0.8955390455959777,0
1,0.9409313116637505,1
1,0.6459933422782792,1
0,0.9984844842237774,0
0,0.9976064622044944,0
0,0.9296338308628662,0
1,0.6935510408833626,1
0,0.9733245554732545,0
1,0.9351162625752302,1
1,0.7629366306303192,1
0,0.8264957626271935,0
1,0.9998329211871673,1
1,0.8593491143795658,1
1,0.8405366231093062,1
1,0.952498560185305,1
1,0.9787059990734535,1
0,0.7340577024728412,0
0,0.8243342619894732,0
0,0.6601165290496511,1
1,0.7924226135365166,1
0,0.5459134494339852,0
0,0.9800588476918758,0
1,0.6711343750513031,1
0,0.8633486188906646,0
0,0.8854605524957933,0
1,0.9539747121723,1
0,0.9722822861413486,0
1,0.602852902987337,0
1,0.8444664370728965,1
1,0.6907993041596933,1
0,0.9196702963728924,0
0,0.8277514494774807,0
1,0.7619858795114537,1
1,0.9380541204528894,1
1,0.8358384363987237,1
1,0.9408921353948161,1
1,0.9786490799636378,1
1,0.8720509172596282,1
0,0.8115457467398868,0
1,0.9667512930274014,1
0,0.9915000852327263,0
0,0.549207875220024,0
0,0.9874060404436843,0
1,0.5019227396135331,1
0,0.8863780676959487,0
0,0.5766608750758089,0
0,0.9969982420103167,0
0,0.5115835239720523,1
0,0.9410640553245022,0
1,0.6860484380211409,1
0,0.860208245295087,0
1,0.9888564015647306,1
0,0.9880256583762281,0
0,0.6266969487264733,1
0,0.6720812006888015,0
0,0.6035635225435603,1
0,0.5882138320952514,0
1,0.883515550237926,1
0,0.9413288405583116,0
1,0.839050874407352,1
1,0.5494409729343834,0
1,0.9493313359265362,1
1,0.6452117613020691,1
0,0.9524302906418746,0
0,0.7139578758179954,0
0,0.8386791669161653,0
1,0.9791065951672278,1
1,0.6527318880282912,1
1,0.9811086639967316,1
1,0.5926099177885483,1
0,0.9998427069646112,0
0,0.890772149853504,0
1,0.9888590224742647,1
0,0.9616282777454666,0
1,0.6160306989320277,1
0,0.9957656441544752,0
0,0.9726256814196159,0
1,0.9346102624231539,1
0,0.9120486836644406,0
0,0.983090206886989,0
0,0.5147505441182356,1
0,0.9955093686746165,0
1,0.7126614281865191,1
0,0.9747931615227374,0
0,0.9963737302651655,0
1,0.841976332613324,1
1,0.9727517266334985,1
0,0.9898680231362332,0
1,0.9164913817452134,1
0,0.735094427198651,0
1,0.6696854155709165,1
0,0.8361504025803693,0
0,0.9907654395283163,0
1,0.9936834676270359,1
1,0.9953901086760375,1
0,0.7797950402108744,0
0,0.9975993305615746,0
0,0.9976182295052127,0
1,0.9270249241244023,1
1,0.8909494876290477,1
1,0.7011996694411474,1
1,0.6972059469405019,0
0,0.9878651913255919,0
1,0.53796256670621,0
0,0.995121185468638,0
1,0.8035701674154824,1
0,0.8134504915750937,0
1,0.7921880346043928,0
1,0.5899239011007609,1
0,0.996473899513615,0
1,0.9583213024474989,1
1,0.7750016750588123,1
1,0.8086294996210823,1
1,0.8327061070547341,1
0,0.9996666864609128,0
1,0.9899386946257082,1
1,0.9849340521102393,1
0,0.8626580953352336,0
0,0.7083812845396995,1
1,0.9316603307376433,1
0,0.7855099063207983,0
0,0.9291480748488539,0
1,0.8979967469799456,1
1,0.818966353006237,1
0,0.9158328770308983,0
1,0.7842449337320598,1
0,0.9109052646314771,0
0,0.8634836117883752,0
1,0.7048468085851104,1
0,0.5234301340711415,0
0,0.9754026781132007,0
1,0.9957196875185159,1
1,0.5189346142581382,1
0,0.9555073097908505,0
0,0.9662216532682686,0
1,0.5637881013336143,0
0,0.6837536441190444,0
1,0.8935535448093672,0
0,0.9981724941122044,0
1,0.7158663035090553,1
0,0.9554804938247472,0
1,0.9904011097762561,1
1,0.9980233376315338,1
1,0.5018620788652294,0
0,0.9963818844482526,0
1,0.9825273269414864,1
0,0.7078696919968996,0
0,0.9006469798928217,0
1,0.9942826761757794,1
0,0.634085046834399,1
1,0.9006661895026552,1
1,0.6079850901129622,1
1,0.814481756234163,1
0,0.7731551553772852,0
0,0.9906445663646558,0
1,0.5245956071359739,1
1,0.9153653629757833,1
1,0.9258351169202329,1
1,0.9935123419205922,1
1,0.8168265122145016,1
1,0.9977010907413427,1
0,0.9920143514583839,0
0,0.8626216837540556,0
0,0.7001762495134173,0
1,0.9370938029284358,1
1,0.6081833065676732,1
0,0.9517465827031643,0
1,0.9263738650892701,1
1,0.7883984420565691,1
1,0.9642871481520476,1
1,0.8913099204105366,1
1,0.9407371050150403,1
0,0.6938603981499387,0
0,0.606130468988212,0
1,0.8854837460847018,1
1,0.8191718232445969,1
0,0.948664890823971,0
1,0.933503163248505,1
0,0.9746889936118045,0
1,0.9090819550834051,1
0,0.8274159493755331,0
0,0.9994043568525034,0
0,0.8810521562895652,0
0,0.5690822114018299,1
1,0.9986656775054211,1
1,0.719650335681778,1
0,0.9419866178054628,0
0,0.9411210715755234,0
1,0.8744304654345316,1
1,0.9995405470845128,1
0,0.9998509516667722,0
1,0.9628488303038922,1
1,0.9829595775838724,1
1,0.9880461399547047,1
0,0.7329496907193722,1
0,0.9270351832043174,0
0,0.9997627848690498,0
0,0.5144479477465488,1
0,0.9993593124257407,0
0,0.6199995066276431,0
1,0.9785876829245677,1
1,0.9814213413356796,1
1,0.9654998742738108,1
1,0.5188662693087436,0
1,0.9380571549689559,1
1,0.9247622963121308,1
1,0.6589451082418489,1
0,0.8502203470004434,0
0,0.8037349129437921,0
1,0.9908096288819034,1
0,0.6128542796279313,1
1,0.791709891519856,1
0,0.9861860009054988,0
0,0.9993222898542518,0
1,0.6752003627609431,0
0,0.8061036058981383,0
1,0.8192370436256695,1
0,0.9626307800058639,0
0,0.5989922983685054,1
1,0.7299966816761786,1
1,0.5071673606561352,0
1,0.7485408782754955,1
1,0.8706861509190587,1
1,0.9470524077085682,1
1,0.7940535727767216,1
0,0.781420642804967,0
1,0.8091491663887541,1
0,0.6398020961446002,0
1,0.9979600563703418,1
1,0.8516871051397857,1
0,0.6968693407458898,0
1,0.7242339998505907,1
0,0.6419093494300324,0
0,0.872151239704555,0
0,0.9463933655073637,0
0,0.9909856220104715,0
0,0.98640430788064,0
1,0.9825530714787761,1
1,0.96063924226294,1
0,0.9995602744944176,0
1,0.5925460803396037,1
0,0.9235133304651988,0
0,0.9999944277442232,0
1,0.9890402490387074,1
0,0.699990472985198,0
1,0.833608077829664,0
1,0.7661637688686154,1
0,0.762654980798119,0
1,0.9908225610564799,1
0,0.9558280586193921,0
1,0.6909480588666931,1
0,0.6777950584120467,1
0,0.89311818069829,0
0,0.9075668092564013,0
0,0.9269657788615422,0
1,0.9681768450980361,1
1,0.869226137923058,1
1,0.8513884106839484,1
0,0.9907126795277522,0
1,0.6945705630009574,1
0,0.9986660745165716,0
1,0.7662980788779861,1
0,0.9692500414760944,0
1,0.6036236080653711,1
1,0.8966560396422332,1
0,0.9999569067531013,0
1,0.9935010251033305,1
0,0.976524525235989,0
1,0.6869752145567468,1
1,0.9698674158836889,1
1,0.9890330570611024,1
1,0.7360039627553673,1
0,0.9356820070671316,0
1,0.7560836937442017,1
0,0.9243204019426253,0
0,0.9973922087241833,0
0,0.9848064912923281,0
0,0.8685430142492766,0
1,0.9671907175998457,1
1,0.9872943198601177,1
0,0.994914277203869,0
0,0.6955564821012238,0
0,0.8899127069652408,0
0,0.8989940347436962,0
1,0.8562162379514439,1
0,0.967534998985349,0
1,0.6813059337835368,0
1,0.9281214875180159,0
0,0.9845979720945408,0
0,0.5223531928332186,0
0,0.9878763040444714,0
0,0.936366773571693,0
1,0.7162765861151498,1
1,0.9995204802252828,1
1,0.7439409334998311,1
0,0.5898839335501344,0
0,0.5500078027634293,1
1,0.5955759720014042,1
0,0.9485910180411602,0
0,0.9997213116088433,0
0,0.9481123962793417,0
1,0.9966015066332264,1
1,0.999823462255684,1
0,0.9410173522619784,0
0,0.9759583227649389,0
1,0.914587750300893,1
1,0.8137076942929702,1
1,0.9663237826194094,1
0,0.979144859898785,0
1,0.8142992233671693,1
0,0.713372954988036,0
1,0.6657951407679791,1
1,0.8028790865195693,1
0,0.7652756676378902,0
1,0.7383042733238522,1
0,0.8584241421546515,0
0,0.9908538367374207,0
0,0.7557557677243165,1
1,0.9898432282626785,1
0,0.923888035096132,0
0,0.9994467171555514,0
0,0.9771595791723959,0
0,0.9657500115087163,0
0,0.9770560149487992,0
0,0.7357511890601095,0
1,0.8901958547905041,1
0,0.9283454600558433,0
1,0.5783700543577536,0
0,0.6363938140505285,0
1,0.6481826591190017,1
0,0.8748952606016072,0
0,0.9843209549474199,0
0,0.8814430058366305,0
0,0.9699563163924351,0
1,0.8712798918623763,1
1,0.6237417662710667,0
1,0.6044317300653598,1
1,0.5076165228446632,0
0,0.9865958703243943,0
0,0.9649264832577178,0
0,0.9999430635153731,0
0,0.9128256077885479,0
1,0.9956860312512463,1
1,0.9752740833863226,1
1,0.8655474058826306,1
0,0.9536395508335,0
1,0.7905180284518569,0
0,0.9910025484061693,0
1,0.9794946627289373,1
1,0.6131206267838402,1
1,0.5747692245292348,1
0,0.6725809455649203,0
1,0.9850370511176775,1
1,0.9948534565806881,1
1,0.54404301723792,1
1,0.8985214269247568,1
0,0.7764965867841276,0
0,0.7343871815266827,0
0,0.9861907490510547,0
0,0.9714128252869111,1
0,0.9889446854590191,0
0,0.7813954527406741,1
0,0.9885603393210304,0
0,0.6686724989342179,0
0,0.9962569928749111,0
1,0.8691566571776276,1
1,0.9631762176140803,1
0,0.9756760926954978,0
0,0.8771385716693298,0
1,0.6530256993603788,1
0,0.9052538266306075,0
0,0.9884802104653457,0
0,0.9951424644154624,0
0,0.9687731390115355,0
0,0.5086261886559424,1
0,0.9973643803880392,0
0,0.5408630827244179,0
1,0.992924021595121,1
0,0.6597577182018077,0
0,0.8871465968429968,0
0,0.6610685335844986,0
0,0.9999303174266417,0
1,0.9956925641334493,1
1,0.8665923189004551,1
0,0.8013960513973639,1
1,0.903423809681956,1
1,0.9260102840742885,1
0,0.9235768234281847,0
0,0.8326175231085584,0
1,0.9292479954775337,1
1,0.9390136007006865,1
0,0.7075044552024714,0
0,0.9945035448751328,0
0,0.8547362434952499,0
0,0.9910691769991334,0
0,0.97979857107248,0
1,0.9914005760523055,1
0,0.9838974296777881,0
1,0.9054866903560478,1
1,0.8336126363229153,1
1,0.9335946969208947,1
0,0.6718645391469007,0
0,0.5011171050372702,0
1,0.9264514525841887,1
1,0.6661905766643916,0
1,0.850711620363267,1
0,0.7912527679707277,0
1,0.8645210848518008,1
0,0.9992603922836678,0
0,0.9951008003364897,0
0,0.9944883214645762,0
1,0.5752240151884154,1
1,0.8258594904073715,1
1,0.9918075859139889,1
0,0.9976612738169316,0
0,0.9732650383005519,0
1,0.7696148628111398,1
0,0.9924601474967344,0
0,0.9585175875301102,0
1,0.9928970031786652,1
1,0.9967516684303976,1
1,0.7622361541022276,1
1,0.9900377354893043,1
1,0.7519958035937604,1
1,0.8053436469159202,1
1,0.9632224520141893,1
1,0.9922305094088054,1
0,0.5533395084091962,1
1,0.9995805547519022,1
0,0.9864637641170586,0
1,0.5754493879632039,0
1,0.9694093865109977,1
1,0.999016614226798,1
0,0.9845059030802138,0
1,0.7084478801569755,1
1,0.9946576900645813,1
1,0.7418484787628057,1
0,0.9289387883626286,0
1,0.9473998863328801,1
0,0.8404310576829829,0
0,0.6105533353413246,0
1,0.9268015785443603,1
0,0.8598740603614534,0
0,0.7896090925221858,0
1,0.5632238471018965,0
1,0.8412008473952824,1
1,0.9716281719868223,1
1,0.7533906278012016,1
1,0.6638981827469259,1
0,0.9247336097015771,0
1,0.6289109507960954,1
1,0.9997595500514604,1
1,0.9839376083076438,1
0,0.9421580070845749,0
0,0.975890402792877,0
0,0.9764396279390684,0
1,0.998969847589811,1
0,0.9810936328615885,0
1,0.818956826692104,1
0,0.9275788607375299,0
1,0.6705641468519821,1
0,0.9978613858296316,0
1,0.957117823622353,1
0,0.887851265012493,0
1,0.8891608811753547,1
1,0.849560566114187,1
0,0.5052704307533584,0
1,0.7683169237592725,1
0,0.9961588171169646,0
0,0.9882361324465269,0
1,0.9867726999632611,1
0,0.9309937071635942,0
0,0.7991384621056392,0
1,0.9613700039481765,1
0,0.9634227553209427,0
1,0.668789379226993,1
0,0.9590343344316429,0
0,0.7844465797641174,0
0,0.945097483263091,0
1,0.7615068217339634,1
1,0.9638145102483865,1
0,0.6872482708961855,0
0,0.9898391846009957,0
1,0.8775996303916445,1
0,0.9179141194914029,0
1,0.8885896370922803,1
1,0.5439500121505345,0
1,0.9699520332895265,1
1,0.9647991790585237,1
1,0.7940120294745485,1
0,0.6153800209596758,1
0,0.9766957555015225,0
1,0.9265825856967929,1
1,0.8372016764535017,1
1,0.9824796191416268,1
1,0.9640430312100154,1
0,0.7044057347182338,0
0,0.7192023034842427,0
0,0.5114741281034592,0
1,0.7526013617523568,1
1,0.9952154727231196,1
0,0.9999771421510817,0
1,0.9275975957112744,1
1,0.9967918224843617,1
0,0.9837473340299435,0
0,0.9009844970542816,1
0,0.9629126294593583,0
1,0.9967045473017286,1
1,0.9237819821667195,1
0,0.8788591141236772,0
0,0.9573191370590263,0
0,0.9870876054592628,0
1,0.9554839204331594,1
0,0.7992947793374101,1
0,0.8021042049149277,0
0,0.5675668861688671,1
1,0.5888526317660969,1
1,0.8741003382141691,0
0,0.6586783726633171,0
0,0.9969653758393842,0
1,0.7672869718317437,1
0,0.9741127471754116,0
1,0.5470046409335205,0
0,0.7153156372685056,0
1,0.9631360987070757,1
1,0.9576234407104174,1
0,0.8791735381881328,0
0,0.9589762224727483,1
1,0.7957972020311946,1
0,0.8999031509445758,1
1,0.5400889283312021,0
1,0.8191781925981423,1
1,0.814510659499696,1
1,0.6343940190467331,1
1,0.8914954297768165,1
0,0.9362019766806992,0
1,0.7717799365215229,1
0,0.9960938881460805,0
0,0.6495210128322054,1
1,0.9956063800911469,1
0,0.5714966847838314,1
0,0.546895581654096,1
0,0.996747662094476,0
0,0.9899811293392852,0
1,0.9896145631044498,1
0,0.5433657399562328,1
0,0.7634570730870692,0
0,0.9994961793025753,0
1,0.9628297873639468,1
0,0.9084428349237679,0
1,0.9016453922543711,1
1,0.9270984878652581,1
1,0.7477334381279184,1
1,0.9616724387584649,1
1,0.5246153011299991,0
1,0.9884215594477356,1
1,0.8686731589561865,1
0,0.963989303561555,0
0,0.7671359223206375,0
0,0.9985459537160021,0
0,0.8785036957887774,0
0,0.999541670845144,0
0,0.9984097777841497,0
0,0.8138908840231914,0
1,0.7544334886614702,0
1,0.99045600700435,1
0,0.6796440543983131,0
1,0.9364316294214876,1
1,0.5161569142769269,1
1,0.8529797045088245,1
0,0.9267790414703005,0
0,0.7065732789698166,0
1,0.720700188011748,1
1,0.8967669838412412,1
0,0.9334952202158571,0
0,0.9558814393220991,0
0,0.717524257058242,0
0,0.9994160882523705,0
0,0.9255811139061445,0
1,0.8758245773775409,1
1,0.9551507669037055,1
1,0.8243768686153081,1
1,0.9182883684003507,1
0,0.9694790434646277,0
1,0.8454109811463001,1
1,0.707503334262819,1
0,0.9762473473974861,0
0,0.7606588884317209,0
1,0.7985715981259809,0
1,0.846423060753965,1
1,0.7983481730107427,1
0,0.7159275614132792,0
0,0.97748217558117,0
1,0.9613124119979866,1
1,0.594823444805991,1
1,0.8699095790998015,1
1,0.7928488800364156,1
0,0.5583051676616799,0
0,0.9706990521161382,0
1,0.9178052262890829,1
0,0.9055666520099818,0
1,0.8768515652373586,1
0,0.998680189088462,0
0,0.7483325254190643,0
0,0.9292718018168368,0
1,0.999741846974914,1
1,0.9697257747653188,1
1,0.9575841713466566,1
0,0.8095554642661812,0
0,0.9931637182038258,0
1,0.9261152768957284,1
1,0.9259228598877072,1
1,0.9977350773593223,1
0,0.5273858763922867,1
1,0.9541570144804471,1
0,0.9776003862670928,0
0,0.9999003109370972,0
1,0.6909117232242159,1
0,0.9908838388382448,0
0,0.7643894214685325,0
1,0.7922420150189763,1
1,0.658182467584577,1
0,0.9975797839890086,0
1,0.9991466233486423,1
0,0.9933016231981262,0
1,0.9324609857589019,1
1,0.5779652379462618,1
1,0.7934521514300299,1
0,0.9994305278449455,0
0,0.7170837899316538,0
0,0.9434888031904669,0
1,0.9117012906112298,1
0,0.9034970819368278,0
0,0.9975442440658802,0
0,0.981266443035335,0
1,0.7755790386277285,1
1,0.9534273035667205,1
0,0.9781153452041829,0
1,0.7444418205078427,1
0,0.8527390024671831,1
0,0.9502531709447292,0
1,0.8274198463840815,1
1,0.9588377728336229,1
1,0.693232934480985,1
1,0.9916557737632871,1
0,0.9765862243423417,0
1,0.8390339033408326,1
1,0.994932902867531,1
1,0.979541606435228,1
0,0.7875158728031506,0
0,0.624509093139257,1
1,0.5977446870255204,0
0,0.9591162919771242,0
1,0.7255951469359588,0
0,0.9882299331387835,0
1,0.8984486053239154,1
1,0.7492109021829874,1
0,0.7796493111135987,0
0,0.8562350352050635,0
1,0.8458996312400208,1
0,0.9302050211329671,0
1,0.9966217455411942,1
1,0.993092162936987,1
1,0.97216469806896,1
1,0.8952789320433168,1
1,0.5682917933090788,1
1,0.9356661859492855,1
1,0.6495861183743812,1
0,0.9367080294119919,0
0,0.9767723246526646,0
0,0.5577397075930766,0
0,0.9581683624326676,0
1,0.9924459554822935,1
0,0.9131476409977157,0
0,0.9429776539334662,0
1,0.8493310748592648,1
1,0.8477785706295088,1
1,0.9355127234520679,1
1,0.7416526853895129,0
0,0.9531962706565564,0
0,0.7491008101254744,0
0,0.9569128764193342,0
0,0.8042334082440995,0
1,0.9301234596772927,1
0,0.9824705189631004,0
1,0.9526712493045361,1
1,0.9823666365518798,1
1,0.8760395828882774,1
0,0.7563394801583895,0
1,0.6871226837694762,1
0,0.9773897135428343,0
0,0.9891791684550173,0
0,0.7125091465474316,0
0,0.9863990591431055,0
1,0.8779878614684482,1
1,0.783940673803469,1
1,0.9090221613042704,1
0,0.5269346604412866,0
0,0.9863423017354676,0
1,0.8725226899093127,1
0,0.9917794350477773,0
0,0.8175036013593405,0
0,0.8194311334176656,0
0,0.5439276864073008,0
1,0.860448641576264,1
0,0.9500440624267897,0
1,0.9013309045211156,1
1,0.9221340318024922,1
1,0.8254169388726288,1
0,0.6949542373465485,0
0,0.9972712537808743,0
1,0.9808160573089586,1
0,0.6057689601136167,0
0,0.9355574564089538,0
0,0.7077655399173608,0
0,0.9877687675231663,0
1,0.8686605661104682,1
1,0.97805177799436,1
0,0.6562457945100715,0
0,0.9808150368491744,0
0,0.7042151845988956,0
1,0.553822181618448,1
0,0.5057500841747208,0
1,0.8921787944320215,1
1,0.667876755203526,1
0,0.9185289386498914,0
0,0.7952216965832025,0
1,0.8308416269007967,1
0,0.7924714970282383,0
0,0.9987000589981332,0
1,0.9442137757157185,1
1,0.8642841154604166,1
0,0.936220303485835,0
1,0.9124175165758498,1
0,0.9802909864903924,0
0,0.8262750944772457,0
0,0.8120733131296026,0
0,0.9009122863010021,0
0,0.988988770234176,0
1,0.9915152733849132,1
1,0.5312378042307445,0
1,0.8432972284973926,1
1,0.975909017655531,1
0,0.9824068193766526,0
0,0.9844290151152502,0
1,0.9827273241195522,1
1,0.8785960615716067,1
0,0.9661136082419816,0
0,0.9990917479959193,0
0,0.9767629762613996,0
0,0.9993268889775839,0
1,0.883988241854618,1
1,0.8999803982334518,1
0,0.9944331940532964,0
0,0.8174053385211049,0
1,0.9829623863425699,1
1,0.8760780301283411,0
0,0.6847212366134732,0
0,0.9515954854263301,0
1,0.8174605731318629,1
1,0.6138310946100165,1
0,0.9565635193103599,0
1,0.5062106726823047,1
0,0.8685218667409391,0
0,0.9433805301891796,0
1,0.7497235277810849,0
1,0.9985830242359933,1
0,0.9053002369695949,0
0,0.9691702409662556,0
1,0.9163787599046433,1
0,0.9949631113283876,0
1,0.7481481480015251,1
1,0.6259728831911399,1
1,0.94477621416869,1
1,0.7328434711251394,1
0,0.543215128953864,1
0,0.9317776213178397,0
1,0.9769925649515132,1
0,0.9738982944705076,0
0,0.9995482875768087,0
0,0.8752378342164325,0
0,0.8148626405317265,0
1,0.9982074766069462,1
1,0.9495826183182272,1
0,0.999813231657664,0
1,0.7926208723559895,1
1,0.8673334324604074,1
1,0.9980328819205567,1
1,0.6051741869995545,0
1,0.9787796805851174,1
1,0.9756387672275169,1
1,0.6898736051812596,0
0,0.613705508763994,1
0,0.6978207094447191,1
1,0.8966182723296758,1
1,0.8914057556877776,1
1,0.9997776811927728,1
1,0.9730810443779565,1
1,0.6319942132542491,0
0,0.8910497801424786,0
1,0.9909930291869252,1
0,0.9639083469881765,0
1,0.9038061559618505,1
0,0.7228236612531651,0
1,0.7121407422664581,1
1,0.9659570481903458,1
0,0.9848750473860374,0
1,0.9455388693757423,1
1,0.9401461997344864,1
1,0.6246187741586738,1
1,0.9861343705823924,1
0,0.7866922633185274,0
0,0.9895437586382657,0
1,0.9930614609196386,1
0,0.8912636191457771,0
1,0.842280111487911,1
1,0.9963080657042104,1
1,0.9860245996273239,1
0,0.6022537785238415,1
1,0.9943404301270262,1
1,0.8756365160970342,1
1,0.6686060315982955,0
0,0.9571423922723368,0
0,0.9741951757630635,0
0,0.9314254481830243,0
0,0.5359878480422005,0
0,0.5370207063842498,0
1,0.5133840675002702,1
1,0.7275756674268163,0
1,0.8537090195154545,1
1,0.9359075242091566,1
1,0.8777636283237068,1
0,0.9812529324089171,0
0,0.880390399368159,0
1,0.9622829661248247,1
0,0.7942939903239874,0
0,0.9960111526254471,0
1,0.6802912626014155,0
1,0.7398610247220453,1
0,0.6089531293490531,0
0,0.990262590696425,0
1,0.5140787888521795,1
0,0.9154819342905358,0
1,0.7781768001492351,1
0,0.9818082539574541,0
0,0.9921510865737979,0
0,0.8466186477986645,0
1,0.6640573891263816,1
0,0.9844067261164637,0
0,0.5079435044773198,0
0,0.7574472725648858,0
1,0.9611910943411284,1
0,0.918334061009085,0
0,0.9999007206035605,0
1,0.8217803693960078,1
1,0.9274982173272626,1
1,0.6260218719798806,1
1,0.58444231724516,0
0,0.9988580770087887,0
0,0.7139656781521035,0
1,0.7306644776904877,1
1,0.6083271441497651,0
1,0.577926979315381,1
1,0.755446461497514,1
0,0.9588654902175905,0
0,0.9990681097595222,0
1,0.8805818800712419,1
0,0.5651242359215556,0
1,0.8563565274712482,1
0,0.7242461953905295,1
0,0.6912744714015808,0
0,0.9712810781006662,0
0,0.9985076496045784,0
1,0.697911614608429,1
1,0.915825042374734,1
1,0.8851573214766476,1
1,0.7619135205963454,0
1,0.8103979753935662,0
0,0.5710725580832652,0
0,0.9973032054524177,0
1,0.92659764877288,1
0,0.981491133608776,0
0,0.9962609513741822,0
1,0.5113095443343652,0
0,0.888124144092999,0
0,0.5473280594408381,0
0,0.9964432617316852,0
1,0.8486293690448268,1
1,0.8497180366230325,1
1,0.9588612285376991,1
0,0.7276965405352802,0
1,0.6435346399827959,0
1,0.981965028512435,1
0,0.9741464483636844,0
1,0.9809568338324646,1
0,0.9413079637689896,0
0,0.90938202576379,0
0,0.9724322791240128,0
0,0.9991189150551623,0
1,0.5753415220837389,1
1,0.8036889723742323,1
1,0.7967649020281549,1
1,0.63508587891425,1
1,0.6151916694342353,1
1,0.893710837990972,1
0,0.6687591849950558,0
1,0.8532669561624128,1
0,0.9911852974597466,0
0,0.9938476341227092,0
1,0.7953541023939842,1
0,0.9962096589196299,0
0,0.705106281897722,1
0,0.993504940681961,0
1,0.5770217965518378,1
1,0.600452162232696,0
0,0.9182383652776752,0
0,0.7631962380153303,0
1,0.9801389033811267,1
1,0.9957065562357459,1
1,0.9543918996893506,0
0,0.9700461458677976,0
0,0.9795241378354835,0
1,0.9461819056418054,1
0,0.9386334711956981,0
0,0.9896860065058688,0
1,0.8483668368123669,1
1,0.9550517304345651,1
0,0.9406702352527323,0
1,0.7350615492528553,1
0,0.6790846140835313,1
0,0.5979382493966016,0
1,0.9971030316121932,1
0,0.979221288776751,0
0,0.9996705999029735,0
1,0.5220517696011663,1
1,0.782766927851082,1
0,0.8692374171597608,0
1,0.7815673989216665,1
0,0.925087326549483,0
1,0.5330883883299582,1
0,0.6841334049272273,0
0,0.9884055984619863,0
0,0.9391818284364977,0
0,0.5903225968166068,1
0,0.925977385478701,0
1,0.948244566340606,1
1,0.9226387579665115,1
1,0.7770887691063675,1
1,0.8707310919111776,1
0,0.9282258996785694,0
0,0.9997408727505678,0
1,0.9977514818571465,1
0,0.9974330168083686,0
0,0.9748643333506378,0
1,0.559001726173116,0
1,0.6650004762236116,1
1,0.9146955668718746,0
0,0.6856132574448054,0
1,0.5033288438297934,0
0,0.9908513608776067,0
0,0.514963529650587,1
1,0.9579398619726529,1
0,0.9978070260695068,0
0,0.9796002305442743,0
0,0.9651286973205372,0
0,0.9744884676646542,0
0,0.744325790136869,0
1,0.7094087773245522,1
1,0.7765212317602074,1
0,0.566956938758557,1
1,0.6506916363481663,1
0,0.5309893520164746,0
1,0.9524226533602044,1
0,0.9925177579106437,0
1,0.7928820570451763,1
0,0.9948045250732115,0
0,0.604855383425212,0
1,0.5353896802286994,1
0,0.9681487414664155,0
0,0.7504818191348768,0
0,0.9845605955379086,0
0,0.9781214807820856,0
1,0.7312681861277247,1
0,0.7261261981927172,0
0,0.891636372085861,0
0,0.8443783160344813,0
0,0.7207147077707111,0
0,0.5674609087645007,0
1,0.9587026247950617,1
1,0.802451500003206,1
0,0.9731593959273128,0
1,0.9126286733290009,1
1,0.8897237546746769,1
0,0.9893680058725561,0
0,0.7604509322325559,1
0,0.9942046828196494,0
1,0.9425806129335685,1
1,0.994690529526921,1
0,0.9966937690875329,0
1,0.5650419529041862,1
0,0.9867382112509128,0
0,0.5520715607832318,0
0,0.9598806677574138,0
0,0.9842014251550946,0
0,0.6242528656697374,0
0,0.9995188941064793,0
1,0.9613331012085728,1
0,0.8113550741657312,1
0,0.9269347596452373,0
1,0.8678176409074889,1
0,0.7474943710025985,0
1,0.8238499156075545,1
0,0.9514333222720578,0
1,0.5631717228231751,0
0,0.9957132047636328,0
1,0.9797222692852422,1
1,0.9754542753459717,1
1,0.978820775282644,1
1,0.9858632731443051,1
0,0.9609751396628865,0
1,0.8482875445839688,1
0,0.9998712252508624,0
0,0.9134329920520159,0
0,0.9980356270899691,0
1,0.920549162381878,1
1,0.9310127053122902,1
0,0.9523296116403469,0
0,0.9735170108672521,0
1,0.8070014296196935,1
0,0.9666468075918342,0
1,0.8370998997142299,1
1,0.6980570472580269,1
1,0.8688811907618924,1
1,0.9792161270964138,1
1,0.6569524283791439,0
1,0.9716472163359758,1
0,0.992191760379965,0
0,0.9548363095755545,0
0,0.6860139995926173,0
1,0.6979950797462938,1
1,0.5315604941072826,1
1,0.9999810429329261,1
0,0.977932354319669,0
0,0.9217062346468836,0
1,0.9929781607610593,1
0,0.9466782301098703,0
1,0.8950800729985099,1
1,0.6237565575163846,1
1,0.9181852563037539,1
1,0.7983994591593563,1
1,0.9625884185481155,1
1,0.9989123145919295,1
1,0.565776693464848,0
1,0.883372499694361,1
1,0.9337992593359375,1
1,0.9580296573766095,1
0,0.7444303445744953,1
0,0.660692527018139,0
0,0.9342490201888687,0
0,0.8950030421745558,0
0,0.6785561421427789,1
1,0.997749873755984,1
1,0.6892713986466441,1
0,0.774035093608086,0
0,0.7427054367775197,0
0,0.8903422832377772,0
1,0.9729705387763782,1
1,0.864974911175684,1
1,0.9546334631853111,1
0,0.8851978702032438,0
1,0.5061028009195595,1
0,0.7540372949676619,0
0,0.9553302770485396,0
1,0.5608305887496378,0
1,0.7821030680577277,1
1,0.9914928045321584,1
0,0.9985028584748805,0
0,0.8546279687459694,0
0,0.8658957969361858,0
0,0.9585962525331094,0
0,0.9790365845586878,0
1,0.5402237780394958,0
1,0.6105135032416636,1
1,0.6703566821718325,1
0,0.704933514226818,0
0,0.7978052280495787,0
1,0.684015658804266,1
0,0.9938006965068186,0
1,0.970594372260608,1
0,0.7478840690032532,1
1,0.9648220308541716,1
1,0.9612326380682382,1
0,0.9633137333831232,0
1,0.8879117597585857,1
0,0.992453686025032,0
0,0.7585918135570365,0
0,0.6605371878409251,0
1,0.9781455247190564,1
0,0.8040897443319941,0
0,0.5711994497316768,1
1,0.527177292919053,0
0,0.9991045645413376,0
0,0.9996063680834875,0
0,0.9917387632832492,0
0,0.9981437413143613,0
0,0.9658659349047353,0
1,0.8834245923035747,1
1,0.7966942240218295,1
0,0.8654128210341427,0
1,0.7366865047906512,1
0,0.6581310702360201,0
1,0.9849797993550452,1
1,0.6064062811039274,0
1,0.8054038286096481,1
1,0.5027124979485118,0
0,0.9993222211001911,0
1,0.9097205388455415,1
1,0.7366256434886077,1
1,0.7547841851952135,1
1,0.5727867971786171,1
0,0.9996893598571779,0
0,0.9935356062268305,0
1,0.9876242873366271,1
0,0.8580310273719991,0
0,0.9179488822924748,0
0,0.8265493893443591,0
0,0.9024621449896439,0
1,0.8076127414284252,1
0,0.9945002654140859,0
1,0.508981827980605,0
1,0.9998531940873098,1
1,0.6712717397198137,1
1,0.6626137417165873,0
0,0.9210812515892997,0
0,0.5463265421558663,1
0,0.9969048805079916,0
1,0.6353605025454937,0
0,0.9937876276196269,0
1,0.9661483677093475,1
1,0.9772091778037969,1
0,0.8191521104670775,1
1,0.9768445598452308,1
1,0.7486855027366907,1
1,0.9818645643912091,1
0,0.9665408155411154,0
0,0.9237428394471854,0
0,0.9996411544464318,0
0,0.6520816559147007,1
1,0.8537665377021866,1
1,0.9724804035080941,1
1,0.8081124433785287,1
0,0.7144203749525713,0
1,0.5702313350494056,1
0,0.669275477137173,0
0,0.6654017029502965,0
0,0.6259274112149732,1
0,0.8201087809199142,0
0,0.9976325634993916,0
1,0.991380344318497,1
0,0.8104313488800567,0
1,0.9979562641260733,1
1,0.7249442150670738,1
0,0.6081573913106884,1
1,0.7225473213993842,1
0,0.6379043484743512,0
0,0.8141640081354653,0
0,0.6924205712806323,0
0,0.5403376913388438,0
1,0.9965265813412861,1
0,0.6736014798010352,1
1,0.9928382398821789,1
1,0.6308728373229113,0
1,0.9977860060409408,1
1,0.8834457461345533,1
1,0.6885072945972915,0
1,0.9009940858400081,1
1,0.9549717995507473,1
0,0.9225125098478666,0
0,0.987714383865313,0
0,0.9772696756011323,0
1,0.839166682141256,1
1,0.9668816394797539,1
0,0.9605199734205674,0
0,0.7503210370260078,1
0,0.9593579557765938,0
0,0.6833340667274495,0
0,0.8420245499519162,0
1,0.9954575402201166,1
0,0.9886322516202647,0
1,0.8310474245673674,1
1,0.9448908015299216,1
0,0.9954289292030285,0
0,0.9427465627509951,0
0,0.998445230209044,0
1,0.8416661179032348,1
0,0.9185492028995885,0
1,0.7179390570685894,1
0,0.6757968105208539,0
1,0.5576344547348477,1
0,0.902033388355822,0
1,0.933060490451464,1
1,0.8444043947365949,1
0,0.800483086195829,1
0,0.9393996214499564,0
1,0.9816050430036045,1
0,0.6826339842227007,0
0,0.9356017351841907,0
1,0.9334618854571088,1
1,0.56548480660313,1
0,0.9051740394752956,0
1,0.9375394334340478,1
0,0.8940428847126621,0
1,0.6679211429490892,1
0,0.6887643232954148,1
1,0.6074250407881947,1
0,0.6459582811424603,0
0,0.9771446252221508,0
0,0.9788260039916178,0
0,0.5321890477021514,1
1,0.9645731295064568,1
0,0.9997776845020687,0
0,0.99661726554638,0
0,0.9453406451941712,0
1,0.9230533499629285,1
1,0.5561824817929335,1
0,0.6922613695566933,0
1,0.8116773425676334,1
0,0.983184605527223,0
0,0.9826774662169285,0
0,0.9387210455129318,0
0,0.9578124297902288,0
1,0.9829845233252856,1
0,0.9851821489627711,0
1,0.9878860033772409,1
1,0.9705942719091655,1
0,0.8916761967354857,1
0,0.9993951002648769,0
0,0.9999006275287927,0
0,0.7506005016914369,0
0,0.9979282301124913,0
1,0.9448176354897215,1
1,0.523606549288796,0
0,0.9760683531233713,0
0,0.7634075862526082,0
1,0.9073335010512283,1
0,0.6580444052775786,0
0,0.9900243899668308,0
1,0.9901915650430874,1
0,0.8565569374045422,0
0,0.8408024023545153,1
1,0.9551214852371959,1
0,0.9794203580158398,0
1,0.9802662174867967,1
0,0.8044883594543335,0
1,0.9696951209963879,1
0,0.9544570841001132,0
0,0.9936635210938829,0
1,0.9860630054935066,1
1,0.9768202813623253,1
1,0.7948772065127557,1
1,0.8338952993475621,0
1,0.9568905869530626,1
0,0.9938558788136909,0
1,0.9608182341375996,1
1,0.5165107439740175,1
1,0.7776721959189703,1
0,0.5580860175474387,1
0,0.98932519084138,0
0,0.5825818708072106,0
0,0.9326865817687627,0
0,0.9985112797435283,0
0,0.9515443191553645,0
1,0.9654893751847208,1
1,0.9828327834441117,1
0,0.7904811733026378,0
1,0.7643384924511889,1
1,0.80650861648962,1
1,0.9983819171874495,1
0,0.987135698845786,0
0,0.7069575492895547,0
1,0.6999499627444832,1
0,0.9792033570799781,0
0,0.7896149613232749,0
1,0.5323349793490044,1
1,0.8438761321582177,0
0,0.7676137450600091,0
1,0.9711401386442648,1
1,0.8660175312802831,1
0,0.8502457213704813,0
1,0.6742003793416136,1
1,0.6321898397001158,1
1,0.994973114682134,1
1,0.96258581673199,1
1,0.7021868516347235,1
0,0.995094977697646,0
1,0.9326403172565584,1
1,0.681468591435175,1
1,0.7089720989815039,1
0,0.9088637107438604,1
1,0.5538195330460437,0
1,0.9855937095375908,1
0,0.9954459916300158,0
0,0.6606841248501697,0
1,0.515351589619313,0
0,0.9459347881476377,0
1,0.7810953655716538,1
1,0.921113460515062,1
1,0.9942304708853548,1
1,0.6057434983877973,1
0,0.8755168983122874,0
0,0.5641674970450081,0
0,0.8612928049463257,0
1,0.9479540794842498,1
1,0.9463822549685826,1
0,0.5664122812278031,0
0,0.775894782423465,0
0,0.9026400061129268,0
0,0.8706041269879243,0
1,0.7447576884652624,1
0,0.9605092748141305,0
0,0.9945962527260597,0
0,0.6703593999256617,0
0,0.9635214827883927,0
1,0.551049817268911,1
0,0.8284811258943555,0
0,0.9963767481330026,0
1,0.9909416451922125,1
0,0.6502255379896038,1
0,0.6019237963568331,0
1,0.9876746869983009,1
0,0.8338028593510565,0
0,0.9959883041153323,0
1,0.8343413305065236,1
1,0.9832710731467342,1
1,0.9800395063342043,1
0,0.5270003410605766,1
1,0.9773373741394135,1
0,0.568930200548261,1
0,0.970226433200454,0
0,0.9995600146383155,0
1,0.9786908991549514,1
0,0.9923188718572091,0
1,0.8929907078225713,1
0,0.9582652815549987,0
1,0.7834061685690448,1
0,0.5630694378388634,0
0,0.9433533569466898,0
1,0.995333027831823,1
0,0.978279590430787,0
0,0.9960392603826902,0
1,0.8801293665526697,1
0,0.9791683419773216,0
1,0.7165784135965276,1
1,0.87460300846807,1
0,0.9781450667531068,0
1,0.9970276005309607,1
0,0.5272178171915449,1
0,0.6074347339234347,1
0,0.9169056386508888,0
0,0.7799109593324557,0
1,0.795655787051139,1
0,0.9812291450148055,0
0,0.9978576837953808,0
1,0.7398066586301618,0
1,0.8633957796999219,1
0,0.9929231694033734,0
1,0.7399827269952547,1
0,0.5223051704934425,1
0,0.7463586618125747,0
0,0.9313332419247933,0
0,0.9361242311921143,0
1,0.80631504186405,1
0,0.9962382322940906,0
1,0.9785454913784732,1
0,0.5162764554765016,1
0,0.9988003027635707,0
0,0.952998899519459,0
0,0.993424596924185,0
1,0.6817346992938523,1
1,0.6411764508150812,1
0,0.5137456945434205,1
0,0.971351952276392,0
0,0.9603146568654778,0
1,0.9954012246030772,1
0,0.8278595284175236,0
1,0.9602601437494278,1
1,0.9979608187104342,1
1,0.7156820611593353,1
0,0.5649383796924803,0
0,0.5813853866752476,0
1,0.9989268620258429,1
1,0.9396732846619442,1
0,0.9043177854447003,0
1,0.8983579514346821,0
1,0.8454474685737707,1
0,0.9997593826887861,0
0,0.8924976347802963,0
1,0.8138690303338516,1
0,0.7178128641760672,0
0,0.8683095156765792,0
0,0.9950011122315245,0
0,0.9974151804818467,0
0,0.9650840927131956,0
0,0.903786541924371,0
0,0.6153216833529727,0
0,0.7461809659062996,0
0,0.724809343676668,0
1,0.8170412128175878,1
0,0.9792411149353287,0
1,0.6312838239884832,0
1,0.9987054601730254,1
1,0.5536821790425688,1
0,0.9135769797096961,0
1,0.7620314919714201,1
1,0.6876954094104827,1
1,0.90720303888893,1
1,0.9829268580042458,1
0,0.6239502146656494,0
1,0.8902913076476583,1
0,0.9702027694524533,0
0,0.977864171794726,0
1,0.9264428326582104,1
1,0.7326089806246991,1
1,0.9984014996458742,1
1,0.9064497037334389,1
0,0.8221396337562775,0
1,0.9967769717730408,1
0,0.954071916413653,0
0,0.8826233317918804,0
0,0.9405683053774804,0
1,0.9952407187757393,1
1,0.7231897404827168,1
1,0.6019784148093341,1
0,0.9719949034201653,0
0,0.9003862873595068,0
0,0.9113559109557761,0
1,0.9706667335709818,1
1,0.6831689172898147,1
1,0.7238557553912713,1
1,0.9871661297462918,1
0,0.9937741370560688,0
1,0.9758046939775585,1
1,0.9795596998699169,1
0,0.977303241488447,0
0,0.5638505822684237,0
0,0.8846727565071395,0
1,0.6210257037081196,1
0,0.888236755006187,0
1,0.5588049438862142,1
0,0.9947961697286144,0
0,0.9928620580040504,0
1,0.9881074220446753,1
0,0.6355753642489446,0
1,0.8462162583501132,1
0,0.6410254677467542,1
1,0.9078532641636639,1
1,0.7885910837543421,1
0,0.7705446519661052,0
1,0.9264049899910048,1
0,0.7901202619109603,0
1,0.9249212702705979,1
1,0.8447913618784487,1
1,0.8059744088288597,1
1,0.8291943275887435,1
1,0.9729947610393023,1
1,0.9547799411934298,1
0,0.6643462498680436,0
1,0.7792249377600208,1
0,0.7496349402523509,0
0,0.5021177285839362,1
1,0.9209179618882893,1
0,0.8037459145548669,0
0,0.8857981751827161,0
1,0.9734123267947596,1
1,0.7310295176027131,1
1,0.8730602157715265,1
0,0.9840429089316814,0
0,0.9964245424292614,0
1,0.8824226691081137,1
1,0.9636222488189278,1
1,0.9265033815639387,1
1,0.93721490320253,1
0,0.9251652812774414,0
1,0.9993492489317972,1
0,0.9967630573699618,0
0,0.5592902287538077,0
1,0.7485322203825638,1
1,0.5083002498087376,1
0,0.9800242941540329,0
0,0.9423463510431379,0
0,0.9103778961642803,0
0,0.9558053787828082,0
1,0.5191527956684685,0
1,0.8909986890269365,1
0,0.7401292564014401,0
0,0.6241558476527788,0
1,0.8750917854908389,1
1,0.6529701935382517,1
0,0.9481309406825614,0
0,0.656010247420504,0
1,0.9783008626976945,1
1,0.8965449096116861,1
0,0.5395308667703028,0
0,0.931476460724691,0
0,0.9524826003474793,0
1,0.9750670914919297,1
0,0.9482886956406525,0
0,0.8077283409943437,0
0,0.6051038239341231,1
0,0.9082809501916134,0
1,0.6975582133781415,1
1,0.9970044145194006,1
0,0.9695332243120615,0
0,0.9977985685918676,0
1,0.9949547131240126,1
1,0.9453018679021402,1
0,0.9998313887160134,0
1,0.6087518638463426,0
0,0.9537610270654527,0
0,0.8954906947264825,0
0,0.9845627757692442,0
1,0.8177588105426885,1
0,0.9572871538612283,0
1,0.9793461803640164,1
0,0.5339142889163196,0
0,0.7459705985613648,0
0,0.9023726344692279,0
1,0.9656949125807449,1
1,0.8180616562598129,1
0,0.5048376409515574,0
1,0.605071047026068,1
0,0.980053159889141,0
0,0.7994973036311301,0
1,0.9990888728838596,1
0,0.8796698892625591,0
0,0.9074744843202309,0
0,0.8868297020563509,0
1,0.9981850238349209,1
0,0.7580096035961297,1
0,0.8404042378074615,0
0,0.9689768073793958,0
0,0.9045996570706596,0
1,0.8875903363607477,1
1,0.7392959148584618,1
0,0.9949531897183631,0
0,0.9432008155445718,0
0,0.9265009268802533,0
0,0.987971588565025,0
1,0.8727533131247076,1
1,0.8401055102683602,1
1,0.6095523569591537,1
0,0.821904140056683,0
1,0.8375826658054782,1
0,0.5601796516837478,0
1,0.9530825338916513,1
0,0.8907724529594896,0
0,0.9112260969514848,0
1,0.9531291914888647,1
0,0.9815537692080076,0
0,0.997091672117849,0
0,0.9146470392655405,0
1,0.915103288810077,1
1,0.9756369676115547,1
0,0.774863351758826,0
1,0.9845469538444201,1
1,0.794759398700163,1
1,0.8853132727786099,1
1,0.6226172336129014,0
0,0.7943914130761899,1
0,0.9991015428699771,0
1,0.762940359988761,1
0,0.6287172289697629,0
0,0.9197970571224551,0
1,0.8168178291694771,1
0,0.7824771064999776,0
0,0.9517613179708412,0
1,0.9498985892645404,1
0,0.9908437489081545,0
0,0.9891900766154242,0
1,0.8392350670366856,1
1,0.6119676940571191,1
0,0.9825234693071354,0
0,0.5746499780295244,0
0,0.8702897651265868,0
0,0.9949428397501703,0
0,0.9896335158084157,0
0,0.9970775857594644,0
0,0.9806300527167442,0
1,0.903216146999655,1
1,0.51206743275793,1
1,0.8215060173963994,1
0,0.7970173765293247,0
0,0.9391827521932762,0
1,0.9754500379975444,1
0,0.9924029626547719,0
1,0.9363807972886722,0
1,0.7303965830360197,1
0,0.8921673839795473,0
1,0.9833765280524932,1
0,0.7336798450516955,0
1,0.772493724403807,1
0,0.9899101083973716,0
1,0.5440804567353662,0
0,0.9942381923919426,0
1,0.7699910597578631,1
1,0.9238965199882744,1
0,0.9938303939390465,0
1,0.9868591406614678,1
0,0.9412690945579566,0
0,0.5830882886680635,0
0,0.9418069724656813,0
1,0.6883456005784502,0
0,0.998430457950311,0
0,0.9378044391734139,0
1,0.9631763540953321,1
1,0.7818979695476415,1
1,0.9708406001702362,1
1,0.9630684994622055,1
1,0.9379750374900744,1
0,0.9436091421497511,0
0,0.911475601613636,0
0,0.9953020035268569,0
1,0.9545000035325333,1
0,0.8945592396265223,0
0,0.9861680758275166,0
0,0.9326906928081581,0
1,0.9946963790208496,1
0,0.9912677742480834,0
0,0.6426868602789112,1
1,0.6338741445321764,1
0,0.8638082588142519,0
1,0.9976699898879561,1
0,0.9868919598703201,0
0,0.9193279646922857,0
1,0.5185012018812007,1
0,0.7931248111135147,0
0,0.8403189842747625,0
0,0.9022400580860417,0
0,0.9905888300735382,0
0,0.9416662731497633,0
1,0.5712985133621556,1
0,0.9675136291863488,0
0,0.9993516783578626,0
0,0.9395292493652001,0
0,0.865243795337881,0
0,0.9313551243210563,0
1,0.6005055011500595,1
1,0.5315698942545575,1
1,0.893124021774158,1
0,0.9736652987269043,0
0,0.9369857776890667,1
0,0.6689803986794645,0
1,0.9521142145424141,1
0,0.7753315272023794,0
0,0.9378626947756452,0
1,0.9382939812204718,1
1,0.6176506611460717,1
0,0.568326103357923,0
1,0.5386339342516514,1
1,0.5819904982132247,0
0,0.9724270433277353,0
1,0.8699484879873054,1
0,0.9995654817021169,0
0,0.790715418931343,0
0,0.8697620955651932,0
0,0.6479289723791073,1
1,0.9978569186075656,1
1,0.9646836489706434,1
0,0.9915808063732094,0
1,0.9706227450643539,1
1,0.5330796099565946,1
0,0.9617147576993424,0
0,0.9870180578063031,0
1,0.6205732563712925,1
0,0.7047171528806142,0
0,0.9620271141733236,0
1,0.6777068686631471,1
1,0.8049050435117656,1
0,0.9995067348249567,0
1,0.9979751296494126,1
0,0.9776370952698601,0
1,0.8284408816577983,1
0,0.69153253313363,0
0,0.9015245303809126,0
1,0.5395243476136772,0
0,0.9507296225458521,0
0,0.9149932971681651,0
1,0.8455105890818181,1
1,0.5973349892715515,0
1,0.6253441905223188,1
1,0.6469391691039261,0
1,0.7926861473896152,1
1,0.9838325112907232,1
0,0.8253798873833842,0
0,0.9058642497319269,0
0,0.9942380391677521,0
0,0.6876158083623387,0
1,0.5468782471449919,1
1,0.9927707010282543,1
1,0.9893817932826975,1
1,0.9870438990917115,1
1,0.9194723009222693,1
1,0.9951384961405905,1
1,0.9940388480409384,1
0,0.9633209144684024,0
1,0.9503501509694824,0
1,0.6470076054441661,1
0,0.9105129476504039,0
0,0.9700703179141624,0
0,0.9812981781122008,0
0,0.6774820141589667,0
1,0.6937640602588919,1
0,0.997748528691881,0
0,0.7830650280616586,1
1,0.7812394518543754,1
0,0.8724735813569667,0
0,0.6182645678700301,0
0,0.9975975906519333,0
1,0.7540204547575434,1
0,0.5420883887490349,0
1,0.9681691656258475,1
1,0.664388071210986,1
0,0.9662604229462523,0
1,0.7753528733851929,1
0,0.9770982884689318,0
0,0.9443061152868805,0
0,0.5400816709150162,0
0,0.9951677900879873,0
0,0.8756083057654305,1
0,0.6021036784493832,1
0,0.996573923072339,0
0,0.6141167060579993,1
0,0.7500091595323153,0
1,0.7785830086135904,1
0,0.9963976140561814,0
0,0.858244500755299,0
0,0.8510208183082217,0
0,0.823369577961439,0
0,0.534683253545355,0
1,0.8358495708228224,1
0,0.9360860347937004,0
0,0.8432221905974955,0
0,0.5121129807457118,1
0,0.997869479920307,0
0,0.9164557869057302,0
1,0.7700260668898317,1
1,0.7285650125776608,1
1,0.9256305685172201,1
1,0.5689269499755346,1
1,0.9500009816395233,1
0,0.8108542438987157,0
0,0.9941522600460985,0
1,0.8514579700314814,0
0,0.9767285360816302,0
1,0.8672504617469494,0
0,0.9925415805389335,0
0,0.9872279279338642,0
0,0.944727551827695,0
0,0.6194145864092815,0
1,0.9611218410027283,1
0,0.8544829647046338,0
0,0.9716340418845203,0
1,0.9972788569269652,1
1,0.9502716598070451,1
1,0.522820103584432,1
0,0.7385002423910542,1
0,0.9971057363311935,0
0,0.9819105925439074,0
1,0.8061352562344222,1
1,0.7191758644573915,1
1,0.6888075600161857,1
0,0.72382542999587,1
1,0.9554220547011051,1
1,0.6138490194214805,1
1,0.9777625069771031,1
1,0.9162210954997283,1
0,0.5310509469718214,0
0,0.5425787353610746,1
1,0.9898151508389785,1
1,0.594146665623918,1
0,0.9983869305469278,0
1,0.9983809006825128,1
0,0.9897121408833165,0
1,0.6620637846779427,1
1,0.6398763002924833,1
1,0.9851248461075437,1
1,0.8973806285052393,1
1,0.9977674416163741,1
1,0.6815006407677378,1
0,0.8902437937753,0
0,0.9992163310101401,0
0,0.7568528614323643,1
0,0.9822124569434941,0
1,0.9016365383654491,1
0,0.9315935875452672,0
1,0.8903511195463484,0
0,0.8931707450604904,0
1,0.6648679935541059,1
1,0.6311120435571886,1
0,0.8749298922611077,1
0,0.9994806901240515,0
0,0.9793662605327685,0
1,0.9995185066371121,1
0,0.9988647287989241,0
0,0.9899176823023236,0
0,0.9668615363322316,0
0,0.9984345956866565,0
1,0.7859130310461745,1
0,0.9996870537574981,0
1,0.8375892291533225,1
1,0.749520330988909,1
1,0.8509180700599002,1
1,0.9307698061686783,1
0,0.8716078742730705,0
0,0.752920144991476,0
1,0.9999060206080385,1
0,0.9829155283957943,0
1,0.9801290865371767,1
0,0.9585804728529583,0
1,0.7693645252919696,1
1,0.9571694867755693,1
0,0.9658784371519729,0
1,0.7802936962284237,1
0,0.6772828136094925,0
1,0.5595348562845597,1
1,0.8088093086429244,1
1,0.8022892035249432,0
0,0.966555141988643,0
0,0.9479348161297015,0
0,0.8463393662966234,0
1,0.7499397771554256,1
1,0.9953753514850038,1
0,0.7187522013199072,0
1,0.6425455529679648,1
0,0.9322786685961374,0
0,0.9961191760557285,0
0,0.6252981422736228,0
1,0.8549747602980247,1
0,0.9914080828730147,0
0,0.9877553037409208,0
0,0.6296450662812791,0
1,0.9945285835719481,1
0,0.735094427198651,0
0,0.6623322666466609,1
1,0.9993265268029806,1
0,0.5877782208989992,1
1,0.9641988063017155,1
1,0.9919724582044359,0
1,0.9873255055324408,1
0,0.9990740653350416,0
0,0.9844530090946246,0
0,0.8781400437054424,0
0,0.8539723528001477,0
0,0.8358187826898518,0
0,0.9733063175845009,0
1,0.9793533382956651,1
0,0.9649166084486082,0
1,0.8419512685815985,1
0,0.7387204778861773,1
0,0.9357464333062296,0
1,0.9932838974404766,1
1,0.9991741464068029,1
0,0.9937493212935377,0
0,0.9285501278147799,0
0,0.9779951433561923,0
0,0.9455915943083241,0
1,0.9074776410806528,1
1,0.920895649391888,1
0,0.9672346103800479,0
0,0.8173056255172212,0
1,0.7082079323406846,1
1,0.9279337250869025,1
0,0.9719834811955772,0
1,0.7833332664619531,1
0,0.9815768194015378,0
0,0.8962734006518155,0
1,0.810757252614314,1
1,0.6531674218459094,0
1,0.7364456863937842,1
1,0.513096906790277,1
0,0.5912055535420317,1
0,0.992696304337447,0
0,0.9916771813309232,0
0,0.997768707796589,0
1,0.971238884074262,1
0,0.9975275333329006,0
0,0.9979379008152612,0
0,0.979619315412313,0
1,0.93550999373117,1
0,0.9769191360785401,0
1,0.9788261427896298,1
1,0.571735488653112,0
1,0.8826354566600485,1
1,0.7420105963149098,1
1,0.968618935389901,1
1,0.8490166643348295,1
1,0.8802666657168837,1
1,0.9112856000869611,1
0,0.534131454086727,0
0,0.9475815741926605,0
1,0.5583459403022325,1
0,0.984665213010874,0
1,0.8997550259240801,1
0,0.6640308424906096,0
0,0.9684782199875551,0
0,0.9979692839363601,0
1,0.9637738491703121,1
0,0.9907747674861196,0
1,0.9925063335842422,1
1,0.9088210761824665,1
0,0.9130086540260358,0
1,0.9394752208329594,1
0,0.9408595863579278,0
0,0.8026137019025704,0
0,0.658277268570767,0
1,0.9265583216816501,1
0,0.9748498159186881,0
1,0.610375750534605,1
1,0.978818345238837,1
1,0.9030534424954372,1
0,0.5424429321802626,1
0,0.6782345338524305,1
1,0.6715776172655715,1
0,0.9957302973866219,0
1,0.5176565807628366,0
0,0.9974240658480699,0
1,0.7768195918753918,1
0,0.9979077326239255,0
0,0.9768257477165947,0
1,0.991539513532212,1
0,0.5411432455511365,0
1,0.92491998622718,1
0,0.9800615928404173,0
1,0.9990476091024219,1
0,0.824761436294567,1
1,0.9086566826477318,1
0,0.7178326968718887,0
1,0.7999684780550435,1
1,0.8611701387189861,1
1,0.8923091571812083,1
1,0.9668186925148403,1
1,0.8066411043994649,1
1,0.9850485908116801,1
0,0.7396945384544003,0
0,0.9599258497658867,0
0,0.9770712202338946,0
0,0.9951244421641193,0
1,0.9947640612409449,1
1,0.9534811059148938,1
0,0.6522436892787162,1
1,0.8389860854513382,0
1,0.9997786616323865,1
1,0.9998459693999664,1
0,0.9988033496886868,0
1,0.9880923953564105,1
0,0.9997879036461478,0
0,0.6831295578706537,1
0,0.7904233782897883,0
1,0.8382503860064376,1
1,0.7253899308980016,1
0,0.7673806524517971,0
0,0.9968802912593463,0
0,0.8494701693992628,0
1,0.9997210068991603,1
1,0.5591327987413117,0
1,0.7693145702331098,1
0,0.9727820118552832,0
1,0.9528465261395466,1
0,0.99806911826465,0
0,0.8919983960278268,0
0,0.509385982093236,1
0,0.9501740824711771,0
0,0.9808027574533139,0
0,0.9901275087920843,0
1,0.7538816203679632,1
1,0.9925825016733096,1
1,0.5802954299703746,0
1,0.6833149478114885,1
0,0.9852659257754878,0
1,0.9914737518749388,1
0,0.9853025846358052,0
1,0.6556163607361263,1
0,0.9995544117340385,0
0,0.9435353779209702,0
0,0.9977328604406108,0
1,0.9991393416551874,1
1,0.8546674799632265,1
0,0.990164549383054,0
0,0.9945707523063507,0
0,0.9460816289725871,0
1,0.9746210057829027,1
0,0.8847537956539464,0
1,0.9954016880503158,1
0,0.570108748998586,1
1,0.996557899620351,1
0,0.9222524570450255,0
0,0.9609129080043334,0
0,0.6899075143220771,0
0,0.8567170096928755,0
0,0.9992002376643703,0
0,0.990140240979686,0
0,0.9624677990101901,0
1,0.5671537267707237,1
0,0.9153920837315386,0
0,0.7577839446720958,1
0,0.7804018590740314,1
1,0.8056812292377035,1
1,0.8536843707508791,1
0,0.9018489458487322,0
1,0.7847183597328103,1
1,0.9086881222843828,1
0,0.914927830931884,0
0,0.9992158949403452,0
1,0.9590868268007247,1
0,0.71956761557457,1
1,0.995768284668321,1
0,0.8985295716556757,0
0,0.7974959934190594,0
0,0.9929624454126441,0
1,0.9955544076329391,1
0,0.9563639695774636,0
1,0.8598106051080948,1
0,0.5905511124059649,1
0,0.9819211812408574,0
0,0.9458549350914959,0
0,0.9539974465574468,0
0,0.8742629999055322,0
1,0.5892814389800684,1
0,0.9996383502174059,0
0,0.9766416677580843,0
1,0.8350371680758392,1
0,0.8244393993041058,0
0,0.9440131946822673,0
1,0.9922477973636006,1
1,0.8882912443904892,1
0,0.54266941941051,1
0,0.999912367510218,0
1,0.9780337588125166,1
1,0.9978915393524583,1
1,0.6877585882220446,1
0,0.9843698213310889,0
0,0.9115371936502045,0
0,0.9577807826539277,0
0,0.9713730924843484,0
0,0.9958836043275969,0
0,0.9673517827555388,0
1,0.9122508887415628,1
0,0.9247166942646521,0
0,0.8956691986510195,0
1,0.9766149216138887,1
1,0.6150922449893991,1
0,0.8453429540710096,0
1,0.8224249684933533,1
0,0.8929912200607536,0
1,0.9298393899602609,1
1,0.8131314671466342,1
0,0.5170369719675629,1
1,0.6048425360414902,1
1,0.5926406402814971,0
0,0.7363552316927584,1
0,0.9867015619600711,0
0,0.9967700920417557,0
0,0.899998917107837,0
0,0.7778120379576516,0
0,0.9168688627033956,0
0,0.7252777710374814,0
0,0.954285056052556,0
1,0.9150522946683342,1
0,0.9815548900646365,0
1,0.9329751410316998,1
1,0.8439150161442732,1
1,0.9441125033428435,1
0,0.7723442488669936,0
1,0.9944738683929484,1
0,0.8851578513651562,0
0,0.863106697052072,0
1,0.9342970299135417,1
1,0.9960491000307334,1
1,0.9360122255402655,1
1,0.6370211004489287,1
0,0.9588570361407105,0
0,0.9981889167832024,0
0,0.8151161424477316,0
0,0.9514564209530889,0
1,0.7710342719346751,0
0,0.9926774557773035,0
0,0.9443976242212531,0
1,0.9546533826541136,1
1,0.8816618332539805,1
1,0.9998997515210755,1
1,0.8958068084479167,1
0,0.9936171937095637,0
0,0.7404515715308901,0
0,0.9377520095706586,0
0,0.5244755733483001,0
1,0.9843408396539193,1
0,0.9374829020835144,0
0,0.5334383360900838,1
1,0.6404647819489834,0
0,0.9909848418261545,0
1,0.9912490130206477,1
0,0.678745025934686,0
0,0.9684504806357549,0
0,0.9993574234563178,0
1,0.8151855074986974,1
0,0.9908509362843421,0
1,0.9457877371729427,1
0,0.9332991142214423,0
1,0.7486370636987429,1
1,0.9821480662036228,1
0,0.8698517103856089,0
1,0.8858552567944229,1
0,0.538331008472532,0
1,0.98841452645805,1
0,0.7929503796381832,0
0,0.9469032886697272,0
0,0.713335959097197,1
1,0.9386574224517377,1
1,0.6027508490266223,1
1,0.9665113763648057,1
0,0.8742039625828852,0
0,0.9999055512497875,0
1,0.9287994021078286,1
0,0.9666322128845332,0
0,0.9952727706133431,0
1,0.9973035723935042,1
1,0.9923582550955462,1
0,0.8149782075954638,0
0,0.970842544817209,0
1,0.9066010029486898,1
0,0.9658658193045373,0
1,0.8564838374625652,1
1,0.9158465093630576,1
0,0.9867646565530862,0
0,0.9335387752428803,0
1,0.7478720521148027,1
0,0.6582279536523019,0
1,0.9370878291468784,1
0,0.7737547783658845,0
0,0.5783992910564855,1
0,0.9775474305827413,0
0,0.9893298221008565,0
0,0.9443715794279768,0
0,0.6273832775218202,1
0,0.9718210256199478,0
0,0.9742685923375087,0
1,0.6275711186380535,0
0,0.9777275837985232,0
0,0.6474625199360652,1
0,0.7653743463605854,0
1,0.9592361108166573,1
1,0.5145462326797582,0
0,0.9861045182980231,0
0,0.7865911520725166,0
1,0.8714261634732848,1
0,0.6284382142078718,0
1,0.5702083602215988,0
1,0.8700944450006612,1
1,0.6673465015558088,0
1,0.767530597063327,1
1,0.8596610458970333,1
0,0.9213420818881338,0
1,0.5493903444698167,1
1,0.5151576168175798,1
0,0.9924150691337202,0
1,0.9945016320578814,1
0,0.9975866846138546,0
1,0.7794600510588683,1
0,0.9795435116578193,1
0,0.9450057654741718,0
0,0.9929293730027323,0
1,0.8256820874756179,1
0,0.9083210858152728,0
1,0.9878640998371624,1
1,0.5949252354164212,1
1,0.9717754510355532,1
0,0.9902945477982388,0
0,0.9697768365672086,0
1,0.8003269405527912,1
0,0.9211703934734408,0
1,0.6764990915987302,1
1,0.6458951438506663,1
1,0.6958781121420959,1
1,0.6058062649467466,1
0,0.9967554445946432,0
0,0.8194763248395516,0
1,0.9992676253615049,1
1,0.9435926930713354,1
0,0.9807486524141276,0
0,0.8915109774321391,0
0,0.8921569170898154,0
1,0.7852417975609133,1
0,0.9958487647564478,0
1,0.9897972645767552,1
0,0.9555334412442058,0
1,0.5459541888047109,1
0,0.9719635718000417,0
1,0.8854604520162065,1
1,0.9056001312387153,1
1,0.5440708664173025,1
1,0.9236502529617995,1
1,0.9200612074281582,1
1,0.8546505499986085,1
1,0.7986672688904806,1
1,0.9749270852557698,1
0,0.924789092089934,0
1,0.8916396985064847,1
0,0.5914875073547227,1
1,0.7138029430209221,0
0,0.9148520651969747,0
0,0.7011006619520106,0
1,0.7302679924688094,1
0,0.8913002996003437,0
0,0.7334283246841595,1
0,0.9878017531270151,0
1,0.9972632614013734,1
0,0.6545411364773659,0
1,0.5136536052228923,0
1,0.9115166188603376,1
0,0.9699750469017516,0
1,0.8581302005957888,1
1,0.8371378614475932,0
0,0.9940128435929195,0
1,0.8407126957921613,1
1,0.5608020490815294,1
0,0.7936239433509258,0
1,0.5263551010248777,0
0,0.5499516817829476,0
1,0.7302964005009116,1
1,0.7156347048171222,1
0,0.9614986905787295,0
1,0.9761708346789525,1
1,0.7159037713104016,1
0,0.9992351211759146,0
1,0.676553417940781,1
1,0.7243066835007125,1
0,0.9983944392367206,0
1,0.6319481874325528,0
0,0.7032701596106647,0
0,0.994999525819218,0
0,0.9771498780562863,0
1,0.9562977616374378,1
1,0.9955661095352729,1
0,0.7430567193323033,0
0,0.9742002928333904,0
0,0.5552599400979452,0
1,0.9354756804738867,1
0,0.6026325209680936,0
1,0.6782453148634101,1
0,0.999500156616348,0
1,0.9170506045953072,1
1,0.9473918184436123,1
0,0.9399211845951227,0
1,0.9249389619202142,1
1,0.5293968292587858,1
1,0.679768503520424,1
1,0.9198022896450806,1
0,0.8529598598763706,0
0,0.7662219671623495,0
1,0.7603728346291664,1
1,0.7980120330786842,1
0,0.7858050026734547,0
0,0.9975146112714639,0
0,0.9579137602586686,0
0,0.615217548895425,0
1,0.9986520743621289,1
0,0.9053006741369076,0
0,0.987576408133236,0
0,0.711110744417284,0
0,0.8139206996507559,0
0,0.9888767508010801,1
0,0.8135976413004022,1
1,0.9905936706359144,1
1,0.7922826297801472,1
0,0.9433092076874651,0
1,0.9902284685035819,1
0,0.9168283084654792,0
1,0.9974813349141718,1
0,0.8146755550328332,0
0,0.9519066954600298,0
0,0.962949313080567,0
0,0.9350366529938294,0
1,0.8155278437714791,1
0,0.870318629414437,0
1,0.7520860141788481,1
1,0.8572414373090067,1
0,0.9504097774087078,0
0,0.9526184756894587,0
1,0.8370694778631997,1
1,0.9848385962197594,1
1,0.9333208083792991,1
0,0.9946309568254353,0
1,0.5547319095659996,0
1,0.9087930195320869,1
1,0.6832705885551252,1
0,0.9879668875418929,0
0,0.9908494597684393,0
1,0.7088297155399165,1
0,0.977994651404148,0
1,0.9994820862967805,1
0,0.9446831472117769,0
1,0.6938407085313885,0
1,0.9912404812569047,1
0,0.6465060060181054,0
1,0.8648736813180868,1
0,0.6752707231793318,0
0,0.5489746804466229,1
0,0.7630722491336044,0
1,0.9332974665270232,1
0,0.9524522863603642,0
1,0.997991545888624,1
1,0.8605462405065037,1
1,0.5793322961023404,1
0,0.9024996118373525,0
0,0.9932840890056155,0
0,0.739006361051761,0
1,0.8019111020519379,1
1,0.9903074666362449,1
0,0.9986397135467742,0
0,0.8625989674482082,0
1,0.8251992493186764,1
1,0.7405483923314101,1
1,0.6818198146655831,0
0,0.9954384771945141,0
0,0.9451918213453426,0
0,0.9233900947865749,0
1,0.8510342556942909,1
1,0.7566632391568712,1
1,0.7480534103724013,1
0,0.9996112819197731,0
0,0.6849436446479549,1
0,0.9900658075899033,0
0,0.9814033822329558,0
0,0.9766758438666339,0
1,0.7519549459412239,1
1,0.9643295587546337,1
1,0.9948755139025747,1
1,0.99807333734101,1
0,0.7507013540736708,0
0,0.8634849963030401,0
0,0.856887787425188,0
0,0.9993770292830527,0
1,0.9924188525092098,1
0,0.9874868823660936,0
1,0.5914305844023777,1
1,0.8674595335685328,1
1,0.9793465973805451,1
1,0.8013579988171559,1
0,0.9665153407603679,0
1,0.8779641938331202,1
1,0.7667807137058201,1
1,0.9957541643648059,1
0,0.7663040892903397,0
0,0.8553171359486555,0
1,0.5525847296516736,0
0,0.9058193901570561,0
1,0.598946141220935,1
0,0.9755074438657366,0
0,0.6976065564445753,1
1,0.8099301655820612,1
0,0.9103160487350948,0
1,0.8571349119753858,1
1,0.5741484915315189,0
1,0.73806366756056,0
0,0.9473260144167233,0
1,0.8940674924338989,1
1,0.7858135627826768,1
0,0.9702083071755722,0
0,0.5877201239573648,1
1,0.6156310434574899,1
0,0.9884467084274762,0
1,0.5693898473720148,1
0,0.9933767110461136,0
0,0.7905874978635149,0
1,0.7340495331422957,0
0,0.9720158567803954,0
1,0.6828313488700762,1
0,0.9911872806334058,0
1,0.9888833679278531,1
0,0.6395129719716806,1
0,0.9786888829644563,0
0,0.9906772517317862,0
1,0.8363396880314615,1
1,0.8324972600937622,0
0,0.9492759866842294,0
0,0.7461994207126009,0
1,0.9945720546599167,1
1,0.9697794190260918,1
1,0.7732807245653545,1
1,0.9850744122655741,1
0,0.9810316783882218,0
1,0.6443232508372617,1
1,0.6176128530549418,0
1,0.8355779632083973,1
1,0.9365089593131928,1
1,0.703583660079631,1
0,0.8934590223383854,0
0,0.6446516818189123,1
1,0.734683200392658,1
0,0.9729892453000845,0
1,0.8199671007824303,1
0,0.8384026830999661,0
0,0.9805931423591493,0
1,0.8565024122107214,1
1,0.5372953319342794,0
1,0.7090276262622275,1
0,0.736842067464496,1
0,0.9014842407194412,1
0,0.9648564584329568,0
0,0.9198392500311646,0
0,0.5256665335973838,0
0,0.7299820519005862,0
0,0.7987894059093817,0
0,0.9997657538985052,0
0,0.9389910737926213,0
1,0.761718240895501,1
0,0.8667030808676971,0
1,0.9885549774174384,1
0,0.5104364079178775,0
1,0.7231584412412291,1
1,0.5789162314839797,1
0,0.9781549773248269,0
0,0.8579614635762149,0
1,0.8184797586984095,1
1,0.967815644515411,1
1,0.6160350412921314,1
1,0.5886565430814208,1
0,0.7952349263539953,0
1,0.6379360178327155,0
1,0.9819869323679157,1
1,0.9978796726488106,1
1,0.9909421157391327,1
0,0.6361415012856164,1
0,0.6596909395533286,0
0,0.9520548481632216,0
1,0.9954122218924815,1
0,0.5197631149114027,0
1,0.9949224573727757,1
1,0.9156350342738224,1
0,0.9864821010233105,0
0,0.9890901885340051,0
1,0.6566335673848149,0
0,0.8085418068149115,0
0,0.8214522013920458,0
0,0.9874099275160496,0
1,0.5261283040978266,1
0,0.5795917890132039,1
1,0.8632700237946791,1
0,0.9943502433471489,0
0,0.9648425629727017,0
1,0.9313792276347765,1
0,0.5849897323580808,0
0,0.9922389225978859,0
0,0.7812786339571184,0
1,0.5982517140524511,0
0,0.6422923239304592,1
0,0.6781312882353112,0
0,0.6170943574002543,0
0,0.9073396016606309,0
1,0.6409110132784147,1
0,0.663744045565962,0
0,0.9926374518104152,0
1,0.9391333346430577,1
1,0.9614285748614309,1
1,0.781876099267767,1
1,0.9606473822266475,1
0,0.5065589367388357,0
0,0.9649315480360082,0
0,0.9742489180175053,0
0,0.9204603368368238,0
0,0.9977213301633685,0
0,0.9496567706296959,0
0,0.9991547158568288,0
0,0.8512546944117363,1
0,0.5336904646805907,1
0,0.9069519833022608,0
1,0.9789049428532719,1
0,0.5320144304815628,1
1,0.9499372763314322,1
0,0.5987159501856075,1
0,0.9106565105376856,0
0,0.949855913824541,0
0,0.9991173128384606,0
0,0.7482114984865262,0
1,0.7264452308160418,1
1,0.9387616264305598,1
1,0.9244617313638058,1
0,0.8221995079550497,0
1,0.9725843679679544,1
0,0.8603067687943149,0
0,0.9520084499208411,0
1,0.9797707418108249,1
1,0.8902157041210792,1
0,0.8608226646489978,0
0,0.9159720815657557,0
0,0.9970349416409093,0
0,0.9999002680913612,0
0,0.9962572316463879,0
0,0.839044226798223,0
1,0.8294592628841784,1
1,0.9651632559513064,1
0,0.7161465536281082,1
0,0.8699956915845112,0
0,0.5830104704693153,0
0,0.8023977057694436,0
0,0.7987815725549,0
1,0.9623352643890529,1
0,0.951780831128657,0
0,0.9335051368182072,0
1,0.8588226710696042,1
0,0.9911489671323835,0
0,0.9930930884381138,0
1,0.9689146988396141,1
1,0.8506056244900041,0
0,0.7621380545642256,0
1,0.9990524979312739,1
0,0.9877887195308753,0
0,0.9953769250798434,0
1,0.5672966359903565,0
1,0.5485527909967155,1
1,0.9238047040830181,1
1,0.8208649052005337,1
0,0.9367673705491784,0
0,0.8931059557777139,0
0,0.930540659775008,0
1,0.9077388643897176,0
0,0.7352818630234056,0
0,0.9996932399909524,0
0,0.5640838332013347,1
0,0.9990702866881657,0
1,0.6234089419936679,1
1,0.9130015195557604,1
0,0.9657569184300139,0
0,0.6523002927151849,0
1,0.9952873305452508,1
0,0.7872459174854469,0
0,0.9974586583018308,0
1,0.9165439882201692,1
1,0.9045443757315907,1
0,0.8349385384674928,0
1,0.9984522065081783,1
0,0.5391965160908088,1
0,0.9919012344590664,0
1,0.839470318493809,1
1,0.9851428527743421,1
0,0.6931853010286471,0
0,0.9923607245542599,0
1,0.851920730476435,1
1,0.5447211539182556,1
1,0.9490730874623687,1
0,0.9430827676679528,0
1,0.994577408701977,1
1,0.7223072125533988,1
1,0.9960606229922125,1
1,0.639906678310865,1
0,0.7153957085747398,0
1,0.6502201147160429,1
0,0.9958743692493093,0
0,0.6012645926252923,1
0,0.6696871759900965,0
1,0.9118224125550958,1
1,0.9549393078689723,1
0,0.9976383075623882,0
0,0.6616034530780333,0
1,0.7541754496983084,1
1,0.6279074264037029,1
1,0.9722427079238166,0
0,0.9915164426890253,0
1,0.9467462678769861,1
0,0.9850368098546528,0
0,0.6598716120786341,0
0,0.9853752539351237,0
1,0.6426697621789051,1
1,0.5111060629163972,0
1,0.9237978133292667,1
0,0.993030766431911,0
0,0.8328348433581542,1
1,0.7084703751429208,1
1,0.9252095630611137,1
0,0.8194741963541955,0
1,0.9561650296303581,1
1,0.9370301505351379,1
1,0.9422644894227638,1
1,0.7211768147016128,0
0,0.9507052472951443,0
1,0.8109014085733577,1
0,0.859085196610767,0
0,0.8612659868971361,0
1,0.5740022552890929,1
0,0.7149267121349416,1
0,0.9855709957093206,0
1,0.5697137723738469,1
0,0.7997030488553045,0
0,0.9978813389940765,0
0,0.7982281083669465,0
0,0.5536490293086875,0
1,0.5048292524887122,1
0,0.9313231572432448,0
1,0.7531564685526437,1
0,0.9289947626445775,0
0,0.9150924098929822,0
1,0.9812750569601849,1
1,0.9084456662234744,1
1,0.9266849070468767,1
1,0.9526992247134219,1
0,0.993288236454337,0
1,0.9952792976927974,1
1,0.8292980292742748,1
0,0.8888908626846588,0
1,0.7782992688289254,1
0,0.8321021678413656,0
1,0.9493763431238854,1
1,0.9922779882160981,1
0,0.8384200112771647,0
1,0.9972332330286406,1
0,0.8659157673613238,1
0,0.9875944337822442,0
0,0.9443909601905752,0
0,0.9995387423082313,0
0,0.9633895589545103,0
1,0.9589508187644147,1
1,0.5015993428757091,1
0,0.9228793304640626,0
0,0.568758979655068,1
0,0.9958821860012275,0
0,0.8788254044901077,0
0,0.9757771324798452,0
0,0.9440657712206996,0
1,0.9052451556364076,1
0,0.5838506728285333,0
1,0.5254733711158869,1
0,0.9575666438652538,0
0,0.8786317109114946,0
1,0.9469332919112436,1
0,0.9765650236011993,0
0,0.9133671193797287,0
1,0.9846079382151487,1
1,0.6590278300057628,1
1,0.8860569037423245,1
0,0.9867902703812085,0
0,0.7631285966719739,0
1,0.9231069292449973,1
0,0.9376412721538498,0
1,0.8091572395456896,0
0,0.9913529388553665,0
0,0.9388400332370681,0
0,0.8213298850818492,0
1,0.9895427367224897,1
0,0.9646854250406942,0
0,0.9872432309170144,0
1,0.9550440577806311,0
0,0.95779148512382,0
1,0.9554175475648332,1
1,0.9328382878808655,1
0,0.7610447144428688,0
0,0.9591984113268898,0
1,0.9957394121129354,1
1,0.9712379119160722,1
1,0.9286921873505112,1
1,0.8116463123013345,1
0,0.9908035972472373,0
1,0.8516605223433488,1
0,0.872432448852283,0
0,0.957418967109528,0
1,0.9064989716975749,1
0,0.9905953862265343,0
1,0.7227096827032145,1
1,0.990612404444627,1
0,0.9977606742091069,0
0,0.9997710566949357,0
1,0.5850057460669645,1
0,0.9986152482938209,0
1,0.9446847487087543,1
1,0.5805878563891017,1
0,0.9651368424199671,0
0,0.9963577875917982,0
0,0.9747984113933892,0
0,0.6448741125239059,0
0,0.9436714171321163,0
1,0.9993811267452917,1
0,0.8573571347090452,0
1,0.5029940030808648,0
0,0.5677987879618431,0
0,0.7464415519089661,1
0,0.57287156061794,1
0,0.8875266684019936,0
0,0.8670463684551887,0
1,0.7592411074295882,1
1,0.9008348527540213,1
1,0.9772281892205777,1
0,0.9977198737691938,0
0,0.9827133886760274,0
1,0.7689792653089713,1
0,0.9177594513849324,0
1,0.6568392465952954,1
1,0.9680536967764375,1
0,0.7417172287909493,0
1,0.8029773021234203,1
0,0.9937624213271288,0
1,0.5924580657180765,1
0,0.9912059569319647,0
0,0.9768979526827287,0
0,0.9920212596181757,0
0,0.763340918652434,0
1,0.5350245408334591,1
0,0.9928891076529756,0
1,0.7388026226334117,1
0,0.9704326863965768,0
0,0.915784520251146,0
0,0.999790761479005,0
0,0.6577462360019871,0
1,0.9222509620164523,1
1,0.7653947470151556,0
1,0.7436149363224355,1
0,0.9864194905492631,0
1,0.5199221420976714,0
1,0.9962990346753062,1
1,0.9632285853968736,1
1,0.9058829243804393,1
1,0.992840600240083,1
0,0.7053438935561896,0
1,0.683681981291448,1
1,0.5777686020921684,0
1,0.9883893077415108,1
1,0.5999195564589861,1
0,0.8552954096437021,0
0,0.5172126443578346,1
1,0.6476629963060704,0
1,0.9212622687265112,1
0,0.9993477671531724,0
1,0.805240934240109,1
0,0.8042314912614656,0
1,0.9337108206780094,1
1,0.5806667744861895,0
0,0.8101421205091206,0
1,0.8128098775741505,1
0,0.8679450861636218,0
0,0.9574220140084255,0
0,0.7417424680345516,0
1,0.5324582149752437,0
0,0.8817150654525125,0
1,0.5117947078264536,1
0,0.6932937968362229,0
0,0.9916515342846209,0
0,0.9653143202423334,0
1,0.7436771662655032,1
1,0.8795220503181208,1
1,0.9254519080280442,1
0,0.8341620055789223,1
1,0.8666064097662977,1
1,0.9942475339893327,1
0,0.9892151584466781,0
1,0.8804301413051889,1
0,0.6138631805481016,1
1,0.9811921801211492,1
0,0.6557543975749871,0
0,0.9543320722056687,0
1,0.8430481303442329,1
0,0.8043946119748586,0
0,0.961495475302699,0
0,0.98421910428704,0
1,0.9171128839408111,1
0,0.9772230613170232,0
1,0.9996353968261069,1
1,0.9975032645524589,1
1,0.8626238058770237,1
1,0.964616663793074,1
0,0.7066389100950623,1
0,0.7664010002039101,0
0,0.9651954831988465,0
0,0.6454833236816696,1
1,0.8791675102652255,1
0,0.9917629234238613,0
0,0.9746488891864764,0
0,0.9710784052003418,0
1,0.891045841382167,1
0,0.8633484475563464,0
0,0.626680257804697,0
1,0.9190203618435576,1
0,0.7260456114367461,0
0,0.9931322969301266,0
0,0.6638932450724766,1
1,0.7347635479024641,1
0,0.8947691567335219,0
1,0.8539036584663732,1
1,0.8863813532959107,1
1,0.660298245877225,1
0,0.9591435381337677,0
1,0.9120960808454225,1
0,0.9874431121337897,0
1,0.8311969488020342,1
1,0.6498028853739911,1
0,0.9071324947162538,0
0,0.9205872945805377,0
0,0.9884222319108643,0
1,0.9554487026117647,1
0,0.9794935269981215,0
0,0.9919907724571524,0
0,0.9589736772503138,0
1,0.9976141861770953,1
0,0.8511380128404913,0
0,0.8721530953230677,0
1,0.5033638611960692,0
0,0.9305922416209913,1
1,0.9788099025895205,1
0,0.9901377886530556,0
1,0.8946665553416222,1
0,0.9614849287562622,0
1,0.741671748387786,1
0,0.9909966079418219,0
0,0.9825432394305038,0
1,0.7257217540269983,1
1,0.9097846518058558,1
1,0.8856058470748813,1
0,0.9335233022180086,0
0,0.9753404647630668,0
1,0.9803542539481434,1
1,0.9792684347173914,1
0,0.8944194234257314,0
0,0.937595882662227,0
0,0.6541809146897031,0
1,0.9922662796669606,1
0,0.9982342707781295,0
1,0.7396382839536736,1
0,0.9104490478649787,0
0,0.9722184968144453,0
1,0.9156372631729051,1
0,0.8478537534656699,0
1,0.5038251021365063,1
0,0.9425307651005965,0
1,0.9563107818589534,1
1,0.7917589048575162,1
0,0.8823026193840564,0
0,0.7349735328936062,0
1,0.7321420034178968,0
1,0.9983205824955501,1
0,0.6853208853301381,1
0,0.8350164636531799,0
0,0.9922259779091408,0
0,0.680666165518685,1
0,0.9877580755056801,0
0,0.9731078859727108,0
0,0.9980042381396698,0
0,0.7972609364924289,0
1,0.851813920223217,1
0,0.5366915140731436,0
0,0.9946305179881116,0
0,0.9970107653072101,0
0,0.9635257014321147,0
0,0.9496521206551922,0
0,0.9037439103428918,0
0,0.9933284061494609,0
0,0.9433113927067245,0
0,0.8428714210193372,0
0,0.9216315557959197,0
0,0.8672262227854037,0
1,0.8881163509887297,1
1,0.9557887897744215,1
0,0.9976450277654964,0
0,0.9936881904469624,0
0,0.8086168568121097,0
0,0.9916353056424133,0
1,0.7549424129278761,1
0,0.9950324642879913,0
1,0.999618747928331,1
1,0.9842300671565021,1
0,0.9365803228376388,0
1,0.5135860440217298,0
1,0.969815006812789,1
1,0.9194432546480673,1
0,0.9378592006372622,0
0,0.946233736989476,0
1,0.7621104806527902,1
0,0.9489846419801157,0
0,0.9656442118692506,0
1,0.8759989645569239,1
1,0.9991753630173114,1
1,0.9547425578060617,0
1,0.6875232318083631,1
1,0.6685947936931318,1
1,0.7478110110541528,1
1,0.9153146785795508,1
0,0.5424811917362189,1
0,0.7634196181402093,0
1,0.8436402007735109,1
1,0.9939479778864669,1
0,0.9525633440723758,0
0,0.8641458151505714,0
0,0.9966268034335248,0
1,0.946793329748489,1
1,0.9874690529421783,1
1,0.6883831334750679,0
0,0.993823538736137,0
0,0.7239930018902363,0
0,0.836309854529096,0
0,0.9841952127914251,0
0,0.6819647256693078,0
1,0.6505024606450905,1
0,0.9179521903358793,0
0,0.6961279637583577,0
0,0.5520022645196783,0
1,0.8892088056452992,1
0,0.5353620141365321,1
0,0.8220069682546476,0
0,0.9996473794070171,0
0,0.9535641866548854,0
1,0.9952049216205157,1
1,0.7404079282847474,1
1,0.7538145595122833,0
1,0.989119436248253,1
1,0.5952351331488998,1
1,0.9466428274938165,1
0,0.9996008438055316,0
0,0.9215827787289352,1
0,0.9441334735997982,0
1,0.6727414914774922,0
1,0.7635795407454645,1
1,0.9819604752091056,1
1,0.697911614608429,1
1,0.9956774464859088,1
1,0.978577688230966,1
0,0.9843544140310688,0
0,0.6995964780065842,1
1,0.8344159984780734,1
1,0.975347070858588,1
1,0.9753719540301151,1
0,0.9749161384934039,0
0,0.8588291697777427,0
0,0.8591760522041696,0
1,0.8270599302465096,1
1,0.7704572242398613,1
0,0.9599810297129342,0
1,0.9154194518220484,1
1,0.9347863015001989,1
1,0.9923601436885469,1
1,0.8224136372994194,0
0,0.9975332969146987,0
1,0.945922230541716,1
1,0.6695140559770484,1
1,0.8384800065933453,1
0,0.6650300248146734,1
0,0.9853787700542374,0
0,0.997440263662161,0
1,0.9997186992888728,1
0,0.6839202347862201,1
1,0.8614274630198565,1
1,0.5600091467732906,1
1,0.9463159921750756,1
0,0.9684292665979797,0
0,0.9956740704372139,0
1,0.6102947362771086,0
1,0.8363171048766201,1
0,0.591218748733665,0
0,0.8480813843670159,0
1,0.7581893128841962,1
1,0.9912329874265199,1
0,0.9656779708046227,0
0,0.8969853905848776,0
0,0.7150604628641927,1
1,0.9221053681549282,1
1,0.7928652909332414,1
1,0.7340200288689512,1
0,0.9790235276557192,0
0,0.9170952023382559,0
0,0.9883453113318743,0
1,0.9974012705825197,1
0,0.8043104504967653,0
1,0.7316932657903097,1
1,0.7522711997647219,1
0,0.6525394845819589,1
1,0.6451277577914476,1
1,0.9231659476839067,1
1,0.9844591716071098,1
0,0.8591996210144474,0
0,0.9729608374781803,0
0,0.9235744514013426,0
0,0.969988257095322,0
0,0.8019917470807199,0
0,0.6312573532431411,1
0,0.95623486092569,0
1,0.625200484194782,1
1,0.6804097878724396,1
1,0.9435172030777796,1
0,0.8223179425907605,0
0,0.9981759379668408,0
1,0.8580706224928943,1
0,0.9998858255545031,0
0,0.9948564172079434,0
1,0.5981665180864152,0
1,0.8327064814257561,1
0,0.7295550020753379,0
1,0.9072597429140857,1
0,0.7456587434935357,0
1,0.9516170809088578,1
0,0.9984325685096519,0
1,0.5898377597098168,1
1,0.9698507933431731,1
0,0.9696884066441162,0
0,0.8699885910764473,0
0,0.9457815860178231,0
0,0.9657107892408708,0
0,0.9959991411692798,0
1,0.9614506226357757,1
0,0.6296259288391114,0
1,0.6265887276829053,1
1,0.9609486091209447,1
0,0.9708010967196827,0
0,0.8785971395090011,0
1,0.9262977229489723,1
0,0.9080842028797397,0
0,0.9876905931045235,0
0,0.9375385293774906,0
0,0.53924598067397,1
0,0.9637405457748399,0
0,0.9250455185407361,0
0,0.7952643735304137,1
0,0.8683988150058226,0
0,0.9080072260983307,0
1,0.5203600441374598,1
0,0.9845072914222703,0
0,0.996295543700566,0
0,0.9957138652273422,0
0,0.8429202541365908,0
0,0.5777433966180707,1
1,0.9150972126374732,1
1,0.817159156706611,1
0,0.5392816542333372,0
1,0.8193733804912307,1
1,0.5875075375386923,1
1,0.718955865906806,1
1,0.9654048444272252,1
0,0.9586638512226785,0
1,0.8762172180069927,1
1,0.726606344869754,0
0,0.8377609342598917,0
1,0.6253251437063299,1
0,0.9991386530488693,0
1,0.9830933563135466,1
1,0.6991862853529283,1
0,0.8141102018435511,0
0,0.7347731571436613,0
1,0.9321266943068143,1
0,0.8285632885919197,0
0,0.9622907950676601,0
1,0.8975713466789305,1
0,0.8882914337240029,0
1,0.5969132667561318,0
0,0.8601051693658661,0
1,0.921093518201301,1
1,0.7931629806443959,1
0,0.9846660599642423,0
1,0.9609058082984837,1
0,0.9867627376268997,0
0,0.5043827756653574,0
0,0.9948574345413844,0
1,0.8596912787434936,1
1,0.5322727385368301,1
0,0.9904573170444773,0
0,0.7333149867714297,0
1,0.8750161422356898,1
0,0.9931234784363523,0
1,0.9112024590241447,1
0,0.8147228752447574,0
1,0.84880837605929,1
1,0.7227913219696714,1
1,0.9985921340755484,1
0,0.9495866451220538,0
1,0.9943422556608802,1
1,0.953811075692888,1
0,0.9942934257116507,0
1,0.9652946713956109,1
1,0.827359717106045,1
1,0.8407259903772765,1
0,0.6771286582987066,0
1,0.9881189541631128,1
0,0.9937364099641058,0
0,0.9058519187124485,0
1,0.8385417411130329,1
1,0.9629619290053694,1
0,0.8852380718479173,0
0,0.5280638284999979,0
0,0.9304679451598138,0
1,0.9971452095061388,1
1,0.7402454106641322,0
0,0.973363696650698,0
0,0.9949480537767944,0
1,0.9973984533853104,1
1,0.5421468055941814,1
0,0.9109349687563801,0
0,0.9718695975742595,0
1,0.8910919023605185,1
0,0.6321843231746259,1
1,0.5796717892176594,0
1,0.9292588877182266,1
0,0.7237820074001322,1
1,0.9056068371974059,1
0,0.8507901450746529,0
0,0.721345962270433,1
1,0.9920897479983533,1
1,0.7817185341157745,1
1,0.9328145934638348,1
0,0.992387650220775,0
1,0.713992943572309,1
1,0.9081632081013667,1
0,0.9104326667216666,0
1,0.8903936432105979,1
0,0.9279817222190292,0
0,0.9856889843532499,0
0,0.9999078095712932,0
0,0.8941502294643489,0
1,0.9673316543977472,1
1,0.9723727206896108,1
1,0.580143228836574,1
1,0.9664971102936839,1
1,0.853565670131173,1
1,0.7876138018610146,1
0,0.9986141429021178,0
0,0.5503792147427861,1
0,0.9988502910335404,0
0,0.7540225035284566,1
0,0.6525958220345499,0
0,0.8074151200374236,0
1,0.5086952841016171,1
0,0.9917809716217196,0
1,0.9701669479339082,1
0,0.883198614945692,0
1,0.9886922014682702,1
1,0.8563519826954169,1
1,0.9131234213506209,1
1,0.7784669886706782,1
1,0.8559980082246489,1
1,0.6857779524102405,1
1,0.9986047056701518,1
0,0.8750842059745059,0
0,0.9977263038650189,0
0,0.9490752471464695,0
1,0.955185573644114,1
1,0.9025971257262685,1
1,0.9971165740365385,1
1,0.969121589709133,1
1,0.6580852945818031,1
0,0.927727115318395,0
0,0.9444475164112096,0
0,0.991665553584842,0
0,0.943223881184237,0
1,0.9609871829216355,1
1,0.8020542754247199,1
0,0.9802934358541704,0
1,0.5267086341753537,0
0,0.825703436859177,0
1,0.8552031891387564,1
0,0.581132424361178,0
1,0.7222964187950325,1
0,0.995365727533791,0
0,0.9969337624690613,0
1,0.9949025704949821,1
0,0.9113645732323159,0
0,0.8553798122006586,1
0,0.9938572347771908,0
0,0.964555509927173,0
1,0.9935844649722541,1
1,0.7854050774587212,1
1,0.974737839612156,1
0,0.8447216616164038,0
1,0.9477518549706033,1
0,0.9070651765859238,0
0,0.8844878230652689,0
0,0.9497891024347619,0
0,0.9996891567366921,0
0,0.9674649249907402,0
0,0.5906165831702583,1
0,0.9992215267633703,0
0,0.9364204944714086,0
1,0.9885176329794775,1
1,0.703707105716175,1
0,0.8133998266888658,0
0,0.6280286579422528,0
0,0.9757531796553026,0
1,0.7999974337239825,0
0,0.5729354074524236,0
1,0.9420407257817366,1
0,0.99805598204044,0
0,0.8000766881770447,1
1,0.987534139161215,1
0,0.7734048171626126,0
0,0.9995635943356876,0
0,0.8988315015641883,0
1,0.6282961634818928,1
1,0.858178231473134,1
0,0.9672576205394875,0
0,0.9077359127550998,1
1,0.8159862202084877,1
1,0.7060495184933508,1
1,0.9770977051887811,1
1,0.9943517579018274,1
0,0.5672943610295549,1
1,0.9999606787784582,1
0,0.9841669462775907,0
0,0.9507084430737093,0
1,0.9702396134772711,1
0,0.9864242660702904,0
0,0.689565542973765,0
0,0.9601366833617128,0
0,0.7521001510020239,0
0,0.6825912058535224,0
0,0.8708424231040051,0
0,0.9543612327871578,0
0,0.9970032708724512,0
0,0.5491789187472254,1
0,0.9769171986702078,0
1,0.559984066785758,1
0,0.979160376669933,0
0,0.8451918156298527,0
1,0.5136358709067474,1
1,0.9990472324760575,1
1,0.7395129983681595,1
0,0.8683803232418796,0
1,0.9795160122639792,1
0,0.5149777321352365,0
0,0.7151603857522415,0
0,0.7913901567846066,0
1,0.8205715313477016,0
1,0.9585209687445977,1
0,0.7887692026658812,0
1,0.9160271837337753,1
0,0.988319203285716,0
0,0.9999509856016949,0
1,0.8852647215381615,1
1,0.9769424997032854,1
1,0.5820845730431556,1
1,0.6005869472775676,0
0,0.9515167795830681,0
1,0.9903009754784736,1
0,0.9866430111580878,0
1,0.9703780539544231,1
0,0.9354252343331892,0
0,0.9973437661451043,0
1,0.9829609242002355,1
0,0.9958913897982387,0
1,0.9775107190889427,1
0,0.9976158337992383,0
0,0.874373753795801,0
0,0.904181458350354,1
1,0.9947872472565716,1
0,0.9531601979946045,0
0,0.9944119033712623,0
0,0.9901776167608278,0
0,0.9765437187616398,0
0,0.6059024851555577,1
0,0.9965147154087766,0
0,0.8616420677783643,0
1,0.7617590978347281,1
1,0.9028683426874974,1
1,0.6475159579819559,0
0,0.8120892531284756,0
1,0.9911502462632016,1
1,0.915151082105681,1
0,0.7787145423130255,0
0,0.9909186642556728,0
1,0.9991379995068222,1
0,0.7649109522318637,0
0,0.9866181757430699,0
0,0.9994538015530828,0
0,0.9959421649550366,0
0,0.8518086612500253,0
0,0.9742830404679632,0
0,0.6707963880666359,0
1,0.9826859861468406,1
0,0.8433719572899296,1
0,0.9962431972498051,0
1,0.5060413213408526,0
0,0.988904817084667,0
0,0.9870054276308877,0
0,0.9178062645597489,1
0,0.9973139512188232,0
1,0.8885351551462098,1
0,0.9947900198938724,0
0,0.7802614666075212,1
0,0.7507524299155988,0
0,0.9607572234496788,0
0,0.9133119414427646,0
1,0.9263688171236594,1
1,0.956374985683265,1
1,0.9838007292095357,1
1,0.661027819844563,0
1,0.9118020547749665,1
0,0.5622060897272494,0
1,0.5866508693539948,1
1,0.5925688679253834,1
0,0.858531338090158,0
1,0.9630265525609365,1
1,0.8112248282317549,1
0,0.948028545069736,0
0,0.9428768785591681,0
0,0.9034494203122204,0
1,0.7857840844538451,1
1,0.8019518881595306,1
1,0.9841658149845041,1
0,0.9676389336619928,0
1,0.8992021593425245,1
0,0.7050408618486032,0
0,0.803485153841072,0
1,0.8820200010441445,1
1,0.7809315565158954,1
0,0.8004424863737613,0
1,0.920479828199076,1
0,0.9078693276659722,1
0,0.9927420598912811,0
0,0.9106999123369552,0
1,0.9978311197435998,1
1,0.6794064646805568,0
0,0.802982901831361,0
0,0.999045030766774,0
1,0.7004738127326364,1
0,0.5428693170715593,1
1,0.63782466159723,1
0,0.7763004866184916,0
1,0.9997410364133299,1
1,0.8600223339011123,1
1,0.6304281131817727,1
0,0.9942656123191237,0
0,0.9947815377717311,0
1,0.9903689999030787,1
0,0.990112110059654,0
1,0.7408622942438915,0
0,0.8063870850876871,0
0,0.6618067136499834,0
0,0.6058359245868595,0
0,0.8940230507175932,0
1,0.7165126509193547,1
0,0.5829774724507018,0
0,0.8158577878301736,0
1,0.7422587459301183,1
1,0.8250655306222134,0
0,0.7403754298721206,0
0,0.8583574052607601,0
0,0.9909830215674668,0
0,0.964715040158619,0
1,0.7122465845618544,1
0,0.5706193362378416,0
0,0.7543298187448942,0
0,0.9433475753438225,0
0,0.9592250070519176,0
0,0.9965550510973408,0
0,0.6753624370154951,1
0,0.9954265866067774,0
1,0.9494271349720633,1
1,0.9114946966935736,1
0,0.9328567550198775,0
0,0.9381153187837432,0
0,0.9914231098394383,0
0,0.9717672602010975,0
0,0.575057561470562,0
0,0.9602542772543451,0
1,0.8307352321663473,1
1,0.9121771567645939,1
1,0.8688062285888524,1
0,0.638347027106717,1
0,0.8715213719025766,0
0,0.7801818511237282,0
1,0.6218388859868837,0
0,0.7282289147812964,0
1,0.9739469540464056,1
1,0.9169982145112286,1
0,0.9624947698729273,0
0,0.9125894791808441,0
0,0.5281829260067673,0
0,0.5344151805823667,0
0,0.9616037079466299,0
1,0.9251235884010134,1
0,0.6690975531555416,1
1,0.6727874680739007,1
0,0.8463538602818875,0
1,0.6559830802782924,1
0,0.5678533172672862,1
1,0.8388516831427248,1
1,0.996640380533259,1
0,0.9364946955193689,0
0,0.9144937809202749,0
1,0.7776454850130147,1
0,0.9387463972311059,0
1,0.9891474652404255,1
0,0.9773478605952232,0
1,0.9167244061922101,1
0,0.9950922413571073,0
0,0.9810487582483803,0
0,0.7829453685564499,0
1,0.7322200317644808,1
1,0.8237604089244253,1
0,0.9638745713742973,0
1,0.9995920985973618,1
1,0.9916172586286255,1
0,0.9909625260247891,0
0,0.8248708523174444,0
0,0.8867133432453038,0
0,0.6956668419954464,0
0,0.9517022268544049,1
0,0.8855099482379717,0
1,0.9862979932691108,1
1,0.6205915173953861,1
1,0.8498538009428536,1
1,0.9885048271589195,1
0,0.8737627187556551,0
0,0.5414447168544787,0
0,0.9725753046797446,0
0,0.981272849914809,0
1,0.9934828540759885,1
0,0.6140414734173223,0
1,0.8852613279771246,1
0,0.9974950246267631,0
1,0.8642229141636043,1
0,0.9997906255015255,0
0,0.9926929428130612,0
0,0.9309196060590613,0
1,0.9587305152170574,1
0,0.9646269170866797,0
0,0.9661917487247763,0
0,0.7836042720975906,0
0,0.989298539326034,0
1,0.765388847831685,1
0,0.9318948386902333,0
1,0.998897279941005,1
0,0.9993036030808478,0
0,0.957914170561148,0
0,0.9997977155415302,0
1,0.8888198044542546,1
1,0.9918484632308424,1
1,0.947581707241194,1
0,0.9880050320521871,0
0,0.5143537220836669,0
1,0.8395667769461066,1
0,0.9930269002267726,0
0,0.5130287905532571,0
0,0.8597939771888268,0
0,0.6214355083978953,0
1,0.9651975392654962,1
1,0.9985425411106246,1
0,0.9125986745109533,0
0,0.9929689730596242,0
0,0.9793669634435618,0
0,0.9503175181611531,0
0,0.968856930093817,0
1,0.7878968105294207,1
0,0.8531739241100925,0
1,0.7274604699151956,1
0,0.5517678520722871,1
0,0.6675067710440052,0
0,0.7076397896769271,0
0,0.5244059054479491,1
0,0.5498234336684343,1
0,0.9964249779267631,0
1,0.5856262589345346,0
0,0.7373249541065044,0
1,0.6281196449885107,1
0,0.9985830149193925,0
1,0.9557207582940757,1
1,0.9760558644554534,1
1,0.9967548529298932,1
0,0.952209971747464,0
1,0.7231788142242986,1
0,0.573277780425919,0
0,0.9342889510795666,0
0,0.9336368714128694,0
1,0.9964739218194041,1
1,0.8804542225348925,1
0,0.7046265287831635,0
0,0.6217966538230562,1
1,0.5439463638027888,1
0,0.8778488144115351,1
1,0.964626832417257,1
1,0.8634715812003345,1
0,0.9693461789789819,0
0,0.5373798482965944,1
1,0.5367198069560878,1
0,0.9932951417068134,0
1,0.9870873337592102,1
0,0.7148626493529104,0
0,0.9955131045118166,0
1,0.8427874927863679,1
1,0.9969760180814539,1
0,0.6164380171179418,1
0,0.7736995455434269,0
0,0.9636328477619462,0
0,0.6360406646529254,1
1,0.994904060222433,1
1,0.7817773201636548,1
0,0.9502155254740327,0
1,0.7427306812024649,1
0,0.9994293373262748,0
0,0.9892448686204931,0
1,0.518595056620297,1
1,0.8055443235000485,1
0,0.8352344666651369,0
0,0.8418630232774136,0
0,0.9128529059039139,0
0,0.7999653820902075,0
0,0.9272518299987382,0
0,0.9905942248667365,0
1,0.9789954776414674,1
0,0.9997001257525482,0
0,0.8901581709598069,0
1,0.9994981597393515,1
1,0.9120686745687118,1
0,0.9991019908921472,0
0,0.9899161276496442,0
1,0.8955515634738942,1
0,0.5409526921681365,0
1,0.8535578410984367,1
1,0.9885603285584567,1
0,0.5834282252854541,1
1,0.684960734466683,1
0,0.9805076933942902,0
1,0.8575690063421565,1
1,0.9695514985253646,1
1,0.748610970022755,1
0,0.5478603586732846,0
1,0.8273401491501611,1
0,0.9429044256716095,0
1,0.5713429250774452,0
1,0.7219175807062284,0
0,0.7010452620435124,0
0,0.9916222245366461,0
1,0.9520537827908616,1
0,0.5255756663184437,0
1,0.7331083755356272,1
1,0.6679897926607992,1
0,0.8416349320430444,0
1,0.7277754868715111,1
1,0.9641046051068708,1
1,0.9983727040043404,1
0,0.8898437645486872,0
0,0.9973922539346524,0
1,0.7996820152533667,0
1,0.9884786777975285,1
0,0.9892966148591841,0
1,0.9587060054943219,1
1,0.9258584698185517,1
0,0.8452927709854998,0
0,0.6061881547797066,0
1,0.7990561926582215,1
1,0.9923956198099665,1
0,0.8740880841010739,0
1,0.7778071665092219,1
1,0.8621786961991597,1
1,0.8359467275400383,1
1,0.9711305408281223,1
1,0.969517213887712,1
1,0.9546957279111957,1
1,0.9168490735073838,1
0,0.9616972234761515,0
0,0.9396745519615483,0
1,0.8542277684837561,1
0,0.5902680853250664,1
0,0.5125801247894299,0
1,0.7626865704672507,1
0,0.5479906762334487,0
1,0.755720685066987,1
0,0.9489523541968858,0
0,0.9767367735543306,0
0,0.9549413221355948,0
1,0.6965168675755378,0
1,0.9987933739229045,1
0,0.9877342507158196,0
0,0.754748582945253,0
0,0.9928420252890061,0
0,0.9987993867287563,0
0,0.9914600293084816,0
1,0.8064035003147982,1
1,0.5798918222146613,1
0,0.6954484277109647,0
1,0.6825923554088417,1
0,0.7964908188670805,0
0,0.736762799412524,0
0,0.9866651201195579,0
1,0.807500002967612,1
0,0.9650753359132448,0
0,0.9842863084426746,0
1,0.8495741415900344,1
0,0.9765889104202329,0
1,0.9584280877334103,1
1,0.9919100225817441,1
0,0.928140778542764,0
1,0.8470753855056471,1
1,0.8643667395149067,1
0,0.9506111523933165,0
0,0.9926149350859673,0
1,0.8562915609422121,1
0,0.9754298730197717,0
0,0.9465397328006442,0
0,0.5991855431943391,0
0,0.9733678063628349,0
1,0.6262951426416865,1
1,0.9700154865884907,1
0,0.9939532166962233,0
1,0.9996372730999137,1
0,0.7005946149149067,0
0,0.9168032138485145,0
0,0.9952076892787296,0
1,0.8706708236976498,1
0,0.5615949131376249,0
1,0.9552193368652601,1
0,0.9977758963197547,0
0,0.9454962357435089,0
0,0.9866355916787253,0
1,0.977067996712567,1
0,0.9959435876859137,0
1,0.9665449914867238,0
1,0.9691639674424175,1
0,0.9332717018500861,0
1,0.9744728403114724,1
1,0.878556977484061,1
0,0.8662048156338058,0
0,0.9932566197954181,0
1,0.9671423025951803,1
1,0.9494619301203453,1
0,0.9959118943410813,0
0,0.6563869491940385,1
0,0.9520652999329545,0
1,0.7429100434520259,1
0,0.7205668660655511,0
0,0.9679331444161187,0
1,0.7937345715217187,0
1,0.9747467680570511,1
0,0.9316959278840959,0
0,0.9938566085579899,0
0,0.6977263833238114,0
0,0.9075670429737316,0
0,0.9960262527698387,0
1,0.6944693299961207,1
0,0.9501369640451329,0
0,0.7164205827023081,0
1,0.9998641450663117,1
0,0.9996328185463366,0
1,0.827709230239464,1
1,0.7017005023966162,1
0,0.820079214240951,0
0,0.9998583018553723,0
0,0.9529613912890195,0
0,0.8858800900469388,0
0,0.9662373935843686,0
1,0.8709458973046634,0
0,0.9627164723515984,0
1,0.9587825188054878,1
0,0.6986152393164577,0
0,0.9302382677565777,0
1,0.9986107417129307,1
0,0.9780101734048832,0
0,0.9440260392755911,0
0,0.8553114874701249,0
0,0.9787977072998302,0
1,0.9942481899668153,1
0,0.97877423600864,0
0,0.969746757287308,0
0,0.8208405499060214,0
1,0.8088417393727563,1
0,0.9475640900102577,0
0,0.9839061334364025,0
1,0.7442171039490694,1
0,0.8399011270842749,0
1,0.9589864721050521,1
0,0.6767742960010761,0
1,0.9597415921980139,1
0,0.9983210720818071,0
0,0.9998010261786058,0
1,0.98608555820268,1
1,0.9314343262844897,1
0,0.9547406230095032,0
0,0.7229092908110244,0
0,0.8677316611346498,0
1,0.9778286934706237,1
0,0.9865347741461287,0
0,0.91794066631634,0
0,0.9958120818745291,0
1,0.982018007280191,1
0,0.9991792007748693,0
0,0.9819361115053976,0
1,0.878519102165203,1
0,0.9140055652324681,0
0,0.961521688147364,0
1,0.874858002030817,1
1,0.5453756547139055,1
0,0.8390054235561425,0
0,0.6837471281727332,1
1,0.5527035548763017,1
0,0.9919703740833447,0
0,0.9873353886810712,0
0,0.890166495938495,0
0,0.8172642979728637,0
1,0.5221944466851078,1
0,0.9802985849974618,0
1,0.7701142733775039,1
1,0.8708320057307625,1
0,0.7998745477975142,0
0,0.9604594820090832,0
1,0.7472404067802886,1
0,0.6448155170859557,0
0,0.8582475694937919,1
0,0.9987466064485258,0
0,0.9980032369106273,0
0,0.9222511312370859,0
0,0.6723341358396011,0
1,0.843463175465496,1
1,0.7049375382147882,1
0,0.9385987437131147,0
0,0.9617163452062765,0
1,0.9968545426891439,1
0,0.9306874703235257,0
0,0.6022858500620532,1
1,0.9941433282398341,1
0,0.9139425552188054,0
1,0.9398258760605135,1
1,0.6181731513204471,1
0,0.9169301014552855,0
1,0.9381414682383957,1
0,0.9618554416624282,0
0,0.9886780969461991,0
1,0.7733027924582697,1
1,0.5420090955780368,0
0,0.9792682003555213,0
1,0.9484920983777733,1
1,0.6347802880019451,0
0,0.9164628008646791,1
0,0.9732161058023672,0
0,0.9901222258931083,0
1,0.9261655830329827,1
0,0.9634383664722079,0
0,0.8850676300833454,0
0,0.715521731173437,0
0,0.5504333716836127,0
1,0.9988193741669489,1
1,0.9966053283249265,1
0,0.9000355984257904,0
0,0.892832691826917,0
0,0.7767492417738199,0
1,0.9997545942815099,1
0,0.868611147790702,0
1,0.6976316869207924,1
0,0.8049183931047961,0
1,0.9151412793873223,1
0,0.9917420511126384,0
0,0.7633129322054106,0
0,0.9719351184046288,0
0,0.5948188702559145,0
0,0.8775873985105984,0
1,0.8605031597068707,1
0,0.9373674108828356,0
0,0.8316118682878251,0
1,0.7989210522603992,1
0,0.835082003185995,0
0,0.928207927990187,0
1,0.834784543749574,1
1,0.5471681707883842,0
0,0.6617949854767279,0
1,0.8037888005246714,1
0,0.8334273029777807,0
1,0.8934265809353601,1
0,0.9884062831675821,0
0,0.9559630714111036,0
0,0.5699309946082922,1
1,0.5866431138026251,1
0,0.8436722231153855,1
0,0.9992609212876596,0
1,0.5983788787037441,1
1,0.8990488698333131,1
0,0.9998987079772218,0
1,0.9948318910243564,1
0,0.8756754545156066,0
1,0.999961561184247,1
0,0.9987969762752021,0
1,0.9872165785502545,1
1,0.9135706452149048,1
0,0.6466133402365923,0
0,0.9910423698006514,0
0,0.9377442467945647,0
1,0.8893506978537423,1
0,0.9907003673011093,0
0,0.9796956362803793,0
1,0.6308822886240102,1
1,0.5931285629667882,1
0,0.9021036369047226,0
0,0.975231242283576,0
0,0.8291500884325771,1
1,0.9530858755502013,1
0,0.993879857938664,0
0,0.9999783136859997,0
1,0.9493478690869437,1
1,0.971111316347785,1
0,0.9877839221903432,0
0,0.9427580238572117,0
1,0.9720172174278179,1
0,0.9981920882204786,0
0,0.5036477232418655,1
1,0.9334370953590294,1
1,0.9990742127528534,1
0,0.9994183390894437,0
1,0.6260571606675339,1
0,0.9978684325962615,0
0,0.9839983017730165,0
0,0.8647869758568196,0
0,0.9990691181062729,0
0,0.9901340945411716,0
1,0.9953849885208967,1
1,0.6405346308448259,1
0,0.7175836638310161,0
1,0.8316339540700378,1
1,0.9822234771331527,1
0,0.6892381051013854,0
0,0.9177008489344463,0
0,0.6179453784509576,0
1,0.9888717338965747,1
1,0.5021913255037078,1
0,0.8885734528523345,0
0,0.9630134278693243,0
0,0.9287322349879843,0
0,0.9651876804910874,0
1,0.834210291200226,1
1,0.989564737505904,1
0,0.9940829149887533,0
0,0.7424791139604143,0
1,0.9090814983156836,1
1,0.9099933266297402,1
0,0.9636840030800684,0
0,0.9180023773962513,0
1,0.7498185322133053,1
0,0.5628284167072043,0
0,0.9314027255343109,0
0,0.9884682687578078,0
0,0.8486982871475608,0
0,0.9989453397968376,0
1,0.983901839964651,1
1,0.653907169284072,1
0,0.9983140896528298,0
1,0.9515393922129652,1
1,0.8373449299142023,1
1,0.8863566608234893,0
1,0.9878402488031504,1
0,0.6760482658223899,0
1,0.7600427229423647,1
1,0.9945275028006472,1
1,0.9941724341372641,1
0,0.8936955538149735,0
1,0.5841667399878395,1
0,0.9711060377128871,0
0,0.6233096693801907,1
1,0.7573695929488816,1
0,0.9946916028860376,0
1,0.6577514247796897,1
0,0.8980592745866688,0
1,0.9923752510772659,1
1,0.8246867380269358,1
0,0.9766110014000475,0
0,0.9688473219167292,0
1,0.6166302070988262,1
1,0.6256569525560399,1
1,0.6896248413549622,1
1,0.9257089567484432,1
1,0.5322982197865941,0
1,0.6724668308903758,0
1,0.7634332097911158,1
0,0.6800668293740226,1
0,0.5942342369783832,0
0,0.9132782457952293,0
1,0.5531322902037233,1
0,0.6156653301458024,1
1,0.6284428988468398,1
0,0.9622013342641593,0
0,0.8487367349747613,0
0,0.927336574850645,0
0,0.8782460705474733,0
1,0.9728145819009271,1
1,0.9431307239107245,1
0,0.6035693236338351,0
1,0.6885903679723056,1
0,0.9234307749573535,0
1,0.6241328981973494,0
1,0.8791660674978926,1
1,0.5385909805337932,1
0,0.9868518191628264,0
1,0.7881386871320925,1
0,0.7736292006770645,0
0,0.8408879912969931,1
1,0.8489097285370555,1
0,0.5295696123485559,0
1,0.8237039728738212,1
0,0.9696804631663677,0
1,0.9986291204407715,1
1,0.9699132818538416,1
0,0.5059679384716114,0
0,0.9575708235017938,0
0,0.8905353084394393,0
1,0.9628502931245757,1
1,0.8568035840306988,1
0,0.9919292540336248,0
1,0.9489469542909996,1
0,0.9627843669882472,0
0,0.7872289549703442,1
1,0.5169930266039056,0
1,0.9576667113966189,1
0,0.7213810749869565,0
1,0.7471434197470939,0
1,0.7518094973208507,1
0,0.9982157662051012,0
1,0.9942491711735297,1
1,0.957067330766903,1
1,0.7244436299430314,1
0,0.9522171325432682,0
1,0.7040297680744194,1
0,0.9885174675637104,0
0,0.9199549337934908,0
0,0.9980157112386253,0
0,0.7467669779072219,0
0,0.9996851274196861,0
1,0.6826506414850347,1
0,0.9975142787688258,0
0,0.910254854658246,0
1,0.8697321433084385,1
1,0.8182518348712012,1
0,0.9942923116529133,0
0,0.9618505398068048,0
1,0.6730228487324418,0
1,0.799940830636482,1
1,0.8362578553422215,1
0,0.9784159459077069,0
0,0.9853197998809127,0
1,0.7494428095347206,1
1,0.7659955254434713,0
1,0.7213331171575824,1
0,0.931567066015693,0
1,0.6747476618112139,1
0,0.7661709751065874,0
0,0.9602411765281768,0
0,0.9582470848342077,0
1,0.7373054180516296,1
1,0.8423264576605977,1
1,0.6132193136393387,0
1,0.9132338064428863,1
0,0.970270226811806,0
0,0.739162013880729,0
0,0.987716838548546,0
1,0.9920982070594938,1
0,0.9856580351820705,0
1,0.9524845624315598,1
0,0.9793983579443352,0
1,0.8846635721624513,1
1,0.9208362133977308,1
0,0.9997134759510051,0
1,0.8626046642809649,1
1,0.7358265231794816,0
1,0.9805504949475318,1
0,0.991984582009153,0
0,0.9621223506749415,0
0,0.6087919555232717,0
0,0.9972061955680077,0
0,0.9175259509470468,0
0,0.9991430208728369,0
0,0.6494984302322823,0
0,0.8242215339159887,0
0,0.8875277482547984,0
0,0.995212372818481,0
0,0.9303661708762416,0
1,0.9604087844459119,1
1,0.6288487799824553,1
0,0.5045707415009535,1
0,0.7000441506444317,0
0,0.9022542923009573,0
1,0.7375721534245194,1
0,0.919371474049796,1
1,0.9300483957957089,1
1,0.9961066032761444,1
0,0.6267247473905363,0
0,0.6810672280216099,0
1,0.5415700790705709,1
1,0.8979468682857836,1
0,0.5041149819351824,0
1,0.8266422367813971,1
0,0.9995452337902082,0
1,0.963244765980617,1
1,0.7092582294111837,1
0,0.9903044440878801,0
0,0.9977895767202962,0
0,0.9505116989132807,0
1,0.757791769056395,0
0,0.5619665879013311,1
0,0.9921421296152196,0
0,0.938471049544955,0
0,0.9388809729650426,0
1,0.8201517509003076,1
0,0.9990619920966274,0
0,0.5826734708227346,0
1,0.7490233826958159,1
0,0.9738166008248855,0
1,0.9941203935102642,1
1,0.5991638909034573,0
1,0.9980732407595555,1
1,0.6345111845686682,1
0,0.7945180305192866,0
1,0.8639346308172988,1
0,0.7570793014357603,0
0,0.8003228312954929,0
0,0.9770488290430458,0
0,0.7997665578831348,0
0,0.8429005723744889,0
0,0.9965585779603379,0
1,0.8129507610502532,1
0,0.6821018169171755,0
1,0.5551463489227795,0
0,0.805570742576504,0
1,0.9673594405573351,1
1,0.729563485073319,1
1,0.9510225843934211,1
1,0.8600340092592693,1
1,0.621696337024847,1
1,0.977082475437384,1
1,0.9799694793967668,1
1,0.6490385291223706,1
1,0.9675708952686491,1
0,0.995105960415598,0
1,0.9964177005520567,1
1,0.5881383898016574,1
1,0.8699221438013415,1
0,0.8275843438946899,1
1,0.8879903332098436,1
1,0.9035752559657086,1
0,0.5967045923336014,0
1,0.8751201808925235,1
0,0.9553913752571586,0
1,0.9745585508896936,1
1,0.9693315489953437,1
1,0.8982966382592013,1
0,0.9833184279407716,0
0,0.5956632924222712,0
1,0.9602086381418996,1
1,0.8076468224850188,1
1,0.9805230703055658,1
1,0.993460260240862,1
0,0.8395754296216077,0
1,0.8960844527863334,1
1,0.995025199585566,1
1,0.5312417008627007,1
0,0.766351248179953,1
0,0.6767351255571992,0
0,0.8685833499942052,0
1,0.5886456407918149,0
0,0.9420796965749579,0
0,0.9258669342060986,0
1,0.8683131779671474,1
1,0.8700434749487235,1
1,0.5313289211035637,1
1,0.9783646978520597,1
1,0.9775443676148773,1
1,0.8265941303960572,1
1,0.9034943232284678,1
0,0.9354475482364235,0
1,0.9963728163469479,1
0,0.558535794102925,1
0,0.8986301191014034,0
0,0.9741502746954428,0
0,0.9048952091707865,0
0,0.9996576517919177,0
0,0.9737772418129823,0
0,0.9733077435709411,0
0,0.8637528817443115,0
1,0.9313548925397359,1
0,0.9662552260165712,0
1,0.8507634132281565,1
0,0.8237318933080452,0
0,0.6671706594349232,1
1,0.9046885549166761,1
1,0.9265306554383217,1
1,0.861676690165572,1
0,0.9797789784619854,0
0,0.9687362783336833,0
1,0.9995826812992837,1
0,0.9874326040708273,0
1,0.8788087699847466,1
0,0.9767323943584759,0
1,0.9049808212841408,1
1,0.982535534510678,1
1,0.7831671614811061,1
0,0.9308762040409776,0
1,0.8877542384619695,1
1,0.7555821737952375,1
1,0.9663850923574827,1
1,0.7543936047882408,1
0,0.9949543833867278,0
0,0.7309324810456912,0
0,0.8691718683277553,0
1,0.8654840335875804,1
1,0.9849675720861293,1
1,0.8905749278393843,1
0,0.7541972367014143,0
1,0.6850667688091253,1
1,0.8394288318304591,1
1,0.925305422973192,1
0,0.851171855983413,1
0,0.9908897291456451,0
1,0.9806989504377689,1
0,0.9889031120997201,0
1,0.8743605230504917,0
0,0.9916453578369196,0
0,0.9520759497480404,0
1,0.9305942332626651,1
1,0.7040446632679211,1
0,0.907826955183033,0
0,0.999893558069269,0
0,0.9697033330959696,0
0,0.6766327357874801,1
1,0.9560262388905164,1
0,0.9856417560352863,0
1,0.8214166762551692,1
0,0.9995567310116565,0
0,0.9828232426566345,0
0,0.9307720951099858,0
1,0.70523867015538,0
1,0.85592866194161,1
0,0.536524242962196,1
1,0.959788867298952,1
1,0.8530972816746881,1
0,0.8573691827472506,0
0,0.6867970954095314,0
1,0.9418811951066802,1
1,0.7573231222060675,1
1,0.9907314177943448,1
0,0.9840741511842037,0
0,0.832926588512393,0
0,0.6661764950107409,0
0,0.9995666335604951,0
1,0.7958754405281208,1
0,0.5535123744264263,0
1,0.9641302448516242,1
0,0.9804074412728312,0
1,0.853219396487344,1
1,0.9757035666929661,1
1,0.9549467827458602,1
1,0.6656722350041291,1
0,0.857906021965842,0
0,0.8369267166288912,0
1,0.9628734284951912,1
1,0.8190823916373028,1
0,0.6041836353297361,0
0,0.6690040288421528,1
1,0.9592534810373281,1
1,0.5518271570598015,0
1,0.7289252044211515,1
1,0.9639799962548502,1
1,0.6387518424590699,1
0,0.6217961373122609,0
1,0.7544068876105626,1
1,0.9668003325563297,1
1,0.7454492650188429,1
0,0.9349500962384066,0
0,0.987141365367169,0
1,0.776460800143481,1
0,0.5136635414855646,0
1,0.8778125886496597,1
1,0.5804253855889655,1
0,0.974027338889966,0
0,0.9903217105454197,0
1,0.8981894918381953,1
0,0.9660497281288382,0
0,0.7262795259102435,0
0,0.735094427198651,0
0,0.6909291382548175,1
0,0.8747162417969305,0
1,0.9637866177969044,1
0,0.9900156771700986,0
1,0.8531468877388814,1
0,0.5064515504581615,0
0,0.9933628369797648,0
0,0.9931751355850071,0
1,0.9400293889700267,1
1,0.99796787251887,1
0,0.9146962953783899,0
0,0.9688456534232139,0
0,0.7163206943961491,0
0,0.7919814900581518,0
0,0.9005794542810424,0
1,0.6545358606268494,0
0,0.9296300319207375,0
0,0.6956009832967378,0
0,0.8934517964590452,0
1,0.9284551490370768,1
0,0.9950670644817701,0
0,0.8984573002075662,0
0,0.6982504696160675,0
0,0.983126707048105,0
0,0.9727011389529984,0
0,0.9996797134431271,0
1,0.7102836033080573,0
0,0.8179269281426156,0
0,0.9994263170346295,0
1,0.6979555352773623,0
0,0.61348526529472,1
1,0.8534766361823762,1
1,0.8791427632152653,1
0,0.8324550068324433,1
0,0.9774116370498124,0
0,0.993758399942319,0
0,0.7037908515534012,1
1,0.9990135436351449,1
1,0.7724862876346673,1
0,0.5881273106580067,1
0,0.9419247666146126,0
0,0.9507053195742382,0
1,0.7968673466672904,1
0,0.989216874524746,0
0,0.9588264812663423,0
0,0.9945971122330972,0
0,0.9113518183198732,0
0,0.6570353709209709,0
0,0.5612553625349812,0
1,0.9922089261999681,1
1,0.9993727425998911,1
1,0.8093324618441886,1
1,0.9041194770584279,1
0,0.9708247429363706,0
1,0.9496038366869622,1
0,0.8885560993398441,0
0,0.5817772361623186,0
0,0.9867015824652036,0
1,0.8878722446527642,1
0,0.9665510139806216,0
0,0.8254470463003194,0
0,0.9985027232021049,0
0,0.9958837906210063,0
1,0.6479726256606131,1
1,0.9548606512410621,1
1,0.9005307609999716,0
1,0.8265725960930014,1
0,0.8797707378480064,0
0,0.9943882285676539,0
1,0.9562756208957648,1
0,0.9780080529137077,0
1,0.9928696486015566,1
1,0.7615061759912437,1
0,0.8362596104458739,0
0,0.6283878628023238,0
0,0.6421447805119209,0
1,0.9984052363580123,1
0,0.5119751871974323,0
0,0.7519451586271155,0
0,0.9737352780378203,0
0,0.9936881675330649,0
0,0.7193955078573038,1
1,0.9593195942221887,1
0,0.953564741840923,0
1,0.9902566418992037,1
1,0.715426109530108,1
0,0.7662389245030303,0
1,0.9651696114289047,1
0,0.966239230613613,0
0,0.5776219772128692,0
0,0.9848491657251174,0
0,0.7609317504754662,0
0,0.8218289135096197,0
0,0.9773602061125698,0
1,0.8739537467491331,1
0,0.9403394101797492,0
1,0.996352952368833,1
1,0.9954683915262834,1
1,0.753676181734809,1
0,0.9672240759856501,0
1,0.9031900735240276,1
1,0.8554578598680257,1
0,0.9821107138774854,0
0,0.948331817481189,0
0,0.9959508568941547,0
1,0.8271229103535885,0
0,0.9097066868079076,0
1,0.954032409452639,1
1,0.98631320141404,1
0,0.9980140147169088,0
0,0.9866029677827673,0
0,0.938186173524742,1
1,0.5788142189044848,0
0,0.9985928961677031,0
1,0.5515908974179048,1
1,0.9301026628047958,1
0,0.8822619203187059,0
1,0.7377912214523636,0
0,0.994672472115849,0
0,0.8884547733133009,0
0,0.5187976705499606,1
1,0.8604814668509282,1
0,0.7234998045985536,1
0,0.5806795478900622,1
0,0.9475869322243502,0
0,0.6832663734352977,0
1,0.9866782271478723,1
0,0.9844897828887221,0
0,0.527783518291309,0
1,0.954910839303485,1
1,0.6135440092220869,1
0,0.9928598660183857,0
0,0.5198485613651046,0
1,0.8864043700797823,1
1,0.6579472919443862,1
0,0.9937200628671664,0
0,0.9994978607623266,0
0,0.7955665741351056,0
1,0.9010746018903436,1
1,0.6944572495959269,1
0,0.5800070756430622,0
1,0.8362774127574756,1
1,0.9886756477728907,1
1,0.8474483177907663,0
0,0.9976081187195108,0
1,0.882012579681622,1
1,0.9147978225072972,1
0,0.596132931897212,0
1,0.9903111089925485,1
0,0.953122333544066,0
1,0.9151628993260403,1
0,0.95344702657275,0
1,0.7338294257064794,1
1,0.9948769577810249,1
0,0.9745989877257946,0
0,0.9481504564349131,0
0,0.9962153350434361,0
0,0.9994493335939132,0
1,0.8941120971474622,1
0,0.8159907991405496,0
0,0.8591404379018588,0
1,0.9999385510738751,1
0,0.6944702197113332,1
1,0.6453254363117873,0
1,0.5699649181283706,0
0,0.9997824986110033,0
1,0.6467922380972225,0
0,0.974674861810415,0
1,0.5693409381668978,1
0,0.9638539517302114,0
1,0.975855588742803,1
0,0.9992520430093097,0
0,0.9783357296035647,0
1,0.5678150197811345,1
1,0.6098168684545018,1
0,0.9428312684073172,0
0,0.9994923808045031,0
0,0.8447189083516264,1
1,0.9006629593012585,1
1,0.9373243782443607,1
0,0.7958948780399894,0
1,0.7578338861378278,1
1,0.9798463401010588,1
1,0.9715531630900974,1
0,0.6323673496149962,1
0,0.9998131542087105,0
0,0.9171408131558447,0
1,0.8502276495714268,1
0,0.8649887832287461,0
0,0.9988580245276757,0
0,0.9570011721485744,0
0,0.946577925855517,0
0,0.9652393829273104,0
0,0.9933498195598207,0
1,0.9229115039471171,1
1,0.8897220074540391,1
0,0.9219458348029197,0
0,0.8505833396155755,0
0,0.6950855551144924,0
0,0.9413352931556331,0
1,0.6014977183788089,1
0,0.9078406853209444,0
0,0.8901916783194382,0
1,0.9996878257368166,1
1,0.9552815077456789,1
0,0.8249864927768253,0
1,0.9837906046139817,1
0,0.8236099647796962,1
0,0.6248798839925482,0
0,0.8620399603643448,0
0,0.9995411677392367,0
0,0.8865284638006261,0
0,0.6500218517279387,1
1,0.6989474847845757,1
1,0.6942179892930045,1
1,0.9978034905576697,1
0,0.9842290801463661,0
0,0.9750547057678894,0
0,0.9932353616920548,0
1,0.579024601286397,0
0,0.5264699329213007,1
0,0.9897612481544493,0
0,0.9724906518484994,0
1,0.9485728581256425,1
1,0.9244516269498865,1
0,0.5793793559247085,0
0,0.9711059934897929,0
0,0.9749353495240118,0
1,0.5824535476360493,0
0,0.9604285860806598,0
0,0.8930522890331782,0
1,0.8585509052384089,1
1,0.7545389522591678,0
0,0.9982545343244835,0
0,0.8696866790582518,0
1,0.859995243333887,1
0,0.6541383318409527,0
0,0.5823169310866156,0
0,0.6450265681879923,1
1,0.9315257818846115,1
1,0.617025824089825,1
1,0.8841697104463954,1
1,0.9276188821531095,1
1,0.9983883568206371,1
1,0.8430517866224386,1
1,0.8725043485552075,1
0,0.9190046877980422,0
1,0.9352682452261291,1
1,0.6766385529477233,1
0,0.7502936085614831,0
0,0.6880547839021454,0
1,0.7088684446644941,1
0,0.7952686277396707,0
0,0.9242969491473799,0
0,0.855395422222623,0
1,0.9733198699010405,1
0,0.9593700478292047,0
1,0.5511600128297506,1
0,0.9922982515941587,0
0,0.9268368173519584,0
1,0.5439289008918914,0
0,0.6739650464638024,0
0,0.692846700444623,0
1,0.8145530045032054,1
0,0.9903165195789622,0
1,0.9914199298401228,1
1,0.9712902891560751,1
1,0.922949300918772,1
1,0.7121443104931984,1
0,0.9939182064440342,0
0,0.8636763828727074,0
1,0.9826498106684987,1
0,0.8948897109017596,0
0,0.712957972612345,0
0,0.9840096271299458,0
0,0.9836839372308003,0
1,0.5085949142063902,0
1,0.9512959040575337,0
0,0.9892265534482768,0
1,0.7674786768475853,1
1,0.7388719454374301,1
0,0.995571824151988,0
0,0.9870951731636253,0
0,0.9825092850463646,0
1,0.9173436126339587,1
0,0.996835103771199,0
0,0.9656942376465887,0
0,0.9999426228367151,0
1,0.9639666599315276,1
1,0.6309054731157204,0
1,0.5766233219918644,1
1,0.6837404924110402,1
0,0.6954542522724219,0
0,0.9901892953304053,0
1,0.6535287165148217,1
0,0.9666118775659387,0
0,0.5631942606771196,1
0,0.7182171846576109,0
0,0.9582860419243152,0
1,0.5496323673934224,1
0,0.8238376706725831,0
0,0.7147857588435771,0
1,0.9760801589049914,1
0,0.9162569632002995,0
0,0.8416175337810944,0
1,0.9254627434487169,1
1,0.8293641488406612,0
0,0.9455168739368695,0
1,0.6682831849974173,1
1,0.9663445082071385,1
0,0.5068334955452001,0
0,0.9437303665720287,0
1,0.9491692854609531,1
0,0.937890678549034,0
0,0.6677792908252547,0
0,0.9980193865659338,0
0,0.9475537358791853,0
1,0.5443789941398862,1
0,0.9999979181575227,0
0,0.9999843832029698,0
0,0.8900113692648336,0
1,0.6660791616194877,1
0,0.5068152967250836,0
0,0.6754243025197544,0
0,0.9997748698996535,0
0,0.9373052409310925,0
0,0.599149894878283,0
0,0.9917308338086857,0
0,0.8113659985770979,0
1,0.9718312043104458,1
0,0.922556853481372,1
1,0.8492336778518067,1
1,0.8254527488725407,1
0,0.5620253206284627,0
0,0.765023860455351,1
0,0.9734218440549176,0
0,0.6975087773204478,0
1,0.6991377828407133,1
0,0.9836654341843877,0
1,0.9771338559827453,1
0,0.9998074209135671,0
1,0.834658985808492,1
0,0.9838359554352196,0
1,0.6709681194531258,0
1,0.9987147629477655,1
1,0.7481015578132955,1
0,0.8701713456443284,0
1,0.9999467254547089,1
0,0.6398286892211038,0
0,0.8123498137550862,0
1,0.6125237085816956,1
1,0.9840338775887171,1
1,0.6442994059078405,1
0,0.7290036740128208,0
0,0.6389946547399064,0
0,0.9469333814431581,0
1,0.9014332677648415,1
0,0.9982027675790849,0
1,0.8891761042598237,1
0,0.5405543524767142,0
0,0.9816151377125891,0
0,0.9959904399387162,0
0,0.9970855956926247,0
1,0.7344463162819982,1
0,0.9686712932119215,0
0,0.8344092294047046,0
1,0.9991761613506285,1
0,0.9126998996380804,0
1,0.9183004979149646,1
1,0.9216503217222769,1
0,0.9900567634855859,0
0,0.9888251104265904,0
0,0.9944634576112097,0
1,0.9956084181018163,1
1,0.8601517594435378,1
0,0.7051016572124091,0
1,0.6413313578825725,1
0,0.6696707555512007,0
1,0.9258397416370846,1
0,0.8973744721645589,0
0,0.9570943542977078,0
0,0.9821975573495755,0
0,0.5440867776590785,1
0,0.7819701901752689,1
1,0.6936496591812192,0
0,0.5802529111420509,0
0,0.9889127228726889,0
0,0.8710339261392543,0
0,0.9077813365136682,0
0,0.9854293304302374,0
0,0.903897899962698,0
1,0.9440324191726435,1
1,0.6106946694082328,0
0,0.8645049491305303,0
0,0.9938934333324059,0
1,0.657711506149349,1
0,0.9909877499283178,0
1,0.9900732122170197,1
0,0.5742641966620501,0
0,0.985906221357833,0
0,0.9199309478908012,0
0,0.8340278720213988,0
0,0.9735982479761114,0
0,0.8144815696864024,0
1,0.7512951203401392,1
0,0.8199352537033082,0
1,0.5284745486425036,0
1,0.9288912770318245,1
0,0.9265481259636432,0
1,0.9991584445157136,1
0,0.9857510306648162,0
1,0.7596974381448487,1
1,0.9776917971710893,1
0,0.6020770055538309,1
1,0.9778958276914643,1
0,0.997426062440892,0
0,0.8372943416301899,0
0,0.9795145782720766,0
1,0.5513242531520334,1
0,0.7072712053086392,0
0,0.965662875031815,0
1,0.9256316592937931,1
0,0.9807401068630394,0
0,0.5775492444729748,0
1,0.9800733841953345,1
0,0.9683581348369112,0
0,0.5789376540390457,1
0,0.9757735182704678,0
0,0.9873316936059024,0
1,0.9738944992605075,1
0,0.9989213463130983,0
1,0.9519243135873686,1
0,0.8516510497852852,0
1,0.9519363461165467,1
1,0.8924226567663752,1
0,0.9881513508497133,0
0,0.6944104288951257,0
1,0.8133688660369487,1
0,0.9802928705049325,0
0,0.8984998702285293,0
0,0.9970661386568984,0
0,0.9777464952079695,0
1,0.841723521291527,1
0,0.9840060793200375,0
0,0.6892998893163212,0
0,0.9646598564605099,0
0,0.9357388169150349,0
1,0.945113894658198,1
0,0.9245881343211168,0
1,0.6871180708041227,1
0,0.9360450462141972,0
1,0.8786255164787559,1
0,0.9648393350927906,0
1,0.5023834702298022,1
0,0.8944401517982443,0
0,0.9756325261156901,0
0,0.6057940493012091,0
1,0.6325532671792902,1
1,0.875889125266197,1
1,0.9610526440729283,1
0,0.5464002046849334,0
1,0.6998718952771139,0
0,0.8820576594675072,0
1,0.7001727175169428,0
0,0.7412218399795879,0
1,0.8940329107945434,1
1,0.9820546345335431,1
0,0.9975874233664468,0
1,0.9956430326595274,1
0,0.9366612503606517,0
0,0.5627245013652559,1
1,0.7263925021771472,0
1,0.9976404410454647,1
0,0.9239308629072124,0
0,0.8793426335474144,0
0,0.6623309752197323,1
1,0.9898359978770488,1
0,0.6135188253133497,0
1,0.8968284398065629,1
1,0.8720048913586638,1
0,0.8782155919624088,0
1,0.7822440807613016,1
1,0.6679842656763582,1
0,0.991962028108367,0
0,0.8562994210488738,0
1,0.8086142948138728,1
0,0.8513109486531821,0
1,0.920652445462564,1
1,0.99604798323243,1
1,0.9851717485895046,1
1,0.9481111874539252,1
0,0.9620904690479161,0
0,0.9383775516541595,0
1,0.6218035534758355,1
1,0.7727846842263311,1
1,0.9956265657248768,1
0,0.8377041187263283,1
0,0.6008706621295629,0
1,0.6649284575699366,1
1,0.9143864399228055,1
0,0.8607691683325782,0
1,0.8151270556686263,1
0,0.9204193995053556,0
0,0.945932993014097,0
1,0.9941312653351101,1
1,0.6709338186154769,1
0,0.9996187955750717,0
0,0.9962405347825184,0
0,0.5909240239947842,1
0,0.9865083898813908,0
1,0.995266851339774,1
0,0.8357175356656267,0
0,0.9422813251595816,0
0,0.9643854223941064,0
0,0.9975686076965393,0
0,0.7207321895764979,0
0,0.9819048233762803,0
0,0.994749722492722,0
0,0.999891106646232,0
1,0.9898102327424962,1
1,0.6260821863066862,0
1,0.7628720425959012,1
1,0.7367468707597352,1
1,0.6013268712549614,0
1,0.913181984111417,1
1,0.7608337124273541,1
1,0.7651397252173783,1
0,0.7382603825645306,0
0,0.9993847507954222,0
1,0.9996193371305027,1
1,0.8333304990076936,1
1,0.8696929164743881,1
0,0.9398489109068177,0
1,0.9076530695849089,0
0,0.8557225467025356,0
1,0.8825376355295874,1
1,0.8390278801701142,1
1,0.671500090138962,1
0,0.8673289688820336,0
1,0.8902918480276009,1
0,0.9599002415576753,0
0,0.9038789397390796,0
1,0.9619293147680508,1
1,0.5688659083665618,1
0,0.9716934153067198,0
0,0.7466732760459538,0
1,0.7135430728964212,1
0,0.7648553069407881,1
1,0.8501588128641369,0
1,0.744991279208689,1
0,0.8717540718054873,0
1,0.9943338905701375,1
0,0.6022170747464044,0
1,0.8322158031869809,1
0,0.9779598074941583,0
0,0.9973755707748949,0
1,0.6774072170349641,1
0,0.8293450223653278,0
0,0.9384796177072905,0
0,0.9287787157294166,0
1,0.694552090949315,1
0,0.8458747036952017,0
1,0.8224646673514023,1
0,0.7141795301525415,0
1,0.5519343389648985,1
1,0.9072816315770693,1
1,0.6142481718111823,1
1,0.5194355312147211,0
1,0.6230391209210423,1
0,0.9956860616034332,0
0,0.9848564542803422,0
0,0.9227045969187647,0
0,0.5665377200327236,1
1,0.9057272848780856,1
1,0.8625944827177349,1
0,0.9250256853899025,0
0,0.8382543219155729,0
0,0.9801497130004568,0
1,0.9379686435178548,1
0,0.9744668829067167,0
0,0.5302351127189464,0
1,0.8417020172099465,1
0,0.9997090900064535,0
0,0.580434243895258,0
0,0.5698326153544542,0
0,0.9880162357866538,0
1,0.9992676253615049,1
1,0.9961937113697065,1
0,0.8749452118184936,0
0,0.9922144402973444,0
1,0.882232451849467,1
1,0.8635989471822364,1
0,0.8298826021568261,0
0,0.7091003638984705,0
1,0.7503120547075471,1
0,0.9852929629183389,0
1,0.9748052825598715,1
0,0.9434065348411452,0
0,0.5701891218065835,0
1,0.8963488002562807,1
0,0.9718415533178618,0
1,0.976924724993158,1
0,0.7939616452123079,0
1,0.8998759094905073,1
0,0.9955542606156763,0
1,0.9929171159444039,1
0,0.9971642850963186,0
0,0.9617885957400156,0
0,0.638341398396414,1
1,0.997138510547573,1
0,0.986760685232732,0
0,0.7193140970921044,0
0,0.5484137890771071,1
1,0.6527871076273707,1
1,0.9762979051763457,1
0,0.9861083016033417,0
1,0.5846287782591844,1
1,0.9002604808244077,1
0,0.5466945534083629,1
0,0.9877435335139809,0
1,0.9904687679376922,1
0,0.9503810388978571,0
1,0.9071512261315834,1
0,0.9938167878961961,0
0,0.9996980387744262,0
1,0.9822742389265342,1
0,0.7889499059618341,0
0,0.9993916721863121,0
1,0.6531167509079608,1
0,0.6520079818942577,1
0,0.9969533056845725,0
0,0.514747157902991,1
0,0.9476219330188129,0
0,0.9711749623828277,0
1,0.5242079827599765,0
1,0.7348441815493715,1
1,0.8668237085206185,1
0,0.9693733938567688,0
1,0.9492293877680896,1
0,0.5349578050539572,1
0,0.9977558794668262,0
1,0.75752593747259,1
0,0.9699339178758695,0
0,0.9022479789621141,0
1,0.5742968549802814,1
1,0.8516717978925811,1
1,0.9736595262100749,1
1,0.5456004767100264,1
0,0.8773703694143032,0
0,0.7305939028316211,0
0,0.9815609636850717,0
0,0.9995224257585885,0
0,0.9250447902719482,0
0,0.8001700889077308,0
0,0.8154139862826713,0
1,0.7453022373162353,1
1,0.8925715868603042,1
1,0.9998362217070506,1
0,0.9100963131076149,0
0,0.7340165483228951,0
0,0.9942088313455231,0
0,0.7135136242497457,1
1,0.6530306336329037,1
1,0.9929038730929937,1
0,0.8031449923068588,0
0,0.9090889751814732,0
0,0.9522456141922637,0
0,0.9984949466929208,0
1,0.9031313109048454,1
0,0.7139253919414437,1
0,0.9384080260420166,1
0,0.645143970988487,1
0,0.9999358853095615,0
1,0.8729738573131584,1
0,0.9716846267273778,0
1,0.9754399974438518,1
1,0.8915728841750763,1
1,0.9720389970880409,1
1,0.8521016894860103,1
0,0.9821991280607406,0
1,0.7777187678221814,1
1,0.9739768022495855,1
1,0.9522038387753463,1
0,0.9427299524771788,0
0,0.6480260032350917,0
0,0.9964622173550599,0
0,0.6535940266932243,1
0,0.9047693814119344,0
0,0.9463892872010048,0
0,0.9989352632353908,0
0,0.6602153609975159,0
0,0.9987681687947638,0
0,0.9698901525436598,0
1,0.9613020830089413,1
0,0.9350498112764999,0
1,0.8811240460041512,1
0,0.7798000283377593,0
1,0.9032250481395732,1
1,0.592151371613279,0
1,0.565422492817424,1
1,0.9223163584270399,1
0,0.9551796613328728,0
0,0.5726617660101725,0
0,0.9689063736673776,0
0,0.8621410908995597,0
0,0.9979668187998005,0
0,0.6222329800151463,0
0,0.8605700453141782,0
0,0.778733700701872,0
0,0.55258190905899,0
0,0.9955707142622688,0
0,0.6093943462834962,0
1,0.8953979096263043,1
1,0.8806567380274658,1
0,0.9995140872586705,0
0,0.8651730176541914,0
0,0.5914372405101986,0
0,0.9273809220515101,0
1,0.9705410546925478,1
0,0.5079044657359642,1
1,0.9469896469704969,1
0,0.9969402962060117,0
0,0.978502910666484,0
1,0.8564274313818171,1
1,0.976964398282721,1
0,0.9357928606928555,0
0,0.9867091879364682,0
0,0.9963531334903679,0
0,0.9984066778233013,0
1,0.9270285080347177,1
0,0.9954088416022936,0
1,0.8436362080820675,1
1,0.8604444930045453,1
1,0.652974162915951,1
0,0.7739876511750081,0
1,0.9867694712832209,1
1,0.7964988451252778,1
0,0.8378639340782106,0
1,0.9780420448981519,1
0,0.9763896948312321,0
0,0.9790923345646992,0
0,0.9999334493494398,0
0,0.5198374361999305,0
0,0.9996277475688211,0
0,0.6751407804195975,0
0,0.6626816552675925,0
0,0.9620669879877317,0
1,0.9238117866213075,1
1,0.8204901966887297,1
0,0.733193038755777,0
0,0.7670967898613756,0
1,0.9850817696640427,1
0,0.9429918778506207,0
1,0.9365883374185686,1
0,0.9999150039062455,0
1,0.9821891681941065,1
0,0.686715087884529,1
0,0.8616421639390461,0
0,0.9025373977681808,0
1,0.999643837395522,1
0,0.878422703963185,0
0,0.9762546727006582,0
0,0.9993150167713089,0
1,0.5956260187665826,1
0,0.7903032631005975,0
0,0.9435847177772971,0
0,0.9876054062278771,0
0,0.8079305579227404,0
0,0.9156721879142228,0
0,0.9980699813777414,0
0,0.5604410503325687,0
1,0.9502719513130152,1
0,0.5856691208314293,0
1,0.6813352523821367,0
0,0.9038288558652294,0
1,0.5314182907455424,0
0,0.9730971278364826,0
0,0.9596987616510352,1
1,0.9535628839343002,1
0,0.9596821928349057,0
0,0.5763816864673663,1
0,0.9706456285631523,0
1,0.9190542321671333,1
1,0.8829178166179971,1
0,0.8631120799921528,0
1,0.9914699188109024,1
0,0.9249365186020597,0
0,0.9807670683551949,0
0,0.9168690397260472,0
0,0.9532607346167006,0
0,0.6019158351919178,0
1,0.7517931076324391,0
0,0.9797433638187371,1
0,0.9551939934921887,0
1,0.999801842104548,1
0,0.9987195888626076,0
1,0.7692069333025178,1
0,0.6709659447779022,0
0,0.9746007581680894,0
0,0.9772731807131071,0
1,0.7342904172453968,1
1,0.9315353137927593,1
1,0.9408014243141829,1
1,0.9961924726330362,1
0,0.925572287157104,0
0,0.9884113512584737,0
0,0.8596858639711287,0
0,0.8420251373074757,0
0,0.997429116706362,0
0,0.9987713804389249,0
1,0.6292802826185497,1
1,0.8511152758982049,1
1,0.8063452417685832,1
1,0.8948899250669747,1
1,0.5329860807964457,0
0,0.9180283250923191,0
0,0.9523896241967874,0
0,0.9900116076479673,0
0,0.9597248650468249,0
0,0.9872236408296982,0
0,0.619452581170135,0
0,0.855533269671362,1
0,0.9541094144011493,0
1,0.5587295323640049,1
1,0.9926742319011034,1
1,0.858993618253329,1
0,0.9839677234651713,0
1,0.8460180921739846,1
1,0.6195488543202824,1
0,0.8688517918594486,0
0,0.9971036412313593,0
1,0.8317496830850125,1
0,0.884148628784446,1
1,0.9852105029813858,1
0,0.6988428822587789,1
0,0.9830503510390519,0
0,0.6202654471089215,0
1,0.7031086010997497,1
1,0.961657530703338,1
1,0.8529436159515119,1
0,0.9372162979638814,0
1,0.8105242586595895,1
1,0.9124155013954102,1
0,0.9805644612138389,0
1,0.9012507799960658,1
0,0.5123461972967756,0
0,0.9758555970847798,0
0,0.9946204712673248,0
1,0.7953961766738396,1
0,0.9975942352030301,0
0,0.7649463353532457,0
1,0.9137377067075901,1
1,0.9990181986997629,1
0,0.7937323431307178,0
1,0.6980379367383174,1
1,0.9056123046600442,1
0,0.9997244975616174,0
1,0.5684670502162994,1
1,0.7199545785031803,1
1,0.7921396917426814,1
1,0.5143042992218139,1
0,0.9871410183735182,0
1,0.7595812673105399,1
0,0.8412574271546053,0
0,0.8420164143455705,0
1,0.6094547029334949,0
0,0.6421792623241025,0
0,0.6245395144939031,0
0,0.8959436272617768,0
0,0.9991121488269931,0
1,0.9809743340325868,1
1,0.6539243745264872,0
1,0.5842568533150719,0
0,0.9845542849815782,0
0,0.991868074621763,0
0,0.9930586797884053,0
0,0.929023240751253,0
1,0.9537729477290078,1
0,0.6013298791013257,0
1,0.6743547225215766,1
0,0.8335860665975905,0
0,0.9258983762575943,0
0,0.9940996261343097,0
1,0.5957758456783095,0
1,0.6300468134240563,1
0,0.8371230821760122,0
0,0.9368798267738191,0
1,0.6191274168542675,0
0,0.7385661012753669,0
0,0.9839791094097601,0
1,0.6299261890756532,1
0,0.9440865837132925,0
1,0.9924316796737335,1
1,0.7716369957285133,1
1,0.8820484266108397,1
0,0.7045883668603706,0
0,0.9997784911646791,0
0,0.6336894669142004,0
1,0.9918739117500945,1
1,0.5232248135286834,0
1,0.9998269444629792,1
0,0.6768586457018131,0
1,0.9467657679622257,1
1,0.868940590650464,1
1,0.8706649892392525,1
0,0.8974535350829891,0
1,0.9949776581558966,1
1,0.8612253859221731,1
0,0.7968472626972162,0
1,0.5581054260776507,1
1,0.9994955653645354,1
1,0.5701609013011182,1
1,0.9866474433627765,1
0,0.9581000994813157,0
0,0.6151411514441164,1
0,0.74560721415482,1
0,0.9877144660825488,0
1,0.8232671714352429,1
0,0.9689555454324662,0
1,0.9114702195961676,0
0,0.9975881700530717,0
0,0.7223256610431066,0
1,0.9892351227292672,1
0,0.9982711018587113,0
0,0.8120704594750827,0
0,0.5986655590764336,1
1,0.7499091629249185,1
1,0.9046146695837832,1
1,0.5592093890840178,1
1,0.9685521870604471,1
0,0.9030371594322466,0
0,0.8479132567396146,0
1,0.7561596397908562,1
1,0.973326669097036,1
1,0.958205464704463,1
0,0.9771759385499341,0
1,0.9690878609581122,1
0,0.8485615753113374,0
0,0.9863005736321516,0
0,0.9987767177502325,0
0,0.7446463272393837,0
1,0.8127640954676322,0
1,0.8236839516232346,1
0,0.9979855584772287,0
1,0.6244322225270411,1
0,0.6275745548028018,0
0,0.982547512899129,0
0,0.9879010325913145,0
0,0.7811207249963249,0
0,0.9456719459759736,0
0,0.9905764512576266,0
0,0.9687395528258159,0
0,0.9522796400305638,0
0,0.9816652422529573,0
1,0.6928123727641597,1
1,0.746056451945967,1
0,0.9971274463147684,0
0,0.7345171547546184,1
0,0.7474788626776685,0
0,0.8458725791802628,0
1,0.7409289837525128,1
0,0.5842591430550822,1
0,0.9970453036808546,0
0,0.8050601545493332,0
1,0.9276851961709754,1
0,0.9718557109723908,0
0,0.9770173608884763,0
0,0.8835499981373451,0
0,0.7977279390612373,1
1,0.5740296476468656,1
1,0.9218426249169448,1
0,0.9350358594293912,0
1,0.6189646383491724,1
0,0.8667011203464885,0
0,0.7949171828207751,1
0,0.9847350064286626,0
1,0.8067165732384517,1
1,0.9533327302371795,1
1,0.5750896597407721,0
0,0.997373865137339,0
0,0.9944394402047552,0
0,0.9925267092792052,0
1,0.9031030339243008,1
0,0.5868624514874121,0
0,0.9978149472547304,0
1,0.5898742134391823,1
0,0.9756133199601026,0
0,0.9436093065218782,0
0,0.8717663392929093,0
1,0.7301770761200131,1
0,0.6257716633138648,0
0,0.9679630062411756,0
1,0.9432956293959736,1
1,0.8923327330633214,1
1,0.8048397553396689,1
0,0.6152834219481644,1
0,0.9689158133348218,0
0,0.9425164936108814,0
1,0.9271545760849513,1
1,0.9699533027748385,1
0,0.9756038823739626,0
1,0.6515993548931832,1
1,0.9992676253615049,1
1,0.9956467222467635,1
0,0.9072951274569493,0
0,0.9243927350197637,0
1,0.9700922515598045,1
1,0.9993017617678593,1
1,0.9608669251907223,1
1,0.5838138254348565,1
1,0.9773593565790595,1
0,0.8940857325491514,0
0,0.9746311904045107,0
1,0.9865140703471459,1
1,0.9374874507881035,1
1,0.7875631923072917,1
1,0.9077540265033315,1
0,0.9802883419171916,0
1,0.5940220511736979,1
1,0.9861957242089932,1
0,0.8095042586125263,0
0,0.9104332545146966,1
0,0.9861555939568483,0
0,0.7760371134629294,0
1,0.7640089649480105,1
1,0.8099480303715859,1
0,0.8623752749247718,0
0,0.9358825616773623,0
0,0.5333724064586975,1
1,0.962597893822604,1
1,0.938511626741353,1
1,0.9630269101094793,1
1,0.9705265450347274,1
0,0.5357547266813406,1
0,0.8438977105920535,0
1,0.8860056647075448,0
0,0.8910464522815384,1
1,0.8989295717339,1
0,0.5941520161091671,1
0,0.6926738029502233,0
0,0.8395586294964505,0
0,0.9998926153654668,0
0,0.9872763626653833,0
0,0.9200389267109551,0
1,0.9389199689660032,1
0,0.9986979396078781,0
1,0.9974024201038781,1
1,0.9564635967792037,1
0,0.9174843557152798,0
0,0.8959336776798106,0
0,0.9981992336446996,0
0,0.9147170955505722,0
0,0.9237068458691292,0
1,0.9671930249142873,1
0,0.9119175849261484,0
1,0.9773844126935929,1
1,0.5270084629343296,1
1,0.9148468344030684,1
1,0.5674564385117636,0
0,0.6786908183541573,0
0,0.6655221919405043,0
0,0.9937610564458982,0
1,0.5684797094156344,0
0,0.9069563810716617,0
1,0.7982659242486351,1
1,0.5084517272916679,1
0,0.9628237039141763,0
1,0.9660144333887594,1
1,0.8801994855898554,1
1,0.7673639144188003,1
0,0.9986942654270013,0
0,0.8224274317827684,0
0,0.9977795496312172,0
0,0.9816999432013072,0
0,0.7761704407374556,0
0,0.6654249857126384,0
1,0.871857198447251,1
0,0.9999367952235527,0
0,0.9496673846373453,0
1,0.8485284383595166,1
1,0.9674254457368763,1
0,0.9998061623378908,0
1,0.9240317221130071,1
0,0.6237112478076368,1
0,0.8838747595054581,0
0,0.821052886651612,0
1,0.9770344436193633,1
0,0.995745795751921,0
0,0.9971001260554615,0
0,0.6384076853006115,0
0,0.8366378372266906,0
1,0.9560031203807414,1
0,0.7545696249447846,0
1,0.8686498306024393,1
0,0.8121426289401101,0
0,0.5111573442452386,0
0,0.8823226818928224,0
0,0.9243371383194258,0
0,0.9889103525382907,0
1,0.560463815268842,1
1,0.9996319328753649,1
0,0.984573036555154,0
0,0.594870420920845,0
1,0.8141220101946085,1
1,0.6853697384278711,0
0,0.9341331787752941,0
1,0.9634961567324176,1
0,0.9448060490494609,0
1,0.8997240395236387,1
0,0.9892331815178265,0
1,0.836964977045141,1
0,0.8213352362758719,0
0,0.5166114575000266,1
0,0.613582142383531,1
1,0.9859891317185285,1
0,0.8868964449599875,0
1,0.9542058511223104,1
1,0.7847914022891751,1
0,0.7654930762871817,0
0,0.9985283720387919,0
0,0.8773474353262571,0
1,0.8666990181896544,1
0,0.5411989017097893,1
1,0.9972303929419829,1
0,0.7806727734957173,0
0,0.8143472794817892,0
1,0.9917474694529711,1
0,0.9812891943816877,0
0,0.9739872590018207,0
0,0.9979568796102599,0
1,0.7619384150258454,1
1,0.8007553034526705,0
1,0.6005876134724359,0
0,0.9973658603381801,0
0,0.9825546014917039,1
0,0.9500384485234188,0
1,0.5714505531857555,0
0,0.9995474849099649,0
0,0.9676707943428126,0
0,0.6844903521050074,0
0,0.9196896242203165,0
0,0.9638672803242213,0
0,0.9314606485199868,0
1,0.7952914068822159,1
0,0.9800261843791208,0
1,0.9693606080383101,1
0,0.9911583947358812,0
1,0.9550071853376593,1
1,0.6690573908923247,1
0,0.7900895423267198,0
1,0.6006796033526994,1
1,0.6155008636962084,1
1,0.9151304837690071,1
0,0.7855408006886913,0
0,0.9892070865691259,0
0,0.982313849349541,0
0,0.9969874500911604,0
0,0.9967432661518963,0
0,0.9016575154112636,0
1,0.9992627710365375,1
1,0.9707891916687675,1
1,0.6440571866376145,1
1,0.6698817895089892,1
1,0.9859795227299502,1
1,0.8830086649207728,1
1,0.8833087501347319,1
0,0.9625948781857395,0
0,0.9804712288057031,0
1,0.8539137586267028,1
0,0.9992621522557253,0
0,0.553564288504123,1
1,0.554187496907167,0
1,0.8888031579270592,1
1,0.969334125089251,1
0,0.9898138422094674,0
0,0.9829787547993313,0
1,0.9946547521523627,1
0,0.7187913051477932,0
1,0.9662386463214891,1
0,0.8175320126814847,0
1,0.9642424649915752,1
0,0.9656699622516549,0
1,0.9684850825532805,1
0,0.5250281779308459,0
0,0.525723255549895,0
0,0.5392368169681327,1
0,0.5538117294986266,1
1,0.779730687254484,1
1,0.5684611932634864,1
1,0.7847690252307662,1
0,0.7680948669810697,0
0,0.8908806827977719,0
1,0.9959910291939714,1
1,0.9997856073162429,1
0,0.9684621417242455,0
0,0.9904758998594506,0
1,0.8972174690171616,1
1,0.9922489199599985,1
1,0.6475259085374936,1
0,0.6378450245865933,1
1,0.9837492572186054,1
1,0.6421684101496988,0
0,0.9548482828307027,0
0,0.7947305436745032,0
0,0.9938912757973775,0
0,0.9712623253972059,0
0,0.9971907402510093,0
1,0.5999319674662515,0
0,0.9999326334685052,0
1,0.9218946392973049,1
0,0.7598294815220383,1
0,0.7569343624132328,0
0,0.9542097987856848,0
1,0.955165603412461,1
1,0.7800952086828462,1
1,0.5522796278102425,0
1,0.9119495187882749,1
0,0.9996837823317947,0
0,0.9566028810292645,0
0,0.9797183104173476,0
0,0.6780992770948979,1
0,0.8315527297172451,0
1,0.8206010801633564,1
1,0.6051969881279056,0
0,0.8707456384479182,0
0,0.9999426228367151,0
1,0.9713959149204521,1
0,0.6060765551334468,1
1,0.8716013991576554,1
1,0.9167835333342231,1
1,0.53284038892219,1
1,0.5358352532981109,0
1,0.9491147444979119,1
1,0.8188872079546623,1
1,0.6593609638605032,1
1,0.8895992917516774,1
1,0.9182633271606132,1
1,0.9517536589916643,1
1,0.7970346590418561,1
0,0.9342651049723862,0
0,0.9177921106399974,0
0,0.9952432651355904,0
0,0.9903336489830014,0
0,0.9957250351133297,0
1,0.8575085364569391,0
1,0.9747974546981355,1
0,0.7537575749889278,0
1,0.58619772455596,1
1,0.9472968695823455,1
1,0.9841719463421126,1
1,0.606657018393937,0
1,0.951997852392463,1
1,0.6921648071989235,1
0,0.8225789717726096,1
1,0.7909240781734652,1
0,0.9962973038019404,0
0,0.9513540358543714,0
1,0.7462923523743344,1
0,0.9697459559869811,0
1,0.9689037486056359,1
1,0.9642296306578396,1
1,0.9876307018104697,1
0,0.8493526431106291,0
0,0.9607031992092231,0
1,0.7768931440948984,0
0,0.5709108349876432,1
0,0.5357684872299704,1
0,0.9641961431995812,0
0,0.9943277978053763,0
1,0.8349373209715383,1
0,0.5817772361623186,0
1,0.8798668420419248,1
0,0.6133785117175931,0
1,0.8203866189543034,1
1,0.8754826959515716,1
1,0.9376271439683294,1
0,0.9994856268397935,0
0,0.6603255667371898,1
0,0.9348054357111109,0
0,0.8876956720880577,0
0,0.8994239211612136,0
0,0.9598073546768505,0
1,0.5702900334813459,0
1,0.7109070645105614,1
0,0.6043935591940439,0
1,0.5188094689041564,1
0,0.9718594260152938,0
0,0.5427545448076367,0
1,0.9644660393144412,1
0,0.9691033919590532,0
0,0.9959296714807818,0
0,0.8757330995746827,0
1,0.7190079789098653,0
0,0.9932499347528607,0
1,0.9591271784134412,1
1,0.678027596539277,1
1,0.9319260866701675,1
1,0.9195037623190235,1
0,0.9422918373474921,0
0,0.8876460322158398,0
1,0.6615216501745895,1
0,0.9157174040908855,0
0,0.9991754056376249,0
1,0.8808382080666594,1
0,0.89728055673417,0
1,0.7718332511303664,1
1,0.8565911205228468,1
1,0.945886121077464,1
1,0.9676707855101634,1
0,0.957680136677225,0
0,0.9732146393213079,0
1,0.6769415481493902,1
1,0.9990066080207887,1
0,0.9602501894737128,0
1,0.6441564165674922,1
1,0.5380264852430221,1
1,0.986632903480216,1
0,0.9888388171211369,0
1,0.5545629872763692,1
1,0.9966638646363682,1
0,0.9969804993036554,0
0,0.8794205347075741,0
1,0.9126576500088444,1
0,0.996609943555843,0
0,0.5362386655021703,1
1,0.9571515118074391,1
0,0.9867687442343787,0
0,0.5387970244654047,1
1,0.9839240955301884,1
0,0.9767270275907352,0
0,0.8832125779654557,0
1,0.8572600359754584,1
1,0.6545614996689136,1
1,0.9913100559526118,1
1,0.9975722922473971,1
0,0.9599920889161888,0
0,0.5363530459159171,0
1,0.9978358256781564,1
0,0.9547443664560645,0
0,0.9978489423036354,0
1,0.9995328379509488,1
0,0.7689581000315999,0
1,0.7547076144169018,1
0,0.7020333691318413,0
1,0.6201910186050129,1
1,0.9492984272919766,1
1,0.9700058207483708,1
1,0.8787152375577534,1
0,0.9789244747657557,0
0,0.971601963156256,0
1,0.6818855215041733,1
0,0.9960859311079354,0
1,0.6928059190098208,1
0,0.9265273374490441,0
0,0.8991803951443378,0
1,0.6265789268085776,1
0,0.9506041457450524,0
0,0.9991770164534123,0
1,0.9992759888114655,1
1,0.9459035464395186,1
0,0.9314091270840886,0
1,0.9992645502739206,1
1,0.6765867448293442,1
1,0.9498283255515716,1
0,0.9845537106888931,0
0,0.6497380142297706,1
1,0.6078146059006942,1
0,0.612360461191681,1
0,0.9899924423612972,0
1,0.9785318274172051,1
0,0.9424947598353497,0
0,0.6725941977939227,0
0,0.9314114235914799,0
0,0.8969004073148814,0
0,0.9876815620082433,0
0,0.6892138724008873,0
0,0.961389329783104,0
0,0.5800124792186072,0
0,0.8314615732790231,0
1,0.8158865747148458,1
1,0.9004506570051184,1
0,0.9809529226793224,0
0,0.5071691008075585,0
1,0.9570885590340096,1
1,0.9284645865345539,1
0,0.8706244676995257,0
0,0.5455827274171214,0
1,0.8593303153303329,1
0,0.9980801730589312,0
0,0.5976102024436166,0
0,0.8030968763503232,0
1,0.6872791789720408,0
0,0.9538262426217872,0
1,0.9493461168649631,1
0,0.9098979172701327,0
0,0.9974207652105339,0
1,0.814605348102155,0
0,0.9752354949276589,0
1,0.5830861691034106,1
0,0.7378990697583565,0
0,0.9775946386999653,0
0,0.9952758885519564,0
0,0.9893060025357632,0
0,0.7013457089665434,0
0,0.5048472111615467,0
0,0.8015585680388755,0
1,0.7743122652843119,1
1,0.6177817966344051,1
1,0.7474435777933847,1
1,0.7852305410028043,1
0,0.9415451507899733,0
1,0.9865550073422171,1
1,0.9190149273486443,1
1,0.674284823765904,1
0,0.7233371901986241,0
1,0.6418610722141042,1
1,0.764836307048119,1
0,0.9935860290790677,0
1,0.9976938247837157,1
1,0.7803274854687415,1
1,0.8855437771815904,1
1,0.8930648613476766,1
0,0.9631098620417832,0
0,0.9921109199319967,0
1,0.9487000182065589,0
0,0.7790617646669262,1
0,0.9949831428929903,0
1,0.8677098733327264,1
0,0.9997107988422813,0
1,0.913830816908658,1
1,0.8612497455978307,1
1,0.7476220296016828,1
1,0.7389341846819495,1
0,0.9948915906181625,0
1,0.896587396560176,1
1,0.880753551348667,0
1,0.9697995982220297,1
1,0.9933326757318337,1
1,0.6977709499042127,1
0,0.9948191815408481,0
0,0.9852465906193051,0
0,0.9818591648681625,0
0,0.9917243620178637,0
0,0.9963567883789286,0
1,0.9999167724084409,1
1,0.999711752094662,1
0,0.9914100264983354,0
0,0.8756057371800191,0
0,0.9997687150848792,0
1,0.7525574007642041,0
1,0.9958541832470219,1
1,0.9999787729481029,1
0,0.9966509989817359,0
1,0.9098642567552657,1
0,0.9288164649109006,0
1,0.9984326497204742,1
0,0.98815038686087,0
0,0.6872180537131345,0
0,0.9456619297284987,0
0,0.9949168054663294,0
0,0.9933135509513913,0
0,0.9972758400920217,0
1,0.7701379718606058,1
1,0.7400050170784392,1
1,0.6375679599991888,1
1,0.9363889947200985,1
1,0.7513524442803652,1
0,0.9293820586890006,0
0,0.9755722581988829,0
1,0.9353793469060785,1
0,0.6819468945315548,0
0,0.9480783940326631,0
1,0.958015577432242,1
1,0.9606449905495055,1
1,0.5531713139454216,0
1,0.6077233988522404,1
0,0.9924076963216376,0
1,0.8128980846904295,1
0,0.8607084124778326,0
1,0.6156941482687203,1
1,0.8547097624217193,1
0,0.9993118458035517,0
1,0.6235413505045816,0
0,0.9332329006629914,0
0,0.8622249705482268,0
1,0.661915599460737,1
0,0.7113778617926957,0
1,0.9948033956458229,1
1,0.9961965302206606,1
0,0.9212228373112019,0
0,0.9998913682037414,0
0,0.9888104594085745,0
0,0.9972653622360371,0
0,0.9871763817080803,0
1,0.7514291420030034,1
0,0.7600480954562658,0
1,0.7942949735577235,1
1,0.5159282910946825,0
0,0.9966526063145966,0
1,0.7089536981341317,1
1,0.7060369794893246,1
0,0.7614236621920253,1
0,0.9786893522226207,0
0,0.5946865024005429,1
1,0.6385854654579534,1
1,0.7718042012883976,1
0,0.9632251933842364,0
0,0.989820074015622,0
1,0.9660582387835418,1
0,0.9797710821779588,0
0,0.9263321800090673,0
1,0.9036985937372984,1
0,0.7712370116894061,0
1,0.7060549073175899,1
0,0.8777085570015434,0
0,0.8755591162238947,0
0,0.9777660525776042,0
0,0.9991873831150563,0
1,0.8181232761205764,0
1,0.8949724422470835,1
1,0.9527301021503761,1
0,0.8869522646444771,0
1,0.9724284677829585,1
1,0.5362498599423863,1
0,0.9984852983416505,0
1,0.969797378475529,1
1,0.9473819817211713,1
1,0.8257064983145254,1
1,0.6592744432587816,1
0,0.9701032074035454,0
0,0.9953383080322687,0
1,0.9670074547053653,1
1,0.9861304091021074,1
0,0.9773986015978949,0
0,0.8412196608592294,0
0,0.9448944508893223,0
1,0.7903766831047823,1
1,0.9929592449049854,1
1,0.5640443951566063,1
0,0.9257174886963906,0
1,0.5446789742829052,1
1,0.8140738738520095,1
1,0.7366592202936046,1
1,0.5253264095034045,1
0,0.9307102424418244,0
0,0.8930524772434957,0
0,0.9407201521924542,0
0,0.7235336756594143,0
1,0.9739166347074985,1
0,0.8039946233110508,0
1,0.9969587860831366,1
1,0.964667310900933,1
0,0.9911759872379272,0
0,0.9991081336708969,0
0,0.9307735193128736,0
0,0.9079644040593298,0
0,0.9735354394454581,0
0,0.5975353841386,0
0,0.680159619734948,0
0,0.9090955663017433,0
0,0.9957953558563909,0
1,0.5495004242588961,1
0,0.5609481644930803,0
1,0.6882333026983404,1
1,0.6837010037424371,1
1,0.922626626850196,1
1,0.9282061729825223,1
1,0.679384403536471,0
0,0.8851360158100969,0
0,0.8683285427761863,0
0,0.9964520998376607,0
1,0.6139513141748382,1
1,0.708876219628957,1
1,0.7773549446971735,1
1,0.9507442579050238,1
0,0.8813775654166124,0
1,0.9565664231314228,1
1,0.9952201179884871,1
1,0.5655804762432443,0
1,0.9403782226659746,1
1,0.853438105409867,1
1,0.9840258456321698,1
0,0.9656626963563004,0
0,0.9748865217624462,0
0,0.7254262445648885,0
1,0.7340193280268087,1
1,0.792624054918311,0
0,0.8916141767967033,0
1,0.5913433339806975,1
0,0.998193784988242,0
1,0.7431824319360671,1
0,0.9842538568719004,0
1,0.5882514468563788,0
0,0.7523789062300117,0
1,0.8542783249699862,1
0,0.9432685768511939,0
1,0.7454281436238488,0
1,0.7947686644191471,0
1,0.9754677353703406,1
1,0.8595575937222136,1
1,0.9713651245112866,1
1,0.9930939365401289,1
1,0.6372980119162687,1
1,0.7734640223087442,0
1,0.8191353938445681,0
1,0.8872598663654151,1
0,0.9683661604104083,0
0,0.9614236941415082,0
0,0.9764807297356747,0
0,0.9145851669493147,0
1,0.9500682541280764,1
0,0.9909783662096152,0
1,0.7058299484435004,1
1,0.9934179236459694,1
0,0.9815552548940439,0
0,0.788434974840062,0
1,0.774105243295896,1
0,0.6967269867457717,0
1,0.5112701502838713,0
0,0.8157588556547337,0
1,0.845205508130855,1
0,0.9836139436270428,0
0,0.9585165076514318,0
1,0.9447608831225768,1
0,0.9457501648413746,0
1,0.872437570006926,1
0,0.9904967330063857,0
0,0.6428576366627723,0
1,0.9505469934176313,1
0,0.5007405589526459,1
0,0.9440334687067216,0
0,0.6937096452290179,0
1,0.6002813264515121,1
0,0.9461963085546533,0
0,0.890106688982937,0
0,0.8897064645149406,0
1,0.6720503524720803,1
0,0.6038590110696118,1
1,0.9978632066952086,1
1,0.9918915127578048,1
0,0.9612975182632355,0
1,0.9026062152746578,1
0,0.9757382891411077,0
0,0.9908195271882192,0
0,0.914630100286334,0
0,0.7630174179577848,0
1,0.6521848609754115,1
1,0.9638385054229748,1
0,0.990133804763268,0
0,0.6376575383458469,1
0,0.6335389356839485,0
1,0.9994518178991012,1
1,0.9992863013480744,1
0,0.9966414257071351,0
0,0.9996788271742614,0
0,0.7548969466494531,0
0,0.9980332601868293,0
1,0.9442986568336714,1
1,0.5672130650389694,1
1,0.6619897759797934,1
0,0.9157610304686123,0
0,0.9519724605462953,0
0,0.9360430369704762,0
0,0.805881931591165,1
0,0.7621548453680951,0
0,0.8871363213945542,0
0,0.5801882234978926,0
0,0.9901475595768303,0
1,0.601729664910025,1
0,0.9978841742555907,0
1,0.9164318535791385,1
1,0.9650161031415411,1
0,0.9280374297643627,0
0,0.9445327653376763,0
1,0.7447770329516392,0
1,0.9997964869058168,1
1,0.9580999000392884,1
0,0.9873379295244104,0
0,0.9198686625214764,0
0,0.9962805158015986,0
0,0.9461632805582603,0
1,0.6666792947069181,1
1,0.9903003636925026,1
1,0.9700418172486562,1
0,0.968765630035167,0
0,0.788842431471345,1
1,0.9539831318654765,1
0,0.9990458039430244,0
1,0.990460549702832,1
1,0.9958963147707733,1
0,0.9611794286171567,0
0,0.8293139467653572,0
1,0.9999956314788652,1
1,0.8443311579525219,1
0,0.8063853289164293,0
0,0.8386215722585968,0
0,0.9965189813080436,0
0,0.9878350962116081,0
1,0.8140700048204137,1
1,0.8442107833171988,1
0,0.9804175677805689,0
1,0.940183896296651,1
0,0.9981541868654824,0
1,0.9658589847302455,1
0,0.9909975885654685,0
0,0.9578567513642002,0
1,0.8167317489916257,1
1,0.690741010217912,1
0,0.8675363625790686,0
1,0.7832528107580506,1
1,0.9049575407253788,1
0,0.9908049335099062,0
1,0.9676847235361953,1
0,0.9556952996865924,0
0,0.8435457301768425,0
1,0.9950417993208075,1
1,0.6451205408353614,1
1,0.8773458376198933,1
1,0.6660332732052612,1
0,0.5392902371937677,1
0,0.9642021365407242,0
1,0.9134270613445775,1
1,0.8357600030254807,1
1,0.5284381797296563,1
1,0.9941802125895106,1
0,0.9873651374733668,0
1,0.9869647472910184,1
0,0.8812506469506576,0
0,0.6924986775426207,0
0,0.9099901352841484,0
1,0.9980865616538445,1
0,0.938855545622504,0
0,0.9933765964108957,0
0,0.8324607474350025,0
0,0.9999967535724976,0
1,0.9172613749161455,1
0,0.7171462539739473,0
1,0.608197175589932,1
1,0.896025334076269,1
1,0.9369215488249726,1
1,0.6225203649589437,1
1,0.5945909854873457,0
0,0.9999631851469726,0
1,0.7103665352743691,1
0,0.5426388040653791,1
1,0.719378259735286,1
0,0.8982082060248308,0
1,0.8368758234419056,1
1,0.5892676905163513,1
0,0.9437134868450898,0
0,0.9979527773885646,0
1,0.9698727623797091,1
1,0.9780687029239582,1
0,0.9086305278219455,0
0,0.9903083620202926,0
0,0.8257545403544877,0
0,0.9973283468702903,0
0,0.7077791855552471,0
0,0.9615469680956501,0
0,0.9950693996457602,0
0,0.5090771845953439,0
1,0.8690292238595629,1
1,0.7594203212145026,1
0,0.61693746022083,1
1,0.9679254859145808,1
0,0.9385411705425036,0
1,0.8299077438902471,1
1,0.9953489156610219,1
1,0.9978156742944215,1
1,0.9265012861158505,1
0,0.6272977882232349,1
0,0.7075440880818479,1
1,0.9120559991446017,1
1,0.9643339414953838,1
1,0.8485541901230395,1
0,0.9093158232382138,0
1,0.9956828639346289,1
0,0.9933330374743737,0
1,0.9996445210033053,1
0,0.6401383287032498,0
1,0.9247132151943853,1
1,0.9920330589486412,1
0,0.957832888792563,0
1,0.9283345576720418,1
0,0.8738231034536439,0
1,0.9427089397244375,1
0,0.6894154479271626,0
0,0.9845956178492158,0
0,0.9093079000103941,0
0,0.9723843185197252,0
1,0.8833583726602743,1
0,0.9828237408810166,0
0,0.9214011329056202,0
0,0.9977572165135027,0
0,0.9564104924090339,0
1,0.8966568631708008,1
1,0.8916982436306206,1
0,0.732692009913935,0
1,0.9294075163619383,1
1,0.9685971912794717,1
1,0.5594592751565535,1
1,0.6169624729970298,0
1,0.9998832830584139,1
0,0.5051490027686225,0
0,0.9752295236369681,0
1,0.9223947259745373,1
0,0.9187919174494805,0
0,0.9954624232637878,0
0,0.9922187114627476,0
0,0.6210709322202352,1
1,0.5971232822947846,0
1,0.5009713146356556,0
1,0.9408413371067198,1
1,0.9871121110687341,1
1,0.8488738129841423,1
1,0.9996479908062071,1
0,0.6628527917849295,0
1,0.9549467832465026,1
1,0.9787157078075481,1
0,0.9869144397172745,0
0,0.6518912749861012,0
1,0.9670979108884653,1
0,0.9992999304740001,0
1,0.9198831578666063,1
0,0.7004342090042115,0
1,0.961676864804785,1
0,0.9997231724199118,0
1,0.8767670933251897,1
0,0.6625119225449947,0
0,0.9973200063008986,0
0,0.9385352512497905,0
1,0.9759435279241062,1
1,0.8874552435564825,1
1,0.9889307249944335,1
0,0.9810657818876146,0
0,0.9739682178344224,0
0,0.9702024604866617,0
0,0.6825175929604963,0
1,0.8549936909767778,1
0,0.9981386732656591,0
0,0.9721104341686766,0
1,0.9473857526064426,1
1,0.8975696624518569,1
0,0.8598221031311643,0
1,0.9122632099166187,1
0,0.9923228444266561,0
1,0.5599292083992541,1
1,0.7444642570804917,1
0,0.9026575832755332,0
0,0.9649938373348886,0
0,0.8332252177763805,0
1,0.9629640762456639,1
1,0.5442402180886441,1
0,0.9889702375125353,0
1,0.9968758052700823,1
0,0.9896285724279723,0
1,0.5532978894296096,1
0,0.6952295500452828,0
0,0.9884703515253987,0
1,0.9934125193070965,1
0,0.8919202315547633,0
0,0.9072838930960723,0
1,0.9817527887924251,1
0,0.9979310187755426,0
0,0.9684408389189366,0
1,0.9929382399786807,1
0,0.8480952654109337,0
0,0.9006584106629775,0
0,0.9247123143966772,0
1,0.8879838599205717,1
1,0.7899111531067542,1
0,0.9799009075739897,0
0,0.8569603582287568,0
0,0.9837676281087884,0
1,0.9646155323186486,1
1,0.9343288417092876,1
1,0.8744663822442597,1
0,0.9447099688755842,0
0,0.8158725623012567,0
1,0.9528752867159465,1
1,0.9978385542786363,1
0,0.9570096015671355,0
0,0.987517343058894,0
0,0.9958811116625671,0
1,0.8149797695290995,1
0,0.5181082590805944,1
0,0.9710048768569941,0
1,0.8915133579296262,1
1,0.8603304591344202,1
0,0.9914183809981892,0
0,0.9266591354042102,0
0,0.9926340712323501,0
0,0.9959700063799248,0
1,0.9557906353811679,1
1,0.9891012756850688,1
1,0.7354869397334237,0
1,0.7651218450320438,1
0,0.516036928438194,1
0,0.9779812466215395,0
1,0.9798722183374787,1
0,0.9898693908817051,0
1,0.9713793296244825,1
0,0.9998259815429243,0
0,0.8494516383900652,0
0,0.5038865200444953,1
1,0.9118173452849109,1
0,0.9960318396533061,0
0,0.9492972493174502,1
0,0.9999839110227957,0
1,0.846662271925645,1
1,0.8382357242453679,1
0,0.9217840315049622,0
0,0.7839118144166342,0
1,0.8020093882554488,1
1,0.934529281847012,1
1,0.9045693557551667,1
0,0.9753042084853233,0
0,0.7316345859851592,0
1,0.8713897005133983,1
0,0.6960375909973084,0
0,0.9965149431315083,0
0,0.9311742628671544,0
0,0.7577730075942068,0
0,0.9984443423034455,0
0,0.9943210662276758,0
1,0.5677467313295846,0
1,0.6194674937779382,0
0,0.9827179421111272,0
0,0.7982154290381468,0
0,0.994345347798404,0
0,0.7681557243490054,0
1,0.8210405092548557,1
0,0.9564424999234343,0
0,0.9995176910960173,0
1,0.9946061518256109,1
0,0.872831344293155,0
0,0.7883527237140675,0
0,0.9241286524996484,0
0,0.8894207848012621,0
1,0.7353415525404302,1
1,0.9402470233305378,1
1,0.7227573571649795,1
1,0.9205771852458469,1
0,0.9647208332966222,0
0,0.9916478249752122,0
0,0.658092903276152,1
0,0.7483212897842799,1
1,0.7277911276424927,1
1,0.918180350560205,1
0,0.5588957769846223,0
0,0.9915254190265554,0
0,0.98079104365468,0
1,0.9948554838750834,1
1,0.9288543127688721,1
0,0.9645311212847092,0
1,0.8181001387100847,1
1,0.772285807060046,1
1,0.8521733000580398,1
0,0.9716709480231721,0
0,0.5913985147670398,0
0,0.6814123068726052,0
0,0.5299095574335636,1
1,0.5228955469746467,1
0,0.9553425947564846,0
1,0.9542082925702721,1
1,0.8738385131428223,1
0,0.5339829898309998,0
1,0.5044586660445904,1
0,0.5478264835144495,1
0,0.7787576666113797,1
0,0.7861755380796907,0
1,0.6994117903230918,1
1,0.5142992090389527,1
0,0.9347617770047154,0
0,0.9929448448064457,0
0,0.9993882641420854,0
0,0.7149318523056625,0
1,0.991374750795909,1
0,0.5382828855775847,1
0,0.5776737574169637,1
1,0.9001334791057247,1
0,0.8692541850230613,0
0,0.9940043846724754,0
0,0.999533792422422,0
0,0.9798273519465965,0
1,0.5614136414909676,1
0,0.9843385803367871,0
0,0.9495546749644878,0
0,0.9992790177916171,0
1,0.9415301355773167,1
1,0.9974103257682684,1
0,0.8112926111587272,1
1,0.9837135517502126,1
0,0.7678840767386773,0
1,0.9742581654957602,1
0,0.6999239441322999,1
1,0.960873887546314,1
1,0.7683116655777948,0
0,0.9995133102011661,0
0,0.9552839895471775,0
1,0.8874899680226499,1
0,0.9818981966019382,0
0,0.5304440399977755,1
1,0.9913065967936868,1
0,0.9889813488087067,0
1,0.978731843622761,1
0,0.9983341845645782,0
0,0.8547583680073686,0
0,0.999582288174368,0
1,0.982657676033491,1
0,0.9937380060221477,0
1,0.7039562758090617,1
0,0.5006300618095381,0
0,0.7482377287948068,0
0,0.7488743399819604,1
1,0.5532225926809257,1
1,0.9840488017539034,1
1,0.8888198528365538,1
0,0.9469074963304093,0
0,0.9821135907651903,0
1,0.5092429182646134,1
0,0.7510657851886174,0
0,0.9714121960643446,0
1,0.9888268950484815,1
1,0.9029668093926321,1
0,0.9251514921828948,0
0,0.9857925956288973,0
1,0.9973025518985036,1
1,0.5663691329320509,1
0,0.6014513244722584,0
0,0.8513166841933762,0
1,0.8614595736057857,1
0,0.7891261290120067,0
1,0.958628154731251,1
0,0.7650044650491057,0
1,0.5673604982760854,1
1,0.9470091892315827,1
0,0.9979985037137405,0
0,0.9947911547980924,0
1,0.5761875957283438,1
1,0.5545942008330711,1
0,0.9946847541090458,0
0,0.996393768507045,0
0,0.9567910748624383,0
1,0.9973504984823037,1
1,0.8576015785402743,1
0,0.9940609568395522,0
1,0.931087839273548,1
0,0.9210153058069142,0
1,0.9723269336896986,1
1,0.572283601799856,1
0,0.8239516758732556,0
0,0.9939513130186919,0
0,0.8281154134585327,0
1,0.9949444246248409,1
1,0.9030870276804989,1
0,0.9991159705635054,0
1,0.6131259547462106,0
1,0.9906798496367785,1
1,0.9479734190525002,1
0,0.5016138009651163,0
1,0.9890085940372252,1
0,0.984310253037885,0
0,0.9998872418004983,0
0,0.6208321081168581,0
1,0.9249990768784779,1
0,0.9083324989340352,0
1,0.9993988291570245,1
0,0.5116200025967614,1
0,0.8879938780355523,1
0,0.9999653876125236,0
0,0.9919209469143033,0
0,0.9740473421534602,0
0,0.9809802157234666,0
0,0.686581894008794,0
0,0.8308644450532907,0
1,0.997624034491209,1
1,0.6242462264580017,1
1,0.8406897599494036,1
0,0.9971019815252031,0
1,0.5494669403735769,1
1,0.965356288121216,1
0,0.5947252880269603,0
0,0.9440897846834737,0
0,0.8001568868704539,0
1,0.9651462863641984,1
0,0.8679394203969202,0
0,0.9269320353023531,0
1,0.9566220512609578,1
1,0.6969178274311651,1
1,0.9549622695320533,1
1,0.9378063763930743,1
1,0.6224207014551921,1
0,0.6641060374236749,1
0,0.9999596289377491,0
0,0.573646073821342,1
1,0.883221953489439,1
0,0.7054889056738495,0
1,0.8227041803793139,1
1,0.5512888528270011,1
1,0.8007587440582509,1
0,0.7498022420844095,0
0,0.9985026297324333,0
1,0.7780802022573601,1
1,0.9380657443062235,1
1,0.5988995412637504,0
0,0.9953895446581085,0
1,0.9193055477447,1
1,0.983457829384733,1
1,0.9546285779280067,1
0,0.993580102958562,0
1,0.8992833942883567,1
0,0.9083917870779753,0
1,0.997864651403269,1
1,0.6333932758837185,0
0,0.9569401509220935,0
0,0.5564817198551034,1
0,0.7819693763632288,0
0,0.9529310761364235,0
0,0.6408895229391056,1
1,0.6298621034218445,1
1,0.9850509450755391,1
0,0.6061302721904646,1
0,0.7467875924887476,0
0,0.8070115547676401,1
1,0.9946379296509928,1
1,0.7168523040978539,1
0,0.9800822415699724,0
0,0.9939451778568942,0
1,0.8881994057762177,1
0,0.9913735470384324,0
1,0.6444027307738718,1
1,0.7759769679820085,1
0,0.8855546569843187,0
0,0.9762894676789743,0
1,0.8371820840720128,1
1,0.9965947692503254,1
0,0.8553521350296349,0
0,0.8158051983268646,0
0,0.9329635256784126,0
0,0.7960450383448298,0
1,0.6793852705478562,1
1,0.6470103027256618,1
1,0.9992676253615049,1
1,0.9720952756797137,1
0,0.9482782568640498,0
1,0.9634473503356531,1
0,0.7644436062471789,1
1,0.8105104009104706,0
1,0.8330097072749215,1
1,0.9671284388827164,1
1,0.7342769212661796,1
1,0.5622797137021103,1
1,0.7317828926749546,1
1,0.7687047448884544,1
0,0.7262269633565634,0
0,0.8104688909514097,0
1,0.5918328168993328,1
1,0.999068216648267,1
0,0.9877165984650318,0
0,0.9737868082740826,0
0,0.8481539069535206,0
1,0.9958161406790643,1
1,0.9591064841861613,1
1,0.9977736381122139,1
0,0.9953436699859398,0
1,0.9229838355338424,1
0,0.9805493582837886,0
0,0.9953703800236624,0
0,0.9753461223429889,0
1,0.9267053537091934,0
0,0.9483826332668086,0
0,0.9851539768952351,0
0,0.8148721347443655,0
0,0.969504195023868,0
0,0.9371510104509426,0
1,0.9645555268551839,1
1,0.9623530401742276,1
0,0.5516301415955271,0
1,0.9531976840578631,1
1,0.5695668801567171,1
0,0.997614611379706,0
1,0.965604932469787,1
1,0.7282219109293042,1
1,0.8967377225397287,1
1,0.9397885693580094,1
1,0.7511109001086361,1
1,0.9829231590001618,1
0,0.6267260868911713,1
0,0.9270441269933201,0
0,0.9956193520255264,0
1,0.6532759210245683,1
1,0.8947411687620647,1
1,0.6251378008506273,1
0,0.9462389281061333,0
0,0.9995058216969199,0
0,0.9518244841276206,0
1,0.8565987967838584,1
1,0.9685455995682292,1
0,0.8421029075687846,0
1,0.9989167270259472,1
1,0.9642946263577907,1
0,0.8977948843358365,0
0,0.9996967185512872,0
1,0.8519761458282972,1
0,0.9998842293576546,0
0,0.575255189724571,0
0,0.6672051574087396,1
0,0.9937558481180498,0
0,0.8056168001131621,0
0,0.9373533170570886,0
1,0.805923555329212,1
0,0.548814529042473,1
0,0.9918289817160417,0
1,0.7785912481176224,1
1,0.8041364680372288,1
1,0.8849011140134999,1
1,0.991809696877097,1
1,0.9625305908410102,1
0,0.6201434516070832,0
0,0.6501187319565768,0
0,0.9535180410780874,0
1,0.8001257837667441,1
0,0.9911057655752633,0
1,0.6967270988629531,1
0,0.9995696315020449,0
0,0.9465664877669562,0
0,0.8956913980384118,0
1,0.9969373781977043,1
0,0.8276388858969235,0
0,0.8571148104686312,0
1,0.8555781446598725,1
1,0.8486248020249341,1
0,0.6915885578890993,0
0,0.9312355231974274,0
1,0.6892139277226461,1
1,0.9598084380294181,1
0,0.9143378165070504,0
1,0.6215146926524352,0
1,0.955980726180286,1
1,0.840399157483469,1
1,0.8536789014755096,1
0,0.6435430871685873,1
1,0.8645249394248916,0
1,0.6567358986705675,1
0,0.9969674846882213,0
0,0.9987514755517928,0
1,0.6706341583580125,0
1,0.8946605601629093,1
1,0.8754718324185832,1
1,0.765632456576469,1
0,0.9368550545501089,0
1,0.9801116973266142,1
1,0.8151169460038293,1
1,0.9966103768351874,1
1,0.7181285071832024,1
1,0.973390448551846,1
1,0.9527517924064213,1
0,0.9783911937654232,0
0,0.6000342039412271,0
1,0.7755096208772052,1
0,0.9711733323169226,0
0,0.6431937192343435,1
1,0.9307893666417738,1
1,0.9213719931681746,1
0,0.7347728941666976,1
1,0.660757848225795,1
0,0.5698304081302705,0
0,0.7802512386760654,0
0,0.9899850520800605,0
1,0.9368059626938824,1
1,0.7465084986127066,1
1,0.9285758404250384,1
0,0.6857822562001642,1
1,0.9356776925060429,1
1,0.9598629466582247,1
0,0.7634265624314436,0
1,0.9899630423677285,1
1,0.9947888018643193,1
0,0.9954452694350991,0
1,0.9428399801636443,1
1,0.9721626511531625,1
1,0.8881979669945409,1
0,0.594454094461441,0
0,0.9537803561374837,0
1,0.9416533838622407,1
1,0.9673755241224432,1
1,0.9176582756635099,1
0,0.9546854460661325,0
1,0.9635833604570636,1
0,0.9908396947850139,0
0,0.8013067426864884,0
0,0.9985313040002083,0
1,0.9461960720247692,1
0,0.9712166539480861,0
1,0.9862069903555102,1
1,0.9788130900819039,1
1,0.6320064477324611,0
1,0.8914113593387619,1
0,0.7084981098482316,1
0,0.9979564418933061,0
0,0.970496606551182,0
0,0.9845311725400441,0
0,0.9918523615266573,0
0,0.7789394834143614,0
0,0.8174339095566658,0
0,0.7265968818769039,0
1,0.7002891293920318,1
0,0.6448994061723641,0
1,0.9286602264214173,1
1,0.6342598548712375,0
0,0.6508230969909838,0
1,0.7933105364970636,1
1,0.8430755162961215,1
0,0.8054029649794036,0
1,0.998802202074051,1
1,0.7920375579670521,1
1,0.528259754052678,1
0,0.9015903008680932,0
1,0.9060241956490802,1
0,0.9947534140708654,0
1,0.9833719044084633,1
1,0.9179755460717872,1
1,0.921531547218303,1
1,0.6916146701432555,1
1,0.9866847560517631,1
1,0.9556702879227037,1
1,0.8340068483660639,1
1,0.6461061149911161,1
1,0.9981365751888754,1
0,0.9483997018479113,0
0,0.8148156033453597,0
1,0.9860333201951923,1
0,0.5361357946831087,1
1,0.9292988582435403,1
0,0.7354784465606199,0
0,0.882678763302208,0
1,0.8306573363846499,1
0,0.5736614582185782,0
0,0.9240634984723302,0
1,0.9419118113265247,1
1,0.9911724189233264,1
1,0.6776603767841284,1
1,0.9605270658778696,1
1,0.8284144949809823,1
0,0.9961827597536668,0
0,0.9628692616930906,0
1,0.7223726584293382,1
1,0.9312969266999642,1
0,0.551541538819222,0
0,0.8209229894218862,0
0,0.517509735608918,1
1,0.6675294179908076,1
0,0.9545613328557885,0
0,0.9608445202756791,0
0,0.9698445480634033,0
0,0.761673883426369,0
0,0.9019238021213292,0
1,0.9739319887855195,1
0,0.9416720838753009,0
1,0.8941476899120382,1
1,0.7288613121681591,1
0,0.7429528140186707,0
0,0.8380618962054719,0
1,0.9889607533242095,1
0,0.9985766946930636,0
1,0.9256312040843875,1
1,0.999850752012601,1
0,0.8259330367572179,0
0,0.9949233674712304,0
0,0.7835534646500915,0
1,0.9728934917757446,1
0,0.9357358755421945,0
1,0.6868213672643985,0
0,0.9465196599976691,0
1,0.917394755898902,1
1,0.9312573753421192,1
0,0.9992616566921133,0
1,0.7856238756440803,1
1,0.9985179155790507,1
0,0.7027509597712356,0
0,0.6882504191642957,1
0,0.9988344489948392,0
1,0.8919449871129811,1
0,0.9956026031015169,0
1,0.6370843590888228,1
0,0.965797321021504,0
1,0.981167841850892,1
1,0.9285626351180913,1
0,0.899422406049912,0
0,0.9842321494938894,0
0,0.915373317077551,0
0,0.9730411553810893,0
1,0.9838079309114317,1
0,0.9396612413998933,0
1,0.8839013131679972,1
1,0.7445481064591151,1
0,0.8235370847835433,0
0,0.9695334068525983,0
1,0.7637449269920213,1
1,0.8965221197443519,1
1,0.5649163537762224,0
0,0.9944380617550689,0
0,0.9554537775305557,0
1,0.9503271275381104,1
0,0.615269741847867,0
0,0.898226768952725,0
1,0.9011902185251911,1
0,0.9777429386323921,0
1,0.9838306022826098,1
1,0.9873200018836119,1
1,0.9367727417532172,1
1,0.9935659410637698,1
1,0.8973995402191193,1
0,0.9316147019241645,0
1,0.8711190531893734,1
0,0.7264552196938945,0
0,0.9948415419356349,0
1,0.8616992272058412,1
1,0.98736521856633,1
1,0.9673305452905938,1
1,0.8511135333345311,1
1,0.8928980336235693,1
0,0.9825813567608106,0
0,0.9762882703978398,0
0,0.9759754827088482,0
0,0.5636303447682778,0
0,0.8348053771492887,0
0,0.9998441311532155,0
0,0.9187724443703171,0
1,0.9536150162578544,1
1,0.6553921280317033,1
0,0.9878248199801801,0
0,0.6304196793952308,0
1,0.5422497427907416,1
1,0.767009507771237,1
1,0.691137979319987,1
0,0.9413286047235303,0
1,0.9533973493008131,1
1,0.9375775881703917,1
1,0.7890843651843095,0
1,0.6716842410257694,1
0,0.8654783557971234,0
1,0.9075635280101108,1
0,0.8809315934223049,0
0,0.9865579211576215,0
1,0.6652564033642331,1
1,0.6100596936755127,0
1,0.6438189583696676,1
1,0.8935341899773399,0
0,0.9430839983596597,0
0,0.9512633781842376,0
0,0.6943321910449751,1
0,0.9811318485753674,0
1,0.9953530927388864,1
0,0.9948404194147813,0
1,0.7531890303575514,1
1,0.7363662548115281,0
0,0.723407986196116,0
1,0.8331839890265134,1
1,0.9284153642116285,1
0,0.8281136916695521,0
1,0.8514187154095663,1
0,0.9438639818480106,0
0,0.9990650979944952,0
1,0.9407629911399742,1
0,0.9900039471425711,0
1,0.90153474263789,1
1,0.9312405510051607,1
0,0.998402898454097,0
0,0.9877151860502404,0
0,0.9824110666620237,0
1,0.7725193239199636,1
1,0.8662015676033011,1
1,0.653517855366488,1
1,0.9986086248710035,1
1,0.9427358073293666,0
0,0.9992832109557697,0
0,0.8732173727810223,0
0,0.9556747789668011,0
0,0.9861333603353204,0
0,0.9935864010558406,0
0,0.9672436636587508,0
0,0.9961063432105072,0
0,0.9938435724536621,0
1,0.9944016384191955,1
0,0.6322934012789962,1
0,0.8868923791465915,1
1,0.9898293247415817,1
1,0.72061612630704,1
1,0.9999806520848592,1
0,0.5065157832027609,0
1,0.9861847282161337,1
0,0.9263577088020408,0
1,0.9956776124999845,1
1,0.9483562682318908,1
1,0.9974657330797487,1
0,0.9730479399890135,0
0,0.9706680605214011,0
1,0.9463711613893717,1
0,0.9412725279646369,0
1,0.8991289594047299,1
1,0.9995510702597903,1
1,0.9446244872716275,1
0,0.9364690690065384,0
1,0.7516986257553655,1
1,0.8952956545743475,1
0,0.9906074911207614,0
0,0.9923076479193216,0
1,0.7112958387356592,0
1,0.5149272887882133,1
0,0.7234141824276237,0
0,0.9983438479911364,0
0,0.6781540224024275,1
1,0.9742487287394286,1
0,0.5158227258532954,0
0,0.8595685040392941,0
0,0.8589322243333442,0
1,0.985595635289849,1
1,0.7058890861359024,0
0,0.6463381463833098,0
1,0.8896211695348305,1
0,0.8623025093636075,1
1,0.9272613873907801,1
0,0.8703102099702168,0
1,0.9121419453489801,1
1,0.8648152758764611,1
1,0.805765121840592,1
0,0.931877954605795,0
0,0.9964577745675136,0
0,0.9352218942501483,0
0,0.6854678678999853,0
0,0.932690484383735,0
1,0.8934124613078228,1
0,0.9882981059901893,0
0,0.9434299184168199,0
0,0.854040738003271,1
0,0.9545289678945742,0
0,0.9986058921441231,0
0,0.9565788984388719,0
0,0.9769192466570232,0
1,0.970556791163534,1
0,0.5998858349957386,0
1,0.9409451942328184,1
1,0.7920631184027577,1
1,0.7772422362569218,1
1,0.9711121213021355,1
0,0.8801093010348667,0
1,0.559035986485098,0
1,0.9129121713283137,1
1,0.6400302154461033,1
1,0.7756868957075115,0
0,0.9867064890179447,0
0,0.8658287384591699,0
1,0.83553538088784,1
0,0.9998567814129337,0
1,0.5013754727156947,0
1,0.7540953505611369,0
1,0.9020413301772013,1
1,0.9105647734378285,1
0,0.9771939755058886,0
1,0.9944662784988271,1
0,0.5020761883789377,0
0,0.664490704965299,0
1,0.9628977350048963,1
0,0.9956595319036861,0
0,0.8039701489184486,0
1,0.9617596898036517,1
0,0.5909092030246919,1
1,0.5713904197747528,1
0,0.9408869774036522,0
0,0.9595986210325527,0
0,0.9903402303996585,0
1,0.9993322682347704,1
1,0.9189405193991265,1
0,0.9962623142341344,0
1,0.9660203892336915,1
0,0.9803071625661591,0
0,0.8765723855304963,0
0,0.9987499595802386,0
1,0.9279095950565148,1
1,0.908816685222397,1
1,0.9294144883440658,1
1,0.9421426062910223,1
1,0.6527318880282912,1
1,0.7793737151006869,1
0,0.9997105139339327,0
1,0.9679140721409215,1
0,0.9697177194686268,0
1,0.5645723593170014,1
0,0.9540898353298569,0
0,0.9981542662167388,0
0,0.959428161108006,0
0,0.9039702599822174,0
1,0.9378045706972452,1
1,0.895931552629654,1
1,0.8485279594597248,1
1,0.6436558885749257,1
0,0.9885630024032295,0
0,0.990396323546649,0
0,0.9652771336536086,0
0,0.9788802275567903,0
0,0.9919959469851599,0
0,0.7451696049549152,0
1,0.937909913936904,1
1,0.8806243967055529,1
0,0.837507422236049,0
0,0.8939243860635299,0
1,0.9957177959416198,1
1,0.9860361221328264,1
0,0.9918375285221015,0
0,0.9841115862043803,0
1,0.8858919117419015,1
0,0.9996014921304255,0
0,0.5132813396892489,0
1,0.9514083731973498,1
1,0.9938298958951091,1
1,0.5430107798242136,1
1,0.920044703238917,1
1,0.6346160692920053,1
0,0.9572749764211854,0
1,0.9928742442367012,1
1,0.916616778107873,1
1,0.9889647387375188,1
1,0.9945272022489069,1
1,0.9210079913573389,1
1,0.7926469218572827,1
1,0.9210199037709508,1
1,0.7039062548670522,1
0,0.8437691159948729,0
1,0.8668352231045868,0
1,0.9806059240476548,1
1,0.9673851606062206,1
1,0.6238064948597095,1
1,0.5723454753855245,1
0,0.9999509856016949,0
0,0.7287079478298735,0
0,0.7303457716674646,0
0,0.9815820226801807,0
0,0.9850182184022901,0
0,0.9388881385669288,0
1,0.8767752073991124,1
0,0.9280276924528968,0
0,0.5517736421549069,0
0,0.9999811519338636,0
1,0.9801542084245998,1
1,0.8449291900420708,1
0,0.9935204377870769,0
0,0.9461119103139107,0
0,0.9511830373038122,0
1,0.8920916038545119,1
1,0.7014543420888923,1
0,0.9424376427349244,0
1,0.9947678245813598,1
1,0.9255876892799548,1
1,0.9068153750274978,1
1,0.931951260646703,1
1,0.5164667909378324,1
0,0.9998897322803055,0
0,0.548809037771586,0
0,0.9974494414125031,0
0,0.5983872931141703,1
1,0.6032066872360823,1
1,0.5803940305313362,1
1,0.9874016734772371,1
0,0.8053074842977188,0
0,0.6292480934323308,0
1,0.5898900733428439,0
1,0.685679779997199,1
0,0.9696932196597574,0
0,0.9968961237588837,0
0,0.9971041054023924,0
1,0.7561254369119529,1
1,0.8674414415125586,1
0,0.9995233796156678,0
0,0.8592672207499674,0
0,0.6810176365748146,0
1,0.8036825649634916,1
0,0.9204359470191652,0
0,0.9474759558106639,0
1,0.9646277990405009,1
0,0.7389868139073341,0
1,0.839681942199349,1
1,0.6291588868045607,1
0,0.9968546327603933,0
0,0.5512300376862866,1
1,0.8964618884313995,1
0,0.922463364970786,0
0,0.8910498608820605,0
0,0.9523164290160301,0
0,0.967711216956304,0
0,0.9970228370823447,0
0,0.8502106021256906,0
1,0.9591928304327164,1
1,0.9949262958305788,1
0,0.7629412084791649,0
0,0.5744459474920296,1
0,0.9964501462705313,0
0,0.7527750888262722,0
0,0.9327619082267,0
1,0.5251182407604665,0
0,0.8973570660221203,0
1,0.5916850054089559,0
1,0.9954762162552552,1
0,0.7163211502705107,0
1,0.9959325630276606,1
1,0.9618055618438144,1
1,0.9893529515299254,1
0,0.9878887079966824,0
1,0.5552095283307301,1
1,0.8210850387597081,0
0,0.8578132743991883,0
0,0.7534874739429298,0
0,0.9640701132440673,0
1,0.9157231964635628,1
1,0.9925161408327362,1
0,0.9806465811265246,0
1,0.8294229716153257,1
0,0.9580805301538029,0
1,0.9295538480888486,1
1,0.9998765620167863,1
0,0.6193762518399117,1
1,0.9762991749247032,1
1,0.7987779777204637,0
0,0.7136770583866112,0
1,0.8415395819291461,1
1,0.869096170278084,1
0,0.7830068886545836,0
0,0.8126712613110574,0
0,0.9923574018861318,0
0,0.9749334968562972,0
0,0.9814744644372833,0
1,0.9424589690244575,1
0,0.7838135655262464,0
1,0.83211622804858,1
0,0.9818876447774438,0
1,0.950088925488377,1
1,0.6975125233757956,1
0,0.6231320635752,1
1,0.5930934871768407,1
1,0.9441757058498836,1
1,0.9296893641516528,1
0,0.9952278975235272,0
0,0.9932568187818424,0
0,0.5044613868579575,1
1,0.9982317185676579,1
0,0.9999433591484377,0
1,0.6611758621152826,1
0,0.9293489019548427,0
0,0.94082869763089,0
1,0.8506427447497557,1
1,0.8909755269565556,1
0,0.9542044181033862,0
1,0.8870417659434806,1
0,0.7166831560564451,0
1,0.7454048503523869,0
0,0.9734338097097922,0
1,0.6734376186285254,1
1,0.5313805909080693,1
0,0.9648714888697519,0
0,0.9551635514753961,0
0,0.9917029408118447,0
0,0.9190563389267535,0
0,0.6963412769585409,0
0,0.9709474035380713,0
1,0.6824195555320425,1
0,0.9535182692869587,0
1,0.7954797862368945,1
1,0.6291797363680742,1
1,0.7967194932603278,1
0,0.9896765748545835,0
1,0.7361684843413666,1
0,0.8555126241269038,0
0,0.674358542023717,1
0,0.8007593865382014,1
1,0.5031118943630158,1
1,0.5619061219606298,0
1,0.9096185894214601,1
0,0.6226700957501179,0
1,0.6605632534797248,1
0,0.546015619357805,0
1,0.8786426635193364,1
1,0.8464274395128553,1
1,0.9842030855207072,1
1,0.9953372647415144,1
0,0.9681014937241351,0
1,0.9831148823379654,1
1,0.8305653799656928,1
0,0.9908807480811863,0
0,0.7268915375507962,0
1,0.9523544164973913,1
0,0.50282640142419,0
1,0.9803295858649156,1
1,0.9999379064061664,1
1,0.6318910092917098,1
1,0.703387087166489,1
0,0.9663242620553251,0
1,0.972106143716438,1
1,0.9224393314919939,1
1,0.9501116260396593,1
1,0.9163232924272006,1
0,0.9958095976829826,0
1,0.9768419085889023,1
1,0.8834505613619161,1
0,0.848380448337387,0
1,0.7668373564279332,1
0,0.7070947922132911,0
0,0.56686006281628,1
1,0.84069945880174,1
0,0.9923721027202789,0
0,0.9436937559706362,0
0,0.5151011642653178,1
0,0.9693378823847003,1
0,0.983133591447345,0
0,0.9664098534809274,0
0,0.5688011536493541,0
1,0.8067552620560977,0
1,0.8085890914747094,1
1,0.9832232863822573,1
1,0.9926551018834504,1
0,0.9999366245950964,0
1,0.8581072333048364,1
0,0.9999390221656813,0
1,0.7567535916812964,1
0,0.7039361264289323,0
1,0.9583861351380804,1
1,0.9998797581012122,1
1,0.8806722990625582,1
0,0.8248535210753942,1
1,0.8588051474744568,1
0,0.5143573682513436,1
0,0.9465492910046278,0
0,0.9975079830766274,0
0,0.9474954210269232,0
1,0.9811230818516049,1
1,0.9561961054968762,1
1,0.7745937244848122,1
0,0.7577778620159163,0
0,0.6139828000962648,0
0,0.8388397096773262,0
1,0.517394113603458,0
1,0.721550664589631,1
1,0.9930763308259352,1
1,0.9941190527680258,1
0,0.9984624358743179,0
0,0.6448726084366686,1
0,0.9845289603816144,0
1,0.9929744177279978,1
1,0.7763859724464077,1
0,0.9125329112777547,0
0,0.9915793673571348,0
1,0.8347480358472857,1
1,0.7505385962228096,0
0,0.9382509955739281,0
1,0.9023626865427218,1
1,0.9881226247926819,1
1,0.9404131288335458,1
0,0.8686973993458058,0
0,0.9277360723082042,0
1,0.726109173411001,1
1,0.8054652911770573,1
1,0.9340653548142197,1
0,0.9318758671735039,0
0,0.6560308445670329,1
1,0.9265765578613515,1
0,0.7098358411509444,0
0,0.6723107410067549,0
0,0.5335663808361086,1
0,0.9978529002441598,0
1,0.991591597492146,1
0,0.5038512701608521,0
1,0.9793552639124321,1
1,0.5322184259244928,0
0,0.5954632774820499,1
1,0.722109226502848,1
1,0.7821992636138684,1
0,0.724402965490777,0
0,0.9773008741328593,0
1,0.9860825471192363,1
1,0.5059223002826855,1
0,0.5929836692626236,1
0,0.9863681384315113,0
1,0.9491950990075223,1
0,0.6766771982569568,0
0,0.7922814234645755,1
1,0.8043239925944453,1
1,0.9517456883166994,1
0,0.9781204483194393,0
1,0.6447530385807622,1
1,0.9291774609880857,1
0,0.9223146799674277,0
1,0.9952766235736901,1
1,0.52207912645743,0
0,0.6831848572308914,1
1,0.7754210291170079,1
0,0.9452310816099442,0
1,0.9697446343250576,1
1,0.6646152085851413,1
0,0.9929092024953184,0
1,0.5412001039119068,1
0,0.9997684377688856,0
1,0.9945275028006472,1
0,0.984049165819244,0
1,0.7067969898230967,0
1,0.5229474197846935,0
1,0.7140679143938464,1
1,0.9742294069590631,1
1,0.5570376652977304,1
0,0.9217564218842492,0
1,0.7703836311860319,1
1,0.5419338051650151,0
0,0.9977055047317076,0
0,0.9914452092555265,0
1,0.9856765339927825,1
1,0.7154804653677878,1
0,0.8855920750526828,0
1,0.674511099214734,1
1,0.7286238578145083,1
1,0.8100015828707233,1
0,0.9886629735501736,0
0,0.5310443529928063,1
0,0.9952022955120815,0
1,0.5393120911190725,0
1,0.9960129706191074,1
0,0.9057591628150874,0
1,0.6106978234444849,0
0,0.9037828348604559,0
0,0.9858262149193675,0
1,0.995751556607819,1
0,0.802209814097218,0
0,0.9979006519361595,0
1,0.9392466588351092,1
1,0.8889901678672831,1
0,0.8121407761418715,0
1,0.7458220443884581,0
0,0.8210833567508334,0
0,0.9985228257069385,0
1,0.9975771651780188,1
0,0.872581500298396,0
0,0.9894735151963918,0
0,0.9240757435595034,0
1,0.8511271482259377,1
0,0.9054548953608665,0
0,0.6733280806426862,0
0,0.7790793959301706,0
0,0.6030744774697576,0
0,0.9975403871570933,0
1,0.6207142941128739,1
1,0.9174469052160098,1
1,0.8377002196553582,1
1,0.981066901714447,1
0,0.9701181373205503,0
1,0.708944736024159,1
1,0.865321541030548,1
0,0.8105477806054354,1
1,0.9993392267359281,1
0,0.9989295171913471,0
0,0.9886431132638286,0
0,0.5652688976721003,0
1,0.6731222906572469,1
0,0.9981986700144515,0
0,0.8858782204783042,0
0,0.9971520419441601,0
1,0.7944832238066194,1
0,0.7719876883549102,1
1,0.9309466902098628,1
1,0.998978169964828,1
1,0.722009734226202,0
0,0.9948914691711018,0
1,0.9821894825296584,1
0,0.999238888248795,0
0,0.9800168242511261,0
0,0.9086477520481565,1
1,0.8881801461504265,1
1,0.9397342844620536,1
1,0.6574023006399952,1
1,0.5178579421526688,0
1,0.5607613924524302,0
0,0.6527088955907985,0
1,0.8759057820826446,1
0,0.5926329266593062,0
1,0.7178055300248634,1
0,0.7427928301401181,0
0,0.9973031670427404,0
1,0.9574719546132463,1
1,0.8866924656523435,1
0,0.773284316452624,0
0,0.9038273037469985,0
1,0.5185822353240859,1
0,0.615645898588921,1
1,0.8639622384941607,1
0,0.9605580526706314,0
1,0.593206115585528,1
0,0.8414882445694845,0
1,0.7217717521139825,1
1,0.9974252117545558,1
1,0.7615996790537337,1
1,0.9982011592864201,1
0,0.9832522928329377,0
0,0.9893675231066166,0
0,0.9954351957194049,0
0,0.7667052557659264,0
0,0.9592726178197866,0
1,0.8745555077161455,1
0,0.6558324708816594,1
1,0.9298656160704263,1
0,0.8773732710678463,0
0,0.9485660494833461,0
1,0.824988670844622,1
0,0.9624490748889283,0
0,0.7959898486768382,0
1,0.9086344110915623,1
1,0.9900317715389686,1
0,0.9664738205970607,0
1,0.8708942264821412,1
1,0.9297785340068696,1
0,0.9857372593688924,0
1,0.7787473470125558,1
1,0.8396193622950502,1
0,0.7902801570643548,0
0,0.954422838772865,0
0,0.878195981268275,0
0,0.7177336417410507,0
1,0.9992111109168782,1
0,0.9456859981281059,0
1,0.9855319605402542,1
0,0.9868921310597988,0
1,0.9806550704045317,1
1,0.9541452132540662,1
1,0.9325262432059316,1
0,0.9877411112593485,0
0,0.7840871151341127,0
1,0.7522837299364673,1
1,0.9221083887990532,1
1,0.8353473690608563,1
1,0.8539990446543695,1
0,0.9998886759791679,0
1,0.6769675657780385,0
1,0.9159254473863787,1
0,0.978245447019804,0
0,0.9958834076299106,0
0,0.9663392301339855,0
1,0.8648542808105341,1
0,0.9840837832715734,1
0,0.7929595367788285,0
0,0.5547710602211071,0
0,0.9334580345581813,0
1,0.9679165420137336,1
0,0.7369570256033576,0
1,0.931708442227178,1
0,0.7449743730123315,0
1,0.8673528872691134,1
0,0.9910948330243374,0
1,0.9067287061573925,1
0,0.6208506704681039,1
0,0.9593850076091168,0
0,0.7208060244754497,0
1,0.57628554932246,1
0,0.9630051597534582,0
0,0.9696541482064819,0
0,0.6917175170443951,0
1,0.8770537465009867,1
1,0.990682823467062,1
1,0.713616957224614,1
0,0.9287183250919814,0
0,0.6867770687701886,0
1,0.7677275158401876,1
0,0.8495679638116522,0
1,0.9023895105275486,1
0,0.9759179325928334,0
1,0.9998825669583454,1
0,0.551178162425676,0
0,0.7492580852674167,0
1,0.9999438406519632,1
1,0.9332641076089413,1
0,0.8664709511899559,0
1,0.9354863405569042,1
1,0.9000131671803535,1
0,0.9622854365946713,0
1,0.9983283736316753,1
1,0.9659622389788352,1
1,0.9290418209272183,1
0,0.7013384513562553,0
1,0.9877176990821502,1
1,0.9440016449650599,1
1,0.5774181756527184,1
0,0.5148574014511627,0
1,0.662133559133446,1
1,0.5432844816453745,1
1,0.6948923890911601,1
0,0.9730453150773115,0
0,0.546516877942655,1
0,0.6553440083988524,0
0,0.7414244819656737,0
0,0.9706896826341647,0
0,0.6600478010559481,0
0,0.7833118378233932,1
0,0.9517271783398161,0
1,0.8838509974204438,1
0,0.5832256714043971,1
0,0.9971587237339581,0
0,0.9229568059594895,0
1,0.9913679051323866,1
1,0.9822625029991234,1
1,0.5213565191651944,1
1,0.9783551797472384,1
1,0.790169463201365,1
0,0.7417078961940656,0
0,0.9961685881905769,0
0,0.5739011162426486,1
0,0.9845224071647055,0
0,0.9442506060366547,0
0,0.6760216311473042,0
1,0.7392081711784405,0
0,0.7635279528213091,0
0,0.522719354446683,1
1,0.9825947514511102,1
0,0.9995599543938821,0
1,0.9250401384836384,1
1,0.8694048060384127,1
1,0.9767694273972252,1
1,0.5649667098267889,1
0,0.8026476356815229,0
1,0.9342158022832314,1
1,0.9465156809968595,1
1,0.5823625133869749,1
0,0.8119542402247526,0
1,0.546522093203302,1
1,0.9898616495140473,1
0,0.8396934110906459,0
0,0.9968930746143456,0
0,0.6663472610700298,0
0,0.932075083325621,0
1,0.9075839262568001,1
1,0.8457840682421758,1
1,0.6658514562862963,1
1,0.997316452470206,1
1,0.9623944601406424,1
0,0.9949320259834482,0
1,0.8467892529887752,1
1,0.7390814215110814,1
1,0.9844060252130344,1
0,0.8847920303933899,0
0,0.827041538038443,0
1,0.9113142988145234,1
0,0.9927987373830158,0
0,0.9399723183948079,0
1,0.5856636755820351,0
0,0.9958698808141573,0
1,0.9253812121878368,1
0,0.9921523492079879,0
0,0.9972664380456197,0
0,0.8946602766109703,0
0,0.6660102386238202,0
0,0.6472035758546386,0
0,0.6480088496178373,0
0,0.9884941066621681,0
0,0.945683127762416,0
1,0.7381374638732437,1
1,0.7310264037384583,0
0,0.8271872717560596,0
0,0.8934365937751882,0
1,0.6864298879921662,1
0,0.8836409616703348,0
1,0.7141563185002477,0
0,0.9889007624120232,0
0,0.727442955562665,0
0,0.9875913921431962,0
0,0.9672147780138036,0
0,0.735078400100369,0
1,0.9984127457870982,1
1,0.8389226597484993,1
1,0.7129063956820333,1
0,0.7683720950062309,0
0,0.974599860323998,0
1,0.8718249676373023,1
0,0.7570181486275402,0
1,0.9989174007913632,1
0,0.8994438789242458,0
0,0.9419877572853582,0
0,0.5215580570158708,1
0,0.9930467325473727,0
1,0.8311973113495276,0
1,0.6902831352287957,1
1,0.7549827482849023,1
1,0.6720198956518422,1
0,0.6973723044028877,0
1,0.8603434891505204,1
1,0.9562379441789168,1
0,0.9093535528093883,0
0,0.6260647114513184,0
1,0.8634476017149518,1
1,0.9252275408215008,1
1,0.5200395112577935,1
0,0.9823340201548137,0
0,0.9680370875837061,0
0,0.9497997608917803,0
1,0.99304229909237,1
0,0.9022651047549474,0
1,0.9467207891968734,1
0,0.8553223892291213,0
1,0.9464081245071604,1
0,0.9990581787743114,0
0,0.6377249568913819,1
0,0.9979271249638306,0
0,0.9962924879602987,0
1,0.5051097021128887,1
0,0.9594774567186803,0
1,0.9343208513688006,1
1,0.8999605023283375,1
1,0.9521223865898657,1
1,0.713114067524617,1
0,0.7450120371935469,0
0,0.8730220051672137,0
0,0.9940221119050597,0
0,0.8716514285490142,0
0,0.5592682846856466,1
0,0.9916199581157132,0
0,0.9070130548750026,0
1,0.5402805298650315,1
0,0.5732596255841849,0
1,0.9995827737875868,1
0,0.6007024429272086,0
0,0.7768038116461786,0
1,0.839347229009018,0
1,0.7016704053676529,0
0,0.9971321116528925,0
1,0.982979938713767,1
0,0.7876614072760889,1
0,0.7739067393895317,1
1,0.5275700985107282,1
1,0.7195985833351174,1
0,0.9674738179631827,0
0,0.9990857335745829,0
0,0.9084025339498207,0
1,0.6076827783642322,1
1,0.7525043520606879,1
1,0.6423702023655212,0
1,0.5487607438047981,1
1,0.8250786371622442,1
0,0.9918136895663621,0
0,0.5366106283937766,0
0,0.8622737122469685,0
0,0.8813585782196199,0
0,0.9944267952416534,0
0,0.9878107900516185,0
0,0.5431735964174178,1
1,0.9994394836099908,1
1,0.9506483540990026,1
0,0.6978214285036677,0
1,0.9503032211882038,1
0,0.6546226132425834,0
1,0.7509783210031205,1
1,0.5613518512181552,0
0,0.9935839223242879,0
0,0.6978680281192711,0
0,0.9039821233040664,0
1,0.8231121506424008,1
0,0.9790657463770384,0
0,0.9766859074222448,0
1,0.8604103954040672,1
1,0.8633970062497965,1
1,0.5615322949019974,1
0,0.7177844138477114,0
0,0.5569551114166875,1
0,0.9292892662205764,0
1,0.7278646818031723,1
0,0.8579755245933935,0
0,0.9973178636291596,0
0,0.9190182059467205,0
1,0.9685470154012271,1
1,0.7687531377831951,1
0,0.5134333678740243,1
0,0.5716132326628913,0
1,0.988572587226224,1
1,0.7728006831980324,1
0,0.999836942229827,0
1,0.9171410867721048,1
1,0.9902105599933765,1
0,0.9716729857547233,0
1,0.966695071403048,1
0,0.9632962772627338,0
0,0.5579695389684414,1
1,0.9881201364565061,1
0,0.9961470566363425,0
0,0.9797417186339188,0
1,0.9733737920358859,1
0,0.9978378594668585,0
0,0.5109783741348768,0
1,0.6505584337906828,1
1,0.9727427398865424,1
0,0.9828945696791659,0
0,0.948392166585574,0
0,0.8904458680627563,0
0,0.9679776705669312,0
0,0.9818346174300504,0
0,0.8242785667367967,0
1,0.6672121034674409,1
0,0.7670620183767799,0
1,0.8444709703985371,1
1,0.7906633659084183,1
0,0.9936227646515785,0
0,0.6508520660038004,0
0,0.9778176213548495,0
0,0.7649487641360604,0
0,0.9676019817368732,0
0,0.9664083458249828,0
0,0.890458719211503,1
0,0.9930731062670188,0
1,0.9966534397507539,1
0,0.5503778213387459,0
1,0.9901786470921813,1
1,0.9077257788245213,1
1,0.6262759266200177,0
0,0.6297967825637257,0
1,0.9990693436698749,1
1,0.9569949876198496,1
1,0.9873790604537381,1
1,0.9380134710050114,1
1,0.6728669241180526,0
0,0.9998105311141144,0
0,0.999948287795949,0
0,0.9849292487385634,0
0,0.8245535009233556,0
0,0.9485575445055419,0
1,0.8653221915092434,1
0,0.6453357644099156,0
1,0.8374708645162386,1
0,0.7983910210548214,1
1,0.8667704195094491,1
0,0.9095385617666412,0
1,0.8621604924416779,1
0,0.9291539978959614,0
0,0.9991794766130145,0
1,0.8495399767323663,1
0,0.9184013648635089,0
1,0.911307791494611,1
1,0.6742828962158774,0
0,0.9938377600385622,0
1,0.997972865368651,1
0,0.9948106928422178,0
1,0.9585090854368229,1
1,0.9431358456016655,1
0,0.9885354314871372,0
1,0.9859939549536748,1
1,0.7825085509599645,1
0,0.9951326438133852,0
1,0.5257940032879844,0
1,0.8172984876349563,0
1,0.9896918128111918,1
1,0.6520080448916499,1
1,0.9232479692054507,1
1,0.8795409608417663,1
1,0.6515792644476041,1
0,0.8580730491057205,0
0,0.7238397781257789,0
1,0.6689639097484392,0
1,0.8889473280736457,1
0,0.5120620744890163,1
1,0.9994028862357245,1
1,0.7474702082961109,1
0,0.9779208961434964,0
1,0.7647384335206572,0
1,0.9980763600126001,1
1,0.5342706111154634,1
1,0.9630787011399796,1
0,0.7670679209448767,0
0,0.6883197300686634,0
1,0.9850937466957999,1
1,0.8799085153892423,1
0,0.9657536524317054,0
1,0.8577980577908794,1
0,0.9774403840774888,0
1,0.9945566836444499,1
1,0.7582349209606339,0
1,0.8967094963269776,1
1,0.9759156679052844,1
1,0.8909734114391931,1
0,0.9827964534097672,0
0,0.9793302263139824,0
1,0.9954552730161835,1
0,0.8082314519253518,0
1,0.8102855931138688,1
0,0.9936059603301305,0
1,0.8322623677170768,1
0,0.7555886623609145,1
1,0.9680798243812213,1
0,0.9799303514918352,0
0,0.9908349770853923,0
0,0.9191729313560504,0
1,0.6463145427412564,1
0,0.9299274057513145,0
0,0.994167186571576,0
1,0.9850082720841453,1
0,0.7384168960193069,0
0,0.9119277655305028,0
0,0.9748576422688096,0
1,0.923867491066569,1
0,0.8680675126836268,0
1,0.9974170660019314,1
0,0.9924143119888656,0
0,0.9691128173087384,0
1,0.9616178728109743,1
1,0.9929163976154395,1
0,0.9783336506540204,0
0,0.9968733832988252,0
1,0.9395196258191825,1
1,0.9311277165192984,1
0,0.9348926574551999,0
0,0.8740446578054792,0
1,0.9860399347890437,1
0,0.6212992096041507,1
1,0.911193498061398,1
0,0.858953531687012,0
1,0.993594223471202,1
0,0.9862301498445025,0
1,0.9965143712021902,1
0,0.9548565815890654,0
0,0.9377796568764383,0
1,0.6247633211366493,1
1,0.7389025256881141,1
1,0.6791584306491445,1
0,0.9990481418125174,0
0,0.9901097755162049,0
1,0.8599169471393469,1
1,0.8987248906744005,1
0,0.5162307341504596,0
1,0.8114948271823513,1
1,0.9342162266589117,1
1,0.5928569604134439,1
1,0.7169833474769554,1
0,0.9880286387956246,0
0,0.9847570174651309,0
1,0.8037587747410487,1
1,0.5655758944268271,0
0,0.9873957399294299,0
1,0.986039307666347,1
0,0.9323053886866987,0
0,0.9965022354147665,0
0,0.9421310541812872,0
0,0.9878603569944603,0
1,0.6869481513296124,1
0,0.9992395651559773,0
0,0.998161360440187,0
1,0.658636381345015,0
1,0.999275563925633,1
0,0.6897458381058172,1
0,0.6070219862804611,0
0,0.9770323802817248,0
0,0.9965472817180996,0
1,0.8123863164116716,1
1,0.6573459011364622,0
1,0.8822353779880919,1
0,0.9871024855783614,0
0,0.999876993508596,0
1,0.7737109037123592,1
0,0.9754048168334709,0
1,0.9605124470578649,1
0,0.889058275180736,0
0,0.7783988905438802,1
0,0.8088283352062022,0
0,0.9849069850655526,0
0,0.9327626856975003,0
0,0.9855392841605648,0
1,0.8978413558325278,1
0,0.9959206300371486,0
0,0.8870712175713596,0
0,0.9853776800146208,0
1,0.8847500099205088,1
1,0.8552038211768881,1
0,0.7195611948332761,0
0,0.9535380898874193,1
0,0.9966447087738521,0
1,0.895139281625592,1
0,0.8644570204353048,0
0,0.6123489485827112,0
1,0.7302710036614036,1
0,0.9192337708407211,1
1,0.994657499757587,1
0,0.8456961734079569,0
0,0.6996771425751349,0
0,0.9717628029522374,0
1,0.763128933258191,1
1,0.9033870028186257,1
0,0.626517143933164,0
1,0.8218319072046767,1
0,0.8515072726755324,0
1,0.9673726707482627,1
1,0.9933864266424641,1
0,0.7654301753346429,0
1,0.8506350744748615,1
0,0.986103311462233,0
0,0.9278226190052833,0
0,0.9972300009749429,0
1,0.8713257899599443,0
1,0.8410479053338241,1
0,0.8313388063994406,0
0,0.9601325869791283,0
1,0.8033105199267466,1
1,0.8360227073035246,1
1,0.973823666839872,1
0,0.995657282151486,0
0,0.8049638571777468,0
1,0.5619784019052673,1
1,0.9162023556527267,0
1,0.6799047380916493,1
0,0.9922511493154726,0
1,0.7395811490259051,0
1,0.9889668484512031,1
0,0.9831808035811065,0
0,0.9499480660629612,0
0,0.961830415060295,0
0,0.8864767263825389,0
0,0.9980840178684637,0
0,0.9947817279072068,0
0,0.9503704123132716,0
1,0.8579165886459963,1
1,0.9987205450419112,1
0,0.9912811261455067,0
0,0.9797314248643156,0
0,0.5297054180019517,1
1,0.6037450871848563,0
1,0.9909542057584335,1
0,0.9989916849635132,0
0,0.8609573843977518,0
0,0.8337609898651145,1
0,0.9723474543177151,0
1,0.8914846466002859,1
1,0.9760610215806257,1
1,0.6931448013860706,1
1,0.9923964517284358,1
0,0.6342836603715796,0
1,0.9212887335924858,1
1,0.5093342167275209,1
0,0.9964175362407552,0
0,0.9889269792440204,0
1,0.9509795739650143,1
1,0.615246357556485,1
1,0.9315908482504462,1
0,0.8702575348459543,0
1,0.5467249887087953,1
1,0.9998430574834256,1
0,0.959386316560313,0
1,0.8087842898658812,1
0,0.886211238838804,0
1,0.8126421132006109,1
0,0.7666390940752558,0
0,0.9858151138092298,0
1,0.9230507684558834,1
1,0.506901325995107,1
0,0.9663945266448098,0
1,0.9292928058310447,1
1,0.9683869577686217,1
1,0.8186706601997707,1
0,0.9268528730455619,0
1,0.9927766745717403,1
1,0.8977420721209834,1
1,0.7846764843593347,1
0,0.7060338603631711,1
1,0.5416474290513995,0
1,0.5122785661138543,1
0,0.9371298402064115,0
1,0.9915619741625243,1
1,0.8507766855679192,0
0,0.8077352678904248,1
0,0.9911236863339652,0
1,0.8382439283339267,1
0,0.9634711713852583,0
1,0.9786262217508763,1
1,0.8145051679763996,0
0,0.7307810527592716,0
1,0.9346692125437159,1
0,0.9979402874764223,0
0,0.5646667597289694,1
1,0.9943254474050448,1
0,0.6901062294273171,0
0,0.8402479461461462,0
0,0.9933223996637438,0
0,0.5528907952918263,0
1,0.6683526523010364,1
0,0.9695166715517702,0
0,0.9961633144861161,0
0,0.9171531477741619,0
0,0.9838093622052361,0
0,0.7946857827360235,0
1,0.950147754230635,1
1,0.9679128144668921,1
0,0.6813663239298152,0
1,0.992820065558338,1
0,0.9786561553541692,0
0,0.9896408181087524,0
0,0.7745798635393839,1
0,0.9365341649600788,0
1,0.7169358774689756,1
1,0.6352342736414051,0
1,0.9524524324184491,1
0,0.9846536496238136,0
0,0.9985947660240466,0
1,0.7871931195193754,1
0,0.9043472360994468,0
0,0.5471241203777564,1
1,0.7408589043478566,1
0,0.9957446646661209,0
0,0.9046171138379691,0
1,0.8855627685755201,1
1,0.9706514491643348,1
0,0.9633473369538327,0
1,0.9946398416391982,1
0,0.9996718885049037,0
1,0.8889577671663895,1
1,0.8972000407707967,1
0,0.9741297467535125,0
0,0.9841116325309692,0
1,0.9990765935388619,1
0,0.9673362668583544,0
0,0.5505528492699113,1
0,0.985930997107095,0
0,0.9874245244837816,0
1,0.6589000978361108,0
0,0.6867501429814621,0
1,0.9870879968293496,1
0,0.91760282819944,0
0,0.5940294773953068,0
0,0.9650544228012921,0
0,0.9972066239713949,0
1,0.7035176155356516,1
1,0.9255298369285779,1
1,0.9701704095709617,1
1,0.7180486441550586,1
0,0.8763002583200963,0
1,0.8320470742263455,1
1,0.9371742176196206,1
0,0.9962029285559797,0
1,0.9276670821129788,1
1,0.8136775534379127,1
0,0.7036852509386825,0
0,0.6685797159855351,0
0,0.6773009882026643,0
0,0.5583482545934104,0
1,0.5723713559139579,0
0,0.5065312639146702,0
0,0.6561373674443394,0
0,0.9978588475692831,0
0,0.585360974263453,1
1,0.8035803685197319,1
1,0.7557220923103946,1
0,0.9179650337210234,0
0,0.9464733808398674,0
0,0.633043234565746,0
1,0.8910073979383962,1
1,0.6375023310921663,1
0,0.9950198489640587,0
0,0.7983155021648897,0
1,0.707266716378781,1
1,0.7653741863560274,1
0,0.9594541780402618,0
0,0.9979153212968115,0
0,0.9999135993330506,0
1,0.6495467797627594,1
1,0.7307109187704294,1
0,0.92614603043177,0
0,0.8195450602208001,0
0,0.8559585664323337,0
1,0.999890956312372,1
0,0.9319294166110516,0
1,0.8251074441869428,0
0,0.9919993192611939,0
0,0.7053839518624991,0
1,0.6552710575077952,1
0,0.9769569501098623,0
0,0.9930689944226112,0
1,0.5001902118002314,1
1,0.9503811322954162,1
0,0.7168785638774191,0
1,0.5148190114601262,1
1,0.7823675775596928,1
1,0.6836083583652969,1
1,0.6919251074702536,1
1,0.870974332674447,1
0,0.9993318410989724,0
1,0.7046561597318873,1
1,0.9787758129695258,1
1,0.8627105128476963,1
0,0.7384667792055892,1
1,0.7779709018018056,1
0,0.8172588014620448,0
0,0.9620597917208332,0
1,0.9237423818637114,1
1,0.9989265132412664,1
1,0.8628881468563747,1
0,0.9988365359214985,0
0,0.8602299805361282,0
1,0.7963208983177794,1
1,0.9061282059027436,1
1,0.543420383719988,1
1,0.9228211977394509,1
1,0.9832261277779057,1
1,0.8788953044043823,0
1,0.7095237047734998,1
0,0.9815040653421958,0
0,0.6413405831430733,0
1,0.7081414781991496,1
1,0.6320987712971385,0
0,0.5044154583552152,1
0,0.6185345431815892,0
0,0.9756130050702656,0
0,0.9980049359058294,0
1,0.8187011583798375,1
0,0.9424209848902474,0
0,0.8064278936820037,0
0,0.9469194921968452,0
1,0.9188758690969969,1
0,0.9488397542578464,0
0,0.8811004674887516,0
0,0.7560727666036048,0
0,0.9390249298737718,0
1,0.9462580933216836,1
0,0.9970869202243333,0
0,0.9992147525314334,0
1,0.9999386427240615,1
0,0.9791552323800325,0
0,0.9168632399567889,0
1,0.9112226013251161,1
0,0.7340507883834391,0
0,0.6767466035209768,1
0,0.8508722581246625,0
1,0.603451322475009,0
0,0.6672824950117127,0
0,0.7738602835227577,0
0,0.9610474208765004,0
0,0.997429313604746,0
0,0.9999509856016949,0
0,0.7506733233028825,0
1,0.8844130382202813,1
1,0.9983941821266905,1
0,0.8717241690638527,0
0,0.5512455837871992,1
0,0.9981184050031326,0
0,0.871845086254603,1
1,0.9289780068762236,1
1,0.7303167721149388,1
1,0.7275534562335264,0
0,0.9121709172445418,0
1,0.9508367109318758,1
1,0.5607343111165037,1
1,0.6249009838872615,1
1,0.9998345783496174,1
0,0.9754564520040189,0
0,0.9201066207756957,0
1,0.9891139269100258,1
0,0.9567020632090537,0
0,0.8315907600681605,0
1,0.5901848252958166,1
1,0.7248596804815851,0
1,0.9669183411066863,1
1,0.7415469131543748,1
0,0.9322817890585593,0
1,0.8988094820118618,1
1,0.7659044194488673,1
1,0.8665870481198988,1
0,0.8176400422405256,0
0,0.9085918852527707,0
1,0.940311461963123,1
1,0.9960153992521359,1
0,0.9639295612043525,0
1,0.8908146688553275,1
0,0.9851821956626038,0
0,0.7443293651957977,0
1,0.7121668276842094,0
1,0.5248882310207201,1
0,0.9881174826053734,0
1,0.987182314367785,1
0,0.9875337245062632,0
0,0.8101700018256612,0
0,0.9934583173260574,0
1,0.994296607873495,1
0,0.8612071109213735,0
0,0.9502420717502441,0
1,0.9221379507669895,1
1,0.7828604086843842,1
0,0.8967741096274557,0
0,0.5695961445613684,1
0,0.9860758593580535,0
1,0.9993590330389157,1
1,0.9925207969860663,1
1,0.7943733868428068,0
0,0.8872167255503374,0
0,0.9573847073352448,0
1,0.9376149906030374,1
0,0.8649893152105025,0
1,0.747664250631416,1
1,0.9262121550511497,1
0,0.9745448456342539,0
1,0.9427340094598975,1
0,0.9875048277652355,0
0,0.7284984225629441,0
0,0.9281882437393391,1
1,0.7850675070963967,0
0,0.9926525593144303,0
0,0.9970962484276019,0
0,0.9988008116044812,0
1,0.9034538044443537,0
0,0.780005642516282,0
0,0.9590262579357263,0
1,0.9983727655157985,1
0,0.9820815683334133,0
0,0.9925916987332181,0
0,0.9988861182433577,0
0,0.9968575522752527,0
0,0.9931370965046611,0
1,0.9375540826191373,1
1,0.9700620625484069,1
0,0.9734400825987128,0
1,0.8596407279686982,1
1,0.9376765879755462,1
1,0.9625619458352789,1
1,0.9404258541057519,1
1,0.9959483029193205,1
0,0.9732570444924471,0
1,0.9111533613994317,1
0,0.9355904416504857,0
1,0.7665463656986828,1
0,0.9633568659981432,0
0,0.9869772956330612,0
1,0.744667250027611,1
1,0.999640042319687,1
1,0.6836401890313496,1
0,0.9940322466146391,0
0,0.7769840795250402,1
1,0.9975602601280645,1
1,0.8466065092340529,1
0,0.9094620032908953,0
1,0.6549816192462753,1
1,0.9180677429184093,1
0,0.964155842352963,0
0,0.6637026905948311,0
1,0.9979379411158408,1
0,0.996730116778097,0
0,0.6760573615378712,0
0,0.9781331332672133,0
0,0.8699292321822479,0
1,0.9562954005308628,1
0,0.8676975975758554,0
1,0.5114446807471621,0
1,0.903507802925356,1
0,0.9760613116464437,0
0,0.8688853020947304,0
0,0.8575205364395018,0
0,0.943940262388195,0
1,0.6084983300237672,1
0,0.9609216850944776,0
1,0.9439619910395165,1
1,0.5192713774025364,1
1,0.7417571823535176,1
0,0.7965372932948309,0
0,0.9974226665185657,0
1,0.6257903050701599,1
1,0.9959595512193671,1
0,0.944311515539822,0
0,0.74394600137788,1
1,0.9331596315588142,1
0,0.9860031365927425,0
0,0.5027899653723522,0
0,0.8426906085011179,0
1,0.8431517155249237,1
0,0.6101590840623521,0
1,0.9729500110319914,1
1,0.6611718288716923,0
0,0.9228885070805148,0
0,0.6652129162052214,1
0,0.8409704481107714,0
0,0.9967149674400138,0
1,0.9530287230090314,1
0,0.6184604330070964,0
0,0.9926433287664362,0
0,0.9996812249698632,0
1,0.9777499151128248,1
0,0.8957174890728123,0
1,0.9989362184268076,1
0,0.9991763795783882,0
0,0.803961400258655,0
0,0.9487991832417915,0
1,0.902548794833021,1
1,0.9899899338762119,1
1,0.9949730220132873,1
0,0.6802865998428634,0
0,0.9551693414092279,0
1,0.9798571195108402,1
0,0.8642460607722033,0
0,0.9646756001986762,0
0,0.9734758109821626,0
1,0.7453860600491873,0
0,0.9421005439932633,0
0,0.5647666649415372,0
0,0.685925919825255,0
1,0.9529695808825495,1
0,0.9825472517710663,0
1,0.9824768868957983,1
0,0.9677103920381616,0
0,0.988235998114546,0
1,0.9864465267753897,1
1,0.6990256120759949,1
0,0.925719666791209,0
0,0.7882845876946263,0
1,0.7619246669313208,1
1,0.9308529368014004,1
0,0.9942552227340407,0
1,0.7042246693495589,1
1,0.9910425192272925,1
1,0.9522535442361588,1
0,0.7268777162786135,1
1,0.9939468023887001,1
1,0.799360922797071,1
0,0.679349412980689,0
1,0.8172059626044916,1
0,0.8693657784710992,0
1,0.9748229208339763,1
0,0.5335590271033075,0
1,0.6557656007973949,1
1,0.801262549862854,1
0,0.6090265553964757,0
0,0.996713252604089,0
0,0.9894984373606343,0
0,0.9737454449108935,0
1,0.9735438419563834,1
0,0.8367856839815697,0
1,0.6176326145882512,0
1,0.5525642340611817,0
0,0.8745112107782066,0
1,0.7097195125936927,1
1,0.7992603007119811,1
1,0.5137823310042191,1
1,0.9908058494817591,1
1,0.6949842409284079,1
1,0.9423110880672038,1
0,0.6014490565327288,0
1,0.9183277844392537,1
0,0.9874992075440893,0
1,0.9130020930200653,1
1,0.9242618933322371,1
0,0.7858232087842869,1
0,0.7530144079594983,0
0,0.6685720559616208,0
0,0.9994237228069249,0
0,0.9919802327871754,0
0,0.9897150874403542,0
0,0.5115841468124784,0
1,0.9332457495485306,1
0,0.9568034129127073,0
1,0.5310089078600619,1
1,0.7816197118119778,1
0,0.9286608127277775,0
1,0.944036273019684,1
0,0.9497881874847748,0
1,0.8672420657603951,1
0,0.9999398012260504,0
1,0.5796397009089551,1
1,0.9942026602381852,1
0,0.8370382450801637,0
1,0.5320533811242233,1
1,0.6225860790926535,1
0,0.9892490901046789,0
0,0.8906090032528406,0
0,0.7490825031389086,0
1,0.9949182295482498,1
1,0.9696762673696411,1
0,0.8973419003482941,0
1,0.9736575134325474,1
1,0.8214063865082837,1
0,0.9435392177210729,0
1,0.5614074468656113,0
0,0.8069513551685421,0
0,0.9986450115963384,0
0,0.8990873346780458,0
1,0.5391828922565988,1
0,0.9695568986615571,0
1,0.9739953281071253,1
1,0.9568751049015468,1
1,0.5949182230033496,0
1,0.951843631312079,1
0,0.5892382811658614,0
0,0.9846878567410217,0
0,0.9477786584800598,0
1,0.8000238644673949,1
1,0.7557680024869798,1
1,0.9924594136526507,1
1,0.65041151175703,1
0,0.8978153172408627,1
0,0.9308833051595765,0
0,0.8007842095436154,0
0,0.9414603611598066,0
0,0.9244434851443672,0
0,0.8164556572991843,0
1,0.847792276256008,1
0,0.5561425327333023,0
0,0.7547978558335874,0
0,0.6617489612374463,0
1,0.8824434639166385,1
0,0.9282643226774019,1
1,0.9963207950626889,1
0,0.6111209206929518,0
0,0.9565492826172475,0
0,0.9973459107182856,0
1,0.9998546818160875,1
0,0.989071485500486,0
1,0.8656407221469596,1
1,0.9546767463958197,1
0,0.933229984473803,0
0,0.7857207334657766,1
0,0.9980383309581906,0
1,0.7533417031392627,1
0,0.6771756213286771,0
0,0.9326974096655221,0
1,0.970278704373025,1
0,0.9983408709713492,0
0,0.8073872813292527,0
1,0.9999072572318466,1
1,0.5376528407877318,1
1,0.6230295497209586,1
0,0.6717496376721774,0
0,0.5075098509372311,1
0,0.9157653800815949,0
1,0.8303428725636464,1
1,0.703955580613502,1
0,0.9992871978637128,0
1,0.7643134127062592,1
0,0.5337122463674411,0
0,0.9278495810236969,0
1,0.9504718105547573,1
0,0.5702988381178113,1
0,0.9725655120012201,0
0,0.9865290073709818,0
1,0.7782677918994771,1
1,0.9947123432527332,1
0,0.9968939586528887,0
0,0.6740283272807317,1
0,0.9732287527143851,0
1,0.855687680867403,1
0,0.5670113027726656,0
1,0.9936432693305892,1
0,0.9973637166792902,0
0,0.9341453517567828,0
0,0.9219948084585059,0
1,0.7474199230032785,1
0,0.9525018467821471,0
1,0.720196832545123,1
0,0.5609239108493305,0
1,0.8740961848195999,1
1,0.9890907928247558,1
0,0.517268718809305,0
1,0.9990286341335447,1
1,0.9955016394321785,1
1,0.8770726120689439,1
1,0.7322389032485002,1
0,0.9109417464754823,0
1,0.9055414146238151,1
0,0.7751224340883467,0
1,0.8351806702504903,1
0,0.9963828869545465,0
1,0.7568466893288376,1
1,0.9717980230194276,1
1,0.6811954925549175,1
0,0.9223786004237191,0
0,0.5375646105233103,0
0,0.9984914136524896,0
0,0.9776528430378456,0
0,0.998407598100293,0
0,0.9886335136900494,0
1,0.6863467393091727,1
0,0.9689638897134957,0
1,0.7022492538803331,0
0,0.9966917966833589,0
0,0.9758002110892716,0
1,0.9349586358545937,1
0,0.9942167791315376,0
0,0.9929258428933898,0
1,0.7939939520250031,1
0,0.5985608358806694,0
0,0.9746011349657986,0
1,0.7726186777408319,1
1,0.6647927915774782,0
0,0.8374529279119325,0
1,0.5513227093350689,1
1,0.8348783463137659,1
1,0.6273960613411932,1
0,0.9943246114231273,0
1,0.856048547865966,1
0,0.9582755587033027,0
1,0.6237773423276118,1
0,0.8207174327955933,0
0,0.6766474403860593,0
1,0.9754545007046267,1
0,0.9151279918996188,0
0,0.6408701924056505,0
0,0.9996156614779124,0
0,0.9809760717276167,0
1,0.9125078835963512,1
1,0.781043713462099,0
1,0.7278143009559146,1
0,0.8176174703520115,0
1,0.9627102528266376,1
0,0.866984804818426,0
1,0.8352439398807116,1
0,0.857430486504454,0
1,0.9807544830936518,1
0,0.9898897306950792,0
1,0.8581439337848789,0
1,0.986697663448857,1
0,0.998961417509674,0
0,0.7636829793308131,0
1,0.6047394026880704,1
0,0.9769055230664591,0
1,0.9550931593376449,1
1,0.9275659560500608,1
0,0.7450545235376459,1
0,0.9954878368102783,0
0,0.9395172540523817,0
1,0.7884096321122106,1
1,0.6973791519327621,1
1,0.9121017927186644,1
1,0.5795003420964171,1
1,0.9666224617745994,1
0,0.9984234904305146,0
1,0.9037930080472796,1
1,0.984862210568193,1
1,0.8406623802795625,1
0,0.9997482306410295,0
0,0.9779924426003989,0
1,0.9568082761275352,1
0,0.9892434599862482,0
1,0.8491588301478251,1
1,0.7815442620496229,1
1,0.5698244607020514,1
0,0.9927237968806062,0
0,0.9238068254354332,0
0,0.755821308051857,0
0,0.8769349712789601,0
1,0.9399960695734152,1
0,0.5791941260133839,0
0,0.948198434575049,0
1,0.9947652870303183,1
0,0.824130669530108,0
0,0.7112085801901171,0
0,0.8985154295510712,0
0,0.9987885744193454,0
0,0.9937470430333213,0
0,0.5814792708727244,1
0,0.5253693886693755,1
0,0.6454888542745396,0
0,0.7927728814319742,1
0,0.9013394578453298,0
1,0.6372230607520083,0
0,0.7661334825907777,0
1,0.9300352611826249,1
1,0.8890727167213491,0
0,0.9878270129771476,0
0,0.9315011260226738,1
0,0.9959126980696589,0
1,0.9443695144455527,1
1,0.7770692200581288,1
0,0.9960363050180548,0
1,0.8898615623590314,1
0,0.5425894134102457,1
1,0.9716142378564173,1
1,0.9349917860286042,1
0,0.9690486024476453,0
1,0.5389204943327314,1
1,0.5549697923191673,0
1,0.8753400503148947,1
1,0.7973276273945371,1
1,0.9563586903135329,1
1,0.8741180249020134,1
1,0.9744012910435568,1
0,0.9667835631158754,0
0,0.6167070198679309,0
0,0.9978555208313293,0
1,0.9009289764461103,0
1,0.849285224420634,1
0,0.9258988005356408,0
0,0.9884303183684163,0
1,0.9512273501375806,1
1,0.83440697597408,1
0,0.803984424978762,0
1,0.9117848816887375,1
1,0.5812887171491622,0
0,0.8850115254234395,0
0,0.7136203390848865,0
0,0.9274332216137108,0
0,0.9269541641440153,0
0,0.8337052852771569,0
1,0.7004975276895986,0
0,0.9781281016005692,0
0,0.6451547431198046,1
1,0.9855706108447319,1
0,0.8323472536046324,0
1,0.9762234372615909,1
1,0.6938730580429237,1
0,0.9990546935422455,0
0,0.6137269359618751,0
1,0.8516922240507115,1
0,0.989786096645336,0
1,0.9834434299042855,1
1,0.6104207880622442,1
0,0.5063209002883396,1
0,0.7463266771950957,0
0,0.8563639952478981,1
1,0.7805449365472259,1
0,0.5705122921042752,0
0,0.9894700417692636,0
0,0.967242471910794,0
0,0.9974336505271145,0
1,0.8022127259261136,1
0,0.9423618044199367,0
0,0.988197148875986,0
1,0.5432695599184766,1
0,0.8948696319327458,0
1,0.9123386076387003,1
0,0.9641834017712211,0
1,0.8903457315834814,1
1,0.9984258542637529,1
1,0.7099130967523012,1
0,0.9925410798224705,0
1,0.8863475968701859,1
1,0.9978351279214972,1
1,0.8941342389630014,1
0,0.9763532547922908,0
0,0.8635088441589953,0
1,0.9972823620238793,1
1,0.9509247976917814,1
0,0.9984186650218598,0
0,0.9951990002807398,0
1,0.645008625064532,0
1,0.813606606733397,1
0,0.7110983463521531,0
0,0.9813021725328727,0
0,0.9995938125799303,0
0,0.9708122778256465,0
0,0.5994965238027803,0
1,0.9724740315579471,1
1,0.8890013462278606,1
1,0.9936183774319024,1
0,0.6403696806742778,0
1,0.6979387146458645,1
0,0.9763102276193982,0
0,0.9761321587354376,0
1,0.8795604031443776,1
0,0.9757698365223714,0
1,0.9560295898774914,1
0,0.9903697312440464,0
0,0.8744015602130406,0
1,0.5802428110377144,1
0,0.9778545636884071,0
0,0.9985823597878781,0
1,0.7331657097235277,1
0,0.9036281196430845,0
1,0.9783024305076878,1
0,0.7827048304459925,0
1,0.885761285472277,1
1,0.9082920789662352,1
0,0.6480890587992595,0
1,0.7064937197912035,0
1,0.9331931548571977,1
1,0.5718742556702257,1
1,0.9481436185547523,1
0,0.8563587972344257,0
1,0.9992676253615049,1
0,0.9831138455062761,0
0,0.8668692976883782,0
1,0.9119745040059137,1
1,0.5563870370588164,1
0,0.6023345272899836,1
1,0.8819086866001588,1
1,0.9698042943063085,1
1,0.8710120113536972,1
0,0.9387980990704409,0
1,0.9663375042259624,1
1,0.8075127371450698,1
0,0.9999597574433062,0
0,0.9985973088426319,0
1,0.7892206329104097,1
1,0.8753816148114812,1
1,0.9773663778382449,1
0,0.9726358567873844,0
0,0.7706318784971815,0
1,0.8955119726594688,1
1,0.8409751461126737,1
1,0.5902418005196173,1
1,0.8179095877211506,1
0,0.9507077639968259,0
1,0.6983284520999002,1
1,0.9829609209632694,1
1,0.9574747422526135,1
0,0.997186643875037,0
1,0.9939083629230581,1
1,0.6350896416397447,1
1,0.8689456169191989,1
1,0.8945175861272789,1
0,0.9107233835606864,0
0,0.9975481524255764,0
0,0.9806177935831999,0
1,0.7904105323545413,0
0,0.9741191882123892,0
1,0.9993880457461166,1
0,0.8918892782634016,0
0,0.9812256564317271,0
1,0.8484688854674156,1
0,0.934680174108296,0
1,0.9967121702031895,1
1,0.631083413715502,0
1,0.7150571227312202,1
1,0.737263830169818,1
1,0.9352861844591617,1
1,0.9989535415562585,1
1,0.9990894385905591,1
1,0.8910633509668636,1
1,0.7378190075774388,1
1,0.9773715719265171,1
0,0.7745420193136807,0
0,0.9953450515283162,0
1,0.5725745066530611,1
1,0.8893745211128168,1
0,0.9825066086099048,0
0,0.5425894134102457,1
0,0.9945800209612407,0
1,0.6424971507114128,0
1,0.8929668740688653,1
0,0.8051331581625972,0
0,0.9855864415488937,0
1,0.5629621733353183,1
0,0.9037537828221622,0
1,0.9602424956907378,1
0,0.929879309286539,0
1,0.6837456341895718,1
1,0.7223970469178613,1
0,0.998648461523022,0
1,0.8399784260723157,1
1,0.8054325745162233,1
0,0.8930977414760152,0
1,0.995043209962689,1
1,0.9721465942668783,1
1,0.8676630062354512,1
0,0.9774504803364947,0
1,0.7343102536927149,1
0,0.6461139243414331,0
0,0.9490942193852143,0
1,0.957751216122841,1
1,0.9183031008794763,1
0,0.6463815915842412,0
1,0.9782593012038265,1
0,0.9567070529495751,0
0,0.9684953963805112,0
1,0.9680559373629228,1
0,0.5009038788311069,0
0,0.752664319760151,0
1,0.5386232048283162,0
1,0.8628881468563747,1
1,0.9062816639637915,1
0,0.9722537479247166,0
1,0.983237416506508,1
0,0.8544399317457851,0
1,0.9436895860393095,1
0,0.878233029853326,0
1,0.9754198384208143,1
0,0.9939673460261498,0
1,0.9569683478999994,1
0,0.9983611525573786,0
1,0.6153290493873688,1
1,0.9586651346369107,1
0,0.5349232041588001,0
1,0.7694348710633997,1
1,0.9561957967385147,1
1,0.8903973287626743,1
0,0.9546846082122874,0
1,0.602011665079167,1
0,0.901533372517484,0
1,0.7576157005206907,1
1,0.6942395673776539,1
1,0.8733801322343197,1
1,0.9503330844882079,1
0,0.9987627582505738,0
0,0.9881013446159054,0
0,0.9513281436977332,0
0,0.934800838604042,0
0,0.5526000748840494,0
0,0.9735584357382402,0
0,0.8592027948917674,0
0,0.8261600884854001,0
0,0.9775398279141472,0
1,0.9149725630274769,1
0,0.9875652823167231,0
0,0.9110404462452703,0
1,0.9646004390915555,1
0,0.693988924532042,0
0,0.9935392764676844,0
1,0.5138581041613215,1
1,0.9896912474546126,1
0,0.9992050124046392,0
1,0.8728614527487951,1
1,0.5562174002281387,1
1,0.9116449112494606,1
1,0.9849699056179957,1
0,0.680328195475163,0
1,0.8219945567981491,1
1,0.9545734768390768,1
1,0.9085157652050815,1
1,0.7651119951168232,1
0,0.9820633823226887,0
1,0.6666067082417891,1
0,0.7153620561460681,0
1,0.8631074182441956,1
0,0.981761243766184,0
0,0.9753345028698877,0
0,0.5517392406568868,0
1,0.694702324632487,1
0,0.9898094288640756,0
0,0.97894795471703,0
1,0.5935486934412392,1
1,0.6762278790096757,1
1,0.9675621040191366,1
0,0.9559801778540385,0
0,0.9997971631854747,0
1,0.9501626018378551,1
1,0.9661490716376289,1
0,0.6166535010842021,1
1,0.777477092514933,1
0,0.980048345964075,0
0,0.9928783479183406,0
0,0.9695857823553163,0
1,0.9297600428151112,1
1,0.8542136606536962,1
0,0.961997229629679,0
0,0.6418167130151611,0
0,0.9725082272237051,0
0,0.996048341240908,0
1,0.9417405832117488,0
0,0.7938502010857467,0
0,0.9693533859068135,0
0,0.634140133271168,0
0,0.7849076546603789,1
0,0.8203942067792502,0
0,0.8533219042310832,0
0,0.9459011206557525,0
0,0.8659789371285694,0
1,0.9301957152900724,1
1,0.8898373600273278,1
0,0.5887964502943255,1
1,0.8447012989468653,1
0,0.9406990726001051,0
1,0.8694033739300729,1
0,0.9691112948904954,0
1,0.7644502314327127,1
1,0.9881354473382885,1
1,0.9087351500769473,1
0,0.9295965284177204,0
1,0.5028349019335516,1
1,0.5691930240265741,1
1,0.6628274228549225,1
1,0.6818288053177773,0
1,0.6121929476246984,1
1,0.7200862446005696,1
0,0.9583805796666525,0
1,0.9834627835532043,1
1,0.9876400537889811,1
0,0.9948445092547423,0
0,0.9989550499792728,0
1,0.8170090066701878,1
1,0.9791681526857956,1
1,0.9978402726434247,1
0,0.9982486648806452,0
0,0.8286007541487117,0
0,0.5362926579145124,1
0,0.9907460796756556,0
1,0.9364514828593485,1
1,0.880933200404912,1
1,0.6446005202371351,1
0,0.9763477534392614,0
0,0.8482525294207928,0
0,0.5110842804626383,0
0,0.6894003027216234,0
0,0.8750546779271908,0
0,0.9357844897272667,0
0,0.9933821170756258,0
0,0.5111207663229207,1
0,0.8298862227645439,0
1,0.7011573607152144,1
0,0.7973611336269182,0
0,0.5346315085246234,0
1,0.5741815099109517,0
1,0.9936594243242097,1
1,0.8513107233202917,1
0,0.9902344629763616,0
1,0.9397678688600056,1
0,0.9021983852618122,0
1,0.6563468763372257,1
0,0.9874243311806717,0
0,0.7233624142375945,0
1,0.9999348169814797,1
1,0.8009354562702127,1
0,0.9829786738275182,0
0,0.9422991939623824,0
1,0.8139159026756045,1
1,0.8936514998173376,1
0,0.5790336968638098,1
0,0.9629865662885428,0
0,0.8347900556879441,0
1,0.7644978549998166,1
1,0.9957177098206228,1
0,0.9206815460035777,0
0,0.9652858029689797,0
0,0.9882517234717547,0
0,0.9626540768077887,0
0,0.995638604140915,0
1,0.6005850897413719,1
1,0.9984046806742735,1
0,0.9804396971693963,0
1,0.6905739023220261,1
0,0.8749328575780067,0
1,0.5805133714767473,1
0,0.9818208447745517,0
0,0.9847500500394111,0
0,0.9697905291965203,0
0,0.7144485971323429,1
1,0.7636400871048125,1
1,0.686539239712376,1
1,0.9989037296536936,1
0,0.5228694205833058,0
1,0.9826481259160329,1
0,0.5472960386075435,1
0,0.9475645657669202,0
1,0.7975584660120374,1
0,0.9503944452077583,0
0,0.828347320913953,0
1,0.9989360412584809,1
0,0.9988344215482994,0
1,0.892549898867895,1
1,0.9860287981252588,1
1,0.963743518290656,1
0,0.8710967209985194,0
1,0.8570065966561272,1
0,0.897625264571411,0
0,0.9999286833650536,0
1,0.8845311914284487,1
0,0.9082205397361085,0
0,0.997064726059585,0
0,0.5607403420389243,1
0,0.7961968844041685,0
1,0.7529116057304659,0
0,0.9829258669023008,0
0,0.8122896257304217,0
1,0.5889898347589242,1
1,0.9808082556998626,1
1,0.7256174872133037,1
0,0.8172225241310316,0
1,0.9857154599525298,1
0,0.9908740874228645,0
0,0.9948828863129543,0
0,0.7115358231460602,1
0,0.9601305297839876,0
1,0.7293692662555701,1
1,0.8956753562971328,1
0,0.9987196963333077,0
0,0.9999300853304793,0
0,0.9671126689676809,0
0,0.9931958823811038,0
0,0.9875624053313178,0
1,0.9695250710461426,1
0,0.9987163488399118,0
1,0.9991335801878971,1
1,0.8358562743238368,1
0,0.9591489713656562,0
0,0.9648408651395617,0
0,0.9633803172285117,0
1,0.8649709161368621,1
0,0.9898623442609007,0
1,0.9452774615534876,1
1,0.9559792639097237,1
1,0.9120202720451438,1
0,0.9132231410812943,0
1,0.8073897743642222,1
0,0.9354581087044213,0
1,0.8688835048879575,1
0,0.9502401500726082,0
0,0.9997019094632137,0
0,0.8177213525287089,1
1,0.7090144215434354,0
1,0.696810750318603,1
0,0.8663361651247878,0
0,0.9323224178332805,0
0,0.7077399880739488,0
0,0.9918476904598966,0
0,0.9970581313393433,0
0,0.8129758735229332,0
0,0.8971942366696724,0
0,0.8437412397156235,0
1,0.5966129213828634,1
0,0.8322314954044521,0
0,0.529345910522744,0
1,0.9734411408097021,1
1,0.6558695144363568,1
0,0.88417165124445,1
1,0.9679152408603542,1
0,0.9865895784955302,0
0,0.9820210727896528,0
0,0.9810941219317432,0
1,0.8934666297938604,1
0,0.9365098917673593,0
1,0.7696362815430196,1
1,0.8270189442611323,1
1,0.6939476223596833,1
1,0.9467342226179138,1
1,0.9138864020778994,1
0,0.828909815483257,0
1,0.5007730982863334,1
0,0.9712733698855904,0
0,0.9519591251141301,0
0,0.7827167529773784,0
1,0.9962220279105997,1
1,0.9525589478655113,1
1,0.9265341399393716,1
0,0.9920342692437194,0
0,0.5157163921471888,1
0,0.7918149554721002,0
1,0.9952322344357393,1
0,0.944386607613484,0
1,0.9166549789084973,1
0,0.9524245063891608,0
0,0.8637112618595298,0
1,0.9961772518115706,1
0,0.7082192620506642,0
0,0.9979512994636454,0
0,0.9837836001226086,0
1,0.5364468417864721,0
0,0.9941661736606106,0
1,0.5606759453506801,0
1,0.9997259018851491,1
0,0.9433966933778624,0
1,0.9271283825391584,1
1,0.9593027149939852,1
1,0.6225674432516228,1
1,0.6477255196974335,0
0,0.8371434276512282,0
1,0.9228233101343511,1
1,0.9116639961935511,1
0,0.6511607970811285,0
1,0.8428491794651277,1
1,0.9378013728455139,1
1,0.8123378096026803,1
0,0.5097968063122078,1
0,0.7125453720543908,1
1,0.76535912033383,1
1,0.8113708170099778,1
0,0.6972818798077787,0
0,0.9475783822343623,0
0,0.5733479447516496,0
0,0.9443977060753952,0
1,0.7833242804796614,1
0,0.925378698614018,0
0,0.999566776217566,0
0,0.92328077267948,1
0,0.665143964624512,0
1,0.6234380873610201,1
0,0.9961311996560462,0
0,0.985304640054202,0
1,0.9568207787351677,1
1,0.7874301778860566,1
0,0.9757418980146476,0
0,0.6588345518752377,0
0,0.8791037221495742,0
0,0.9550200642586317,0
1,0.9585131702582664,1
1,0.6608482888892792,1
1,0.7880193456311253,1
0,0.831321622883586,0
1,0.7067197221946939,1
0,0.5435902374136381,1
0,0.6727971650420308,0
1,0.6844788625625209,1
0,0.9944906985800358,0
0,0.9167981943861085,0
0,0.9817208923123208,0
0,0.9972660658856674,0
0,0.955896716509079,0
1,0.7144656856052563,1
0,0.7222337210322824,0
1,0.8272346267826003,1
1,0.9316994893832702,1
0,0.9895144038700937,0
1,0.9882148987746051,1
0,0.8649664184190334,0
0,0.6744787359343727,0
0,0.8666789429866473,0
0,0.9884182136445476,0
1,0.8516445290877347,1
1,0.5331526946593265,0
0,0.9095326535775582,0
0,0.9247154023777878,0
1,0.6164444793636898,1
1,0.9777928189222073,1
1,0.9741487703186414,1
1,0.8379550935448924,1
0,0.5864401268844366,0
1,0.7455079023392142,1
0,0.7520139816745499,0
0,0.6405302227129555,1
0,0.6444642989014762,1
0,0.9639368106937063,0
1,0.9830195387314493,1
0,0.8386946523996524,0
0,0.7023114699851756,0
0,0.9967734022861752,0
0,0.995954217554219,0
1,0.5733013214233191,0
1,0.7950594834057848,1
1,0.863799451237595,1
0,0.9885321937451247,0
1,0.8704925979156631,1
1,0.8894549441442032,0
1,0.9849309077053625,1
1,0.7090102638152774,1
0,0.9840871859957335,0
1,0.9765458216835848,1
1,0.9996107213116495,1
1,0.7947082715781483,1
0,0.7814626561166533,0
0,0.843929662278348,0
1,0.7238536707877163,1
0,0.9975406059378917,0
1,0.9951424952089131,1
0,0.9818582676630138,0
0,0.8741470639147964,0
0,0.9812972183523676,0
0,0.8402027693653009,0
1,0.6010121117493707,1
1,0.9869953930198381,1
1,0.6765764549666341,0
1,0.915298895972441,1
0,0.9973073114733098,0
0,0.8138927959403287,0
1,0.9696671542895644,1
0,0.8988572536496875,0
1,0.5410174430155938,0
0,0.9546321064036647,0
0,0.8813123433267143,0
0,0.9858376466219354,0
1,0.9480757676698326,1
0,0.5019381268702381,0
1,0.9675277060166318,1
1,0.9979486550573312,1
0,0.7607121370906424,0
0,0.7233900627253662,0
0,0.9843321214809205,0
1,0.645817308803359,1
0,0.6667526954379613,0
1,0.6333898155749804,0
0,0.9832831391298079,0
0,0.9698770038487028,0
1,0.6400664543330191,1
0,0.9925832338078827,0
0,0.9975382015703935,0
0,0.9663451349278771,0
0,0.743707726547921,1
1,0.9618253326933479,1
1,0.6713387487000728,1
1,0.989260256443515,1
1,0.7492136243427768,1
0,0.8034226332849537,0
0,0.9649693588523814,0
1,0.7724833370281331,1
1,0.7305538838392321,1
1,0.8843456615217438,1
1,0.9660067920123596,1
0,0.724639695815133,0
1,0.9648209548019119,1
1,0.5301669739990132,1
0,0.9704584143464007,0
0,0.7534629051313686,0
1,0.6617304246087014,1
1,0.9940997292597404,1
1,0.9103682284960628,1
0,0.731793262853663,0
1,0.9490207559288961,1
1,0.5041829534664224,1
1,0.8710997777364302,1
1,0.9959580602086848,1
1,0.8978697451070415,1
1,0.9560239921969674,1
1,0.8500117447418807,0
1,0.632142372705667,0
0,0.984512527306245,0
0,0.5745743830377145,1
0,0.5817777677719926,0
1,0.6043507511999907,1
1,0.8417121010554366,1
0,0.6520673372127892,0
1,0.9981906480369541,1
1,0.5637788212997396,1
0,0.9154418079224274,0
1,0.9177204588325476,1
0,0.8768575170594478,0
0,0.9125416817968864,0
0,0.9506380662179362,0
0,0.6065062159491625,1
1,0.8711295641080924,1
1,0.5683869655763296,1
1,0.5575218092070597,0
1,0.9947852419858693,1
1,0.6595220006401327,1
1,0.6554614266397767,1
0,0.9921381759171033,0
1,0.9085637710262315,1
0,0.8593418637941925,0
1,0.9892300862798014,1
0,0.953649533410349,0
0,0.9870662777542879,0
0,0.9994942318896233,0
0,0.9309333477387903,0
0,0.9323847905686511,0
1,0.9876846806304832,1
1,0.9891694904115769,1
0,0.9995591325819666,0
0,0.8840874439445737,0
0,0.9897844214848375,0
1,0.9355194598604634,1
0,0.981660894042525,0
0,0.7765265547649907,0
0,0.9925953351315735,0
1,0.9915339730075718,1
0,0.5710486326637192,1
0,0.8698123320113518,0
1,0.8229417876706495,1
0,0.9874137785884133,0
1,0.9343840228902908,1
0,0.6598881059898378,0
0,0.8746321131939325,0
0,0.999225118336693,0
1,0.956345600314845,0
1,0.830870768054422,1
0,0.9436575540026699,0
0,0.9777239342276323,0
0,0.7780905253594267,0
0,0.9976357704186686,0
0,0.9361563901992934,0
0,0.663132539685074,0
1,0.9959589619804349,1
0,0.6602418077878329,0
1,0.8869912161556641,1
0,0.8355117507160046,0
1,0.9875140420049235,1
1,0.8323847380907915,1
1,0.9884484268260487,1
1,0.8391297163180957,1
0,0.5644219074115765,1
0,0.9502775627254079,0
0,0.9998896563436925,0
0,0.5099708995268799,0
0,0.9288862893903876,0
1,0.8431013971749449,1
1,0.8851485651532912,1
0,0.9953663611039739,0
0,0.9824729511722771,0
0,0.8410273056154589,0
1,0.9368892880448605,1
1,0.8589011515120509,1
1,0.9732349984358217,1
1,0.9744952846122988,1
0,0.6679829983050787,0
0,0.7493564432190916,0
0,0.9886684965433592,0
0,0.9027296519627297,0
0,0.9964498081671513,0
0,0.8119587743002954,0
0,0.9359556191606475,0
1,0.8878104082616358,1
1,0.8704726296892351,1
1,0.8233897335216186,1
1,0.87464622498867,1
0,0.5273997475433043,1
1,0.8103288987841889,1
1,0.9999613390529121,1
1,0.9984091886377489,1
1,0.846530611182989,1
0,0.6625219986619677,0
1,0.8569223801047383,1
1,0.8891557553904943,1
0,0.993648550841422,0
0,0.9096009081131728,0
1,0.8941282545315207,1
0,0.7156584737464351,0
0,0.9688120751898773,0
0,0.9858266594284668,0
1,0.9999520788206665,1
0,0.9866018358129715,0
0,0.9846365986668576,0
1,0.927279081360825,1
0,0.9020090566575978,0
0,0.7065820223024923,1
0,0.9127241110074767,0
0,0.971670739546455,0
1,0.998844637553903,1
0,0.9147861803539689,0
0,0.5380040653666871,1
1,0.970820593759818,1
0,0.9705730346638717,0
0,0.7990460314692596,0
1,0.9809740480612106,1
0,0.9737487408614116,0
1,0.8228893867419376,1
1,0.9801082856244506,1
0,0.7086046532327859,1
0,0.8433493427195584,0
0,0.999272453334018,0
0,0.8225380637670687,0
0,0.8001834080651973,0
1,0.7008183420730026,1
1,0.6871827564388164,1
1,0.9827079273533045,1
1,0.7646901955650293,1
0,0.9743900180753288,0
0,0.9668204896484727,0
0,0.9957417025792471,0
0,0.9900467455232722,0
1,0.8804650786742628,1
1,0.9710398830684294,1
1,0.6946981134511167,1
0,0.5034822425604027,0
0,0.9472417127474214,0
0,0.9849540273238999,0
1,0.7520020033900247,1
1,0.9068744698939638,1
0,0.9391964318672726,0
0,0.8018995729429608,0
0,0.9996972823189655,0
1,0.8649501211586814,1
1,0.6989703337772942,1
1,0.7802519634067132,1
0,0.9291164600624059,0
1,0.974792842552475,1
0,0.9666325896039761,0
0,0.8271928681493208,0
0,0.9494643868642054,0
1,0.9991967465392825,1
0,0.9495726018442607,0
0,0.9974512656382432,0
1,0.9952533273727385,1
0,0.6321481603246633,0
1,0.7225629803371121,1
0,0.5917181240831455,0
0,0.8844897720463355,0
1,0.9810239464935591,1
1,0.5351477096425837,1
1,0.5302787679336726,0
1,0.5097001459712694,1
0,0.7069008796665166,0
0,0.9754948423889649,0
1,0.6330804628270904,1
0,0.9678416550505361,0
0,0.9710986718831276,0
0,0.710084806238211,1
0,0.9955926647118702,0
1,0.9299482571659708,1
0,0.995899179294875,0
1,0.9996232279108251,1
1,0.9975475014592453,1
0,0.9618268419686871,0
0,0.6813514381581192,0
0,0.7341994638352187,0
0,0.9983553422427758,0
1,0.9995649687959554,1
1,0.7055805706872132,1
0,0.9891081457817701,0
0,0.9802063269858018,0
1,0.7496038220026744,0
0,0.9927117207981944,0
0,0.9383465674557633,0
0,0.9717117632782458,0
1,0.9999391916700372,1
0,0.9775195112518099,0
0,0.9996305390182098,0
1,0.9712607904048702,1
1,0.9970039017846923,1
1,0.9278925358912415,1
1,0.8454117934800354,1
0,0.9782226563476539,0
0,0.8815853458181094,0
0,0.9122152574692828,0
0,0.9460579076738446,0
0,0.9999127293679305,0
0,0.946668597460452,0
1,0.9166221690527359,1
0,0.8900638650923652,0
1,0.883844188040999,1
0,0.9322416827535291,0
1,0.9854884178882255,1
1,0.9998871079796695,1
0,0.9553352514126956,0
1,0.992211526907445,1
1,0.8025413869852281,1
0,0.9668924039650209,0
0,0.9936869027022532,0
1,0.8848803870321622,1
0,0.7942202346018609,0
1,0.7678377024839956,1
1,0.7288712072666402,0
0,0.583951833061097,0
1,0.9565259701573073,1
1,0.960829655412571,1
1,0.8293597924585246,1
1,0.9997231629817441,1
1,0.979564407195417,1
1,0.7115182911151691,1
1,0.767128560883649,1
0,0.9877206177522461,0
0,0.7153884224221199,0
1,0.9741808703949313,1
0,0.9193684867461291,0
1,0.9871411232886069,1
1,0.5622519701166118,1
1,0.9899677515151799,1
0,0.9935269814106747,0
0,0.7727060671860059,0
0,0.9586959772229157,0
1,0.7849438557380392,1
1,0.6046085325590513,0
0,0.5978598301200946,0
1,0.8109280285597921,1
1,0.9950851668245579,1
0,0.959249951995515,0
0,0.5068644009371719,0
1,0.5947924195095131,0
0,0.6861132991682417,1
1,0.8708080996861293,1
1,0.7289424639652591,1
0,0.9594819761708416,0
0,0.9753671089264576,0
1,0.8384228183269894,1
1,0.9973080920054119,1
1,0.7638498531155199,1
0,0.5101675301451947,1
1,0.951367881736038,1
0,0.5011244896730922,0
1,0.7161225875034056,0
0,0.9710994888959174,0
1,0.6597618496151451,0
0,0.57769580853737,0
0,0.9932356368785951,0
1,0.9043972542089954,1
1,0.6651779035845184,0
0,0.5902427266347378,1
0,0.9819343715849355,0
0,0.9983798043810248,0
1,0.9209305867671498,1
1,0.7241337603719497,1
0,0.9862678103680586,0
0,0.5430977726038901,0
1,0.6531234122932933,0
0,0.9913482284681626,0
0,0.8306565805991742,0
0,0.6281596528102706,1
1,0.8916747392430022,1
1,0.9994670393593871,1
0,0.9705979719769878,0
0,0.8117652473781176,0
1,0.9479932989936716,1
1,0.988576871930665,1
0,0.8641722733106745,0
0,0.7765119374971976,0
0,0.980084224569776,0
0,0.9316810049151296,0
0,0.9594091942436842,0
1,0.6326984062248097,1
1,0.6733068087659234,1
1,0.658745197088205,1
0,0.8917671883451257,0
1,0.7911274405204327,1
0,0.9784571563030133,0
1,0.5765058005263608,1
1,0.9615368919326065,1
1,0.999906989720057,1
1,0.9155140858612894,0
0,0.6615932792715125,1
0,0.5375757555815457,1
0,0.7395164349004159,0
0,0.9803099162128662,0
0,0.5427099586200589,1
0,0.9972571184808084,0
0,0.8357264411123724,0
1,0.9089336881380492,1
0,0.9296251447883689,0
0,0.6153879890491079,0
1,0.8212421831695588,1
0,0.9879821721991405,0
0,0.9777086199478945,0
0,0.9616294103200532,0
0,0.6841409183529671,0
0,0.9691680165874272,0
1,0.9588962577270633,1
0,0.995971920884954,0
1,0.7790822934417829,1
0,0.5173389791204561,1
0,0.9846149716185009,0
0,0.7480547080824103,0
0,0.9987008666262195,0
1,0.7809605213432437,1
1,0.6868566666971462,1
0,0.9991914480487428,0
1,0.997889543898265,1
1,0.9552752191492905,1
1,0.5251552189309934,0
0,0.9023241610554025,0
0,0.9998466866901292,0
0,0.9036972189781759,0
0,0.9657547221214762,0
0,0.9831283289060997,0
1,0.994754391128531,1
1,0.875867064310268,1
1,0.9999011434484075,1
1,0.999425411883979,1
0,0.9868325996974568,0
1,0.7404461933874578,1
1,0.834094784441041,1
0,0.7874036996387246,0
0,0.8219431326547347,1
0,0.7018839027490273,0
0,0.7797144759849506,0
1,0.7252828001928362,0
0,0.6437853787355767,1
0,0.621892867950666,1
0,0.991576077477954,0
1,0.930466030078186,1
0,0.958886043869764,0
0,0.8389146117624569,1
0,0.8904490884179863,0
1,0.9811449474557682,1
0,0.9775959236591555,0
0,0.9899415387346241,0
1,0.9792316401621907,1
0,0.9953160192735957,0
1,0.8292004754805109,1
1,0.9955663010377819,1
0,0.935720499354821,0
1,0.711959409258149,1
1,0.5904133318557614,0
1,0.9997639881115743,1
0,0.9908100270056025,0
1,0.8399562797877188,1
1,0.9980810326491,1
1,0.5864410289835655,1
0,0.815141157402451,0
1,0.9255692633539718,1
1,0.9999223577776108,1
0,0.5762644217153305,1
0,0.999482676590633,0
1,0.8438655775417467,1
1,0.7963956802172564,1
1,0.8446534405630349,0
0,0.9705220995210964,0
0,0.9935309744519506,0
0,0.6206863403915158,1
1,0.5843699713084499,0
0,0.9978788898029677,0
1,0.7392528990013765,1
1,0.572672078400175,1
1,0.8175824844936022,1
1,0.6795994934833431,1
0,0.7277299819960393,0
0,0.7986780879161357,0
