prediction,probability,label
1,0.7626013634925233,0
1,0.7772844604760943,1
1,0.9900924669807453,1
1,0.6849938571045823,1
0,0.9968674850720808,0
0,0.9869861832756379,0
0,0.8850948967254613,0
1,0.9939275986880682,1
1,0.9331818552844213,1
1,0.9449562132241532,1
1,0.8093567676769482,0
0,0.5688748253709949,0
1,0.6870429136481689,1
0,0.7360542534223462,0
0,0.9965128710581346,0
1,0.7947820300155702,1
0,0.9231493190741112,0
1,0.5289630053146716,0
0,0.8440993637260512,0
0,0.8590736136120255,0
1,0.5307458124989516,1
0,0.7723763908197206,0
0,0.9941252317456373,0
0,0.7319843985706102,1
0,0.9582188200487786,0
1,0.5166229581551022,1
1,0.9341746903509893,1
0,0.5317776703156314,0
0,0.9225007803921028,0
0,0.9822081172219748,0
1,0.5274707345514107,1
1,0.7343879445050471,1
0,0.8934573995044659,1
0,0.9791252482387655,0
0,0.740221564954891,0
0,0.8959603256974592,0
1,0.7642863093810979,1
1,0.5295709555904492,0
1,0.9218187242914406,1
1,0.9482612326851548,0
0,0.72376070879525,0
0,0.9978412992745452,0
1,0.6056831508135173,0
1,0.7958803607727374,1
0,0.8497075634739235,0
1,0.9183742829000817,1
0,0.7452761840308355,0
1,0.5290882421966975,0
1,0.8155811959525171,0
0,0.5540995250308989,1
0,0.943776469371709,0
0,0.6657959029996763,0
1,0.8753753131363277,1
0,0.9751191932429347,0
0,0.9946567133835318,0
1,0.8493193015144438,1
1,0.5438890093077525,0
0,0.5109954794797329,0
1,0.6543475929638355,0
0,0.8662795557252673,0
0,0.9328955033351519,0
0,0.8582105217389709,0
1,0.9646237168225459,1
1,0.5789487730970287,1
0,0.8995345833924535,0
0,0.8511001984613119,0
0,0.8294408749597026,0
1,0.6340237714950137,0
1,0.8182059249363405,1
0,0.6229875002342166,0
1,0.9519515756841433,1
1,0.5173844507681988,1
0,0.547115444277168,0
0,0.8183080508955779,1
0,0.7570377956656018,0
0,0.9927154272157237,0
0,0.9355282064096337,0
1,0.7013120452306341,1
0,0.9507952957880111,0
1,0.769701542614188,1
1,0.750013126202415,1
1,0.9620906113305887,1
0,0.9810846128850191,0
0,0.9857699249420985,0
1,0.8830645208069737,1
0,0.999939567780426,0
0,0.9861817300852854,0
0,0.9966318429993666,0
0,0.9844543525763264,0
1,0.7260578102239282,1
1,0.6170849086325059,1
0,0.9880782796980372,0
1,0.8784097333776926,0
0,0.5332241918258629,1
0,0.8879161322412468,0
1,0.819796375160325,1
1,0.9864036422388147,1
1,0.962641451594695,1
1,0.5865953902348858,1
0,0.9229466824892669,0
0,0.9568054444778917,0
1,0.878134926832189,1
0,0.7123811668168378,0
0,0.8138028510047299,1
0,0.8738846899999138,0
0,0.9297931449126868,0
1,0.594931635261481,1
0,0.8880946982013763,0
0,0.6824767159950647,0
0,0.8022547139776355,0
0,0.9158532207505647,0
0,0.7788592606839123,0
0,0.7552547726671355,1
0,0.8464187526049574,0
1,0.7260002710716601,1
1,0.7341990770275679,1
0,0.8533960755414844,0
1,0.9427616598630111,1
0,0.6950478096918953,0
0,0.9131369482300582,0
1,0.7041214037660044,1
0,0.7021764045748577,0
0,0.6399983644647679,0
0,0.9962288534860017,0
1,0.9292114621174757,1
0,0.847419611598073,0
0,0.56501990321395,0
0,0.8651528772201933,0
1,0.8857337293949832,1
0,0.7361960790797146,0
1,0.7238747845341489,1
1,0.8136787866073987,1
0,0.7799027962475578,0
1,0.5782459981447774,0
0,0.8023970628750626,0
0,0.9867697959143145,0
0,0.5608362485869698,1
1,0.8779156409244693,1
0,0.9947555168344483,0
0,0.9727803668422305,1
1,0.5036583061760884,0
0,0.9970473609891644,0
0,0.6267621962458745,0
1,0.9732758200488523,1
1,0.9193567140601537,1
1,0.7988053223482421,1
1,0.9089526664612583,1
0,0.7283175400686897,0
1,0.7241868675826441,1
1,0.6923549273813101,1
0,0.7253609980594558,1
1,0.53490652025686,1
0,0.9554015691764788,0
1,0.8531732653335128,1
0,0.7785773542020707,1
1,0.7457269915819701,1
1,0.9661385666500467,1
1,0.9192180027664747,1
0,0.6801742631568548,0
0,0.572484221007411,1
1,0.6512457022546777,0
1,0.6041382043923994,1
1,0.5715028033566597,1
1,0.8556625071557077,1
1,0.6755788154083467,0
0,0.9912097255360828,0
0,0.5031455393943546,1
1,0.8218583617498169,1
0,0.9690833840128614,0
0,0.9179862901351351,0
0,0.7363116084009872,0
1,0.9698096232395906,1
0,0.9970426128714345,0
0,0.7786469815380722,0
1,0.5496207800674121,0
0,0.9309670094532245,0
0,0.7887470436616001,0
0,0.9976764212258729,0
0,0.6483094274551284,1
1,0.8730799672201858,1
0,0.5245031982821954,0
0,0.8752667706682055,0
1,0.9443497053345945,1
0,0.985996962737046,0
1,0.7956415433208376,0
1,0.6987262763893031,1
1,0.9358740236140364,1
0,0.992153490741523,0
1,0.9484012344214375,1
1,0.5752382533050254,1
1,0.8155586683413832,0
1,0.7735359151832331,0
1,0.6317487446782527,1
0,0.5747861017159451,1
0,0.5630822109550775,1
0,0.9289885502081647,0
1,0.7517795606316516,1
1,0.5854123687435746,1
0,0.9953656197374217,0
1,0.8067702588464104,1
1,0.890763934932334,1
1,0.8863466854193097,1
0,0.6268564936166781,0
1,0.8565125410224154,1
1,0.9785366118171598,1
0,0.9996283023179183,0
0,0.5673062396608652,0
0,0.9325261166300315,0
1,0.9404063368269231,1
1,0.9575342722589191,1
0,0.69072288342547,1
1,0.7483032897677333,0
1,0.9957937732044755,1
0,0.9485561912698909,0
1,0.6558328991928021,1
0,0.9976760024602851,0
0,0.5103484824409931,0
1,0.5835543221748888,0
0,0.8884157264036612,0
1,0.6252811527410651,1
1,0.8597350108414974,0
1,0.8597374754472481,1
1,0.6400260301297063,1
0,0.9987004041939584,0
1,0.7982555099773241,1
1,0.940493204444258,1
0,0.7109268666263762,0
0,0.5479621620492752,1
1,0.8737479436326262,1
1,0.5196676673777394,1
1,0.9221566386480394,1
1,0.6837578524045532,1
1,0.6914208748576626,1
1,0.9063697407745838,1
0,0.5428362418339772,0
0,0.9953753010621245,0
0,0.5971643674373692,0
0,0.569944322159573,0
0,0.9244263408934219,0
0,0.7000955381581846,0
0,0.8675021692453098,0
0,0.9475055001936168,0
1,0.9808699197484424,1
1,0.6492500293898853,0
0,0.994421758158527,0
1,0.807995163292953,1
1,0.6391998721130554,0
1,0.7143355196533708,1
1,0.9133415489389489,1
0,0.6451202398208952,0
0,0.8628246629484199,0
0,0.927386544905418,0
1,0.7194728200906972,1
0,0.9930951472875924,0
1,0.9781300614963404,1
0,0.9793697947788494,0
0,0.8721371107172954,0
1,0.659843230185244,1
0,0.9383546596350363,0
1,0.7677620797134983,1
1,0.5276578408865981,1
0,0.6211755180068175,0
1,0.821195091885531,1
0,0.9334890477259218,0
1,0.9833418162597111,1
0,0.9812531093553565,0
0,0.8654284364905589,0
1,0.7758575080726562,1
1,0.6195972616965709,0
0,0.770400235691213,0
1,0.5964007291230623,0
1,0.7677549906854346,0
1,0.9902979705988738,1
1,0.6555623369919378,0
1,0.9439468057068922,1
0,0.7553959042598631,0
1,0.8667623315959783,1
1,0.8893797395925251,1
0,0.5710435068083259,0
0,0.9167200836435403,0
1,0.6924166871199685,0
0,0.645140758440608,1
0,0.5428939557794954,0
0,0.9067353417563557,0
0,0.9910047924534786,0
0,0.9257126369690366,0
0,0.8749845369786277,0
1,0.8387544672610466,1
0,0.9906064783624267,0
1,0.9388380866948469,1
1,0.9761476441243224,1
1,0.8622118417384018,1
0,0.8954100078828833,0
1,0.9734977683732783,1
1,0.8213247690216354,1
0,0.959170590240769,0
0,0.8031121742341554,0
1,0.7354644172969719,0
0,0.8208428845832967,1
0,0.565335316489194,0
0,0.6841653568172152,0
1,0.9888487089676082,1
0,0.5281496778483663,1
1,0.6009460416436333,1
0,0.9895925566734796,0
0,0.9998081835288596,0
1,0.6278653905087499,1
1,0.8994139071256689,1
1,0.8976610956568772,1
0,0.626087054109777,0
0,0.6916177126246122,0
0,0.6221701235455546,1
0,0.6472729838967799,0
0,0.9900274095007479,0
0,0.9710769528055077,0
0,0.959618419017599,0
1,0.9914106137268137,1
1,0.6962915657652727,1
0,0.5292310573956597,0
0,0.5452930096973976,0
0,0.579237293208913,0
0,0.8895190872881433,0
1,0.8356024460221909,1
1,0.6223842457947316,1
0,0.9987520854001043,0
0,0.6840986249759711,0
1,0.9931045444085262,1
0,0.9205732548814518,0
1,0.9996290099478512,1
0,0.9463116510212681,0
0,0.8459764923396562,0
1,0.9578422728910465,1
0,0.9897043537031787,0
0,0.8761141132049888,0
0,0.9784425109894254,0
0,0.9842037724848814,0
0,0.9743115478856054,1
1,0.9037179035552976,0
1,0.9282068963718643,1
0,0.7366907415238901,0
0,0.9963487587391608,0
1,0.7704213617894371,1
1,0.540118680506817,0
1,0.9253977764422211,1
0,0.5927510800627329,0
1,0.6111373454324491,0
1,0.8761455209179106,1
0,0.8965984031902405,0
0,0.5553294055363219,1
1,0.9534128889923594,1
1,0.6018092849664778,0
0,0.9753772658137451,0
0,0.915050464142702,0
1,0.6292540179029698,1
1,0.5876726261409981,0
1,0.771061921860191,1
0,0.6785156228809561,0
0,0.5797877941073182,0
0,0.9981467423617508,0
1,0.9931102963210074,1
1,0.9223603047852679,1
0,0.6702850598911017,1
0,0.576927699083428,1
1,0.9703925935619087,1
0,0.7668934377551069,0
0,0.5096504632645864,1
1,0.6070157655225629,0
0,0.8693942495308331,0
1,0.8917737201550531,1
1,0.7581876095908431,1
1,0.9536601400677142,1
1,0.7904207619669401,0
0,0.9503311195023384,0
0,0.8977006605608413,0
0,0.9136328155190737,0
1,0.9180708617865924,1
0,0.5896088298060878,1
1,0.8479112606191157,1
1,0.8282210327354275,1
1,0.8519460018225091,1
0,0.7706147550705829,0
1,0.5083103912120758,0
1,0.6871710099049644,1
0,0.8470101098363351,1
1,0.94480928198586,1
1,0.7821545584638548,1
0,0.7358046636329472,0
0,0.8791346463877839,0
0,0.8591100847638586,0
0,0.9222124913465252,0
0,0.9954287121409195,0
1,0.8295324690297564,0
1,0.595971149103779,0
1,0.6586198650904567,1
0,0.6792695680486431,1
1,0.5273105273995915,0
1,0.8222891740367169,0
0,0.9672188428601167,0
1,0.8313466880032689,1
0,0.9001543090154541,0
0,0.8468601323013973,0
1,0.9312720519785741,1
0,0.8792960019516085,0
1,0.7136505251324603,1
1,0.5099881871343066,0
0,0.6582773964442599,1
0,0.8844893603240563,0
0,0.7977121287861018,0
1,0.5496650943046058,1
0,0.6430424428095587,0
1,0.6147770807468014,0
0,0.9987290817525138,0
1,0.8834082545120044,1
1,0.7032996797612189,1
1,0.7241744969587102,0
0,0.9872912903967513,0
1,0.9963163074365239,1
1,0.9359853193903221,1
0,0.8092695770465581,0
1,0.7741542658126949,1
0,0.8857413909967655,0
0,0.9061628043357284,0
0,0.9120299616237064,0
1,0.626306216805354,0
0,0.9689546019253393,0
0,0.5958617941909885,0
1,0.8236270730579041,1
0,0.5521967617844852,0
0,0.97226239266035,0
1,0.7393843754045044,1
1,0.6974933326082643,1
0,0.903513241258493,0
0,0.6885042605831941,0
0,0.776413246391634,0
0,0.5660052477754876,1
1,0.9022640427543036,1
0,0.6955872192121453,0
0,0.8217229829600988,1
1,0.6248637445817866,0
1,0.5114382710811389,1
0,0.9295339898263758,0
1,0.5848066667999317,1
0,0.6731527404837974,0
1,0.7709884129143562,1
1,0.8470601422884061,1
1,0.9690917486703893,1
0,0.9988409055575616,0
1,0.6693021025972514,1
0,0.9268097696064406,0
0,0.6054400541491,0
0,0.8685631380229398,0
0,0.9785909332211069,0
1,0.6742965769708866,1
1,0.6736234476277653,1
1,0.9769455387772384,1
0,0.9894027714327245,0
1,0.853992984328411,0
1,0.9774438790257632,1
1,0.7239161686773898,0
0,0.8827786010676609,0
0,0.9975922112113059,0
1,0.7760971569381033,1
0,0.9640668494216988,0
0,0.9925830894264945,0
1,0.992235635758105,1
0,0.9318678402721081,0
1,0.8573155792105073,1
1,0.9177362638054456,1
0,0.9772146499296755,0
1,0.9137530775134012,1
1,0.7750889418145016,0
1,0.5483124756891959,1
0,0.9682904192345729,0
0,0.6548656667671572,1
0,0.804971617646242,0
1,0.601977003209892,1
1,0.7235138542491502,0
1,0.8269158222083549,1
1,0.6926081152364895,0
1,0.6621715244782935,0
1,0.771764590718721,1
1,0.773471574317684,1
0,0.7899303973168952,0
0,0.9306994191784024,0
1,0.9857784886442871,1
0,0.5961103212329836,1
0,0.9249670705372641,0
0,0.9195272612608159,0
0,0.9185563818279554,0
0,0.8706062865728685,0
0,0.9670366498057414,0
0,0.9852839895745373,0
0,0.9925776001693455,0
0,0.99078349771387,0
1,0.845852232110374,1
0,0.835397445695629,0
0,0.543910762311987,0
0,0.5989089498844007,1
0,0.8053095489468092,0
0,0.9108140062268199,0
0,0.8746505602935466,1
1,0.7154328840513512,1
0,0.6848393968589015,0
1,0.5370332149509838,1
0,0.5406448442632265,1
1,0.7150152233539889,1
1,0.6909370422546959,0
1,0.964449877385019,1
0,0.9657672098371217,0
0,0.999216550601678,0
1,0.8899434434486051,1
1,0.9997487937315663,1
1,0.950126830824564,1
0,0.6455508038878864,1
1,0.9696419336572311,1
0,0.9357912516564056,0
0,0.9895992989588024,0
0,0.5237548222206398,1
1,0.7101730914341976,0
0,0.9423738504477195,0
0,0.722593999633538,0
0,0.9002940766540479,0
0,0.9902319812229209,0
1,0.9546082183371788,1
0,0.7610695471774848,1
1,0.7971975066552124,1
0,0.9713555986255079,0
1,0.9768471717090591,1
1,0.8358268306283659,1
0,0.8461426658086638,0
0,0.9943742248211802,0
1,0.7687177956579215,1
0,0.9955414997632671,0
1,0.7141551055147186,0
1,0.6583704738918952,1
1,0.7682135887478465,1
0,0.9619338401916959,0
1,0.7034244156002445,0
1,0.9948269045477871,1
1,0.6746970113396555,0
0,0.9404022389978182,0
0,0.6786579381030723,1
0,0.9560075856857435,0
0,0.9692332139412948,0
0,0.9463791170977325,0
0,0.9345336535805043,0
1,0.5775627891927592,0
1,0.9832262679857263,1
0,0.7809463008954152,0
0,0.9873662955884706,0
0,0.900556149996797,0
1,0.778972874764192,1
1,0.7090887776854964,1
0,0.5808337805191548,0
1,0.7410958025437484,1
1,0.824349698914585,1
0,0.9908904648080927,1
1,0.7658028540853716,0
1,0.8401580698923408,1
1,0.5325122188659444,0
0,0.7128215648616609,0
0,0.8076370164324223,0
0,0.6886160904588392,0
1,0.9936839842183076,1
1,0.7952631463007114,1
1,0.5769531349944719,1
1,0.712712966087057,1
0,0.9871741062616288,0
0,0.8813581557425041,0
1,0.8257533549178415,1
0,0.6881782825218526,1
1,0.5298668423271218,1
1,0.9438415923635858,1
0,0.9819457338354974,0
0,0.9214623075838508,0
1,0.9647283999288621,1
0,0.5197393178037439,0
1,0.6270605128090815,1
0,0.5261643404556449,0
0,0.9599163264587203,0
0,0.9595762828409647,0
0,0.6171795158444648,1
1,0.9845108383090962,1
0,0.602091173244135,1
1,0.5470687712889871,0
0,0.8625619317129574,0
0,0.9887520561409201,0
1,0.7334320155969488,1
1,0.6616108206097557,1
0,0.6234419532144861,0
1,0.8889473515177009,1
1,0.5395157810559413,1
0,0.723481049505081,0
1,0.61760338113725,0
0,0.9858088243365579,0
1,0.8298952170987861,1
1,0.8902487248217561,1
1,0.717317485473897,1
1,0.6616769564316073,0
0,0.8905030343343553,0
1,0.5222171803513979,0
1,0.9935177308476539,1
1,0.765937794762828,1
0,0.9723281558014311,0
1,0.6564070353349172,1
1,0.7799366760561517,1
1,0.9977342776701368,1
0,0.9994336073013855,0
0,0.5253216831064746,0
0,0.714983603626425,0
0,0.7478669571671195,0
0,0.5769687643684325,0
0,0.996336650609252,0
1,0.8725688565730086,1
0,0.6918700312143896,0
0,0.8968143058037037,1
0,0.9899224944197611,0
0,0.9993784306436004,0
0,0.8045723381194523,1
0,0.9961873788963794,0
1,0.5864270047100326,1
1,0.6285535680419506,0
1,0.9341366211086485,1
1,0.8977790796325095,0
0,0.5480933500789378,0
0,0.5932642341175927,0
0,0.6792217184803945,0
1,0.8130484251091593,1
0,0.9242494192978701,0
1,0.7082169708156731,0
0,0.8469395101452721,0
1,0.660961387729585,0
0,0.8659142260910577,0
1,0.5270196286998116,0
0,0.8270712276351282,0
0,0.9257696477966242,0
1,0.8242559730840713,1
0,0.9974672484632462,0
1,0.8609874527126662,1
1,0.6923381011602769,1
0,0.8767441396721815,0
0,0.9924492856819479,0
1,0.9757575326989038,1
0,0.7891185323666564,0
0,0.9041110415946565,0
1,0.99986346978517,1
1,0.5056993090450506,1
1,0.7988950882659557,1
0,0.8067148945538654,0
1,0.8948070532929009,1
0,0.9023313871591424,0
0,0.9368803645257603,1
1,0.9754937102696991,1
0,0.9919900819152496,0
1,0.6665584964918633,1
1,0.6542246031916947,1
0,0.9172561569524251,0
0,0.9771742775249648,0
1,0.6025154495515614,1
1,0.7927151340551973,0
1,0.7624680533967034,1
0,0.9889156615891006,0
1,0.7194238253031732,0
0,0.6961938219256465,0
0,0.552248453421846,1
0,0.801614567531284,0
1,0.6777946152173489,1
0,0.5675215806596512,0
0,0.9140985177433272,0
1,0.9798279116691586,1
0,0.8765319653120944,1
0,0.6448496817812489,1
1,0.9393058406730714,1
1,0.9736024645064967,1
0,0.5835411478583092,0
1,0.6088704316577029,1
1,0.8427904505141203,1
1,0.5176958474306786,1
0,0.9629321977355171,0
0,0.7190215305570508,0
0,0.9682554360426893,0
0,0.8844041253931281,0
1,0.7825159416027989,1
0,0.8471116531083466,0
1,0.7153854980813358,0
1,0.551119342612245,1
1,0.6423898524109986,1
0,0.9958428253650341,0
1,0.5606750163782962,1
1,0.7428853844567389,0
0,0.8325043168797353,0
0,0.5504394848976182,1
0,0.9939701817175598,0
0,0.8790173461779103,0
1,0.8869641547876752,1
1,0.9868622080246825,1
1,0.596276158783915,1
0,0.9855193011419534,0
1,0.640952852353822,1
0,0.528734948345591,1
1,0.8278194545311184,0
1,0.5279022639785439,1
1,0.5088170926659569,1
1,0.6376213646695107,1
0,0.5911508546456057,0
0,0.985492863329916,0
1,0.5796072923195894,1
0,0.7400196393808778,0
0,0.9303965132854662,0
1,0.7238013157022583,0
1,0.527318552562748,1
0,0.9955788822110567,0
1,0.7344552684696419,1
1,0.8293134974597065,0
0,0.9980743473228099,0
1,0.977668051991403,1
0,0.9950418928663889,0
1,0.7140026994804798,1
0,0.7246421324383217,0
0,0.8738007931980986,0
1,0.6467193762533175,0
0,0.8380903422398873,1
0,0.992045316980415,0
1,0.5084902750991837,0
0,0.976710271924763,0
1,0.6641931198215757,0
1,0.9632914602487387,1
1,0.5546695807829093,0
0,0.9926820668610454,0
0,0.6669076934264586,0
0,0.9471267866760412,0
1,0.906361579162213,0
1,0.733501160999819,1
1,0.619894735947866,1
0,0.6187845497911079,0
1,0.8126762376051159,1
0,0.6128031664672098,1
0,0.7984517024249711,0
1,0.5565486041654788,0
1,0.7178485269476623,1
0,0.8946171424459546,0
1,0.8380116465623636,1
0,0.9449184516721661,0
0,0.7047276756203609,1
0,0.8394803307263387,0
0,0.6874916610327229,1
1,0.5780798078079958,0
0,0.9928219741359156,0
0,0.9078990428167043,0
1,0.5680558631492593,1
1,0.521170745399325,0
0,0.9772284238285618,0
0,0.9246961038445409,0
1,0.7853262380570645,1
0,0.5460968170903986,1
0,0.9744972305471095,0
1,0.6274038732747421,1
1,0.9757917555455417,1
1,0.5784212001037549,0
0,0.7027863105605221,1
0,0.931995838867159,0
1,0.9988931122570891,1
1,0.7609779270968612,0
0,0.920175242849018,0
0,0.8827546995630691,0
1,0.8091794729177443,0
1,0.8541262985888728,1
1,0.9249390694645995,1
0,0.5441092699877914,1
1,0.8669667137569639,1
1,0.5157980196352812,0
0,0.9199381880656747,0
0,0.6470700824722964,1
1,0.5308768527857087,1
1,0.8517906012097964,1
1,0.7272564299457129,1
0,0.8464864699345398,0
0,0.9458756471909096,0
1,0.8890162219653117,1
0,0.9748152148683764,0
1,0.9485166995011832,1
1,0.8070519425489963,1
0,0.5982372917774508,1
1,0.8926714751952515,1
1,0.9578230393108729,0
1,0.7409165006096164,1
0,0.9284345623452172,0
1,0.9931176385639511,1
0,0.9977066629901277,0
0,0.8514201985735266,1
1,0.8685379559246141,1
1,0.7847449300938133,1
0,0.5316430855142082,0
0,0.7566441854738725,0
0,0.772455314773592,0
1,0.9258414566602138,1
1,0.9782349631609457,1
1,0.8067956209894035,1
0,0.7180012631517594,0
0,0.9097399676204015,1
1,0.8136780247749797,1
1,0.527860764469531,1
1,0.9972143930425978,1
0,0.6649995323584346,1
1,0.9298118875635306,1
0,0.8803166311863024,0
0,0.9549221550846673,0
0,0.8600747059871567,0
1,0.5883912420036559,1
1,0.6515122417508541,0
1,0.7909265395377443,0
1,0.8505730797419858,0
1,0.6577745260626636,0
0,0.999606933376944,0
0,0.5938730629198663,0
0,0.5390457875154799,1
0,0.6981831720574374,0
1,0.9419809896301993,0
0,0.8989250169675261,0
1,0.9005236680493911,1
1,0.6748032030689733,1
1,0.6048495572111983,1
0,0.660510381872143,1
0,0.7474987141554766,1
0,0.9113179535364062,0
1,0.5199692343584139,0
1,0.7227008539440772,1
0,0.8279879466288785,0
0,0.6227126665694483,0
0,0.9786198898184004,0
1,0.9415548024413861,1
1,0.6918493307824543,1
0,0.816334009056384,1
1,0.8647216691463064,1
1,0.5061681851015908,1
0,0.7016560540076681,0
1,0.9518704487633658,1
0,0.8953451055495614,0
0,0.822641712891657,0
1,0.8137683690917173,0
0,0.8100583749196771,0
0,0.9737431729272099,0
1,0.945407664944336,1
0,0.8123613385264135,0
0,0.9991541158360939,0
1,0.7597908103604486,1
1,0.5739023708805598,1
0,0.6758073088677685,1
0,0.996080196378751,0
1,0.5961624668112748,1
1,0.8008877284527833,1
1,0.9751364710871084,1
0,0.9908366384284062,0
0,0.8938677117682482,0
0,0.9924306999271396,0
0,0.962376169306451,0
0,0.8294062545622585,0
0,0.8144960234705251,0
0,0.9825054780528054,0
1,0.9952100748764308,1
1,0.8471656110713848,1
0,0.9161462586689532,0
0,0.7753381076612447,0
1,0.9853461334705685,1
1,0.6749118713707718,0
0,0.8414830336947301,1
0,0.9758289285154872,0
0,0.998938249966634,0
1,0.9877127530988368,1
0,0.6359490141146213,1
1,0.6799854177550908,1
0,0.5175997714641909,0
0,0.6133607916170114,0
1,0.7712299993270048,1
0,0.7547288929900448,0
0,0.853475178154227,0
1,0.7144934443275607,0
0,0.9777758743415552,0
0,0.6116023725392936,0
1,0.8379366984625006,1
0,0.9998312172489835,0
0,0.5890511662460849,0
1,0.5495394534650978,0
1,0.8547234505904524,1
1,0.8009224099403816,1
1,0.8280989626801766,1
0,0.8884142144996854,0
1,0.9582092383849188,1
0,0.765781736986314,0
0,0.5238027280486229,0
1,0.9339744636191044,1
1,0.9455563679509575,1
1,0.8040810851092014,0
1,0.9508181466832013,1
1,0.9744155881621976,1
1,0.8702808218314337,1
1,0.5810950642627563,0
1,0.5270150941888977,0
1,0.9851549496367795,1
1,0.6554135313726777,1
0,0.9713647900448931,0
0,0.5361906167547101,0
1,0.699607165546151,0
0,0.9911812883098299,0
0,0.9507279285131035,0
1,0.6232290099749296,0
1,0.9870808135795645,1
1,0.8040934554599043,1
0,0.5909702008687598,0
0,0.5102522534847312,0
0,0.9821936902032996,0
1,0.5938131567554799,1
1,0.995797953593777,1
0,0.9214167343952819,0
0,0.6093356944865789,1
0,0.8661092493723876,1
1,0.9300634797331655,1
1,0.9928556248603579,1
1,0.5934755284501992,0
0,0.7852162417761069,1
1,0.9674036685074555,0
0,0.9945251838977639,0
1,0.8517031077578715,1
0,0.9673708215565121,0
0,0.5425580867936789,0
1,0.6386251305402662,0
0,0.818648600121766,0
0,0.9570831715841882,0
1,0.9075119176209552,1
1,0.9701293310689822,1
0,0.9473899121132744,0
0,0.7410610213973727,0
1,0.6988846916442686,0
1,0.9880960580112303,1
0,0.9828953385275091,0
1,0.59222721253306,1
0,0.9733351325537658,0
0,0.6707323480168703,1
0,0.8240294078628126,0
0,0.6026562606100653,1
0,0.9850337755651899,0
1,0.9605877370881104,1
1,0.7974121693124704,1
1,0.8852499855154188,1
0,0.6747299362317785,0
1,0.7051080889314076,1
1,0.8677589432751822,1
1,0.9784171550440778,1
0,0.6960455513071865,0
0,0.9692945964011943,0
0,0.6119421957122368,0
0,0.8600465686070854,0
1,0.9211480706288078,1
1,0.7625026656968802,1
1,0.8590550269590077,1
0,0.977077719552518,0
1,0.8170552156327793,0
1,0.8558231693149027,1
1,0.7642209590546422,1
0,0.8099613398277185,1
1,0.6484058952951562,0
0,0.9134530192271677,0
0,0.5723878987220459,1
0,0.5579975297671491,0
1,0.7582335381517865,1
1,0.9747723118741561,1
0,0.9319706057852527,0
0,0.8236845998738908,0
1,0.7374886366454715,0
0,0.5003908093092142,0
0,0.5827911684234359,0
0,0.6343887000469548,0
0,0.9922458574782478,0
0,0.5456121517678486,1
1,0.9833712593025499,1
0,0.6588269813620176,0
0,0.9843847429503878,0
1,0.9720387818600243,1
0,0.6710001059012414,1
1,0.9507418695926065,1
0,0.8011903407291261,1
1,0.5311737359201434,0
1,0.9183692147338992,1
1,0.5164140935443625,0
0,0.9336686276294082,0
1,0.6030201976654579,1
0,0.9693191338395643,0
0,0.8260435452801032,0
1,0.9541491631353137,1
1,0.7421193933071164,1
1,0.5379912341911005,1
0,0.7757788816915892,0
1,0.9108578276643275,1
1,0.7676375162866856,1
0,0.7117900179857621,1
1,0.6672883467252436,1
0,0.9748680669556506,0
0,0.9333198465538282,0
0,0.8152245965480122,0
0,0.9862817365089129,0
1,0.7376047840135821,1
1,0.669311243333327,1
0,0.7044173077201195,1
1,0.7013861791903115,1
1,0.861860588478418,1
1,0.6324897773492638,1
1,0.547119838338675,1
0,0.9660038807758891,0
1,0.9235738742967977,1
0,0.7543874429413384,0
0,0.9641795911763378,0
0,0.5773489952844341,0
0,0.8243579816219728,1
0,0.6993761264379512,0
0,0.8926512494517942,1
0,0.8887679546912173,0
1,0.6813192753279746,1
1,0.8876511848976887,1
1,0.9735387662062751,1
1,0.815366418679701,1
0,0.9714335419670713,0
1,0.9614162863110278,1
0,0.9302559036987901,0
1,0.756734820764546,1
1,0.6930352301721748,1
1,0.712698673127084,1
1,0.9590072543748208,1
0,0.9942321629936244,0
0,0.9788200032303973,0
1,0.8521341708739952,1
0,0.9479375988449983,0
1,0.6009081091839948,1
0,0.8813141679712382,0
0,0.7869847377069537,0
0,0.998434507735378,0
0,0.874704071738994,1
1,0.9357802851397891,1
0,0.998614628827461,0
0,0.5437904581272497,0
1,0.6806354472925904,0
1,0.9189668209048175,1
0,0.6582111079495311,0
1,0.9401884596918823,1
1,0.5932437681631737,1
0,0.9516034094479291,0
1,0.9906875024430176,1
1,0.5418497712694301,0
1,0.8708343928542928,1
0,0.8643863117792534,0
0,0.8650851125488678,0
1,0.926211673569187,1
1,0.6106026036746057,0
0,0.7028965228850509,0
0,0.976526438786772,0
0,0.5859237157371822,0
0,0.7823140552254106,0
0,0.7335693370069483,1
0,0.8353946172396529,0
0,0.994020477534069,0
1,0.8023441005951971,1
0,0.999576366466246,0
0,0.748954532623221,1
0,0.9873111429880774,0
1,0.5686922392270979,0
0,0.8070243494804796,0
0,0.8614638780157962,0
1,0.9068413228505979,1
1,0.9591139982698113,1
0,0.8950863604793581,0
1,0.7918438995167112,0
0,0.6605631040124522,0
0,0.9785853686586705,0
1,0.865319373345409,1
1,0.7314485864349105,1
1,0.8144903642247031,0
1,0.6886439503286181,1
0,0.8895305867171065,0
1,0.7139965855596003,1
1,0.6559396175630918,1
1,0.7416018814407491,1
1,0.962072061742929,1
0,0.9991172268397979,0
1,0.8777693740324366,1
1,0.8035150623325091,1
0,0.6322474916736163,0
1,0.7717846447228293,0
0,0.8494530516382294,0
1,0.9268007343342696,1
0,0.9974762467197978,0
1,0.8897896729037645,1
1,0.73937834438905,0
1,0.7310694366920201,0
0,0.7087120522801547,0
1,0.593868992567867,1
1,0.8474061669433163,1
0,0.9178748087593218,0
0,0.9204880651210361,0
1,0.8472280367489706,1
1,0.7864847262933581,1
1,0.9324512750444016,1
1,0.9429381767139707,1
0,0.9693720785349677,0
0,0.94316966275627,0
1,0.8767527035817683,1
0,0.9995453513337722,0
0,0.906996843572647,0
1,0.568196231625164,1
1,0.8283998731064002,1
1,0.5123093782153012,1
1,0.6960935430409045,0
1,0.7339499028934101,1
0,0.7436787152486847,0
0,0.9500663863871143,0
0,0.9744178018161185,0
0,0.9257322238561626,0
1,0.9957115937725379,1
0,0.8562998675862172,0
1,0.9097909664939275,0
0,0.5543152466264928,1
1,0.7758270201961301,0
1,0.9685555655695928,1
1,0.5927131231147734,1
0,0.9238910193824833,0
0,0.9969646033904412,0
0,0.9813199577396842,0
0,0.8578647323101581,0
1,0.9085525166161993,1
1,0.8723624282832922,1
1,0.8283436490166073,1
0,0.8885970402318015,0
1,0.5321522121675327,0
0,0.870255573465378,0
1,0.9952703087739582,1
1,0.9264721343041147,0
0,0.999166181116759,0
0,0.5115404005827519,1
1,0.686222906130397,1
1,0.7361135139002705,1
1,0.6273075319963826,1
0,0.9733132370516651,0
0,0.6614432503451846,0
1,0.8501202563422983,1
1,0.9927357090280918,1
0,0.9849826360852705,0
1,0.6580107221142766,1
0,0.8003637340318174,0
1,0.5706989010833239,1
1,0.6865652507914655,1
0,0.9855905429602569,0
0,0.9993712110642089,0
1,0.976236135652172,1
1,0.5275210898146548,1
1,0.8647077519658025,1
0,0.7789509261449881,0
1,0.615831694078478,1
0,0.9986203019603236,0
0,0.8925858378385693,0
1,0.9774450248267786,1
0,0.9311316666189734,0
1,0.9355366352557756,1
0,0.9723179060876146,0
0,0.7166922224882207,0
0,0.9690130545627949,0
0,0.6743409239335942,0
0,0.9637479582600358,0
1,0.978379856736946,1
0,0.8513149767952706,0
0,0.9045988340362615,0
1,0.9953177088191046,1
1,0.678137311026694,0
0,0.8313964668946757,0
1,0.7105474193602993,1
0,0.9599213515291991,0
1,0.8004847031337567,1
0,0.599096456425116,0
1,0.5689881535883604,0
0,0.8818172614572183,0
0,0.9921859811377696,0
0,0.9682266969223534,0
1,0.5763623485637435,0
1,0.9838879798857783,1
1,0.9738883879025707,1
0,0.7457823664518121,0
1,0.5792876079074153,1
0,0.9651659620816928,0
1,0.8331466470128918,1
1,0.9800414538519525,1
1,0.9564086250963105,1
0,0.9865778981052118,0
1,0.9849788700265035,1
0,0.6905990670086152,0
0,0.8723378599009755,0
1,0.9120617701163479,1
1,0.7059213265059772,0
1,0.7320483896734978,1
0,0.9278385022663649,0
1,0.941109191999734,1
1,0.5005759780717424,0
0,0.9998845248068816,0
0,0.8939012612491822,0
0,0.975789998560531,0
0,0.9494609347202444,0
0,0.894111187030174,0
0,0.9514023379001615,0
1,0.7389800853038306,1
1,0.8417408317370674,0
0,0.9604760879153705,0
0,0.9749575427366347,0
1,0.6855809688422482,0
1,0.8291675507567391,1
1,0.7308452395501747,1
0,0.9675412560322011,0
1,0.5368807301903613,0
0,0.9992266923235626,0
1,0.9330341162724658,1
0,0.9856345689087176,0
1,0.8537555858711252,1
1,0.8000415087604288,1
0,0.5934672225608493,0
1,0.6778155265524676,1
1,0.9198857596234153,1
0,0.7004136770263554,0
1,0.6993610654147341,1
0,0.9987135967191922,1
1,0.8892177634751136,1
0,0.9822620537269638,0
0,0.9893209057960285,0
0,0.8137878683138026,0
0,0.9642491954814989,0
1,0.7422450419942055,1
0,0.6042696926718104,1
1,0.8192596357085495,1
1,0.6430982157692783,1
0,0.9952188219340418,0
0,0.9980736081162269,0
0,0.9732703018341793,0
0,0.6892211121625705,1
1,0.9976458511653784,1
0,0.997051889807963,0
1,0.8789557849299616,1
0,0.6872296344078123,0
1,0.6180043182702636,1
1,0.6010868092729309,0
1,0.7077478634379649,1
0,0.6706440164206121,0
0,0.9336164475487599,0
0,0.8353516251416727,0
1,0.999274150179177,1
1,0.5250645995952895,1
1,0.6871430352964076,1
1,0.9281242406202519,1
1,0.9951345566825641,1
1,0.9888271229145339,1
1,0.766331534073202,1
0,0.8998891550217389,0
1,0.8677303012295572,1
0,0.9976971967122581,0
0,0.7142921907009825,1
0,0.5038538528045158,1
1,0.9233771642062903,1
1,0.7972934039331734,1
1,0.8192263546380554,1
0,0.9533528407573758,0
1,0.9999880298884981,1
0,0.9897243631530305,0
0,0.8908473628919749,0
1,0.9306653289014891,1
1,0.7041221810927378,1
0,0.938536323211108,0
0,0.5456484406427282,0
0,0.978562089923355,0
1,0.6207052225906708,1
0,0.8899199421774671,0
0,0.9353480512047864,0
0,0.9844496637947201,0
0,0.9885151441482399,0
1,0.6786994613942314,1
0,0.6486203567602642,1
0,0.9568396408569669,0
1,0.7264096122746451,1
1,0.9989791416432733,1
0,0.8616643374783912,0
1,0.7299020259857522,0
1,0.9096820380323859,1
0,0.6988992381479175,0
0,0.9465232376421711,0
0,0.9951824510660671,0
1,0.5532565457924874,1
1,0.7382890944077908,0
0,0.8856347691876748,1
1,0.6109892682543229,0
0,0.9703518157365395,0
0,0.9973698925701616,0
1,0.9213221479502751,1
1,0.9106773952622625,1
0,0.9681155469491689,0
0,0.8990203595566998,0
1,0.9629775085806437,1
0,0.9149011893686639,1
0,0.976888719191868,0
0,0.9000595489149557,0
1,0.7265354432062149,0
1,0.8553726070140127,1
1,0.6275023622018165,1
0,0.7468496524883541,0
0,0.7513706095231527,1
1,0.6305712618075819,1
1,0.9624585040340968,1
1,0.5369421167393524,0
1,0.7781800086001132,1
0,0.9989614842196073,0
1,0.7616397381704049,1
1,0.562061555278082,1
0,0.8939001222190931,0
1,0.9387846910587189,1
0,0.9694090789553459,0
0,0.8601937516425948,0
0,0.9912634749757465,0
1,0.924882147561472,0
0,0.5196052288912334,0
0,0.9913316528710847,0
1,0.9531813842510303,1
0,0.7655062813046425,0
1,0.8646692551527672,1
1,0.9565194967346674,1
1,0.7945604858839873,1
1,0.7219592465751694,1
1,0.950768950528522,1
1,0.7695763774603396,0
0,0.6877324646747558,0
0,0.8970250160472459,0
0,0.9558674739775992,0
1,0.9416827986630516,1
1,0.9411082249798284,0
1,0.6207703926151394,0
0,0.897440777427488,0
0,0.7138676618098863,1
0,0.689738082937374,1
0,0.9121458976888384,0
1,0.5802457472158775,1
0,0.7064674173235979,0
1,0.7064292587553781,1
0,0.6258155550385884,1
0,0.8977775545340954,0
0,0.6811173478775193,1
0,0.8061099271764992,1
1,0.5948018240424074,1
0,0.9954128641871267,0
0,0.7443238527992778,0
1,0.563603922260636,1
0,0.9664980402580285,0
0,0.5638114240346417,0
1,0.741015759723662,1
1,0.8411542993682967,1
1,0.7858867919949887,1
0,0.6706851753467478,0
1,0.895821499224172,1
0,0.9830555704851014,0
0,0.6730320807849633,1
1,0.6469202636197628,0
1,0.8681124011016448,0
0,0.509948586001272,1
1,0.5881662180718794,1
0,0.6094682392663612,0
0,0.9502056888768518,0
0,0.6939379130729424,0
0,0.5402953134443693,0
1,0.8227904175685098,1
0,0.7002612347531278,0
0,0.9483929251644219,0
1,0.8532905016109388,1
1,0.5858091434008287,1
1,0.9502231375391846,1
0,0.9303599666077432,0
0,0.7618386373194453,0
0,0.981842663234791,0
0,0.506733731683044,0
0,0.6652512240590946,0
1,0.5129791345198532,0
0,0.9320158582851229,0
0,0.8041531152601585,0
1,0.6248271695560085,1
1,0.6555868261626563,1
0,0.8490374735707944,1
0,0.8816279243395401,0
0,0.7895567246645327,0
0,0.9906566845576402,0
1,0.9466301153344636,1
0,0.6966186295699559,1
0,0.9341016570897184,0
1,0.7470546769431092,1
0,0.9309292503684381,0
1,0.5897471457100707,1
1,0.5393893469145814,0
0,0.6090952158511856,0
0,0.9811331439740758,0
0,0.6312645790170244,1
1,0.8617982718309839,1
1,0.9863277473101064,1
0,0.9960659245479658,0
0,0.7622885104400468,0
1,0.5242117435735474,1
1,0.7724049417977202,1
1,0.9186777928667307,1
0,0.563430284701602,0
1,0.9989900785959834,1
0,0.8930358818267115,0
1,0.8579474214570544,1
0,0.755417750919913,1
0,0.9217277369012556,0
0,0.9362952852574467,0
0,0.9623034531713811,0
0,0.939820413124913,0
1,0.9713909325125862,1
0,0.9392355922458184,0
0,0.9958919852417185,0
1,0.860246049105026,1
1,0.7589527849587941,1
1,0.64547168260365,1
1,0.6158950114967956,0
1,0.9525938723961356,1
0,0.9762365097945648,0
0,0.972788333745364,0
0,0.6589593409773962,0
1,0.9116397030029244,1
1,0.6781171291368588,1
0,0.9506217922703163,0
0,0.7612158840176567,1
1,0.8392513696173994,0
0,0.5738997078714354,0
1,0.9038081622498254,1
1,0.7322884087642135,1
0,0.8960163618731118,0
1,0.7645898561395975,1
0,0.9964086313911275,0
1,0.7532518365397138,1
0,0.958905296663778,0
0,0.9202972340937949,0
1,0.8750242855985622,1
0,0.7787151697242348,0
0,0.5439060065127514,1
1,0.6011884035808056,0
1,0.5743926736167675,1
0,0.6421173252232093,0
1,0.9342522569579452,1
0,0.9779626374064946,0
0,0.939824897436792,1
0,0.9426033689511464,0
0,0.8270133383084075,0
0,0.9464346036894166,0
1,0.9507703803486252,1
0,0.5876078252673906,1
0,0.5031968675646139,1
0,0.5048008778286461,0
1,0.8089381790625773,1
0,0.9172099288929034,0
1,0.7131012917790615,0
1,0.7946794103687975,1
1,0.7041908171685629,0
0,0.7460706996791482,0
1,0.6425327184827102,0
0,0.5427068243069718,0
1,0.5492785408083116,1
1,0.9143148066196334,1
1,0.627423972775368,1
1,0.8296518361495097,1
1,0.9061704248906602,1
1,0.8544468870286018,1
1,0.8347663650462983,1
0,0.8388885216945001,0
0,0.9268686610097624,0
1,0.7087980070340895,1
0,0.9937991359260128,0
1,0.9663198298469573,1
1,0.8135167097062752,1
0,0.9838307523256049,0
0,0.8729324491511703,0
0,0.6282367007298597,0
1,0.9108947463326856,1
1,0.6591641668268898,1
0,0.6284352332608134,0
1,0.9679021941849928,1
1,0.9807401673692657,1
1,0.9185248882259961,1
1,0.992946627937013,1
1,0.9446860038858476,1
1,0.77017485389994,1
1,0.9421547927238579,1
0,0.8801073054542047,0
1,0.858408167615149,1
1,0.7031202574625686,0
0,0.9646270147012951,0
0,0.9519276312819989,0
0,0.5764389055224726,1
1,0.7070705094125281,0
0,0.5188178543102522,1
0,0.5090049523739688,1
0,0.7057417324418629,1
0,0.9735740041802754,0
0,0.9809638606011262,0
1,0.733515141824748,1
1,0.5271531778561721,0
1,0.5092814841508345,0
0,0.9800367714914515,0
1,0.9795643302371975,1
0,0.9898384756342751,0
0,0.9748295939351141,0
0,0.9894119512857307,0
1,0.8907152057143022,1
0,0.6568774787465677,1
0,0.9474375637214912,0
1,0.6860005110832986,0
0,0.9396679794258664,0
1,0.7021805033959843,1
1,0.5133360629826594,1
0,0.980953915647958,0
0,0.8080585763490238,0
0,0.5167899723657974,0
0,0.5202011788625676,1
1,0.9555409031547825,1
1,0.9226501134349291,1
0,0.9956684638452279,0
0,0.8926171510067414,1
0,0.9989343635194607,0
0,0.9958089565874515,0
0,0.9922212991674407,0
1,0.7744815749659338,0
1,0.9779901880096902,1
1,0.861557181721616,1
1,0.8361530646451261,1
1,0.6758111742001963,1
0,0.8043218523570043,0
1,0.9104084750835998,1
0,0.5365821133177366,0
0,0.5150780841842577,0
1,0.5768468644651847,1
0,0.5216869507901096,1
1,0.9917153142101439,1
0,0.8159798164170462,0
0,0.7839877376596551,0
0,0.9997015212153478,0
1,0.8461249409743038,1
1,0.8030121454182516,1
0,0.5546524547966052,1
0,0.5199561490323193,1
1,0.5702293724223599,1
1,0.9612183971052974,1
0,0.8061346264708378,0
0,0.7354460141501723,0
1,0.9367594822044348,1
1,0.8522869088543796,0
0,0.9825276734316605,0
0,0.7286863272666315,0
1,0.9034939942000058,1
1,0.9359707712685784,1
1,0.6536060971834943,0
1,0.9836069540843081,1
1,0.871289312182678,1
1,0.7390336196687624,1
1,0.5728168629584097,1
0,0.6366984283020286,0
0,0.9978699321055002,0
0,0.608028400760044,0
0,0.9953983893992079,0
0,0.8084872585206331,0
1,0.9976579783637654,1
1,0.839781807960367,0
0,0.583035323321452,0
0,0.9942765788637123,0
0,0.9662203428975056,0
1,0.6102847586923273,1
1,0.634204030540723,1
1,0.9775359124522186,1
0,0.8026527876469316,0
0,0.9982716298876386,0
1,0.5772671548692985,0
0,0.9461271749787197,0
0,0.9919199562284592,0
0,0.9960290528566329,0
0,0.6539319801692476,0
0,0.9527321081002224,0
0,0.9763717396606698,0
1,0.7644263364225452,0
1,0.9657544198527417,1
1,0.8538461048454457,0
1,0.7279671655324835,1
1,0.6734900086314428,0
1,0.7245927135898966,1
1,0.6623697075113385,0
0,0.6482763839598901,0
1,0.5968603140844175,1
1,0.9123421127367143,1
1,0.9587254492752099,1
0,0.7121099906363065,1
1,0.5767370414162687,1
1,0.9745230069167182,1
1,0.8137815913932732,1
1,0.985874047696695,1
0,0.8976319830986166,0
1,0.9732188408747665,1
1,0.7505412031542853,1
1,0.6635711526061474,1
1,0.7243371256012373,1
1,0.994929023970182,1
0,0.9696104447418096,0
1,0.6739407639247726,1
1,0.638917684244811,0
0,0.733692016606412,0
0,0.5960980699662409,1
0,0.9700283207311483,0
0,0.8661095963247576,1
1,0.6301757817575364,1
0,0.620860873376277,1
0,0.8974093758466997,0
1,0.9656309442573818,1
1,0.8986393252493848,1
0,0.9075521571349648,0
1,0.696581879454234,0
0,0.8124173980176382,0
0,0.9608109766043552,0
0,0.9851194450348021,0
0,0.9510981998183641,0
1,0.5089240686916373,0
0,0.8031722789324393,0
0,0.8413259725759479,0
1,0.8070858320852183,1
1,0.9932657239835757,1
1,0.9630100789544871,1
1,0.7744634941640017,1
1,0.8850574649644548,1
1,0.5340544181674393,1
0,0.9885722370355249,0
1,0.725006372863739,0
1,0.9726722808328652,1
1,0.6230754254882459,1
0,0.9144580132579265,0
1,0.7295919179994447,1
1,0.9046233537074099,1
1,0.9661896688318105,1
0,0.5045498923546899,1
0,0.9942214514179346,0
1,0.5376503148389558,1
0,0.9796917410283809,0
0,0.7938644846250988,0
1,0.5348728519300598,1
0,0.5290552288280095,1
1,0.6913339666700284,1
0,0.768720755671166,0
0,0.8410586434565759,0
0,0.99731067680153,0
1,0.8042735304102849,1
0,0.9064325325931648,0
0,0.7931722484899913,0
0,0.9771452156370071,0
0,0.7986461128094893,0
1,0.9169712480563986,1
1,0.5980021426550594,1
0,0.5188186794515679,1
1,0.9548588031204742,1
1,0.7594679525646214,0
1,0.7601097925042744,0
0,0.9878934867150104,0
0,0.5799604049055884,0
0,0.5325898453163815,0
0,0.526771389015208,0
0,0.9147396713916359,0
0,0.6499078930247377,0
1,0.8967139506818586,1
1,0.9387491143704643,1
0,0.8136234805708691,1
0,0.8730604048492819,0
1,0.6784616421366199,1
1,0.6718606841038026,1
1,0.986238598644511,1
1,0.8552031471948602,0
0,0.9957839164570379,0
1,0.8098047774021393,1
1,0.8430872800501257,1
0,0.6909538813880809,0
1,0.6983902195403874,0
1,0.7812473507984058,0
0,0.985600889381709,1
1,0.8399860929536797,1
1,0.5464979077623249,1
0,0.5520119704258069,0
1,0.7647750968268145,0
0,0.6687121150248292,0
0,0.9528115432108036,0
0,0.5771705014793183,0
0,0.8868174418487906,0
0,0.9318297903412914,0
0,0.791299396009755,0
1,0.7191916150351063,0
1,0.5098067572358109,1
0,0.8094089756445064,0
0,0.5599341278962517,0
1,0.63840381080304,1
0,0.9708202670283801,0
1,0.9948499297138749,1
1,0.8017800924317646,0
0,0.6255847110131596,1
0,0.9922483278905481,0
1,0.7096556452882712,1
0,0.9994995512903343,0
1,0.9834151939563439,1
0,0.9941167445287066,0
0,0.5701853771361491,1
0,0.9227047830433722,0
0,0.8434186469718519,0
1,0.9938055579223257,1
1,0.8660943549830105,1
1,0.7763441140860837,1
0,0.9291010685503956,0
0,0.7904133640444106,0
0,0.9941345281098515,0
1,0.6327315680865305,1
1,0.7927103062675183,1
0,0.9183112967338075,0
0,0.5017583653596696,0
1,0.5850288297799923,1
0,0.7148993998921978,0
0,0.9177596149278259,0
0,0.9303274200622371,0
0,0.9083862898779191,0
1,0.6056326087203444,1
0,0.9540498083107105,0
0,0.7421502937557799,0
0,0.642244756896851,0
1,0.5190795190763737,1
0,0.5121532442852414,0
1,0.9617588880598049,1
0,0.863673864698804,1
1,0.6336179654655946,1
1,0.6435878377619377,1
0,0.6470887607511253,0
0,0.8249750054978585,1
1,0.9198324301253523,1
0,0.8184852894021892,0
1,0.778029256320651,0
0,0.5342123197965933,1
1,0.5065528499923981,1
1,0.9022692422320888,1
1,0.6385214291275827,1
0,0.8114739627299603,0
1,0.5383488056734431,0
0,0.7549467178296345,0
1,0.6888648198896987,1
1,0.5888637607596658,1
0,0.9983229895763606,1
0,0.5262489997086923,1
1,0.6439699519362356,1
1,0.9151751263925819,1
0,0.9939560682233884,0
1,0.7926666717338461,1
0,0.983472299640741,0
1,0.8884383015472801,1
1,0.5660288388020218,0
0,0.932674427378482,0
1,0.82021364033425,1
0,0.9172298843206965,0
1,0.9767497543788545,1
1,0.8780656126949943,0
1,0.6209328831560591,0
0,0.7431429571582862,1
1,0.56634206973566,0
1,0.8411215528102901,1
1,0.9604375451241822,1
1,0.8732161730292577,1
1,0.6364904478396588,1
1,0.5035614511737898,1
1,0.6210523951449506,0
1,0.844690774324564,1
0,0.950339654506827,0
1,0.8405043148234747,1
0,0.6002223065342447,0
1,0.8747788459765823,1
0,0.9449067232078386,0
0,0.96843533771479,0
0,0.9906970753739477,0
0,0.989087534414793,0
1,0.8481277572595758,0
1,0.5856471508760105,1
0,0.9422591402666596,0
0,0.9719588890055793,0
0,0.9811873006013867,0
0,0.7246328711139194,0
1,0.6111048920615894,1
0,0.9926881392314391,0
1,0.5020084093790197,1
1,0.9353714203413965,1
1,0.8751932530354517,1
1,0.7887102155144855,0
0,0.8923377460643064,0
0,0.9855533515503547,0
0,0.56522181122449,0
1,0.729875701688181,1
0,0.8035385915331549,1
1,0.9669022087309341,1
1,0.8712256641283953,1
0,0.9181640847761434,0
1,0.5889188704405497,1
1,0.8803806244479255,1
1,0.733001546556565,1
1,0.5996640936688183,0
1,0.9536400635882207,1
0,0.7030308537001795,0
0,0.9219213760528071,0
0,0.8525652602960698,0
1,0.6908150344584798,1
0,0.8467994538094219,1
1,0.8155820578365528,1
0,0.9361108451849578,0
0,0.5273671490472405,0
1,0.8925952902161112,1
1,0.5314276544013705,1
0,0.6456634633124998,0
0,0.9876059082051275,0
0,0.7264114349595687,0
0,0.9429805444938357,0
0,0.833572769615564,0
0,0.5836127816696306,1
0,0.9738578205109615,0
1,0.5651774102993651,0
1,0.6867601092152783,1
0,0.5886741681802632,1
1,0.9568872059303669,1
1,0.6332827599593065,1
1,0.9975776393371035,1
1,0.8728824415297732,1
1,0.8558497061638648,1
1,0.8786771043180029,1
0,0.966404899343356,0
1,0.8042593829176095,1
0,0.9108053864898779,0
0,0.9440086407592918,0
0,0.9749019053618576,0
1,0.9289933997556694,1
0,0.7274366899620585,0
1,0.5359006960506112,0
1,0.9978144220630019,1
1,0.715443839119525,1
0,0.9862809875958277,0
0,0.7777215035553786,0
1,0.5200806956954086,1
0,0.8155596149246117,0
0,0.70311184352683,0
0,0.7089237140716527,1
0,0.959493336520714,0
0,0.6013815191200748,0
0,0.5286472863846853,0
0,0.8341786365428919,0
0,0.9799194718671339,0
0,0.6736774433143067,0
0,0.9671482059700356,0
0,0.9982565446845254,0
0,0.7108072277172321,1
0,0.8823468121167701,0
1,0.9033415500599107,1
0,0.885135145205226,0
0,0.9721800827763039,0
0,0.9904100486727594,0
0,0.5056156950740237,0
1,0.9448362582228267,1
1,0.9915810999394044,1
1,0.7419856452475844,0
0,0.5770705646360476,0
1,0.8377408265114622,1
0,0.6822026402231126,0
0,0.7738403823840276,0
0,0.5977632019423925,0
1,0.593275399316623,1
0,0.8902705004824107,0
1,0.5137411815573037,1
1,0.893253683130557,1
0,0.6023560531686565,1
1,0.7859480036162513,1
1,0.6204466251724355,1
1,0.9549896654866803,1
1,0.9878353486405208,1
1,0.9505555849308978,1
1,0.6483431838134515,1
1,0.8654869869511803,1
0,0.5950482626529703,0
0,0.9460067457475593,0
0,0.9204309103039803,0
0,0.5061153747659024,0
0,0.9834873496344688,0
0,0.6575060207923671,1
0,0.6700647071632724,0
0,0.547626782634455,1
0,0.8342022859950257,0
1,0.6099193787206525,1
1,0.9301454875115701,1
1,0.9432221548390743,1
0,0.8472859304550999,0
1,0.6026016111716219,0
1,0.8879481701072318,1
0,0.9828822072592055,0
0,0.5260074686239757,0
0,0.7834486759779858,0
1,0.9653176875227603,1
1,0.9513012671679527,1
0,0.5356116685684471,0
1,0.5901495709225204,1
1,0.6146734307341627,1
1,0.689777322405171,0
1,0.8142416563652971,1
1,0.8706131651707318,1
1,0.7459214563855144,1
1,0.5572499544884699,1
1,0.7444713504632555,1
0,0.9826605346251687,0
1,0.9542373293435756,1
0,0.9743794126013653,0
1,0.9762048270146446,1
1,0.7351810751967237,0
1,0.8086040392286652,1
1,0.6625550637583393,0
1,0.7384549663186029,1
0,0.9660370783102413,0
0,0.9891869255638489,0
1,0.5279370979973127,1
0,0.8891929238304923,0
1,0.9873739239906423,1
0,0.9524111436704886,0
1,0.5806135623894744,1
1,0.574792813781453,1
0,0.5286927915561754,1
1,0.7242123605465253,1
0,0.981687011367562,0
1,0.8288582083478772,1
1,0.8073914919395746,0
0,0.7221735602547898,0
1,0.7178382436929007,0
1,0.9255849661134082,1
0,0.5409846290531883,0
0,0.9975243111525934,0
1,0.9435241157044589,1
1,0.5816945277329927,1
1,0.614266791449523,0
0,0.6276829031678501,0
0,0.6988147266208835,1
1,0.960837434806269,1
0,0.9912907025443793,0
0,0.62943678939606,1
0,0.7889415292887794,0
0,0.8808806772914283,0
0,0.9579950041208275,0
0,0.5566210572016437,1
0,0.7286412283890255,0
1,0.8779164432376039,1
1,0.8505511676711655,1
1,0.6651172395796219,1
1,0.9956756719646165,1
1,0.9537952163914974,1
0,0.6582650309232438,0
1,0.7675866279348161,1
1,0.5902893418486769,1
0,0.888440115818585,0
1,0.5981623927998077,1
0,0.6426516891668689,0
1,0.9010926299189249,1
1,0.9118304737554362,1
0,0.6341770613564791,0
1,0.7512972047320892,1
1,0.9194788614539121,1
0,0.8934634771690719,0
1,0.8971491916332518,1
0,0.5265347571629133,0
1,0.5656729772231657,0
0,0.9179740275414838,0
0,0.7766039085203836,1
1,0.5185519282866962,1
0,0.9949671660440674,0
1,0.9161877794886358,1
1,0.6776026927108122,1
0,0.7190137549640598,0
0,0.7117802940833573,0
1,0.9477821728981219,1
0,0.9734070916487321,0
1,0.9423731106765011,1
1,0.5699836548505366,1
0,0.5673514669061155,1
0,0.8302452314110784,0
1,0.5249844530470515,0
0,0.5781049844263305,0
0,0.7487317857674771,1
1,0.6030409328853341,1
0,0.8012706727339514,0
1,0.7351773867901327,0
0,0.9968866688923003,0
1,0.8935343143445235,1
1,0.6193317665027428,1
0,0.9860354897859974,0
0,0.94060040914445,0
1,0.981865337160529,1
0,0.7017593971862468,0
1,0.949568087849832,1
0,0.9719076579337425,0
0,0.5574815794945822,0
0,0.7732895167152984,0
0,0.8193722904461506,0
1,0.6116058581970202,1
0,0.6643704810504821,0
0,0.9785608875039127,0
0,0.5300255530212682,0
1,0.6775177454827905,1
1,0.6716695522368115,1
0,0.9608199086704935,0
0,0.5605334325102345,1
0,0.8117681867640152,0
0,0.9278810712934471,1
0,0.8458720721817421,0
1,0.752953765122931,1
0,0.8983640726877835,0
1,0.8918767881591807,1
0,0.6007721454727422,0
0,0.9986180907803676,0
1,0.7809683519039978,1
1,0.8836127935078059,0
0,0.6036726389414292,1
1,0.6439832559931594,1
1,0.7083691010315178,1
0,0.8691245649775778,0
0,0.522375982274768,0
1,0.9527807572620012,1
0,0.7134342921186104,1
0,0.9992009136624094,0
0,0.79011074035317,0
0,0.9556619079197541,0
1,0.732885251556752,0
0,0.9830175131750111,0
1,0.6854189269588347,0
0,0.5074229276675115,1
1,0.6623726819326086,1
1,0.6319184474302592,0
0,0.945101289654645,1
0,0.5542168901896237,1
1,0.7478966349319577,1
0,0.5667314960567998,1
0,0.977494279936613,0
1,0.9999999887583085,1
1,0.7093987373235243,1
0,0.8875551352191183,0
1,0.9911120278515156,1
0,0.5580195752195122,0
1,0.9865769640772295,1
0,0.9923567442817068,0
1,0.8675004486698037,1
1,0.7326559351773756,1
0,0.9706558450496601,0
1,0.7926298473951343,1
0,0.9545050525286439,0
1,0.7725637768968119,1
1,0.9670671593821196,1
1,0.782048913490022,1
0,0.5299693696354983,0
1,0.5561107233267104,0
0,0.742242494751542,0
1,0.9124389723937049,1
1,0.6933137972144897,1
1,0.6070692200558839,1
1,0.9621727868398408,1
0,0.6031952282895284,0
1,0.6638514938667477,1
0,0.9718232960062336,0
1,0.6601201411458638,0
1,0.8328274942212619,1
0,0.9313995624039163,0
0,0.75009756932963,1
0,0.9932152163190145,0
1,0.55608450427954,0
1,0.739296407189112,1
1,0.8702736986971535,1
0,0.710538393999009,1
1,0.6021168781453032,1
0,0.9303171153409687,0
0,0.5748067275476842,1
0,0.9978276290440469,0
1,0.7788387548136172,1
1,0.6440046757077865,0
0,0.6880288435381146,1
0,0.976760890726338,0
1,0.9925712601033714,1
1,0.6594586778643307,0
1,0.9151710771060444,1
1,0.8529510610108537,1
1,0.5441875382920688,1
0,0.8983723588484835,0
0,0.9513621381336373,0
0,0.7895037368208263,0
1,0.9503460366183539,1
1,0.9552972340017458,1
1,0.9333961255025547,1
0,0.9852247229156564,0
1,0.6815513145037944,1
1,0.6524639095104616,1
0,0.9967402612260563,0
1,0.502989087640483,1
1,0.9272143881139683,1
1,0.9233972620924396,1
1,0.8300235731805785,1
1,0.763282498660388,1
1,0.5374822871977206,1
0,0.9315790097218826,0
1,0.9838028677872495,1
1,0.6728803483315454,1
1,0.5452637795623259,0
1,0.564357594827986,0
1,0.7387839882039324,0
0,0.5383526479773193,1
0,0.6706597638628964,1
0,0.6207295009119786,1
0,0.7707132574742604,1
0,0.8884161676566507,0
1,0.6536563852412625,0
1,0.69906979695979,1
0,0.9983512221289412,0
0,0.99680482786043,0
1,0.8577265105835092,1
0,0.6798206767297289,1
0,0.7253063663677124,0
1,0.7126118498090711,1
0,0.9986836640920047,0
1,0.624025930343156,1
0,0.6305639309476085,0
0,0.8968623145316862,0
1,0.7583332650528499,1
1,0.7264929884863275,0
1,0.9164324009579812,1
1,0.7990980369231403,1
0,0.9993827543584717,0
1,0.7017645622741985,1
1,0.5484828695952112,1
1,0.5026924466657293,1
1,0.5231062994879803,1
0,0.6987514576511122,1
0,0.5233442198822369,1
0,0.99461154975287,0
0,0.9971239071164975,0
0,0.9205678184330607,0
0,0.9998115501249945,0
0,0.8617227944316026,0
1,0.9346915978733862,1
1,0.7386143591985151,1
0,0.976621151497102,0
1,0.5291385454453792,0
1,0.9792668725520174,1
0,0.8591978851529366,0
1,0.8066922908618593,1
1,0.7977602589407082,1
1,0.6489421213517097,1
0,0.9991551571043518,0
1,0.9914333333916413,1
1,0.823631151552103,1
0,0.6202814128598109,1
0,0.9569367371848375,0
0,0.7410426891700728,0
1,0.6742756452561701,1
0,0.8531532186563489,1
1,0.8802048265335999,1
0,0.9605025876853309,0
1,0.6201870606250398,0
0,0.652740520439961,1
0,0.9958775740902607,0
0,0.9972898162973531,0
0,0.5224434887707872,1
0,0.6847494433419467,1
0,0.5835018215498615,0
0,0.5887522524402939,0
0,0.9551012689163053,0
1,0.9607623821550388,1
1,0.7656761955950424,1
1,0.5906991063365667,0
0,0.5640914363916762,0
0,0.9582794742501363,0
1,0.7948765680805788,0
1,0.7727606884072239,1
0,0.7165605014148888,0
1,0.9903646253848919,1
0,0.8250154693651854,0
0,0.747199219062687,0
0,0.8043928489897848,0
0,0.8547761475212712,1
1,0.9118659835182878,1
0,0.5824095049523352,0
1,0.5801585856164548,1
0,0.7229795258688341,1
0,0.967501099555057,0
1,0.7430429805223445,0
1,0.5931864050987338,1
0,0.921443016029254,0
1,0.5959492862450415,0
1,0.8594772210043583,1
0,0.9944953931118752,0
0,0.9749895304015027,0
0,0.5374056926948851,0
1,0.6720630873764131,0
1,0.877263406969413,1
1,0.8145804212156841,0
0,0.9690693953310603,0
1,0.5373138550506836,1
0,0.9175386088038354,0
0,0.8886305741848413,0
0,0.6938020214333225,0
1,0.9702586357482155,1
1,0.5169054417808006,1
1,0.719465197247307,1
0,0.782015600082856,1
0,0.9715658159365694,0
1,0.9858643462582144,1
1,0.9754031689942594,1
1,0.8668953313241192,0
1,0.6630644354080598,1
0,0.6309811958516895,1
1,0.6273754751968561,0
1,0.5287326737395766,0
0,0.9920378338031592,0
0,0.6981553584815279,1
1,0.9724047619241595,1
0,0.654104413662509,1
0,0.7616608521565565,0
0,0.8984008153841324,0
1,0.8016616877625864,1
1,0.8327639815096276,1
1,0.5780374569440495,0
1,0.6434716532182106,1
1,0.6064742524243344,0
0,0.9664831247681531,0
1,0.9934633186441963,1
1,0.8508619024661376,1
1,0.5200215060875863,0
0,0.5194001139096416,1
1,0.8065202521392847,1
0,0.9926508855568947,0
0,0.9227238917289675,0
0,0.980234119088843,0
0,0.7515646429672086,0
1,0.7068459158905134,1
0,0.9688554032241784,0
1,0.913336965278444,1
1,0.7338992424073603,1
0,0.9733522771173186,0
0,0.5377777342830383,0
0,0.6921202495966907,0
1,0.7450808840487021,1
1,0.6532131837560482,1
0,0.9910958620432174,0
0,0.9302263534273606,0
0,0.9412977196154154,0
1,0.6589163149326683,1
1,0.8208510470171999,1
0,0.5875977668182952,1
0,0.8103166952501052,0
0,0.8347249970707794,0
1,0.8304764223894795,0
0,0.660141804155687,1
1,0.994301153520378,0
0,0.876558158730641,0
0,0.9453997656750069,0
0,0.879653940322996,0
0,0.8303890563205736,0
0,0.7018114617645765,0
0,0.9998003436040234,0
0,0.8185971336301647,0
0,0.8483242890155719,0
0,0.7965702067084792,0
1,0.9181051399789584,1
0,0.9934962152657199,0
0,0.9268014251985756,0
1,0.8979676055431709,1
1,0.9281798349032336,1
1,0.5338577396886977,0
0,0.9552164031468783,0
0,0.6060199763832839,0
0,0.6337995197856333,1
0,0.5665337635176924,0
1,0.6485489810012093,1
0,0.8708972741307083,1
1,0.8792841719324065,1
1,0.8665858524086931,1
1,0.5137138722571473,1
1,0.6209388519116336,0
0,0.5018556458465318,0
0,0.9603209916788645,0
1,0.900595723312245,1
0,0.93095400209827,0
1,0.527804231860305,0
0,0.8495677589822931,0
1,0.8665960086944873,1
1,0.5371246503523905,1
0,0.8741157892834506,0
1,0.8733195393604902,0
1,0.7232116985072142,1
0,0.9099207603468968,0
1,0.6588993782143847,1
1,0.9684418566798864,1
0,0.9893285889669091,0
0,0.5615006611916858,1
0,0.9281023624995117,0
1,0.553937457548652,1
1,0.8711848466467341,1
0,0.9172126291566897,0
1,0.9234931695574767,1
1,0.9703998571314593,1
0,0.6128951141984889,0
0,0.8387997085865907,0
0,0.776733141563682,0
0,0.6689810824924611,0
1,0.5748245575298302,1
1,0.8836832241026593,1
1,0.9584595740229357,1
1,0.7892752811204938,1
0,0.9118414436726455,0
0,0.988086265703755,0
1,0.9383744449157024,1
1,0.5199863933424121,1
1,0.929971788695123,1
0,0.6176858620405825,1
1,0.9865183472851067,1
0,0.5246167212872677,1
1,0.91059872097278,1
1,0.9719872780880149,1
0,0.6607761719102097,0
0,0.9922004434048476,0
0,0.915904872832003,0
0,0.7842422920582488,0
1,0.5401002194932789,0
0,0.9710438684632929,0
0,0.6856233153763398,1
0,0.9140500573506869,0
1,0.9896098827462159,1
0,0.9553491060196202,0
1,0.9827057899609177,1
0,0.6067578807428236,1
0,0.9929339821204819,0
1,0.9753522159361043,1
1,0.9967834775511287,1
0,0.7072441538659688,0
0,0.7279867217404729,1
0,0.8572628371739612,1
0,0.9983765469965329,0
1,0.6806518536640499,1
0,0.9980833055182993,0
1,0.7129776699297605,1
0,0.6661985823321079,0
1,0.6679544077314449,0
0,0.8997166771886992,0
1,0.7606469341872805,1
1,0.8930540962042081,1
0,0.8587425419684938,0
1,0.943501420352003,1
1,0.8012894464676056,1
0,0.6100027960366803,1
0,0.982299070193499,0
1,0.9732251226947035,1
0,0.5514719941440738,1
0,0.9640946604822215,0
1,0.694088000761775,1
1,0.898250891271707,1
1,0.5407609595329106,1
1,0.9805895917140885,1
0,0.9979839923107647,0
1,0.9506903520123883,1
1,0.7949006135482782,1
0,0.6482199457001381,1
1,0.7473009781649655,0
0,0.8281551687293426,0
0,0.6640640249854093,1
1,0.9864132506808666,1
0,0.5527665142780478,1
0,0.5664879014990031,1
1,0.5444879402518791,1
1,0.658617864945342,1
0,0.7197737969410226,0
0,0.991050055359162,0
0,0.7472737534609482,0
0,0.9756596770451389,0
1,0.500220377700921,0
1,0.6719184338055046,1
0,0.7118980869648053,0
0,0.5305068249244473,1
1,0.9295220391880522,1
0,0.9966892567270117,0
1,0.7021921582368692,0
1,0.8365022929333144,1
0,0.991929677613489,0
1,0.9072747331110799,1
1,0.8289834627829925,1
1,0.9927969493207033,1
0,0.987094183923807,0
1,0.5515202665049469,0
1,0.5988468982137412,0
0,0.719378517761138,0
1,0.6106206038829289,1
0,0.9425824589170798,0
1,0.6837053235648372,1
1,0.9220497883815376,1
0,0.5150260506801244,0
0,0.9965128710581346,0
1,0.6911440124505657,1
0,0.6389994084397925,1
1,0.9418803466702058,1
1,0.636172291641962,1
1,0.5935128786079622,1
0,0.5340999512677866,0
1,0.7841078132754025,1
0,0.9909318469146765,0
1,0.5371252606733907,1
0,0.5409742912843236,1
0,0.7862066117609158,0
0,0.6175094107391366,0
1,0.707396974819056,1
1,0.9964026727574642,1
0,0.5113581407448131,0
1,0.7318631950455743,1
0,0.8018686760738434,0
1,0.5860544051345448,1
0,0.8556680926080646,0
0,0.5158119468521678,1
1,0.8581141476915793,1
1,0.973592617816255,1
1,0.9732620477113311,1
0,0.903305222235169,0
1,0.5372621705871475,1
1,0.8469850510861038,1
1,0.7139911549002085,1
1,0.9169908939566782,1
1,0.8379412460981532,1
0,0.6138353539139003,0
1,0.5960248002265516,0
0,0.5634021874285121,0
1,0.5012216368727372,0
0,0.7307918587881419,0
0,0.9399044572089377,0
0,0.822172788919308,0
0,0.9086420440332885,0
0,0.7317136972536461,0
0,0.9916666729839269,0
1,0.8395845500364992,1
0,0.9963711365423047,0
1,0.5432049895415778,0
0,0.5807662071810857,1
1,0.9773877731864332,1
0,0.9044164479316327,0
1,0.9195020711342384,1
0,0.5296573125112439,1
1,0.6480433820713913,0
0,0.9948594998685857,0
0,0.9846848699541515,0
1,0.516380006894499,0
0,0.6365584178923034,1
1,0.9053611164341415,0
0,0.9973384303501047,0
1,0.9497604461110005,1
0,0.998993371356606,0
1,0.8450042502115969,1
1,0.9955600659985663,1
0,0.9786922596771528,0
1,0.9261679394421953,1
0,0.9851768082472598,0
1,0.711282175890775,1
0,0.5744536081951199,1
1,0.7975177987657145,1
1,0.5102501821291682,0
1,0.9197758869912765,1
0,0.7343018858480491,0
1,0.7120054469000091,1
0,0.9866279975735721,0
0,0.7161019663776076,1
1,0.5659218588042102,0
0,0.5976770702131156,0
0,0.6916224238204032,0
1,0.8673337507868507,1
1,0.9391668890897091,1
1,0.8674741073371574,1
0,0.7968971165236188,0
0,0.7494399067049784,1
0,0.998409510153941,0
1,0.8572416814778792,1
0,0.959555633309004,0
1,0.5362368587545434,0
0,0.9916568909904895,0
1,0.6135925093520948,1
0,0.8971328342396605,0
0,0.5303956440856828,1
0,0.5004222133547591,1
0,0.6202632338067521,0
0,0.8892769151209655,0
0,0.988083706015368,0
0,0.9943728694384754,0
0,0.9425488332308863,0
0,0.6180165398731635,1
0,0.7074893857600786,0
1,0.8969452602544279,0
0,0.515987540463674,0
0,0.9942928644065454,0
0,0.9311979610722916,0
1,0.8376200211977155,0
1,0.6852144157682281,1
1,0.9816646056673318,1
1,0.7890824159144618,1
0,0.9762090063123188,0
0,0.970310556356085,0
1,0.6607310795486261,0
1,0.7522329103841717,0
1,0.6932319490352283,0
0,0.5152143844853081,0
1,0.7739498451120977,1
1,0.5529214198120667,1
1,0.6669913193230048,0
1,0.75108182043121,1
1,0.6967125852072259,0
0,0.7278389635136603,0
0,0.9510977631193537,0
0,0.9643768179849244,0
1,0.8750613226004017,1
1,0.8383895630684866,1
0,0.623422575657363,0
0,0.9985677852716642,0
0,0.6906460269131467,0
1,0.6032614044166389,1
0,0.5613109866403085,1
0,0.5565255173308525,1
1,0.8967897293419107,1
0,0.5500027692156171,0
1,0.6978919450216868,1
0,0.8610328070834471,0
1,0.8703232917042494,1
1,0.5593218276453236,0
0,0.5680332770597483,0
1,0.9678188680613526,1
1,0.9249320256606623,1
0,0.8649469833804536,0
1,0.9899008229510802,1
1,0.8002750973016012,1
1,0.7787929171981158,1
1,0.9011628021146665,1
0,0.6431235413994014,0
0,0.5417881827453355,0
1,0.9423808096479999,1
1,0.8873834727163891,0
1,0.6205088689780949,0
1,0.8526290475271681,1
1,0.8713610093556825,1
0,0.7930890170830894,1
1,0.8000692904419429,1
0,0.9943570243484003,0
0,0.7592869568385827,0
0,0.5581863203113435,1
1,0.7686372766204197,1
0,0.8810116723641067,0
0,0.6079874837104196,0
0,0.8304388463187465,0
1,0.6909079070985036,0
0,0.9704400767460811,0
1,0.7842543749256411,1
0,0.9295182399901236,0
0,0.91170003627275,0
0,0.9465560152326146,1
0,0.7548931205848217,0
1,0.9210514230346777,1
1,0.6269458567373821,0
0,0.9686167890448051,0
0,0.7767235297438551,0
0,0.9215060807811731,0
1,0.7248170785603504,1
1,0.790946625350742,1
1,0.9710085645080837,1
0,0.9861054293626791,0
1,0.9730972772436756,1
0,0.9999822080894869,0
1,0.9421411576353597,1
0,0.9778371722677415,0
0,0.9966310705241803,0
1,0.8365821736932431,1
0,0.9910784161619065,0
1,0.8410991657736732,1
1,0.685512505520305,0
0,0.9197157029632317,0
0,0.9621786809637332,0
0,0.5926748957739142,0
1,0.8926651716836737,1
0,0.9155985304966032,0
0,0.7856242631140805,0
1,0.9322059022677921,1
0,0.9684592290829382,0
0,0.9347645624335936,0
1,0.9047058019260191,1
0,0.6643977349263833,0
0,0.7952556287176524,0
0,0.8011884723117718,0
1,0.609685445521709,0
0,0.5979658651152646,1
1,0.6147815354480708,1
1,0.685453316245744,1
1,0.7849594542019473,1
1,0.5670631939638968,0
0,0.6480248641574395,1
0,0.9848994055587371,0
1,0.6959183166894117,1
1,0.9293046164203025,1
0,0.8142418280784259,0
0,0.9699878189442558,0
1,0.844776595451142,1
1,0.8518832617453873,1
1,0.7388014243497021,1
1,0.6054742933511216,1
1,0.7929636522514514,1
1,0.8859701978342412,1
0,0.8740246285212474,0
0,0.7861982401857257,1
0,0.8906767121264724,0
1,0.9655937973905623,1
1,0.9326426456322948,1
0,0.9787558489243346,0
1,0.8039579387944554,1
0,0.8395812925378304,0
1,0.8282553339373498,1
1,0.8361431201758264,1
0,0.7628362354237597,0
1,0.9512041091753957,1
1,0.5497751413636912,1
0,0.7547488085800331,0
0,0.9968408586434732,0
0,0.527521704134688,0
0,0.9934694310126589,0
0,0.777148719389517,1
1,0.9407792069443491,1
0,0.9300697234819065,0
1,0.517381090581883,1
0,0.7645455495214342,0
0,0.6846387470722932,1
0,0.5011628810445068,0
0,0.7947974017638054,0
1,0.7173017888542177,1
1,0.7003932466190708,1
0,0.8168275259120776,0
0,0.9857511724020678,0
0,0.9672347171607506,0
1,0.8649576156551706,1
1,0.8720096295995147,1
0,0.8747697404951803,0
0,0.8850312017842291,0
0,0.6693499467794652,0
1,0.9101789500009084,1
0,0.9597067193100746,0
0,0.6528167726123009,0
1,0.9268052127168303,1
1,0.7898702440123021,1
1,0.6819848531059994,0
1,0.5308515332448861,1
0,0.781578025507814,1
0,0.7504819646917683,0
1,0.9523008902359567,1
0,0.9975478897972041,0
1,0.7733965630811703,1
0,0.9938932589408577,0
0,0.8833793561018538,0
1,0.9528152378984933,0
1,0.5708118043873744,0
0,0.9519047551157048,0
0,0.9290389489441967,0
0,0.5246880956899749,0
0,0.9985459248625246,0
1,0.8105466841713244,0
1,0.750364268696146,1
0,0.7486714896149478,0
1,0.9929657584177282,1
1,0.9980492406632806,1
1,0.6231265600838697,1
0,0.7525012195337485,1
0,0.6649493956513022,0
1,0.8965908050202459,1
0,0.9993841075459777,0
1,0.6909286243781761,0
1,0.7642463395434436,1
1,0.7872838629524542,1
0,0.9746183657970753,0
0,0.6320768177879482,0
1,0.9550788275562127,1
1,0.9080013840699581,1
1,0.945769564259419,1
0,0.7693187990213282,0
0,0.5537072447668702,0
0,0.8596458037602382,0
1,0.9245208777173397,1
1,0.7277553627684417,0
0,0.7153519954207763,0
1,0.9989102492881476,1
1,0.5143042285466409,1
1,0.9849625918205713,1
0,0.7803518402366524,0
1,0.8652384973329817,1
1,0.6870142737176071,0
0,0.9806567081116008,0
0,0.7814737243617768,0
1,0.6834524286934377,1
1,0.7536943686936588,1
1,0.812717329903881,1
0,0.9972590815830435,0
1,0.6792766018530827,0
1,0.8295796382927408,1
1,0.998549757366069,1
0,0.8615326708478991,0
0,0.8152672942309072,0
1,0.8725904012627427,1
1,0.7861807049743513,0
1,0.5221977266747934,1
0,0.9388870941639169,0
0,0.9926045660633604,0
1,0.5619334807192988,1
1,0.7312341013554444,1
0,0.8567722597344768,1
1,0.5257519453747981,1
0,0.9999708108762632,0
0,0.7860258674236291,1
1,0.6561820991402397,1
0,0.9999366117684493,0
1,0.5428961658314814,1
1,0.6147817073573564,0
0,0.7363116084009872,0
0,0.9849732026898234,0
1,0.6835970321479165,1
1,0.7583330175935503,1
1,0.8230585783627447,1
1,0.8816199306771246,1
1,0.7859445254172818,1
0,0.9744852815990481,0
1,0.8884051692647857,1
0,0.9765305711903263,0
1,0.7681213097422374,1
0,0.983138988751434,0
0,0.9371583633109084,0
1,0.5902059231173702,0
1,0.5745992707983544,1
1,0.9979817654621225,1
1,0.567743552966946,1
1,0.9541653271590274,1
1,0.6305194665776822,0
1,0.7499952641889213,1
1,0.5629260591267287,1
1,0.9887919818862028,1
1,0.9073651362989669,1
0,0.5953609886531439,0
1,0.8863100192766903,1
1,0.5512788063889906,1
1,0.8896081881669107,1
0,0.9875461820252674,0
0,0.9700583019542345,0
0,0.7803161429373041,0
0,0.9245250873107903,0
1,0.7406189624404339,1
0,0.9859500106562019,0
1,0.6357707687600108,1
1,0.8257797433356338,1
0,0.9350875780860256,0
1,0.9934924603253109,1
0,0.9734033740822545,0
1,0.8413121098001991,1
0,0.9901480772374269,0
1,0.8873585504241696,1
0,0.5462009036221868,1
0,0.9992616673795911,0
0,0.9999718043889753,0
1,0.6374436053878835,0
0,0.9418692420652691,0
1,0.5541718237679892,0
1,0.6813923971008838,1
0,0.8271041802139412,0
1,0.818557124682076,0
0,0.9998441111426378,0
0,0.8253349483099949,1
1,0.7981253674486348,1
0,0.9378486748155691,0
1,0.8411862908888659,1
0,0.8651817737944313,0
0,0.5480774537526103,0
0,0.7469845181976451,0
0,0.8212969743574612,0
1,0.8011777377160783,1
0,0.7967430434637723,1
1,0.8290213130657079,1
1,0.6598142524722206,1
0,0.9926374075434901,0
0,0.83889524212786,1
1,0.9907486388782794,1
1,0.9840428864382873,1
0,0.6150547554209356,1
1,0.8225464680865406,1
1,0.6399944406377986,0
0,0.7495984315076021,0
0,0.6408269258814159,0
1,0.8098987514635172,1
1,0.7288459888465202,1
1,0.5226604601353125,1
0,0.8566454291139056,0
1,0.6260434994838158,0
0,0.6608283264484035,1
1,0.7654200971407716,1
1,0.8930279215378024,1
0,0.5440952238626078,0
0,0.6750024570179634,0
0,0.8377869012544088,1
1,0.9592940451230082,1
1,0.708146434068838,0
0,0.8832167715482727,1
0,0.8955318678538254,0
0,0.9999240471387896,0
1,0.9066683791627874,1
1,0.9624542331542447,1
1,0.9911972083724694,1
1,0.536952208985939,0
1,0.7688869945345502,0
1,0.5826427238569444,0
1,0.7810167614491862,1
1,0.5527392626727164,1
0,0.910867636805027,0
0,0.6919126453191216,0
0,0.9981865154227051,0
0,0.9472778961385375,0
0,0.6416410604858604,0
0,0.7469347751701357,0
1,0.8705057857067164,0
0,0.7744918648785264,0
1,0.9492748781752058,1
0,0.5265244531204452,1
1,0.907015920350873,1
1,0.5459023258238314,1
1,0.7871326184205882,1
1,0.9993261536083493,1
1,0.7125577777259137,1
1,0.7420549167843957,1
0,0.9727332199689859,0
0,0.8831196971895783,0
0,0.9310868285476387,0
1,0.8788568117377347,1
0,0.9407413874550692,0
1,0.6011040281765946,1
1,0.721551574753359,1
0,0.8839388743183294,0
0,0.5669243465796157,0
0,0.9986450550891082,0
1,0.8368554069994684,1
0,0.7979067346813586,0
0,0.8465421029065481,0
1,0.9767777561055978,1
0,0.9874382526026299,0
0,0.5351406542583514,0
0,0.7285710874472486,0
0,0.8453511659715314,0
1,0.8086856239599158,1
0,0.9582041729010149,0
0,0.9409851704023112,0
1,0.6873810255304829,0
1,0.9699905965505776,1
0,0.5975508683704365,0
0,0.8349033940944687,0
1,0.9329551556715497,0
0,0.6651077186574919,0
1,0.7597535657021794,0
1,0.7765818745879598,1
0,0.979418531041849,0
1,0.8383680316388915,1
1,0.7204475600970244,1
1,0.7400863107967893,1
0,0.8152315317887483,0
1,0.5610577086184444,0
0,0.882887752158219,0
1,0.5054327369076183,1
1,0.9238111762150256,1
1,0.9727350133050552,1
1,0.8274787806971353,1
0,0.9984843665544733,0
0,0.8418392773916638,0
1,0.6177522843365363,0
1,0.7100327021484516,1
0,0.6725451427163922,0
0,0.7287625514158387,0
1,0.8165610654682242,1
0,0.6537635407936148,0
1,0.8185614548027753,1
1,0.6185914860501661,0
0,0.6961634800093977,1
1,0.9671096946619947,1
1,0.9690058013725099,1
0,0.977338981513919,0
1,0.7332455702203521,1
1,0.8971111721744984,0
1,0.8459747360453113,1
1,0.6762869933089392,0
1,0.6534675552187711,1
1,0.8307040489536436,1
0,0.6589106761437382,0
0,0.6929967957460965,1
0,0.8673546834395381,0
1,0.795934712926245,1
1,0.6144171091033709,1
1,0.8473139600189729,1
1,0.8296885802432747,0
0,0.7953524640052136,0
1,0.7900888007946953,1
0,0.6379478134806025,1
1,0.690800965286918,1
1,0.6972345398050782,1
1,0.9968716352875526,1
1,0.8516864122587764,1
0,0.8252041139529731,0
0,0.5347801192880963,0
0,0.9686687756888595,1
1,0.6848685036999239,1
0,0.9315568259864615,0
0,0.8413477676111901,0
1,0.8543026642167012,1
0,0.5083121060692006,1
0,0.6435787064673055,1
0,0.8047214069644864,1
1,0.9924866958933221,1
1,0.8142546901982178,1
1,0.8436908427012233,1
0,0.5131587218955954,1
1,0.9813872980647331,1
0,0.826139401179608,0
1,0.7131881585254183,1
0,0.7773680265110527,0
1,0.6836033131552639,0
1,0.9247169053914687,1
1,0.9524958907375433,1
1,0.5321229271139232,1
1,0.6114884097217324,1
1,0.9038006824714803,1
0,0.9321324563260588,0
1,0.9408856104401708,0
1,0.8757645180053931,1
0,0.8744168856917656,0
1,0.5605450669674008,1
1,0.8529644707035898,0
0,0.9983337338454297,0
0,0.9676199870316772,0
1,0.7397475820197209,1
0,0.8263708638216732,0
0,0.9914835500523006,0
0,0.8426277919747385,0
1,0.8255117720500997,1
1,0.573086579593015,0
1,0.8946519282192439,1
0,0.8950197813695884,0
0,0.8571556954004167,0
1,0.8546037064454431,0
0,0.9856517777240945,0
0,0.8270503165965108,1
0,0.9766538415575599,0
0,0.8128049104108368,0
0,0.7280098391101535,0
1,0.8842573007453495,1
1,0.711761213947066,0
1,0.9029337157836324,1
0,0.9021334223854812,0
1,0.7692096964550853,0
1,0.7227711429586653,0
1,0.8538361410821395,1
0,0.552791897664616,0
0,0.9897158707782523,0
0,0.7549698600343716,0
1,0.9338428445133506,1
1,0.7869317402900594,1
0,0.7679011292572617,0
1,0.7445851674047496,1
1,0.7807947125804033,1
1,0.5948280958838754,1
1,0.8420802548484434,1
1,0.8801755197329918,1
0,0.9530759229823725,0
0,0.6447571994606167,0
1,0.952860116004821,1
1,0.5561249381918331,1
0,0.5861000885987347,1
0,0.8027311204719516,0
1,0.8714165972958522,1
0,0.7695098491156205,0
1,0.9727488980087232,0
0,0.7677141617741308,0
0,0.9616804511667814,0
0,0.9375199877976998,0
1,0.849415247428641,0
0,0.6284128405785259,0
1,0.8898143441870929,1
1,0.9801217612222552,1
1,0.9899655706714757,1
0,0.9663676526312782,0
0,0.6234156558929089,1
0,0.8533191904629476,0
0,0.8892843409984847,0
1,0.8359899390001293,1
0,0.8498719447028177,0
1,0.8881118315406954,1
1,0.7935255293957981,1
0,0.9728770404636629,0
1,0.730126248491095,1
0,0.89205493436885,0
1,0.6099078613707585,1
0,0.7861112336472478,0
0,0.647918817675745,1
0,0.9605864159044395,0
0,0.5696514245541517,0
0,0.9995309602501379,0
1,0.5789181314925118,0
1,0.9542256076140316,1
1,0.521761651316041,1
1,0.8958519145158388,1
1,0.6787228714647412,0
0,0.9827958456258107,0
0,0.7999121574628243,1
1,0.6590840164993217,1
0,0.8997003202929267,0
1,0.9822182137130926,1
0,0.9686322860422236,0
0,0.7639395494579381,1
1,0.8878829905385968,1
1,0.599719579962486,0
1,0.991004387049178,1
0,0.7521481318589952,0
0,0.9976181594922082,0
1,0.6595420011681671,1
0,0.9759219689934447,0
1,0.8117414717601766,1
0,0.6791376864669536,1
0,0.8172241033133787,0
1,0.6926097132113012,1
1,0.7386298459241908,1
0,0.9978762683611172,0
0,0.5510651744404254,0
0,0.9986240314351288,0
1,0.7788944665363097,1
0,0.8040320429303749,0
0,0.7104830933256902,0
1,0.5093480808509595,1
0,0.9734918372308513,0
1,0.7954904633239155,1
1,0.9350224817189126,1
1,0.7052405672551612,1
0,0.992743546427982,0
1,0.6678642289935328,1
1,0.8398913515041873,0
1,0.9541464640064728,1
1,0.8649981182120988,1
1,0.5857715342829202,0
1,0.9639169020345292,1
0,0.6579532546607568,1
0,0.7755379323943272,0
0,0.615032642670602,0
0,0.9274983333659519,0
1,0.8101793460668232,1
1,0.691215210181728,0
1,0.8703326296760967,1
0,0.5347853237087001,1
0,0.6180743877390796,0
0,0.9983773079978258,0
0,0.5794426615148867,1
1,0.6012342918997494,0
0,0.9078398673545357,0
1,0.515410939592902,0
0,0.9896977571052504,0
0,0.9122112380859252,1
1,0.5489074637484928,0
1,0.9630214732281329,1
1,0.9410485020138013,1
1,0.5025167694797528,1
0,0.9262105548070346,0
0,0.9847005232419866,1
0,0.7554133558308392,0
0,0.9835524832627284,0
1,0.6078093017920173,1
1,0.6704451511360511,0
0,0.8397363080288296,0
0,0.9738870837672459,0
1,0.7805765948230063,0
0,0.8909424655428324,0
0,0.9100630691156429,0
0,0.9646249263957196,0
1,0.5945423370011818,1
1,0.9643963826155315,1
0,0.5427562186784252,0
1,0.7180275411255551,0
1,0.9405597472201007,1
1,0.6951100975274941,0
1,0.7191769296051347,1
1,0.8352095767738921,0
1,0.9360275879547413,1
0,0.7591311759648367,1
1,0.6861010608581309,1
0,0.5993398127113114,0
0,0.6533058245183534,1
0,0.963241884971756,0
0,0.8796173052346483,0
0,0.6836895296091947,0
0,0.527182334423081,1
1,0.8982921318066626,1
1,0.9983971099671486,1
1,0.9123466396336541,1
1,0.7175405373791487,1
0,0.731587872533644,0
1,0.8094808703971036,0
0,0.8543283731673535,0
1,0.6100412274966281,1
0,0.9439089256555937,0
1,0.6623245644439558,1
0,0.9910066245582386,0
1,0.62251699394909,1
0,0.9994155828827738,0
0,0.7753127423892586,0
0,0.9314371459482019,0
0,0.9788582310765772,0
1,0.6867893673437693,0
1,0.8544501308054996,1
1,0.69458510291835,1
0,0.998971438443947,0
0,0.5667533033386947,0
1,0.8024568681212965,1
1,0.6765613545746493,1
0,0.9248164217061328,0
1,0.6574348595847079,1
0,0.6287033683279355,0
0,0.8926521954124077,0
0,0.9994761727825477,0
0,0.5264039604674412,1
0,0.5624965201222227,0
1,0.7427351070516769,1
0,0.8523028130427008,0
0,0.5768302729891395,0
0,0.6085030953134618,1
0,0.97239677888952,0
0,0.6327481893443507,0
1,0.9958639880914195,1
1,0.9568623224911342,1
0,0.7704358376182634,0
1,0.7874406832549506,1
0,0.9669056488785607,0
1,0.510880215322101,1
1,0.8175615944439081,0
1,0.5591934583416645,0
0,0.8516665470900968,0
0,0.9977534674893728,0
1,0.6846656275257347,1
1,0.603989510811724,1
0,0.6283120043916938,0
1,0.7614950852858661,1
0,0.5375265094015246,0
1,0.9709155272940869,1
0,0.8807203581034793,0
0,0.7985876605065712,0
1,0.8289564893676394,1
0,0.7765357807739232,0
0,0.9982058771626879,0
0,0.9919920264404445,0
1,0.7246892116153644,1
1,0.8279978373659257,1
1,0.5842437216456229,0
0,0.9830568186912116,0
0,0.5709121171325287,1
1,0.5179393207345325,1
1,0.985919893376571,1
0,0.6211302061943713,0
0,0.7499059873611005,0
0,0.9915015759816362,0
1,0.8929652013771481,1
1,0.8958530116159938,1
0,0.9951709734789663,0
1,0.6856641545514954,1
0,0.9679461065457176,0
0,0.6346761809963087,0
1,0.9857628886904173,1
0,0.9090696199282806,0
0,0.9967649858924671,0
0,0.8704723910482898,0
1,0.9611659667246446,1
0,0.5943929806560553,0
1,0.7456533905580257,0
0,0.8372288660728066,0
0,0.8310789306721855,0
0,0.6019612330416955,0
1,0.523386953431829,0
1,0.6565295508878921,1
0,0.7263259605937552,0
1,0.8794773779526475,1
1,0.7457033508121849,1
0,0.8083667776819645,0
0,0.5800104400581373,0
1,0.7440615970915264,0
0,0.6693523506765483,0
1,0.7267038289217213,1
1,0.612578452171611,1
1,0.5953440954848054,1
1,0.5263214443514478,0
1,0.8026201498649402,1
1,0.9866389923570974,1
1,0.812122196186977,1
0,0.9905501114366121,0
0,0.7621930309771203,0
1,0.6404530064139625,0
1,0.6363425261568252,1
0,0.8765609116786067,0
0,0.8843600593751811,0
0,0.8243714663499764,0
0,0.5049811002416622,0
0,0.9081100845359535,0
1,0.622901860471035,0
0,0.7523872936529652,1
1,0.9613326077098288,1
0,0.9713592729430444,0
0,0.8899360642570712,0
1,0.5885326348118084,1
0,0.9964403879155952,0
0,0.9555643773452628,0
1,0.9868279969805603,1
1,0.7470355821204301,1
1,0.6174674557886961,1
0,0.9882786326379082,0
0,0.9845123030134268,0
0,0.8983536881063962,0
1,0.8913546989509974,1
0,0.9795793443593955,0
0,0.577718683403738,0
1,0.5004528392644636,0
0,0.9202508358580812,0
0,0.7071907634134206,0
1,0.5075176167284268,1
1,0.646223397063754,0
0,0.6287293976855579,0
0,0.9683588670525018,0
0,0.9587877718470005,0
0,0.720888635130511,0
0,0.9976865280109085,0
1,0.9428742788399407,1
1,0.8955010657840177,1
0,0.9441814378353933,0
0,0.5089312084746094,0
0,0.5966743194226427,1
1,0.8144675973691899,1
0,0.9878771446814995,0
0,0.8956271768300844,0
1,0.8954369231807932,1
0,0.9390406605925197,0
1,0.9022071974190599,1
0,0.5341823886641385,0
0,0.8462209165008703,0
1,0.7989320736872548,1
0,0.8641539497031443,0
0,0.7502692149718841,0
0,0.51647550315774,1
1,0.8899423407140342,1
1,0.560872365237349,1
0,0.6861456482474506,1
0,0.9939850113701673,0
0,0.9049141463944618,0
1,0.8069796695070637,1
0,0.999748134752595,0
0,0.9438019257809708,0
0,0.9748089238521066,0
0,0.8686750528265885,0
1,0.9278519975581193,0
0,0.9993609667612334,0
1,0.7711602951229023,1
0,0.8945503307791818,1
0,0.9984137677724529,0
0,0.9147003818324229,0
0,0.6049901586674786,0
0,0.5842029206935542,1
0,0.6577672509267556,1
1,0.7707266212154047,1
0,0.5923606614920266,1
0,0.746965141539483,0
1,0.6539644877382434,1
0,0.9299367408343266,0
0,0.6667464107693175,0
1,0.9201259923586473,1
1,0.9301552729903401,1
0,0.9137437999582586,0
0,0.9999551401464659,0
0,0.9050726460101765,0
1,0.9457207589479223,1
0,0.5486157835313494,0
1,0.8929257496466793,1
1,0.7245665824961294,1
0,0.9853529244943605,0
0,0.9782434824309588,0
1,0.5917950579691906,1
1,0.5547327940251695,1
0,0.9115592627348241,0
0,0.7880282696651895,0
0,0.9815426425897472,0
0,0.8350908481854662,0
1,0.6198416069858966,1
1,0.7030361037624968,0
1,0.6364476016521954,1
1,0.9525231883654923,1
0,0.7951277186004894,1
1,0.9341973055858721,1
1,0.7280639901639634,1
0,0.5089893419517464,1
0,0.9153995804563849,0
0,0.863076066272038,1
1,0.6534498553112514,1
1,0.741160962661235,1
1,0.6738784390895358,1
1,0.7076287182417855,0
1,0.6953353621554097,1
1,0.9966364692510071,1
0,0.9674159847350019,0
0,0.9746051430676095,0
0,0.6222581439040133,0
0,0.9572652148776443,0
1,0.5504779620706158,1
0,0.9235204277602069,0
0,0.5556906676595417,0
0,0.942440158361532,0
0,0.6094948131343936,0
1,0.8861447187955555,1
1,0.7927429836291158,1
0,0.9511905867701342,0
0,0.5836283867453398,0
0,0.839992361826938,0
1,0.8855679125291851,1
0,0.7263508224030499,0
1,0.6712333057556497,0
1,0.9283841218294412,0
1,0.7316870036822608,1
0,0.9004722541864469,0
1,0.9804760651451981,1
0,0.8101449010949529,1
0,0.9333044652927396,0
0,0.9944375651241263,0
1,0.9610185753957619,0
0,0.8975134781242122,0
0,0.8222448290921248,0
1,0.965830223361057,1
0,0.9089821846664263,0
1,0.7869751877272116,1
1,0.6809541633677724,0
0,0.8664779418790474,0
0,0.98108947358693,0
1,0.8190533653637138,1
1,0.5060713726225459,0
1,0.5445596367456931,1
1,0.8209243476443199,1
1,0.7354155589403708,0
0,0.9608826071296154,0
0,0.8757491622998141,0
1,0.816925172090871,1
1,0.7768099848972576,1
0,0.9008829945540886,0
1,0.8704942447904827,1
0,0.604251893913599,0
0,0.9376758896767728,0
1,0.8053114347360942,1
1,0.7314523730055377,1
1,0.7545139499560045,1
0,0.819373360010811,0
1,0.9946539896709713,1
0,0.7934774776705531,0
1,0.7748498329129435,1
1,0.7745343224663755,1
1,0.8754063432256819,1
1,0.8684940158658317,1
0,0.9451443462063094,0
0,0.6958603782913161,0
0,0.9988838445661505,0
0,0.7971788108956334,0
0,0.8880911174695525,0
1,0.7825347139519188,1
1,0.7221447653760853,0
1,0.6821120709823256,0
1,0.6924122886721309,1
0,0.506691088413015,1
0,0.9856706252008756,0
0,0.9191827012777438,0
0,0.6406294293001304,0
1,0.5193580266886966,0
1,0.7292823011026711,1
1,0.8610484088547832,1
1,0.7582679108206042,1
1,0.9024418978280698,1
1,0.7547631276663536,1
1,0.8774969300176084,1
1,0.8984954932176359,1
1,0.7341872039740731,1
0,0.5242916931812516,1
1,0.9585564750615683,1
0,0.9803889094707763,0
0,0.9994917746336194,0
0,0.7215356892376112,1
0,0.59641037876909,1
1,0.6035763928724907,0
0,0.5502461928464153,0
0,0.9344609401193096,0
0,0.957079441589592,0
1,0.9500766359951581,1
0,0.6827880334341209,1
0,0.8868982782745575,0
0,0.679364046559844,1
0,0.5162203599991758,1
0,0.8388741845451669,0
1,0.9408230983024766,1
0,0.9518838320602657,1
0,0.9542455559044694,0
0,0.9924894509810596,0
1,0.8617451516571225,1
1,0.806378791950741,0
0,0.6885814744825598,0
0,0.7664085248991226,0
1,0.7690397329939201,0
0,0.8079526976851017,0
1,0.6096692626474736,1
1,0.6666167857386146,1
0,0.9367334866550845,0
0,0.7433567250518022,0
0,0.8736888661117087,0
0,0.7555210934261005,0
1,0.9784165890516076,1
1,0.5372071066359592,1
0,0.9905891070348772,0
1,0.9582937321671389,1
1,0.9436499763352703,1
1,0.7903697905809565,1
1,0.8868039461558117,1
0,0.9174374002199086,0
0,0.9006709107629745,0
0,0.5338401381182913,0
1,0.7343626722643095,0
0,0.6830462242704046,0
0,0.589817360319665,1
0,0.6357882876508272,0
1,0.5284300698842205,1
1,0.7937227168874014,1
1,0.6568587600556522,0
0,0.9668057269463542,0
1,0.7119401976630529,1
1,0.6159218386939262,0
0,0.9058824977935749,0
1,0.8266672518083512,1
0,0.8577733923827098,0
1,0.8859460036761838,1
1,0.8375514651226055,1
1,0.9905360133852509,1
0,0.974272491394217,0
0,0.9488818608223585,0
0,0.7028031594170259,0
0,0.9968189251615454,0
1,0.9054158873162528,1
1,0.7694052389217568,1
0,0.9998464178373717,0
1,0.5227526538077715,0
0,0.7471804928483043,0
1,0.9631695891586696,1
1,0.9591794243218786,1
0,0.7389802400555847,1
1,0.5108337326431701,0
0,0.5503120581705669,0
1,0.5706066792789738,0
1,0.5487776718454199,1
1,0.8393500293775285,1
1,0.9648535202566509,1
0,0.6317521179307797,0
0,0.9950471745027345,0
0,0.6887238715022648,0
0,0.5214229780781223,0
0,0.6457155857347081,0
1,0.8978872141536193,1
1,0.984334298230091,1
1,0.7054380812287862,1
1,0.6365150391251071,0
0,0.9685088050090309,0
1,0.8926391770029768,1
0,0.8149463001308788,0
0,0.6389708721616097,1
0,0.9956480397461407,0
0,0.9401531412149778,0
1,0.6102434743559825,1
1,0.7351089449051051,0
1,0.9325577465740473,1
1,0.665278769769352,1
0,0.7140808279527995,1
0,0.9875069225967625,0
1,0.6511384050446466,0
0,0.6119454604852382,0
1,0.5254125648666935,1
1,0.9274658884116228,1
1,0.6092417870126735,1
0,0.979729645328222,0
0,0.6698106216226034,0
1,0.8278270742327624,1
0,0.8704536128614425,0
1,0.7574837526324516,1
0,0.9714370156886295,0
1,0.7882923903435812,1
0,0.9268016670390373,0
0,0.6005962106865419,1
0,0.6130015999805478,0
1,0.5719866227838409,1
0,0.7917351885417979,0
0,0.9952440202660782,0
0,0.978808638917919,0
1,0.6155061995761487,1
1,0.8509784602643873,1
1,0.9059073281102864,1
0,0.9596463472339904,0
0,0.9758717792713468,0
0,0.9941329311319719,0
0,0.6872526408094901,1
0,0.626335534425547,1
1,0.6531750426544094,1
0,0.9741867274013647,0
1,0.8821241625648188,1
1,0.8150990815223716,1
1,0.8011567179590565,1
0,0.759809591611698,0
0,0.8192184330239145,0
0,0.6702294882125341,1
0,0.6205417854547297,0
0,0.5814938816221391,0
1,0.5706701031223765,0
1,0.8031168910428857,0
1,0.9890335481293809,1
1,0.874826455361672,1
1,0.5332457612659659,0
0,0.9844485777206041,0
0,0.7124983569407632,0
1,0.6216415202195666,0
0,0.6151735033984416,0
1,0.6175075842528254,0
1,0.9969093718759352,1
1,0.9916419869182086,1
1,0.8083978479948767,1
1,0.8045086253588979,1
0,0.5003139009727321,0
0,0.8672882841602985,0
0,0.9787863138051311,1
1,0.9356502740005038,1
1,0.5177618426359234,1
0,0.6436584036105335,0
1,0.7383842905826176,1
1,0.89951983395371,1
0,0.6920666429708393,0
0,0.9825136857741182,0
0,0.9904207479887158,0
0,0.9268282045523213,0
1,0.7102246789312147,1
0,0.9865611253388393,0
0,0.796096873560382,1
0,0.8787401675027132,0
1,0.9354906814433644,0
0,0.5198935039728525,0
1,0.9245568665970361,1
0,0.6167281857169575,0
1,0.9523952502413676,1
0,0.7055961185505257,1
0,0.9301388285050133,0
0,0.6162106783449016,0
1,0.6795634932204243,1
1,0.5088052550381535,0
1,0.9451859902768441,1
0,0.6988336335933719,0
1,0.7785877820387495,0
0,0.8065343116089004,0
0,0.9307221061120325,0
0,0.7299483054862985,0
1,0.6443849950725976,1
1,0.596681903037683,1
1,0.5861359882190392,1
1,0.9863291034101854,1
0,0.8059035395069866,0
0,0.6275043054442936,0
1,0.7706595939139266,1
1,0.7156935497175442,1
0,0.9843094264449693,0
1,0.5715087564647167,0
1,0.7841907955409679,0
0,0.9836164126321683,0
1,0.751299598309693,0
0,0.65510738252161,0
0,0.6802810689618437,1
1,0.7223393561829345,1
1,0.9809731851042535,1
0,0.7744577664002958,1
0,0.9459392534562354,0
0,0.7706652401228735,0
0,0.8820009157354204,0
1,0.7181308249311569,0
0,0.9807205296762928,0
0,0.5849109225315645,0
1,0.9928486117506417,1
0,0.5104898900702491,1
0,0.9881326879833662,0
1,0.6125226334831056,1
0,0.9814526481766256,0
1,0.6712270801669087,0
0,0.950628925618831,0
1,0.6196656077236725,1
0,0.7728322303999355,0
0,0.8315420222498969,1
0,0.8281361183550333,0
0,0.9865863453049378,0
1,0.780120310800025,1
1,0.870961646139232,1
0,0.854533197278952,0
0,0.5097282645012162,1
0,0.7820701753341808,0
1,0.7801956089033838,1
1,0.6939501079532182,1
0,0.9793559601198379,0
1,0.8900405219948644,1
1,0.766079798256614,1
0,0.980892337328432,0
0,0.9333301322639262,1
1,0.8476949330925106,1
0,0.9250133055827036,0
1,0.8301569407225932,1
0,0.5063955458812335,0
0,0.7102710928949765,0
1,0.8422249546382107,1
0,0.6476925375459748,1
1,0.6769626861353574,1
1,0.8721079808778354,1
1,0.6222699007556997,0
0,0.9669393358947097,0
1,0.9342668009469492,1
0,0.6550745533153939,0
1,0.672449153526576,1
0,0.9611240534266059,0
0,0.9427889324719777,0
0,0.9918446992860444,0
0,0.9233203194259828,0
0,0.8488725465714339,1
0,0.830131518635445,0
1,0.9856912553752737,1
1,0.9212135801813807,1
0,0.9822746439554529,0
1,0.8764953840437474,1
0,0.9225724654607238,0
1,0.9586895962364684,1
0,0.5799061690128096,1
0,0.8209455488948787,1
0,0.8694530673089971,0
1,0.5014255235930596,0
1,0.7187968241632976,1
0,0.9594701481899546,0
0,0.6630583700374542,1
0,0.9959274093340268,0
0,0.8736564449918376,0
1,0.8000256698557889,1
1,0.8459325091661279,1
1,0.6289620475710497,1
1,0.7449139538066747,0
1,0.9888457409679152,1
0,0.8738721019994539,0
0,0.7654334566404579,0
0,0.992286609367041,0
1,0.968886610591967,1
1,0.5655473170657163,1
1,0.5469597672622444,1
0,0.9822337717728594,0
1,0.6978393499928507,1
1,0.8759748184862496,1
1,0.7178312914424633,1
0,0.9896420052954854,0
1,0.8438217077002085,1
0,0.9323185136569371,0
1,0.8861740996433116,1
0,0.8684096158604503,0
1,0.9273709722942873,1
1,0.6778061317637576,0
1,0.6354021506062927,0
0,0.6187322175901487,1
0,0.8699175363919822,0
0,0.988553228894078,0
1,0.9885901538519847,1
1,0.8987538082295399,1
0,0.8741504230305985,0
1,0.5536668550556357,0
0,0.9907048921205094,0
1,0.6585563848245903,1
1,0.9456143314764525,1
1,0.7883938489820196,1
0,0.7303533247457743,1
1,0.5274069647272175,1
0,0.8720809250342026,0
0,0.8216265174117526,0
0,0.967304583122234,0
1,0.6472810500513311,1
1,0.9075857481485244,1
1,0.8629958307062638,1
1,0.8122569966863925,1
0,0.9968049547863462,0
0,0.8166846864105637,1
1,0.9892468381674152,1
1,0.5577917377841115,1
1,0.6564710127240992,1
0,0.9976405864779737,0
0,0.9149590508318204,0
0,0.8650643273564447,0
0,0.9472511360730129,0
1,0.6496034194586303,1
1,0.9055792415037006,1
0,0.5717368002524023,0
0,0.9057705727305442,0
0,0.8704568063702642,0
0,0.9944563344251699,0
0,0.8306198006962173,0
1,0.9962934021917562,1
1,0.925848618885586,1
0,0.9824305094028072,0
1,0.7577340382963476,1
0,0.9921638170633584,0
1,0.8161344788082793,1
0,0.6676865382335715,0
1,0.9366978508498571,1
1,0.9822543137617655,1
0,0.7648723376616674,1
1,0.6955432449179264,1
0,0.6545775030094222,1
0,0.6868270778465666,1
0,0.9866958495306886,0
1,0.6509337657628579,0
0,0.7706108593032145,0
1,0.9107451061930226,1
1,0.5362991816326942,1
1,0.6808537754479169,0
0,0.9480403790086855,0
0,0.9848415426883931,0
1,0.8775739004524007,0
0,0.9576853500179341,0
1,0.8290418256673395,1
1,0.6710482042477162,0
1,0.5822854342098652,0
1,0.5535438810934739,1
1,0.9949999682052256,1
0,0.9665366402641041,0
0,0.7391272390336943,0
0,0.8370196126843469,0
0,0.9159126912772794,0
1,0.8441034690269136,0
0,0.5749909891966392,1
0,0.7647784183526339,0
0,0.9014531844251464,0
1,0.8044506749426965,1
0,0.9785101144354198,0
0,0.5062661581415948,1
1,0.9138929515596576,1
0,0.5823525204309888,0
1,0.9465991507337168,1
1,0.5670403417070251,0
1,0.8043339643574084,1
0,0.5753504305665025,1
1,0.6135563039831015,0
0,0.605948535452643,0
0,0.9797495384809375,0
1,0.7307334725997847,1
1,0.9965769545978048,1
1,0.8751206141668582,1
0,0.9136240344422817,0
0,0.5268823382975567,0
0,0.9131251242005887,0
1,0.8558322784329923,1
0,0.9367876722599192,0
0,0.9714525183967527,0
1,0.6169558223874807,1
1,0.96886572500099,1
1,0.7414153034795525,1
1,0.5215644177108472,1
1,0.7300051728537432,1
1,0.7351184413579572,1
0,0.8125469715693896,0
1,0.9870008342348413,1
0,0.6222164299374953,0
0,0.9730746682139076,0
1,0.9592167930366609,0
0,0.8730553125849726,0
1,0.8599494634117855,1
1,0.6718214193568562,0
0,0.9546662444994753,0
1,0.7191970466955477,1
0,0.9682640324601507,0
1,0.9535997419490059,1
1,0.8026774811585372,1
0,0.9300568355477423,0
1,0.5565850158796765,1
1,0.6007275589711878,0
0,0.9591326889699573,0
0,0.7963157039522518,0
0,0.5214694396987141,0
0,0.9939258488937261,0
0,0.928337849939275,1
1,0.7404485820964116,1
1,0.9235661642578606,1
1,0.9781668986000543,1
0,0.9650279958748522,0
0,0.7608099204546769,0
1,0.5508332574437528,0
0,0.6791561028386806,1
1,0.9284882748617416,1
1,0.978563758677208,1
0,0.962155819249841,0
1,0.9102233235193132,1
0,0.6243164185561694,0
1,0.6409878257742554,1
1,0.853957662654781,1
1,0.7644562456746617,1
0,0.9807644795532673,0
1,0.7836135997911275,0
0,0.5990779275095013,1
0,0.5934194197799767,1
0,0.9832371710483658,0
1,0.9681255316785338,1
1,0.9568680904769434,1
0,0.5339096463350561,0
1,0.9978188702232835,1
0,0.5624171488778387,0
1,0.6097706512423199,1
0,0.6527473552505771,0
1,0.7437585961870423,0
0,0.640618934684496,0
0,0.9237758289653075,0
0,0.6124121266054365,0
0,0.7316111234534802,0
0,0.5199531559623283,1
0,0.6580161209147402,0
1,0.5622925339534394,1
0,0.9638335264699965,0
1,0.6980403807092974,1
0,0.5243093439805686,0
0,0.8742079311276316,0
1,0.9842540564217311,1
1,0.5999221404337467,0
1,0.822404141590034,0
0,0.5187130309693506,1
1,0.5978657654095239,1
1,0.54263106555646,1
0,0.9864163571880391,0
1,0.7603264181037416,1
0,0.9631181308308238,0
1,0.9900980336368288,1
1,0.9025816665702036,1
0,0.9060793893517863,0
1,0.992218186910104,1
1,0.924261422158627,1
1,0.9627711428011898,1
1,0.6537505043220894,0
1,0.8309226393085145,1
0,0.5000070046467047,0
0,0.96828035472261,0
0,0.7695664377267114,0
1,0.9408230983024766,1
1,0.8321836163171994,1
0,0.7222832860346898,0
1,0.5788199493039187,1
0,0.561655452641926,0
1,0.8510485389182475,1
0,0.9980750643000882,0
1,0.9697668795544311,1
1,0.5880344852574203,1
0,0.8348888439608073,0
0,0.9791406120724985,0
1,0.9706383110759803,1
1,0.7622454321094765,1
0,0.9419925704347042,0
0,0.9765735588888353,0
0,0.7753720676051337,0
1,0.9883989721592603,1
1,0.5489158912120622,1
1,0.760233261411458,0
0,0.5132643054191182,0
0,0.9691252903346895,0
1,0.9169815482917888,1
0,0.772313653663943,0
1,0.7484562885451433,0
0,0.9522415330177446,0
1,0.7797298195806709,1
1,0.9457119495085524,1
0,0.967805227446758,0
0,0.9945910348076392,0
1,0.8248358835917348,1
0,0.7514886521910326,0
0,0.9715741575319242,0
1,0.8499859787143035,1
1,0.5949239148653426,1
1,0.8815172613078134,1
1,0.5772973202534365,1
0,0.6583853557864562,0
1,0.6505079627026586,1
0,0.577089020441701,1
1,0.6651888833111524,0
0,0.6204220376298104,1
0,0.525594153085184,0
1,0.981200453675921,1
1,0.8057415866095948,1
1,0.8932138552937816,1
0,0.6282660464627026,1
0,0.9154332305816195,1
1,0.5778880555437732,1
1,0.6277639275782652,1
1,0.7184323174996944,1
0,0.8165814698755621,1
1,0.981267406889347,1
1,0.9127181496018347,1
1,0.9874665473194483,1
0,0.7574319655046996,1
1,0.9964813921920228,1
0,0.639216311647818,0
1,0.5526022582294824,1
0,0.9956352917539235,0
1,0.7204171211501508,1
1,0.9624493996092387,1
1,0.5505363171436959,1
0,0.917748764951273,0
1,0.9877836755510663,1
0,0.9133624567184387,0
0,0.9535724186225565,0
1,0.9560101754793842,1
0,0.9618468997475925,0
1,0.8333527794995074,1
1,0.5000626072772854,0
1,0.5563711924428456,1
0,0.7856144907556543,0
1,0.9936935848970645,1
0,0.6111352649481198,0
0,0.9464948577631599,1
1,0.9262989559196309,1
1,0.7497779761635158,1
0,0.9138392621614932,1
1,0.6982085273819095,1
1,0.9911814644787788,1
1,0.7864916280485167,1
0,0.9976109554457115,0
1,0.5281665520964463,0
1,0.7840977910320747,1
0,0.9240123691561655,0
0,0.8579616199921816,0
1,0.9314189472877094,1
1,0.686516931356824,0
1,0.6920476334542022,0
1,0.9814004102439365,1
0,0.9105383338593214,0
1,0.7531261772850111,0
1,0.6930486067630541,1
0,0.8405939077418929,0
1,0.8626816007565085,1
0,0.9691730597555609,0
1,0.9868118201372446,1
1,0.8187626317890845,1
0,0.9990222951091406,0
1,0.5617215576612251,0
1,0.8963873235621725,1
1,0.8646919380866235,1
1,0.7288988987967255,1
1,0.5767936227457915,1
1,0.6847039155575617,0
0,0.9486209872860731,0
0,0.9214574039739186,1
0,0.8379090576108862,0
1,0.7984246429208997,0
0,0.9957946789628168,0
0,0.8096203002511654,0
1,0.7703791670663925,0
0,0.9663668270829541,0
0,0.961451618461496,0
0,0.6568885543553923,0
1,0.816152308356969,0
0,0.7201256392088478,1
1,0.6058614573536416,0
0,0.9679956422110034,0
1,0.9706038952929976,0
0,0.7128538651660675,0
0,0.8672864759694221,0
0,0.9156472852356616,0
1,0.6738470852686991,1
0,0.5332365840410411,0
0,0.9456456178236395,0
1,0.8871654817881647,1
1,0.6485445759548923,1
1,0.8689660876042504,1
1,0.9707141690302968,1
1,0.7070601586881567,0
0,0.7003085171723409,0
0,0.9116295691773204,0
1,0.8443134312618144,1
1,0.748522036739597,1
1,0.9894536493929262,1
1,0.7993844416022117,1
1,0.6904868935683975,1
1,0.6032258095676277,1
0,0.6261022962174021,1
0,0.8476460342374242,0
1,0.6468950353987285,0
0,0.993259389788937,0
1,0.8515073958655011,1
1,0.9891171136313797,1
1,0.6932451881438876,1
0,0.6159033555311684,1
1,0.723858209325931,1
0,0.717519277389445,0
1,0.5039329390977557,0
1,0.906424000573023,1
0,0.6643834768915979,0
1,0.7883034238597451,1
0,0.6508725314874841,0
1,0.5387651705409846,0
1,0.9971905200233359,1
0,0.9890219172129348,0
1,0.7930942170424493,1
0,0.9765739867475451,0
0,0.9633388012436614,0
1,0.7635949539376309,1
1,0.88418129242265,0
1,0.8282527475089762,1
0,0.9897713440750728,0
0,0.9987264820230204,0
1,0.9859872687163121,1
1,0.8442511401559087,1
0,0.5064855500165398,1
0,0.9598119002481839,0
1,0.9447169433756127,1
1,0.9764241438656216,1
0,0.9216486264850393,0
0,0.9994173030148071,0
1,0.9740622411883272,1
0,0.9620599546261935,0
0,0.9612704866558351,0
1,0.5540451942415349,0
0,0.7898959647392714,0
0,0.8771152509594045,0
0,0.9989725731410457,0
1,0.9150145978649059,1
0,0.6968808511181405,0
0,0.9996532168868649,0
0,0.8071634094048767,0
0,0.7636152124557494,1
1,0.7981099647473028,1
0,0.9326118646364425,0
1,0.7233524259998543,0
1,0.9638360027222335,1
1,0.7840433688916083,1
0,0.7534231450841874,0
1,0.522437428707823,1
0,0.794764104689392,1
0,0.6003199778357804,0
0,0.8845982325104318,0
0,0.8374457059374338,0
1,0.8280538303860433,1
1,0.7330871110747305,1
1,0.8009180959480283,1
1,0.6987988209918444,1
0,0.8297761586394904,0
0,0.7854750998541554,0
1,0.9744306582784212,1
1,0.6406754290387211,1
1,0.7386802015988618,0
0,0.7664514816808167,1
1,0.918393293222877,1
1,0.7414619330453537,1
1,0.7188487757897333,1
0,0.8282012945405262,0
1,0.9263166063942069,1
1,0.9623265433121702,1
1,0.7656693796613796,1
1,0.9384462818809362,1
0,0.6139531093850676,1
1,0.7595894572046256,1
0,0.6695319084546487,0
0,0.8165415023687173,0
1,0.9454660963676714,1
1,0.6849938571045823,1
1,0.7950106924185791,1
0,0.965869023241251,1
0,0.9583521059449773,0
1,0.9575083169541254,1
0,0.9626161643682942,0
0,0.9526148385525256,0
0,0.6876351262064757,1
1,0.9398466879719652,1
1,0.5628087186773634,0
1,0.5646902237225552,1
1,0.9657334620038149,1
0,0.843999047407953,0
0,0.7379845159365975,1
0,0.9356177911805384,0
1,0.6679292518541009,1
1,0.5994419332559623,1
0,0.9930358733434891,0
0,0.5084061678437957,1
1,0.9792601999641295,1
1,0.7370876121155105,1
1,0.9605192264906557,1
1,0.9716629794064474,1
0,0.5503747958911454,1
0,0.7241128504206136,1
0,0.9836109597921768,0
1,0.9410063228053741,1
0,0.6757696082467523,0
1,0.9956866897632591,1
0,0.767595986680535,0
0,0.7179739159859414,1
0,0.5358480136509564,0
0,0.7379251105453621,0
0,0.5376877671933834,1
1,0.6415228711779145,1
0,0.7854226749431188,0
0,0.9650399309080275,0
1,0.9344663284041748,0
0,0.9939039886761658,0
0,0.8497613741785166,0
1,0.8332713391915972,1
0,0.9782972733060536,1
1,0.9091653221735493,1
1,0.7367378065186416,0
0,0.9536560605616273,0
0,0.9007583030424786,0
0,0.9591554890950106,0
1,0.5800695688195271,1
0,0.9952660735023217,0
0,0.620860873376277,1
1,0.5540576184041981,1
1,0.5025659495903805,1
1,0.719091163131191,1
1,0.8661754396887744,1
1,0.8612648135751321,1
0,0.9829789673714971,0
0,0.9884511227462779,0
1,0.6938322897668003,1
1,0.9184516582866376,1
1,0.6071894397686911,0
1,0.8645726668911561,1
0,0.960883129165046,1
1,0.7488035125859138,1
0,0.8269805707920987,0
0,0.990164952701313,0
1,0.9094909215629128,1
0,0.9455347029345532,0
1,0.5112593956887944,0
0,0.8928961029473426,0
1,0.9402215638618314,1
0,0.9933514148542758,0
0,0.9721081923911851,0
1,0.9610546958090879,1
1,0.9705392298665367,1
0,0.6633301566003251,0
1,0.8469823885203162,1
1,0.7046405461663716,0
1,0.6059253429232104,1
1,0.9956550021986968,1
1,0.7022220214297807,0
0,0.728121030758192,0
0,0.9545265403549884,0
0,0.9730688966857084,0
1,0.9940575187467259,1
0,0.9674443005011474,0
1,0.705456758633427,1
0,0.7109077841535631,0
0,0.961322910184293,0
0,0.8776113079300137,0
0,0.9204915350634224,0
0,0.9932364388291008,0
0,0.8501709034735216,0
0,0.7143718502105375,0
1,0.741156902051,0
0,0.879806541278893,0
1,0.7796912076106347,1
1,0.905799356819584,1
0,0.960960725102257,0
0,0.9969862461217656,1
0,0.5177936229215638,0
1,0.8397019308953686,1
1,0.9976890773339103,1
0,0.7936520901878652,1
0,0.5448046065880469,1
1,0.8151577887551943,1
0,0.8282324341487572,0
0,0.9689072977631662,0
1,0.9685280760222351,1
1,0.9799535478543208,1
0,0.7916911021898658,0
1,0.7431660362420542,1
0,0.5413482608674014,0
0,0.9305885172436142,0
0,0.5771040171061464,1
0,0.6985547025675671,1
0,0.9801817489396513,0
0,0.9898554538562216,0
0,0.7848610045103785,0
0,0.9718444621482863,0
1,0.9948989349326448,1
0,0.9892082362889111,0
0,0.9646823253236512,0
1,0.9452960825078736,1
1,0.9757658514393867,1
1,0.9200723843112398,1
0,0.9633179008386505,0
1,0.8959918539773166,1
0,0.7872020398306897,0
0,0.712068252760504,1
0,0.8079984661220811,0
1,0.5039486628018535,1
1,0.9678178611264183,1
0,0.9261906697427085,0
1,0.996906459022354,1
0,0.9389652042824199,0
0,0.9061123962488911,0
0,0.5225815606017099,1
0,0.9858735704009008,0
1,0.5753376632060886,1
1,0.8304749073548666,1
0,0.712160098486704,0
1,0.9429626117802578,1
1,0.959325834133517,1
1,0.7929692661155401,1
1,0.8931174120691899,1
1,0.9990296250676802,1
0,0.9682980669144415,1
1,0.8427345133212777,0
1,0.8764274393252335,1
0,0.9890201241934762,0
0,0.5424465903106537,1
1,0.6435764905098608,1
0,0.8226009299155923,0
0,0.5017735345910505,0
0,0.7239069586567985,0
1,0.6440564854887744,1
1,0.7912885426733586,1
0,0.6853493377760514,0
1,0.8990594939654258,1
0,0.8847273879251513,0
1,0.9273686995230409,1
1,0.6277883890870498,1
0,0.7766752150921545,0
0,0.5228291594154278,1
1,0.6442792274190036,1
1,0.5456403866282551,1
0,0.9453159229078674,0
0,0.8914843923344267,0
1,0.7112753178794909,0
1,0.5380278524690643,0
0,0.5284648227911253,0
0,0.9905173853964856,0
1,0.9063983357342237,1
0,0.797017230939578,0
1,0.6729613618353864,1
0,0.5327898801659137,1
1,0.9619508247355231,1
1,0.8190936024047727,1
0,0.9742500874738483,0
0,0.5498461371819945,0
1,0.6883588591272665,1
1,0.7726095268591554,1
1,0.8325911889509249,0
0,0.9911689854917114,0
0,0.78839691125116,0
1,0.5593386238840078,0
0,0.5931027589049066,0
0,0.9887997493987963,0
1,0.5573754402664812,0
1,0.5950982941104827,0
1,0.8930194387390787,1
0,0.9570365433628525,0
1,0.7987382328293047,1
1,0.8701400232880803,1
1,0.7446293341825221,1
0,0.8745491061163223,1
1,0.7111911945225156,0
1,0.7634165711038499,1
1,0.5498874289518688,0
1,0.7776194830260308,0
1,0.9321732969573815,1
1,0.9035275404459937,0
1,0.7808526419474818,0
0,0.8906144448509694,0
1,0.8063304631339677,0
1,0.7616346072038838,1
1,0.9873860354718323,1
0,0.7025442765924307,0
0,0.717667628600074,0
1,0.6455835225399527,1
1,0.9960154852933619,1
0,0.8889528869327757,0
1,0.5048459989836962,1
1,0.6955172036523781,1
0,0.9777191984716833,0
0,0.6876769671312096,0
1,0.9184618568553596,1
1,0.5836599291534511,1
1,0.6096312061151861,0
1,0.5697371662424979,0
0,0.8924974847250012,0
0,0.9992202825230515,0
1,0.8319278559296306,1
0,0.708000172266397,0
1,0.7796299338293904,1
0,0.5200568651648414,0
0,0.8396302023205997,0
1,0.9396155064571343,1
1,0.572761827392194,1
0,0.7628844249439444,0
0,0.7583061183871281,0
0,0.9124278974796357,0
1,0.5976659843562941,1
1,0.9269471501846002,1
0,0.854455588351814,0
1,0.8628254062106646,1
1,0.7335353265908101,1
0,0.5330730603900504,0
0,0.8187578444537238,0
1,0.9392716641491538,1
0,0.584792883891283,0
1,0.9024810782098591,1
0,0.9706765839613152,0
1,0.987441094162184,1
0,0.8131149903100193,0
1,0.5861369857909733,0
1,0.6138190655954515,1
0,0.9280897700839742,0
1,0.8119095661429706,1
0,0.8162779884371142,0
0,0.8803825463753706,0
1,0.9300101984913535,1
0,0.9852471526221884,1
1,0.7958359814443754,1
0,0.8631157841199377,0
1,0.9984012149222533,1
1,0.5903492277078494,0
1,0.8636162166490982,1
0,0.995338020877681,0
1,0.7151533949556517,1
0,0.9658082394486273,0
0,0.6783536717899652,0
0,0.9307876083341927,0
1,0.9689510148205371,1
1,0.7198743695858627,1
1,0.8501820721238738,1
1,0.9696076347600433,1
1,0.9677642633308582,1
0,0.8644218662820293,1
1,0.8429880150993366,1
0,0.6495383688331808,0
1,0.5748786051106219,0
0,0.6493162092291149,0
1,0.9065323795555933,1
1,0.8954514858242608,1
0,0.9636496381318267,0
0,0.9841278142272794,0
0,0.9962495251856014,0
0,0.6769484373571657,0
1,0.6668243778500413,0
0,0.8277721753976487,0
1,0.7897063978860208,1
1,0.7959555934975219,1
0,0.7498285475883693,1
1,0.5155010974598542,1
1,0.6626381143445329,1
0,0.8679725695647279,0
1,0.7875431842548667,1
1,0.525325191000493,0
0,0.6377945020918658,0
0,0.8483127992716897,0
0,0.9171915677545952,0
1,0.8578989768604709,1
1,0.9270088538510503,1
0,0.912646811165942,1
1,0.8972353884778768,1
1,0.6230985076259816,1
1,0.5168815528201358,0
1,0.5019720163873019,1
1,0.9053051252023052,0
0,0.7631256779034444,0
0,0.8190280163289549,0
1,0.6818063052538539,0
0,0.8621791037565427,0
0,0.9593525595025759,0
0,0.9505141528309128,0
0,0.79155507163364,0
0,0.5112285478216221,1
1,0.8634961774969251,1
1,0.5341374151820384,0
0,0.897825041892645,0
0,0.7469948783861964,1
0,0.5491473338816814,0
1,0.9886824312583966,1
0,0.6193287478712879,0
0,0.6290911874212866,1
0,0.9027532226036283,0
1,0.7915515682907931,1
0,0.6566168861022237,0
1,0.612239843188175,1
1,0.6861558085626037,0
1,0.9797313459197373,1
1,0.6820659147221011,1
1,0.6920741300499779,1
0,0.9013372361197998,0
1,0.8731885155414423,0
0,0.9876437683283249,0
0,0.9046825272286548,0
0,0.5668235524769838,1
1,0.7092600312771863,1
1,0.9218245437029359,1
1,0.7618630210874789,1
0,0.9878096135636385,0
0,0.6262145838089159,0
1,0.8585093571737122,1
0,0.8259393127003453,0
0,0.8001042167776984,0
1,0.7038898121492285,0
0,0.8725888394995969,0
0,0.5372351066564616,0
1,0.9151014120927544,0
0,0.9955511324725204,0
1,0.6065122921871979,1
1,0.8501336932442066,0
0,0.7233723354077322,0
0,0.8273238255365212,0
1,0.7442257916273316,1
0,0.8933371786304819,0
1,0.9679353210832371,1
1,0.9906964650424223,1
0,0.8215197522435698,0
0,0.791939450965919,0
0,0.7356487597471661,1
0,0.7444320065448853,0
1,0.9923421692202605,1
1,0.8963406813109253,1
1,0.544234811031941,0
1,0.7484989896287086,0
0,0.9765926815726872,0
1,0.9971273365315746,1
1,0.9414283714878121,0
1,0.8700133810803782,1
1,0.6472198626909108,1
0,0.5127629806395888,0
1,0.515117296946318,0
0,0.8737608657804062,0
0,0.9830823646682945,0
1,0.9898722535835685,1
0,0.508367734550062,0
0,0.5382005122910571,1
0,0.6869009162578683,1
1,0.9994872761393013,1
0,0.5239814356991027,1
0,0.6233861679091768,1
0,0.9754154539126266,0
0,0.8244911630206448,0
0,0.6756124618619586,0
1,0.8951144379068543,1
1,0.9222548195759896,1
1,0.5076367418039698,1
1,0.5678347743114778,0
0,0.8504612826843257,1
0,0.9521402651866738,0
1,0.9331650896769705,1
1,0.7011743961811966,0
1,0.962450826088287,1
0,0.9345873153660996,0
0,0.8885909958944126,0
0,0.6421722615802958,1
0,0.7911282358349738,0
0,0.8948106409477173,1
1,0.8232124331481493,1
0,0.8783447488506654,0
0,0.662969232503748,0
1,0.9758645816868156,1
0,0.6646318405094747,0
0,0.9732557836044974,0
0,0.7101202397960381,0
0,0.5380847053447602,0
1,0.6708072491321806,1
0,0.8304693908997617,0
1,0.715326355008678,0
1,0.9851841895245721,1
1,0.5141549951486644,0
0,0.9959512479173201,0
0,0.6213511445662419,0
1,0.9409293798182558,1
0,0.7169164012011233,0
0,0.892634098890239,0
1,0.8994123947416536,1
0,0.9953335646118563,0
1,0.7537172422062118,1
1,0.5220107541093247,0
1,0.9316407636833979,1
0,0.8866788890596973,0
1,0.6403497479552468,1
0,0.7977531007093553,0
1,0.6490465330294087,1
1,0.6488422325909603,1
1,0.5920775745559155,0
0,0.9699097194167319,0
1,0.8763858291230431,1
0,0.8367710377559702,0
1,0.7195112045953594,1
1,0.9243790857074757,0
0,0.5763131230775979,0
0,0.739941986550885,0
0,0.9375633250673373,1
1,0.692230435426308,1
0,0.9963721887899567,0
0,0.8425970198238686,0
0,0.6178689992135544,0
1,0.9648738650853466,1
1,0.5927234225731929,0
1,0.7724881466737246,1
1,0.7064642945218031,1
0,0.722556701104058,0
0,0.9998106700072454,0
1,0.5862123971378771,0
1,0.8197643041835504,1
1,0.8700900975849982,1
1,0.7801219666932305,1
0,0.7121110127902828,1
1,0.8961489931636851,1
1,0.6890092649847124,1
0,0.5635459717601224,1
1,0.9858948435067367,1
1,0.7559897364413671,1
0,0.9828951195930129,0
1,0.7510187536104193,1
1,0.7161549661726136,1
1,0.6862167250327429,0
0,0.6197338753957371,1
1,0.6002539925173785,1
1,0.8120324419673776,1
1,0.7886168632929604,1
1,0.9622649902380184,1
0,0.738677278657822,0
0,0.9100167148044381,0
0,0.9888995865548872,0
0,0.9920155600780508,0
0,0.8912854964338993,0
0,0.7181371317505794,1
0,0.6169345359091511,0
1,0.9648967467357946,1
1,0.5886479340626113,1
0,0.8923378367268155,0
0,0.9998371743385547,0
0,0.6674721338120919,0
1,0.6432910273544704,1
0,0.945479292596072,0
1,0.9114657204405623,1
0,0.9990509925820393,0
0,0.9992929445783375,0
1,0.8518680513908995,1
0,0.5274490523202493,0
0,0.9924711533820192,0
0,0.8650330671321195,0
0,0.7163353758198772,0
0,0.9971200139790396,0
0,0.9566436988850362,0
1,0.8380203730573612,1
0,0.5620095964304533,1
1,0.932329088189563,1
0,0.7313804287375294,0
1,0.9994491025702125,1
0,0.5650388956909189,1
1,0.7787654943265271,1
1,0.6129819204916243,1
0,0.6830549035419224,0
1,0.7662835578524758,1
1,0.8055205755453202,1
0,0.9062422648797219,0
1,0.9013698274605234,1
0,0.9887125257243001,0
0,0.6406226341614574,0
1,0.6328257875250058,1
1,0.7720917281885767,1
1,0.8259140691272191,1
0,0.8600017248992502,0
0,0.9796624823872647,0
1,0.5138972511358054,0
1,0.6827652770393162,1
0,0.6266262610108669,0
0,0.8338274371177936,0
0,0.97411698168132,1
1,0.5337528317158262,1
0,0.9957037047523833,0
1,0.9686701979938376,1
1,0.844155871007857,1
0,0.6518274006150637,0
0,0.9936651300698345,0
1,0.5304531239181017,0
0,0.9823437088479637,0
0,0.8998809375660106,0
1,0.5883748603747704,0
1,0.8098576800587216,1
0,0.8599200721257839,0
0,0.8503792834492556,0
1,0.549637563107701,0
1,0.9262753760707965,0
1,0.6149135967227213,0
1,0.7901825449751497,1
0,0.5018292441566968,0
1,0.9915717568291929,1
0,0.9222111934330112,0
1,0.765383876078102,1
0,0.9042609914576633,0
0,0.8907029309812678,0
0,0.5948729841263385,0
1,0.6403804435785826,1
1,0.889955316657893,1
1,0.5740736270388953,0
0,0.638928789532722,1
1,0.5198403013905805,1
0,0.680301149682472,1
0,0.8228440615864674,0
0,0.9761215797562818,0
0,0.8128434655561285,0
0,0.5029464413028268,1
1,0.702054748252619,0
1,0.5519254896474093,0
1,0.9450372475545968,1
1,0.6772214423062095,0
0,0.5444511981922504,0
0,0.8157284263622964,0
1,0.6193238610909798,1
1,0.9891913811946134,1
0,0.8407087696750497,0
1,0.9005700423505987,1
1,0.8217322458768125,1
1,0.9095505374960899,1
0,0.9265461863742308,0
1,0.8984731055114065,1
0,0.7514121666130831,0
0,0.7996986870074796,0
1,0.6991916031890311,0
0,0.5231202696264183,0
1,0.9056693202592037,1
0,0.6007148180832744,0
1,0.9057970658588721,1
1,0.7474221008686673,1
0,0.8805295154242806,0
1,0.7749528827834404,1
1,0.8220261733046887,1
1,0.7629359608915808,1
1,0.9779501485065539,1
1,0.5342211004949953,0
1,0.869849231326048,1
0,0.7046188620389042,0
1,0.541861852531876,0
0,0.7869750962842745,1
1,0.8967088128217761,1
0,0.9943621726077065,0
0,0.7702919682284888,0
1,0.5456328787204904,1
1,0.6602914756561636,1
0,0.7622786629943975,0
0,0.9598402389523625,0
0,0.9112621675731825,0
1,0.7243603647376206,1
0,0.9503603934569688,0
0,0.8626654499170272,0
0,0.9774819799062411,0
0,0.8123672265556684,0
1,0.7515609285931928,0
0,0.976620365334154,0
1,0.9842767457412351,1
0,0.7427103348446418,0
0,0.7584152613095296,1
1,0.743890634194514,1
1,0.731528340086724,1
1,0.9825992614327491,1
0,0.7511946963684984,1
1,0.9342452887538754,1
0,0.9771264531776033,0
0,0.998541711827018,0
0,0.8016902547963745,0
1,0.9687950417573874,1
1,0.7855519776996157,1
1,0.8786661203253808,1
1,0.770748536969481,1
0,0.8664641557946071,0
1,0.9431421358783995,1
0,0.9838813492009517,0
0,0.6701079313403171,0
0,0.6246285484270963,0
1,0.8558399427741136,1
0,0.9879908257546014,0
1,0.8731564929235271,0
1,0.5423252754575785,0
0,0.9831605885654637,0
1,0.9761031852914104,1
1,0.9789316149208491,1
0,0.8367716380568405,0
1,0.9949866935935157,1
0,0.9513601990966729,0
0,0.8143093806224604,0
1,0.7897421112646645,1
1,0.7321468351707581,1
0,0.9984277707193587,0
0,0.7897341931714603,0
0,0.9888135360595018,0
1,0.930211398367478,1
0,0.8786108637956213,0
1,0.5456821239329966,0
0,0.6012296698240758,1
0,0.5513712450324662,0
0,0.9556847781319819,0
1,0.9657010809349629,1
1,0.987301350423302,1
1,0.7435453009225803,1
1,0.7125563110943689,1
1,0.8219652676248107,1
1,0.8903116033684859,1
0,0.5997964999963152,0
0,0.9884119534078888,0
1,0.8721776932684304,1
0,0.9233768754399687,0
1,0.9002959121452304,1
0,0.689429410767449,1
1,0.5914503459756415,1
0,0.8924839939166379,0
0,0.9077202901753255,0
1,0.6414161600759722,1
1,0.9888535200704109,1
1,0.8532988724806277,1
1,0.7475099384127366,1
0,0.9915707316381389,0
1,0.8081799159091482,1
0,0.9734633373541217,0
1,0.8980766180829791,1
1,0.9912230729030592,1
1,0.9475268543828316,1
0,0.9982626659960615,0
1,0.863520699379588,1
1,0.9877401760936882,1
0,0.9751577627265059,0
1,0.8921200719258766,1
0,0.6861499262785464,0
1,0.8875586878678225,1
0,0.9859355095989982,0
1,0.8681739768983069,1
0,0.9761961309942556,0
0,0.7955683732563721,0
1,0.5329841764320103,0
0,0.9843575646169241,0
1,0.6311261665631283,1
0,0.9314040572943785,0
0,0.910197552943586,0
1,0.5520242113077817,0
0,0.926953645044695,0
1,0.8136233026137527,1
0,0.8564870116281145,0
1,0.8137346800591957,1
1,0.7433965158973608,1
0,0.592979850942754,0
0,0.8283220614195013,0
1,0.7538418760380989,1
0,0.9352729490570886,1
1,0.7711262313536414,0
1,0.9587351636104052,1
1,0.7488708286702285,1
1,0.7990261073240172,1
1,0.7547638621624184,1
1,0.8791011963111959,1
1,0.5753756641669188,1
1,0.5748347160445618,1
0,0.6115208586913913,1
0,0.6209628670757136,0
1,0.9944557619634419,1
0,0.8491592398643583,0
0,0.9983817180864965,0
0,0.8537189973583281,0
1,0.8876941872352871,0
1,0.776190558941027,1
1,0.9185677450588908,1
0,0.5277501756825964,1
1,0.8650686938262112,1
1,0.8051732182510081,1
1,0.7208601501104431,1
1,0.8149254018686265,1
0,0.5088842421063429,0
1,0.7342177664496848,1
0,0.9156994328894899,0
1,0.5238647128396033,1
1,0.6970088359817247,1
1,0.9069824264225256,1
0,0.7456653537968579,0
1,0.7528667404765498,1
1,0.9334369764593754,1
0,0.9912112754680024,0
0,0.9879317233191733,0
1,0.9706195803314848,1
1,0.5812395160284193,0
1,0.7182904809346126,1
1,0.9509448550352041,1
1,0.9222866572484254,1
0,0.8706924651539462,0
0,0.6077422327059391,0
0,0.9846718797451351,0
0,0.6710392450420088,1
1,0.9042504282258736,1
0,0.9818272593272355,0
0,0.5473724828816993,0
1,0.8641187530076968,1
1,0.6571673115965341,1
0,0.9348062188427607,1
1,0.7767184069972727,1
0,0.8375468188230613,0
1,0.9682455329408999,1
0,0.5290409079007596,0
1,0.6616791472948036,1
1,0.8560992020442364,1
0,0.5197373913884686,0
1,0.6140521096534772,0
0,0.8822307987444343,1
1,0.886977951840938,1
1,0.9626959836141671,1
1,0.670862224001775,1
1,0.8330335827014526,0
0,0.9195035202361489,0
0,0.6627399794233904,0
1,0.9714216798053137,1
0,0.594580741415786,1
0,0.9832698807553945,0
1,0.5253921721873402,0
1,0.7341753013492548,1
0,0.995617077645333,0
0,0.9705140522841224,0
1,0.8876172344301544,1
0,0.6228386680823743,0
1,0.9774323141542522,1
1,0.6648759128407806,1
0,0.8565114553706683,0
1,0.9333956674878482,1
1,0.8937785473071603,1
0,0.5679346706182545,0
0,0.8233159084687978,0
0,0.8698968238261153,0
0,0.6113590380919666,1
0,0.8427494531427008,0
0,0.9968787508082002,0
1,0.7089518865015645,1
0,0.5057785486975563,1
1,0.881669721796773,1
1,0.9149535820506263,1
1,0.8817389559541865,1
1,0.697618347191635,1
0,0.9615802693204616,0
0,0.9051171119191291,1
0,0.988407361761011,0
1,0.7452034887060339,1
0,0.894755627890348,0
1,0.5583596550664727,1
0,0.9980721049747474,0
0,0.9832521712791409,0
1,0.7418800323560234,1
0,0.7448465054254354,0
0,0.6841100620229575,0
1,0.8233508327532796,0
0,0.9841955705718142,0
1,0.5641487930119277,1
0,0.9544115572620773,0
0,0.7931135924216174,0
1,0.8987120630397656,1
1,0.6750361952803143,1
1,0.7311661535403652,1
0,0.9728437045192572,0
0,0.903653846654597,0
1,0.9386149741784721,1
1,0.5388785634948702,1
1,0.8960191157426826,1
0,0.9572741998427667,0
0,0.7904940189987935,1
0,0.9468672861075436,0
0,0.6362794578063977,0
0,0.917490416260572,0
1,0.8726539861347121,1
1,0.5176925525183095,0
1,0.8282908400977902,1
0,0.9167227818399344,1
1,0.9295671176321573,0
0,0.8483299391070315,0
1,0.9109231624988707,1
0,0.9582914378151706,0
1,0.9628987767443201,1
1,0.9818928059450572,1
0,0.5903206523828264,1
1,0.7624917969703867,0
0,0.7278756164162625,1
1,0.8932618337420059,0
1,0.5769282913350582,1
1,0.8455106219392473,1
0,0.9864549518875358,0
0,0.8003732615257632,0
0,0.7412781408522164,0
0,0.9845213236789381,0
1,0.6423991152978974,1
1,0.9288094118891267,1
0,0.8656035926115984,0
1,0.7988478260981352,1
1,0.5413403533667062,0
0,0.8901580911335208,0
1,0.5524611154598502,1
1,0.5399004396373721,0
0,0.693911496419154,1
0,0.9603870946353247,0
0,0.598740382058641,0
1,0.8626255956638259,1
1,0.9423371591753407,1
0,0.8067892175491816,0
1,0.9922249196678422,1
0,0.9769589231401811,0
1,0.5150425614482358,0
1,0.9785949775065834,1
1,0.951865330240369,1
0,0.5999815080671496,1
1,0.7180464648416686,1
0,0.9429982981681221,1
1,0.9923356341662624,1
1,0.6488273803728337,0
0,0.9635582617432927,0
0,0.9623798735332281,0
0,0.9378658962441329,0
0,0.7088720320379572,0
1,0.7576716575484016,1
1,0.9481822225538074,1
1,0.6427363734993715,1
1,0.9439417058326021,1
1,0.8326173832044405,0
1,0.7261166541384751,1
0,0.9963721053027617,0
1,0.9426956246802499,1
1,0.5463237783183897,1
0,0.8629200112383609,0
1,0.58119516384163,1
0,0.5319922592062621,0
0,0.6636522660805582,0
0,0.8013365838061928,0
0,0.9408598687332786,1
1,0.7474124966445034,1
0,0.7418311388085888,0
0,0.8784084525944272,0
1,0.9123960655553385,0
1,0.6073145870822916,1
0,0.5705504752668855,0
0,0.9971224158090353,0
0,0.6164916027467255,0
0,0.9373636219267073,0
0,0.8950277169966576,0
0,0.6847957235498578,0
1,0.508574757007088,0
0,0.7541561757462095,0
1,0.513755413184463,0
1,0.8956602004511874,1
1,0.9159114372968366,1
1,0.9703627095029245,1
0,0.9332769257853311,0
1,0.713460785087273,0
0,0.9886142763962843,0
1,0.9484645571423482,1
0,0.738002538081414,0
1,0.9754699953247271,1
1,0.9145817775214674,1
1,0.6445868532252177,0
1,0.6126348450502568,0
1,0.9282662213757348,1
0,0.724134693593965,0
1,0.5399424665970322,0
0,0.7533066219313229,0
1,0.7634778434391031,1
1,0.7429878240118049,0
1,0.9734523858621892,1
0,0.6632761265722782,0
1,0.6719390214300152,1
0,0.5888814977046246,0
1,0.9167693118992283,1
0,0.7916936819594445,0
0,0.995344340721739,0
1,0.5904152730333152,1
0,0.9956944767605271,0
0,0.9404879256184773,0
1,0.654414044685178,1
0,0.9565012221331123,0
0,0.6318829225118081,1
0,0.9780262815385076,0
1,0.6535132082031809,0
1,0.8874003474625468,1
1,0.8716626352672002,1
0,0.9646941434902865,0
1,0.9693197499840024,1
0,0.5009700236793193,1
0,0.9598722822196071,0
0,0.6445643533535295,0
0,0.6617678594620602,1
0,0.5565758079517713,0
0,0.5772014852301712,0
1,0.9865780197562226,1
0,0.867320697821456,0
0,0.6970293697330064,0
0,0.6102105180288715,0
0,0.9966394392630477,0
0,0.6946874680438818,1
0,0.9853884089002269,0
0,0.9853661844747631,0
0,0.8861426179948795,0
0,0.9458274875556136,0
1,0.5485358956222091,1
0,0.9289624174342166,0
0,0.9256663819097887,0
1,0.616561556180965,1
1,0.9858652508680089,1
0,0.534040896324204,1
0,0.7121701921378207,1
0,0.6057479912216097,0
0,0.999046561280015,0
1,0.6463117189956303,1
1,0.9100133331869236,1
1,0.9795280816923502,1
0,0.971394100601661,0
1,0.7463295684086536,1
1,0.8073090231954236,1
0,0.9904996610524022,0
0,0.9927651620146255,0
0,0.98422309510819,0
1,0.7512431110083289,1
0,0.9568434695034655,0
0,0.5253318397756903,0
1,0.7581113380957738,1
1,0.6879116190297518,1
1,0.8249199366778814,1
1,0.9950204500290668,1
0,0.667494160722454,1
0,0.5484458104335366,0
1,0.5807639300651448,0
0,0.9727144066134586,0
1,0.7597415290483714,1
1,0.902426587922328,1
0,0.9721599975918854,0
1,0.891077478355583,1
0,0.9860219954329652,0
0,0.90212863145457,0
1,0.9260459107102554,1
1,0.6366523892091202,1
0,0.8876686225555239,1
0,0.6027761220793996,0
1,0.9029437009684718,1
1,0.5001660800403699,1
0,0.9806040550332424,0
1,0.8924528198049081,1
0,0.8206113655820427,0
1,0.8501161408957453,1
1,0.5760923554621528,1
0,0.9978136942603878,0
0,0.9950547399299305,0
0,0.9866345105764401,0
0,0.9612795723914714,0
0,0.9356527448393871,0
1,0.7851466231306041,1
1,0.7960636390050422,1
1,0.9727025603980332,1
0,0.9112610671748305,0
0,0.9440809022255572,0
1,0.7942942119324577,1
1,0.9207881901732897,1
0,0.781134773274722,0
1,0.7824690515051327,1
1,0.639367351166917,0
1,0.8387724326947419,1
0,0.9685002469621449,0
0,0.6092058563308398,1
0,0.6010115476585303,0
1,0.6550295502696671,0
1,0.8558481311284573,1
1,0.677515551513512,1
1,0.7634729993802303,1
0,0.9513139127305589,0
0,0.7684287817337435,0
1,0.6879783837523993,1
1,0.8300468551214204,0
1,0.5672887047815377,0
1,0.6353296233150976,1
0,0.7645191403731882,1
0,0.8510097542165429,0
0,0.5697268372002054,0
1,0.778994709369806,1
1,0.8168466783351562,1
1,0.5445119333008033,1
1,0.5575382250477026,0
0,0.5716890452393586,1
0,0.6140351623867696,0
1,0.8639212809646165,1
1,0.9088365129587647,1
0,0.81761416811932,0
1,0.8296089596111703,0
0,0.7618691361559263,0
0,0.954771601957105,0
0,0.8321552691101373,0
1,0.6033527502851466,1
1,0.9674228657981311,1
1,0.8446547729326203,1
0,0.9124678578553207,0
1,0.8213382796717582,1
1,0.9910798745031517,1
1,0.8744552186326099,1
0,0.5332296646249317,1
1,0.6905183317807194,1
0,0.6855595170269542,0
0,0.6319057431386859,0
0,0.6464315472881588,1
1,0.9454892917474047,1
0,0.9963039680316594,0
1,0.8464970881919117,0
1,0.5039425112476118,0
1,0.9770552162150512,1
0,0.8512226074970524,0
1,0.8692282084839233,1
1,0.7557572197424102,1
1,0.5217487376436692,1
1,0.5426780598921369,0
1,0.9780863347913933,1
1,0.7096532270844708,1
1,0.9226339084853618,1
1,0.6389066064597358,0
0,0.9590010482002009,0
1,0.711368425210147,1
1,0.7757423867902696,1
0,0.6615067283251664,0
0,0.9995252932430895,0
1,0.5616687851916624,0
1,0.8650104142835102,1
0,0.9883517232813431,0
0,0.8520011659624166,0
0,0.8215972499562685,0
1,0.8180087566023126,0
1,0.7163288461682803,1
0,0.9506204185856032,0
0,0.5373406439317999,1
1,0.9428858695508594,1
0,0.9619151260325766,0
0,0.6624131644851384,0
0,0.6255650140296249,1
0,0.9976933085561894,0
1,0.939867812575002,1
1,0.8928571652737609,1
1,0.6749459766734129,0
1,0.9084384145574645,1
0,0.9842159509457904,0
0,0.8382153285606422,0
1,0.5960406341797642,1
0,0.9975140770421621,0
1,0.8715644229842966,1
0,0.7542223060354292,1
0,0.9239603592182355,1
0,0.8092746304915249,0
0,0.9821760102361,0
0,0.8740313082809379,1
0,0.944158397926466,0
0,0.9488596398715723,0
0,0.6502914136149331,0
1,0.6685373159169566,0
1,0.8590191764923061,1
1,0.8522931279215266,1
1,0.9598522589700351,1
0,0.9422206662528496,0
0,0.9792460335067769,0
1,0.7921004773401837,0
0,0.9999065944528515,0
1,0.9906925610896262,1
0,0.7922013462058113,0
0,0.7853349510673251,0
0,0.5314226798752418,0
1,0.5738639263809572,1
1,0.8415750441244237,1
0,0.9974065024886671,0
1,0.9728278886134375,1
1,0.718964031781526,0
1,0.9240208264695722,1
0,0.8947611498879124,0
1,0.9577820205167049,1
0,0.904395914175032,0
1,0.5414114838719813,1
1,0.9237162714891967,1
1,0.5122275085082286,1
1,0.9801789080843162,1
1,0.9290361436683675,1
0,0.9896428369702696,0
1,0.9609428514069178,1
1,0.9468601619787825,1
1,0.9741838860583859,1
1,0.7518321743484041,1
1,0.7754487351208126,1
1,0.7723080227810112,1
1,0.8731233270745917,1
1,0.8742076354172392,1
0,0.9829106142045412,0
0,0.6282520714998225,0
0,0.8023079195239712,0
1,0.9570036882351866,1
1,0.8576767147627018,0
1,0.8913876829621857,0
0,0.5071650292614281,1
1,0.9115646846374713,1
1,0.797440595180827,1
0,0.9903455842788443,0
1,0.9198946493467771,1
1,0.90518480801494,1
0,0.5292537096821461,1
1,0.6849388626521365,1
0,0.8516536227559768,1
0,0.6044790164863818,1
0,0.6603208270646048,1
1,0.6114450705433946,1
0,0.9735929088737998,0
0,0.9827988744891625,0
1,0.9998518783700335,1
0,0.5383129880658071,0
0,0.9537952536184452,0
1,0.9923075380886939,1
1,0.9995730084131519,1
1,0.8009440186918036,1
1,0.6211578308632812,1
1,0.7912916539045971,1
1,0.6122739931827932,0
1,0.5982124691527487,0
1,0.7499159248354734,0
0,0.6081430646971029,1
1,0.5171010323398803,0
0,0.8977893324651157,0
0,0.6752032699485839,0
0,0.9879335835635604,0
0,0.6642947749272048,0
1,0.8771781703083882,1
1,0.5449044097743101,1
0,0.5611914689144188,0
1,0.9454336013870587,1
1,0.992686479399986,1
0,0.936218198498084,0
1,0.8039625011775176,1
1,0.8187950948197398,1
0,0.5003776128394568,0
1,0.847373494803358,0
0,0.7671396852596322,0
1,0.6865238606243415,1
1,0.9003004814522164,1
0,0.9523694749075827,0
1,0.517950812900277,0
1,0.8696712708473998,1
0,0.6978216179688065,0
0,0.998129766047043,0
0,0.9461622910933157,0
0,0.9942329649125524,0
0,0.8580453753278898,0
1,0.9980379526984315,1
0,0.9986549103707739,0
0,0.7541860145024829,0
0,0.9405669955902798,1
0,0.707062458257611,0
1,0.978226253783492,1
0,0.9210044634439714,0
0,0.9992427211606214,0
0,0.9954563241892387,0
1,0.5201757783089725,0
1,0.8556461794060012,1
1,0.8010815883168825,0
0,0.9826110903855063,0
0,0.7651271718600136,0
1,0.8537058321797739,1
0,0.9191334785848653,0
0,0.9751896748304142,0
0,0.900550535913656,0
1,0.7248707345349525,0
1,0.6726599542322597,0
1,0.7080567823888484,1
0,0.7284360400664414,0
0,0.9894798872857015,0
0,0.6575191526758764,1
0,0.9270417544260413,0
1,0.9025373410461137,1
0,0.9734578974861164,0
0,0.9797679231856945,0
0,0.8831220510846403,0
1,0.5749566965555309,1
0,0.6856950431336459,0
1,0.9244186377402449,1
1,0.6452898047002251,1
0,0.8706223860314275,0
1,0.9163797451378977,1
0,0.787021325336883,0
1,0.8976097087606336,1
1,0.9467814602758287,1
1,0.7535895678017306,1
0,0.9934434487114951,0
0,0.796400273493726,0
0,0.6061370494918608,0
1,0.918210951688263,1
1,0.9952648306004676,1
0,0.9787020918791167,0
0,0.6258590894948445,0
1,0.9298880086625957,1
1,0.6754244639615387,0
0,0.9284851232768623,0
0,0.9939271473627784,0
1,0.7252722102429542,0
0,0.6938567444520991,0
0,0.8556406629244147,0
0,0.5207287106839499,1
1,0.9890593512009442,1
0,0.9110146820525179,0
0,0.8073478604052279,0
0,0.9655040482872792,0
0,0.9976637077236309,0
1,0.934388075200178,1
0,0.9979346703324283,0
0,0.61341373912151,0
1,0.9902391212153555,1
0,0.9967565609787818,0
1,0.8123801278633559,1
0,0.5406320267325601,0
1,0.7425803069244193,0
0,0.9769669323654926,0
0,0.9953680105302974,0
0,0.6827780033686759,1
0,0.8705305795365272,0
1,0.7681254990286761,1
1,0.5108406413913187,0
0,0.9237251791206598,0
0,0.8104615543526895,0
0,0.8691477512459785,0
1,0.780602526824691,1
1,0.7330860037617357,0
0,0.8770577982361828,0
1,0.6199264271713216,0
0,0.6729914832917924,1
1,0.7090418634344509,1
0,0.757723779752396,0
1,0.9355924446452201,1
0,0.9641186747220183,0
1,0.7507455433881357,1
1,0.9946432823081952,1
0,0.9217509496285688,0
1,0.9288598999460794,1
1,0.9991276535021018,1
0,0.8187367919814837,0
0,0.9717807220443776,0
1,0.920438091984483,0
1,0.5099826149382312,1
0,0.5500080564730403,1
1,0.8364569526144822,1
0,0.576122905975535,1
0,0.6528534525727057,0
1,0.7407626227079445,1
0,0.9207747483129325,0
1,0.936237002517648,1
1,0.8302750262368687,1
1,0.6024852147877714,1
1,0.710137339526579,1
1,0.6429588763863655,1
1,0.6349656359313848,1
0,0.9980908528006324,0
1,0.6434715232700687,1
1,0.7425765867061263,1
0,0.5653933506781513,1
0,0.8858061288239935,0
0,0.9820979726690364,0
0,0.8387984254609959,0
0,0.8129145377474092,1
0,0.5744491274954153,0
0,0.979827038465853,1
0,0.7833966624962558,0
0,0.799281906907582,1
0,0.9928002518746938,0
0,0.5013573946299614,0
0,0.8815295943968019,0
1,0.9508645171999215,1
0,0.6308563253827255,1
1,0.7182395795123305,0
1,0.6947509846272519,1
0,0.9678922426802699,0
1,0.9699169749844577,1
1,0.9149777376351311,1
1,0.6387642798672566,0
1,0.9995804397321152,1
1,0.7013606120044129,1
0,0.5850007149459775,0
1,0.811794466897521,1
0,0.9017151480677885,0
0,0.6572541933905782,0
1,0.9974625670476537,1
0,0.9570988850479054,0
0,0.7049198373799337,1
1,0.797518075951383,1
0,0.9703632066680047,0
0,0.8721371655974172,0
0,0.7925758354532455,0
0,0.9221853537320276,0
1,0.7999526996136376,1
0,0.9943354978639053,0
1,0.7430161575853552,1
1,0.584628946087334,0
1,0.6113400101818155,0
0,0.974998448332113,0
0,0.5064515685011501,0
1,0.9420983499268698,1
1,0.7865726956954224,1
1,0.8641498863310081,1
1,0.5266068315953016,0
1,0.6990254042931235,1
0,0.9858188578806045,0
1,0.9710085645080837,1
1,0.701440813722407,1
1,0.7548732909425655,1
0,0.9477267413497305,0
1,0.6839027734581892,1
0,0.9904703146287641,0
0,0.9211222415596719,0
1,0.9024027442138093,1
1,0.9683283191045058,1
1,0.7992302908792298,1
1,0.9817055907605422,1
0,0.5254015678150818,1
1,0.8962399017010129,0
1,0.5132934742900301,0
0,0.9941046676692128,0
1,0.500641445879642,0
0,0.9800240861731901,0
0,0.8070355556673641,0
1,0.5682110023583303,0
1,0.7306017071014483,1
1,0.7529108154325818,0
1,0.7072252340809007,1
1,0.8876511848976887,1
1,0.6874631202214617,0
1,0.7038143791598437,0
0,0.9151157848530346,0
0,0.9821865022829125,0
0,0.9966412849274485,0
0,0.9756013469797922,0
0,0.9876167327127638,0
0,0.57576955859976,0
1,0.8626359447491904,0
0,0.9880321799705662,0
1,0.5103242100060573,0
1,0.7061582495209865,1
0,0.8416167127734184,0
0,0.5489617185653478,0
1,0.5212259462604514,0
1,0.9547304559981136,1
0,0.9245860396321514,0
0,0.9159783941826102,0
1,0.8224881069323994,0
0,0.9628264204305899,0
1,0.6962968961023646,1
0,0.6252434134246363,0
0,0.5907477693694808,1
1,0.6559619363107647,0
1,0.7259911060041573,1
1,0.6452839151273856,1
1,0.8404514923355407,1
0,0.9988436065959928,0
0,0.9841889504418451,0
1,0.8388891160018318,1
1,0.9514742267807371,0
0,0.8981130041552684,0
1,0.5821176847770176,1
0,0.8626554300220273,0
1,0.9574392541160862,1
1,0.5944649563934928,1
0,0.9846910072974272,0
1,0.5098388487509469,0
1,0.6959093374376664,1
0,0.5783642182438236,1
0,0.6849924689316564,1
0,0.9791072478473243,0
1,0.6939295444760433,1
0,0.7137481869611906,0
1,0.520527303015455,1
0,0.9842732892914625,0
1,0.6095319261299877,1
0,0.9972860634682277,0
0,0.83400890756909,0
1,0.9391996977286986,1
0,0.8631067010484309,0
1,0.8296626598205958,1
0,0.9451511680352053,0
1,0.9324625123376024,1
1,0.9797858507922554,0
1,0.9154792861973597,0
1,0.963684716394851,1
0,0.5932106129356762,1
0,0.6938614183008807,0
1,0.9986260169924991,1
1,0.9865965603420185,1
1,0.7939018151155908,1
1,0.5771941144294643,1
1,0.8082223120671952,1
1,0.5743735316827976,0
0,0.9534001598291735,0
0,0.7038714900473484,0
1,0.5006344242735644,1
1,0.9544316515159917,1
0,0.6807968755168301,0
1,0.729286569023651,1
0,0.9449934356598018,0
1,0.8447603499039994,1
0,0.7349094421721138,0
1,0.6095192733338693,0
1,0.7361813830705669,1
1,0.8985297355853383,1
1,0.8806238045456866,1
1,0.8752142518422897,1
0,0.738131239796517,0
0,0.8907512558667406,0
1,0.563347379183165,0
1,0.9010233865144446,1
0,0.547659732590061,0
0,0.99372477013847,0
0,0.9844922198603848,0
1,0.9341745506513867,1
1,0.8434564210089216,1
0,0.5156744109781672,1
1,0.9922723522811013,1
1,0.9866743418030623,1
0,0.9386432305652014,0
0,0.6988222137551519,1
1,0.9397956735519977,1
0,0.5451056492673314,0
1,0.9225201829640468,1
1,0.8842631033359534,1
0,0.5713375407868874,0
0,0.9936275610860426,0
1,0.9971770726258118,1
0,0.9207306775571488,0
0,0.8634093802298153,0
0,0.9608991753339586,0
0,0.5442945620454555,0
0,0.8790121438804178,0
0,0.7359982748613718,0
0,0.5080794129113144,0
1,0.7177539206877106,1
0,0.7734343194847788,1
0,0.8279159426496278,0
1,0.8245424001703588,1
1,0.6011484403442058,1
1,0.742323034808061,1
1,0.9586411358960585,1
1,0.8047155705662993,1
1,0.8719715796454228,1
0,0.632771987863146,0
1,0.7713674927768203,1
1,0.9592498211417364,1
0,0.5506827129591414,1
1,0.8438131397242559,0
0,0.6758725087848491,0
0,0.9664914477424638,0
1,0.6732740082753025,1
1,0.9561152124284139,1
1,0.6095047746619487,1
0,0.9009237079574831,0
0,0.7322457811967387,0
1,0.9027097100492472,1
0,0.8044971638536972,0
1,0.6929374043045966,1
1,0.653868619287263,1
1,0.6147563232253865,1
0,0.7097996417777381,1
0,0.9064889182682695,0
0,0.5457707228807658,0
0,0.9956029823231914,0
0,0.839313723267917,0
1,0.7765924394811331,1
0,0.7211527916940359,0
0,0.7849342606951246,0
1,0.6295950549455299,0
0,0.725067159690366,1
1,0.7562653460636048,0
1,0.9982152807444308,1
0,0.7896271137787307,0
1,0.995091570657473,1
1,0.526573848198593,1
0,0.9997681119796683,0
1,0.8537104902875373,1
0,0.9527695368021878,0
0,0.9727039626399755,0
0,0.7032711236230507,0
1,0.5871224477798704,1
0,0.9265081246850786,0
0,0.9993255365641488,0
0,0.9941025640193947,0
1,0.9932950199301275,1
1,0.9525309352531472,1
0,0.5404101817029309,0
1,0.8822016511379359,1
0,0.6271361720266821,0
0,0.5816103367166338,0
0,0.980153245781297,0
1,0.8602495097541775,1
0,0.6713566406484021,0
1,0.9896780261374611,1
0,0.5741857536382858,0
1,0.5492862237399891,1
0,0.9467563511150359,0
0,0.7417564272572763,0
1,0.5911479188678663,0
1,0.8311625541631291,1
1,0.6791730339820781,0
1,0.5880442636690014,1
1,0.6782834018386735,1
0,0.557115599259957,0
1,0.5480809063876386,0
0,0.9993890718392998,0
1,0.8463329310735155,0
1,0.7349800575882428,1
0,0.8679163906419791,0
0,0.9026073235161673,0
0,0.6242155204473071,0
1,0.6095897784337005,0
1,0.8974287980959883,0
1,0.9750679838287014,1
1,0.8982263422623884,0
1,0.7144645243266508,0
1,0.6245613035437887,1
0,0.6159067538272232,0
1,0.9580222200877606,1
0,0.9744555020291975,0
0,0.6713612595979994,0
1,0.9567783137341337,1
0,0.9861198897108141,0
1,0.7615143470170789,1
0,0.7056468968654348,1
0,0.772045831831983,0
0,0.9980134016540352,0
1,0.847877052626116,1
0,0.8752207126070435,0
1,0.8965971212260955,0
1,0.9950068067282771,1
0,0.6334500236633439,0
1,0.9749980219796114,1
0,0.6581488741964816,0
0,0.5498427424255645,1
1,0.5608405100870664,1
1,0.513446452186966,0
0,0.7223733232303956,0
1,0.9522175988497552,1
1,0.8655869336555883,1
1,0.959454990459044,1
1,0.9875297044250567,1
0,0.9867434081692557,0
1,0.8676943512364786,1
0,0.7344529364673009,0
1,0.8691579569490794,1
0,0.5555758961448068,0
1,0.6447305003037903,0
1,0.9428109351949824,1
0,0.9940035572990792,0
0,0.8417272410062262,0
0,0.9992993101519513,0
0,0.9359442565058635,0
1,0.8627560406564747,0
0,0.9661178902446746,0
1,0.5548024507797452,1
0,0.6807572655774767,0
1,0.9861854866440767,1
1,0.8386462144392914,1
1,0.6545857615283001,0
1,0.7948658488269076,1
1,0.6724710709148618,1
0,0.8355174847268793,0
0,0.9134127812596542,0
0,0.8410311412900843,0
1,0.7903704578943735,0
0,0.9508491082318801,0
0,0.9887860270620671,0
1,0.9230188023871019,1
0,0.7738962149014748,0
0,0.980637495896006,0
1,0.8493533194116356,1
1,0.8363639422499026,0
0,0.7871414471524784,0
1,0.757622473252914,1
1,0.9775500417341243,1
0,0.654921354504377,0
1,0.7733283848325483,1
1,0.5042135519213531,1
0,0.7274897112408558,0
0,0.8057448602128154,0
1,0.66613633844426,1
0,0.9282579741898408,1
0,0.938479516018246,0
1,0.7149773651359401,1
1,0.8866491075211512,1
1,0.7722336302439441,1
1,0.9544055173528336,1
1,0.736838031854745,1
0,0.9239005159300148,0
0,0.9901661157759717,0
0,0.8237722080026095,0
0,0.7170599439869165,0
0,0.6320368938611853,0
0,0.8818721374987568,0
1,0.7574611765274784,0
0,0.8555355209031349,0
1,0.6866428117157984,1
1,0.8247467756889437,1
0,0.8044836339780403,1
0,0.7920232302273107,0
1,0.8939068525168284,1
1,0.7882226028437874,0
1,0.6213167088595617,0
1,0.9280053650459645,1
0,0.9923249969490212,0
1,0.7131089602959328,1
1,0.6406326716138796,1
1,0.5478015994088584,1
0,0.8996163927167626,1
0,0.762667465089496,0
0,0.9965235412051242,0
0,0.6507740870977899,1
1,0.5968165884968388,0
1,0.8079341118028184,1
1,0.693811279391617,1
1,0.9740817587150097,1
1,0.5150349633132247,0
1,0.8654695707535438,1
1,0.5555666609464849,1
0,0.6155926085722692,0
0,0.9193750790220769,1
1,0.6388549172311448,1
0,0.9582485549822863,0
0,0.5796130334556167,1
1,0.7200255799285081,0
1,0.848762702371831,0
0,0.5739764552217179,1
0,0.975307732303928,0
0,0.6920245019895754,0
1,0.9523952502413676,1
1,0.6305385966338449,0
0,0.8958441794634318,0
1,0.6138201700198747,0
0,0.9480176198524108,0
0,0.9872206619008281,0
1,0.5675888164529156,1
1,0.9646669591140016,1
0,0.6456447709774891,1
0,0.5890825240019948,0
0,0.9900274095007479,0
0,0.7074356198773368,0
0,0.5330630813048389,0
0,0.7628277062595155,0
1,0.9232260736110427,1
1,0.8190882289383332,1
0,0.9892288397291542,0
0,0.8728797175403971,0
1,0.8118508829287702,1
0,0.9970704413694242,0
0,0.8722455602147454,0
0,0.7660198360349396,1
1,0.9737633179458681,1
0,0.9546847643476046,0
0,0.6295967297192508,0
1,0.7850790370136511,1
0,0.5332377397038595,0
0,0.7634892956428919,0
0,0.9989419869757381,0
0,0.9041347758822602,0
0,0.9912231186125384,0
0,0.7413923933562536,0
0,0.9886913193650003,0
0,0.813812890334399,0
1,0.5476235786566902,0
0,0.5310303827395825,1
1,0.5908198342592961,1
1,0.9543040315071409,1
0,0.5835297657585257,0
0,0.9867202357500896,0
1,0.9206600633776405,1
1,0.946522043313772,1
1,0.7353664060852063,0
1,0.509150347054731,0
1,0.8770653165256374,1
1,0.9020870952815796,1
1,0.9257449068477406,1
0,0.9783262532917849,0
0,0.9748888753803099,0
0,0.9853015921423474,0
0,0.9179153158095584,0
0,0.9109613726658926,1
0,0.9131773021322903,0
1,0.6615581169281998,1
0,0.9360415564587437,0
0,0.9407896001083149,0
0,0.6588849945340822,0
1,0.7521176469603217,0
0,0.8215382218787676,1
1,0.8130254435307892,1
0,0.9875776647607188,0
0,0.8920431783755087,0
0,0.5407438574057983,1
0,0.5779724787415677,1
0,0.5499627578421833,0
1,0.9446824491648501,1
1,0.886986088205066,1
0,0.923221122736277,0
0,0.5825736917965043,0
0,0.8071765886308502,0
0,0.9677576663919945,0
0,0.6527440108940673,1
0,0.9797214268982604,0
1,0.5685394236804732,0
0,0.9982193994766497,0
1,0.6237425275084615,1
0,0.9662335879841227,1
0,0.7854963200444145,0
1,0.697882810046674,1
1,0.5010804358002491,0
1,0.9178236303314711,1
0,0.9749919805484897,0
0,0.8589023537136289,0
0,0.9809248916853048,0
0,0.5988036619090025,0
1,0.699738317829272,1
0,0.5068851080302446,1
0,0.7850443977958278,0
0,0.7410029316986354,0
1,0.7477610231581161,1
1,0.7212784901507671,1
0,0.723772869231039,0
0,0.6945487378521553,1
1,0.8242020977180093,1
0,0.9760841968090591,0
1,0.8738389482025353,1
1,0.7884548510321201,1
0,0.9995242462675106,0
1,0.5497319197367168,1
0,0.9923442224039593,0
0,0.9689910751713947,0
0,0.6644354817854303,0
1,0.8796781111534847,1
1,0.9628135790122068,1
1,0.9838679155627698,1
1,0.8983668411091117,1
0,0.5522350561934841,1
0,0.9786895530139732,0
0,0.966482813868958,0
0,0.6971871385074583,1
0,0.5160642363539901,0
0,0.6089551210814272,1
0,0.6496411223091543,1
1,0.8225361221893505,1
0,0.5788861898733413,1
1,0.9983991149258974,1
1,0.5603576230602993,1
1,0.9715067179078254,1
1,0.5126136954395981,0
1,0.7627225122313764,1
1,0.5892199009131399,1
1,0.8267801844314153,1
0,0.952044720344107,1
0,0.9884482919244814,0
0,0.8416745138574315,0
1,0.6541766351894012,1
0,0.615950121192937,1
0,0.9007760736977006,0
0,0.7620375455376425,0
0,0.6755028126370138,0
1,0.8228266385836702,1
1,0.9754280058616549,1
1,0.7195196497617306,1
1,0.6610893520094089,1
1,0.9500237611525253,1
1,0.6574261172246972,0
0,0.7711317846711592,0
1,0.7734394283412583,0
1,0.9739310628144704,1
1,0.9982829137985629,1
0,0.6480862313202527,0
1,0.8283838129218074,0
0,0.8355662914744854,0
0,0.8807916545582049,0
0,0.8221961468570815,0
0,0.5626915418075255,0
1,0.5244724942316885,0
0,0.9308411263317624,0
0,0.9242686016079051,0
1,0.7462876489565642,1
0,0.9509232332525124,0
0,0.8682528336411515,0
0,0.893923518057364,0
1,0.9193349909463451,1
1,0.9911346410888935,1
1,0.9989502482699003,1
0,0.8001070839298337,1
1,0.6239359238782081,1
1,0.7774905227628072,1
0,0.9997844005822671,0
0,0.5633571094218419,0
0,0.6566549413220162,0
1,0.7188617548296145,1
0,0.8650142290002447,0
1,0.9889134215384293,1
0,0.506388262485199,1
0,0.9808854714150597,0
1,0.9542975475103738,1
1,0.5342860819155544,0
0,0.9181904932996744,0
0,0.9169983796628001,0
0,0.7458643274553591,0
1,0.5996690769250766,1
1,0.9317089858262615,1
1,0.5808192888204292,1
1,0.5521252181543403,0
1,0.9667490672354333,1
0,0.5394180537699296,0
1,0.5145765500751445,1
0,0.5863264398309951,1
1,0.9807562962772484,1
1,0.6005794546618672,1
1,0.9481587718767441,1
0,0.9878720113616952,0
0,0.9976426802160662,0
0,0.602708310726791,0
1,0.9016124395489147,1
0,0.995667271851269,0
0,0.789281578448384,0
1,0.7983274647548403,1
0,0.9384141960726925,0
0,0.7322289522885984,0
0,0.9201049711657676,0
1,0.6229979514106794,0
0,0.9554044854999478,0
0,0.9825914511853395,0
0,0.8817358052390788,0
1,0.7752129800195589,0
1,0.9447449120574773,1
1,0.6459597248321921,0
0,0.9895653300734536,0
1,0.6178678585848436,1
1,0.9866978092735841,1
0,0.7348351867310806,1
1,0.9883856096359156,1
0,0.6050407626150521,0
1,0.658459877416809,0
1,0.8797202875158554,0
1,0.7994655198022534,1
1,0.9847319266675277,1
1,0.6964985922104404,1
0,0.8926421579157283,0
1,0.9638547078509625,1
0,0.8618246166692003,0
0,0.9753205884589163,0
1,0.9977181662712993,1
1,0.8082533057918526,1
1,0.777060312963065,1
1,0.9581550138390628,1
0,0.7438002992336269,1
0,0.5017623311616803,0
0,0.6473819314223359,0
1,0.7375334381052365,0
0,0.929690034291478,0
0,0.9956401653805151,0
1,0.5506154930397341,0
0,0.9982937014214655,0
1,0.6695922845376143,1
1,0.8943038134841353,1
0,0.9975104612164206,0
0,0.7089472523576281,0
1,0.9935793861400415,1
1,0.6629131130860462,0
0,0.9523784444676904,0
1,0.9751703413989911,1
0,0.9014786701225793,0
1,0.7871941672758949,1
0,0.7930270580707213,0
1,0.6403523334474199,1
1,0.6801813695565677,1
1,0.8215118658460416,1
0,0.9862165968164333,1
0,0.781302243156696,0
1,0.9505750377834815,1
1,0.925436213808684,1
1,0.9475671291072864,1
1,0.70126805592233,1
0,0.8608360269164346,0
1,0.7963239193141656,1
1,0.6052386126518432,0
0,0.6715064750567059,0
1,0.8866569956614596,1
1,0.550541776945675,1
0,0.9991539279096802,0
1,0.8605378457968725,0
0,0.5207655454690432,0
0,0.9187398208235729,0
0,0.7978431169369052,0
1,0.9745947860913627,1
1,0.9275443867709589,0
0,0.6200058241720192,1
0,0.9046646054039914,0
0,0.9287172406598426,0
1,0.5709758104783513,0
0,0.811797789069762,0
1,0.730359144595209,0
1,0.9917872262849886,1
0,0.7529880850583957,1
1,0.7357191108707364,0
0,0.9831637470982767,0
1,0.7345789773355832,1
0,0.9977340828187568,0
0,0.8520252759181307,1
0,0.6903432912496359,0
1,0.6827278476127572,1
0,0.5647571227440247,0
1,0.9325004842727291,1
0,0.9804923362911839,0
0,0.9156440747774851,0
1,0.7375227664754838,0
0,0.9998200634506104,0
0,0.9802992469426709,0
1,0.8988190520708539,1
0,0.9913199060708305,0
1,0.818875617298223,1
0,0.5195068298257144,1
0,0.7908526695887454,0
1,0.9551238617081576,1
0,0.8484584516076055,0
0,0.9886071508609757,0
1,0.9928049883391401,1
0,0.6579671882059035,1
0,0.8239169650958065,0
0,0.5518164560082117,1
0,0.9848006905207265,0
1,0.6135307630381691,1
0,0.8604314173046067,0
0,0.9871289131261963,0
1,0.6291334896813379,1
1,0.8253823346479541,1
1,0.8086449880251467,1
0,0.8823834561297778,0
0,0.8662483289105043,0
0,0.9030173275653224,0
1,0.5485025543999589,0
0,0.8208787463849393,0
1,0.8815551223333404,1
1,0.5548830131260906,0
0,0.8768137519873779,0
1,0.9999412213797267,1
1,0.7597968013303966,1
1,0.9484941776084139,1
1,0.8483876078893329,1
0,0.8986173225225491,0
0,0.519898587178554,0
1,0.6835742661300789,1
1,0.5941568357282968,1
0,0.8034952466110715,0
0,0.978008010769264,0
0,0.9774789494076589,0
1,0.5132475670006174,0
1,0.9849052793937072,1
1,0.5938140015026894,1
1,0.8754709832198315,0
1,0.8670577960222436,1
1,0.9177473679404172,1
0,0.9170858291996465,0
1,0.8236693271483485,1
0,0.7317209122150181,0
1,0.844702028606037,1
1,0.7132131869975447,1
0,0.5571061929096086,0
1,0.9724065633845269,1
0,0.9470644496590309,0
1,0.7570263256404236,1
1,0.7777909232769932,1
0,0.9626149973494678,0
0,0.9995445089063847,0
1,0.8574784420698456,0
1,0.9925180239544628,1
0,0.8315453896883019,0
1,0.8856392407221424,1
1,0.7771823430004885,1
1,0.8238676620185874,1
0,0.9817123326773628,0
0,0.9920191945766748,0
0,0.7165226228579388,0
1,0.9694417332348372,1
1,0.8101046910598084,1
1,0.692329404930095,1
0,0.864281690752245,0
0,0.9775447179148221,0
1,0.9161712799496216,1
0,0.6485803092205864,1
1,0.6993376946562654,1
1,0.5023503346475064,1
0,0.9166258925313582,0
0,0.8309546032733286,0
1,0.7186841440248183,1
1,0.8281047108873661,1
1,0.9843723224012572,1
1,0.7213883593896292,1
1,0.9354542866075499,0
0,0.966026798364824,0
0,0.9754945251908314,0
1,0.854800351776528,1
1,0.6695693434700377,0
1,0.8603863691444567,1
0,0.5139961885564013,1
0,0.9995435798745779,0
0,0.5072873475693831,1
1,0.6105350940961525,0
0,0.9907263848285087,0
0,0.5611177437090245,0
0,0.6225008565206227,0
0,0.5738077977799617,0
0,0.9892335810069743,0
1,0.5515009797230129,1
1,0.8623560678021419,1
0,0.6317733055054158,1
1,0.8140414010906695,1
1,0.8810160897609247,1
0,0.8458983597828136,0
1,0.954184140821823,1
0,0.975801351155337,0
1,0.9392704315227184,0
0,0.9983710222635703,0
1,0.9619508247355231,1
1,0.6656530187186088,1
1,0.7402269949727744,0
0,0.9954457560376633,0
1,0.8121016522564445,1
1,0.953470093095617,1
1,0.9958713735348819,1
1,0.8595323209102104,1
0,0.988889509521167,0
1,0.8544898000557303,1
0,0.9839030539445837,0
0,0.9978783046174328,0
0,0.5418674481842953,0
0,0.9647779814033034,0
0,0.7035172416546007,0
1,0.7826572921961252,0
0,0.8843794989304727,0
0,0.5870470771448012,0
1,0.9215782391426588,1
1,0.5381062110945496,0
1,0.8670667652938345,1
0,0.6452556882628355,0
1,0.9860621838180103,1
1,0.9871349239556819,1
0,0.9509878662434325,0
0,0.9725528328145597,0
1,0.7008728511826027,1
0,0.9823962744149218,0
0,0.5612398815075896,0
0,0.9609726058606317,0
1,0.72334708463039,1
1,0.7503117034413329,1
1,0.5364971306009364,0
1,0.6494323554831646,1
0,0.926829843250514,0
1,0.59028430108342,1
1,0.6837361310693783,0
0,0.8977900149099483,0
1,0.647141610611586,0
0,0.9983427052337219,0
1,0.5930158940096997,0
1,0.8442454928408772,1
0,0.8547385187235339,1
1,0.5661898085379717,1
1,0.7753172736086741,1
1,0.8177647730504279,1
1,0.516919030047003,1
1,0.8642485100379844,0
1,0.8348822137898231,1
0,0.9554540561027337,0
0,0.5256582623997808,1
0,0.6350110242761868,1
0,0.957951707897354,0
1,0.6293410529621128,0
1,0.829310792911858,1
0,0.9996121047983667,0
1,0.5561596467427572,1
0,0.9823004744315915,0
0,0.5371770625752732,1
1,0.8157926292967894,1
1,0.8415371621448614,0
0,0.996539183772662,0
1,0.7952606828788745,1
0,0.6708219417159167,1
1,0.9951491962626839,1
0,0.967314350756675,0
1,0.5781005336734696,1
0,0.8997658441746508,0
1,0.8633768921508631,1
1,0.7029651735951902,0
0,0.9042751326831382,0
1,0.6143652900493918,0
1,0.6662695052263954,0
0,0.9936088126596886,1
1,0.8412283440935717,1
0,0.8652549424038767,0
0,0.8302044546932581,0
1,0.9490968139699391,1
1,0.9544101693180276,0
1,0.9212789569965445,1
1,0.6689837790297637,1
1,0.8377306832454486,1
1,0.8523232219719984,1
1,0.6397242621354693,1
0,0.5855884924815677,0
0,0.5799568143988914,1
0,0.6733008938740208,1
1,0.7607035557231302,1
1,0.7860204742727952,1
0,0.9670124418718797,0
1,0.9774676567541257,1
0,0.697389093909239,0
0,0.691849797366338,1
0,0.5412471778854452,0
1,0.6207225424743048,1
1,0.9409656281453634,1
1,0.9547178144544354,1
1,0.8912104171890747,1
1,0.5434334729054282,0
0,0.7017891392082456,1
1,0.8411095861344072,1
1,0.564798915806453,1
1,0.9769110206202667,1
0,0.9320810853536059,0
0,0.543416553986251,0
0,0.9049210797473214,1
1,0.9780916668412221,1
1,0.5461761821753103,0
0,0.8828912743136976,0
0,0.7345401519140353,0
1,0.9587292097554232,1
1,0.7160243061967281,1
1,0.5288704889045062,0
0,0.5706491511170475,0
0,0.6787607699581297,0
1,0.7838410421683313,1
0,0.8884313511005849,0
0,0.9216507429828433,0
0,0.8816953112587945,0
1,0.5704365870472106,1
0,0.6625119018702971,0
0,0.9026095987375217,0
1,0.7724046691835041,1
1,0.9467800208402425,1
1,0.9558697482491051,1
1,0.8275246428786159,1
1,0.5616611846142903,0
1,0.7293164668162846,1
0,0.9181933185717,0
0,0.8369930641535239,0
0,0.7652958765404207,0
0,0.8351799748266494,0
1,0.9746070454869837,1
0,0.5050897291019912,1
1,0.9653228572701165,1
1,0.5461755482547489,0
0,0.882680498243796,0
1,0.9995363412149368,1
0,0.5721308932406644,1
0,0.7100366819168524,0
0,0.9125302020210951,0
1,0.9090743772304617,1
1,0.611019571043162,0
1,0.8129532935638896,1
0,0.9746478927718009,0
0,0.9612284209596377,0
0,0.8200578188025559,0
0,0.8175577292609224,0
1,0.6893573987791454,1
0,0.9280035402331277,1
1,0.8218153534309147,1
0,0.9831995485973608,0
0,0.9779065635713636,0
1,0.8608941648119718,0
0,0.9217496549358606,1
0,0.8537205687614433,0
1,0.8610610721471348,1
1,0.7167412976567511,1
0,0.8556211788796464,0
1,0.9499993980212367,1
1,0.9558657667132855,0
0,0.9975988381005071,0
1,0.5960422203678905,0
1,0.6467370634391947,1
1,0.7311881501821687,1
1,0.5447272574137633,1
0,0.9827124421865665,0
1,0.9606102359434855,1
0,0.9780800474736495,0
1,0.5100893134367839,0
1,0.9170557897360617,1
0,0.9882201070211634,0
1,0.9065621648473762,1
1,0.6736209517140068,1
0,0.5510620187943813,0
0,0.9253931051001661,0
1,0.9616456998164603,1
0,0.9604006941346892,0
1,0.9850694547874392,1
0,0.7228882443644323,0
0,0.9874491701302638,0
0,0.5724323337837491,1
1,0.7584341345330778,1
1,0.895993781624746,1
0,0.9746226852851241,0
1,0.6380531047351243,0
1,0.9777989307607806,1
0,0.9733472551869878,0
1,0.6381330142651929,1
0,0.5054531649831395,0
1,0.5058772177862305,0
0,0.7750268014009822,0
0,0.6934592653172735,1
1,0.7342719925487176,0
0,0.5334376952821134,0
1,0.511154543532301,0
0,0.925935510035654,0
1,0.9634045383233456,1
0,0.9345337901190195,0
1,0.7300764575745299,1
1,0.8303617987171059,1
1,0.5162310836449623,1
0,0.813745068070336,0
0,0.970969537859319,0
0,0.6119365156973052,0
1,0.9580358974637455,1
1,0.8183532720201363,1
1,0.5560630195714898,1
0,0.5035273645720308,1
0,0.8936617464891673,0
1,0.9202945096441227,1
0,0.5304442660387926,1
1,0.8589872805986812,1
1,0.8231046433237627,1
1,0.8953454385925491,1
0,0.9732516877319966,0
0,0.841497995884387,0
0,0.5215714597220004,0
1,0.784739638166434,1
1,0.5384035022909777,1
1,0.8165527620435553,1
0,0.9708748934545676,0
1,0.5926064337507645,1
0,0.5901143696614488,0
0,0.904985893398667,1
0,0.9750755267170157,0
0,0.7479237231093081,1
1,0.9833091649691882,1
1,0.9946831421660767,1
1,0.870855150782204,1
0,0.8482146699940684,0
0,0.9474279504593665,0
1,0.8971753417514003,1
0,0.9528811846672973,0
0,0.7937161065144867,0
1,0.635350822527407,1
1,0.9925893008468302,1
1,0.9532546732995801,1
0,0.621676027039066,1
0,0.9983687575007699,0
1,0.7025219735008442,1
1,0.5125756394496079,0
0,0.9834228756485595,0
0,0.8436955709903216,0
1,0.8603748360233503,1
1,0.8363798548799909,1
0,0.722857366511728,0
1,0.9311052968085919,1
1,0.9200354915892008,1
1,0.7510466013508511,0
1,0.9937814523095092,1
1,0.6838506515739853,1
1,0.5705540763251172,1
1,0.7306590808636095,0
0,0.7578397368982839,1
1,0.7256481612804762,1
0,0.5755673060005472,1
1,0.7615439647056329,1
1,0.9842475527123027,1
1,0.6050665188202082,0
1,0.9349332844631432,1
1,0.9031706167326309,1
1,0.8635406596539167,1
0,0.8801103531930555,0
0,0.6370359956801399,1
1,0.9258539353781698,1
1,0.9000666865457445,1
1,0.6887422176572651,0
1,0.9787423060873345,1
1,0.9790193021084378,1
1,0.954574308504597,1
1,0.7963014920871063,1
1,0.6812319199455755,1
0,0.9588275949034802,0
1,0.8410942304066548,0
1,0.6136050446762811,0
0,0.7678920641930548,1
0,0.9964301804742502,0
1,0.6244885564010244,0
0,0.8014776929941396,0
1,0.9881042919089392,1
1,0.9387863824312004,1
0,0.6768167840347481,1
0,0.8870814345587361,0
0,0.9955539152817623,0
1,0.5315291758082977,1
0,0.9652856705368865,0
1,0.9756080619694095,1
1,0.6953413150474598,1
0,0.787813966452326,0
0,0.9301525439469917,0
0,0.9685781318646906,0
0,0.9405565334843828,0
0,0.9826551682916458,0
1,0.553815138862512,0
1,0.8122789303763692,1
0,0.9223531249455478,0
0,0.5176481568433109,0
0,0.8900412580516294,0
1,0.6496471018250926,1
1,0.9964813921920228,1
0,0.9981537588856453,0
0,0.9462218865062478,0
1,0.7748700784431436,1
0,0.6067330451388613,1
1,0.6103605534990897,1
0,0.8529661820747667,1
1,0.5659455152530977,0
0,0.8150258859948056,1
1,0.5793297472060913,0
1,0.7308227507307314,1
1,0.530947511710721,1
1,0.978027342197732,1
1,0.9237870697882161,1
0,0.9579142214263626,0
1,0.5411367141163254,0
0,0.9673202233187713,0
0,0.8913722423479815,0
1,0.8374388984718808,0
1,0.662227892199653,0
0,0.9799204162582619,0
1,0.6178519858865613,1
1,0.8949361961976184,1
1,0.669351702321943,1
1,0.9376027138549127,1
0,0.7647642485921312,0
0,0.7784786631944562,0
0,0.8299936443553777,0
1,0.8651607409229705,0
1,0.9851806954667508,1
0,0.7113531760056789,0
1,0.9612429959691676,1
1,0.627043505116186,0
1,0.8406102715389179,0
0,0.8287408597539578,0
1,0.5488314716693841,1
0,0.9883664322131374,0
1,0.5125210892657012,1
0,0.8777001782712609,0
0,0.5918194968392756,0
1,0.6482014667939426,1
0,0.9998645290928421,0
0,0.9935426208505995,0
0,0.9773624326284868,0
0,0.9964268406205146,0
1,0.9899515763971054,1
0,0.5388302635463829,1
1,0.9000677050614107,1
1,0.7547140649259706,1
1,0.5842565264003374,0
0,0.9272563745916826,0
1,0.7742388571988341,1
0,0.537800136376585,0
0,0.9149284037532154,0
0,0.9461422861608153,0
0,0.6142866811808454,0
0,0.8672089781463094,0
1,0.9490806882666775,1
0,0.5995540889985954,0
1,0.9929304666177151,1
1,0.7971932883894417,1
1,0.7948311431351304,1
1,0.6584416663275,1
0,0.7603464289506369,0
0,0.7199324971809369,1
0,0.983292373999597,0
1,0.6792659955552225,1
1,0.8374485315910847,0
0,0.9812762982746667,0
1,0.6344834772666816,0
0,0.5970143903447513,0
1,0.7780223206771384,1
0,0.6712096499835685,0
0,0.965342248522226,1
0,0.994889063374804,0
1,0.6113441726188642,0
1,0.6654319582051583,0
0,0.9683065860769431,0
0,0.5583816473027774,1
0,0.9084508785606668,0
1,0.9923496848480347,1
1,0.9397849551412871,0
0,0.5570693127929397,0
1,0.7231127872822777,1
0,0.9781188044194448,0
0,0.9898413438443971,0
1,0.9985689279699501,1
0,0.8769559123945327,0
0,0.9343046704456015,0
0,0.8950529832785019,0
0,0.7752606609237452,0
1,0.898881983781635,1
0,0.989176887758423,0
0,0.9833667025226471,0
0,0.688201163395316,0
0,0.9822286556525155,0
1,0.5539094758017107,0
0,0.7578183005660022,0
1,0.5084502162033254,0
1,0.9508228049961727,1
1,0.9080420280076852,1
0,0.9757589725378129,0
1,0.8899440175583213,1
0,0.5134316289706522,1
1,0.9292342142709403,1
0,0.9068469207346463,0
0,0.952714070546634,0
0,0.522989218312826,1
1,0.855452482665419,1
0,0.9864523850891539,0
1,0.7732000216951591,1
0,0.8360543142616688,0
1,0.9383155346793022,1
1,0.7311661535403652,1
1,0.7719937788817828,1
0,0.990631602602394,0
1,0.6074436813776164,1
1,0.5756187846697577,1
0,0.6851602494303254,0
1,0.7897175510466599,1
0,0.9995225065838923,0
0,0.6168342941766568,0
0,0.5232256460066442,1
0,0.8409742300703372,0
1,0.9148205880483263,1
1,0.9962666015574879,1
1,0.5761069282303355,0
0,0.9483796931712134,0
0,0.858869850941686,0
0,0.8592631410208573,0
1,0.7937391802699681,1
1,0.7245976729808244,1
0,0.941893182170487,0
1,0.9959295937390513,1
1,0.7129987535852613,1
0,0.9069220672791185,0
1,0.5359165099868568,0
1,0.6230205684083292,1
0,0.982165409114513,0
1,0.9455213483067935,1
1,0.9209518183099552,1
0,0.7880790244706443,0
0,0.7233307313186738,0
0,0.8229465556696356,0
1,0.9686895028479486,1
0,0.9793873034625357,0
0,0.522953592100762,1
1,0.5132758065530026,0
0,0.563040996843641,1
1,0.5215345866533938,0
1,0.6159579467280911,0
0,0.8639583792534319,0
0,0.7084542407393578,0
1,0.9196541211200281,1
0,0.8639326804601428,0
0,0.970975787128467,0
0,0.5037513749657766,0
0,0.99880714899373,0
1,0.6780152659550415,1
0,0.927773830319239,0
1,0.6838550426931023,0
0,0.8743520496199082,0
0,0.9948297039804017,0
1,0.7319952137239404,1
1,0.5938551521849389,1
0,0.9906813217878591,0
0,0.98000156182341,0
1,0.5262636466215186,1
1,0.8230937327377289,1
0,0.920509588529093,0
0,0.5777788276476513,0
0,0.5985318496102451,0
1,0.900519069786131,1
1,0.6380765431876972,0
1,0.8560598647491966,1
1,0.9143921438657109,1
0,0.9586650959112508,0
0,0.7107550280152486,1
0,0.9757976371899794,0
0,0.5086252507238911,0
1,0.8440265656684469,1
1,0.8860574748837811,1
1,0.9969394215272513,1
1,0.5100882110497805,0
1,0.740008355163085,0
1,0.6610108733422374,1
1,0.7810241766680098,1
0,0.9438912885033194,0
0,0.6858760528777317,1
1,0.563066843646041,0
1,0.6044210935530641,1
1,0.9349745747956553,1
0,0.7035878133333104,0
1,0.5918612543791275,0
1,0.9237590177058869,1
1,0.8812965524281833,1
0,0.9206057903879944,1
1,0.7985374464359049,1
1,0.7958304477048767,0
0,0.9983323725507925,0
1,0.80784657090479,1
1,0.7827585421175952,1
0,0.9158591907676478,0
1,0.6189439866322268,1
1,0.7233908620929663,1
0,0.5654548231489278,1
1,0.8280526802345719,1
0,0.5788380978781053,0
1,0.6821588338966916,1
0,0.8915933928920645,0
0,0.9470705192303305,0
0,0.8622383161330829,0
1,0.6821934835325466,1
0,0.7116089455018129,0
0,0.9799734474943743,0
0,0.9281778888428724,0
0,0.984740742896296,0
1,0.9969803702333758,1
1,0.5615090870781038,0
0,0.9679263074915131,0
0,0.5073519560627777,1
1,0.5482031450407152,1
1,0.5980162987015296,0
1,0.8973853418949733,1
0,0.8094181553941981,1
1,0.8165784149441724,1
1,0.8273115411405415,1
1,0.8772868569501006,1
1,0.7569482713578581,1
1,0.7084627421796487,1
1,0.505209727203015,1
1,0.936454393083474,1
1,0.8551336042296679,1
1,0.8030106859102025,1
1,0.5562869326654328,1
0,0.9365013169020673,0
0,0.9868741178154107,0
1,0.9347598612313731,1
0,0.8457452308082952,0
1,0.8466123787527902,1
1,0.7400007316167134,1
1,0.5048107502316714,1
0,0.8893373190865199,1
1,0.9232723884118329,1
1,0.9770250391289681,1
0,0.9926135700509533,0
1,0.7628092933776,1
1,0.6550447257602636,1
1,0.6681898253789539,1
0,0.972702272484967,0
1,0.6992319938722534,1
0,0.9986228404073799,0
0,0.8504752485365571,0
1,0.8716292791974337,1
1,0.5416244243354943,0
0,0.5277501756825964,1
1,0.9938050727224996,1
1,0.7788147846429463,1
0,0.8467154165390012,0
0,0.5111765736316065,0
1,0.6891040825863867,0
0,0.9125262397041247,0
1,0.9749530249667002,1
1,0.8896722328537594,1
0,0.9710880922566277,0
1,0.5142190251113501,0
1,0.5087481762725992,1
0,0.8111495563204082,0
0,0.6331243037466691,1
0,0.7194643507985674,0
1,0.6234383756951566,1
1,0.5985392356225767,1
0,0.8682989655844586,0
1,0.5405149082013874,1
1,0.6345193263659455,0
0,0.9530666026527226,0
0,0.8494959301431632,0
1,0.7009467754412719,1
1,0.6946371081395264,0
0,0.9659094374180467,0
0,0.5795200801038657,0
1,0.6171375381137736,1
0,0.6590986885926673,1
0,0.9099799041292818,0
0,0.9833968112170012,0
1,0.8512616578010738,1
0,0.9707649517271852,0
1,0.731939100302361,1
0,0.9443169957557286,0
0,0.9380107200047266,0
1,0.8520637203408133,1
0,0.8418358254203399,0
1,0.9998963747231716,1
1,0.775446018587689,1
1,0.5519649482463999,0
0,0.6253624514061429,1
0,0.7030677491653257,0
0,0.8607607257148228,1
1,0.7858459199072685,0
1,0.6809167422174751,1
1,0.9600712513450098,1
1,0.7840796670903983,1
0,0.6232690356365038,0
0,0.9356507259953977,1
0,0.9389558517784055,0
0,0.9714635802641203,0
0,0.9376146050413268,0
0,0.895034462074396,0
1,0.8531043626987591,0
1,0.9619860593393896,1
1,0.8502635330117138,1
1,0.9470372944197745,1
0,0.910768778854637,0
1,0.5082957133772997,1
1,0.6896292017813141,1
0,0.9701523738406443,0
0,0.8988132991404104,0
0,0.9030376110094067,0
0,0.8414957256001615,1
1,0.6414831912327464,1
1,0.8043975159796477,1
0,0.9951886225112561,0
0,0.7188613539778603,1
1,0.5880264165431912,1
0,0.8765857597051354,0
0,0.9867624895858487,0
1,0.9787967491203682,1
0,0.9407134835569101,0
0,0.6164226055608539,1
0,0.8922509850921717,1
0,0.5924391393412107,1
1,0.9203880740768247,1
0,0.5170945457302972,1
1,0.9528632856645557,1
1,0.8331171324961394,1
0,0.7191723734729061,0
1,0.6060312879302504,1
1,0.7416196164579434,1
1,0.9967660151836311,1
1,0.769430055936875,1
0,0.8572855562685264,0
0,0.9805535895323962,0
1,0.8062992117550909,0
1,0.9332694160164846,1
0,0.661977347894059,0
0,0.6461567309722113,0
0,0.950174365020509,0
1,0.7116408695809343,0
1,0.6843449623957313,1
1,0.9205752533627763,1
1,0.9260683021250482,1
1,0.7385217967129877,1
1,0.6983348094880627,1
0,0.9668537634349896,0
1,0.7552900027942755,1
0,0.9956981193913544,0
1,0.927724954777687,1
0,0.6533119694444525,1
1,0.8138551031842373,0
1,0.5877208242545873,0
1,0.84066406624863,1
1,0.7971988877431326,1
1,0.7234526941031338,1
0,0.5476788415388296,0
0,0.9101625416734459,0
1,0.5589861214749264,1
1,0.6716450091623235,0
1,0.5854099751104567,1
1,0.9289944197082112,1
1,0.7710714782489339,0
0,0.7744565570507924,0
1,0.9050204535831723,1
0,0.8035550170196271,0
0,0.9387034870932606,0
0,0.8819087665319817,0
1,0.9604179070748092,1
0,0.8443594744234397,0
0,0.9922568866682479,0
0,0.7350897086695802,0
1,0.9790357649078912,1
1,0.6014313300368228,1
0,0.8041987954136207,0
1,0.9001823893033507,1
1,0.754528420055047,0
0,0.8416107773401609,0
0,0.9838058770321696,0
0,0.6327313925390938,0
1,0.9852363193297137,1
1,0.7302727223866702,1
0,0.9318647422883556,0
0,0.7788792054035977,0
1,0.9860590297981979,1
0,0.8185397848074369,0
1,0.8962909972793265,1
1,0.5029905642472952,0
0,0.9783561286736728,0
1,0.8335498896454883,1
0,0.9271981774130394,0
1,0.5343031227168513,0
0,0.94715110575539,0
1,0.8169836114710834,0
0,0.5361962521642734,0
0,0.8496358764290026,1
1,0.5192184428139185,0
1,0.6817502904059052,1
0,0.6042502674574091,0
1,0.9433620858662936,1
1,0.9825805533914653,1
1,0.7850766673641651,0
0,0.6134386684624585,1
0,0.7694765881260088,0
0,0.8784716427317406,0
0,0.6864971936823515,1
0,0.7688156467967787,1
1,0.786890313137378,1
1,0.5999999199615786,1
0,0.7422394253866091,0
1,0.9628996863403498,1
1,0.6100528628615035,0
1,0.9019799299134722,1
1,0.7060145594119809,1
0,0.5756308091579367,1
1,0.9992438704164401,1
1,0.7275865303203309,1
0,0.6372999525320492,1
1,0.5318591656267075,1
0,0.5798163069004405,0
0,0.9469143186386946,0
1,0.9590450276926957,1
1,0.9661152993363042,1
0,0.8083311922406667,1
0,0.9746257452959627,0
0,0.9781370017064626,0
0,0.8813101442144358,0
1,0.9878014514340161,1
0,0.8848259258955711,1
0,0.5419707287635986,0
0,0.7389323441555983,0
1,0.792030454515643,1
1,0.9554288412222431,1
0,0.9903436333944977,0
0,0.9595685827288044,0
0,0.6998767170510864,0
1,0.613462787536487,1
0,0.9152689889505548,0
1,0.5692796143875319,0
1,0.5039375437729607,1
1,0.8983950413645577,1
1,0.5373840994206524,1
1,0.9372786139529429,0
1,0.7135574911705252,1
0,0.9984677712939505,0
1,0.53875513537874,1
0,0.5028966371538293,0
1,0.5518198824364465,0
0,0.956180239109459,0
0,0.8539092145045077,0
1,0.9012909108228283,1
1,0.8129532935638896,1
1,0.985206340889948,1
1,0.8850453219906038,1
1,0.563309353664114,0
1,0.6151171694992806,1
1,0.8814013485717528,1
1,0.7370661931978572,1
1,0.8744903036871164,1
1,0.9025626272869893,1
1,0.5421210422929347,1
0,0.9946665502705995,0
1,0.9961967987694439,1
0,0.9511081434483235,0
1,0.8050956931042196,1
0,0.9837729101580299,0
1,0.786350991671522,1
1,0.5016235123297031,1
0,0.5745841776352885,1
0,0.9619683130842945,0
0,0.7794200220562957,0
0,0.9746632464811219,0
1,0.6595302482998395,1
1,0.6346280370263789,1
1,0.5357085153973901,1
1,0.7586471764229009,0
0,0.886835873552126,0
0,0.7110573887331963,0
0,0.6050524633197969,0
0,0.7938190115336525,0
1,0.7907823521109587,1
0,0.778936063764164,0
0,0.9370944755134567,0
1,0.5578698435990823,0
1,0.9968619325515814,1
0,0.7180319832138179,1
1,0.9953258629721875,1
1,0.6125681220513663,1
1,0.7206725847407858,1
0,0.9895776859222534,0
1,0.5632691312288786,0
1,0.9691513972704248,1
0,0.9952289418793914,0
0,0.6749542862351634,1
0,0.807952452316947,0
1,0.8801535936212344,1
1,0.8278811404957459,0
1,0.8578237113679299,1
0,0.7127890553667484,0
1,0.6658231386163971,1
0,0.995310478079211,0
0,0.6665107762598078,0
1,0.9220045035963051,1
0,0.9914699092464769,0
0,0.5262977996241129,0
0,0.9905698153113753,0
1,0.7919325983485033,0
1,0.6390689434257003,1
1,0.7319166733278981,1
0,0.6091865815755344,0
1,0.6095912375473491,1
1,0.7983823412730374,1
1,0.8376638031958763,1
1,0.9104217482356098,1
1,0.6529400740690916,1
1,0.7359135596772467,1
1,0.9893015971908067,1
0,0.762636182390179,0
0,0.9639214642923168,0
0,0.9594653366982169,0
0,0.995990747221695,0
1,0.6819179785748886,1
0,0.8848526091895056,0
0,0.9992511208078604,0
0,0.73417559075796,0
1,0.8123137807566659,1
1,0.8028298733686958,1
0,0.99967158833104,0
1,0.9986817015554469,1
0,0.9619916839325336,0
0,0.9283158001677102,0
1,0.5646653001089436,1
0,0.9843831575576324,0
1,0.5078920533357493,0
0,0.9827417059533325,0
0,0.9854356470813957,0
0,0.8362338596842589,0
1,0.7491634311004698,1
0,0.6340292295824206,0
0,0.9631676134061047,0
1,0.679077968946042,0
1,0.6240173093470611,1
1,0.89209516971513,1
0,0.8246532497812136,1
1,0.7893682400724965,1
0,0.8332439439188283,1
0,0.8392233204523609,0
0,0.998403255107121,0
1,0.7521221721466836,1
1,0.587640105007331,0
1,0.9807625263434175,1
1,0.6827045388907185,1
0,0.7568587001252198,1
1,0.9947426794352058,1
0,0.9965727217476279,0
1,0.9862119940509825,1
0,0.8430300665153138,0
1,0.6621410658456515,0
1,0.7231666014527677,1
1,0.965439021851645,1
1,0.8911205303363027,1
1,0.9244664869838264,1
0,0.8294623846295092,0
1,0.9049573621658973,1
1,0.7006512660477787,1
1,0.5445020211838024,0
0,0.9938854639758589,0
0,0.5343985313333448,1
0,0.5942241516482785,1
0,0.855185972490269,0
0,0.878867197700071,0
0,0.5405056244352946,0
0,0.9493466953931818,0
0,0.5751924906580241,1
0,0.573595176783363,1
0,0.8743375851654414,1
1,0.560089092302378,0
0,0.9009952051336243,0
0,0.7455004843336663,1
0,0.9959002142746377,0
0,0.564500819780021,1
0,0.974365431661399,0
1,0.5413331314434213,0
1,0.8126477497178359,1
0,0.5035461899273111,0
0,0.7030762071126628,0
0,0.6173056511941394,0
0,0.8230940111835237,1
0,0.5021062839267446,0
0,0.6043664726076288,0
1,0.7890292935977079,1
0,0.8993218098846771,0
1,0.9450440123340453,0
0,0.6945429385176364,1
1,0.8227394060574993,1
0,0.9870388282863697,0
1,0.6396590911603091,1
0,0.989459572264592,0
1,0.9331240849174786,1
0,0.9396854632883166,0
0,0.9907064326110707,0
1,0.6580355015916209,1
0,0.7874010579508202,0
0,0.7383474504152352,0
0,0.9266067231771624,0
1,0.9069434196663553,1
1,0.5251242609346105,0
1,0.8973254321294848,0
1,0.8156083518990321,1
0,0.8226475452339144,0
1,0.6686217427520267,1
1,0.6546680363627116,1
1,0.9922378614503531,1
0,0.9327151840423266,0
1,0.5943103753163479,1
1,0.6682840301720717,1
1,0.9312259885646327,1
0,0.9672698235443223,0
1,0.5146860665878084,0
0,0.9027888559242396,0
1,0.5413228506126684,1
1,0.6737570735270392,1
0,0.836241695881508,0
0,0.9436036166419446,0
0,0.6487796662856201,0
0,0.9893415186649613,0
0,0.6640355209007165,0
0,0.756165053954722,0
0,0.9316890644919136,0
1,0.8582607153926832,0
0,0.9666786817366229,0
1,0.7515704296829127,1
0,0.9566834068969323,0
1,0.8499673526097552,1
0,0.9838963507113078,0
1,0.591150160317851,0
0,0.5378777670124956,1
0,0.5906683945067748,1
1,0.8647672037325721,1
0,0.712761819163376,0
0,0.8848536072952848,0
1,0.7738005547983023,0
0,0.8372785122532964,0
1,0.8476743253822058,1
0,0.7834175193486201,0
0,0.9013138961948288,0
1,0.5770888197096125,0
1,0.9807795722542522,1
0,0.9906889416107378,0
1,0.9487907303142699,1
1,0.6158049496101654,1
0,0.7999799844305548,0
1,0.9930258383189657,1
1,0.6240840383567171,1
1,0.7362136686661166,1
0,0.836978264628275,0
0,0.9968371498010838,0
1,0.6613142455316532,0
1,0.7404519798861382,1
1,0.9943818002680691,1
0,0.9960578634541949,0
0,0.6541786277963743,1
1,0.7371896487438283,0
0,0.9298118641219512,0
1,0.8819603830165298,1
0,0.9921459332655851,0
0,0.9301836281427059,0
1,0.9835946512312519,1
1,0.542688761411321,1
1,0.795644839458749,1
0,0.5665172924826807,0
1,0.9657732353037473,1
0,0.8878521486027273,0
0,0.79772663789434,1
0,0.8354710779819942,0
0,0.914832867712158,1
1,0.6778852882623241,1
1,0.8199678544532077,0
0,0.571825410262759,0
1,0.7017877977030074,1
0,0.9946708354832626,0
0,0.7871481476648885,0
1,0.5296512077659631,0
1,0.9491602735662569,1
0,0.8052292713021534,0
0,0.6203412743325749,0
0,0.512766779145059,0
1,0.7985760294869245,1
0,0.8932032696740089,1
0,0.9615495496532368,0
1,0.7432363407883199,1
0,0.736192644968301,0
0,0.9289830602169152,0
1,0.5596130026686683,1
0,0.9748285985838858,1
1,0.9880362124552373,1
1,0.5207982913938128,1
0,0.6677676917136097,0
1,0.792888834905571,1
1,0.9075648769826915,1
0,0.7490406773810445,0
1,0.690038652204319,0
0,0.9625199442632018,0
0,0.8959465641516996,0
1,0.7706057349427577,1
0,0.9997202367142003,1
1,0.6801227440703829,1
1,0.7193717392773576,1
0,0.8658280321481706,0
1,0.9854338847133775,1
1,0.9683099085156168,1
0,0.5703409689510968,1
1,0.8111271731028302,1
1,0.9000904447000344,1
1,0.8431171013457975,1
0,0.9479544457275713,0
0,0.8594422756258577,0
0,0.6341070085291852,0
1,0.6086947414827146,0
0,0.8799157753113924,1
0,0.5343704278914535,0
1,0.989917108508179,1
1,0.5832452858553756,1
0,0.7143760500146911,1
0,0.9644326225890709,0
0,0.9993079694137321,0
1,0.552793307560884,0
0,0.9973796041632464,0
0,0.9951058211940316,0
0,0.7882524748725908,0
1,0.9739623786038388,1
0,0.8014495456120363,1
0,0.5815600991383626,0
0,0.8929566220949205,1
0,0.9632332495068601,0
0,0.5050796290285163,0
1,0.6432681182905459,1
1,0.7543845924346451,1
1,0.6025886485654445,0
0,0.9993883680139175,0
0,0.5184931138675778,0
1,0.7642269186190773,1
1,0.6155770946877895,1
1,0.9145333818104173,1
0,0.8410074368042845,1
1,0.8377118682718292,1
0,0.9969236754071157,0
0,0.676359522456925,1
1,0.99239379104182,1
1,0.9206573760113917,1
0,0.9577091826216809,0
0,0.9703338644991748,0
0,0.9762591108458075,0
0,0.787782047488856,0
1,0.5524506524957165,0
1,0.7827429822507079,1
1,0.9623320756985266,1
0,0.8607813157147843,0
1,0.9598525282658229,1
1,0.7489699084416269,1
1,0.8984731055114065,1
0,0.9185808372165749,0
1,0.7256001962094074,1
1,0.9876865778855962,1
1,0.9473056006186877,1
0,0.9790216927707969,0
1,0.566360356543723,1
0,0.7085183581231268,0
1,0.8993819034798409,1
0,0.9256252539872585,0
1,0.9235119467566626,1
1,0.9530137037378368,1
0,0.9965128710581346,0
1,0.9810089814469919,1
0,0.7548949167633985,0
1,0.9300107951931016,1
1,0.826938470179261,0
1,0.5207459591033679,0
1,0.7953384069234811,1
1,0.7034182747551625,0
1,0.9766774095311033,1
0,0.962449948000482,0
1,0.8008819624033611,0
1,0.5837798927354393,0
1,0.9705400541511918,1
0,0.5909092532858651,1
1,0.5756393617952424,0
0,0.9865252895951846,0
1,0.9849091843635245,1
1,0.9848114269755885,1
1,0.8863068101015594,1
0,0.5578019794474408,0
1,0.6646728148978083,1
1,0.6961242425625727,0
0,0.7378831262378895,1
0,0.7808596560478889,0
1,0.7343166646714185,1
1,0.5087270692034274,1
1,0.7933465940100624,1
0,0.7459372281678265,0
1,0.9759142396863889,1
0,0.8972839808386421,0
1,0.8684900505897803,0
0,0.6639749241965307,0
0,0.6492430928640698,1
1,0.7260781319024707,1
0,0.6299058896203489,0
0,0.9960840577338197,0
1,0.8844336842358195,1
1,0.9237688529131324,1
0,0.9836857302672043,1
0,0.996265981571529,0
0,0.9194370922477332,0
1,0.5872936017503262,0
1,0.5164189539748946,0
0,0.8278455398680463,0
0,0.7619960887906456,1
1,0.692925659155068,0
0,0.9487254456674079,0
1,0.6700551705701832,0
0,0.9768712206339972,0
1,0.6121581349560306,0
0,0.977504647036312,0
1,0.7123384261931894,0
1,0.6453964021725426,0
1,0.7263246856821556,1
1,0.6676701193268588,1
1,0.6296746603641683,0
1,0.8755485346545734,1
0,0.6637291046571574,0
0,0.989877236823015,0
1,0.7799547155465518,0
0,0.8848184536547894,0
1,0.9440111557492523,1
1,0.8893537035104279,1
0,0.9408488777423363,0
0,0.6971471973367384,1
0,0.8904459520732607,0
0,0.6144740829667175,0
1,0.8831973713686947,1
1,0.706078766880054,1
0,0.9913913243261981,0
1,0.6736113105271886,1
0,0.5488413318755849,1
0,0.9685743081746729,0
1,0.7436691776679426,1
1,0.8860740808873786,0
0,0.9793350608810127,1
0,0.5338271867478872,0
1,0.8619087581697941,1
0,0.6702099160615167,0
0,0.7361369255006514,0
0,0.957612958359604,0
1,0.9924430881972499,1
1,0.6820683985216104,0
1,0.8852551016014059,1
1,0.9085447167359957,1
0,0.7342285076245554,0
0,0.8523318400098788,0
1,0.981959614063008,1
0,0.8875017498797843,1
1,0.9769962451350004,1
0,0.8484895744213614,0
1,0.8581763163861479,1
0,0.9196414295823514,0
0,0.9379664808108356,0
1,0.6646313816339998,1
1,0.7292758000245901,1
1,0.8880690695248188,1
1,0.552137898566919,1
0,0.9150242624894096,0
0,0.779221872799892,0
0,0.7851162633518423,0
0,0.9548168445357303,0
0,0.7123836939120953,0
1,0.6627568034125151,1
1,0.8913206295352254,1
1,0.9889193847470875,1
1,0.7496211529518033,1
1,0.9854110704121591,1
0,0.8613840790902767,0
0,0.7336317570789506,0
0,0.9738350352182753,0
0,0.9548951576456586,0
0,0.6667078711163237,0
0,0.9739086377930853,1
1,0.9991180291155867,1
0,0.6555973260449128,0
1,0.9754849748473563,1
1,0.954369208359765,1
1,0.9117220479081523,1
0,0.9966217925164863,0
0,0.5709622979401752,1
1,0.8182576864563194,1
0,0.8675903417375914,0
1,0.765941405266425,1
0,0.8708421171684024,0
1,0.6609096941041467,1
0,0.977838119291264,0
1,0.9302246032741632,1
0,0.9240317865504,0
0,0.8705162842694315,0
1,0.6635488805597826,1
1,0.7267028696081349,1
1,0.5322174124157094,1
0,0.8572609097644671,0
0,0.9572036858563813,0
0,0.824004597719612,0
0,0.9938697493871519,0
0,0.5451360839808281,0
0,0.9277885414445145,0
1,0.7911150668353645,1
1,0.5166229581551022,1
1,0.990422155449696,1
0,0.9983690971480458,0
1,0.5560664787823526,0
1,0.7153014226076045,1
0,0.995664750139505,0
1,0.8097828393312885,0
0,0.5461992754791933,1
1,0.7050644077297759,0
0,0.5889181243206958,0
1,0.9993539614272412,1
0,0.9637573528144743,0
1,0.8520660349933634,1
0,0.9984051937282884,0
0,0.7659484000512573,0
0,0.9265667035540178,1
0,0.6850634571524413,0
0,0.7183256258812791,1
0,0.5338094844251174,1
1,0.9682207480019337,1
1,0.538605293606071,1
1,0.9232898055386534,1
0,0.9979515406813854,0
0,0.9919736683268593,0
1,0.8741821947852995,1
0,0.9692621395519917,0
0,0.5914035290720093,1
1,0.8975027533784269,1
1,0.84557896632482,1
1,0.9020368081868285,1
0,0.9098621260439729,0
1,0.619926263225929,0
0,0.8544884419287998,0
1,0.6136425879386267,1
0,0.9037514936250871,0
0,0.7031921672960546,1
1,0.7252578375109742,1
1,0.8366608090027018,1
0,0.9384805666084833,1
1,0.9001712637355359,1
1,0.7441380427053702,1
1,0.9590248536930834,1
0,0.6691679930667106,0
1,0.9149366314519861,1
1,0.9695668447954827,1
0,0.9867144418408881,0
1,0.9669207808343809,1
0,0.9776374615255684,0
1,0.9323677067221726,1
1,0.9959308580035742,1
1,0.9790955458132125,1
1,0.6727962476731421,1
1,0.9842349255689129,1
0,0.9861674533216424,0
0,0.9967684997717333,0
0,0.886357546514223,0
1,0.8765979038871855,1
1,0.6648705182911278,1
0,0.992546219439557,0
1,0.5983787139225518,1
1,0.8907668099327506,0
1,0.7959349613781971,1
1,0.7512696131718276,1
1,0.8869591823000312,1
0,0.8720667441131602,1
1,0.7899459407100702,0
0,0.9525210558472581,0
0,0.7649938769912752,0
0,0.9437311049255322,0
1,0.5011730168773479,1
1,0.6739611691608283,1
0,0.9964302962691808,0
0,0.9656592369925765,0
1,0.792592180386526,1
0,0.9075859064178137,0
0,0.9267463355836041,0
1,0.7182169801697788,1
0,0.5847069962844185,0
1,0.6593431660044645,0
1,0.5760690165133975,0
0,0.9575854896392935,0
0,0.9973565466761077,0
0,0.5553003901023383,1
0,0.6970509399263175,0
0,0.5620474896577115,0
0,0.6253331694185136,0
1,0.6358205492574865,1
0,0.9695802879747757,0
0,0.9717471885565833,0
1,0.5204435255527808,0
0,0.6969795038010265,0
1,0.994598316472054,1
0,0.7431626922773685,0
1,0.6318832130641119,0
0,0.97936653138762,0
1,0.9891761731367011,1
0,0.9530347306162478,0
0,0.5725962685595327,0
1,0.7488621446233534,1
0,0.5256404071446322,0
0,0.8235477684710601,0
1,0.5302612642783681,1
1,0.6369476215400558,0
0,0.9772551818975467,0
0,0.569941115359927,1
1,0.7400701031255091,0
0,0.660648331431249,1
0,0.683405182361298,1
0,0.9857150957692662,0
1,0.9972768183149351,1
1,0.8114274879172105,1
0,0.8917257043011733,0
1,0.7709720939477895,0
1,0.980974792690848,1
0,0.5802195633686181,1
0,0.9668628282197717,0
0,0.5160734453132076,0
1,0.8954884432830074,1
1,0.546767956034329,0
0,0.8102961808847555,0
0,0.7570055919631168,0
0,0.7929088994726177,0
1,0.9834738665701052,1
1,0.6898589846992819,1
1,0.785337690471222,1
0,0.933092037494004,0
1,0.9848143541587963,1
0,0.8247474149940401,0
1,0.9928514094795425,1
1,0.7550866610477442,1
1,0.9144198505016801,0
1,0.7651904881711081,1
0,0.9142723522505375,0
1,0.9727807908995657,1
0,0.7374323028615941,0
1,0.966291157259015,1
1,0.6427376402973044,0
1,0.9356639747697313,1
0,0.7040917435242973,1
0,0.8737031058823522,0
1,0.6053862577052418,1
0,0.5806115411287329,1
1,0.718697458669514,1
1,0.693793162565885,0
1,0.7842243974202162,1
0,0.9955165701938381,0
1,0.7627988192602523,0
1,0.6119526155826636,1
1,0.9232765499636484,1
1,0.6740694762103032,1
1,0.9024894545435695,1
0,0.8919300797756177,0
1,0.829514771261422,1
1,0.5135222310710849,0
0,0.8361351612903104,1
1,0.6660510077048014,0
0,0.7680601963940612,0
0,0.6270275301644861,0
0,0.6729627857612193,1
1,0.5281057987360308,0
0,0.7803478992634687,0
1,0.5038901651924426,1
1,0.9006556628272242,1
0,0.9389550162035872,0
1,0.6926732026256271,1
1,0.585190572486544,0
0,0.6641365523262355,1
0,0.9840292498898613,0
0,0.9154756276396411,1
0,0.9938744294149243,0
1,0.5693472921061425,0
0,0.7392330782178294,0
1,0.9317571640619216,1
0,0.9569487003523712,0
0,0.9908673308464848,0
1,0.5734364432079709,0
1,0.6547133512658065,0
1,0.6069532318547719,0
1,0.8813699483967767,1
1,0.8708205400602743,1
0,0.9815919578611181,0
1,0.9439487958077577,1
1,0.9972765155539961,1
1,0.711133815742118,1
1,0.816096417732485,1
1,0.5037152315912721,1
0,0.9938692389806105,0
1,0.9775990034137123,1
0,0.556142892499349,1
1,0.9856704140245514,1
0,0.6394623688414977,0
0,0.897719726692107,0
1,0.7301791895806646,1
1,0.575129665582968,0
1,0.8656614015323376,1
0,0.8467708438303474,1
1,0.9657727369152419,1
0,0.7590604880572882,0
1,0.6269858570453252,0
0,0.9250000036740691,0
1,0.7072776838411944,0
1,0.9481472503195308,1
0,0.9171229760404329,0
1,0.8969218842746276,1
0,0.8541446758186565,0
1,0.8047517870825728,1
1,0.6998570692319739,1
1,0.6902120282979146,1
0,0.9870551500981773,0
0,0.7972365717984214,0
1,0.8269209745910239,1
1,0.6031345018795241,0
1,0.9925883151545513,1
1,0.7707078369256971,0
1,0.7136359274051624,1
0,0.6917792905576032,1
0,0.988575801390591,0
0,0.706573532926147,0
0,0.9733989164013944,0
0,0.8483885184689646,0
0,0.9297301472990545,0
0,0.9706778486645378,0
1,0.7396759402110881,1
1,0.813148603266631,1
0,0.7243685694606281,0
1,0.9607152134584628,1
1,0.8829880451220663,1
1,0.6296608555412061,1
0,0.8971703337147185,0
0,0.97315904850807,0
1,0.9732625409839679,1
0,0.9970158578652304,0
1,0.6322972579796308,1
0,0.9979392342299663,0
0,0.9966797940271449,0
0,0.7654656539351284,0
0,0.9172722551959599,0
1,0.5170451447680537,1
1,0.7370516756516193,1
0,0.9718757385407762,0
0,0.5981649311159573,0
0,0.9854305546386573,0
0,0.642137614940154,0
0,0.9436076047132732,0
1,0.8010933876473578,1
0,0.9991749111198355,0
1,0.7639324461128547,1
1,0.5694068834422406,1
1,0.8241151225489322,1
1,0.7968691187857799,1
1,0.6459842996988083,1
1,0.5520878195692057,0
1,0.5843163497813361,0
0,0.8654964135676616,0
0,0.9991561851653252,0
1,0.6449648536818422,1
0,0.6335675969929491,1
1,0.8982064362228495,1
1,0.8326080797903528,1
1,0.6454472645509682,1
1,0.9998158789091321,1
0,0.5758819080674741,0
1,0.8386120271270135,1
0,0.83275176656812,0
0,0.9820119150537453,0
0,0.8103701841903286,0
1,0.7320289487110321,1
1,0.9797062409204622,1
1,0.504453853764123,1
0,0.960926117703797,0
0,0.9475060806501197,0
1,0.973468360623057,1
1,0.5271988698908797,1
0,0.98803566164317,0
0,0.5982871656828681,0
1,0.8133028664630707,0
1,0.8455445974091165,0
0,0.9965462853324845,0
1,0.9200450142156135,1
1,0.9870607956267534,1
1,0.6180699873948553,1
1,0.7911468182655051,0
1,0.5237938930646638,0
0,0.7527069916796965,0
0,0.8774098016830896,0
1,0.8583873628291656,1
1,0.8881544390952613,1
1,0.8534287429826123,1
0,0.999159953416149,0
1,0.9723282226203501,0
0,0.844700376370138,1
0,0.8479868600090275,0
0,0.749617498235575,0
1,0.8772656241815774,1
0,0.859475689348728,0
0,0.9769623173273928,0
1,0.9341403954355427,1
1,0.6660616586832148,0
1,0.9782716528219023,1
0,0.604637982655998,0
1,0.8442614012197137,1
0,0.8285411820334726,1
0,0.9394065246608784,0
1,0.9345396942592109,1
0,0.5055851124704813,1
0,0.7723220251847438,0
0,0.8920758484116863,0
1,0.7377960714368444,1
1,0.6687194448958486,1
1,0.8049065616531195,1
0,0.9551868286210675,1
0,0.9775397091943892,0
0,0.8226401077118074,0
1,0.6572342435689343,1
0,0.8669682008447184,1
1,0.8124774534947199,1
1,0.8517800912559368,1
0,0.5108596385800492,1
1,0.8476353458537603,1
1,0.9770010318978668,1
0,0.9727104383215089,0
0,0.878801162833452,0
1,0.7079633465927523,1
1,0.6454996075398822,0
0,0.6698464142885586,0
0,0.9773828402098326,0
1,0.9961342451157782,1
1,0.6072117405508741,1
0,0.6334595475469902,0
0,0.5377411415528777,1
1,0.8906571484357387,1
1,0.7503351605753225,1
1,0.6828838790392834,1
1,0.7224817873685697,1
1,0.8655162461702305,1
1,0.833993754808486,1
1,0.6607937805903557,0
1,0.5407720820736769,1
1,0.8610302888601423,1
1,0.8986998522479761,1
1,0.5295456156936905,1
0,0.9764684660170858,0
0,0.6158617602696435,0
1,0.9031070416098229,1
0,0.5574143115545787,1
0,0.5093573825159459,1
0,0.726114986825993,0
1,0.7626506691067914,1
1,0.8114522019801461,0
0,0.5552206878190535,0
1,0.9966777362303301,1
0,0.9572759828742322,0
1,0.8273671818748101,1
0,0.7304887254087129,0
0,0.7714701417797036,0
1,0.9893752950613418,1
1,0.9958090877095315,1
0,0.8462135199556129,0
0,0.8547181430098519,0
0,0.986359154416481,0
1,0.8828242289272136,1
1,0.871522544462701,1
0,0.9230783333889203,0
0,0.5278457593543029,1
0,0.9784534321115487,0
0,0.9903469009390328,0
0,0.9975094939348491,0
1,0.7518414333879956,1
1,0.9833011704262954,1
0,0.9834939276405665,0
0,0.6225601704266555,1
1,0.9981491590751816,1
1,0.6025422966208936,1
1,0.845319429086212,1
1,0.7242034556301035,1
1,0.7201679043481255,1
0,0.5307525873589001,0
1,0.9744241288524333,1
1,0.9876037662015871,1
0,0.9783693752459202,0
1,0.6370942315271307,1
1,0.5277929836339248,0
1,0.8892090951245862,1
0,0.7229959379773081,0
1,0.6892125991419714,1
1,0.6736627228308539,1
0,0.9661496344962337,0
1,0.9178787379488647,1
0,0.7733746808170467,0
1,0.9365623575223342,1
0,0.5228305889550978,0
1,0.6457393663977727,0
0,0.733066733789799,0
0,0.6300185373012444,0
1,0.5835505459808633,1
1,0.8852723679907318,1
1,0.8822898826394492,1
0,0.9907033442790687,0
1,0.6123695568584688,1
0,0.6074761627761793,1
1,0.9650456500869785,1
0,0.5093919647010203,0
0,0.7410790796337772,0
1,0.6999138079752503,1
1,0.6954077332976583,1
1,0.7319011617628463,0
1,0.9280769986432965,1
0,0.9060987515484324,0
0,0.8705705508639456,0
0,0.9152236293697587,0
0,0.9867419114655581,0
1,0.7530265615348124,1
1,0.872297997180507,1
0,0.8853868865368885,0
0,0.7631627907072984,0
0,0.8710861172701336,0
0,0.5726550122220435,0
1,0.9521204056778405,1
1,0.7490212244471229,1
1,0.7893489317159927,1
0,0.9997568106473843,0
1,0.5204274186837373,1
1,0.9156567719665308,1
1,0.6684720085202798,1
1,0.6413201830535099,0
1,0.619609249410888,0
0,0.887149789426813,0
0,0.8967151077330344,0
0,0.7025081815136343,1
1,0.6424518880032299,0
0,0.908731732285526,0
1,0.7793765841142556,1
0,0.8045817385120883,0
0,0.6854316167097247,0
1,0.755941388232398,1
0,0.9936729385536491,0
0,0.8921347366551409,0
0,0.8263651729834106,0
0,0.6993635856359728,0
0,0.9997279081715114,0
1,0.753490104821167,1
0,0.96493286647646,0
0,0.7747391256144833,0
0,0.6508194752349984,0
1,0.9979454825986949,1
1,0.7677917785985128,1
0,0.8050254298745959,1
0,0.988701164330789,0
1,0.9425580793419037,1
0,0.9483686189948236,0
0,0.6334261706980767,0
1,0.8426499153665236,1
0,0.9734191133389222,0
1,0.9488808799683554,1
0,0.949466764387548,1
1,0.9841607004133174,1
0,0.689306507832735,1
0,0.999693822703412,0
0,0.9908697612188949,0
0,0.8390474797592169,0
0,0.8946634107220359,1
1,0.9092926298283293,1
1,0.8371381368745993,1
1,0.7976508486119354,1
0,0.9402644572789823,0
0,0.9952345581670763,0
0,0.9763241795129769,0
0,0.6959290547441537,0
1,0.5159487416552387,1
1,0.9693665994751774,1
0,0.6521175517000359,0
1,0.6082621678269757,0
1,0.9881144034821828,1
0,0.992598356556944,0
0,0.9118611425817283,0
1,0.860418800220178,1
0,0.9544334328835654,0
1,0.7170014868335229,1
0,0.7374458997942552,0
1,0.5840119140226122,0
0,0.6238313763474538,0
1,0.9848216856416174,1
1,0.9087642291284417,1
0,0.730371019815472,0
0,0.9805239940598693,0
1,0.8872680715019411,1
1,0.505773825680154,1
1,0.509657510382638,1
1,0.9414711658346209,1
0,0.6776508067310884,1
0,0.5474008300039558,1
1,0.7602138268251624,1
1,0.684513907372858,1
0,0.6545123983122254,0
0,0.9748883929018252,0
0,0.9399695660866583,0
0,0.5496840828240693,1
0,0.8588914133160854,0
1,0.8516928280806837,0
0,0.6695195395511357,1
1,0.9964335077010585,1
0,0.560217925440754,0
0,0.9092203757121948,0
1,0.5999948613680665,1
0,0.9955307694104745,0
1,0.7296432232845521,1
1,0.8536307104897941,1
0,0.9645074916961942,1
0,0.5250833191507324,0
1,0.7447551089871588,1
0,0.6395392701826605,0
1,0.9964813921920228,1
0,0.7660777636090217,0
0,0.632923414922692,1
1,0.7710819395644081,1
1,0.9913220855467306,1
0,0.9718596195467575,0
0,0.6841604800995551,0
1,0.681030221581213,0
1,0.8236741140711786,1
0,0.9969246098522166,0
0,0.6176840747224501,0
1,0.9558258075070396,1
1,0.6010215755771282,0
0,0.5573759618703147,0
1,0.683202703037072,1
1,0.9954979499488693,1
1,0.8250698736150942,1
0,0.9401659925699865,0
1,0.783793786479352,0
0,0.9009113454029519,1
1,0.6547800864633789,1
1,0.7235730184708669,0
1,0.8777672015824965,1
0,0.6904566095250498,0
0,0.5300778067262091,1
1,0.9289961199806067,1
1,0.9862994888355795,1
1,0.9851498904812571,1
0,0.9913354202808775,0
1,0.5174048218433128,1
0,0.868252386667519,0
0,0.5572743237615293,0
1,0.8496128492898339,1
0,0.8227270893605012,0
1,0.9293851152569883,1
0,0.5002260861702155,1
1,0.7669844939138368,1
1,0.5574619256030867,1
0,0.5764349714887806,0
0,0.9401885320386438,0
0,0.980617931078421,0
0,0.7256033838883273,0
1,0.6429383749910542,1
1,0.9757532610614665,1
0,0.7807575441996621,0
0,0.9291604935848405,0
0,0.5181999087060762,1
0,0.7854630622315011,1
0,0.8757761639265713,0
0,0.994511882884271,0
0,0.7274993020628121,0
1,0.8932357914142817,1
0,0.8835868095528316,1
1,0.8177594854150053,1
1,0.9472191172375367,1
1,0.508264424668253,0
1,0.5562938090002343,0
1,0.6214583272646762,1
1,0.539044574127183,1
0,0.8637754570383386,0
0,0.5490435742882817,0
0,0.9938864743532096,0
1,0.8203911231332027,0
1,0.5110120219989661,0
0,0.6065472071594563,1
0,0.8124612354552879,0
0,0.9932207799201798,0
0,0.997538019728824,0
0,0.5142266402728639,0
0,0.9073310819090415,0
1,0.9576433323096176,1
1,0.6939169950801235,1
0,0.6092552038715455,0
0,0.9999157997626752,0
0,0.9967156071680627,0
0,0.9777645268820726,0
1,0.9242244406522702,0
1,0.7210320000841898,1
0,0.618797059749624,0
1,0.7916191561546203,1
0,0.6964992285657585,0
1,0.9582453014915261,0
0,0.748814438599039,0
0,0.8015528318907892,0
0,0.8271870416493531,0
0,0.8662062646297697,0
0,0.9084182785436046,0
0,0.9775332869326573,0
0,0.6798727338754107,0
0,0.9921281240192332,0
0,0.6434936061436098,0
0,0.9988989555025961,0
1,0.6589199608688797,1
1,0.6776254664444181,1
1,0.5551184739936547,1
1,0.7518879744498491,1
1,0.8083257332858366,1
0,0.5940110472357142,1
0,0.8715927307352018,0
0,0.8066584895630216,1
1,0.7745022146561228,0
1,0.9735831812654461,1
0,0.6009157091960291,1
1,0.6083585770097325,1
1,0.6309302753674298,1
1,0.8428100131758178,1
1,0.5400418948051201,0
1,0.5352128391892477,1
1,0.9570133109509837,1
1,0.6589555054957461,1
1,0.8782342326265268,1
1,0.5681434920523689,0
1,0.8924030346916427,1
0,0.9556115254491993,0
1,0.6945592239842368,1
0,0.6294587824860778,0
1,0.5204172860043177,0
0,0.990848412175129,0
0,0.826169982489023,0
0,0.5080363372252551,1
1,0.5109633036104044,0
0,0.9754677381002705,0
1,0.9948469178322328,1
0,0.9052089529946954,0
0,0.8796517192158906,0
0,0.7175251891289481,1
0,0.9487528013324419,0
1,0.7296460197026119,1
1,0.7351216736086224,1
0,0.610972110059872,0
1,0.7195450289733537,1
0,0.6082090267816218,0
0,0.984497182228992,0
1,0.7300883622172682,1
1,0.7398388358949403,1
1,0.8506576890603422,1
1,0.5013997259698902,0
1,0.8429573855832289,1
1,0.7292188477113181,0
0,0.9752211448533326,0
0,0.6362885443715687,0
0,0.677884495021476,0
1,0.7616702874269529,1
1,0.8515397619470565,1
1,0.6125566730461017,0
1,0.8996315683718189,1
0,0.9635032971044356,0
1,0.7391747448055549,1
1,0.8832109989685242,1
0,0.9419244878928336,0
1,0.9959724595057182,1
1,0.8493072632530471,1
0,0.905086244025076,0
1,0.7892645090874483,1
0,0.7948828634922351,0
1,0.8669658822209068,1
0,0.5910966727275476,0
0,0.8071968637367632,0
1,0.9676231090758988,1
0,0.9501577387607921,1
0,0.9870162652323439,0
1,0.9612040860391592,1
0,0.5945965331520625,1
1,0.7327906626910589,1
0,0.9470507382302733,0
0,0.5757303176196129,0
1,0.9061725281758658,1
0,0.9859467445492315,0
0,0.9980131290057681,0
0,0.5175519405432216,1
1,0.8668342214161524,1
0,0.5886036639220127,1
1,0.7766542666678857,1
1,0.8158690152323391,1
1,0.9749159429230818,1
0,0.904739095722826,0
0,0.967898767597623,0
1,0.985394572342976,1
0,0.786332722446882,0
0,0.8430696891881565,0
0,0.8920631719017961,0
0,0.9637944254192312,0
1,0.6048305571118034,0
1,0.9080246122531676,0
0,0.927586874393997,0
0,0.833136762397152,0
1,0.9186295880249173,0
0,0.9165075224497375,0
0,0.5992620724266724,1
1,0.6332073934353968,0
0,0.8501696935864098,0
0,0.9615915117029807,0
1,0.6771116232324147,0
1,0.9907179928212781,1
1,0.7287707825551569,1
1,0.7963982876560557,1
1,0.9299037546671938,1
1,0.7451271866233574,1
0,0.9354781747472068,0
0,0.8164100591360067,0
0,0.8244976682529055,0
1,0.8704202189141877,1
1,0.7648422919988783,1
1,0.7823775831144396,1
0,0.5506492106491876,1
1,0.5801402736650672,1
1,0.6358880663714773,1
0,0.7585076893281512,1
0,0.9147387048950043,0
0,0.7213654944982065,0
1,0.9538864261380261,1
1,0.9355731824993502,1
0,0.6357450501730981,1
1,0.9425839366508186,1
0,0.9844267360299227,0
0,0.9694223872483512,0
1,0.554343818466378,1
0,0.9121137699650577,0
1,0.905162313257249,1
1,0.9747538409386531,1
1,0.5657439939636739,1
0,0.9580269820715096,0
1,0.7787449413863545,0
0,0.8746209397735102,0
0,0.6954062410731207,1
0,0.9040070549497967,0
0,0.8872952428056546,0
0,0.5441965464992446,0
1,0.8040821845751925,1
0,0.7051789379508777,0
0,0.9579684426332455,0
1,0.8539904303814301,0
0,0.6191788215498306,1
0,0.9961547480971049,0
0,0.6428965539085472,1
0,0.9603992859531757,0
1,0.8199890106030007,1
0,0.9537886954830064,0
1,0.9847240154875875,1
0,0.9970723306180791,0
0,0.5817342900462172,0
0,0.6693662413028321,1
1,0.7973073425316876,1
0,0.9871198990415992,1
0,0.9795935158731646,0
1,0.9124507847964533,1
1,0.9524264780753804,1
0,0.6211258323009117,0
1,0.5857042557031577,1
0,0.7877955348021366,0
1,0.9350869885738976,1
1,0.8445972542651908,1
1,0.7774330864985158,1
1,0.7017421054827742,1
0,0.7324000556902739,0
1,0.9963301459738333,1
1,0.7471473180470123,1
0,0.8674480192337536,0
0,0.9966307718444142,0
1,0.9611790772175952,1
1,0.7632532112875977,1
0,0.9959765083542919,0
1,0.9179305760140336,1
1,0.85141077815136,1
0,0.7328327247090151,0
0,0.9776493798585171,1
0,0.8374618100402255,1
1,0.9572966415334486,1
1,0.6285345180617152,0
0,0.9539564469627956,0
0,0.9186427459480363,1
1,0.5420095291234812,1
1,0.6490259384572818,1
1,0.5756253741921231,1
1,0.9002770526796423,1
1,0.9543030029166638,1
1,0.9668014173182625,1
0,0.9891149049684662,0
1,0.600633894509933,0
0,0.8440399583829805,0
1,0.5099429792530029,0
0,0.6235945576091166,0
0,0.9703574396841739,0
0,0.8840971721521922,0
0,0.9118983556916207,0
0,0.5092590386811616,1
1,0.9511474655753825,1
1,0.7065198777970374,1
1,0.6777031733277062,0
0,0.8897362914575029,0
0,0.7122153264342291,0
1,0.6213738524916517,1
1,0.9498425236907349,1
1,0.6822229271844865,1
0,0.9993126830821532,0
1,0.9589967247584062,1
0,0.9597302043176885,0
0,0.5284603181850134,1
0,0.5005810078919567,1
0,0.7107420715087025,1
0,0.990825512753459,0
0,0.8922945044645492,0
0,0.6441743412813192,0
1,0.8425495220228062,1
1,0.9738628993152286,1
1,0.9757383283296555,1
0,0.990491306932642,0
0,0.6212738719507243,0
0,0.9994388108052227,0
1,0.9277656455316219,1
1,0.787534906382931,1
0,0.992217757018601,0
0,0.5256636004312305,1
1,0.5884764112283918,1
0,0.6250562547458975,1
1,0.9136629959843066,1
0,0.7042007882953454,0
1,0.6344966798150348,1
1,0.8265908980255713,1
0,0.5697642223186138,0
0,0.8679411899039626,0
1,0.6338958792126216,0
1,0.5570784233968097,1
1,0.6994601742341843,1
0,0.8905672842203459,0
0,0.6664473506715649,0
1,0.5628698691011432,1
1,0.9415366999863589,1
0,0.5556637346837674,0
0,0.8161583579456737,0
0,0.866183752165525,0
1,0.7342497076238954,0
1,0.5161278815149958,1
0,0.8403266085317167,0
1,0.9928668767004261,1
1,0.7417646390948831,1
1,0.9727177780425438,1
1,0.6043933640107142,0
0,0.9947926644716493,0
1,0.9302000197282982,1
0,0.5583260303391364,0
0,0.6518792383473089,0
1,0.7183609752843426,1
1,0.8825703154444007,1
1,0.6845404286604604,1
0,0.6436341550034661,0
0,0.9910161873962875,0
0,0.9806193709346734,1
1,0.5816672038667632,1
1,0.6899787900674474,0
0,0.9439363351580294,0
1,0.6131367860881634,1
1,0.7650253097332519,1
1,0.6196429679990086,1
0,0.9919482156315528,0
0,0.8608821289614119,0
1,0.8211565341690452,1
1,0.9600040157163222,1
1,0.8964820454372866,1
0,0.51053989919355,1
1,0.9618880463688719,1
1,0.8564676627221768,1
1,0.5055878205677241,0
1,0.8571990753032634,1
0,0.7453229050793909,0
0,0.9976657414888329,0
1,0.6797131778994093,1
1,0.8481127340660015,1
0,0.976640472637512,0
1,0.9936678911374325,1
1,0.9933464120806013,1
1,0.8765136773187936,1
0,0.9991245463944036,0
0,0.9768452318158656,1
0,0.640157694733062,0
1,0.7282363978930164,1
0,0.6371306004166469,0
0,0.5437610201754619,0
0,0.9802633589364944,0
1,0.5085457870286448,1
1,0.5090930022957991,0
0,0.6985613562558872,0
0,0.8202030083855291,0
0,0.937885513233486,0
1,0.9163278629351715,1
1,0.8641023106624398,1
0,0.9958812971218222,0
0,0.8801812597158647,0
0,0.8391243351286728,1
1,0.9591322552632952,1
0,0.8758892228457039,0
0,0.9498653945085511,0
0,0.9877347697774679,0
1,0.9974514728840868,1
0,0.6668092786010746,1
0,0.9833124420852941,0
0,0.8593179847525514,0
1,0.9635849324829235,1
1,0.5668556083673308,0
1,0.8509070872729855,1
0,0.9766862391802568,1
1,0.9296428241863927,1
1,0.570698739092684,1
0,0.7283981534349142,1
1,0.8043645576228295,1
1,0.7471875493261919,1
1,0.5393078379897491,1
1,0.7326891930950006,1
0,0.5253633581774828,1
0,0.9529787070554282,0
1,0.5620268313840707,0
0,0.9045049177147977,0
0,0.6435442369977666,0
0,0.9970999100396762,0
0,0.5743743112195456,1
0,0.5191274187778656,1
0,0.9637504104705825,0
0,0.9918557164365482,0
1,0.712608777867708,1
0,0.9161674981746711,0
0,0.6022965439305613,0
1,0.9955404304170873,1
0,0.6102271925078551,0
1,0.9203717071171474,1
1,0.9301130541869208,1
1,0.7329046814554299,1
1,0.5645634316409816,0
0,0.7061108990168534,0
1,0.6654877683641229,1
0,0.9739664978773684,0
0,0.5742037225610619,0
1,0.9491082310085025,1
1,0.5697523513862284,0
1,0.9982890486120806,1
1,0.8597816218611976,1
0,0.9186968248118834,0
0,0.9969445361077713,0
1,0.7261195649541815,1
1,0.596111850984036,0
1,0.9420204990643667,1
1,0.55147970828667,1
1,0.7712799126786034,1
1,0.7932469958082919,1
1,0.8614001693982813,1
1,0.7257042299643329,1
1,0.8637814577896792,1
0,0.9932333135526712,0
0,0.9455355453252156,0
1,0.9970481070707348,1
0,0.9953070196469183,0
1,0.9574613334267463,1
1,0.704836210132967,1
0,0.8588665209721356,0
1,0.7619379228102982,0
1,0.7329900986716185,0
0,0.762406921273437,0
0,0.8791595834302173,0
1,0.9867221621770602,1
1,0.9682243093505419,1
0,0.9007157328087929,0
1,0.8098888157908163,1
0,0.6917607319992969,1
0,0.9933612426542803,0
1,0.5738761090827363,1
1,0.522056447364648,0
1,0.5095461518417939,1
1,0.6155479345756237,1
1,0.8074742151831701,1
0,0.7853355305090854,0
1,0.9241903830521596,1
0,0.6608043181918837,1
1,0.6474296402474282,1
1,0.9988201594112298,1
0,0.8822106374663476,0
0,0.9059899781794338,0
1,0.5620931380116096,0
1,0.6667191462821215,1
1,0.9762339230240402,1
0,0.9638559815359726,0
0,0.7227641104106982,1
1,0.7312882804616473,1
1,0.6058987890022378,0
1,0.5877829719516068,0
1,0.7371165010123346,1
1,0.7535228480454202,0
1,0.6942953823624796,0
0,0.9735785031264171,0
0,0.6954674542400543,0
0,0.7466700880226567,0
0,0.978584695992088,1
1,0.6097799005054014,1
1,0.5483274776508656,1
0,0.9504054606922926,0
0,0.6275403950230984,0
0,0.9869186372154881,0
0,0.5101250896691255,0
0,0.7262347451879976,0
0,0.6247267892268942,1
1,0.9564247130440403,1
1,0.6378694587630497,1
0,0.9623835832801229,0
0,0.8044639620434079,0
0,0.9939647309571565,0
0,0.7041336220650405,0
1,0.9120164324386202,1
1,0.7410097798391987,1
1,0.8602935210943201,1
0,0.9772260055574011,0
0,0.7211357617899048,0
1,0.9296277781979203,1
1,0.689956142781791,1
0,0.8151103661597987,0
1,0.9616777717106562,0
0,0.5273417686443342,0
0,0.9972878089988166,0
0,0.9485185823097927,0
0,0.62822455472454,1
1,0.6417226549556843,0
0,0.8555828852784934,0
0,0.9518431221877057,0
1,0.7589894819350016,0
0,0.9673279314051313,0
1,0.827452606393599,1
0,0.6938670223680785,0
1,0.8790776780220041,1
0,0.9775343219246005,0
1,0.9307930722151042,1
0,0.6701988008595766,0
0,0.9881949854472575,0
1,0.9200440393444523,1
1,0.9857813784669665,1
0,0.7198493343084866,0
0,0.5785399538436117,1
0,0.8768407675520957,0
0,0.9983455633607466,0
0,0.7941753984071891,0
1,0.8207685214402848,1
0,0.9745879380627442,0
0,0.8793478995754024,1
0,0.8883023173398169,0
1,0.8590299775386293,1
0,0.8692871494560339,0
1,0.6471750562426647,0
0,0.8824445373128706,0
1,0.8328021289121404,1
0,0.9082921156206676,0
0,0.71566983459936,0
1,0.945013053440474,1
1,0.9943281375629176,1
0,0.838526936139626,0
1,0.7576012852858067,1
0,0.9406091214965349,0
0,0.7693320168905051,0
1,0.9660779562489025,1
0,0.9787080390614366,0
1,0.7638988636692515,1
1,0.6216387231899009,0
1,0.7749767978904191,1
0,0.5580377276880633,1
1,0.7600846326570367,1
1,0.9261327431074863,1
0,0.9882155150839705,0
1,0.8943831610438734,1
1,0.9019649402190766,1
0,0.9306553646998033,0
0,0.9008319840084802,0
0,0.7790344995722691,0
0,0.9177237798015986,0
0,0.9996231288936878,0
1,0.6981154902340643,1
1,0.5887017247136221,0
0,0.7365880545673207,0
0,0.745994339753077,0
0,0.5897928029395955,1
1,0.9082606561924893,1
0,0.956362074675108,0
1,0.8290867018761492,1
1,0.7242145770489853,0
0,0.9876248111815251,0
1,0.6629479082040687,0
0,0.9166890184801013,0
0,0.9841301009375777,0
1,0.9625301265862165,1
1,0.8500361132998034,1
0,0.687406089905962,1
1,0.8888235466755513,1
1,0.5303536673146745,0
1,0.7305299224713534,1
0,0.9314830501820942,0
1,0.6239395071954574,1
1,0.6282455156859577,0
1,0.596836535024072,1
1,0.9908003762782669,1
0,0.8241173280368426,1
0,0.6956796221801419,0
1,0.9679640399297981,1
1,0.823608616618718,1
1,0.866780054472625,1
0,0.8730738480305262,0
0,0.5915515964579975,0
1,0.7080586133383941,1
0,0.9349528750230518,0
1,0.8406518400425048,1
1,0.8232618619889994,0
0,0.9977607906226992,0
1,0.8542852824779279,1
0,0.984106623490271,0
1,0.8814245277482886,1
0,0.9361464036632791,0
0,0.6551621865153592,0
1,0.7950482231539874,1
0,0.7141784213418244,0
0,0.7548596291505427,1
1,0.8525579083857372,1
0,0.7177587213394946,0
1,0.8117953365592621,1
1,0.9971805143159471,1
0,0.5679594795542773,0
0,0.6546321806109283,1
0,0.9215666602275248,0
0,0.9669737913407084,0
0,0.9735536545150538,0
1,0.9249810754859504,1
0,0.7655535162437335,0
1,0.542451296081857,0
0,0.6818962435535367,0
1,0.6431703403195248,1
1,0.9770788711166251,1
0,0.5308548615599087,0
1,0.9624740489461011,1
1,0.8255951160651162,1
1,0.8918109241834125,1
0,0.7563072945481153,0
0,0.9993517397591303,0
0,0.7350016773455645,0
0,0.9837185845567347,0
0,0.5227292981543041,0
1,0.5726894003443906,1
1,0.885964914362282,1
1,0.5255160514262166,0
1,0.832070490547068,1
0,0.6920839356980949,0
1,0.7647588919529343,1
0,0.9856958536713969,0
0,0.7809568466606485,0
1,0.5750190963490076,0
0,0.9965094648761582,0
0,0.8843095239116633,0
0,0.9789286253126673,0
1,0.8989437184540193,0
0,0.8665633483429267,0
1,0.579448545547885,0
0,0.9408939744784512,0
1,0.8245874729092724,1
1,0.667965362139911,0
0,0.8260484795783853,0
1,0.8841310536216438,1
0,0.8432016839044272,0
0,0.9471465666736958,0
0,0.9965304176280774,0
1,0.8918031979061145,1
1,0.9739737036866891,1
0,0.5300044424319048,0
1,0.6076753136212247,0
1,0.6267666121701356,0
0,0.994736215256181,0
0,0.764286383750113,0
0,0.9720509609308922,0
1,0.8123079375401637,1
0,0.641708072671368,0
1,0.6675102088491862,0
0,0.501028551853619,1
1,0.8870217078517295,1
1,0.9986560696983219,1
0,0.9668180636197597,0
0,0.9940026409283464,0
0,0.8310013212517062,0
1,0.7135578645998888,1
0,0.9734916636946258,0
0,0.956090567022297,0
0,0.6143635661543696,0
0,0.9961997647935289,0
1,0.8697702628539703,1
1,0.9885573440223301,1
0,0.7734669989150507,1
0,0.9352632679970815,0
1,0.6462965184436755,0
1,0.6602069874653513,1
1,0.927612908905562,1
1,0.9284071704356339,1
1,0.8644953817890576,1
1,0.7787327859312897,1
1,0.8735712820601278,1
1,0.9816695188255836,1
1,0.5717054285599155,1
1,0.6156371612701252,0
1,0.7576787721201009,1
0,0.8679607980292094,0
0,0.73414540738308,1
0,0.6438012481327293,0
0,0.994213275464358,0
1,0.6148788339019235,1
1,0.9950204500290668,1
0,0.8432639266369071,0
0,0.9732460328932078,0
1,0.8266655617440887,1
0,0.5769171413425971,0
0,0.6098965065492324,0
1,0.9946057415585913,1
1,0.6713463708842993,1
0,0.9101662958232151,0
0,0.5204911976349995,0
1,0.9035077853638587,1
0,0.6761344090442357,1
0,0.9682576285843405,0
1,0.9100229409868346,1
0,0.8453073193687306,0
1,0.6325363727834117,1
1,0.8825494617726264,1
1,0.628668602929414,0
0,0.9238566982609235,0
0,0.7089743379402174,0
0,0.5879249627391883,0
1,0.726134469507933,1
0,0.9336650200230899,0
1,0.7439430957680941,1
1,0.9838751446416459,1
0,0.9927879800632253,0
1,0.8324801439886252,1
0,0.5450827519899584,1
0,0.9481679109555069,0
1,0.8250335763460761,1
0,0.9883759228173783,0
0,0.5635247626292625,0
0,0.7723246710239445,0
1,0.6818508057759289,0
0,0.5661859823622766,1
1,0.8273113134032554,1
1,0.9848436993833312,1
0,0.9358350647863876,0
0,0.625237616674946,1
1,0.532695278249707,0
1,0.8482944218008229,1
1,0.7503355998155469,0
0,0.698931225025134,0
1,0.8960265642600228,1
0,0.6947393944841418,1
1,0.8259505460997362,1
0,0.9525113090914679,0
1,0.8395969307545389,1
1,0.7416929592460787,1
1,0.611950976409267,1
0,0.5258897508807968,0
0,0.9120448714673557,0
0,0.997456559716835,0
0,0.5303222132424703,0
0,0.9585397563082633,0
0,0.8924375189262904,0
1,0.8245164277710177,1
1,0.7608492188306455,1
1,0.9728298430265732,1
1,0.8264136149700902,1
0,0.588083476526268,0
0,0.5114509207559628,1
0,0.7101146178028446,0
1,0.7342240500392979,1
0,0.5525833114649656,1
0,0.8841976106155145,0
1,0.5271631963936125,1
0,0.8411487648289654,1
1,0.6475115404590082,1
1,0.9668373892071633,1
1,0.9631300274185599,1
1,0.7741539258044278,1
0,0.8088655232882009,0
0,0.9414888734867147,0
0,0.9147045987910614,0
1,0.7369518595851307,1
0,0.7962534010717687,1
0,0.6026631857112099,0
1,0.928801540510228,1
1,0.5117121569286598,0
0,0.9863629874808866,0
1,0.8607067549221643,1
1,0.5729072769142377,1
1,0.844284338856491,1
0,0.9922328257613406,0
0,0.6264483494088748,0
0,0.9994366047969082,0
0,0.5703289953114469,0
1,0.8993445769023872,1
0,0.958387941023186,0
1,0.9906026132874467,1
0,0.8210376613792526,0
0,0.9997545223034775,0
1,0.9530765226841534,1
0,0.9554463063249763,0
0,0.7658359194344919,0
1,0.614170438737958,1
1,0.6473859794759514,1
0,0.7807515700902766,0
1,0.6899838631147556,1
1,0.985588262689129,1
1,0.5654590738824149,0
0,0.9577991171246856,0
1,0.6095677989516053,1
0,0.9850375005305844,0
1,0.839229212743176,1
0,0.9963927943189701,0
0,0.526846821123387,1
1,0.9107864335548387,1
1,0.6535184709457523,1
1,0.899837524419635,1
0,0.6536582872079255,0
0,0.6986512127764583,0
0,0.8860044721534407,0
0,0.8312190278359745,0
0,0.8111375284983029,1
0,0.9607042831718184,0
0,0.8465206419506747,1
1,0.9242517920117121,1
1,0.5511333497800308,1
0,0.7010055717033268,0
0,0.8053476377020596,0
0,0.5467661369661191,0
1,0.8373978479242938,0
1,0.889173941466883,1
1,0.9216879751407456,1
0,0.8148147637309063,0
0,0.8618314780404626,0
0,0.8726918820727984,0
0,0.6109110126144812,0
0,0.5748938388410292,0
0,0.9867405697456987,0
1,0.7289647266811122,0
0,0.7911316630150582,0
1,0.7699636317994307,1
0,0.9885354521424295,0
1,0.989591354039302,1
1,0.5840349165907384,0
1,0.7960230220699843,1
0,0.9768512355333301,0
0,0.7556114765206676,0
1,0.9050842808992542,1
1,0.8972432662066311,1
0,0.7502996533642935,0
1,0.8673929025842193,0
0,0.6015159066469062,0
1,0.6156560389318548,0
1,0.9471572646604494,1
0,0.9833033106872082,0
1,0.993524655317184,1
1,0.9530813819095821,1
0,0.9071163818561606,0
0,0.9454662047592818,0
0,0.8722544456861968,0
1,0.9230218552219097,1
0,0.9848486418264089,0
1,0.7081333297279094,0
1,0.5003674341549609,0
1,0.8029519969328739,1
1,0.9922466567524425,1
0,0.9648450589046286,0
0,0.9607317839441747,0
0,0.7321758852563962,0
0,0.9275162212217615,0
0,0.9827156845972908,0
1,0.9775720143884042,1
1,0.9975628180328231,1
1,0.9945472577066482,1
0,0.51372014632368,1
0,0.581258150446808,1
1,0.7875456212890748,1
0,0.5555904682587564,1
0,0.6243051280156866,0
0,0.6858356084466777,0
0,0.8939840673383872,0
1,0.8380584834658474,1
0,0.999812872900767,0
1,0.5052553859802176,0
1,0.8789493747046956,1
0,0.9681947416417569,0
1,0.970798534698018,1
0,0.9158526324796106,0
1,0.9343884942414932,1
1,0.8144888513508669,1
0,0.8828243866857612,0
1,0.5213869934012002,1
1,0.5514392889348987,0
0,0.9202455081214029,0
0,0.9699714216355813,0
1,0.5248254857542478,0
1,0.9305870196456879,1
0,0.9879476622325906,0
0,0.9350842913116023,0
1,0.6327859169912685,1
0,0.8206284089483787,0
0,0.9468876165030182,0
0,0.9836937679525123,0
0,0.894475772378896,0
1,0.6985269993862391,1
0,0.8855151514813111,0
1,0.525782855469519,1
1,0.8365359446870851,1
1,0.8292913793906116,1
1,0.9300101984913535,1
0,0.9551414132598062,0
0,0.9974251496752417,0
1,0.5856003834298886,1
0,0.9611446139321915,0
1,0.9733586672671412,1
1,0.764111772505401,0
0,0.8290484774678063,0
1,0.8529977601541509,0
0,0.8409129030254975,0
1,0.6531750426544094,1
1,0.7589310714527122,0
0,0.5225882093460401,1
0,0.9890753944630082,0
0,0.9433498035256441,0
1,0.9977035504717564,1
1,0.525705845950177,1
1,0.9964501164649313,1
0,0.8236865108115713,0
0,0.9836766524760636,0
0,0.9826016723166041,0
1,0.8292373607121799,0
0,0.9867500885751618,0
0,0.9931386651131086,0
1,0.7417696361024803,1
0,0.9400207622860276,0
1,0.848581327948569,1
0,0.6100369548681205,0
0,0.6834777458528911,1
1,0.5815171418115893,0
0,0.812591918882015,0
1,0.7359861403851122,1
0,0.7540805656480905,0
0,0.7469218179417705,0
1,0.5848237403086516,0
1,0.9977992920014742,1
0,0.9633003849006334,0
1,0.9162190875739507,1
1,0.814316372956878,1
0,0.9438395499956206,0
0,0.569774730930557,0
0,0.5145263534570066,0
1,0.5196324112981074,1
0,0.8366824296896687,0
1,0.6778802326302986,1
0,0.987436059567539,0
1,0.9716412049496933,1
0,0.8268024763580867,0
1,0.8965283480245085,1
0,0.8484392673463447,1
0,0.6165647854056648,0
1,0.9852565065284182,1
1,0.7287707825551569,1
1,0.6716770187515315,1
0,0.9860446525971032,0
1,0.8967468686218356,1
1,0.8246868474513641,1
1,0.7333886774559073,1
0,0.9837237183060376,0
0,0.6130521499568821,1
0,0.8935048672248289,0
1,0.8917847134995074,1
0,0.9867186510785365,0
0,0.9976344025525925,0
1,0.7667185164004995,0
0,0.9234169924066638,0
1,0.5097202056008022,1
1,0.758368668234906,0
0,0.853726276230324,0
1,0.9944843780365317,1
1,0.9522895954457865,1
0,0.9363306611177907,0
1,0.7171898906703434,1
0,0.9239197355482797,0
0,0.5087258928358218,1
1,0.9847679914398931,1
0,0.9155560655668477,0
0,0.9951439319573714,0
0,0.9932690662048853,0
0,0.7099424745880661,0
1,0.9170722575859996,1
0,0.9706170908148612,0
0,0.8832055179943084,1
1,0.9098437963720617,1
0,0.9896839857226791,0
1,0.6353183773688431,0
1,0.6867830818767572,1
0,0.6782875613157576,1
1,0.9887301421119427,1
0,0.9422775612267663,1
1,0.9878156493909426,1
0,0.5923453380515233,1
0,0.6881205312340912,0
1,0.9313018025818286,1
1,0.998653668946937,1
0,0.9052671359276493,0
0,0.956532653319683,0
1,0.6988178723441586,0
0,0.7406545752046904,0
1,0.845967082089042,1
0,0.9934864562495327,0
1,0.8034004090929855,0
1,0.9622649902380184,1
1,0.9305736810713824,1
0,0.5968066657436226,0
1,0.7424325309432984,0
0,0.9387868188861619,0
0,0.5040282607216574,1
1,0.9637436989448274,1
1,0.7010222245546225,1
1,0.9258053416183745,1
0,0.9879223130611008,0
1,0.869948421946731,1
0,0.7212191455803553,1
1,0.9973789928798819,1
1,0.7868935956423557,1
0,0.993746833694617,0
1,0.9249842094489542,1
0,0.9744028583252945,0
0,0.9760227297261502,0
0,0.9428307707636803,0
1,0.5636060721304558,0
1,0.9412420855492855,1
0,0.8386864561732781,1
1,0.7364570817764098,1
1,0.5693519354793878,0
0,0.8825474828749943,0
0,0.5474803915118354,0
0,0.7921084877063191,0
0,0.9985130827746626,0
1,0.6933679416288366,1
0,0.8307157221697796,0
1,0.9887354169303615,1
1,0.7322119647321069,1
0,0.6249975490794859,0
1,0.8110664639025331,1
0,0.8065078813502635,0
1,0.9691118341568472,1
0,0.8717521339630008,0
0,0.8521545296317802,0
1,0.5073196084978273,0
0,0.8835694346991472,0
1,0.9476053206194894,1
1,0.5884692339107406,1
1,0.6391370034342672,0
0,0.7193003649254157,1
0,0.8198297387059726,1
0,0.9504814209094026,0
1,0.5074488372203542,1
1,0.7712004170111743,1
0,0.9118993149443005,0
1,0.9878184990077195,1
0,0.960584527434946,0
0,0.7425261560030811,1
0,0.9180898820686969,0
1,0.9639332683793046,1
1,0.939641125662459,1
1,0.9910301262213883,1
1,0.9982292506613225,1
1,0.537128844115639,0
1,0.8418034301010199,1
1,0.5274188214086696,1
1,0.9622287663422224,1
1,0.6535406664652438,0
0,0.9403650612186754,0
0,0.583283874783715,1
0,0.878578788755661,0
0,0.9826180188556954,0
0,0.9623903390132142,0
0,0.5798456042356165,0
1,0.5164904408814694,0
0,0.5495439177483536,0
1,0.7074621526872645,1
0,0.9470258212780199,0
1,0.6895358921903663,1
1,0.8333321179195601,1
0,0.7784178774521407,0
1,0.5653701034425878,0
0,0.9967655303965538,0
1,0.8294082276228699,1
0,0.5562753803218001,1
0,0.9248605359268732,0
1,0.5566251224668175,0
0,0.8275855343382216,0
0,0.69658440202476,0
1,0.7848608680276555,1
0,0.943123756206713,0
1,0.9157185541880567,1
1,0.840767208301652,1
1,0.5012547719615552,0
0,0.7945567803677042,0
1,0.9869611986950756,1
0,0.9955451674856616,0
0,0.6319821384040313,1
0,0.9981222590900548,0
0,0.8026933119098668,0
0,0.9990057446555682,0
0,0.6343231564596692,1
1,0.7054186739252161,1
1,0.8118213428942553,1
0,0.55086840854835,0
1,0.7918005901511922,1
0,0.87093910185462,0
1,0.9376757190745605,1
0,0.861565764259991,0
1,0.8702200368173417,1
1,0.5584851939090473,1
0,0.997550723793392,0
0,0.5422049496245473,1
0,0.9929721157949557,0
0,0.5824686772895564,0
1,0.6831864691216927,1
1,0.6180768831195688,0
1,0.6430916388654191,1
1,0.7018526366056997,1
0,0.8358510383499853,0
1,0.8877850569668039,1
1,0.7520485975710158,0
0,0.6776164536241034,0
1,0.8441424301604854,1
0,0.5981324411310189,0
1,0.9857336305282862,1
0,0.5907863524945302,0
1,0.7206538107556157,1
0,0.6554099532053819,0
0,0.9136809161936176,0
0,0.923213700758742,0
1,0.7245127236005143,1
0,0.998670201585211,0
0,0.9918732976651619,0
0,0.8981039296029479,0
0,0.6066856330700878,1
1,0.9977175981754035,1
0,0.9923932848993848,0
0,0.5661617767987824,1
0,0.9835876350200259,0
1,0.6928823746201969,1
0,0.5273513286735986,0
0,0.5807465529268833,1
0,0.7150385933591303,0
1,0.9829158143071608,1
0,0.6583786265229952,0
0,0.9904037611136486,0
0,0.9728768482529114,0
0,0.923618513751755,0
0,0.8050175056694182,0
1,0.9073851909305497,1
1,0.8662067965643523,0
1,0.7510359991403623,1
1,0.9838836661325405,1
0,0.9941056462310615,0
1,0.5835049818944552,1
0,0.607570137234881,1
0,0.753112892623216,0
1,0.9076494480419484,1
0,0.8155264348396027,0
1,0.7602211563469438,1
0,0.5227484275265513,1
0,0.836264910921342,1
0,0.6662075017861393,0
1,0.9138822249498387,1
1,0.6744734730258231,1
0,0.6550815712389702,0
1,0.7092325840975782,1
0,0.7507776569992666,0
0,0.5005561079018555,0
0,0.989587143895194,0
0,0.9928562472543933,0
0,0.9800676487597549,0
0,0.9980005115424232,0
1,0.6612365154287478,0
1,0.7262462910236731,0
0,0.9620413968158911,0
0,0.8162096131602153,1
1,0.9810157969694435,1
0,0.5467534224839273,0
1,0.5094024432744952,0
1,0.8584859916748389,1
0,0.6616689235338202,0
0,0.8838393941675834,0
1,0.9824294750793016,1
1,0.8920160787674696,0
1,0.8073183472770421,1
0,0.9938325912758897,0
0,0.9656754748366604,0
0,0.8697139034984646,0
0,0.785923333929577,0
1,0.9278672112039398,1
1,0.6430145032433169,1
0,0.5412737249669055,1
0,0.6962685422548809,0
1,0.7709827893354737,1
0,0.5251648196986749,1
1,0.9838258672042496,1
1,0.7608865319229965,1
1,0.9418075860856756,1
0,0.6352378127946399,1
0,0.8285855732833949,0
1,0.7894884707186816,1
1,0.8729676422331105,1
0,0.7905215036039502,0
0,0.5547807089341927,1
0,0.5521009657514875,0
1,0.7512790588013312,1
0,0.639850721311592,0
0,0.7035764254665976,0
0,0.5834711386192788,0
0,0.8799478376402095,0
0,0.9630878544257823,0
0,0.9833467854780391,0
1,0.7806083158364028,1
0,0.8859487861159456,0
0,0.9887183847966994,0
0,0.937675296661459,0
1,0.5271634430164865,1
0,0.828326500532627,0
1,0.6619532411384674,1
0,0.7676527728292408,0
1,0.737626187385917,1
0,0.886167804961537,0
1,0.5496546840559383,0
1,0.5915796609485672,1
1,0.7744201973104785,1
0,0.989191298716233,0
0,0.5725164294013076,0
1,0.5275635407378997,0
0,0.7835170203978137,0
1,0.910840242274747,1
1,0.9938177568262684,1
1,0.8255643631620851,1
1,0.8257785641540198,1
1,0.9403001100190141,1
0,0.5318222023620568,0
1,0.7548674989022596,0
0,0.9786533108893593,0
0,0.5185634889953393,0
1,0.9024192956132182,1
0,0.9894364652170407,0
1,0.9785011201180557,1
1,0.7104667540927537,1
0,0.8321477220702057,0
0,0.9775916283192199,0
1,0.9696211776919003,0
1,0.7078835605729643,0
0,0.8895490795894728,0
1,0.5413690926498392,1
1,0.8717237591797611,1
0,0.8914866870252726,0
1,0.9342964520862469,1
1,0.7703806337952712,1
0,0.9028425536720066,1
0,0.9783343688838162,0
0,0.9918457579097143,0
0,0.553184641480938,0
0,0.5281843159297648,1
1,0.9085276637042082,1
1,0.9871595881203824,1
0,0.9355670108235267,0
0,0.8827332229400257,0
0,0.9789803015688298,0
1,0.7017760776675488,1
0,0.5988908981092951,1
0,0.8158124515774579,0
0,0.5982727357926212,1
1,0.8775355567223749,0
0,0.6966760211503347,0
1,0.5406539984880281,0
1,0.628966004813868,1
0,0.9387867596211549,0
0,0.6032122134443882,0
1,0.6079063065579197,1
1,0.6799716771730513,1
0,0.5453958974153819,0
0,0.9226138401117672,0
0,0.9375248946875994,0
1,0.6365324941926221,1
0,0.7727491872615158,0
0,0.9101428929394474,0
0,0.9822805327784959,0
0,0.627171867683219,0
0,0.8638835493821522,1
1,0.83271715647301,1
0,0.8420093195850799,0
0,0.9839939111313757,0
1,0.6936998159853541,1
0,0.9669727062306944,0
1,0.8092686881387926,0
1,0.7091841174627891,1
1,0.6436827173809245,1
1,0.8640940834054609,1
0,0.7894301218852842,0
0,0.5738774328486707,0
0,0.8945518286385776,0
0,0.9955524628323252,0
0,0.96547338353121,0
0,0.9846187479492452,0
0,0.5992020590384233,1
1,0.998657767800397,1
0,0.9400094752766547,0
0,0.9898208742798205,0
1,0.5843048189656549,1
1,0.9433124011388216,1
1,0.8851772501386309,1
1,0.552908766170822,0
0,0.9780376666322667,0
0,0.8395895799647851,0
0,0.5301049278626564,1
0,0.9583134561444053,0
1,0.7472716269558931,1
1,0.7055295917753686,0
0,0.5475066047471806,0
1,0.7460030608013982,1
1,0.5072278216458947,0
1,0.84075357838539,1
0,0.6116695109003063,1
1,0.6308798509433643,1
0,0.8959918123832192,0
0,0.9274806379577184,0
1,0.6030114587485071,1
1,0.5358983199200472,0
0,0.8282138111425587,0
1,0.6758519379612167,1
1,0.9944432416736976,1
0,0.9791970689842902,0
0,0.957571855173291,0
0,0.8744840392066608,1
0,0.5113591188794353,1
1,0.9894424106043141,1
1,0.7301467132194129,0
0,0.9992983547565549,0
0,0.918748045850845,0
0,0.9067115353804174,0
0,0.9942869638560187,0
0,0.9122747986069945,0
1,0.6290716555368339,0
1,0.9996484545494344,1
0,0.9246547900076562,0
1,0.5666431054856849,0
0,0.7842439170655362,1
1,0.5476409613789377,1
1,0.6796632996692944,0
1,0.5486534579573554,0
1,0.9774447045063369,1
0,0.6315859967846238,1
0,0.9765348711790885,0
1,0.7724780769422048,1
0,0.9846045347333549,0
1,0.6341612132783107,1
1,0.7682282230898209,0
0,0.9178403974786566,0
1,0.6804614599031589,0
1,0.8884627486840528,1
0,0.81812605400346,0
0,0.9757297445007234,0
1,0.7282153557404232,1
0,0.9270345491798736,0
1,0.5929850578126464,0
0,0.9985277754436522,0
1,0.8326552310797697,0
0,0.5774917800166404,1
1,0.9068381505461559,1
1,0.7806787841696485,1
1,0.7656096582172804,1
0,0.5868250856788997,0
0,0.5724524442963428,0
0,0.6366526606599542,0
0,0.93556490492319,0
1,0.5610443650327558,1
0,0.9747511802056281,0
0,0.9777568282723602,0
0,0.9836042154781178,0
1,0.9638931571703986,1
0,0.9607753284817218,0
0,0.9911921060408307,0
0,0.886664519946176,0
1,0.7485443165356187,1
0,0.6748579870133933,0
1,0.9619296538147918,1
1,0.7976190405547628,1
0,0.99504836819946,0
1,0.9174353960648962,1
0,0.870074950610882,0
0,0.9005997770145454,0
1,0.8869888218472171,1
1,0.547913637239503,0
1,0.8584981167902649,1
0,0.9832171193960276,1
1,0.5746855757885655,1
1,0.5835065850415925,1
1,0.5656686872405814,0
1,0.9640810287224919,1
0,0.7828945714062834,0
1,0.812171731269559,1
0,0.5340442397849988,1
1,0.8637439935778568,1
1,0.594104082118562,1
1,0.6401333704732329,1
0,0.9924550927243517,0
1,0.8954990709290677,1
1,0.7345227588588452,0
1,0.9764507007830093,1
1,0.8419181066587779,1
0,0.9140706134599772,0
1,0.9577708230420676,1
0,0.7812152104452346,0
0,0.7640606509278457,1
0,0.933803895666326,0
1,0.6019079343026953,0
0,0.9901275002871236,0
1,0.9084240654638424,0
1,0.5650117664933968,1
1,0.9610262480515093,1
0,0.9581304233087015,0
0,0.8200969929214141,0
0,0.5982238442092539,0
1,0.7716298321436995,0
1,0.8883850423173607,1
1,0.8360738957602296,1
1,0.9580609444751557,1
0,0.9873859485887019,0
1,0.7521229573391279,1
1,0.8160664544333928,1
0,0.5122763824255199,1
1,0.9787078040653898,1
0,0.9932022160748352,0
1,0.5843832037345177,1
1,0.8039172742906321,1
0,0.9638678035996555,0
0,0.9117020428822915,0
0,0.8835802110005864,0
0,0.7106866680686799,0
0,0.9752850002744109,0
1,0.6928945054271133,1
1,0.6952456821092554,1
1,0.9752286401305652,1
0,0.5323737723006781,0
0,0.6643839977694157,0
1,0.7716465085473619,1
1,0.8321649443602241,1
1,0.9320515957681127,1
0,0.7468823768262298,0
1,0.6721369191652342,0
1,0.5776541253278754,0
1,0.6824358156719987,1
0,0.8248546564638798,0
1,0.5969168246127237,0
1,0.9968596941224521,1
1,0.842076743511892,1
1,0.9953911113750883,1
1,0.739802671842125,1
0,0.9867450424411653,0
0,0.9976472643885621,0
0,0.9803469917687572,0
0,0.5139071635828243,1
1,0.7454121949913016,1
1,0.9537713652735487,1
1,0.7170662393341347,1
0,0.9856289555667086,0
0,0.6552671514589355,0
1,0.5229063411943957,1
0,0.7363116084009872,0
0,0.8806631802384342,0
1,0.8438680083392233,1
0,0.899205523463663,0
0,0.6623895791267781,1
1,0.8775786088775451,1
0,0.9573755819763263,0
0,0.7340041253236822,1
1,0.9758357495033134,1
1,0.5241419888749922,0
1,0.5499294009256918,1
1,0.9289206422805414,1
0,0.7756539312237872,0
1,0.8166711003668291,1
1,0.9774776910760021,1
1,0.9426190073498417,1
1,0.9331722733094107,1
0,0.7206440143309298,0
1,0.5804771077900153,1
0,0.5258110132141381,1
0,0.9558466448625083,0
0,0.8922017949234403,0
1,0.5374416973629478,1
0,0.5325984992207242,0
0,0.9637745342379878,0
0,0.8756222659743791,1
0,0.5462196211853172,1
1,0.5369765990733306,1
0,0.8021058808664177,0
1,0.5728232421234818,0
0,0.9185665883163494,0
1,0.615412284117994,0
1,0.9684512866027867,1
0,0.9145517420606141,0
0,0.9723310648061313,0
0,0.9692095463170628,0
1,0.5608887158886466,1
0,0.9948292715035855,0
0,0.9848478392849479,0
1,0.5637411631771354,1
1,0.6483660913632462,0
0,0.5557899156031747,0
0,0.7159151995087909,0
0,0.634434076114226,1
0,0.909687757397681,0
1,0.9312398406206538,1
0,0.5021789240052739,1
1,0.5802313838418196,1
0,0.8777830065694001,0
0,0.6268539638842647,0
0,0.9856618134569523,0
0,0.8861721172030359,1
0,0.8610397537777289,1
1,0.9573554810546704,1
1,0.9649042739334326,1
0,0.9990483173489101,0
1,0.9545198983073314,1
0,0.8244668701669051,1
0,0.9277119638797738,0
0,0.9918122589877372,0
0,0.9989412436928967,0
1,0.5002136039033408,1
0,0.9748532634179763,0
1,0.5456193859963886,0
1,0.9231771651603201,1
1,0.8539291166617371,1
1,0.8783550284039545,1
0,0.8428225995699344,0
0,0.9090276510443167,0
0,0.8203695011430543,0
1,0.6797473006912355,1
1,0.9648993757618278,1
0,0.6189251717448664,0
0,0.9972142280723156,0
1,0.866170365003913,1
0,0.576411304254808,0
1,0.5232185196472386,0
1,0.6117775259010768,0
0,0.7298698534233358,0
1,0.7182709426028623,1
1,0.8566655006304762,1
1,0.932594842067678,1
0,0.9456472118417264,0
1,0.6469573399998428,1
0,0.6462323183207761,1
1,0.8686473883358734,1
0,0.8488670635740314,0
0,0.5082101626396504,0
1,0.9219255156694272,1
0,0.929794952030033,0
1,0.691447444765161,1
1,0.5458094544071196,1
1,0.9724630887654068,1
0,0.7125091651854035,0
1,0.7303905199699746,1
0,0.8630212485708977,0
0,0.8603667980715048,0
1,0.6580822451089989,1
1,0.9896554679512676,1
0,0.6150910803679137,0
0,0.9848182209762653,0
1,0.7138580688943583,0
0,0.8733309429838301,0
1,0.9034974025359076,1
0,0.5859115864457121,1
0,0.8163301776018357,0
1,0.9409864902714444,1
1,0.7682205092974411,1
0,0.9152797740538702,0
0,0.6168082882427357,0
0,0.952916110783136,0
1,0.9328811060272266,1
1,0.6598737592182907,0
0,0.9914277609150263,0
1,0.6739165407639062,0
0,0.6470556606245512,0
0,0.9892271533394879,1
0,0.7651023914760747,0
1,0.996967897026918,1
1,0.7149684778468105,0
1,0.6793678164288101,0
1,0.611748813283154,1
1,0.5683156488508859,1
1,0.7882572569529875,1
0,0.9428826877155023,0
0,0.9186376123647291,0
1,0.9026963421126765,1
0,0.7247053465683186,1
1,0.9247715556016461,1
0,0.8699948622336297,0
1,0.7022547271982494,0
1,0.9269711175133406,1
1,0.6438120243288419,1
0,0.8678837242148039,0
0,0.9577460888090509,0
1,0.5639970336587268,1
1,0.7095163066422541,1
0,0.9349881022319274,0
0,0.884852188168772,0
1,0.9566456376096563,1
0,0.9170591410719622,0
0,0.9864307455270064,0
1,0.6628264204770591,1
0,0.9364010040430074,0
0,0.7935438726236734,0
0,0.5114034599294516,0
1,0.5434841242407492,1
1,0.946363986870074,1
0,0.774329974553567,0
0,0.994017058410021,0
1,0.9757124836863164,1
1,0.6528216594045267,0
1,0.54714312404986,0
0,0.9235054231984674,0
0,0.7157464097601677,1
0,0.5053654619018286,1
1,0.9996051044167039,1
1,0.6555904738313738,1
0,0.991896735639557,0
0,0.789402155384231,0
0,0.8149482143138542,0
1,0.8362050756267054,1
0,0.9890200926464632,0
0,0.691103698555029,0
0,0.9914128366727091,0
1,0.9332101409915018,1
0,0.5114860243879318,0
1,0.8454681625560767,1
1,0.9843809664566923,1
1,0.7264988810315139,0
0,0.507126308233063,1
1,0.9749891601470722,1
1,0.9894508709462552,1
1,0.7566490337520761,1
1,0.7577266240445291,0
0,0.890209500642205,0
0,0.9601109517665286,0
0,0.876547013678053,0
0,0.857317413395003,1
0,0.8837152684924288,0
1,0.903637433955819,1
0,0.659667909673548,1
1,0.5543304928982106,1
0,0.8879543142201741,0
0,0.8528573567565011,0
1,0.8978538406323793,1
0,0.9414733643376282,0
1,0.8028545533582206,1
0,0.5062601990820874,0
1,0.6621829997638258,1
0,0.7119664776522519,0
0,0.8782649278256404,0
0,0.9939915989965753,0
0,0.9942734315023984,0
0,0.6852147241995898,0
1,0.9916131104615832,1
0,0.9461769924989113,0
1,0.9718331343000431,1
1,0.5043458663436111,0
0,0.6227437083560889,1
1,0.5410920636782816,0
0,0.700644445890938,1
0,0.920389568201117,0
1,0.7362064494467061,1
1,0.8062755199832127,1
0,0.9986156029114097,0
0,0.997035435976078,0
1,0.9393808000085886,1
1,0.9724024499939995,1
0,0.8607793261154156,0
0,0.5906374703308632,0
1,0.9782171074930778,1
0,0.8872642172365619,0
0,0.6245457714797584,1
0,0.5548311373117913,1
0,0.7331526778279165,0
1,0.7403945887080369,1
1,0.6917147518919918,1
1,0.8244937848701844,0
1,0.9861131077403948,1
0,0.8181544901321036,0
0,0.851317368835953,0
0,0.991524395650346,0
0,0.7935565071270374,0
1,0.5574804780413506,1
0,0.8915157636354629,0
1,0.7773834126662873,1
1,0.5549791874482856,0
0,0.7487035371342221,0
1,0.5740179237366508,0
0,0.9929588014851966,0
0,0.9862874293160846,0
0,0.9379364573396269,0
1,0.9688767002633492,1
0,0.6132762180787803,1
1,0.9087889972173412,1
0,0.9138345281193628,0
1,0.9810435743676276,1
0,0.9083431609667147,0
0,0.994444747738484,0
0,0.9837634959730567,0
0,0.9865185001113516,0
1,0.8305182856118394,1
0,0.9167396614148631,0
0,0.5684534167996091,0
0,0.7430421089778209,0
0,0.9917010727232791,0
0,0.6461029263300145,0
1,0.9331119581073364,1
0,0.8808675458493707,0
1,0.6829487628148894,1
1,0.9925564185407858,1
1,0.9938094018350478,1
1,0.9523714039508229,1
1,0.9026488459992048,1
1,0.9846388015039295,1
0,0.980322437420097,0
0,0.7030074103433845,0
0,0.8711793727297261,0
1,0.7215887661297732,1
1,0.5801161512918728,1
1,0.8128779061621844,1
1,0.8667469043866333,1
1,0.6700110461454746,1
0,0.5591956305591228,1
1,0.5168196740334585,0
0,0.6407720809682594,1
1,0.8866487153333955,1
1,0.6797011387521589,1
1,0.746567070256647,1
1,0.9652629345299114,1
0,0.7619441137552336,1
1,0.9664036572720228,1
1,0.6180834515375719,1
1,0.9027074264919063,1
0,0.9808949792381004,0
1,0.6318698276360479,1
1,0.988191084497702,1
0,0.9971028262686773,0
1,0.9643774988203522,1
1,0.894765580987264,1
1,0.9791008420228855,1
1,0.7855046795191816,1
0,0.8956530148857066,0
1,0.5783572332228777,0
1,0.8033382166906251,1
0,0.9513302783780081,0
0,0.9906524256589623,0
0,0.7962038166499261,1
0,0.8897176572241754,0
1,0.8803040779038798,1
1,0.8524352657413202,1
1,0.7509797245529061,1
0,0.6995699047532585,0
1,0.7414601997469004,1
0,0.7190126688228272,0
0,0.98065584768899,0
0,0.5351203207303079,0
1,0.9957090997535468,1
1,0.8342618327565828,0
0,0.9985584568780448,0
1,0.6417362076416402,1
1,0.5360961004193965,1
0,0.6697506844879335,0
0,0.9362187928260798,0
1,0.9378424102237917,1
0,0.7717347204770777,0
0,0.695296541925789,1
0,0.8314812095724301,1
0,0.8568991543202192,0
1,0.686353813110488,1
0,0.8130181772200004,1
0,0.7702505560810889,0
0,0.5113516366802304,0
1,0.9223966627256536,1
1,0.9905014782736398,1
1,0.99515731492453,1
1,0.7379687562879025,1
1,0.8188896913443704,1
0,0.987545612303838,0
0,0.9387387311480804,0
0,0.9959977757308399,0
1,0.8389922728077168,0
1,0.9961064414254016,1
0,0.9670604454714439,0
0,0.9997569106235138,0
0,0.9314892665415676,0
1,0.5297976292318808,0
0,0.9040913107684051,0
1,0.9461557035080596,1
1,0.8382030826311119,1
1,0.5224421768139147,1
0,0.6380001325438995,0
0,0.5590951285178832,1
0,0.9950966650014078,0
1,0.8482008494105614,1
0,0.9980892243675116,0
1,0.5569851843749339,1
0,0.9929946419426585,0
1,0.9682757106014084,1
0,0.9745680033477321,0
1,0.9903828906408214,1
0,0.8021986007971114,1
0,0.8817651869865808,0
0,0.506837275231331,1
1,0.5133650663501672,0
1,0.7889407921042739,1
1,0.8262712410112936,1
0,0.8307369764788236,0
0,0.8794033012990208,0
0,0.720919978845106,1
1,0.514187805878933,1
0,0.7952319449440984,0
1,0.7442604688866749,1
0,0.9807677151447717,0
1,0.6284787041564213,0
0,0.8096605929994661,0
0,0.8316430741749093,0
1,0.5485755498541586,0
1,0.8683270133296128,0
0,0.7644947057506588,0
0,0.9931663560307155,0
1,0.7681616549931171,0
0,0.7533692821180668,0
1,0.7479087313683982,1
0,0.8881528786454235,0
0,0.6973694929877035,0
0,0.6856364490860902,1
0,0.9957901293546882,0
0,0.6468404735979307,0
1,0.9911251150372076,1
1,0.9822107906753837,1
1,0.5426495877421545,1
1,0.6658800601455575,1
0,0.975436622076588,0
0,0.964934986709021,1
1,0.7027353442172463,1
0,0.6595600708942817,0
1,0.8117713774792215,1
1,0.5552245443975322,1
1,0.7358688374531392,1
0,0.9267205502546426,0
1,0.9866440685424651,1
1,0.5517596828438855,1
0,0.9990531855127713,0
1,0.7324256567196646,1
1,0.7206733662302153,1
0,0.5191703634053361,0
0,0.5441461308702622,1
1,0.9889436651884165,1
1,0.5483795103466225,1
0,0.6242048533629667,0
1,0.6612628276220271,1
0,0.5622183163802288,1
1,0.8312577737399167,0
0,0.8774827711584258,0
0,0.6158337826894826,0
0,0.7852162417761069,1
1,0.9154534265719404,1
0,0.6081674512986781,0
0,0.9839676024707312,0
0,0.6475205507422064,0
1,0.6900185945812363,1
1,0.6724853154436484,0
0,0.8621855359693109,0
0,0.9023955755431998,0
0,0.6835885665990984,1
1,0.9394311614412614,1
1,0.9368424210272334,0
0,0.8899847898540283,0
1,0.6698116570916475,1
0,0.9922747732683347,0
0,0.6380357041457609,0
1,0.6540586096284959,1
0,0.6323722465941952,0
0,0.6651883829088655,0
0,0.9900187888219651,0
1,0.6281784534415328,0
0,0.6225946175352735,0
0,0.9192756798643074,0
1,0.8337051725682668,0
0,0.5093979978048704,1
1,0.5804347117224969,1
1,0.5552208878969029,0
1,0.9873006741927803,1
0,0.5714944799550227,0
1,0.8869789945012403,1
0,0.7210995579922614,0
0,0.9986398239213259,0
0,0.9853049874423948,0
1,0.805743690761074,1
0,0.9322622624460293,0
1,0.9900406680005401,1
0,0.9340889695746979,0
1,0.8983604056254119,1
1,0.6350068990847962,0
1,0.5837580981531449,1
1,0.8088580516015738,1
1,0.5333135351113483,0
1,0.6698513038193947,0
1,0.7984240437130782,1
1,0.5067130685579144,1
1,0.5535574603515216,1
0,0.9708318702713646,0
0,0.701723712170323,0
0,0.7867028555207893,0
1,0.8216653965410716,0
0,0.5600981014190045,0
0,0.7493331511052534,0
1,0.735256373887615,1
1,0.6728296640034109,0
1,0.9506034365260222,1
1,0.8589635046224324,1
0,0.9291609951190622,0
0,0.9601510487903415,0
0,0.6927709005404652,0
0,0.627171866115691,0
0,0.528917891968042,0
0,0.8642183259140184,0
0,0.5539701875625629,1
0,0.9928400985502432,0
1,0.6048084294079961,1
1,0.7376054202377988,1
0,0.7732325890528016,0
0,0.9948409847459346,0
1,0.872835344229753,0
0,0.9965128710581346,0
1,0.9621473491743141,1
1,0.9755145021327936,1
0,0.6848863541931184,0
1,0.972287412118541,1
0,0.9090874528661068,0
0,0.8855078687382384,0
0,0.9349549347715691,0
0,0.8606406682343113,0
1,0.735480548899875,1
0,0.9587507458748633,0
1,0.6651217800144366,1
1,0.9490540690019036,1
0,0.5560547841138737,1
0,0.7716750557933577,0
0,0.6746351142774667,0
1,0.9528036866458525,1
1,0.5824403285860211,0
1,0.5883251153228852,1
0,0.9664212687571679,0
1,0.708007234962028,1
0,0.6903642773375391,1
1,0.5086683536745658,0
0,0.7666941210676528,1
1,0.9124657018703787,1
1,0.5785113321871872,1
1,0.8513301496753543,0
1,0.5229781133189466,1
0,0.7291708991875252,0
1,0.8138651911636208,1
0,0.8959547702977467,0
0,0.9850986931978155,0
1,0.8568349928685197,1
1,0.9943433251397755,1
1,0.9503826817717856,1
0,0.9456572699570699,0
1,0.9013958009527115,1
1,0.54393737287046,1
0,0.9740597294096944,0
0,0.9966145019547352,0
1,0.7180593750596785,1
1,0.9164846188559933,1
1,0.9495998711363249,1
0,0.6137721006788184,1
1,0.9404767778968527,1
0,0.6427321411588616,0
0,0.6198048087218495,0
1,0.7984643084973497,1
1,0.8169655175753308,1
0,0.9940475231191868,0
0,0.8591314348956245,0
1,0.8730756204262199,1
0,0.9950175469532259,0
1,0.9172743002302858,1
1,0.5533192556629658,1
1,0.814411399700532,1
0,0.8939321801244103,0
0,0.6325403574593617,0
0,0.5525157199540653,0
1,0.6578702414165343,1
1,0.5882147192660131,0
1,0.9413594818542101,1
0,0.9941435070247321,0
0,0.9960573568914426,0
0,0.5427749025682331,0
0,0.5491551257012511,0
1,0.910267447535867,1
1,0.627660495048874,0
0,0.9044867905857696,0
1,0.9906986416899813,1
0,0.9916616850316616,0
0,0.7392379960854911,0
0,0.8974412262371153,0
1,0.9610127007009884,1
1,0.7943003609478254,1
1,0.627789449786349,1
1,0.9612062475768308,1
1,0.9538175883184851,1
0,0.6191043657689203,1
0,0.5509927141443043,1
0,0.8704803563525958,0
0,0.981075617335168,0
1,0.8477192300477839,1
0,0.9980196100141915,0
0,0.9425941290773139,0
0,0.985627662667379,0
0,0.9707535902948785,0
1,0.6490013277311705,1
0,0.9264858471956608,0
0,0.8075896392468467,0
1,0.576374490890994,1
1,0.6225062662353462,1
1,0.8820527399132517,0
1,0.8146147771257026,1
0,0.9667330572540069,0
1,0.791167454121749,1
0,0.8436397676706735,0
0,0.9689235686220153,0
0,0.6793507658959553,0
1,0.7380807052556199,1
1,0.8941663078126514,1
1,0.9257697740290868,1
1,0.7306378468142773,1
1,0.9267812627390755,1
0,0.9900030194095499,0
0,0.7060189285855829,0
0,0.8425688073628808,0
1,0.7074946125276774,0
1,0.8458640465836362,1
1,0.5049697319804913,0
1,0.9508429725204668,1
1,0.6732984695774638,1
1,0.9457055031929549,1
0,0.9326927118413494,0
1,0.9836658628053819,1
1,0.7531910609691702,1
1,0.8705749924336681,1
0,0.5350775307461058,1
0,0.928006606159405,0
1,0.7836782841961256,1
0,0.8433559120176822,0
0,0.9043631094716187,0
0,0.9830478589264865,0
1,0.8558800511902148,1
0,0.9001603066845907,0
1,0.6347683531025092,1
1,0.6854732572667533,1
0,0.7112314216353894,0
1,0.6214981169430831,0
0,0.6193538471951574,0
0,0.9061469902720389,0
0,0.5278492011601079,0
1,0.9178942921420731,1
0,0.5849631370131121,0
1,0.9867688150228738,1
1,0.995927324360843,1
0,0.9249787337500827,0
0,0.9985434716429777,0
0,0.9094128857117629,1
1,0.9061695375048011,1
1,0.9773405229899041,1
0,0.5997416215743318,0
1,0.8388916938178361,1
1,0.8766014888959642,1
1,0.6472829859461381,1
0,0.8037343312736029,0
1,0.632278059861844,1
1,0.8202285936934354,1
1,0.7921394524093176,0
0,0.8587353095416193,1
0,0.9887085657087109,0
1,0.6052533499123852,1
0,0.6996703560091735,0
1,0.6324630097475887,1
0,0.9482494692319517,0
0,0.5421004172003818,1
0,0.9664392842474163,0
0,0.9902578395066447,0
1,0.7879706247506066,1
1,0.9173004906089699,1
1,0.7252267492108811,0
1,0.7983440339939214,1
0,0.9939577836650604,0
1,0.7773434716695116,1
1,0.5907864688389068,0
1,0.9975815074380879,1
1,0.9927376677982842,1
0,0.9136976789837744,1
0,0.9986006341339039,0
0,0.5119273060306102,1
0,0.9021904478615351,0
0,0.9397214960742507,0
0,0.89820816963911,0
1,0.8728978908674477,1
0,0.7473817206271077,1
1,0.9862162092715968,1
1,0.6328381523638533,0
0,0.6531989872570468,0
1,0.7751233249208926,1
1,0.775868828252308,1
1,0.9679782750269447,1
0,0.9705718380086665,0
1,0.8892745665850723,1
0,0.9467227183789498,0
1,0.6141213080738255,0
0,0.7945979705658408,0
1,0.8222530242145029,0
1,0.5897840080208009,0
0,0.7411034123722469,1
1,0.6416265194399694,1
1,0.9573452771180442,1
0,0.958073025294813,0
1,0.8962508689293126,1
1,0.926087752577716,1
0,0.9556104133374528,0
0,0.5174766711940402,0
1,0.7825113364637399,1
0,0.9446448947717097,0
0,0.7045266796939587,0
1,0.8505875492653728,1
0,0.7957959583177316,0
0,0.8782342731784125,0
1,0.832169062489748,1
1,0.7127046906857148,0
0,0.8728407496832119,0
0,0.6384010526804316,0
1,0.6225432240159054,0
1,0.5189194820723754,1
1,0.6334574789186626,1
0,0.6190431023907489,0
0,0.872012312119798,0
0,0.925489736764079,0
0,0.9967663160627905,0
1,0.9054712898937264,1
1,0.9710352268790899,1
0,0.8744153510820488,0
0,0.5786799741969988,1
1,0.9012924016285435,1
1,0.5096932687262772,1
1,0.5155273589443347,0
1,0.581010865268094,1
1,0.8638303144351843,1
1,0.6632816472509979,0
0,0.7219807695649854,0
0,0.9565049782522022,0
1,0.8315237312464112,1
0,0.7407372491500961,0
0,0.7723281050553195,0
0,0.7860234095320671,0
0,0.6672007953367198,1
0,0.938045245929204,0
0,0.9678960439521745,0
0,0.706431674392223,1
0,0.9997866853796827,0
1,0.7683196317799814,0
1,0.863955962255227,1
0,0.5705868329696824,0
1,0.8178390719709584,1
0,0.9355977363468123,0
0,0.8530124336570974,1
0,0.9992796583221288,0
1,0.646128451599768,0
0,0.9724955908681103,0
0,0.9907825576096227,0
0,0.9685665686274195,0
1,0.5968313351136538,0
1,0.5656013764404356,0
0,0.6635414756008686,0
1,0.78078159832581,1
1,0.6137252280984182,1
0,0.8287486113896098,0
0,0.6796688949806184,0
1,0.5672506480401344,1
1,0.8822170496481971,1
1,0.7195450289733537,1
1,0.964250667422405,1
1,0.9957193311879673,1
1,0.8356104894412411,1
0,0.9972086184441066,0
1,0.5438532140395608,1
0,0.8710839834809551,0
0,0.9930441000981718,0
0,0.8762724972164326,0
0,0.5900286504223458,0
1,0.8295705969502192,1
1,0.5777706482421627,0
1,0.6863131170180593,1
1,0.903588114626943,1
1,0.876409722663017,1
1,0.9629738507472178,1
1,0.8895170830450881,0
0,0.9997662942022145,0
0,0.813831307526337,0
1,0.6523351963962235,1
1,0.8465188603401773,1
1,0.9072053723518445,1
1,0.9507824476995036,0
1,0.9717631215326766,1
0,0.9132018790517932,0
1,0.7175646299645472,0
0,0.8239923709865151,0
1,0.9499119870879246,1
0,0.9390040109593304,0
1,0.6453741622463648,1
1,0.7972510266122962,1
0,0.6508174995240548,0
1,0.6211129679746883,1
1,0.9658846143678805,1
1,0.8476058070827972,1
1,0.945840515029331,1
0,0.8642932941055573,0
1,0.7708232525005408,0
1,0.5865066302903306,1
1,0.8747319184408251,1
1,0.8564001674704166,1
0,0.5880584548507901,1
1,0.7317848208254818,1
0,0.6425396329926482,1
0,0.9801880659136243,0
0,0.9543348136093305,0
0,0.9587715540674089,0
1,0.7129080109489414,1
0,0.5979066658882739,0
0,0.6438788537080669,0
0,0.7978410022125828,0
1,0.8475766588911734,0
0,0.6642215753355807,0
1,0.8552632320273449,1
1,0.6069694828765033,1
1,0.9990278048501096,1
0,0.9590019090726108,0
0,0.9915518526593454,0
1,0.6779368145870496,1
1,0.6403104615119264,0
1,0.8017840549925104,1
0,0.8741529922275498,0
0,0.6275816870666235,1
0,0.9953658556997955,0
0,0.9693635164178832,0
0,0.5357854374387998,1
0,0.8240416358165334,0
1,0.6257198168796803,1
1,0.8468056308438067,1
1,0.6969652184667173,0
1,0.9784729656430399,1
1,0.7776261498343386,0
1,0.9975042535726328,1
0,0.9434454134196968,0
0,0.5164915727174126,1
0,0.7082857919798053,0
1,0.7829845387228878,0
1,0.8395564461178185,1
0,0.9913297691201243,0
1,0.6973499209579783,1
1,0.9533854011090335,1
0,0.9519031422631213,0
0,0.86904351328058,0
0,0.8519898450591891,0
0,0.8289342461047242,0
0,0.793979779998903,0
1,0.6796741672227249,0
0,0.852767084961945,1
1,0.5068978875934878,0
0,0.65220066485793,0
0,0.5218250369351316,0
1,0.5246887271334074,0
0,0.9339758444881976,0
0,0.7551777849298871,1
0,0.8993148254747227,0
0,0.9685546560081308,0
0,0.9894195381485945,0
1,0.8834176199928712,1
0,0.6706630910467803,1
1,0.7334003841777407,1
0,0.7566761046667033,0
0,0.9917162569374786,0
1,0.7867557781043945,1
0,0.95311535204914,0
1,0.8747788459765823,1
1,0.9729509879375688,1
1,0.9732347198066919,1
0,0.9238413718860987,0
0,0.916752378019502,1
1,0.6260071252167135,1
0,0.9879550596510139,0
0,0.914444026330937,0
0,0.8654045983997998,0
0,0.9786230607143542,0
1,0.5160041196182983,1
1,0.9795691364821015,1
1,0.6638982946434445,1
0,0.8195418359398108,0
1,0.7375212316006603,1
0,0.9963826691020566,0
0,0.9520413610174696,0
1,0.6836880339153831,0
0,0.9935550650324303,0
0,0.9598162229507057,0
1,0.5861397560710531,1
1,0.845834465447166,1
1,0.9861581928421291,1
0,0.7934807006046186,0
0,0.6806873526322008,0
0,0.7056573216464408,0
0,0.6014943661968482,0
0,0.7788092890948786,0
1,0.9099686874585978,1
0,0.9274498803148622,0
1,0.9696129209715285,1
0,0.8071232829123283,0
1,0.9524213120615376,1
1,0.7621234594821246,0
1,0.8584797665341174,1
0,0.9917409132096666,0
0,0.9933091170135284,0
1,0.6253539426978236,1
1,0.6753341165099593,1
1,0.9176309941732668,1
0,0.605817655225777,0
0,0.9997658649415048,0
0,0.6521954262964067,0
0,0.9930229145646091,0
1,0.6660544742540466,0
1,0.6618893228611636,0
0,0.7939913886992394,1
1,0.6929411623626595,1
0,0.9720552397129434,0
1,0.5542048097435937,1
1,0.9845723662099977,1
1,0.8917505213200705,0
1,0.5310804629796129,1
0,0.9087542589178056,0
0,0.7623856548027065,0
0,0.5107455792732924,1
1,0.631290445581042,0
1,0.9277679751486578,1
0,0.8775875364445969,0
1,0.8741214176715636,0
1,0.712522586833071,1
1,0.7578902228232113,1
0,0.5768197867380822,0
1,0.8323616391731675,1
0,0.9235857614974718,0
0,0.8674661736001125,0
1,0.9496941868370807,1
0,0.7316523403961552,0
1,0.6012687283001084,1
0,0.7561741343955752,0
1,0.7497059416431194,0
1,0.8101787019714943,1
1,0.9080244281570106,1
1,0.5717956982145223,1
0,0.8780443873030713,0
0,0.5051315345869053,0
0,0.7867458815832797,1
0,0.7690656596290966,0
0,0.5400669115172677,0
1,0.9025704238171267,1
0,0.8064317525802084,0
0,0.9797094485332442,0
0,0.8756255309116611,0
0,0.7545196282757107,0
0,0.8651117411133463,0
0,0.9528929435130907,0
1,0.6787973809463201,1
1,0.9445953225909897,1
1,0.8643809642182143,1
1,0.9883609104815678,1
1,0.6275515848142038,1
1,0.6204833848196676,1
1,0.9878648852010282,1
1,0.9267935237191998,1
1,0.800329978136396,0
0,0.5811024026984632,0
0,0.7369723362824572,0
1,0.9557967860438285,1
1,0.5184678159811449,1
1,0.9349746966337821,0
1,0.9033056844859905,1
0,0.9762569217204269,0
0,0.7444377032387937,0
1,0.613013660701636,0
0,0.691210448307241,0
1,0.7429418576459613,0
0,0.5506080783594598,0
0,0.9378399722554034,0
1,0.9919872399374295,1
1,0.860181638536239,1
1,0.861330517203292,1
0,0.954145588624502,0
1,0.8357139677985219,1
0,0.5931051754090393,1
1,0.8755045959130512,1
1,0.7984961890395841,1
0,0.6307406337689221,0
0,0.5634748931008666,1
1,0.7376772089103213,0
0,0.6101736816559848,0
0,0.7614383800441312,0
0,0.9223799196558975,0
1,0.971864919729083,1
0,0.616144016421297,0
1,0.7063182645578927,0
1,0.5236357475733213,1
0,0.7603831040366764,0
0,0.9818639277385057,0
0,0.9145901868392269,0
0,0.5050319559239698,0
1,0.5084680785505838,0
0,0.8934478872021142,0
1,0.9836707055112908,1
0,0.9273622975574218,0
1,0.6917056231706352,0
0,0.78848196585787,0
1,0.8921227437255196,1
0,0.7381295947808713,0
0,0.969098534980324,0
0,0.9873807480141242,1
0,0.9929751282769734,0
0,0.5684291334459177,1
0,0.9846137620523459,0
1,0.9829689948848639,1
0,0.9867516350537817,0
0,0.9110528791832366,0
1,0.5802258666365342,0
1,0.8842573007453495,1
1,0.8736910639778412,1
0,0.5633053177015499,0
0,0.9967693877456862,0
0,0.9342648138955101,0
0,0.7484684712630806,0
1,0.8039548271343222,1
1,0.9208796694509973,0
0,0.5030508631172681,1
1,0.7218148136194233,0
1,0.7247538143454579,0
1,0.9680123458324427,1
0,0.8155986915896803,0
0,0.5898334647800122,0
0,0.8767581204828993,0
1,0.5415997020836874,1
1,0.7354554113870921,1
0,0.9820833735933905,0
0,0.5032169462659888,0
0,0.9933373397154983,0
0,0.8598366541638884,0
1,0.6338220399444898,1
1,0.8270486143798358,1
1,0.8883090803758074,1
0,0.9145568691046495,0
1,0.8032570384525373,1
1,0.8548752261823149,1
1,0.5622506599912811,1
0,0.5405914010581565,0
1,0.999180350292882,1
0,0.8439922322105929,0
1,0.8509557159504398,1
0,0.8803010681416752,0
0,0.9496769319442542,0
0,0.9888081244142408,0
0,0.6801327396592122,0
1,0.9296366554858944,1
1,0.572149921812585,1
0,0.7695886831306805,0
1,0.8788854044863478,1
1,0.9168070152082161,0
0,0.8326307461784139,0
1,0.912836148215075,1
1,0.7718423239375404,1
0,0.6496857656431292,1
0,0.953897530432457,0
1,0.7406342291836071,1
0,0.8193448060865705,0
0,0.9475622148038066,0
1,0.7661618570168297,1
0,0.9601512689742334,0
1,0.6353174975015202,1
0,0.896997841596976,0
0,0.531421718182552,1
1,0.9035775963171256,1
0,0.908792576769262,0
0,0.9502231744856363,0
1,0.9553440407963159,1
0,0.9009332139817314,0
0,0.9989122116865138,0
0,0.7683405054674974,1
0,0.6939541001601057,0
0,0.6228790936349287,0
0,0.90839472308365,0
0,0.5201336212321719,0
0,0.6705368402062113,0
0,0.8964108569108586,0
1,0.7435325922153657,1
0,0.9918062614476906,0
1,0.6802109619532347,1
0,0.9266376667942363,0
1,0.8275489757292592,1
1,0.9037349145961927,1
0,0.7869695478268911,0
0,0.9389852881095366,0
0,0.6616481372289504,0
1,0.5912296268030794,1
0,0.5686788245893921,0
1,0.9640968635422895,1
0,0.7203017414710946,0
0,0.8995020756511853,1
1,0.577855239416722,0
1,0.9742562674669337,1
0,0.9852361963063516,0
0,0.8775292027458085,0
0,0.9725421840248658,0
0,0.5137181053873818,1
0,0.9120295382176316,0
0,0.9626004335698999,0
1,0.9915252620516462,1
0,0.5230911677857633,1
0,0.6934320938332036,0
0,0.7227813442179791,0
0,0.8646814655103428,0
1,0.7967791736161242,1
0,0.9355965126786052,0
1,0.8404114386437521,1
1,0.7796864251892106,1
0,0.5763413777035951,0
0,0.7074267814985596,1
0,0.9689443893577859,0
1,0.8016470746724139,1
1,0.9307131936551675,1
1,0.768039509867845,1
0,0.6851077163716675,1
0,0.9981723730782589,0
1,0.5793828427793942,0
0,0.9790821135270944,0
0,0.9935864786840192,0
0,0.884230159244056,0
1,0.9388122366371401,1
1,0.5229103724000318,1
1,0.951631196894204,1
0,0.9904675796410203,0
0,0.9297286468512287,0
0,0.7336924555151126,0
1,0.7963804748653749,1
0,0.9434943770204055,0
0,0.5075761965182688,1
1,0.663180405010298,1
1,0.6446276677908397,1
0,0.8112240902500205,1
1,0.9623414712213169,1
1,0.8145842530680442,1
1,0.556264948331867,1
0,0.9936088511939504,0
0,0.9720600157735554,1
0,0.635279117102904,1
1,0.6332541914518776,1
1,0.9441321873694393,1
0,0.999511661025751,0
0,0.7966515078175476,0
0,0.9574333953700666,0
0,0.977810956356981,1
1,0.7163653409191696,1
1,0.9654587352771922,1
0,0.9625828724433935,0
1,0.9913716368137692,1
0,0.9790028737255353,0
1,0.7170899888817959,0
0,0.9981291787473962,0
0,0.8702298343292811,0
1,0.863494311472318,1
0,0.9476027630953651,0
1,0.889906784486785,1
0,0.8334960240644814,0
0,0.9878306078496935,0
0,0.9964599911704546,0
1,0.9123426453901342,1
1,0.5989225971051906,1
0,0.5687568356001059,0
1,0.9343716334515721,1
0,0.9730405312197263,0
0,0.9639542819908989,0
1,0.6477303912277695,0
1,0.5465338805055032,1
1,0.6417399760114014,1
1,0.5383036219160672,1
1,0.8643550885395638,1
1,0.9159966560241758,0
0,0.7744225346672606,1
1,0.7694836271718146,1
0,0.9004044672849756,0
1,0.7235671563391021,1
1,0.7722211044041304,1
0,0.527386906326124,1
0,0.8510788936407997,1
1,0.5877780208977545,1
0,0.5954513212792336,0
1,0.6481455418512337,1
1,0.768658900889561,1
0,0.6957663126769591,0
0,0.9796152272861374,0
1,0.8001943222832035,1
1,0.6140712844912783,1
0,0.990653888384731,0
1,0.5981883175704452,0
1,0.8250495526658003,1
0,0.6489203256010743,0
1,0.5491309719024727,1
0,0.5002545245188089,0
0,0.8922974792487375,0
0,0.8080948070534042,0
0,0.8340980080458472,0
0,0.9602471590744467,0
0,0.965788456859899,0
0,0.509313838886231,1
0,0.9903779470156671,0
0,0.8131513061326492,0
0,0.7521825175580639,0
0,0.7409842858043932,0
0,0.8632019242785024,0
0,0.9647693933869759,0
0,0.8474985122785613,0
0,0.6646344006401554,1
1,0.7080778657209256,0
0,0.6398226893705354,0
0,0.7817950166603242,0
0,0.5502473795030881,0
1,0.9098957566175253,1
1,0.7315532484305614,1
1,0.9931851685158108,1
0,0.503279685644925,0
1,0.7965319666717458,1
0,0.6525909490894605,0
1,0.907149164483658,1
0,0.7182661703003692,0
0,0.9965128710581346,0
0,0.9678200061527986,0
1,0.9110985909377917,1
0,0.9670479994257619,0
0,0.505246881723289,1
1,0.5916442894950389,1
1,0.5188301659110676,1
0,0.7142795633968626,1
1,0.5379084425004163,0
1,0.9651124659543863,1
0,0.794668213200925,0
1,0.7801326895814215,1
1,0.9778343199136919,1
0,0.536535985942056,1
0,0.6426647445748723,0
0,0.5749759482679444,0
1,0.8404361390404084,0
1,0.6491907724062046,1
0,0.8894734736899765,0
1,0.6500574469552872,1
0,0.8187668995719787,0
1,0.5815256444009747,1
1,0.7787329912608453,1
1,0.8010690307515478,1
0,0.6378372866393281,0
0,0.8491909020097806,0
0,0.7380045514321019,1
0,0.6277471209675791,0
0,0.6030699231789143,0
0,0.9016634492935119,0
0,0.9880743744358105,0
0,0.8729328550164598,0
0,0.9927605375042499,0
1,0.822656503675769,1
0,0.8293523271402622,0
1,0.8313095393464229,0
0,0.940898369299942,0
0,0.9977054908090931,0
0,0.7674610208541612,0
1,0.8973690293707477,1
0,0.9951409713884081,0
0,0.9956770914707048,0
0,0.9919273525274027,0
1,0.5517465942383294,1
0,0.973486423335271,0
1,0.920601761651132,1
0,0.6696660996436143,0
1,0.782328659681692,1
0,0.9137671456503441,0
0,0.5215876655478364,0
0,0.9682321603680795,0
1,0.6462465866224342,1
0,0.7296259344328302,0
0,0.9990624645330025,0
0,0.9451541638059104,0
1,0.9795100828182061,1
0,0.8382184890756205,1
1,0.9394565529539219,1
0,0.5961601831333043,0
0,0.5140587190124375,0
0,0.5189269476763368,1
1,0.8025730606438473,1
1,0.5467010850297948,1
0,0.9864546299506445,0
1,0.615700983545187,1
0,0.9641323459860671,0
1,0.8390054707401144,1
1,0.9738426450137659,1
0,0.9124398774517761,0
1,0.9776767986048034,1
1,0.7279341591492101,1
0,0.9793330131340197,0
1,0.9761090052465169,1
1,0.725740100853168,0
1,0.9241776559716844,1
0,0.9971842832363037,0
1,0.8608519016333126,1
0,0.9735628563741522,0
0,0.9648866765248473,0
1,0.8510599114312796,1
0,0.9854146989523593,0
1,0.982588162150397,1
1,0.8067096087719337,1
1,0.9127727680144408,1
1,0.714466460201302,0
1,0.6708968757607335,1
0,0.9282397200720995,1
1,0.8810061248804454,1
0,0.9810102004865161,0
0,0.98913293277584,0
1,0.5136155774465443,1
0,0.9497804531337785,0
0,0.5681817519601935,0
0,0.6111177915616115,1
1,0.815216780334196,0
0,0.6891776105883443,0
0,0.5051800179951745,0
0,0.9995888928060976,0
1,0.6836358034118403,1
1,0.6255554112510108,1
1,0.6927711872836098,1
0,0.9136860506373983,0
0,0.587010716697673,0
0,0.52479096639741,0
0,0.8393916001149132,0
1,0.7753663269550057,0
0,0.5564934099074264,0
1,0.6965835026513048,0
1,0.9683178712424995,1
0,0.9922986490398111,0
1,0.9740269924426408,1
0,0.5731852835726412,1
1,0.5997787353967234,1
1,0.7530604369643144,1
1,0.6495615377979859,1
1,0.5096755277453417,0
1,0.9411247039661855,1
0,0.5029198057226407,1
1,0.7470395499409284,1
0,0.9636404718712536,0
1,0.508015560799743,1
1,0.8555424154425023,1
0,0.9428071800711588,0
0,0.9557895662135161,0
0,0.5958389456129373,1
0,0.6335323934784068,0
1,0.7561085472330246,1
1,0.6500218995989311,1
0,0.5996248103248569,1
0,0.724770790682971,1
1,0.8787064920317933,1
1,0.8817108751016471,0
0,0.9145342575459184,0
1,0.5001605946950064,1
0,0.8636789195222327,0
1,0.5028188960415301,1
0,0.988531596863028,0
1,0.8636982998574877,1
0,0.848769188052306,0
1,0.752740075584109,1
1,0.645988268177827,1
0,0.6330794562266266,0
1,0.5324019168793946,1
1,0.8120522559582509,0
1,0.7040671437711248,1
0,0.7870109140164634,0
0,0.979703217161573,0
0,0.8664489843079496,0
1,0.7007278054995549,1
1,0.8797765998165087,1
1,0.5765846416439735,0
0,0.8597292780221371,0
0,0.556979631652783,0
0,0.9214470885923726,0
0,0.9379945458179234,1
0,0.5847688666551716,1
0,0.7525561777109244,0
1,0.5588660236948347,1
0,0.9614672366123105,0
1,0.8443957938928393,1
0,0.765041735281276,1
1,0.7038743544105358,1
1,0.8116657860548446,1
0,0.9739330570695452,0
0,0.919831186042814,0
1,0.9178304064158523,1
0,0.9607576585081422,0
1,0.940538863118323,1
1,0.8502900610716333,1
1,0.8495667321314277,1
1,0.9099677814894633,1
0,0.9632160564273867,0
1,0.7904577305739507,1
0,0.6525859094846508,1
1,0.5581965485546295,1
1,0.5286822861200952,0
1,0.9427086056888729,1
0,0.9509504925530042,0
1,0.7671746853227389,1
0,0.9057237695842901,0
0,0.9879732371711537,0
1,0.9337931960701057,1
0,0.842693551077865,0
0,0.666629984499798,1
0,0.8641840401797435,0
0,0.981678775018746,0
0,0.9852314703272368,0
0,0.7846643204312407,0
1,0.6857055429415223,1
1,0.6189852995694061,1
1,0.9601583504715133,1
1,0.8427998689876072,1
0,0.7845065127902948,0
0,0.9508302800131944,0
1,0.9947404064482578,1
1,0.8960904455010333,1
0,0.5482035051604932,1
1,0.7731740703203445,1
0,0.5297400450614411,0
0,0.8285945021242939,0
0,0.9573924343228831,0
1,0.9865962311767372,1
1,0.9170831169057434,1
0,0.9931451597405484,0
1,0.8747788459765823,1
0,0.7404166509546806,1
1,0.7375978197157576,1
0,0.9410387205641992,0
0,0.6279799424054567,0
0,0.8705541764564847,0
1,0.9642358612815802,1
0,0.9199802851049718,0
1,0.707565732966436,0
0,0.9969659834583043,0
1,0.9532262663805067,1
1,0.8688525607238491,1
1,0.8481040552498094,1
0,0.976224787781602,0
1,0.9198247333865253,1
0,0.8587911174172721,1
1,0.7110041815551864,1
0,0.9920489541441501,0
0,0.8519647426701513,1
1,0.5318870841647643,0
1,0.9977179401293601,1
1,0.5047031836009196,0
1,0.7264115866152779,1
0,0.788965310835468,0
1,0.5565080540322707,0
1,0.863058053044454,1
0,0.6324759085978231,1
0,0.8054078421156652,0
1,0.980926206485994,1
1,0.7175723787238378,1
1,0.6638649996535847,0
0,0.986288685614118,0
1,0.8836786901081269,1
1,0.6171566799250393,1
1,0.7356850728638897,1
1,0.9822783198473881,1
0,0.5396820678066909,0
1,0.8196677574978433,1
0,0.6840556504126594,0
0,0.6560274462390883,1
0,0.9620449847488186,0
0,0.9715614248484463,0
1,0.8577239451031736,1
0,0.5730942371403239,1
0,0.8095907004786098,0
1,0.5563016133943953,1
0,0.8842661272371884,0
0,0.8543466688068059,0
1,0.9204939273754019,0
1,0.9210915332283134,1
1,0.7848591156898401,0
1,0.6221509068517228,1
0,0.8082945549846892,0
0,0.6667093803998443,0
0,0.943346659768046,1
0,0.8761656437292701,0
1,0.6980632772290837,1
1,0.8295930362521857,1
0,0.8496126768844384,0
1,0.7916575805651127,1
0,0.9498565083455156,0
1,0.978166987655042,1
0,0.9876826079307259,0
1,0.8018693823143093,1
1,0.8629157193784872,1
0,0.7284045776838343,0
0,0.6474012594787363,0
0,0.7175280035456763,0
1,0.5180002956764687,1
0,0.9857929802448908,0
0,0.7679043931309208,0
1,0.5901720073520874,0
0,0.7677134929778657,1
1,0.59779408015479,1
0,0.9899920096166521,0
0,0.9235725698919579,0
0,0.9981068553423876,0
1,0.8654579727277958,1
0,0.9492810153184518,1
0,0.9141969390447547,0
0,0.9721913559926195,0
0,0.7098362776920033,0
0,0.5620951841910791,0
0,0.7512842484687274,0
0,0.9996407842723473,0
1,0.777933998418122,1
1,0.514572336122631,0
1,0.7803570972375758,1
1,0.8179148470504567,1
0,0.9815752099530632,0
0,0.9580046747517348,0
0,0.8574589044070999,0
1,0.6426772729847252,1
1,0.8149312390510757,1
0,0.5734730851949399,0
0,0.6297271206224226,1
1,0.5064236453428389,0
1,0.7600210499793049,1
0,0.8246648676659316,0
1,0.7881812150938218,1
1,0.8930526152373354,1
1,0.7709008894343011,0
1,0.9203450381774438,1
1,0.5959843794990762,1
1,0.76493037877555,1
1,0.8366750372494898,1
0,0.9799428898181214,0
1,0.5769936574839367,1
0,0.9116573541122646,0
1,0.7870500209519047,1
1,0.7909615128590867,1
0,0.9644323661345728,0
0,0.5049579917482375,1
1,0.8091785486433672,1
0,0.6587939716304778,0
0,0.9009043003122178,0
1,0.8313936546423609,1
0,0.933258057427707,0
0,0.9782979904629635,0
0,0.8947735600990978,0
1,0.8558665205086613,0
0,0.7594973574569668,0
1,0.6196769138252639,1
1,0.7237411130052968,1
0,0.9936344840822418,0
1,0.9087472893731042,1
0,0.8214924088155806,0
0,0.9524625335017426,0
0,0.5232371696847411,1
1,0.6978819467980465,1
1,0.552715856109745,0
0,0.9993778671125487,0
1,0.5884139271157743,1
1,0.8078117229718526,1
1,0.8166288132993307,1
0,0.6030382006223626,0
1,0.9994427861959813,1
1,0.8197908885407408,1
1,0.7821434713669088,1
1,0.7045281294778882,1
1,0.7863628422132805,0
0,0.6477540559460732,0
1,0.7372101805980074,1
0,0.8300310345729018,0
1,0.9751914408289712,1
0,0.8683102634227133,0
1,0.8946562169434067,1
1,0.6972003502990095,1
0,0.8208292327369697,1
1,0.8822817644565518,1
0,0.7107896298710894,0
0,0.6639700422275008,0
0,0.6165527483418352,1
1,0.6571508423331786,0
0,0.5694455897283008,1
1,0.9655388040957752,1
0,0.8601495262947565,0
1,0.8072061506211083,1
0,0.988226041338225,0
0,0.9097899214643248,0
0,0.5478915246349755,0
1,0.5600953989194797,1
1,0.7454145375732077,1
1,0.7402172527055846,1
1,0.5619334807192988,1
0,0.9740094313020874,0
0,0.8617573568911806,1
1,0.5450344828346407,1
0,0.989480603972592,0
0,0.9304546420249172,0
0,0.9489048468378504,0
0,0.9956810577884885,0
0,0.8413619379307705,0
0,0.657749916485857,1
0,0.7948501786121108,0
1,0.7744419315539153,0
1,0.8536899838188563,1
1,0.5763182045754771,0
1,0.934500988537871,1
1,0.6276217480062912,0
1,0.960128712512067,1
0,0.5877088240890602,1
1,0.8760014804993537,1
1,0.987956304178597,1
1,0.5198854812021728,0
0,0.9386685071688504,0
0,0.831865003915171,0
1,0.8578721258293848,1
0,0.818069469156143,0
0,0.750180619295306,0
0,0.6382133991268246,1
0,0.9087778039989799,0
1,0.987269279243038,1
1,0.9715669336529351,1
1,0.7707278689178374,0
1,0.5218599627329888,0
1,0.6096521495682222,1
0,0.7974866570588767,1
1,0.8105128429176451,0
0,0.6651036051627146,0
1,0.5411334195514088,1
0,0.5599153158260364,0
1,0.6616876189716824,1
1,0.6948115345069451,0
0,0.6221143478368749,1
0,0.8968462473361961,0
1,0.7542252315101751,1
1,0.845656500145375,1
0,0.7000427732026724,1
0,0.7735210046383771,0
0,0.9180708954812099,0
0,0.9483727799155146,0
1,0.9551351653423134,1
1,0.6259047001770106,0
1,0.9012712733072257,1
1,0.941884176088737,1
1,0.8023881154167787,1
1,0.5489811752603289,0
0,0.7809971108346752,0
1,0.732390232488641,1
0,0.8912258909542767,0
1,0.8405571322941673,1
1,0.8649856684694784,1
1,0.6510377577929803,0
0,0.9347907736318498,0
1,0.6189852995694061,1
0,0.6844660296076861,0
1,0.5005148099242186,0
1,0.7728831796772511,1
1,0.7723061512802645,1
1,0.5682200305861687,1
1,0.5611610988558626,0
1,0.9100582414692053,1
0,0.9916675480069597,0
0,0.8783105544316034,0
0,0.9899481374232955,0
1,0.7651218935023696,1
1,0.7421092367099215,1
1,0.894255922995582,0
1,0.7144087484587685,1
0,0.9422372709142133,0
0,0.6503299400996567,0
1,0.8439447545970308,1
0,0.7438964431400936,1
0,0.5776688435155626,0
1,0.9814236253856072,1
0,0.9986648179404801,0
0,0.9956607021033047,0
1,0.8331304251636509,0
1,0.8524276053037484,1
0,0.9778827717361112,0
0,0.5992539430936288,0
1,0.523049409743882,0
1,0.8331475259226796,1
1,0.6494203478133436,1
0,0.8914213693423323,0
1,0.6981462692951542,1
1,0.8422601960668811,1
1,0.5577474660975289,1
0,0.5135960916542872,1
1,0.7743002856471554,1
1,0.7410557143185481,1
0,0.8358281933399455,0
1,0.9306636681515262,1
0,0.5519510689709681,0
1,0.5082629651567232,0
0,0.6464653260123648,0
1,0.8274444070602309,1
0,0.8719915390901685,0
0,0.5122507802512235,0
1,0.9522881026407958,1
0,0.9636201464946214,0
1,0.8321479037380736,1
0,0.9669893062561653,1
0,0.6417110692248996,0
0,0.5195000114131652,0
1,0.9646772102212186,1
0,0.615274601925909,1
0,0.9506400230806114,0
1,0.8896022528991617,0
0,0.6657145089663161,0
1,0.9012763386038084,1
1,0.7857455926519704,1
0,0.8060046209801398,0
0,0.958599637715498,0
1,0.8869260682902996,1
0,0.7459282906073883,0
0,0.9903003778035023,0
1,0.9186928282689996,1
0,0.7505983127951628,0
0,0.9518217974999745,0
1,0.7745886850214857,1
0,0.8967137441466757,0
1,0.9964767820229198,1
1,0.6984826221574391,0
1,0.7976331567323753,0
1,0.6434255473729953,1
0,0.556035554619964,0
1,0.7257975967553637,1
1,0.7841876884984424,1
1,0.9296277781979203,1
1,0.9020164709621585,1
0,0.9889198397255443,0
0,0.8634896987065963,0
0,0.8294165931202047,0
1,0.992421456456419,0
1,0.5730778304479713,1
1,0.8757836052318899,1
1,0.6570710454691921,0
1,0.9893839149791238,1
0,0.7509763105245504,0
1,0.6449910334983101,0
1,0.9631386158730042,1
1,0.5070694175708268,0
1,0.9227140005418057,1
0,0.9228407334104547,0
0,0.8959259333516791,1
0,0.8267392952175352,0
1,0.6991154042584525,1
0,0.9815766427773251,0
0,0.9734530631117992,0
0,0.9318986181055829,0
0,0.884164204155583,1
1,0.6721820015690884,0
0,0.7046259750924346,0
1,0.5571452316514025,1
1,0.7811515427785538,1
1,0.5443288603022638,0
1,0.5652311889840593,1
1,0.5225331471996444,1
1,0.8049538489245682,1
1,0.8373748194001079,1
0,0.9879604036044333,0
1,0.9811346348045211,1
1,0.6801184207458859,1
1,0.8846660610538513,1
0,0.7892038891447376,0
0,0.8822139519141081,1
0,0.8929981817368983,0
0,0.9372312385939152,0
1,0.873305181574706,1
0,0.9544658686244036,0
0,0.8962165817016972,0
1,0.780307644799776,1
0,0.8082050555184815,0
0,0.8275121344311013,0
1,0.9484253516474167,1
1,0.8976598126137533,1
0,0.8429534905759712,0
1,0.9513110977739946,1
0,0.9868223569670516,0
1,0.8152238352531703,1
1,0.8020613725498431,1
0,0.8055506391746277,0
0,0.9646031322296367,0
1,0.8268224531304776,0
1,0.7829070248092129,1
1,0.7199744885245372,1
0,0.961842196278091,0
0,0.7106440660440831,0
0,0.5147235342707113,1
1,0.7222902953318696,0
0,0.9587908646612213,0
1,0.8772742456930069,1
0,0.9628444185744343,0
0,0.8292144411357828,0
0,0.56616773610442,1
1,0.569126484083053,1
1,0.6676994285662705,1
0,0.6329535625217746,0
0,0.8013365838061928,0
0,0.7651099792166546,0
1,0.926790148521396,1
1,0.7545247673559533,0
0,0.5040964078255616,0
1,0.8921202398537613,1
0,0.9394555482911905,1
1,0.6691123273024034,1
0,0.9772685818076272,0
1,0.516965933646715,1
1,0.9534914274253218,1
1,0.9845760910077761,1
1,0.996336942526218,1
0,0.9971400591821635,0
0,0.9984555108993085,0
0,0.8339146304153433,0
0,0.7711146010033513,0
0,0.7345367004998533,1
1,0.971334232444636,1
1,0.9007501842698381,1
0,0.8644693018868372,0
0,0.5535498641784595,0
1,0.9760183360937724,1
1,0.5355311817817047,1
1,0.6091265894489348,1
0,0.9991103586882591,0
1,0.5432330085408494,1
0,0.6866174443728827,0
0,0.9518593754178584,0
0,0.6564324859265389,1
1,0.729900568861997,1
1,0.7088400915875384,0
1,0.9901113786096689,1
0,0.9976572544434988,0
0,0.5378981953026365,0
1,0.9652109111975024,1
0,0.889023574749425,0
0,0.9244270338365821,0
1,0.9847471245672692,1
1,0.8609056071542434,1
0,0.8982375345742477,0
1,0.7398314469805224,0
0,0.6759693225807216,0
1,0.7146322416221029,1
1,0.77516078925919,0
0,0.5612045646690649,1
0,0.9412727140597973,0
0,0.8803403876676893,0
1,0.7549120986044672,1
1,0.9903920327759279,1
0,0.9961554526280446,0
1,0.8165742900441918,1
1,0.989143145460899,1
1,0.9864014957791136,1
1,0.7995779249923738,1
0,0.8336906350483743,0
1,0.8820102286227616,1
0,0.9677389781038942,0
1,0.6691344104377519,0
0,0.9214504936283949,0
0,0.9980546287684822,0
0,0.5266959264533204,0
1,0.7114903791547993,1
0,0.5513697084752568,0
1,0.8219574038420964,1
0,0.8841723737830497,0
0,0.5604984829772452,0
0,0.667803153177565,0
0,0.5409042006522764,0
0,0.7194932532996662,0
0,0.6231906864345615,1
1,0.6875726306246955,1
0,0.8767264479826655,0
0,0.980999776325961,0
0,0.9612128536130343,0
1,0.5926966234520464,1
0,0.683986374139161,0
1,0.5711702310511365,0
1,0.5273501451671986,1
0,0.9523410683208053,0
0,0.5169898958944121,1
1,0.5181561525151016,0
1,0.6196616877055754,1
1,0.9154520408360898,1
0,0.5652454905943154,1
1,0.5263614098413489,0
0,0.6698871785101412,0
1,0.9641198991650743,1
1,0.807728824924182,1
0,0.9962825938448064,0
1,0.6996421623772777,1
1,0.8245358168073662,0
0,0.9498924182185216,0
0,0.8002519676025082,0
1,0.8686441605011601,1
0,0.740831774571576,0
0,0.9233711158770082,0
1,0.9905700019149964,1
0,0.9831630861584951,0
0,0.5233485701859673,1
0,0.7728232936745418,1
1,0.9804400733975767,1
1,0.5080799356004744,1
0,0.5601997622871616,0
1,0.7873944361330056,1
1,0.9421978164908232,1
0,0.7611609291828213,0
1,0.8398296554259448,1
0,0.987963554308191,0
0,0.973425832992658,0
1,0.6170542828208754,1
0,0.9883451750786667,0
0,0.9994289820977903,0
0,0.5628549361984175,0
1,0.9951115543771095,1
0,0.614578403449927,0
1,0.5529041233797394,1
1,0.5510124836640982,1
1,0.8760972813081815,0
1,0.8589556833218002,1
0,0.868574331046692,0
0,0.7974398852904574,0
0,0.6098390765144618,1
1,0.6909959628755308,0
0,0.9904604589325192,0
1,0.5373538935347084,1
1,0.8718074981443472,1
0,0.879554259435316,0
0,0.7827071419762978,0
0,0.9681192803778846,0
0,0.5306340278834197,1
1,0.5436088398551321,1
0,0.5100607289203631,1
0,0.6462338738348061,0
1,0.8835837460256757,0
1,0.8661558477869644,1
0,0.7354099612559895,0
1,0.8958519293792242,1
1,0.9651681735185563,1
1,0.8130658647231336,1
1,0.558981755858889,0
0,0.887954663222608,0
0,0.9330865328177165,0
0,0.9230586547708023,0
1,0.5576137777805974,1
1,0.8567704026077781,1
1,0.8420251995797795,1
1,0.8892246862593732,1
1,0.5676316878119738,0
0,0.6772303765620051,0
1,0.5029578275570378,1
1,0.6313457902472649,1
1,0.9048967305666208,1
1,0.7493780338562998,0
1,0.7246170363143413,1
1,0.6368880879442642,1
1,0.852089514248756,1
0,0.7932880688813215,0
0,0.9918704280098166,0
1,0.7254019521320341,1
0,0.9425997993163103,0
1,0.7326123361711868,1
1,0.9037735044415532,1
1,0.9980847433070135,1
1,0.8099859258836257,1
0,0.8142079532871779,0
1,0.6615653086759826,1
1,0.8031957855966254,1
1,0.5912695427344854,0
0,0.5187530641929907,0
0,0.9770383256610002,0
0,0.9085049080421864,0
0,0.9261302477937768,0
0,0.9744410791252517,0
0,0.9675025874035633,0
1,0.9677231258893514,1
0,0.5222882261992948,0
0,0.9168755496633192,0
0,0.9979641498478286,0
0,0.9900501768613718,0
0,0.7384344318324813,0
1,0.5120863435199728,1
0,0.9903716666074742,0
0,0.8506285183872248,0
1,0.9168904499073268,0
1,0.8549276289133367,1
0,0.8089251330151649,0
0,0.9099717913817786,0
0,0.9493536781600203,0
1,0.8417266644433171,1
1,0.8705179046353473,1
0,0.9172712573979728,0
1,0.9305336054524763,1
1,0.9505868878737725,1
0,0.5115230388440832,0
1,0.862477653071059,1
1,0.5027398229903562,0
1,0.8846350316977516,1
1,0.9894049787615994,1
1,0.7446145790926442,1
0,0.7727641199528842,1
0,0.8837784787261409,0
0,0.8568131770141838,0
0,0.6231578561255731,0
0,0.6923667173485534,0
1,0.6250965226127732,0
1,0.6232192314604527,0
1,0.7748548107530657,1
0,0.9980236200099966,0
0,0.9731383702911011,0
1,0.5413785498571428,1
0,0.8688439167885067,0
1,0.9428999262605355,1
0,0.9869869738534977,0
0,0.9653210442271758,0
0,0.8618492318672704,0
1,0.7336316912306526,1
1,0.9623578514540572,1
1,0.9584812521099891,1
0,0.7702528928145014,0
0,0.9994231993174427,0
0,0.7577213224051738,0
0,0.9893378359289285,0
0,0.8767173555839213,0
1,0.8430229080029454,1
0,0.9964398605781585,0
0,0.5478316642810774,1
0,0.9887735368471646,0
0,0.893369716561684,0
0,0.5131161287149292,0
0,0.6462225182844408,0
0,0.9950979279444045,0
0,0.783420314358293,0
0,0.9689781259545444,0
1,0.8600792559075159,1
0,0.6492442584261815,0
1,0.7011751366844095,1
0,0.6712126935994399,1
1,0.9800024795913698,1
0,0.6378848406688764,0
0,0.5689918388393267,1
1,0.7321859338066296,1
0,0.5388136652873978,0
0,0.6106734948694249,0
1,0.8478276747362843,1
1,0.8699032108796777,1
0,0.8546079259836686,0
0,0.876359377183137,0
0,0.973427874608221,0
0,0.7344519366218003,1
0,0.7657480754832968,0
1,0.6117528989678825,0
1,0.5886047618475968,0
0,0.634063882277871,0
1,0.8903352592696916,1
0,0.6615882782017511,1
1,0.944274088950479,1
0,0.5827291997862589,0
1,0.7175399526527219,1
1,0.5519165488431099,0
0,0.8008000845372647,0
1,0.8776322711850629,1
1,0.8100432275237666,0
0,0.8821587123269865,0
0,0.8292580125808664,0
1,0.5140097546805956,1
1,0.7083070050978947,1
0,0.9697092529392088,0
1,0.6919715848291967,1
1,0.9366840027171718,0
0,0.9962510572863141,0
1,0.5776475121969892,1
0,0.9827375268207282,0
0,0.6994024385719427,1
0,0.5867555801952486,0
1,0.5768468644651847,1
1,0.8816816490677224,0
1,0.8611885450402177,1
1,0.6859661562724597,1
0,0.7968033200857074,0
0,0.7623056420151869,0
1,0.8777529915346015,1
0,0.5735923624888526,0
1,0.6100719714957095,1
0,0.7391331570620465,0
0,0.5564745531796536,1
0,0.508708161128746,1
1,0.9412502537603816,1
0,0.9941803971342422,0
1,0.6626819741161081,1
1,0.7413159338389085,1
0,0.6586653479786015,0
1,0.9201763977967966,1
1,0.6214446959469964,0
1,0.8861082132247886,1
0,0.7703967438516992,0
1,0.7487201627000796,1
0,0.7112753831677825,0
0,0.9567298172089509,0
1,0.9252473809285072,1
1,0.8742920230881288,0
0,0.8276359954868342,0
1,0.8058094548770679,0
1,0.7410088585804098,1
1,0.9426913545314215,1
0,0.5347513257432785,0
1,0.5871687656379064,0
0,0.7631270959798101,0
0,0.972937609880102,0
0,0.9915016466040335,0
0,0.6234118902852336,0
0,0.7010059224282721,0
0,0.740540082302643,1
1,0.7295990810191278,1
0,0.7283842480346012,0
0,0.6468369162163532,0
0,0.6061374488731648,0
1,0.7004157583779592,1
0,0.9862353756158044,0
0,0.6007183587188625,0
0,0.7447292435055632,1
0,0.8887808028347013,0
0,0.9035191661068892,0
0,0.7199095587826304,1
1,0.9304254123592811,1
0,0.9926680505144244,0
1,0.9988619206842851,1
1,0.9974751226555721,1
0,0.947600978631585,0
1,0.7428824508120709,0
0,0.9335931578957026,0
0,0.558981200165407,1
1,0.6185818270117233,0
0,0.9890473925490914,0
1,0.5620356722379058,1
0,0.9147696178943677,0
1,0.8213483495077853,1
0,0.7708895089114751,0
1,0.9919605061223808,1
0,0.7903679582070187,1
1,0.8381339548021447,1
0,0.7020126905633226,1
1,0.9845876335976113,1
0,0.9137575861748175,0
0,0.7796782552638755,0
0,0.9266382837161997,0
1,0.9085840829815715,1
0,0.885266449308331,0
1,0.8906880839563276,1
1,0.9739615788076941,1
1,0.7943626167064843,1
0,0.9492211021463746,0
1,0.9415347577648744,1
0,0.8640949529881115,0
1,0.9855071079448702,1
1,0.9067096615266635,1
0,0.9979182513592928,0
1,0.5713988638494292,1
1,0.9728484998458211,1
1,0.5960105080288829,0
1,0.7136003574604224,0
0,0.8802891746538015,0
1,0.5298586145793321,1
1,0.7898170511927305,1
0,0.6814724482923249,0
1,0.5961635469236748,0
0,0.9416094272015914,0
1,0.682141255338095,1
0,0.5048765725220405,0
1,0.5050797314715197,1
0,0.7276450528110405,0
0,0.5765596248753198,0
1,0.5410141914902901,0
0,0.5999584465708871,1
0,0.9720132186755913,0
0,0.7940934012379056,0
0,0.9792978928679751,0
1,0.957037231991517,0
1,0.9615425984406285,1
0,0.8755711306560532,0
0,0.975067232568114,0
0,0.8187364601755127,0
1,0.8646977031919093,1
0,0.9546984101074607,0
0,0.9570757127022498,0
0,0.6419662249271458,0
1,0.9253396442153438,1
1,0.7756378634168948,1
0,0.7029170274921305,1
1,0.8190880496534345,1
0,0.803443877032711,0
1,0.7270514802571805,1
1,0.8186470153681179,1
1,0.9204674836535982,1
0,0.9222321345004815,0
0,0.572472188203478,0
0,0.9727017573930394,0
1,0.7218426072209214,0
1,0.7041019626302679,1
0,0.5100197812178764,0
0,0.9612401793679507,0
1,0.6167231483375973,0
1,0.914416336146765,1
0,0.8789552058359567,0
0,0.7974649834639148,0
0,0.8220416162780155,0
0,0.9978046426820795,0
1,0.8404991218774753,1
1,0.8585296023571296,1
0,0.9826519496971162,0
0,0.6964355306991947,0
0,0.7197489094296281,0
0,0.593865487884236,1
1,0.6620666402875407,1
0,0.5158951630230096,1
1,0.8803368539129273,1
1,0.9807063008537625,1
1,0.6917194898694798,1
1,0.9496994363518027,1
1,0.5244440117659573,0
1,0.555492534172312,0
1,0.537791367929062,1
0,0.8201022008602176,0
0,0.9274327095831721,0
1,0.8685590399189322,1
0,0.743846133192219,0
1,0.6980133839946644,1
0,0.9917497093025546,0
0,0.8746360999224885,0
0,0.9939759518894006,0
0,0.9101537954707067,0
0,0.64931756695693,0
1,0.9574921884449085,1
1,0.8732629295192912,1
1,0.5143238325766505,0
0,0.5279299902549737,0
0,0.8876944008843982,0
1,0.9676855858466377,1
1,0.9159990154754826,1
1,0.9534058107013375,1
1,0.9774954043052809,1
1,0.5465734058245487,0
1,0.7643328036641333,1
1,0.7306100688280154,1
0,0.5437807861596223,0
0,0.9481316830089334,0
0,0.6953745038413657,0
0,0.8982107062532104,1
1,0.9404699122804957,1
0,0.8809964478593502,1
0,0.7706055750974141,0
0,0.6364831460152289,0
1,0.6133847077013461,1
0,0.9514657228852468,0
1,0.8936890832172135,1
0,0.8928993594666357,0
0,0.5577322040299368,1
0,0.7825293697850152,0
1,0.686032332158129,1
1,0.7957917180501254,1
1,0.95986329006008,1
1,0.607518141603271,1
0,0.6201836504796576,0
0,0.8113623387711321,1
1,0.8996664209656168,1
1,0.8165219476797897,1
0,0.5916542443989314,0
1,0.956924043730554,1
0,0.9945903647150303,0
0,0.9915915364451625,0
1,0.8769660794037153,1
0,0.7193777410736722,1
1,0.6007018933196868,1
1,0.9865547800749963,1
0,0.6519122172558053,1
1,0.6031568688507031,1
0,0.974366484710473,0
1,0.8683333579061955,1
0,0.9961663817030013,0
1,0.7753212069349378,1
1,0.785801731883281,1
0,0.9542053890577067,0
1,0.6874823442667738,0
1,0.5919519917660018,1
0,0.8795562886704819,0
0,0.5600037510367466,1
0,0.9124115152571272,0
1,0.9334894280791137,1
1,0.986921982631335,1
1,0.9380558238587674,1
0,0.9130540572778901,0
1,0.8037515985786223,1
0,0.9893142652216719,0
0,0.5302179279903084,1
1,0.802187126415927,0
1,0.8248080800233659,0
0,0.7860222824973142,0
1,0.8649686271794575,1
1,0.7255162549091003,1
1,0.5522808436886503,1
0,0.5508953451491276,0
0,0.6572954682829633,0
0,0.7040163875799665,1
1,0.6673122300939869,0
1,0.5987936879280126,1
1,0.8273734450425656,1
1,0.9855085846360095,1
1,0.9769032920169333,1
0,0.7269398466418492,0
1,0.5018540626633534,1
1,0.6090725109132751,1
1,0.7020130661328914,1
0,0.5633627121325546,0
1,0.9284349207683262,1
0,0.9229628254320972,0
0,0.721102801408819,0
1,0.8933412000452859,1
0,0.9904731561612108,0
1,0.9656282852323402,1
0,0.6478831616166512,0
0,0.9674061534592943,0
1,0.7875540069512651,1
1,0.9225698826094225,1
1,0.5278575777228588,0
0,0.9846169839679211,0
1,0.5553325576560736,1
1,0.7771762948296216,1
1,0.6808973604916448,1
1,0.7868205464092756,1
1,0.6849369823907645,1
1,0.992029869077952,1
1,0.8588543397352536,0
1,0.7332572024033129,0
1,0.9098998311799495,1
1,0.950382205685855,1
1,0.9553473999753526,1
1,0.8552377128242555,1
1,0.7983816943940155,1
1,0.9693476514307431,1
1,0.9548625888675423,1
0,0.9430159318954019,0
0,0.918041599868975,0
1,0.5018180399076031,0
1,0.8050017466070976,1
1,0.6381952084274637,1
0,0.5658875062340532,0
1,0.753907413331799,1
0,0.9270148464449861,1
1,0.6543154602402568,1
0,0.9468927376950899,0
1,0.8935541937680668,1
0,0.9017386623244291,0
1,0.7132469765026985,1
0,0.9784653551042024,0
1,0.9590491780532902,1
1,0.9389910762934092,1
1,0.8430769021539125,1
0,0.8567872739344048,1
0,0.5295122988062855,0
0,0.6334044034958675,0
0,0.8047800667910368,0
1,0.9071340271000857,1
0,0.9595468167843971,0
0,0.7487461357727424,0
0,0.6786556498412522,1
0,0.810268652935633,0
1,0.9440166394975802,1
1,0.597013990723468,1
0,0.9032944445596129,0
1,0.6998260102474316,0
1,0.8990287052226004,1
1,0.6439262063397084,1
1,0.7803951014529898,1
0,0.9420775377188882,0
0,0.9232202374542164,0
1,0.8407591112622982,1
0,0.9557501401370228,0
0,0.6111429374666579,1
0,0.9524258765281699,0
0,0.9908434682850698,0
1,0.8031749702496064,0
1,0.8128301302917306,1
0,0.9636479494671722,0
0,0.9881434794723555,0
1,0.516735675140294,1
1,0.7691842626801305,0
0,0.9945376089949968,0
0,0.9441655126300256,0
1,0.8675598114637142,1
0,0.9349181036018516,0
1,0.6361869778010819,1
0,0.9920601177270373,0
0,0.9165484907509754,0
1,0.7106550180474406,0
0,0.9785036775507483,0
1,0.628884843302269,1
0,0.9838886242810208,0
1,0.7344014718118194,1
1,0.6462941965707342,1
1,0.9434375974035499,1
1,0.9638112670786372,1
1,0.850780615726845,0
1,0.8345045980201391,1
1,0.7653841246836767,1
1,0.7250340398461197,0
0,0.6902070205098004,1
1,0.9231596898388357,1
1,0.5827041471258975,1
0,0.9973910944428356,0
1,0.5700100120081474,1
1,0.9437191408307086,1
0,0.8462262916966818,0
0,0.6709757242936725,1
0,0.9018859772011152,0
1,0.6820378061305707,0
1,0.5422369378707216,1
0,0.6791020572013524,1
1,0.5714480886123683,1
1,0.8979304676847899,1
1,0.7733478009989565,0
0,0.5632663599790761,0
1,0.603612812192402,0
1,0.8702722875724745,1
0,0.6720331462363851,1
0,0.9809572708804251,0
0,0.7904558676769233,0
1,0.7835307436794804,1
1,0.5968155508341713,1
1,0.8119324910994304,1
1,0.6682563159177961,1
1,0.9463657272938484,0
1,0.5840132840042549,1
0,0.8600086875817162,0
1,0.6017561182647554,0
0,0.9446490002366954,0
0,0.5766149882507072,1
0,0.8793349643597027,0
1,0.728123615041149,0
1,0.7524406211620859,0
0,0.8775810860020474,0
0,0.8954473146113062,0
0,0.6542342232200815,0
1,0.9321004551075918,1
0,0.929530429607262,0
1,0.5605767487247626,1
1,0.8661360300664952,1
1,0.773239613509974,1
1,0.6822095068867067,1
0,0.9956103392431146,0
0,0.804645489896398,1
1,0.520857795709325,0
1,0.8200217249767052,1
0,0.9628364130311756,0
1,0.9079574154512643,0
1,0.8251077380871987,1
1,0.8901425882994387,0
1,0.5983881725801342,0
0,0.9649330585829332,0
0,0.7877481141068966,0
1,0.6682678814370281,0
0,0.8961900388676469,1
0,0.9953843072867313,0
1,0.6920330364004836,1
0,0.750341166499781,0
0,0.8825497525677044,0
1,0.7817178117337616,1
1,0.8844146853793905,1
1,0.7282994097973581,1
0,0.699812893449252,1
0,0.9248382617756119,0
0,0.7689865525283924,0
0,0.5919050607490839,1
1,0.9252119808013908,1
0,0.783412195445274,0
1,0.7356379153073471,1
0,0.9985987312076497,0
0,0.8777850936495502,0
1,0.9562263089281979,1
0,0.6174268017880429,0
0,0.9818977058088036,0
1,0.9980862682470044,1
1,0.8788497312864987,1
1,0.6151991903268281,0
1,0.5559064411023589,0
0,0.5318454222262969,0
0,0.9960001652107321,0
1,0.9811605319009247,1
1,0.6096607395128576,1
0,0.8804799993860419,0
0,0.9444151452893379,0
1,0.9872621309921694,1
0,0.5009533395687206,1
1,0.9445334321560883,0
0,0.755296526806904,1
0,0.9099163844140526,1
1,0.9745753040794659,1
1,0.9617556844456161,1
1,0.7582433259814536,0
1,0.9741857980586002,1
0,0.73315318553836,0
1,0.9371616576110164,1
0,0.814909947028899,0
0,0.827907214438307,0
1,0.7024996901821117,1
1,0.9240471528003023,1
0,0.8450409008598266,0
0,0.9130648846191711,0
1,0.9467750052228745,1
1,0.9404174805081955,1
0,0.8745908797768496,0
1,0.862236145831848,1
1,0.8251715729117192,1
1,0.5500121831004853,0
0,0.9156785808230511,0
0,0.5705386833635196,1
1,0.623190086508645,0
1,0.6435462427969281,1
0,0.9974856030398853,0
1,0.7070388369203982,1
1,0.9606339476296626,1
0,0.9947328873570527,0
0,0.9924079624694818,0
0,0.7503901525139233,0
1,0.7131394860620774,1
1,0.814558479769125,1
0,0.586401802668324,1
1,0.636906744690901,1
0,0.8957445238689916,0
0,0.9654463749433709,0
0,0.9965864731554498,0
1,0.860421100937899,1
1,0.5424568681370234,0
0,0.7307895992628232,0
0,0.9183565180475133,0
1,0.8374630333630952,1
1,0.9964813921920228,1
1,0.8211152046343438,1
1,0.5144815551097321,1
1,0.9067585149343446,1
0,0.6060908524320583,0
1,0.6957439985126371,0
1,0.7209868080797528,0
1,0.8599097047310208,1
0,0.5517050640339412,0
0,0.9078077412468708,0
1,0.8868547685140555,1
0,0.5597152007395416,0
0,0.7287149146694358,0
1,0.5968347334921505,1
0,0.9551533243182085,0
1,0.8552254286178513,1
0,0.8748795474914602,0
0,0.687272198408446,0
0,0.5272558546237667,0
0,0.5802865790087008,1
0,0.8375107670813874,0
1,0.8189749270882613,0
0,0.9919193259811373,0
1,0.9146089175530269,1
0,0.9920828320482574,0
0,0.8370394652990238,0
0,0.6236271389610528,0
0,0.9998939475109079,0
1,0.7965496356670757,1
1,0.8012639349640887,1
0,0.5628578244391647,0
1,0.9043210583423296,1
0,0.5953213598919045,1
0,0.9977572215923612,0
0,0.900880843725724,0
0,0.967253370669251,0
1,0.5577251678748416,0
0,0.8826843222639622,0
0,0.6111521265565036,0
1,0.7863069257672238,0
0,0.9925870859995553,0
1,0.6708722505380176,1
0,0.9942364154606612,0
0,0.7503189995121416,0
1,0.8290220055005572,1
0,0.5564848146017873,0
1,0.6716557360977204,1
1,0.8854340136744177,1
1,0.6131517910526859,0
1,0.9331774070200267,1
0,0.9504469530156378,0
1,0.9036159261569295,1
0,0.5785187000241814,1
1,0.9396519644189535,1
0,0.6272918366214422,0
1,0.8659190341484941,1
1,0.7758504907867886,1
1,0.604712914172427,0
1,0.7392630402811855,1
0,0.7495564059935914,1
0,0.8805706195343392,0
0,0.6997316716676063,0
0,0.9973190704899028,0
1,0.8513468017141408,0
1,0.6708514240936343,1
1,0.6809980439710834,1
0,0.7312159088031307,0
0,0.733023498060548,1
0,0.8668684705508396,0
1,0.9996131405831146,1
0,0.9616801727136361,0
1,0.9458391068201293,1
1,0.6619409072548703,0
0,0.6905262088858968,1
0,0.9317446864729122,1
0,0.9437677317550812,1
0,0.9815998462718096,0
0,0.9787265797698096,0
1,0.9730325931239084,1
0,0.6598052173482032,1
1,0.8155350736911613,0
1,0.9712682655045644,1
1,0.9102238237968583,1
0,0.6625426646248023,1
1,0.9899670372259766,1
1,0.5136733681127967,1
1,0.8492980516539217,1
0,0.9838949070596548,0
0,0.5247135594371529,0
0,0.8759673005635668,0
1,0.6049079097855504,0
1,0.9485134043521788,0
0,0.9767584990436666,0
0,0.8870938379404344,0
0,0.9699422770948434,0
1,0.7650196647221347,1
0,0.9923852528198654,0
0,0.9921675030855294,0
1,0.9324734350046258,1
1,0.9715070399403101,1
1,0.7025815436930836,1
0,0.8813710205349411,0
1,0.8271798306933736,1
0,0.9280117561096145,0
1,0.948160255019417,1
0,0.5728666923546324,0
1,0.6131397134942995,0
1,0.818390458259011,1
0,0.9983079492734177,0
1,0.9108900127499695,1
1,0.9986253476468101,1
1,0.9933215398201717,1
1,0.5501538004590144,0
1,0.7654441916328455,1
1,0.9848198675809922,1
0,0.6678311510613866,1
0,0.7322355390196029,0
1,0.9105804623984581,1
1,0.9554499670472226,1
1,0.6074369046970296,1
0,0.704707579610389,0
0,0.6552001626343136,0
1,0.763169333149746,0
1,0.8503503108423186,1
1,0.606543719936479,0
0,0.8891486702303916,0
0,0.7878115807486135,0
0,0.8731771579289296,0
1,0.9259656750596834,1
1,0.5279323408573898,1
1,0.5397844967689577,0
1,0.9159441284331421,1
0,0.8710147403193012,0
1,0.9548716543822265,1
1,0.9719051527692384,1
0,0.7688607099097823,0
1,0.6554224776608871,1
1,0.8177602074221025,1
1,0.7326381981442657,1
0,0.852514773607252,0
1,0.9903604431470672,1
0,0.9718862355979258,0
0,0.9740872364946845,1
0,0.7900957251041832,0
0,0.9913991218671199,0
0,0.9910425028866797,0
0,0.9580496765495793,0
0,0.5785688676225651,0
0,0.7592134504932092,1
1,0.8037903372936507,1
0,0.7452482813714894,1
0,0.6695009638325162,0
0,0.882615372135515,0
1,0.9871899556948981,1
1,0.778095151329258,1
1,0.9147783168736212,1
0,0.9471668359970992,0
0,0.8545626413739539,0
0,0.9084709634020418,0
0,0.9711550201528563,0
1,0.8872530537695998,1
1,0.8808409667792694,1
0,0.7395999592088944,0
1,0.9483367002680705,1
0,0.9907331967994506,0
0,0.995490127378491,0
0,0.9997306516000083,0
1,0.9874398261488571,1
1,0.7166422240025974,1
1,0.6461656988339451,1
0,0.793498212369929,0
1,0.6147849812774709,1
1,0.8511749343655118,1
1,0.9312247684649577,1
1,0.9275478857071399,1
1,0.5192767730796867,1
0,0.968591075801451,0
0,0.5800344264437297,0
0,0.9335748247078246,0
0,0.9979190487626336,0
0,0.8194279725158786,1
1,0.9920475006966868,1
0,0.6300679090597303,0
1,0.60663186682563,1
0,0.9828338221486296,0
1,0.9889942302228865,1
0,0.9164101507045319,1
0,0.517559075200589,0
1,0.8530742586248699,1
0,0.9615239457609558,0
1,0.5522593444779639,1
1,0.529303091785969,0
0,0.9283422085259879,0
1,0.8909375561880486,1
0,0.7833745038147,0
1,0.92033050965153,0
0,0.9550495860289063,0
0,0.9647246697601668,0
1,0.6878454981561757,0
1,0.7662610073343333,0
1,0.571189116752401,0
1,0.8830694882038598,1
0,0.8983560516641593,0
1,0.7258378735997254,1
1,0.5167135289578018,0
0,0.8642394674678376,0
1,0.8293320529913744,1
0,0.5541233216410393,0
1,0.724113287684327,1
0,0.8031369238943099,0
1,0.9599835705810219,1
0,0.5450855195151942,0
1,0.8061495305374649,0
0,0.8029166178793992,0
1,0.9456262154036466,1
0,0.9495689885678285,0
0,0.9900296206319099,0
0,0.9842502080667189,0
0,0.5907811823702245,0
1,0.8058778390079803,1
1,0.8922305468306878,1
1,0.8979136957271655,1
1,0.9978099678819564,1
1,0.9885862485011626,1
0,0.9995638954275737,0
0,0.6113327825057706,1
0,0.9646474630845627,0
0,0.9285751195239099,0
0,0.5927559982726446,1
0,0.852953951042208,0
0,0.6507847114369516,0
0,0.9664613611449965,0
1,0.997350216851709,1
1,0.8478403670297363,1
1,0.7459053515737579,1
1,0.6021417946730147,1
1,0.795754875546206,0
1,0.7684984153052725,1
0,0.8457136893681365,0
0,0.8390346338934606,0
0,0.8602452172304628,0
1,0.501163990896746,0
0,0.5759058914608073,1
1,0.5463147521305433,0
0,0.9936500147155131,0
1,0.5273239767283157,1
1,0.8669162884166715,1
0,0.6411497267093189,0
0,0.7353410295977514,0
0,0.5298007383903334,1
0,0.9988762097561759,0
1,0.763532548367472,1
0,0.6834607649231822,1
0,0.7169069296540489,0
1,0.857991609697347,1
0,0.5029057454228052,0
1,0.9377937717883491,0
0,0.9285160987580322,0
1,0.820717401967797,1
0,0.9904211938120331,0
0,0.9700622455246118,0
1,0.6581159566163199,1
0,0.6688178304423007,0
1,0.5139524883081397,0
0,0.8629272142714144,0
0,0.9505381816602128,0
1,0.50511907466884,0
1,0.5963762168890188,0
0,0.6010936177845685,1
1,0.8506619042897249,1
0,0.9936811303561721,0
1,0.9760256995752018,1
0,0.9767516459222285,0
1,0.8761869853070976,1
0,0.717544684683944,0
0,0.8235148905969538,0
0,0.8565077340596288,1
0,0.9730535436465878,0
1,0.7834057911199708,1
0,0.7898083273682549,0
1,0.6659752001357804,1
1,0.9935948246561119,1
1,0.7677818766632483,1
0,0.9473081416669172,0
0,0.8412302461958304,1
1,0.8280234508800012,1
0,0.5772422758521896,1
1,0.6877675764043738,0
0,0.6615223016639316,0
0,0.9879846362456738,0
0,0.9195235637573095,0
1,0.6349844600217021,1
0,0.966770869239038,0
0,0.9946567133835318,0
0,0.983266121625733,0
1,0.5785126178183136,1
0,0.684745558961261,0
0,0.9751257768941746,0
1,0.8746971230150792,1
1,0.5830187532039834,1
1,0.9875216076666331,1
0,0.9012514815070443,0
0,0.6326832836542434,1
1,0.6624679785458736,0
0,0.5010506077647532,1
0,0.9956740997985639,0
0,0.9351463335544692,0
0,0.998947136703447,0
0,0.985559846913974,0
0,0.8404533910219483,0
1,0.8801669749798593,1
1,0.8070643672117135,1
1,0.633918279048124,1
1,0.9433094768298019,1
0,0.8880445969463959,0
0,0.988656060156948,0
1,0.5976100670281832,1
1,0.772214619730372,1
1,0.5298145620744261,0
0,0.8607659260432665,1
1,0.7129533176603917,1
0,0.9166359149931865,0
0,0.9860090536123755,0
1,0.7011153600208143,1
0,0.5716956974033558,1
1,0.8524797579130627,1
1,0.9434401703396816,1
1,0.6542119365918422,1
1,0.8157583558729145,1
1,0.9720301011148288,1
0,0.6332380483844341,0
0,0.8713644536780194,0
0,0.9093948276818822,0
1,0.5502801706482865,1
0,0.8069813365262485,0
0,0.5067962307815992,0
0,0.9982635395471045,0
1,0.5975738417932018,1
0,0.8867625408843101,0
0,0.937993104339268,0
1,0.8984799864422283,1
0,0.7974416234340292,0
1,0.9663739215445184,1
0,0.540124406290783,1
0,0.9245792982648031,0
0,0.9928126897587914,0
0,0.8271507745168235,0
1,0.5677259055086933,1
0,0.917795119728157,0
1,0.8181390346424368,1
1,0.7715886005831036,1
0,0.5420941998226038,0
1,0.9896768858746359,1
1,0.6864773758102047,1
1,0.8394252988528771,1
1,0.5675644153804275,1
0,0.6880672342554335,1
0,0.6137243911059134,0
1,0.7711990215932859,0
0,0.5069242363650304,1
1,0.6459503545950472,1
1,0.9358396946877465,0
0,0.9979822253100993,0
0,0.7722746621301869,1
0,0.9248646509344511,0
0,0.8715156026692908,0
1,0.8974362085559502,1
0,0.8691132358892186,0
0,0.6997531655680937,0
1,0.6849938571045823,1
1,0.5786109400576862,1
0,0.7362949490195865,0
0,0.726119344769678,0
1,0.7579414169164728,1
1,0.8928100507144939,1
1,0.7990626457176707,1
1,0.9666694204793308,1
1,0.9477147020062783,1
1,0.7793620553592584,1
0,0.551872964222881,0
1,0.8908293668509166,1
0,0.9927852576709029,0
1,0.6909885469779137,0
0,0.988603639772775,0
0,0.5992967101945252,1
0,0.7640376634835031,0
1,0.6166861878691617,0
0,0.9954450377063132,0
0,0.5333595657557955,1
0,0.942286977372123,0
0,0.8121928193454114,1
0,0.91210769876375,0
1,0.9970513026667821,1
0,0.9851595940338814,0
1,0.5959608460623714,1
1,0.711804893520935,0
0,0.7350976330730541,1
1,0.7027254284733901,0
1,0.5739942890377474,1
0,0.7817708144843541,0
1,0.5407763576141011,1
1,0.7418916608401246,0
1,0.9701231542896973,1
0,0.6205254963096021,1
0,0.8996881221884908,0
1,0.5673300809748423,0
0,0.6321436400184569,0
1,0.9482208011904256,1
1,0.5658799122892726,1
1,0.9564193573108714,1
1,0.5405831943050686,1
0,0.9997120011994469,0
0,0.8886256225963287,0
1,0.9752646268606056,1
0,0.7004513454047219,0
0,0.7049689671337322,1
0,0.9412980215307573,0
0,0.9809910832865765,0
1,0.932064392653422,1
0,0.7968343175706938,0
0,0.9907681457303232,0
1,0.709886428462773,1
0,0.9848525746884327,0
1,0.5594128371410586,1
0,0.9971588358289362,0
0,0.9458244192122524,0
1,0.8212761200618658,1
1,0.5266758236410187,1
0,0.9189330547233152,0
1,0.7825774661040796,1
0,0.7363116084009872,0
1,0.7825213954680592,1
0,0.6823396284706756,0
0,0.8548084682280235,0
1,0.9504254691893789,1
1,0.9724510558974426,1
0,0.6212131773613319,0
0,0.9799009741312023,0
0,0.991896735639557,0
1,0.5908748781013095,1
1,0.83780821995022,1
1,0.5418644295627725,1
0,0.5043918903946422,0
0,0.9590876658454075,0
1,0.5684202445439901,0
0,0.9336595273127917,0
1,0.5506968652652425,1
1,0.8937475736412345,0
1,0.6902236474136475,0
1,0.6561055999342822,1
0,0.9943795484457186,0
1,0.844907504829073,1
1,0.8468652872652707,1
1,0.6930106685698613,1
1,0.768261550636736,1
0,0.9970894470909195,0
1,0.9385647703318167,1
1,0.915372192663394,1
1,0.6042142769084919,0
1,0.5963377254536885,1
1,0.7762802363947465,1
1,0.7914245999988515,0
0,0.6634809505804795,0
1,0.8520971783787007,1
1,0.6965877378113203,1
0,0.9193199675088416,0
0,0.5257969738188806,1
0,0.8975915927739643,0
0,0.6622855093715663,0
1,0.7414603898318977,1
1,0.7199363287751784,0
0,0.8824971417113987,0
1,0.9808540003568547,1
0,0.5991012283214192,1
0,0.8305743249682865,0
0,0.772340827390926,0
0,0.8258509162968382,0
1,0.5403167681332137,0
1,0.917170876110955,0
0,0.9885990153845559,0
0,0.5816208029808042,1
0,0.9269055797334973,0
1,0.9711091732259538,1
1,0.9961603230281649,1
1,0.8542581448964868,0
0,0.9625457398317763,0
1,0.8571847714151496,1
0,0.5688794920974295,0
0,0.6977491881836466,0
1,0.9639255971198223,1
0,0.633824675282876,1
1,0.8396389844282354,1
1,0.5331232193841559,1
1,0.8323473287736058,1
1,0.5982949392898742,0
0,0.8200781811346218,0
1,0.814396526117418,1
1,0.5481255249703156,1
1,0.838030908075266,1
1,0.9641073018173787,1
1,0.8635482545478687,1
1,0.9784886184890447,1
0,0.9957402928435622,0
0,0.8648750262051925,0
1,0.8899658414571239,0
1,0.8459866659014273,1
1,0.6141131196437614,1
0,0.9849939205809607,0
1,0.8738237077166765,1
1,0.5014727867363131,1
1,0.9144756401840892,1
1,0.6532119437458894,1
1,0.9121652186549726,1
0,0.6209169151790739,0
1,0.5596599735214374,0
1,0.8481445984664323,1
1,0.7479586630750724,1
0,0.9084406162758275,0
1,0.8952715734731848,1
0,0.998121466240516,0
1,0.8715479456363998,1
1,0.8421680587643557,0
0,0.9898310893006453,0
0,0.7552413647222037,0
1,0.5015506036192431,1
1,0.9952448282361346,1
0,0.5819134951201028,1
0,0.7381210526281661,0
0,0.8560938627731326,0
1,0.585186106900131,1
1,0.9975667739599685,1
0,0.9983446586567841,0
1,0.7308781296308198,1
1,0.9274583407057089,1
1,0.9686385147619379,1
0,0.6032831437972996,1
0,0.8440649287329347,0
0,0.9993509535630831,0
1,0.5830925177174476,1
0,0.9994416851384725,0
1,0.8570349749441777,0
1,0.9528761679407826,1
1,0.9691543817543637,1
1,0.8883241233402304,1
1,0.52951460298149,0
1,0.9430163033352236,1
1,0.9043608971820897,1
1,0.8083260111041453,1
0,0.7943113420291411,0
0,0.6217940003690596,0
1,0.9408525263766865,1
1,0.5409534740686721,1
1,0.7497961070356215,1
0,0.9980534411439785,0
0,0.991798410558749,0
1,0.8023561892305582,0
0,0.6745814820610843,0
1,0.9230409066799855,1
0,0.8044427542105266,0
1,0.6206035257720283,1
1,0.6310426751003546,1
0,0.5487069114454571,0
1,0.5397849993746325,1
1,0.9520614611857207,1
1,0.790979504134856,1
1,0.6921574204671557,1
0,0.6156901215993688,0
1,0.6705441250383066,1
1,0.5616488628835788,0
1,0.9771813555524618,1
1,0.7128990082209428,1
1,0.6685540710036803,0
1,0.6269717587194252,1
1,0.5850846880453172,0
0,0.8107946528275184,0
0,0.8052952734378127,0
0,0.923797321751653,0
0,0.8018478025007498,0
1,0.9842920682422256,1
1,0.9755947971147841,1
0,0.997489299205799,0
1,0.6446462069293168,1
0,0.87305344563144,0
0,0.9999754793951297,0
1,0.9665096547523405,1
0,0.5164237921043613,0
1,0.8581930628292516,0
1,0.7278768812710812,1
0,0.7078653203166492,0
1,0.9520138552103394,1
0,0.8922206743280056,0
1,0.7057886366110588,1
0,0.8546326379455051,1
0,0.6358729181720559,0
1,0.636128763905303,0
0,0.96764020829312,0
1,0.7933289699722377,1
1,0.743519520298775,1
1,0.7831878663974007,1
0,0.9907827567066215,0
0,0.6777338863832807,1
0,0.9979766330790284,0
1,0.8113314396459252,1
0,0.955019407651374,0
0,0.574929710286678,1
1,0.5093259854627015,1
0,0.99999136857091,0
1,0.9663270599315262,1
0,0.8836088845923163,0
1,0.783393245813978,1
1,0.9354862545620819,1
1,0.7427997810443439,1
1,0.5930037940269778,1
0,0.826567163055604,0
0,0.5963880174105893,1
0,0.6562138144044761,0
0,0.9940657550741365,0
0,0.9603211261071488,0
0,0.8106400205821481,0
1,0.8932437932503958,1
1,0.9254214205637786,1
0,0.9189633412991436,0
1,0.555508097657121,0
1,0.5360349140506804,0
0,0.7960154926384784,0
1,0.9083723549258903,1
0,0.7703174222433173,0
1,0.7020530077689926,0
1,0.9347109756048376,0
0,0.9370893839408111,0
1,0.7940929537202878,0
0,0.9656664986320099,0
0,0.8947917077697746,0
1,0.6944565653627269,1
1,0.995159493402157,1
1,0.6772507176567368,1
0,0.6086296177519197,0
1,0.7426734792394564,1
1,0.7502803779336598,1
0,0.9202456343877845,0
0,0.981063690370073,0
0,0.8356027507932674,0
1,0.9934808179203649,1
1,0.9997140760728191,1
0,0.9709919236726073,0
0,0.9754094702439369,0
1,0.8761225325893228,1
1,0.5582960368717511,1
1,0.9137862540060284,1
0,0.9627434084002823,0
1,0.7356120252514329,1
1,0.5972654710005838,0
1,0.7953775686157986,1
1,0.6785147654425062,1
1,0.7229110351659855,0
1,0.7872193414199384,1
0,0.6086572657075078,0
0,0.970181301865261,0
0,0.5171772289612908,1
1,0.9804760651451981,1
0,0.8646446727122983,0
0,0.9950714450394007,0
0,0.7961515577716376,0
0,0.9145460207538998,0
0,0.9921516491417882,0
0,0.8737940696667108,0
0,0.5612626197845882,1
0,0.7852438606319385,0
1,0.8811703381427682,0
0,0.6339625855771475,0
0,0.740512836392841,1
0,0.7283813574476253,0
0,0.738669129620281,0
0,0.7965208468276068,0
0,0.9253440770277762,0
1,0.8566143277486834,1
1,0.7950141384734538,0
0,0.5070702373261415,1
1,0.8185388013586824,0
0,0.9882038986369808,0
0,0.97738082188944,0
0,0.9997081777328272,0
0,0.9353795190621796,0
1,0.9633897330445723,1
1,0.8129985305564201,1
1,0.9443198906287598,1
0,0.9075434783706253,0
1,0.8028536830898152,0
0,0.9915031594628415,0
1,0.9785495569385677,1
1,0.58239844794893,1
1,0.5996833328788833,1
0,0.5536289734503994,0
1,0.9316463130714163,1
1,0.9706112081668352,1
1,0.5557249331743331,1
1,0.8444605319849884,1
0,0.5555295751828668,0
0,0.7383927177245015,0
0,0.9567632478860942,0
0,0.9685853593505839,1
0,0.9924742122632875,0
0,0.8260588070389814,1
0,0.9542851623409132,0
0,0.7474397308030902,0
0,0.9742873855386203,0
1,0.8554827827802088,1
1,0.7051616790714454,1
0,0.954633012120729,0
0,0.8867373265413288,0
0,0.6863598243710614,1
0,0.7827494512963833,0
0,0.8495824904988781,0
0,0.9858764470502883,0
0,0.7050432171575103,0
1,0.7746260618334587,1
0,0.9992010531972203,0
0,0.6431905629187513,0
1,0.9194311568372726,1
0,0.8565332337425022,0
1,0.5531059643717854,0
0,0.8341351277675817,0
0,0.9993520875846392,0
1,0.9730351066921821,1
1,0.8948841342417322,1
0,0.8124629061258817,1
0,0.515949221708411,1
1,0.9545701349852593,1
0,0.5422847289227233,0
0,0.6464208830274102,0
1,0.9086149569364317,1
1,0.8872534947486216,1
1,0.5374111346124363,0
0,0.9865067831852944,0
0,0.5595178046163523,0
0,0.9827015534122027,0
0,0.9895271845725377,0
1,0.9633816431709741,1
0,0.9942834943945386,0
1,0.8053180207306616,1
1,0.7136824606522434,1
1,0.7356048598444428,1
1,0.5093680507942248,0
1,0.5311495787262853,0
1,0.9047610297312882,1
1,0.6680028959606688,0
1,0.8719345236724209,1
1,0.5052440620716776,0
1,0.6926183411775635,1
0,0.9981404951070637,0
0,0.8223642423307258,0
0,0.998946456266797,0
1,0.6623185640136803,1
1,0.78555243272712,1
1,0.9505277296449552,1
0,0.9922520879676586,0
0,0.9130034701865951,0
1,0.5921924213946893,1
0,0.9618477057128714,0
0,0.9122763502061362,0
1,0.9568898716425353,1
1,0.978288224714234,1
1,0.7015435822261957,1
1,0.9222204376397081,1
0,0.5878246374884948,1
1,0.8199167099335616,1
1,0.9679878617677524,1
1,0.9674094433916587,1
1,0.6890644240170801,1
1,0.9982286889105633,1
0,0.9436787003587217,0
1,0.6111023181511491,0
1,0.9177780449352014,1
1,0.992224827492276,1
0,0.9500493542723695,0
1,0.6789772584422934,1
1,0.8532941403571573,1
1,0.7432119673480067,1
0,0.7868147268996032,0
1,0.8108578436126027,1
0,0.56649933372282,0
0,0.6897515975741255,0
1,0.8427021914964818,1
0,0.5976814489048838,0
0,0.7047320051001242,0
1,0.6239056870119176,0
1,0.8531092078613739,1
1,0.9532709076589957,1
1,0.7543854152443455,1
1,0.6595024256850264,1
0,0.8662217569386772,0
1,0.5529691643216808,1
1,0.9994704225408373,1
1,0.9871002371262496,1
0,0.9535741906310315,0
0,0.9787302619511528,0
0,0.9819784819072933,0
1,0.834051182958279,1
0,0.965129770005931,0
1,0.8113392194621698,1
0,0.6767387616264281,0
1,0.6835144206067821,1
0,0.9974663463756657,0
1,0.5331060811331919,1
0,0.8565849506130606,0
1,0.8374896454255658,1
1,0.7802903809945633,1
1,0.6609962509137028,0
1,0.8620795117836008,1
0,0.9855933020862289,0
0,0.978950130751054,0
1,0.9223006340347507,1
0,0.6867821622608881,0
0,0.7006084426457958,0
1,0.8499938087579033,1
0,0.7669869483076255,0
1,0.7600135890464756,1
0,0.8982457110974613,0
0,0.8834325122841535,0
0,0.8960408431760365,0
1,0.8686296335985108,1
1,0.7944098688978877,1
0,0.6917436866746183,0
0,0.9742552507303406,0
1,0.8653911654578638,1
1,0.5201528058678968,0
1,0.8983179939635199,1
1,0.6447094481745855,0
1,0.6836450517228427,1
1,0.9494677356443155,1
1,0.9171372322707453,1
0,0.6435019698698968,1
0,0.888254072564471,0
1,0.6286711368384049,1
0,0.7275069484169985,1
1,0.9708015027554292,1
1,0.9669290522813129,1
1,0.6420948469946476,0
0,0.5141797538998711,0
1,0.5186094872691347,0
1,0.7881029628428303,1
1,0.9719541137535074,1
0,0.9849543608356408,0
1,0.8239942176137429,1
1,0.9684471649317052,1
0,0.8988710848192807,0
0,0.875715702676495,1
0,0.8970876107151463,0
1,0.9849348615705946,1
1,0.7349021578777009,1
0,0.6917437565026872,0
0,0.9559925831868812,0
0,0.9578885935889873,0
1,0.9450216644794598,1
0,0.6499698088686225,1
0,0.8351891962657769,0
1,0.5384241733792611,1
1,0.6583917407169031,1
1,0.5519246528260494,0
0,0.7081103063557743,0
0,0.9984579054211002,0
1,0.763357568637731,1
0,0.7259653608541263,0
1,0.7109286874503898,0
1,0.8402540010168627,0
1,0.8578325611011457,1
1,0.9262472941446455,1
0,0.8633154650378064,0
0,0.9788940193547516,1
1,0.6663981547980456,1
0,0.867189882369301,1
1,0.6419877115508253,0
1,0.7340823358966241,1
1,0.7347284912120645,1
1,0.612374216859595,1
1,0.655947759833272,1
0,0.6797945495893253,0
1,0.6314951924838725,1
0,0.9922416792725981,0
1,0.5454633755343378,1
1,0.9778270810884729,1
0,0.5990765869089614,1
1,0.70703219276173,1
0,0.9917408018838184,0
0,0.8659627576608652,0
1,0.950959316642513,1
0,0.5140732292659815,1
0,0.5396091812493757,0
0,0.9984795582000143,0
1,0.9616331692764207,1
1,0.7023544812924293,0
1,0.8986037549595306,1
1,0.9013539751670829,1
1,0.6985109476308519,1
1,0.8931605621099369,1
0,0.5875240181596917,0
1,0.9699192401841853,1
1,0.801455519895588,1
0,0.8936366464463534,0
0,0.7602788932699386,0
0,0.9879971390320345,0
1,0.585371633512414,0
0,0.977964449551272,0
0,0.986614318585161,0
0,0.5707266409869667,0
1,0.6315036847654041,0
1,0.9793450770433196,1
0,0.8108014016626135,0
1,0.934794723266531,1
0,0.6065536737445925,1
1,0.7810478372554286,1
0,0.762166859106995,0
1,0.5575602897787995,0
0,0.5353220198362731,1
1,0.7716672218042139,1
0,0.9335904989766035,0
0,0.9872628667706304,0
0,0.6482377291239908,0
0,0.994920081645506,0
0,0.9153209266920822,0
1,0.8027338918552954,1
1,0.8529047080110024,1
1,0.7160651049760978,1
1,0.7677418476835782,1
0,0.9254002706605589,0
1,0.6373570888082282,1
1,0.5169281095697904,1
0,0.9312429216883966,0
0,0.6568510246077317,0
1,0.7975150943505588,0
1,0.6670848151390761,1
1,0.8676616596438319,1
1,0.6186541516024509,0
0,0.7260256983132053,0
1,0.898264428756429,1
1,0.7088484834174605,1
1,0.9509206516606783,1
1,0.5910650132221847,1
1,0.5359363693623176,0
0,0.9489340081826361,0
1,0.8206635047283459,1
0,0.7914250258813967,0
1,0.7651613354219785,1
0,0.9661309596144398,0
1,0.6584880196894214,0
0,0.7993759236373534,0
1,0.998170035170754,1
1,0.8847865937469284,1
1,0.950834570922159,1
0,0.7496528888317338,0
0,0.9074271707244259,0
1,0.6781708863969014,1
1,0.9799333636956286,1
1,0.9970377749471553,1
1,0.6519116230747726,1
1,0.9432240283144274,1
0,0.9798013872637252,0
0,0.9976262895934344,0
1,0.6748800583268956,1
0,0.9841134468413772,0
0,0.5609193978041632,0
1,0.7448886078361366,1
0,0.6046660422380383,1
0,0.9515939464254801,0
1,0.9728821973056777,1
0,0.970945886744591,0
1,0.9060551415007295,1
0,0.569476732725068,1
1,0.7383611226155892,1
0,0.9969200482617687,0
0,0.646385489151885,0
0,0.9233778303349671,0
1,0.7496709197987752,1
0,0.7575171345137895,0
0,0.9950484844566517,0
0,0.8245493711184664,0
1,0.5619936172763819,1
1,0.8773692402110782,1
0,0.920748916409496,0
1,0.5289671325682457,1
0,0.913751131536279,1
0,0.9047724252596885,0
1,0.6416069637098372,1
0,0.5667314960567998,1
1,0.8264232935140979,1
1,0.9629828822864595,1
0,0.9711860114084647,0
1,0.8601230809137497,1
1,0.9199646544771269,1
1,0.9282231616422122,1
0,0.540395183203962,0
1,0.5413029408714605,1
0,0.5907603257030463,0
0,0.9596976534086528,0
1,0.546458499529543,0
0,0.9979107008669367,0
1,0.8524186993527626,1
1,0.64946117958049,1
0,0.803818134165246,0
0,0.955038968127495,0
1,0.6777417187993849,1
0,0.7584241618569882,0
1,0.9520037508418527,1
1,0.9617939550260074,1
1,0.9629333395512267,1
1,0.8154056553063767,1
0,0.5946546486515585,1
1,0.6911510019934847,1
1,0.8267182769943803,1
0,0.6987334036517052,0
0,0.9969132329206396,0
1,0.6210616953653194,0
0,0.7997439743336927,0
1,0.9692259723916716,1
0,0.9690851823142437,0
0,0.9449341018034487,0
1,0.6866737615222791,1
1,0.662014018678334,1
0,0.5892552098628006,1
1,0.8270026072101812,0
0,0.7686477951072563,0
0,0.8400804635760059,0
0,0.9117737718256357,0
0,0.5514752583592557,0
1,0.8939199031215617,1
0,0.9737350973240954,0
1,0.9604981863661628,1
1,0.9766718801407188,1
1,0.9157904845939612,1
0,0.5891195776126197,0
1,0.7792813895955437,1
0,0.834946775047686,0
0,0.9776600669216643,0
0,0.5652060721000383,0
0,0.7598717352987965,0
1,0.8174182663688732,1
1,0.8044974876232948,1
1,0.7927387907254914,1
1,0.8522659878714773,0
0,0.99205482055074,0
1,0.8882322692344032,1
0,0.9775524826198769,0
1,0.5383867027631989,0
1,0.6235280437088616,0
0,0.7667275508756248,0
1,0.7104402177978896,1
0,0.9926738779365633,0
1,0.8452115220187346,1
1,0.9052771519913689,1
1,0.7242426785189636,1
0,0.5027742735606606,0
0,0.9898773496885868,0
1,0.9598555307951432,1
1,0.6046740696616081,0
0,0.7516307432586931,0
0,0.6037468349634676,0
0,0.9776234862488494,0
1,0.8454069506665818,1
1,0.7556206662475267,1
0,0.7809027175777092,0
0,0.995185988202203,0
0,0.583563892911326,0
1,0.6835765245183442,1
1,0.8182788819123084,0
1,0.8426466336384739,1
0,0.656491994802378,1
0,0.8970326504822235,0
0,0.7662271883034473,0
1,0.7993537339557768,1
0,0.6704260650620208,0
0,0.9935242136951044,0
1,0.8483779493474032,1
1,0.6717875844616297,1
0,0.9530131270254277,0
1,0.9508893878063572,1
0,0.889918326678214,0
0,0.609604486936079,0
0,0.5770136156247977,0
0,0.7398551980317711,0
0,0.8722798169792819,0
1,0.9384414091959543,1
0,0.5458804727033708,0
1,0.794949979278192,1
1,0.906267297234027,1
0,0.9674058500793873,0
0,0.9676970498653356,0
1,0.835423217768504,1
1,0.7579890117640952,1
0,0.9764305997406062,0
0,0.9989418878359653,0
0,0.944993207340569,0
0,0.9983998992027718,0
1,0.8700967032492118,1
1,0.5978398469897186,1
0,0.9930108368362806,0
1,0.6289028760590741,0
1,0.9737322868655973,1
0,0.573578403302055,0
0,0.5920448297740925,0
0,0.7325739166444727,0
1,0.8002975549986742,1
1,0.6173604174762634,1
0,0.9601126100431749,0
0,0.5740471921503622,1
0,0.9438942131241065,0
0,0.8829529265227216,0
1,0.953660331061966,0
1,0.9509448834219403,1
0,0.6731961940456305,0
0,0.7465525441708556,0
1,0.6790884121321474,1
0,0.9757276102954947,0
1,0.5721142293408177,1
1,0.7585556814642037,1
1,0.7319557603466175,1
0,0.7982104530673038,1
1,0.5401327547020235,1
0,0.8802069838865818,0
1,0.9682039939317026,1
0,0.7488525634892391,0
0,0.9840994370121566,0
0,0.6602815455642543,0
0,0.6612642349989358,0
1,0.9898810391465868,1
1,0.9093107619659488,1
0,0.998587447411446,0
1,0.8841366424957349,1
1,0.7342325194773203,1
1,0.9462191193803556,1
1,0.5498029251082983,0
1,0.9241999465883225,1
1,0.9374466868551676,1
0,0.5048472553881417,0
0,0.5351350019205638,1
0,0.8460279593842349,1
1,0.6216622238714536,1
1,0.6700429644234935,1
1,0.9980315609446103,1
1,0.929715145012596,1
1,0.5526469218709653,0
1,0.7291775588244778,0
1,0.9859131436913079,1
0,0.9853522794839726,0
1,0.7467128454938862,1
0,0.7509581579529029,0
1,0.7095269577623127,1
1,0.8762012366417,1
0,0.9399672537792819,0
1,0.9711805615438979,1
1,0.7686705911971978,1
0,0.5380332121779454,1
1,0.9492806490479411,1
0,0.5078957654301135,0
0,0.9880129090570161,0
1,0.9592953490904408,1
0,0.7144189352703865,0
1,0.7377781420937594,1
1,0.9348771592353105,1
1,0.9722189650671419,1
1,0.5827487338578592,1
1,0.9720116054625287,1
0,0.5000579066208759,1
1,0.6394363937717201,0
0,0.6707295863984065,0
0,0.8903686104004319,0
0,0.8390228538022555,0
0,0.5720444599011225,0
1,0.6587768914043214,0
1,0.8556050599861975,1
1,0.6848861154155272,0
1,0.8485744450521442,1
1,0.7123711979476307,1
1,0.7358745477707486,1
0,0.9133844118135326,0
0,0.8850570340451616,0
0,0.5045981459343847,1
0,0.5351247667594872,0
0,0.9958348993816959,0
1,0.6400982403754928,0
1,0.7833463742322408,1
0,0.604500031550857,0
0,0.9746040525332604,0
1,0.6071826195042007,1
1,0.5179002982168143,0
1,0.7491588663420157,1
0,0.9462710535849862,0
0,0.9804862870078507,0
0,0.5406830817783153,0
1,0.6241660277539168,1
0,0.9170041827702072,0
1,0.6784089924526777,0
0,0.869761265201128,0
1,0.9035946396211448,1
0,0.67490791877883,0
0,0.9965738063313627,0
1,0.7631145445297409,1
1,0.608723794762272,1
1,0.5356431532230943,1
1,0.6085944224380899,0
0,0.9988929009897294,0
1,0.7060130318620148,0
1,0.6552013582657803,1
1,0.6261496445331631,0
0,0.7288469710857617,1
1,0.7040226323663052,1
0,0.7501778060743415,0
0,0.9762145406674363,0
1,0.744249799869303,1
0,0.530569268599363,0
1,0.639105537499637,1
0,0.6740185015611841,1
1,0.6627790893914539,0
0,0.7224652920968797,0
0,0.9960053955718078,0
0,0.5120586696801386,1
1,0.756847817073683,1
1,0.7712170327741995,1
0,0.7311798715523486,0
1,0.6826621331177583,0
0,0.690536671679411,0
0,0.932516332888547,0
1,0.74183610242107,1
0,0.6123428501798907,0
0,0.996585194170914,0
1,0.7181632097165779,0
1,0.5037386488036372,0
0,0.6024042442272475,0
0,0.992902008064796,0
1,0.8706727200598889,1
1,0.5160966816040868,1
1,0.7430176927617892,1
1,0.511283557434042,0
1,0.8291223509410094,0
1,0.9459533266722008,1
0,0.9346529242087559,0
1,0.9254425101567719,1
0,0.8360947021618512,0
0,0.942875414884798,0
0,0.9057679017102162,0
0,0.9879321551376944,0
1,0.6799020335282258,1
1,0.7828883355457227,1
1,0.8247171645715934,1
1,0.713828475172368,1
0,0.7358640808445434,1
1,0.8083141440788569,1
1,0.7775393804544891,0
1,0.7255451721204926,1
0,0.9268290935940214,0
0,0.9661350099913735,0
1,0.7628333189216258,1
0,0.949403508089384,0
0,0.6462228837268138,1
0,0.862832970159594,0
0,0.662377082303879,1
1,0.6532984605601894,0
0,0.7256531608127017,0
0,0.8438204068687882,0
1,0.9235389496752482,1
1,0.9772968229127159,1
1,0.9358485988642873,0
0,0.8966781132169821,0
0,0.7945187897715985,0
1,0.8547712121024885,1
0,0.9703666628469408,0
0,0.9861675726786622,0
1,0.6625071500491556,1
1,0.8764707355135261,1
0,0.9568203241817976,0
1,0.5760377834577092,1
0,0.605531531498842,1
0,0.556148269939305,0
1,0.9925777703485911,1
0,0.95591375315824,0
0,0.9979181325070086,0
0,0.6341563468712439,1
1,0.7657606312802894,1
0,0.8408902464573634,0
1,0.5986807600809814,1
0,0.920163180796715,0
1,0.5460318637626582,1
0,0.5835322054199448,0
0,0.9845400346934534,0
0,0.8269144407112821,0
1,0.5608567615304929,1
0,0.8397261348304563,0
1,0.8680412001068811,1
1,0.8229836366655203,1
1,0.7099819065041474,1
1,0.9236468287798242,1
0,0.6655551555457988,0
0,0.9968263641007381,0
1,0.9559144100830945,1
0,0.9830707531419509,0
0,0.9633393460470483,0
0,0.5438204371413269,0
1,0.7074646789781559,1
1,0.8978658581593817,0
1,0.724073189116896,0
1,0.8163608422472408,0
0,0.9413094536434679,0
0,0.566515312983584,1
1,0.9423303488106546,1
0,0.9913918702658172,0
0,0.6628807169930084,0
0,0.9604469256502217,0
0,0.7334250143056751,0
0,0.5186650360797274,0
1,0.9122471167880677,1
1,0.8288973527733307,1
0,0.7892730077367411,1
1,0.6921063976652492,1
0,0.5210688123244195,0
1,0.9259430033783604,1
0,0.7943624230004523,0
1,0.6320717244773904,1
0,0.9918518324811203,0
1,0.6346885195705456,0
1,0.8088484214248082,1
0,0.8288051464873544,0
1,0.5622250106767798,0
0,0.923766582300059,0
0,0.9165258010897365,0
1,0.5016527944813627,1
1,0.7788144594364502,0
0,0.7624534837162846,0
0,0.8161784426882915,0
1,0.6070961040246503,0
0,0.5624670818998204,0
1,0.8687460431132396,1
1,0.8325883371235834,1
0,0.9537174408456084,0
1,0.7886549928532781,1
1,0.7145497897353877,1
0,0.8928710089145129,0
1,0.7703736758576584,1
0,0.9944118112294955,0
1,0.8545226279141547,1
1,0.9930407714999702,1
0,0.9729055527280255,0
0,0.5149387700226999,1
0,0.9440434597881806,0
1,0.5438263395649942,0
0,0.8811147769765253,0
0,0.9216837166352958,0
1,0.7129554943494414,0
0,0.998415771664107,0
1,0.9101204837192327,1
0,0.728177229170621,1
0,0.9573035168791771,0
1,0.8807754839704282,1
1,0.5089081402170941,0
0,0.6519122172558053,1
0,0.9069566494036045,0
1,0.8614010993696599,0
0,0.9428971243482446,0
1,0.789285425707,1
1,0.8497208408879695,1
1,0.9385085316853778,1
1,0.9456061987265577,1
0,0.850586488915535,0
1,0.8441228146211175,1
0,0.9997871556868071,0
0,0.8366841429097395,0
0,0.9933088041788707,0
1,0.8493059712283232,1
1,0.8051049045849537,1
0,0.9318236060241796,0
0,0.959560894109723,0
1,0.769189235155625,1
0,0.7938431304070771,0
1,0.8584719751120037,1
1,0.714952879298177,1
1,0.6944380676748081,1
1,0.968823461884679,1
1,0.6565518230311568,0
1,0.9210306751994306,1
0,0.9915716246830388,0
0,0.9343793256692315,0
0,0.580606189675379,0
0,0.5585421869293881,1
1,0.5836235028874969,1
1,0.999566810049414,1
0,0.9782935506257121,0
0,0.530270056430608,0
1,0.9576159012565998,1
0,0.8070517879969623,0
1,0.9656121471636635,1
0,0.5391815495123711,1
1,0.902809063851346,1
1,0.9836109473604085,1
1,0.9183804962472043,1
1,0.997699466341378,1
1,0.6515196918037388,0
1,0.7450501675991753,1
1,0.9464596939953969,1
1,0.8535224449057792,1
0,0.725653394673097,1
0,0.663139825434824,0
0,0.8924943276729163,0
0,0.8610861541798316,0
1,0.6410964180496235,1
1,0.8540299771480094,1
0,0.5704179507710333,1
0,0.6456346443095118,0
0,0.5815315673376944,0
0,0.6178589253466444,0
1,0.8499106196363202,1
0,0.5186183470442643,1
1,0.9534736395897029,1
0,0.6264734164821911,0
0,0.6509800893399534,1
0,0.8293303859526466,0
0,0.9085805053627496,0
1,0.8027986612264011,0
0,0.746349340483114,1
1,0.9485968023685887,1
0,0.9706781032491938,0
1,0.8546993633484987,0
0,0.8345544496889539,0
0,0.977557441503346,0
0,0.7572798578694887,0
1,0.5994613027080985,0
1,0.5176784385162857,1
0,0.6497340296811419,1
1,0.8153333520256564,0
0,0.8218886035448951,0
1,0.6831574490201976,1
0,0.9893081170684526,0
1,0.9768912518136239,1
0,0.8430939094382234,1
1,0.9066844134539065,1
1,0.920676637753863,1
0,0.7786676324793149,0
1,0.552358148082646,1
0,0.869476043444767,0
0,0.5753814885337345,0
1,0.5424341065587772,0
1,0.8331457527427435,1
0,0.7439930798941377,0
0,0.7636270405031738,1
1,0.7298319401591606,0
0,0.9986593554097245,0
0,0.9898991099116601,0
0,0.930258981314623,0
0,0.9969810391272625,0
0,0.9075594916765614,0
1,0.7903199528628647,1
0,0.5116608313507083,1
1,0.5411872156113083,0
1,0.5522991513937264,1
1,0.629953767344311,0
1,0.9795006079435072,1
1,0.6668453906723688,0
1,0.6438648465287599,1
1,0.7867359883803395,0
0,0.9924457577090664,0
1,0.8860819704075984,1
1,0.5973497075393244,1
1,0.7217014087834096,1
1,0.5028291204358973,1
0,0.9967007863908235,0
0,0.9991065096203069,0
1,0.9696880026693884,1
1,0.5858824541921345,0
0,0.5458154788484426,0
0,0.9333985073725396,0
0,0.8804370609729587,0
0,0.5158151613963392,1
0,0.9679943415427552,0
1,0.6782238256481812,0
1,0.9994093152600378,1
1,0.7391490971517373,1
0,0.5769974903447491,0
0,0.9133891904402617,0
0,0.6303960474463042,1
0,0.99817293282135,0
1,0.6969304363995673,0
0,0.7890799453998933,0
1,0.9784674962428752,1
1,0.9887764731221332,1
0,0.9955788687799018,1
1,0.915833222539393,1
1,0.7475639308662112,1
1,0.7707609915111423,1
0,0.9492438020247499,0
0,0.9022837335128109,0
0,0.9959679129517172,0
0,0.6452619704150341,1
0,0.650210509659394,1
1,0.902080202223425,1
1,0.7951561318190336,1
0,0.7060051540109543,0
1,0.7856199579676499,1
0,0.6804044747442812,0
0,0.6011092483612772,0
1,0.637669233279374,1
0,0.666302956656667,0
0,0.9975013850209032,0
1,0.9831192600807664,1
0,0.5451773188186644,0
1,0.9929968898326869,1
1,0.9005256556317343,1
0,0.5173060665007464,1
1,0.7791918792033806,1
1,0.5390102186517228,0
0,0.694309340587692,0
0,0.9012445503567792,0
1,0.6939532564047441,0
1,0.9705240927096171,1
0,0.7865050276333608,1
1,0.9901845923315676,1
1,0.5224383189531394,0
1,0.9072184220045202,1
1,0.8790233946529784,1
1,0.6192420449544684,0
1,0.9207886329401839,1
1,0.8384186340862185,1
0,0.8332800031043622,0
0,0.9592288372869129,0
0,0.9544492168157309,0
0,0.5464827452269596,1
1,0.9756577200745696,1
0,0.5730717026077977,0
0,0.634957096100154,1
0,0.9621476379497292,0
1,0.5880588767880267,0
0,0.5579624136291411,0
1,0.9839972928673025,1
0,0.9434099214798674,0
1,0.6990122569205988,1
1,0.9372429847268093,1
0,0.9721947628149257,0
0,0.9336783688521922,0
0,0.9979347617118551,0
1,0.7800301589250795,1
0,0.7969413843826623,0
1,0.8895250718924798,1
0,0.765639128234077,0
0,0.7382835359825883,1
0,0.5905874073652055,0
1,0.8321725985093479,1
1,0.8225834188450447,1
0,0.6590977720195369,1
0,0.9332465500268816,0
1,0.9198267929526496,1
1,0.8913955606434499,0
0,0.580248746067993,0
1,0.9033763831348915,1
0,0.5764391054056761,1
0,0.9348472863499072,0
1,0.6154857905437444,1
0,0.6534344507410483,0
0,0.5317173216719144,1
0,0.7173020370237527,1
1,0.5317092672548367,1
1,0.570686896582891,0
0,0.8817119316824796,0
0,0.506617165377657,0
0,0.6705055740130841,1
1,0.9311505538649958,1
0,0.9987328224678791,0
0,0.9519122399124293,0
0,0.7766083117685441,0
1,0.7910503866206016,1
0,0.5066829637338168,1
0,0.744926774796056,0
0,0.6083870722007547,1
0,0.9919392636383605,0
0,0.9590994291189734,0
0,0.9651117006394707,0
0,0.8026114610060817,0
1,0.8453737717880979,1
0,0.9738951677219543,0
1,0.9529233953504355,1
1,0.8554162716152843,1
0,0.9974808763204029,1
0,0.992688282490775,0
0,0.9967706436129887,0
0,0.5923723035342492,0
0,0.9966750480109214,0
1,0.9412564625396314,1
1,0.6382976012048085,0
0,0.5168246871730737,0
0,0.5849149824722137,0
1,0.9307401617509169,1
0,0.5003910473991107,0
0,0.993840585861758,0
1,0.9535940188429878,1
0,0.5238831386938998,0
0,0.9653639401656913,1
1,0.9749632725550222,1
0,0.9356886978979579,0
1,0.8806251279789087,1
0,0.6576088535462554,0
1,0.9628291850161309,1
0,0.928973369868972,0
0,0.9675857712847101,0
1,0.971530878134628,1
1,0.9266017868501091,1
1,0.7421427450598022,1
1,0.6594392148185841,0
1,0.7457329582648151,1
0,0.9343626149625015,0
1,0.862949713684072,1
0,0.85543230713719,1
1,0.7061479420716291,1
0,0.6024252352134274,1
0,0.9751176431371954,0
1,0.7697262937735743,0
0,0.7879559360865301,0
0,0.994823616762385,0
0,0.9952820109082595,0
1,0.9594861072212962,1
1,0.9726140368573108,1
0,0.7374541165829249,0
1,0.8084327212444534,1
1,0.7137657170443932,1
1,0.9940115383601476,1
0,0.9120341988475725,0
1,0.6128562491662375,0
0,0.5789805052653739,1
0,0.7780234743992848,0
1,0.7090221275978925,0
0,0.5474586379572989,1
1,0.8150820041772107,0
1,0.5159259734154007,0
1,0.9257505968920656,1
1,0.9367254570113174,1
0,0.5087684015317692,0
1,0.5082643216983611,1
0,0.5041662154381108,1
1,0.9839499541366838,1
1,0.9281602515010302,1
1,0.5507467822453327,1
0,0.9128645524293842,0
1,0.9307163507059144,1
1,0.667516759308099,1
0,0.8459222181993948,1
0,0.6252035954882456,1
0,0.8636698605192294,0
1,0.9842480661920279,1
0,0.9930074158656134,0
0,0.546106881310121,0
1,0.6520730473389139,0
0,0.9791095609970374,0
1,0.5828931194374042,1
1,0.8539215345538207,1
1,0.958476554942992,1
1,0.8019112026755726,1
0,0.8912830193491417,0
1,0.5969716209248316,0
0,0.7460930235795762,0
1,0.8929860906661431,1
1,0.9337005581135253,1
0,0.5223298704917434,0
1,0.738434475749537,0
0,0.8454651434431782,0
0,0.7432750738903003,0
1,0.6341741822472249,1
0,0.8739794710936577,0
0,0.9992149149060738,0
1,0.5127663690912628,0
0,0.7112096801107609,0
1,0.7220164137754304,1
0,0.676742687657718,0
0,0.9827063204471288,0
1,0.9624292225580096,1
0,0.8901973635331388,1
0,0.8696670417896459,0
1,0.991090763493116,1
0,0.7961798165517853,0
0,0.9960899120850522,0
1,0.8259052430699795,1
1,0.9284379885329656,1
1,0.9564051237570698,1
0,0.5530275350750644,1
1,0.9633311384822387,1
0,0.8790479437919236,1
0,0.8864367997462678,0
0,0.9963165559313907,0
1,0.9023904825645087,1
0,0.9904171176338317,0
1,0.736454929611056,1
0,0.5090221839786618,0
1,0.821115354659719,1
1,0.6167432160552755,0
0,0.9035918119502572,0
1,0.9245041166197445,1
0,0.9120448675140526,0
0,0.9960533340873152,0
1,0.7985306525302348,1
0,0.8995823359045007,0
0,0.5414275781180435,1
1,0.7546051238294965,1
0,0.9562313713539055,0
1,0.9797406853624431,1
1,0.7563112016419486,1
0,0.5609469751905818,1
0,0.9420667297477342,0
1,0.5447652460738563,0
1,0.728125360581579,1
0,0.9775322766082082,0
0,0.9892352388202704,0
1,0.7363796504856817,0
1,0.8283139173978026,1
0,0.9876110331817692,0
1,0.5945026356982733,1
1,0.5582157561867619,1
0,0.7976489043141374,0
0,0.852657517252834,0
0,0.747481978397236,0
0,0.558603083349762,1
0,0.9863607190737624,0
1,0.9345824566393738,1
1,0.647140240676231,1
0,0.968788977149337,0
0,0.9465226460103104,0
0,0.9808105211086505,0
1,0.5205680043121058,1
1,0.5347568744245552,1
1,0.646420071733913,1
0,0.9247182316921603,0
0,0.9826052589199681,0
1,0.805639075256097,1
1,0.7077774891600901,0
1,0.8491457544167977,1
1,0.9990017273872097,1
0,0.7322628106289928,1
1,0.6995834252436551,0
1,0.5576686970512361,0
1,0.9878529074210856,1
1,0.907355127054883,1
0,0.5749572406189344,0
1,0.8339517408364617,0
1,0.8167670482910573,1
0,0.9978494121686934,0
0,0.9200349763708926,0
1,0.7007655712364661,1
0,0.6563172236181636,0
0,0.7154240807511127,0
0,0.8597389735894584,0
0,0.9995735376615149,0
0,0.9465388148013835,0
0,0.7732118512474855,0
1,0.6551290221922141,0
0,0.7200211836270347,0
0,0.9147328540064326,0
1,0.7079704323646252,1
0,0.791517494802955,0
1,0.6022462150633424,0
1,0.9844692904778379,1
0,0.6326585399716462,1
0,0.8694365488428346,0
1,0.5427122750298528,1
1,0.5376066132723296,1
1,0.613180419898275,1
1,0.9853615896328123,1
1,0.6257831722958087,0
1,0.8152311602134676,1
0,0.9838691678387539,0
0,0.9681041063149285,0
1,0.7344552684696419,1
1,0.7836431585647663,1
1,0.9878058092478176,1
1,0.6920755193580383,1
0,0.7305464012803262,0
1,0.9405940192012234,1
0,0.9604101238474017,0
0,0.8309705918548345,0
0,0.9765192877923867,0
1,0.9919414880256529,1
1,0.7621551668955836,1
1,0.58753921542698,1
0,0.9593305470754304,0
0,0.7059434746600389,0
0,0.8984639173879293,0
1,0.9856845634217645,1
1,0.8654668652152279,1
1,0.7012709200687341,1
1,0.9758614004039684,1
0,0.9729897913982666,0
1,0.90475585228325,1
1,0.9490126795749105,1
0,0.9344743395412224,0
1,0.7909730886021669,0
0,0.9074072103642588,0
1,0.8994912779751734,1
0,0.8293556344238339,0
1,0.5789475806669854,1
0,0.9068986138566197,0
0,0.9797707571523987,0
1,0.9885204686369532,1
1,0.5530904850422224,0
1,0.668527878816492,1
0,0.667748212147644,1
1,0.9794366221092826,1
1,0.5765026381313031,1
0,0.9010707623627603,0
1,0.9059661354277546,1
0,0.9133642998131397,0
1,0.7697532450689991,1
1,0.5827364469447475,1
1,0.5601268864253204,1
1,0.8681959067021563,1
1,0.8733207835103659,1
1,0.9469231053640035,1
1,0.6840067598120335,0
1,0.872367028444427,1
1,0.6451737450086118,0
1,0.7099228132841909,1
1,0.8982964788353446,1
0,0.8022910250453412,0
0,0.6298491366510143,0
1,0.940025282408105,1
1,0.8116181025648013,1
1,0.9189914175587335,1
0,0.9901604108216397,0
0,0.984381942305316,0
1,0.7534440452851636,1
1,0.8667283439819219,1
1,0.8946899385206456,1
1,0.8824560881636828,1
0,0.90144350949836,0
1,0.9976115313910657,1
0,0.9766435497947608,0
1,0.6735980969452412,0
1,0.8271898369276247,1
1,0.6650856307864318,1
0,0.9866821781209878,0
0,0.992203452629099,0
0,0.7679124422054815,0
0,0.9588677442689015,0
0,0.5124549366694122,0
1,0.7790721735109655,1
0,0.8820116887147973,0
0,0.5690675971817379,0
1,0.8168241861463839,1
1,0.6477784220438737,1
0,0.9368482802361406,0
0,0.5001287016283661,0
1,0.9203862639420864,1
1,0.7415235870163365,1
1,0.7135038595424478,0
0,0.8378144248927948,0
0,0.9705910804069556,0
1,0.9594264032933694,1
0,0.9734669737075438,0
0,0.6412486581173504,0
0,0.70986516497754,1
0,0.5479109141694998,0
1,0.7102383183000007,1
1,0.9950501465739742,1
0,0.8833844818884167,0
0,0.976674728586572,0
1,0.8706925523859338,1
1,0.9480540821692085,1
0,0.9973247911702324,0
1,0.7239985197330113,0
0,0.9102819240398351,0
0,0.9145473190429748,0
0,0.8941824278760038,0
0,0.5668370888236125,1
0,0.9310035540898324,0
1,0.9456767040300297,1
1,0.8016804055485065,0
0,0.877412498388386,0
1,0.9067389319672414,0
1,0.6736695305428819,1
0,0.9289456698974847,1
1,0.9346970185906721,0
1,0.5187229850982944,1
0,0.7786276452980513,0
0,0.624284762182581,0
1,0.9975126486034482,1
0,0.7581473981627926,0
0,0.8874018427667143,0
0,0.5650505180883503,0
1,0.9646831407087629,1
0,0.9090870877408979,1
0,0.8866302388349543,0
0,0.9887787909137916,0
0,0.9454089143736436,0
1,0.8796418057795033,1
1,0.7290597981146727,1
0,0.9630505396208239,0
0,0.9056001289456685,0
0,0.5648235616244521,0
0,0.9803202495249345,0
1,0.8248431767076798,1
1,0.8056682813679314,1
0,0.8713477760942856,1
0,0.5962690185825277,0
1,0.5022834706267498,1
1,0.6992982732077604,0
1,0.9054937952687978,1
0,0.9851637957154273,0
0,0.507564311649519,0
1,0.8036777686635043,1
0,0.9289400017170342,0
0,0.9960343484307775,0
0,0.7922639941278424,0
0,0.5515406431372918,1
1,0.879394724530555,1
0,0.5598045724581284,0
0,0.6364299932166564,1
1,0.866874670122786,1
1,0.8414893541802055,1
1,0.6605550597823513,0
0,0.9085852232310097,1
0,0.9835074636571584,0
1,0.5125643399792288,1
0,0.5183111718346367,0
1,0.5436250369408823,0
1,0.6875720603625421,1
0,0.5207975878846325,0
0,0.8513949232110489,0
1,0.9663388103109813,1
0,0.9454912366564308,0
0,0.9891512632001406,0
1,0.5551922968020429,1
1,0.5899766882874319,1
0,0.8482420046604706,0
1,0.5205898010590534,0
0,0.640969712598592,0
0,0.9341919537266048,0
0,0.9296447719450533,0
0,0.999338175357538,0
0,0.9913777035152521,0
1,0.7672992301288928,1
1,0.5929234018767587,1
1,0.5229601590332862,1
0,0.7166844549418026,0
0,0.6148586741361821,0
1,0.7895605444795044,1
0,0.9257258474004,0
1,0.8529301215773032,0
0,0.5075768481980686,1
0,0.8168296014490174,0
1,0.8222148260519732,1
0,0.576495508199758,0
1,0.5019817709509726,1
0,0.9944434667831736,0
1,0.534429462207949,0
0,0.9566074621880107,0
1,0.8348117338009802,1
1,0.7752535448960811,1
0,0.9932805120733755,0
1,0.9670525462600656,1
0,0.8924795010497446,0
0,0.5923194529155971,0
0,0.9310492046979508,0
1,0.7559114255462337,0
0,0.957914172062162,0
0,0.9665829074562152,0
1,0.9205928017255639,1
1,0.7248071108271507,1
1,0.9408230983024766,1
1,0.8017747191535866,1
1,0.8928091252869185,1
0,0.8375763493155359,0
0,0.6498306659488964,0
0,0.9686500823146063,0
1,0.8933828733594881,1
0,0.7943049335676671,0
0,0.9831030158252965,0
0,0.724820180126876,0
1,0.9677043621406001,1
0,0.8702363981153459,0
0,0.6390238753027857,1
1,0.5456135918491577,1
0,0.7657532015394144,0
1,0.9505308137674663,1
0,0.9461674689752743,0
0,0.8731572142154709,0
1,0.5943492318599214,1
0,0.9483837857222231,0
0,0.5840925591782067,0
0,0.9535056212818943,0
0,0.9843509716826137,0
0,0.9200920243174837,0
1,0.6893482482759984,1
0,0.8293168367093902,0
0,0.9980978516593795,0
0,0.8092385145994736,0
1,0.5574768939605733,0
0,0.8962273639041856,0
0,0.7669568223068077,1
1,0.7478045186607678,1
1,0.6807503765035657,1
0,0.963589808651263,0
0,0.8350801138495212,1
1,0.5506145768573257,0
1,0.8730297024520617,1
0,0.9362795570477705,0
0,0.9635366552488462,0
1,0.8865190028152606,1
1,0.715456733340962,1
1,0.5072017757711592,0
1,0.5044496879142837,1
1,0.8704377737796113,0
0,0.9179243093997084,0
1,0.8766261506790956,1
0,0.9988842626974692,0
0,0.5908399726806138,0
0,0.9288700263087858,0
0,0.9269836844155641,1
1,0.991530800586647,1
1,0.5496576880595866,1
0,0.9946729644967078,0
1,0.8530871450240508,1
1,0.7120269454957527,1
0,0.9113599385758692,0
0,0.9270716171777043,0
1,0.6834942493916673,1
0,0.7136463173146608,0
0,0.8350563032308005,0
1,0.7436021294327332,1
1,0.7969312144024376,1
0,0.996279376338747,0
1,0.9878650355002365,1
0,0.9249297797083857,0
1,0.8273752856603936,1
0,0.7683136972740913,0
0,0.8404671410135338,0
0,0.5724854202854455,0
0,0.8632799419425166,0
0,0.9020458941979068,0
1,0.8362050121131487,1
0,0.6782078051179807,0
1,0.5785116362395354,1
1,0.569412236952439,0
1,0.793385657736083,1
1,0.9333769726113988,1
0,0.5445446166671473,0
0,0.8382235066111527,0
0,0.9933413231671313,0
0,0.767926691454963,0
1,0.5008778487596444,1
1,0.9686663588555237,1
1,0.9892062304826087,1
1,0.9390108560231045,1
1,0.8203625329140306,1
1,0.9642458344167426,1
1,0.9598206546460087,1
0,0.9970140128882411,0
1,0.7048049397482847,0
0,0.865266956031436,1
0,0.6371034950379815,0
0,0.957281395346327,0
0,0.9090235253054512,0
0,0.7290659617679855,0
1,0.7740273360450811,1
0,0.9976450727073272,0
0,0.8805031195663688,1
0,0.5067539752465522,1
0,0.6895510077232936,0
0,0.5505706017411265,0
0,0.9962829217124368,0
1,0.6030707322392217,1
1,0.8520063361427834,0
1,0.9152028317941935,1
1,0.5084829616595844,1
0,0.8773960565092472,0
1,0.5122571627740478,1
0,0.9852634262193992,0
0,0.9544239998534092,0
0,0.719236819203481,0
0,0.9907015241019559,0
0,0.933690251779236,1
0,0.7476430819258049,1
0,0.9865644353868442,0
1,0.6453027120620634,1
0,0.693274622915349,0
1,0.918571245286102,1
0,0.9266089844638764,0
0,0.8935502219416589,0
0,0.7718717628876274,0
0,0.6964300381281474,0
0,0.5383655554599387,0
1,0.893604589254116,1
0,0.8927622786984225,0
0,0.6537088213991746,0
0,0.7322464103188557,1
0,0.9792864861290239,0
0,0.6005114772013698,0
0,0.5914743570752838,1
0,0.519245466733395,1
1,0.9015488728380615,1
1,0.7050641838843003,1
1,0.86750671584692,1
1,0.5090538677827152,0
0,0.9890986646246195,0
0,0.7016857980060647,0
0,0.7793478238049937,0
1,0.8414358372539262,0
0,0.9476254490414943,0
0,0.9478473638120755,0
0,0.8878318665295427,0
1,0.6150333866189216,0
1,0.9153541151607066,1
0,0.90338172048912,0
0,0.9588605595963013,0
1,0.994185834106853,1
1,0.9012814900337719,1
1,0.6491091211040584,1
0,0.5353826951015407,1
0,0.9852969509570622,0
0,0.9915421646845092,0
1,0.8364351265424479,1
1,0.5018973528903306,1
1,0.6896205280281703,1
0,0.5846255033959731,1
1,0.9100963467500288,1
0,0.8182354123298156,1
1,0.9905551914322035,1
1,0.6109270140269283,1
0,0.6115097106629164,0
0,0.8028172630871278,1
1,0.8854885635583732,1
1,0.6620023339507436,1
0,0.9958370060124574,0
1,0.9922413698636771,1
0,0.8648484531089298,0
0,0.645750364642931,1
1,0.7197052650829631,1
1,0.9556841454961218,1
1,0.8775393920421545,1
1,0.9913555703499856,1
1,0.5632448168435005,1
0,0.6131153465974899,0
0,0.9888435806028879,0
0,0.7798037642628226,1
0,0.783575465353714,0
1,0.8466304957940234,1
0,0.946331294283345,0
1,0.6962831557775705,0
0,0.8735366507241585,0
1,0.5050567457333281,1
1,0.6587243780484433,1
0,0.7678944938183432,1
0,0.9992816686558189,0
0,0.8265889269616904,0
1,0.9945160720470119,1
0,0.9966079511396568,0
0,0.9618422575515477,0
0,0.872758028525299,0
0,0.9944643082832003,0
1,0.7397817431050188,1
0,0.9959244765325338,0
1,0.7292779563713666,1
1,0.7974031334972128,1
1,0.749884666232393,1
1,0.8463145832728637,1
0,0.5933607766976928,0
0,0.5959960186091013,0
1,0.999713416700156,1
0,0.9611675854650132,0
1,0.9788532193443342,1
0,0.8068042520602896,0
1,0.5767161626409453,1
1,0.8808304841321865,1
0,0.8730890793935973,0
1,0.7591259207952391,1
0,0.597607470033201,0
0,0.5139837774076748,1
1,0.5168701515039548,1
1,0.9560544283761667,0
1,0.5068433763132245,0
0,0.7380680423982915,0
0,0.8245449870047921,0
1,0.5392321726928359,1
1,0.9827611371207139,1
0,0.9307975669517718,0
1,0.6284963001951943,1
0,0.9403968543128872,0
0,0.9941240615634834,0
1,0.7615041638954462,0
1,0.8130292433092738,1
0,0.9494564691623657,0
0,0.8638333070787039,0
1,0.5224393708052516,0
1,0.9771770610016478,1
0,0.7363116084009872,0
0,0.8110766469744527,1
1,0.9923878446411601,1
0,0.6830668427321038,1
1,0.8614205719694692,1
1,0.9871741400521858,0
1,0.892262219199609,1
0,0.9906774567531584,0
0,0.8386400049531223,0
0,0.8604498345603401,0
0,0.5019189682311294,0
1,0.5582611318051349,0
0,0.8136033220472051,0
1,0.86712698546828,1
0,0.835163035095038,0
1,0.8619394485543376,1
0,0.8348952787364036,1
0,0.9040061166351173,0
1,0.9762251425622749,1
1,0.9947279962751712,1
0,0.9290107150952127,0
0,0.7960778279341381,0
0,0.9849528034863816,0
0,0.8791303191049046,0
1,0.8594126328995407,1
0,0.593114323897898,1
0,0.9427872562668397,0
0,0.7586105891992578,0
0,0.9403109068726795,1
1,0.7957888035046562,1
0,0.9342405381717854,0
1,0.8407171029068998,1
0,0.8463569865080952,0
0,0.8887160151393679,0
1,0.7906359049483609,1
1,0.6307411907177907,0
1,0.5346110539255888,1
0,0.6645263778603175,1
0,0.6866199690554697,1
0,0.9513591318997904,0
0,0.7386720018201329,0
0,0.9880670435500973,0
1,0.9576900983111136,1
0,0.9819023793077983,0
0,0.9917206436764965,0
0,0.9290475674155273,0
1,0.8871691291830466,1
0,0.9783970912667819,0
1,0.91368576340551,1
1,0.8979084816526668,0
1,0.6653928898533861,1
1,0.6737382280084905,1
1,0.7969233449292147,1
1,0.7261017990410991,1
1,0.8347017797256261,1
1,0.7626327029336444,1
0,0.5861586249392974,0
0,0.9370549308165422,0
0,0.8074956699602782,1
0,0.9457860894735874,0
1,0.8773345920920154,1
0,0.6609875741434214,0
0,0.884435787585798,0
0,0.9959080974005267,0
1,0.8876805296642012,1
0,0.8157228520375108,0
1,0.9528259721522508,1
1,0.9308152801786513,1
0,0.8338584130210167,0
1,0.6514777855892881,1
0,0.7593776120117229,0
1,0.6793815934935513,0
0,0.6519495542339301,0
1,0.5048543306697525,1
0,0.9750100204678638,0
0,0.9134477358981227,1
1,0.8278336720555517,1
1,0.9243098990349445,1
1,0.8753031943175212,1
0,0.5409628616487128,1
0,0.6824890262875625,1
0,0.9907814238736629,0
1,0.5685404055950121,0
0,0.9934764934758069,0
1,0.7972736586793978,1
0,0.9881834583589869,0
0,0.936895950161176,0
1,0.9768500172198465,1
1,0.6201334365311141,0
1,0.8716767602242573,1
0,0.7871097523654884,0
1,0.9899377026244487,1
0,0.8776070889331743,1
1,0.8129927632586167,1
1,0.5424124255927447,0
0,0.6158731153887286,1
1,0.9201285043286711,1
1,0.8728310330139563,1
1,0.9695276115442365,1
1,0.7779227524059648,1
1,0.9006222598912903,1
1,0.5133102157969083,0
0,0.954083009331427,0
0,0.9870853194401861,0
0,0.9935655899115555,0
1,0.9901230159991041,1
1,0.8852907176992977,1
0,0.5138815661615933,1
1,0.8857650487984398,0
1,0.9990725890299467,1
1,0.9923084545358738,1
0,0.9679228031889977,0
1,0.9271226871277968,1
0,0.9941972741331305,0
0,0.625989384979582,1
0,0.552758992203148,0
1,0.7731597977480756,1
0,0.7869365819657066,1
0,0.8596206537264631,0
0,0.9394121563830384,0
0,0.9012541085586151,0
1,0.9956918432350287,1
1,0.7143848873649781,0
1,0.6013364078101027,1
0,0.8825339315947857,0
1,0.8882737603821609,1
0,0.9990105974051086,0
0,0.7027067997475787,0
0,0.7793029166596837,1
0,0.8268181451242229,0
0,0.8986348588900903,0
0,0.9783624119246879,0
1,0.7052940473814457,1
1,0.984221914520134,1
1,0.5237226964897818,0
1,0.6675157791991514,1
0,0.9478604974948603,0
1,0.9747629139497747,1
0,0.9430931941339339,0
1,0.7135028954809502,1
0,0.9989750072582342,0
0,0.7987575547338808,0
0,0.9976990756819973,0
1,0.9927808992409096,1
1,0.8242630683837391,1
0,0.9783705013045707,0
0,0.9705657228575019,0
0,0.9458007266287856,0
1,0.8900610301920727,1
0,0.5961483913658457,0
1,0.9659859448932852,1
0,0.5003543678244542,1
1,0.9836161275514136,1
0,0.8782422579962594,0
0,0.9006820027899802,0
0,0.5796747094856565,0
0,0.9121919778816604,0
0,0.9987485437650303,0
0,0.9543452442186601,0
0,0.7917548142836914,0
1,0.6254040276326203,1
1,0.5928436775272586,0
1,0.8104930405276168,1
0,0.6373054628458461,1
0,0.5513273768529088,1
1,0.7164119506288661,1
0,0.660521406954033,0
1,0.6710150085642475,1
1,0.8869734873046842,1
0,0.5586161735863815,0
0,0.9970253901678524,0
1,0.9316962006473436,1
1,0.6047210468154166,1
1,0.9818693504388888,1
0,0.8821464356878079,0
1,0.5090142603341394,0
0,0.9756900366414074,0
1,0.9936385268256593,1
0,0.9440198452694754,0
1,0.6235888224292043,1
0,0.539672484472291,1
0,0.9487784833129026,0
0,0.7609389404952035,0
0,0.7753051519779328,0
0,0.5840181089635657,0
1,0.5950182807663028,1
0,0.9992069821984442,0
0,0.9813318120968387,0
0,0.5641509573301042,1
1,0.5517356858817963,0
0,0.8134345074862624,0
1,0.9704356477565715,1
1,0.8272059444613592,1
0,0.6604086245552767,1
0,0.9992627100701144,0
1,0.9654148430034825,1
1,0.9947587292859543,1
1,0.7621012295530817,1
0,0.9881582672342057,0
0,0.8608179276183421,0
0,0.8809251874100883,0
0,0.8811973062930569,0
0,0.9886661706263472,0
1,0.5770386829582839,0
1,0.8230619947304748,1
0,0.8524238165407952,0
0,0.6020419576470066,0
1,0.9712966776762967,1
0,0.853733151042092,1
0,0.941035185466948,0
1,0.9112407173309677,1
1,0.5165159081268879,0
1,0.9436968349364303,1
1,0.5166698560273421,1
0,0.7225253301107561,1
1,0.678640174209752,1
0,0.6387435662279819,0
0,0.6111724297522689,1
0,0.8132555907395889,0
0,0.9604342334365858,0
0,0.6673061309292202,0
0,0.8710414476079028,0
0,0.9136757725908023,0
0,0.6830885276331795,0
0,0.929383007302497,0
1,0.6173142299909246,1
0,0.9883956996427702,0
1,0.7990373187341632,1
0,0.9684526496410399,1
1,0.9050725610025486,1
0,0.5466424873225213,0
1,0.9611438642838173,1
0,0.8556086310531955,0
0,0.6325091776142497,0
1,0.9667349269741866,1
1,0.989666155856384,1
1,0.8492569358526847,1
0,0.5711262975203442,1
0,0.9561841450292511,0
0,0.99230897878985,0
0,0.8179344803408546,0
0,0.9207774578850105,0
1,0.5995861612432191,0
0,0.9706633590516431,0
0,0.5377622608306654,0
1,0.8469081149932699,1
1,0.8751389215372726,1
1,0.9983056163426,1
1,0.9345511895802535,1
0,0.993849986884179,0
0,0.5971321108077328,0
0,0.8343675490192863,0
0,0.7681758030753829,0
1,0.9568737656911351,1
0,0.8410110175865873,0
0,0.6844530267259454,1
1,0.6038998765790815,0
0,0.9762584191210504,0
1,0.9696656869448551,1
0,0.7123912218964068,0
0,0.9436146614563374,0
0,0.9970405749213214,0
1,0.596511467507542,1
0,0.9958931831544456,0
1,0.8515132531441478,1
0,0.8605492451307707,0
1,0.8316411581591026,1
1,0.9611130658139125,1
0,0.6299462061605594,0
1,0.830419034084317,1
1,0.8619078801371309,0
1,0.9836628267884938,1
0,0.7180643505818498,0
0,0.9442290870010216,0
1,0.6816263168663937,1
1,0.8577266453502139,1
1,0.5998652109239904,1
1,0.9567201005932996,1
0,0.7426574534124362,0
0,0.9973939583016732,0
1,0.8022954511901902,1
0,0.9343362669841919,0
0,0.9871086563292913,0
1,0.979794043145803,1
1,0.9935977758399376,1
0,0.837595404978523,0
0,0.9294779532366528,0
0,0.7758885335061807,1
0,0.8972224627541914,0
1,0.658360566099776,1
1,0.8551042840993839,1
0,0.9754741547501228,0
0,0.9037992274692205,0
1,0.6560021374138425,1
0,0.5473455511224616,0
1,0.7556908805726039,1
0,0.7545073754507302,0
0,0.9109389662400004,1
0,0.8931867944880656,0
0,0.9796725060463658,0
0,0.8436178666540857,0
1,0.5262169339024587,1
0,0.9565831544967791,0
0,0.9612941620492967,0
1,0.6667483536518877,0
0,0.8925248193410288,0
0,0.5111791799802643,1
1,0.9212906980157196,0
1,0.7582346123704358,1
0,0.741440994204752,0
0,0.898549555266523,0
0,0.5129477414183297,0
1,0.7893480427744335,1
0,0.7800884626909884,0
0,0.5672851312719658,0
0,0.6164552188359236,1
1,0.6523635624119102,0
1,0.7164468278737657,1
1,0.6275188551136253,1
0,0.8463517173150068,0
1,0.6937840935662899,1
1,0.743511070354364,1
0,0.9914611048661073,0
1,0.9825640860641182,1
0,0.9888555483132352,0
0,0.6327909616905829,1
0,0.8690882508976275,1
0,0.9398177611200216,0
0,0.9681272035118382,0
1,0.7638028525669991,1
0,0.9470413767532886,0
1,0.9095073968839631,1
1,0.5381003417428185,1
1,0.8210855927061268,1
0,0.9919856507436943,0
0,0.9198031231593203,0
0,0.65589836138524,1
0,0.7220108770357382,0
1,0.8263755064469994,1
1,0.7692470426217513,1
0,0.5819406001428868,1
0,0.5663348656443544,1
0,0.9862278247403461,0
0,0.8778910408000199,0
1,0.9964813921920228,1
1,0.7878530198114096,1
0,0.7324794963554562,0
0,0.9509008338598871,0
0,0.8338711844322613,0
1,0.503565451219469,1
0,0.9930026207433282,0
1,0.7365530143945593,1
0,0.8889370584864641,0
0,0.6907679674225468,1
0,0.8186026423473881,0
1,0.9243699512589776,1
1,0.9075673750628594,1
0,0.5320643492403354,1
1,0.8739537960008796,1
1,0.8387907064491157,1
1,0.8493702620659804,1
1,0.8055523344367393,1
1,0.9496871554473635,1
0,0.9536435726513145,0
1,0.6510677436777533,1
1,0.6472436447830058,1
1,0.6934045670784232,0
0,0.7943385855482069,0
1,0.6389975905014301,0
1,0.5159876840030492,1
0,0.9596056498802749,0
0,0.8554737839644199,1
0,0.9767744828140383,0
1,0.9925556739183663,1
0,0.5073326989369413,0
1,0.574315624776823,0
1,0.7163650951871555,1
0,0.9252104614103199,0
1,0.8644072944225678,1
1,0.8100038261285483,0
0,0.9637013788332297,0
1,0.7215480558037785,1
0,0.5797417450291786,1
0,0.8690833788198301,0
0,0.6574872033906917,0
0,0.5644099409101826,0
1,0.6586944995206262,1
1,0.7316712040755184,1
0,0.6856644555088565,0
1,0.9406612635487234,1
1,0.735407537054169,1
0,0.9801875518940276,0
1,0.5590452784049212,1
1,0.6949160065845911,1
0,0.942833024448352,0
0,0.7402872846487389,0
1,0.6760849742274816,0
0,0.9865389645168122,0
0,0.9565269483558244,0
1,0.9729200591602317,1
1,0.9946888007874174,1
0,0.7967981277534348,0
0,0.9655746817196339,0
1,0.6350200485639856,0
1,0.9281115431389961,1
1,0.6145120713427291,0
1,0.7915467540907921,1
0,0.9923565098210995,0
1,0.9529863720592776,1
1,0.9113791367376552,1
0,0.7705842969860843,0
1,0.7896524561566649,1
1,0.773313287672521,1
0,0.7018348792217277,1
1,0.837553365164708,1
0,0.7186780524875134,0
1,0.5921285750182308,0
1,0.6738844351988845,1
1,0.6860945233247255,1
1,0.7003805274195374,0
0,0.9884846918677563,0
0,0.8130737128002321,0
1,0.5703037477599827,0
1,0.9850370043595508,1
0,0.9849715861333677,0
0,0.9778828269803983,0
1,0.6611688913449185,0
1,0.5019989105414041,0
0,0.9992106629516678,1
0,0.9587118561491188,1
1,0.9357110677906143,1
1,0.6291307524736106,1
0,0.9589886411213439,0
1,0.9626978621507348,1
0,0.888414385838618,0
1,0.9914092745292197,1
0,0.6949873794871277,0
0,0.7021493573121413,0
0,0.914661834929074,0
0,0.8732748274911678,0
1,0.6081514706833882,1
0,0.8535133504040822,0
0,0.7274031712113324,1
1,0.9002777393285587,1
0,0.7752629166807453,0
0,0.6405755957993932,0
1,0.6893979089932835,1
1,0.8931298454699796,1
1,0.9299759142393645,1
0,0.9835709342387934,0
1,0.8828619918139654,0
1,0.7169833286724394,1
1,0.765383876078102,1
0,0.984458975552245,0
0,0.9094882939831576,0
1,0.8898181140971532,1
0,0.944059133249215,0
1,0.9988920707940142,1
0,0.902286859680866,0
1,0.7856747034119475,0
1,0.9814571108728515,1
1,0.84814883388504,0
1,0.9280710679270004,1
0,0.7483322314547669,0
0,0.5725716089537913,1
1,0.7706118623100068,0
1,0.8939241757042751,1
0,0.9209812308589436,0
1,0.9534071962620749,1
1,0.6561548461221527,1
1,0.667202124231919,1
0,0.5888041878589938,0
0,0.9947866582972154,0
0,0.6104887110849582,0
1,0.7095961722981428,1
1,0.9540022236254241,1
0,0.9754147693799896,0
0,0.6844435200431318,0
1,0.8179562404078395,1
1,0.8102956426996824,1
1,0.9136739087890459,0
0,0.9675335896463677,0
0,0.954127150626525,0
0,0.8991917251829044,0
1,0.8554183722785581,1
1,0.6152451241301489,1
1,0.5192611170761036,1
0,0.9887176312860686,0
0,0.8695505713663292,1
0,0.8112979926832726,0
0,0.8277617344713134,0
0,0.9300204487483448,0
0,0.6479714662745617,1
1,0.8928678356412749,1
1,0.9805540811562024,1
1,0.9938432752861829,1
1,0.7706555097767612,0
0,0.6093841805590559,0
0,0.642145236262882,0
0,0.9909030531147464,0
1,0.9587398941582339,1
0,0.8892043176808213,0
0,0.5033952913021191,1
1,0.6874858841716553,1
1,0.8456877533063554,1
0,0.5640714894843261,1
0,0.8416007461300032,0
1,0.5475003507326109,1
1,0.880026966448864,1
1,0.9792457471766653,1
0,0.6762661469424711,0
0,0.8097792326711761,0
1,0.5463921785952719,0
0,0.6627099296302497,0
1,0.5264667131739355,1
0,0.9278455812404001,0
0,0.654949975303458,1
1,0.6132002109492414,1
0,0.736853340192231,0
1,0.8652344749965272,1
1,0.6527260758971098,0
0,0.7213708836872003,0
0,0.7473398013533539,0
0,0.5208831827882664,1
0,0.6333349189144596,1
0,0.8191190936275231,0
1,0.6012686391442642,1
0,0.6542852973519483,1
0,0.9951326185205418,0
0,0.5367744930925704,1
0,0.9384800758186804,0
1,0.6722621572095551,0
1,0.9237066231028429,0
0,0.9348833470043703,0
1,0.7437633395774006,1
0,0.9528471099882055,0
1,0.9433094768298019,1
0,0.6605212294481129,1
0,0.780121936673508,0
0,0.8957123810357752,0
1,0.6761870638015262,1
1,0.807880952244361,0
0,0.953814214429438,0
0,0.5952626126333487,0
1,0.9360981586642482,1
1,0.9054146047863124,1
1,0.6746663564491512,1
1,0.9178429305062802,1
0,0.9343828542366093,0
1,0.5918217721338472,1
1,0.7552073902810211,0
1,0.8470138409097194,1
1,0.9500511052606591,1
1,0.8279570394966832,1
0,0.8209748672243615,0
0,0.5847987382541942,1
1,0.801165317550068,1
0,0.946488284863825,0
1,0.7147347652347772,1
1,0.606301349302208,0
0,0.9221659349264143,0
1,0.8534315195935684,1
1,0.5500027327160307,0
1,0.7549810948180465,1
0,0.5890168951640542,1
0,0.8552664438574425,1
0,0.8520922772255997,0
0,0.7096631299176959,0
0,0.5380290378664845,0
1,0.5652142611963867,0
1,0.663338389275355,0
0,0.9763052624342364,0
0,0.6463482615282254,0
1,0.6581086411474345,1
0,0.6069639795324697,0
1,0.9599622522958822,1
1,0.6765412120724887,0
1,0.584945559865897,1
1,0.6035616205778879,1
0,0.9696729526523638,0
0,0.8300240140029367,0
1,0.6120130070111034,1
1,0.9579750111026096,1
0,0.5305966138150633,1
1,0.580693673368263,1
0,0.6192291440580957,0
1,0.5392675172919227,0
1,0.9431784592957504,1
1,0.9872611632417989,1
1,0.9676397029954281,1
0,0.7100778586089984,1
1,0.5466517280040886,0
0,0.9422632132798029,0
1,0.9753336687929737,1
1,0.6947283932635643,0
1,0.9513415100564928,1
1,0.6582690114380879,1
0,0.9406382570138618,0
0,0.9904264043688178,0
0,0.6590167945974035,0
0,0.5741278259443496,0
0,0.5368663378843724,0
0,0.9091207037911507,0
0,0.8812862210570607,1
0,0.668194283376439,1
1,0.7298206626990823,1
0,0.9728396904520193,0
0,0.9497773183206243,0
1,0.9212282005625432,1
1,0.5292338762906734,0
0,0.9766779792496288,0
0,0.6768370055346857,0
1,0.6637545386049145,0
0,0.765018551619798,1
0,0.5737427417545014,0
0,0.6403833537788746,0
0,0.9195212747420846,0
1,0.5946279664182893,1
0,0.9417536330355776,0
0,0.9368506697274653,0
1,0.8680697800050817,1
1,0.9649261107697491,1
1,0.6974885646121756,1
1,0.9237458281904345,1
1,0.715591830626769,0
0,0.8173575719595806,0
0,0.9929010859972961,0
0,0.7794821578201854,0
0,0.9885001825297108,0
0,0.9068833557592632,0
0,0.99345580112677,0
0,0.8489418052361364,1
0,0.5015569555543946,1
0,0.626112133503266,0
1,0.9627211538006338,1
0,0.5272353662213671,1
1,0.8048133015056914,1
0,0.6320445497051299,1
0,0.8277097659222716,0
0,0.8256734343779797,0
0,0.9867241783707373,0
0,0.7226775923007438,0
1,0.6209995811388943,1
0,0.9907077614255445,1
1,0.7221562026939556,1
0,0.9348223223047845,0
1,0.9395228281787656,1
0,0.8975980178744772,0
0,0.8304678449746353,0
1,0.9501040474819792,1
1,0.6062339527389367,1
0,0.6072971365591573,0
0,0.7489555261232637,0
0,0.984208642585574,0
0,0.9997111455552942,0
0,0.9772119834551424,0
0,0.7831023402283384,0
1,0.5777595274453884,1
1,0.9583533249532437,1
1,0.5151960343114764,1
0,0.860536257404336,0
0,0.6209932047419324,0
0,0.7591639015008936,0
0,0.5021046068756891,0
1,0.9026000490593402,1
0,0.9439527022410796,0
0,0.7318081773230549,0
1,0.78548194166937,1
0,0.7507404875828418,0
0,0.9970415739664664,0
1,0.8303765884306202,1
1,0.6659495392714647,0
0,0.7068389654442098,0
1,0.9847891166862607,1
0,0.9286716287347346,0
0,0.9952893863205822,0
1,0.8325760207261852,0
1,0.5723314732242042,1
1,0.875689154009686,1
1,0.8344082367150928,1
0,0.9239256139181867,0
0,0.8750941619255133,0
0,0.7730228018138048,0
1,0.9749638554585099,0
1,0.5645931726016234,0
0,0.9955136238663,0
1,0.842123231824094,1
0,0.9988401967483814,0
1,0.7807178003588673,1
1,0.8028908290273328,1
0,0.9161813655083139,0
1,0.5676344680139731,0
1,0.985591405559722,1
1,0.5289511931293569,0
0,0.9347006907171492,0
1,0.8438885012920601,1
0,0.5185268494104022,1
0,0.7915742628759551,0
1,0.9815235621706355,1
1,0.9263001550810778,1
0,0.9945126508818706,0
1,0.5716197469529583,1
1,0.9247762037110768,1
1,0.6120750716202951,0
0,0.8524476753435442,0
1,0.7451729309884205,1
1,0.6353026589471309,1
0,0.7237790631876693,1
0,0.9091034989002178,0
1,0.9891324951223339,1
1,0.832314267828678,1
1,0.9886293606553456,1
0,0.5206944035430295,1
0,0.6087855426443811,0
1,0.5395109700904838,1
0,0.9897073939506449,0
0,0.6726975246780149,1
0,0.7295365299741708,0
0,0.9458140932058481,1
1,0.916497331861257,1
0,0.9832932951099349,0
0,0.7036626169958492,0
1,0.8927453313499104,1
1,0.5168265386307584,1
1,0.9195902832667489,0
0,0.9755104770126412,0
1,0.6653890228278356,1
0,0.9774698988674532,0
0,0.8073038962759204,0
0,0.8407410665825757,0
1,0.5367303972577112,1
1,0.8376697556012919,0
1,0.741814828317804,1
0,0.9743610491341309,0
0,0.6869445272905492,1
1,0.5648277256150874,1
1,0.9477142023320224,1
0,0.6810058572325168,0
1,0.9419044035114399,1
1,0.9421781446194217,1
1,0.9431822001990072,1
1,0.5203829904157781,0
0,0.9613602619567905,0
1,0.7469274147133222,1
0,0.5803637032547545,0
0,0.6292834835899972,0
1,0.5066516085532774,1
0,0.9320747386798154,1
0,0.9501760515258311,0
0,0.5164059269488042,1
1,0.5493435254589382,0
0,0.9546641477029995,0
0,0.6442254959379994,0
1,0.7863203280281165,0
0,0.6341458927849335,1
0,0.9421670766164256,0
1,0.8613363944340444,1
0,0.7696171538706726,0
0,0.9735347533057797,0
1,0.8244330662284188,1
1,0.8352064198915051,1
1,0.8643322960791885,1
1,0.9256432823539591,1
0,0.993959371452875,0
1,0.9788874934389887,1
1,0.7543082345741484,1
1,0.6072295213526413,0
1,0.6345112654069138,1
0,0.9283498937892756,0
1,0.8756938560250358,1
1,0.9474134901402347,1
0,0.6495399999806707,0
1,0.9668404156441479,1
0,0.9764224705337287,1
0,0.7834519184253541,0
0,0.9413834551090484,0
0,0.9992029653735388,0
0,0.6354419814831299,0
1,0.8574396693285102,1
0,0.6187226971819288,1
0,0.8094999376024913,0
1,0.5816005264724042,1
0,0.9510173292181008,0
0,0.912863737970824,0
0,0.854122991657086,0
0,0.7852121835536728,0
1,0.8828453642120259,1
1,0.7756447133702639,0
1,0.5183344139722308,1
0,0.9037062520676737,0
0,0.6593962222454424,0
1,0.8745739002661588,1
0,0.9428472260318019,0
1,0.5479819715165992,0
1,0.9188385084316956,1
1,0.7678942801875891,1
1,0.802117564673448,1
0,0.9540539159026598,0
0,0.5552722939448433,0
1,0.9168811554500716,1
0,0.9281627312251208,0
1,0.8992744334378272,0
0,0.9780978619039006,0
0,0.7458512846316706,0
0,0.8202791636054071,0
1,0.9711153190871685,1
0,0.8603294032609811,0
0,0.9801437500086806,0
1,0.7284755226344202,0
0,0.9059096135490624,0
1,0.8910622632067862,1
1,0.6036800266728756,1
0,0.582329417356424,0
0,0.6971926563930384,0
1,0.9907344684518807,1
1,0.9069616841098349,1
1,0.917004722527151,1
1,0.5829555680522949,1
0,0.9670724752449251,0
1,0.6384807102862873,1
0,0.5769641434352085,0
0,0.9097716928265739,0
1,0.6613450519174372,1
0,0.9664546118954045,0
1,0.7000588673208977,1
1,0.9802502440007904,1
0,0.9955707055466996,0
0,0.9987388409795978,0
0,0.6198543432338297,1
0,0.9903481171485531,0
1,0.5982109238093045,1
1,0.5222092400282449,1
0,0.9819273615635558,0
0,0.9924720141317473,0
0,0.9814206397943346,0
1,0.5778915139136809,0
0,0.7791669118634266,0
1,0.9948037557085261,1
0,0.5383662724130743,0
1,0.720028933475595,0
0,0.8532772561916253,0
1,0.6743620246471421,1
0,0.7908314226049665,1
0,0.802675347998216,0
1,0.572695144318323,0
1,0.702103999591792,1
1,0.7603021555163255,1
1,0.957753206918094,1
0,0.9935036425462528,0
0,0.9265838244435738,0
1,0.8329437725543394,1
0,0.976371015947038,0
1,0.5986262566346084,1
1,0.984254955259535,1
0,0.5433183125323651,0
0,0.5234658571890095,1
0,0.9070171411325647,0
1,0.6613308392706144,1
0,0.9917529280177704,0
0,0.9348777307840662,0
0,0.9150147523346195,0
1,0.6693929766967583,0
1,0.7133687845150846,1
0,0.959978189456914,0
1,0.5760531514206246,1
0,0.9936970515692889,0
0,0.8096239883266614,0
0,0.9989704119558473,0
0,0.7486385719339554,0
1,0.7085123723804067,1
1,0.6742045863441545,0
1,0.861953989525879,1
0,0.966560234387831,0
1,0.616612549449085,0
1,0.9950640748081883,1
1,0.7127922057582116,1
1,0.9081428453175256,1
1,0.9581758706227362,1
0,0.6130711020046727,0
1,0.5739680113558515,1
1,0.6539383635450033,0
1,0.9885723137636039,1
1,0.577550044253298,1
0,0.9490958840112457,0
1,0.6138395576721488,1
1,0.8328702676914704,0
1,0.7665290264885852,1
0,0.9956886565524387,0
1,0.8625333869391236,1
1,0.5660822686594285,0
1,0.9291277668197006,1
1,0.6665222030790274,0
0,0.8776863520065038,0
1,0.8359689690471276,1
1,0.5157529695871008,0
0,0.9425815076239494,0
0,0.6074685339245487,0
1,0.5716282401168631,0
0,0.9375852068705955,0
1,0.6770613969226501,1
1,0.5425048021092982,0
0,0.9384896587504272,0
0,0.9867967067576646,0
1,0.5899537842429642,1
1,0.7673044333077361,1
0,0.5885382850055059,1
0,0.8624243659442659,1
1,0.7981470776072577,1
1,0.9803974648798206,1
0,0.9664304203034906,0
1,0.7852577225374601,1
1,0.5084140557461733,1
1,0.9180050298162662,1
1,0.7373323947663548,0
0,0.9376590228976643,0
1,0.6872284822651835,1
1,0.5587352742180625,0
0,0.9696522754484641,0
0,0.9816961991225026,0
1,0.8954720323003262,1
0,0.8997887054097412,0
1,0.9613291344120299,1
1,0.9904051096567211,1
1,0.6912420008362365,1
1,0.982175913895357,1
0,0.8095477056256658,1
1,0.8014540388383617,0
0,0.9344001597356719,0
0,0.9122893602658861,1
1,0.7550223696865876,1
0,0.9719741681760855,0
0,0.8596381106374955,0
0,0.978800526995522,0
1,0.790693386574566,1
0,0.9198935221682065,0
0,0.7928617576317816,0
1,0.9412290332029664,1
0,0.5822009854484635,0
0,0.9578346286991521,0
0,0.8749221841768343,1
1,0.5882958603405771,1
0,0.7710913319626984,0
1,0.7396173670031354,1
1,0.8985900908698404,1
1,0.727651590288546,1
0,0.9382585973048513,0
1,0.7870315716449039,1
0,0.992734412670396,0
1,0.7778972149836455,1
1,0.5080525249858632,1
0,0.9596479771092664,0
0,0.6791307229033454,0
0,0.9248065597373486,0
1,0.8976556490607631,1
0,0.9297631101764925,0
0,0.9847943101546841,0
0,0.9619732425231914,0
1,0.9954777065738544,1
0,0.7951052138991674,0
0,0.5442491293568585,0
1,0.7472184105435372,0
0,0.9807424175678399,1
1,0.9690933389176726,1
0,0.9886596502834435,0
1,0.708807628487676,1
0,0.8521763635159989,0
1,0.6747952461604882,1
0,0.9705156804807272,0
0,0.8696255790374081,0
0,0.6321315040074933,1
1,0.8851376916083842,1
1,0.7916420719670781,1
0,0.7214705908655052,0
0,0.822248372020913,0
1,0.9189251505163313,1
1,0.9203723370270451,1
0,0.6069856598676534,0
0,0.8054126381952638,0
1,0.7065235159998128,0
1,0.9881787190503608,1
0,0.9785783338158658,0
0,0.6043576505366135,1
0,0.5573652037520803,0
0,0.8958769184345202,0
1,0.6823524007897874,1
0,0.7860831951885646,0
1,0.5825251195624799,1
0,0.8480699447620421,0
1,0.8825707886175944,1
1,0.5136899605946164,1
0,0.8056414801804421,0
0,0.706916359266178,0
1,0.9365750633463703,0
1,0.9951575307260185,1
0,0.7192573777016593,1
1,0.533779068931852,0
0,0.9018431358622313,0
0,0.7367893801928889,1
0,0.7234345704632794,0
0,0.9638362687629303,0
0,0.9898879849059069,0
0,0.7340372853988149,0
1,0.5100815108252452,1
0,0.5109590232583483,0
0,0.9747392958772096,0
0,0.9805616879420488,0
0,0.6740102976560804,0
0,0.7854094361643393,0
0,0.7491754956429018,0
0,0.9714473928922126,0
0,0.6641934837082535,0
0,0.8183337962018559,0
0,0.7990703475078874,0
0,0.6539128441607733,0
1,0.7583179536413931,1
1,0.898420509874664,1
0,0.9962641504433798,0
0,0.8570880343651105,0
0,0.6492069520928389,0
0,0.9563018064078391,0
1,0.5218862780225281,1
0,0.9423689137294913,0
1,0.9981472652986637,1
1,0.9674378248935824,1
1,0.716075205706788,0
1,0.5639847703501987,0
1,0.9611026049485026,1
1,0.8057696158106541,1
0,0.8432155448878986,0
0,0.9753139012179414,0
1,0.8483400360981063,1
0,0.7370739006986837,0
0,0.918118638526142,0
0,0.5491833510728199,1
1,0.9958657686775294,1
1,0.8993355552385631,0
1,0.5289838660363745,1
0,0.6856295287146266,1
0,0.5085654204057273,1
1,0.7291810963777541,1
0,0.5458188923940087,1
0,0.7344348146586759,0
1,0.5393149057813177,1
1,0.9614663710916541,1
0,0.7946771263915886,0
0,0.6671075606434785,0
0,0.9847009862970592,0
1,0.9776794347095317,1
1,0.9655272938440916,1
1,0.8683362866544319,0
0,0.9901545795461105,0
0,0.8668663917906281,0
0,0.6263970257584464,0
0,0.9740638896126074,0
0,0.6156584800331704,0
1,0.5714888625030187,1
0,0.5871393905657123,0
0,0.6596292006950744,0
1,0.6879810430805203,0
1,0.7468841860000351,1
0,0.8432142444080127,1
0,0.5731718726669903,0
0,0.9977724146828101,0
0,0.851143714554943,0
1,0.9283669025409395,1
1,0.5527238035288669,1
1,0.6589894347977672,0
1,0.9496195758816026,1
1,0.7408539605580566,1
1,0.8838807663073385,1
0,0.9988805328616868,0
0,0.842254357495714,1
0,0.7909028078568819,0
1,0.5633559020286151,0
1,0.5618066786667567,1
1,0.9781117172145573,1
0,0.5120586696801386,1
1,0.9872952258007661,1
1,0.9044710118125048,1
0,0.9048337372683694,0
0,0.5495357697988444,1
0,0.5438509606575967,1
1,0.729172832348803,1
1,0.9006995194640555,1
0,0.9209137692875806,0
0,0.5420813793825068,0
0,0.8638462180937858,0
1,0.8031175500165845,1
1,0.7847727887695924,1
0,0.8880355059733535,0
1,0.8482143375371174,1
1,0.9874535587636077,1
1,0.9464667572295669,1
1,0.8580205397624853,0
0,0.9967287766333162,0
1,0.6668122818162899,1
1,0.7301850946700837,1
1,0.6691011328460248,1
1,0.5170382251185062,1
0,0.9564277874420175,0
0,0.9969338882870082,0
1,0.9964383127048065,1
1,0.7247720871696374,1
1,0.7139146729079432,1
0,0.7000726197984778,1
1,0.7970254264873886,1
0,0.8931439421395003,0
0,0.8591865396040856,0
1,0.7403814576211112,0
1,0.5674142252364808,1
0,0.5118027330954247,0
1,0.594547772518917,0
1,0.8382968905921618,1
1,0.953121458480611,1
0,0.8407025203335449,0
0,0.7140008375532434,0
0,0.5806070701519681,1
1,0.9705341512177947,1
1,0.7287964758542738,1
1,0.6760018634152991,1
0,0.947370661602603,0
0,0.7256079259243639,0
0,0.924477946350071,0
1,0.9871837116937857,1
1,0.5224131238719733,0
0,0.7869222920290972,1
1,0.9095961176506104,1
1,0.5698002484433112,1
1,0.7819816029340516,1
1,0.8511599141146295,1
1,0.9662343800464832,1
1,0.5321280257151754,0
0,0.8379374132935735,0
0,0.8778440095101124,0
0,0.8935631243168229,0
1,0.5644977859377802,0
0,0.7084964081369622,1
0,0.8791555743291313,0
1,0.6286376624988451,1
1,0.6750955512206286,1
1,0.9360185087027844,1
1,0.6285385025825263,0
0,0.9774124659158974,0
1,0.8849915458596823,1
0,0.9907532199117234,0
0,0.9886961280307034,0
1,0.8564373524136384,0
1,0.5857321501211066,1
0,0.7822360517108069,0
1,0.9499886960755931,1
0,0.5890152526604511,0
1,0.9100219468847558,1
0,0.9831544607446929,0
1,0.7622142258693967,1
1,0.9724944765692299,1
0,0.9600038055514023,0
0,0.7574869894437639,0
0,0.8365628948595678,0
0,0.9715847358561868,0
0,0.9484781196925066,0
1,0.8380870893573662,1
0,0.6774352323054467,0
1,0.5820030110147891,1
1,0.8840223756752436,1
0,0.942015120514672,0
0,0.7029210668118545,0
1,0.8675569185611735,1
0,0.5281080491916059,0
0,0.8674408552758057,0
0,0.6768471822423429,0
0,0.510847844098741,1
0,0.8699326393749419,0
0,0.8560213140186299,0
1,0.5448206942591043,1
0,0.6813704451136511,0
0,0.79982535359328,0
0,0.9119290702078476,1
0,0.8694287810229567,0
0,0.9960588905804083,0
0,0.961984394163611,0
0,0.6216580278763844,0
0,0.7409580970632719,1
1,0.8978733188007065,1
1,0.7603242974783184,1
1,0.5290017349629522,0
1,0.7464191743057023,1
1,0.5424007713314912,1
1,0.5599846728348317,1
1,0.894565292216325,1
0,0.900716890860162,0
1,0.7611488214146209,1
1,0.8140527653644805,0
0,0.7013268749030606,0
1,0.631382679903578,1
0,0.984541539580059,0
1,0.9711014836132076,1
1,0.5428693893968094,1
0,0.8260923156652176,0
1,0.5070121347089804,0
1,0.8561513157235616,1
0,0.8185375165390381,0
0,0.9631247403572278,0
1,0.8400666213553243,1
0,0.7538067513139786,0
1,0.6720443482634664,0
1,0.6132163147357742,0
1,0.8125093363588104,1
1,0.6214326956384043,1
0,0.9916494986010954,0
1,0.8515753420807206,1
0,0.8231069665096147,0
0,0.6822373942304008,0
0,0.9785344127102064,0
1,0.7667760333999094,1
0,0.5319795413277184,1
0,0.9776322066618564,0
0,0.8706922391409802,0
1,0.6139762469164056,1
0,0.9859944691066052,0
1,0.9041277787235276,1
0,0.7528560630389992,0
1,0.8683392971659648,1
1,0.6372853679220294,1
1,0.9888689763404459,1
1,0.5359025008892769,0
1,0.8783306087727518,1
1,0.8646782645390739,1
0,0.964981930550523,0
1,0.7179078411085082,1
1,0.7817083269493856,1
1,0.8618345933216314,1
0,0.8396641562956996,0
1,0.8116149717015582,1
0,0.9865132262449109,0
0,0.8414440710011335,0
1,0.7505747466266992,1
1,0.9894343231869506,1
0,0.6716048397921669,0
0,0.663576874326892,0
0,0.630187046708425,0
1,0.9776594253096711,1
1,0.6099120137094572,0
0,0.9858779664836236,0
0,0.9604526721300713,0
1,0.8854776561218679,1
1,0.7512468684486077,1
0,0.6809198705864723,0
0,0.9426032454275781,0
1,0.8194202913969362,1
0,0.5705924763989891,1
1,0.5900360910179804,0
1,0.5309574188944174,1
0,0.7226935312637583,1
1,0.9076838497411831,1
0,0.6537246956764495,0
0,0.8867049890909963,1
1,0.9708344698609868,1
1,0.7722128088740157,1
1,0.9454145253823933,1
0,0.9726831679392777,0
1,0.7169390099302368,1
1,0.8652631321327183,1
0,0.7556801928859993,0
1,0.7984441013798174,1
0,0.9233402486526071,0
0,0.7140486579798042,0
0,0.999506525008996,0
0,0.9355575662345037,0
1,0.7938856086067998,1
1,0.9077577867155188,1
0,0.7199295713688965,1
1,0.9143935958893048,1
1,0.7736994321923627,1
1,0.6305675944591493,1
0,0.9981759891704427,0
0,0.6668449405470661,1
0,0.989669473690713,0
1,0.6702816659039853,1
0,0.7025724786549876,0
0,0.8010946870415517,0
1,0.5392899129455417,1
0,0.9846947781244565,0
1,0.8037003586183289,1
0,0.7695237593223511,0
1,0.9700560299084175,1
1,0.8130105641132307,1
1,0.8844319950619887,1
0,0.5091548759065693,1
1,0.850533770304877,1
1,0.7920989714584868,1
1,0.9863120385064684,1
0,0.8761403723928277,0
0,0.9047088221135835,0
0,0.7583817454121741,0
1,0.9328001023729556,1
1,0.8588908196854266,1
1,0.9729720918410819,1
1,0.8957547445614225,1
0,0.6201854945685881,1
0,0.890193762578723,0
0,0.8426042641995758,0
0,0.9796803717597572,0
0,0.8116670453665449,0
1,0.9462243372656474,1
1,0.8565805009493856,1
0,0.9409178994352113,0
0,0.6789611032685337,0
0,0.9084606602451158,0
1,0.8182007865399523,1
1,0.9522159071074264,0
1,0.554142795707608,1
0,0.9883512001594895,0
0,0.975201757005357,0
1,0.9558636442247957,1
0,0.7860590142501362,0
0,0.8779574502331444,1
0,0.9941022108622404,0
0,0.895000009019379,0
1,0.980855233999175,1
1,0.7755270351803635,1
1,0.9729586865690836,1
0,0.592925972901265,0
1,0.8452567272428125,1
0,0.7983544749706265,0
0,0.8016579896465033,0
0,0.961057045235136,0
0,0.9963456379886096,0
0,0.9679172214287082,0
1,0.6660567479729899,1
0,0.9112174173998913,0
0,0.8296058045340018,0
1,0.9096865350523168,1
0,0.6019412846253951,1
1,0.6890226531709559,0
1,0.8835416163824003,0
0,0.9531804761384561,0
1,0.7157954681465463,0
0,0.6722942257154705,0
1,0.81025242428616,1
0,0.9730977086036813,0
0,0.7794332757639577,1
1,0.9759122464014087,1
0,0.7039475038958802,0
0,0.9940842064262343,0
0,0.8220644557262295,0
1,0.7978985726917169,1
1,0.8725115889575783,1
0,0.9232375758818626,0
0,0.874970062367521,1
1,0.7638339869241044,1
0,0.5224060605881518,1
1,0.9007017407348437,1
1,0.9282164966282723,1
0,0.5379090615666542,1
1,0.9992841590343625,1
0,0.8700853948712061,0
0,0.6912042214961789,0
1,0.9694823809675127,1
0,0.9911488142327751,0
1,0.5885294774765921,0
0,0.8260282596447718,0
0,0.6801987247290942,0
0,0.823823517080801,0
0,0.5049189029521701,0
0,0.8392688684185485,0
0,0.9532157050023281,0
0,0.5960347974294833,1
0,0.9488189147558986,0
1,0.6723104514380843,1
0,0.9240103943041752,0
0,0.8393982679583102,0
0,0.5738077489186595,1
1,0.9960544058354411,1
1,0.7824409333744596,1
0,0.8543710639263965,0
1,0.9050011022090018,1
0,0.6732219995820317,0
0,0.5245591938547737,0
0,0.582530952066322,0
1,0.889871549204508,0
1,0.882429225138008,1
0,0.5734842756086783,0
1,0.8896381944624859,1
0,0.9485600853908918,0
0,0.9965128710581346,0
1,0.6771139841525118,1
1,0.8582010851663445,1
1,0.7202641550025117,1
0,0.7986176279332282,0
0,0.9385184183859634,0
1,0.9397840359909523,1
0,0.9948438381013134,0
1,0.9204231783724638,1
0,0.8140201990618605,0
0,0.9963814627763362,0
1,0.9891677320683754,1
0,0.9934313825302488,0
1,0.9877342577930904,1
0,0.9895742736272276,0
0,0.5082605909336719,0
0,0.6587992465354999,1
1,0.9673362252947639,1
0,0.9267554655445559,0
0,0.9808671325068292,0
0,0.9777985328946259,0
0,0.5143067335279922,0
0,0.6568042197325497,1
0,0.9479585968061761,0
0,0.8650888511334929,0
1,0.8350729460375657,1
1,0.8016851049488544,1
1,0.7037296454574226,0
0,0.784362366098019,0
1,0.9766132060127767,1
1,0.9629293403802391,1
0,0.8639892501934853,0
0,0.9639150322845259,0
1,0.9287388057609373,1
0,0.666900479374106,0
0,0.9574768696197756,0
0,0.9964971787414764,0
0,0.9969573959622877,0
0,0.848535030590969,0
0,0.9868443708190664,0
0,0.9009981036850059,0
1,0.9658025784234835,1
0,0.5514689198829635,1
0,0.9882310712059414,0
1,0.646501995631303,0
0,0.8718967979425417,0
0,0.9696581289195197,0
0,0.9373768674767413,1
0,0.9850835761422879,0
1,0.7493492057851706,1
0,0.963736044075024,0
0,0.8185333472074722,1
0,0.8231695778668959,0
0,0.9543605973706372,0
0,0.8333570181368968,0
1,0.9150494083114931,1
1,0.9754788943866531,1
1,0.9516666951088327,1
0,0.6403618857422133,0
1,0.8175183983726247,1
1,0.765339305932994,0
1,0.5014047685393929,1
1,0.7045939549941689,1
0,0.7521324471513136,0
1,0.8967475727754503,1
1,0.8848762513218779,1
0,0.8587382674400073,0
0,0.7563823310628933,0
0,0.5251402892450807,0
1,0.7083226061775068,1
1,0.7686048358992743,1
1,0.9661278146496801,1
0,0.7465067364951149,0
1,0.8430574117256786,1
0,0.6081730779992198,0
0,0.9495882380445932,0
1,0.9162448081526718,1
1,0.7760167525363266,1
0,0.6444129960381879,0
1,0.8455433966177636,1
0,0.8167872092858337,1
0,0.9870981192891063,0
0,0.7982225290863649,0
1,0.9813828494227477,1
1,0.6091460838508568,0
1,0.5732590595471891,0
0,0.9913962842764644,0
1,0.5865430128136103,1
0,0.6815160826061555,1
1,0.5309166213452234,1
0,0.7868580154299394,0
1,0.9936318178405537,1
1,0.828659618014733,1
1,0.5205547825999697,1
0,0.9951589219406429,0
0,0.9809782870015643,0
1,0.9828237588426646,1
0,0.8734738441815844,0
1,0.6793476985703562,0
0,0.618263208060807,0
0,0.7241753721252353,0
0,0.5322275702014732,0
1,0.5896615251097528,0
1,0.7137074653622193,1
1,0.605095447317101,0
1,0.7773860532381563,0
1,0.5240010682334454,1
1,0.8309708834710734,0
0,0.6971357444792449,0
0,0.8411071114401087,0
0,0.9550820591949513,0
0,0.9305518241016824,0
1,0.8554342145395759,1
0,0.6337148192026719,0
0,0.6128906308376423,0
0,0.8292597879509522,0
0,0.7528416210222969,0
0,0.9784593600496534,0
0,0.7996292723192024,1
0,0.9684684149280469,0
1,0.6920053265752361,1
1,0.8580385504095859,1
0,0.9201242415287233,0
0,0.9564065295212186,0
0,0.9802592457752877,0
0,0.5637822671103927,0
1,0.5312307054319558,0
0,0.6904580845512956,0
1,0.8456702450784315,1
1,0.675730194741206,1
1,0.7168197140176406,1
1,0.5106598882185238,1
0,0.7010971337504153,0
0,0.6544552459955841,0
1,0.5741075056216162,0
1,0.677247251606884,0
1,0.9112107207708364,1
1,0.8199343602496115,1
0,0.915391329711504,0
0,0.8003156872651425,0
0,0.7913242717446194,0
0,0.5902453697808507,0
0,0.9188762122304148,0
1,0.8276946369916244,1
0,0.5494823069400012,1
1,0.7240508008674098,1
0,0.6816233047691455,0
1,0.6294447076417378,1
0,0.9063314811310303,1
1,0.9153182606396406,1
1,0.9755170666876573,1
0,0.8667355375676247,0
0,0.7595073995413699,0
1,0.8986387836577744,1
0,0.9468917340506587,0
1,0.9601221370713116,1
0,0.9198323602997468,0
1,0.927870392873062,1
0,0.9948626407136842,0
0,0.7372838455452912,0
1,0.5435334408082064,0
1,0.8413055094796387,1
1,0.782713654770067,1
0,0.6002349404533311,0
1,0.9989260674518893,1
1,0.9825531981765804,1
0,0.9438245461794424,0
1,0.6944455377181987,0
0,0.8020776269951128,0
0,0.7716727972319917,0
0,0.6002541422279719,1
0,0.8540854401726805,0
1,0.9599613929135834,1
0,0.6063936513994519,1
1,0.5982801754935477,1
1,0.9621793561962196,1
1,0.5002220973816928,0
1,0.5120601525754762,0
0,0.9813020618198223,0
0,0.7828262382007323,0
1,0.9738526806238312,1
1,0.7331171600170066,0
1,0.660501381648199,1
0,0.9992216212168215,0
1,0.8059118046325661,1
0,0.9966112906552578,0
0,0.9690639128015966,0
0,0.8122413142608954,0
1,0.9207348406948755,1
0,0.9760734647637959,0
0,0.9014773022892789,0
0,0.5702189689315877,0
0,0.9748657765212981,0
0,0.9255298975122307,1
0,0.8021207077398751,0
1,0.9967810319157218,1
0,0.9965278754192984,0
0,0.9829747119591891,0
0,0.9981875106906879,0
1,0.8689826466959547,1
1,0.9545081817502398,1
1,0.7990446312608186,1
0,0.9647513895814784,0
0,0.790113580579795,0
1,0.8960069164297196,1
0,0.9885337578826754,0
0,0.842826681356646,0
0,0.8116054960717545,0
0,0.8418030939773082,0
1,0.6437889641805926,1
1,0.9948589906475911,1
0,0.8854444404401828,0
0,0.9689549555898996,0
0,0.9526584297673482,0
0,0.7367202560171672,0
0,0.7628027541210025,0
1,0.7459909343854773,1
0,0.7822050498288836,0
1,0.7009835141282463,1
0,0.5019710951577235,1
0,0.9535484628223145,0
1,0.607860488828019,0
1,0.5476878085673473,1
1,0.5909924055729153,1
0,0.9926437616029282,0
1,0.8654292190919495,0
0,0.6004810190823984,0
1,0.6692039840104747,1
0,0.9967801106896143,0
1,0.9545687352123713,1
1,0.8619066891397438,1
1,0.9874044176017808,1
0,0.9097139283030208,0
1,0.6704026606632707,1
0,0.6285694093704464,0
0,0.7120877674085433,0
0,0.8328232598899773,0
1,0.9867346223632492,1
1,0.9447198622254535,1
1,0.7487627423737345,0
0,0.8299023071653049,1
0,0.5461949203335112,1
0,0.7069279429930259,1
1,0.9828333488561622,1
1,0.9171892476650886,1
0,0.839152668054254,0
0,0.6674768145952867,1
1,0.5228057860991407,1
0,0.9881903678445955,0
1,0.9417902496996101,1
1,0.557726028228854,0
0,0.9840126930898253,0
1,0.8732486998420079,1
1,0.9890216553509488,1
0,0.5073775697584038,1
1,0.6447977839852763,0
0,0.9833131558492318,0
0,0.5354178232660439,1
1,0.9519901711449821,1
0,0.7828202100957788,1
0,0.7346594636977888,0
0,0.5444337157973307,1
0,0.9979075133474439,0
0,0.945376514442592,0
1,0.6998074481254177,1
1,0.6829259072251961,1
0,0.9583456097367011,0
0,0.944531268342443,0
0,0.9250558788937117,0
0,0.5852040070087663,0
0,0.6354559991515141,0
0,0.9917903183886303,0
1,0.9804543091744524,1
0,0.9983925074828444,0
0,0.766581172863464,0
1,0.9564999184530443,1
1,0.8728942014291167,1
0,0.9964771655135849,0
0,0.9473326578992904,0
1,0.5553487338856644,1
1,0.856286113830269,0
1,0.9468216180046837,1
1,0.985393162083321,1
0,0.5069851991475844,1
1,0.530993016430128,1
0,0.9069179563974555,0
1,0.8180097748517237,1
1,0.9192810929420729,1
1,0.7322779584318286,1
1,0.528100420180514,0
1,0.7150968200262953,1
0,0.7447433884231114,0
1,0.564660832624133,0
1,0.5089925033974435,0
1,0.6445995383451361,0
0,0.8770482599852737,0
1,0.5749384065062111,1
1,0.6874704620913991,0
0,0.6392228704820755,1
1,0.5690638949745968,1
0,0.820715405243641,0
1,0.6298575564862906,1
1,0.8567497610492459,1
1,0.9984609984955526,1
1,0.5608590233582762,0
0,0.9197367564091128,0
1,0.5639194188007072,0
1,0.9923754096609225,1
0,0.9665069672630908,0
1,0.9030712891963292,1
1,0.7746640121899894,1
0,0.6528633877151514,0
0,0.7107453289415813,0
1,0.71014900482554,1
1,0.9123720013277333,1
1,0.5533566968183775,0
1,0.7493060044025003,1
1,0.821871158427442,1
1,0.768891373553947,1
1,0.9236077924349426,1
1,0.9437442918685491,1
1,0.6753375259585404,1
1,0.6432740057932333,1
0,0.9234343142540149,0
1,0.5534827321736391,0
0,0.5612953842446913,1
1,0.7212868476743406,1
0,0.5561648978085632,0
1,0.8139475432404175,1
1,0.7412370745265314,0
1,0.6446589629634629,1
0,0.688766452019214,0
0,0.9591457745692462,0
0,0.9481390679470211,0
1,0.7823773158685395,0
1,0.985081952226859,1
0,0.954045238006234,0
0,0.5478575282667527,0
0,0.9757267795895587,0
0,0.9896165310964553,0
0,0.989767021578398,0
1,0.7978058734433934,1
0,0.6652102990383295,1
0,0.6521892809062559,0
1,0.7378114520884466,1
0,0.8686182830303976,0
0,0.640289255876394,0
0,0.9642643943914051,0
0,0.5410556001481539,1
0,0.9123029922197805,0
0,0.9628828561850963,0
0,0.7083104292802589,1
0,0.9579266147296992,0
1,0.9701736053519732,1
1,0.9958090984612302,1
0,0.8230376418606,0
1,0.8294979664082042,1
1,0.8438197365737248,1
1,0.5022121332529538,0
0,0.9279985236748308,0
1,0.8637325331187267,1
0,0.923170216513306,0
1,0.5055655809932674,0
0,0.5145432061982166,0
0,0.8153759046539599,0
0,0.6201576140880778,1
1,0.716859072581818,1
0,0.9762347290285525,0
1,0.9114099392852958,1
0,0.5735899362930392,0
0,0.8158975208168524,0
0,0.8640831314772605,0
1,0.8080922277591138,1
1,0.6371454830658049,0
1,0.8274299959847529,1
0,0.9935818069613676,0
0,0.9892558884836056,0
0,0.9182256473655551,0
1,0.929425427102402,1
0,0.9956307018518848,0
0,0.5247598396116193,0
1,0.9285616565849115,1
0,0.68119192361883,0
1,0.8586987304780563,1
1,0.7015419620699023,1
1,0.5904212995867644,0
0,0.9917551716681776,0
1,0.8068304788124518,1
1,0.9800940155519746,1
0,0.9661374019990897,0
0,0.8466399832067221,1
0,0.8845910568362437,0
1,0.789061980147816,1
0,0.7570290521927586,0
0,0.8906417334053844,0
1,0.8445011224782337,0
1,0.9511558991022769,1
1,0.6078513413885022,0
0,0.984578439707616,0
0,0.6592070127516649,0
0,0.9030704867461701,0
0,0.976599512562144,0
0,0.6019751588555982,1
0,0.7969137574510793,0
0,0.5859157368289021,0
1,0.998915271644485,1
0,0.9947786987654639,0
1,0.857561157517156,1
1,0.5866546360803915,1
0,0.6275133853975601,0
0,0.9995310554222724,0
0,0.8481548687850685,0
0,0.559202487333186,0
0,0.8259270998651047,0
1,0.8423054507450333,0
0,0.9437032976696358,0
1,0.893723647066787,1
0,0.8922057336982224,0
0,0.9013882125706169,0
1,0.9889123765927632,1
0,0.9048462705392513,0
0,0.9540643651158953,0
0,0.6847505718947564,0
0,0.9735510377700953,0
1,0.9733493727039312,1
0,0.9603361717222182,0
0,0.9575073566741643,0
1,0.5313599321598933,0
1,0.7189694952940912,1
0,0.965131366852185,0
0,0.9676713698906613,0
1,0.5807365512801662,1
0,0.7677636703323671,0
1,0.8957955181137199,1
1,0.7133945017230103,0
1,0.9208643666331214,1
0,0.9990384934390929,0
0,0.9954024773359592,0
1,0.9544651601167558,1
1,0.890719338807014,1
0,0.9227757414639126,0
1,0.6445510247965566,0
0,0.8436389283169216,0
1,0.8401756781093864,1
0,0.9701525142084559,0
0,0.9257894939979839,0
0,0.9892732874483967,0
1,0.9875494187687689,1
0,0.9943538840554805,0
0,0.9380000588563774,0
1,0.7549414382234397,1
0,0.9037087841797851,0
0,0.8140059615488799,0
1,0.5051638417238293,1
1,0.7696169020807084,1
0,0.5837248151837726,0
0,0.8095995369619369,1
1,0.5767030789852151,1
0,0.985532530656653,0
0,0.9717691246514315,0
0,0.8008155027057857,0
0,0.5756928452086115,0
0,0.7579077156907195,1
0,0.9119682424091996,0
1,0.769817626442869,1
1,0.9039671989228573,1
0,0.5296196983716854,0
0,0.8683409146740342,0
1,0.7208670886620903,1
0,0.6686297656542508,0
0,0.766177611672269,1
0,0.9833018279017076,0
0,0.9987393314145988,0
0,0.5653904046039667,0
0,0.6256740454818976,0
0,0.587654086418149,1
0,0.9272704786988627,1
1,0.5895374016550146,0
0,0.9366834406337301,0
1,0.9609566628941558,1
0,0.8827683683205176,0
1,0.7121104389192356,1
1,0.8981310016672581,1
0,0.9445002034933169,0
1,0.8651356392709133,1
0,0.6267597842019887,1
0,0.7037858006750735,0
1,0.949012663355469,1
0,0.9718068265129476,0
0,0.9468785233451356,0
1,0.6313606938908163,1
1,0.5074789495597856,0
0,0.9214247171190658,0
1,0.8796003181641189,1
1,0.7732546772787543,0
0,0.5799318490738714,1
0,0.8451152419243891,0
0,0.9491407088478453,0
1,0.9310342088272998,1
0,0.9577310323238809,0
0,0.7878696264752703,0
0,0.6813285470175072,0
1,0.7692539193920257,0
1,0.9888944341802666,1
1,0.9898602926874566,1
0,0.9388821200832583,0
0,0.9478341968981788,0
0,0.6816142068987322,0
1,0.997844685087916,1
0,0.6915387290537971,0
1,0.7952363309739812,1
0,0.7223011740572987,0
1,0.8115929189874601,1
0,0.9346410755058624,0
1,0.7113653493035265,0
0,0.9180899009627875,0
1,0.6930247875384622,0
0,0.6313996391520366,0
1,0.7495837105651465,1
0,0.9155412984903032,0
1,0.681629457983056,0
1,0.6763220159005094,1
0,0.6443166070518879,0
0,0.5749300064310293,0
1,0.7676700170648443,1
1,0.7121666716052875,0
0,0.7343887669817074,0
1,0.7357036338166463,1
0,0.722734590728938,0
1,0.7929220653472389,1
0,0.9734786087248475,0
0,0.9348347478033231,0
1,0.6140813348951457,1
1,0.6359804125889051,1
1,0.5586156237313222,1
0,0.9990683983395614,0
1,0.7398380847090417,1
1,0.785804921755239,1
0,0.9988838845363986,0
1,0.9875398754939311,1
0,0.7540073095733957,0
1,0.9995543917410857,1
0,0.9626479742031648,0
1,0.8652283336773939,1
1,0.6036362203300629,1
0,0.6954197002528959,0
0,0.9540509308098537,0
0,0.8408550419138764,0
1,0.9285997923833343,1
0,0.9899378302283616,0
0,0.9244484059735079,0
1,0.7420568742974788,1
0,0.557527819015007,1
0,0.9158672341442589,0
0,0.9624764801737131,0
0,0.7643696987422192,1
1,0.8696486330669198,1
0,0.9579557664599667,0
0,0.9998979075614716,0
1,0.5541638678195995,1
1,0.9260713218320666,1
0,0.9047537415015185,0
0,0.620008270767844,0
1,0.9702680096435194,1
0,0.9804221733749579,0
0,0.6568228195959929,1
1,0.5996559222832966,1
1,0.9951800646139919,1
0,0.997817802251458,0
0,0.685984267402975,1
0,0.9970336213345411,0
0,0.9495562362768037,0
0,0.9065001240348068,0
0,0.9899855798060653,0
0,0.9307815005510212,0
1,0.9920182058314487,1
0,0.8764107565339945,1
0,0.7914297638581308,0
1,0.7573429112503743,1
1,0.6969922231970748,1
1,0.7201429518507083,0
0,0.8257177886370202,0
0,0.6773872177587973,0
1,0.9571692579601669,1
1,0.5438798265873315,1
0,0.8395256377548229,0
0,0.9595622594574545,0
0,0.8453366154727656,0
0,0.7653892931548149,0
1,0.9408318324498981,1
1,0.9728367291981982,1
0,0.8323968753979831,0
0,0.6114475533466325,0
1,0.9191433591081835,1
1,0.94005760995869,1
0,0.6589319569841359,0
0,0.9386389049010916,0
1,0.7382408767554814,1
1,0.5683761481911563,0
0,0.6736955411422447,0
0,0.9674668088342223,0
0,0.9723773128153913,0
0,0.9931351258287006,0
1,0.9767845646284308,1
1,0.6304724337162667,1
0,0.9890022333157291,0
1,0.8963163807381267,1
1,0.8241745797063514,1
1,0.6610723273574061,0
1,0.9816388849340052,1
1,0.5056855947776626,0
1,0.7591692048806913,1
1,0.9786151586828301,1
1,0.9737021125145324,1
0,0.6225798728105821,0
1,0.5825559340762977,1
0,0.9237587181525038,0
0,0.5469480075803441,1
1,0.5403274010552533,1
0,0.9766908252048402,0
0,0.6002906762515233,1
0,0.8941673929469072,0
1,0.9776073551558101,1
0,0.8160372973931802,1
0,0.97924191016735,0
0,0.9648809312708859,0
1,0.6296747658429525,1
1,0.901576050177036,1
1,0.6067889524422284,1
1,0.6606100516891781,1
1,0.7957361897482956,0
1,0.7094331033151543,0
0,0.6236751461148365,1
1,0.6208710883787439,1
1,0.6330011916089127,0
0,0.8897473274774962,0
0,0.948821654645918,1
1,0.56716397343458,1
1,0.7829331724164077,1
0,0.9124464459765843,0
0,0.949243754352022,0
0,0.80128263959971,0
0,0.9726762049831444,0
0,0.7536043451903995,1
1,0.8353469071432833,1
1,0.5419130104844845,0
0,0.8859405631292085,1
0,0.8723466881107875,0
1,0.5248135821998777,0
1,0.8662071228787209,1
0,0.5476137972584867,1
0,0.9438622204525073,0
1,0.7884719380015374,1
0,0.73422668639412,0
0,0.6734052640079498,1
1,0.6211162369688346,1
1,0.5214772125071061,0
1,0.6341124454049583,1
0,0.9244185219410523,0
1,0.9967318572481653,1
1,0.943073872631501,1
1,0.9305927072840796,0
0,0.8915031491085217,0
0,0.6830676186279734,0
1,0.955309600117677,1
1,0.7320092671496137,1
0,0.9429262913933044,0
1,0.841497302728381,1
0,0.9810240372658587,0
0,0.9368922883273452,1
1,0.7174242666641389,0
1,0.9376374710204294,1
0,0.8815377838077172,0
1,0.7280769872903442,0
1,0.632666275336474,1
0,0.9971460948889816,0
1,0.9588438677899426,1
1,0.7172930170422103,1
1,0.5988997892218146,1
1,0.513404591196591,0
1,0.6487273691721498,1
0,0.9757743419378848,0
0,0.7614926944577789,0
0,0.9890228586099953,0
0,0.7625453042376995,0
0,0.9995388703664997,0
1,0.6996137929183638,1
0,0.9933549459338038,0
0,0.9194220034079914,0
1,0.5066062446181809,1
0,0.5332346613268736,1
0,0.9378032847015966,0
0,0.8700945380853065,0
1,0.5941431050254513,0
1,0.7968888995832216,1
1,0.8854242622378748,1
0,0.9825757387496618,0
0,0.9583133877901974,0
0,0.6275001495448878,1
1,0.810376439180654,0
1,0.5705160609173637,1
0,0.8162167908620428,0
0,0.5050516604979953,1
1,0.5917514134641914,0
0,0.9638757235702107,0
0,0.9700360154291042,0
1,0.5145145249155688,1
1,0.8412017477988629,1
0,0.5984094666272126,0
1,0.8018417950220447,1
0,0.8483117814014076,0
0,0.7662659059517957,0
0,0.9343225872713127,0
1,0.9642383455702142,1
0,0.9537889836066833,0
1,0.8901708102041168,1
0,0.951999424961753,0
1,0.7838162868223881,1
1,0.83055427541622,1
0,0.9988868470099952,0
1,0.7727855371868549,1
1,0.5847124593547605,0
1,0.9723755780695851,1
0,0.9740377746291508,0
0,0.880232494800541,0
1,0.5226427122469176,0
0,0.981571320786534,0
0,0.5609460587609663,0
0,0.9925715996374684,0
0,0.5301973734053531,0
0,0.6854199316504228,0
0,0.6146419959536269,0
0,0.9783480781671083,0
0,0.5893925661204732,0
1,0.8250080576418951,1
1,0.5117076427550277,1
1,0.6419592845829419,1
0,0.659372249413369,0
0,0.9140471481813955,0
0,0.6224759027618856,1
0,0.8968861658352228,1
1,0.8190816799010595,1
1,0.9953093799460011,1
1,0.7830730185122594,0
0,0.7142099357921778,0
1,0.9452115139588855,1
1,0.932469956720177,1
0,0.6089212415457887,0
1,0.6792660747178293,1
0,0.9970126225080118,0
1,0.9633691402697598,1
1,0.6604861769746749,1
0,0.974848675530631,0
0,0.9964590762094043,0
0,0.9645352757283038,0
0,0.8243580095185414,0
1,0.7133836900025812,1
0,0.9908819227160788,0
0,0.9417283026536151,0
0,0.8059669605766865,0
1,0.8090220148122379,1
0,0.99724561642229,0
1,0.7854056336087781,0
1,0.7994011733181354,1
0,0.8829755872126076,0
1,0.9785109972506733,1
1,0.6011131851948881,0
1,0.9974045843418253,1
0,0.515907201366365,1
0,0.6828147748311664,0
1,0.7895461871439178,1
0,0.6405956205452608,0
1,0.7183808007802597,0
0,0.9183585376612331,0
1,0.686933261058816,0
1,0.8133618580055999,0
0,0.9181761497863035,0
1,0.6471160858681323,1
0,0.6341270133128174,0
1,0.593579341567272,0
1,0.5858689525752193,0
1,0.899124188773251,1
1,0.7671758882698843,1
1,0.8244355651368791,1
1,0.6976981708573706,1
0,0.8451321712613873,1
1,0.9070722085146344,1
1,0.968064454141643,1
1,0.7262002799114924,1
1,0.8897190049169195,1
0,0.9876595157303668,0
1,0.9963366437193013,1
0,0.6601120115382254,1
1,0.5207602772060446,1
0,0.9418281231675377,1
1,0.7323216907281213,1
1,0.8663906295018906,1
0,0.7694832899949345,0
1,0.7269122892742385,1
0,0.9658223080881699,0
1,0.8904657293983574,1
1,0.9309733001601106,1
1,0.772576618025867,1
0,0.9284362751275532,0
1,0.6461821168219024,0
1,0.8669423906286393,1
1,0.5367775369969646,1
1,0.9569312913752617,1
1,0.987254968684185,1
1,0.5111030395719064,0
1,0.8738884532783702,1
1,0.9647771025190095,1
1,0.6384227217685764,1
0,0.6434542071991352,1
1,0.835372490309896,0
0,0.6063107623013798,0
1,0.6916069218390147,0
0,0.8681692270488766,0
0,0.7943136572276381,0
1,0.8585355373710561,1
1,0.9219093055499035,1
1,0.5148261695388122,1
1,0.9715010404860414,1
1,0.9397257214549681,1
1,0.5217647409280921,1
0,0.5476312938445441,1
0,0.8927433378460277,0
1,0.9988276266874383,1
1,0.5764842156308895,1
0,0.7505983178041833,0
0,0.9657921436769826,0
0,0.8109745068724077,0
0,0.999039145303041,0
0,0.9402202710163379,0
0,0.9861353755255692,0
0,0.643752454592623,0
1,0.6296383077602938,1
0,0.9041236530895082,0
1,0.8144660384856376,1
0,0.5493336054530839,0
0,0.592844635293726,1
1,0.8252380973183314,1
1,0.8185159412794436,1
0,0.540928185644274,1
0,0.9886938361007951,0
0,0.9767818339080767,0
1,0.9985478017654996,1
0,0.9636883070780002,0
1,0.7787002560050343,1
0,0.9502223131317128,0
1,0.8826453676594669,1
1,0.9789692544901711,1
1,0.7804931913002406,1
0,0.8987797574903295,0
1,0.8899390204737585,1
1,0.7828801433665789,1
1,0.9199719932935052,1
1,0.8438389421223172,1
0,0.9390158130611319,0
1,0.7449274399993993,0
0,0.9718410082072012,0
1,0.5564721724414083,1
1,0.8347934886008022,1
1,0.8182206044925546,1
0,0.7011703194807317,0
1,0.664934184670906,1
1,0.7220432538937054,1
1,0.9620300183261604,1
0,0.9080833999859022,1
1,0.5013822971673693,0
1,0.9719896211384028,1
0,0.9178498595001978,0
1,0.7835200492904866,0
0,0.9857698185501118,0
0,0.889787797234342,0
1,0.9853047821459784,1
1,0.5709774053935718,1
0,0.5913383141085559,0
0,0.9992685841018929,0
0,0.9243672260238439,0
0,0.6956158696804451,1
1,0.8213349087170909,1
0,0.6609015091696632,0
1,0.710310598229007,1
0,0.9993030312989201,0
0,0.8781343687160464,0
0,0.9795915373363311,0
1,0.6518070745601617,0
1,0.9019569785884337,1
1,0.5043935693628362,1
1,0.9471995166344382,1
1,0.6745655230561106,1
0,0.7731280723488649,0
0,0.6230022536993305,0
1,0.8995564717174915,1
1,0.5061948887399172,1
1,0.9839593751321798,1
0,0.9537930160046807,0
0,0.9072978650285456,0
0,0.7000273846263675,0
0,0.9989145873807963,0
0,0.506999744760209,1
1,0.8736907274593017,0
1,0.9847491293270518,1
0,0.9876286972997814,0
1,0.6820639250493773,1
1,0.9685290338264975,1
1,0.9054900001406501,1
1,0.7628101571983172,1
0,0.7820780334714879,0
0,0.8260474075784545,0
1,0.8797478736226358,1
1,0.8257821480533889,1
1,0.9757164592172963,0
0,0.6791270953943468,1
1,0.9340336602085364,1
1,0.691696343926857,0
1,0.7222400787453844,1
1,0.9909559985541908,1
1,0.5792979166647015,1
1,0.8059790278040185,0
1,0.5705701373548551,1
1,0.9564157382580856,1
1,0.730035355725731,1
0,0.7685498880874313,0
0,0.8522516108174231,0
1,0.731346842463416,1
1,0.6492385224672123,0
1,0.8194342076014771,1
1,0.6002996416959393,1
0,0.9177345424576411,0
0,0.9716251511021708,0
1,0.8789507810601418,1
0,0.7779601239669831,0
1,0.5249323319671394,0
0,0.7363116084009872,0
1,0.5298457675731254,1
1,0.505146193721718,0
1,0.9298958143297283,1
0,0.9782808797927472,0
0,0.6015750488603724,1
1,0.6270437311796712,0
0,0.9476173416522553,0
0,0.9948906894405405,0
1,0.9493261865084428,1
1,0.9837873090602635,1
0,0.5640158189006184,0
0,0.9607925138900614,0
1,0.6242289095102875,0
1,0.5913996535274381,0
0,0.9158644985842359,0
1,0.6028944423530631,0
0,0.8731683551108274,0
0,0.575059227235158,0
0,0.964217147629105,0
1,0.7882720796123547,1
0,0.9709375712350243,0
0,0.7276005052088115,0
0,0.5612050691439284,0
0,0.8859838648412317,0
0,0.8654318101117695,0
0,0.9980188527862547,0
1,0.9713652815650455,0
0,0.7089011440140758,0
0,0.9956160035356604,0
1,0.5273247984707693,0
0,0.6134400363474175,1
1,0.554745993588846,1
1,0.639330889264012,1
0,0.5994874495692593,1
0,0.9848278747862351,0
0,0.9550379211568859,0
0,0.6544293587566667,1
1,0.9924004743800179,1
1,0.7786130075017951,1
1,0.6597266379878987,1
0,0.9440855622089576,0
0,0.5887990371734712,0
1,0.7139490873703114,1
0,0.977624292218635,0
0,0.9183162330358088,0
0,0.9753525034425028,0
0,0.8341356215642157,0
0,0.5825007198710218,0
0,0.6234561075539481,0
1,0.925656224155183,1
1,0.9875349888486549,1
1,0.6136345890374454,1
1,0.8226410722710877,1
0,0.7537836748715887,0
1,0.8354633669674983,1
0,0.7744698104041375,0
1,0.5213446701456599,0
0,0.9849679704635866,0
1,0.7801254349223354,1
0,0.9608987077942434,0
1,0.63371092873451,0
0,0.9920479908270804,0
0,0.9577233448229323,0
1,0.6871178366040068,1
1,0.9223143989714311,1
1,0.8027152248827132,0
0,0.5763961743854139,1
0,0.9863374977472128,0
0,0.9245686932317629,0
1,0.8312507346400301,1
0,0.8913052814270308,0
1,0.9795470368205148,1
1,0.7615250313745838,1
0,0.7481135440535545,0
0,0.6769703777887405,0
1,0.5955308314565532,0
1,0.9852547484668719,1
0,0.5476029345683928,0
0,0.7960529220748918,0
0,0.5977078940140933,0
0,0.9895305248245443,0
1,0.5678378459734602,1
1,0.7838364648806517,1
0,0.8424467469020446,0
1,0.9798852259425817,1
1,0.6754450789918234,1
1,0.5573073428242268,0
1,0.907772697764868,1
0,0.9500766356712367,0
1,0.699690076902607,0
0,0.9657638888585091,0
0,0.6139730482501549,0
1,0.644458893525966,0
0,0.943502890122392,0
1,0.7123517504170701,1
0,0.9407956313363659,0
1,0.9580767154753281,1
1,0.9919542735721564,1
1,0.7686746890071015,1
0,0.97685824567355,0
1,0.8709830512087271,1
1,0.8311084401310145,1
0,0.845878856118535,0
0,0.9265613847470916,0
0,0.9933034756830222,0
1,0.578230484443106,0
0,0.9506940681430376,0
1,0.7403835679437872,1
1,0.938196440685938,1
0,0.98500523221058,0
0,0.9911786703721892,0
0,0.9273064217916525,1
1,0.6138866188096318,0
0,0.9949628924296544,0
1,0.6865060296626451,1
1,0.8414036904638191,1
0,0.8317673577420651,0
1,0.658603632766135,0
0,0.9583150568850068,0
0,0.7876325082678435,0
0,0.6131729872776936,1
1,0.8862005333753223,1
0,0.5398243968055105,1
1,0.6778778523221922,1
0,0.9671437632871903,0
0,0.8059449186119623,0
1,0.9300049912616938,1
0,0.9929047794877043,0
1,0.6884878200110375,0
1,0.8667317053665606,1
1,0.6847545615970783,1
0,0.9795625986708355,0
0,0.8032741377512075,0
1,0.7963061456896043,1
1,0.5806815696548057,1
0,0.9909313969587387,0
0,0.993865163853545,0
0,0.6584013468712879,0
1,0.9099987081298642,1
1,0.8358207530833395,1
0,0.7656267555176243,0
1,0.7078546417719882,1
1,0.9396307205294683,1
1,0.8559992077250898,0
0,0.9845811984058184,0
1,0.8345588962600807,1
1,0.7512945647998233,1
1,0.7418096305656268,0
1,0.9676215222589062,1
0,0.8028802155997159,0
1,0.9712642448561427,1
0,0.8730225355377762,0
0,0.5013587769234191,1
1,0.994832695228818,1
0,0.9712408939887494,0
0,0.7817197266815288,0
0,0.8878487045230139,0
0,0.9943111894790512,0
1,0.7049280916081938,1
0,0.5669576432198062,0
0,0.8459678768280131,0
1,0.9996392698315558,1
0,0.6185588401624773,1
0,0.5096906160880488,0
1,0.6816463347464212,0
0,0.9955512393914123,0
1,0.8785755059779383,0
0,0.9745780994110741,0
0,0.7573588312692909,1
0,0.8948707520082304,0
1,0.9603478271118874,1
0,0.7430806832959285,0
0,0.996259206119031,0
0,0.7937148276632842,1
1,0.7823833945210549,1
0,0.6294940431081871,0
0,0.9996871213076916,0
0,0.7309797229661775,1
1,0.9634786336427652,1
1,0.9056984236742482,1
0,0.7147998676150134,0
1,0.8230488195833823,1
1,0.8753489878367221,1
1,0.7227191708977475,1
0,0.6914758830075658,1
0,0.9997584597585986,0
1,0.6376175938506009,0
1,0.7687864215705066,1
0,0.8799266345151705,0
0,0.9901392792618618,0
1,0.8036297999838623,0
0,0.7018812285867284,0
0,0.8650360789801605,0
0,0.9769810358826136,0
1,0.7854495642643529,1
1,0.7877245138956043,1
0,0.8862034199525957,0
0,0.8136995163970584,0
0,0.5408329582701399,0
0,0.9813626265214579,0
0,0.548275944056852,1
0,0.9248969656713255,0
0,0.9668993129333696,0
1,0.9646937359775584,1
1,0.8547886120351411,1
0,0.6722452515002787,0
1,0.9702988664876164,1
0,0.6325741069023136,1
1,0.6044689704745226,0
0,0.7528491166061269,0
0,0.9948770402666156,0
0,0.7646085900502467,0
0,0.6084280516832284,1
0,0.6669964982634667,1
0,0.538088232474702,1
1,0.9803928604997793,1
0,0.9428221079736631,0
0,0.9331738011326842,0
0,0.949527068764213,0
0,0.5065494867196385,0
0,0.5572909811009601,1
0,0.888223680876875,0
0,0.9470126034942908,0
1,0.9328533880630432,1
1,0.9543233239189668,1
1,0.5703667871069501,0
0,0.9501436766719634,0
0,0.9308210079700862,0
0,0.5781780170188505,0
0,0.7390568158082199,0
0,0.7424205941189043,0
0,0.9140736367588189,1
1,0.7331787972820365,0
0,0.9995540364877568,0
0,0.5901715570507171,0
1,0.7534529796276294,1
1,0.6755975652737723,0
0,0.5149504385618446,0
0,0.5450593114269562,1
1,0.9464861123981229,1
0,0.5326249821814681,1
1,0.5572568749429927,1
1,0.8899599136035862,1
1,0.997193205458172,1
1,0.7216502645358976,1
1,0.7698043197463578,1
0,0.5509417280985827,0
1,0.8028971087666661,1
1,0.5636369159154444,1
1,0.6613625246015756,0
0,0.6315593742905163,0
0,0.5979505525883979,1
0,0.8320210725440194,0
0,0.7413438494634434,0
0,0.9089317563488023,0
1,0.8602458705271561,1
0,0.916463955566613,0
1,0.5234312578342731,1
0,0.8400327161559556,0
0,0.8830668702412325,0
1,0.7292933184212161,0
0,0.5387110374250734,0
0,0.857491842467294,0
1,0.7557768009628907,1
0,0.9674807586456924,0
1,0.9724815725085073,1
1,0.9826706871136014,1
1,0.8357359047008668,1
1,0.6283143735153367,1
0,0.9571064002627885,0
0,0.5751217436937075,0
1,0.9008213658341301,1
0,0.7466019315545429,0
1,0.7102626305376453,0
0,0.9385335676767435,0
0,0.9455869466617405,0
1,0.6810791752133037,0
1,0.9381640225483673,0
0,0.9869444088880125,0
1,0.6039940363454941,1
1,0.6459730612903881,1
0,0.9928220729715028,0
0,0.9933030179796387,0
0,0.9832612310492242,0
1,0.9624029656490618,1
0,0.9457170506611078,0
0,0.8755883236492251,0
0,0.9966310705241803,0
1,0.964446739797504,1
1,0.7261435740778299,0
0,0.7127413461905523,1
1,0.6853172044265242,1
0,0.656999917279047,0
0,0.919920840568434,0
1,0.6104752580897653,1
0,0.9009077323343248,0
1,0.5371691858949528,1
0,0.7589740906068467,0
0,0.92262571018111,0
0,0.6191009783711425,1
0,0.9171116428693895,0
0,0.7184523538436358,0
1,0.9462290326939327,1
0,0.8467572586214839,0
0,0.9038120653631002,0
1,0.9128118355466185,1
1,0.7599947146284656,0
0,0.9226863220591975,0
1,0.6828261925920642,1
1,0.9487038155889428,1
0,0.5015944075457829,0
0,0.9667465769134427,0
1,0.8727367142956354,1
0,0.8999004062190646,0
0,0.7820481047470436,0
0,0.9796813889791258,0
0,0.5016946478521715,0
0,0.5401824545515048,1
0,0.9999654511842959,0
0,0.9998742931528509,0
0,0.7054177386447302,0
1,0.5444411875207056,1
0,0.5844916184255756,0
0,0.5938104236569941,0
0,0.9934726259168015,0
1,0.6396233225063471,0
1,0.5776765997879717,0
0,0.9928667550812729,0
1,0.5097400178953916,0
1,0.9271774675577114,1
0,0.9162803880775964,1
1,0.6567091677651503,1
1,0.840349714945713,1
1,0.5899643803596221,0
0,0.7595903309359002,1
0,0.8771533280044185,0
1,0.501897190595931,0
1,0.800937813617274,1
0,0.9361804237856477,0
1,0.9620648993572515,1
0,0.9977303327748226,0
1,0.85922218958617,1
0,0.9687440157526294,0
1,0.7675758549411545,0
1,0.9918647335555476,1
1,0.5891461762573701,1
0,0.6486518537588606,0
1,0.9997392121690636,1
1,0.8425877095234701,0
0,0.6390573714663226,0
1,0.6809143249565641,1
1,0.729274804841844,1
1,0.6792019254049971,1
1,0.895638323466377,0
1,0.5932468855160821,0
0,0.9689293058837307,0
1,0.8042160684111767,1
0,0.9797105978004409,0
1,0.8722403110386354,1
1,0.5589180112665006,0
0,0.9934340163314539,0
0,0.9510419079636201,0
0,0.9547466760110028,0
1,0.8753196465629078,1
0,0.8599990827377579,0
1,0.5156404257098832,0
1,0.995885605492362,1
0,0.8992541178645703,0
1,0.7499773466129505,1
1,0.8066392009596428,1
0,0.990125551866678,0
0,0.9874144845166501,0
0,0.9760131484986977,0
1,0.9816396170809064,1
1,0.7667672223362506,1
0,0.5830677004263025,0
1,0.5649440173235217,1
1,0.5764083425348957,0
1,0.9098224889663764,1
0,0.603872909809137,0
0,0.8210671353615575,0
0,0.9723515310597503,0
0,0.5094694453697359,1
0,0.8833223080678319,1
1,0.7911540985020489,0
1,0.6246155710110158,0
0,0.919206524767899,0
0,0.9452357190517502,0
0,0.9107078552628575,0
0,0.9695663724312847,0
0,0.9151600740566512,0
1,0.733510484283658,1
0,0.5384021118628264,0
0,0.6989104386187732,0
0,0.9966150306545075,0
0,0.5638871891130327,1
0,0.9741990809594093,0
1,0.943381001851101,1
1,0.7725662601519535,0
0,0.9632422038545455,0
0,0.7570932613567048,0
0,0.906738842993012,0
1,0.5225754929213118,0
0,0.5832342374323217,0
1,0.6197178903097937,1
0,0.5666429289998031,0
1,0.8736764796620176,0
1,0.8977622109845055,1
0,0.7568409007968601,0
1,0.9867287770570933,1
0,0.9575543681344486,0
0,0.6454480464328725,1
1,0.9535653476902023,1
1,0.5032674203037222,1
1,0.9390284318615559,1
0,0.9880297759440387,0
0,0.7524833228972942,0
0,0.9708826992961962,0
1,0.5536864858002281,1
0,0.6311169120813414,0
0,0.9607958639763832,0
1,0.8850997723780252,1
0,0.9727405699925985,0
1,0.628762042053205,0
1,0.9518990318864803,1
0,0.8266340667161729,0
1,0.5005928983801152,1
0,0.8546656083544968,0
0,0.902181964307014,0
1,0.8515157908466804,1
0,0.9960426951359242,0
0,0.6711528929729547,1
0,0.9017220212647535,0
1,0.9709224049119064,1
1,0.8605187495576436,1
0,0.9798122540429985,0
0,0.7266076012841118,0
1,0.6673960708545786,1
0,0.9729258478938188,0
0,0.8645833091031135,0
0,0.9668042226583916,0
0,0.9674463568792823,0
1,0.8548409031401127,1
0,0.9823474445894279,0
1,0.710234816189606,0
0,0.9687734656168394,0
0,0.8884587351220172,0
1,0.940587925921543,1
0,0.8015963182108683,0
0,0.5430683071201083,1
0,0.8204209853144333,0
1,0.7834828462858097,1
0,0.8936244739564693,0
1,0.66983464034804,1
0,0.5728626489786637,0
0,0.9808513772941844,0
0,0.5962777496993561,0
1,0.510157791975071,1
0,0.6815026351283263,1
1,0.905333622538077,1
0,0.513763581943659,0
0,0.5706779818406165,0
0,0.8750514699100634,0
1,0.5482898449338215,0
1,0.5434606887208545,0
1,0.8985027259645486,1
1,0.776112242265177,1
0,0.9754980760173132,0
1,0.9755483324029782,1
0,0.7663515911185766,0
0,0.7711159258674931,1
0,0.7052732749183623,0
1,0.9845285260716525,1
0,0.5667032360757651,0
0,0.7091645215597124,0
0,0.6058044073979157,1
1,0.9750610731167011,1
0,0.6683303268025944,0
1,0.9239544036762891,1
1,0.7892752811204938,1
0,0.9518178391969333,0
1,0.9110915363348037,1
0,0.5399934947729685,1
0,0.9824432621476235,0
0,0.6084458087980298,0
1,0.9040575227865674,1
0,0.5838438078676906,0
1,0.9603520115968308,1
1,0.9538040888213024,1
1,0.9427872963185854,1
1,0.9191962998152193,1
0,0.950060729242018,0
0,0.9868966379578,0
1,0.5998639370995691,1
1,0.7046331401320626,1
1,0.9232428889950746,1
0,0.8549184040927992,1
0,0.7367335606269132,0
0,0.507016056735536,1
1,0.5235487579905563,1
0,0.7889638648150217,0
0,0.5063005157701161,1
0,0.9104031173117743,0
0,0.7059944640545286,0
1,0.9731646161235963,1
0,0.7481591616898267,1
0,0.9963220117324568,0
0,0.9937722505259564,0
1,0.5982986182018495,1
0,0.8022814957031609,0
1,0.9295697688182608,1
0,0.9577419894796211,0
0,0.7518567307503156,0
0,0.936654778715963,0
0,0.9888005048728847,0
1,0.5954658140985838,0
0,0.8581088321717344,0
0,0.9442343127236262,0
0,0.9992868136063364,0
1,0.9692282391643304,1
1,0.7403414565556673,0
1,0.7188630713159656,1
0,0.7184963452005033,1
1,0.7495026281970643,0
1,0.9648453328659682,1
1,0.7089238774398314,1
1,0.8066141400966743,1
1,0.8064941475051598,0
0,0.9974873148021032,0
1,0.9973335597854104,1
1,0.8129825028888995,1
1,0.9321748693165512,1
0,0.8713844439709186,0
1,0.878116167666989,0
0,0.780796539860947,0
1,0.6414679801330686,1
1,0.8416784398617102,1
1,0.5434700413778181,1
0,0.7095941576453757,0
1,0.8533844675924342,1
0,0.8360864966054788,0
0,0.8098086266014877,0
1,0.9556471957995535,1
1,0.6913926468630274,1
0,0.9280006696283913,0
0,0.89843804682687,0
1,0.7081162746173597,1
0,0.5607764214426564,1
1,0.793041274925206,0
0,0.5886741681802632,1
0,0.8501858242302688,0
1,0.9861187803504498,1
1,0.6205181097816695,0
1,0.7463123595272809,1
0,0.9741037393064306,0
0,0.9781998883216818,0
1,0.85463760252109,1
0,0.7811603510989134,0
0,0.7217858919413452,0
1,0.7020194878512016,0
0,0.5582200411017709,1
0,0.984690753742434,0
0,0.6050882269683653,1
1,0.530390139874226,0
0,0.71000211170292,1
0,0.6512407960948221,1
1,0.837963960662742,1
0,0.6365984959404636,0
1,0.6555752141219695,1
0,0.981297701197743,0
0,0.9144232538726551,0
0,0.7731673642436233,0
0,0.6304889717419733,1
1,0.840256451689083,1
1,0.9222372477853328,1
0,0.931377124119849,0
0,0.5906103994583232,0
0,0.9949495132497115,0
1,0.7863509965365171,1
0,0.9386846050589193,0
0,0.5174321465280136,0
1,0.8272397132560158,1
0,0.9812756663683381,0
1,0.682658688393259,0
1,0.634288293034877,0
0,0.9684095711564498,0
1,0.9964813921920228,1
1,0.9249171455976211,1
0,0.519310619782996,0
0,0.9903336203866302,0
1,0.7443244219632116,1
1,0.8899832473403524,1
1,0.5177643738508084,0
0,0.7688929800804807,0
1,0.8457421950589755,1
0,0.9974778747440243,0
1,0.9809425131788779,1
0,0.5615788660791655,0
1,0.5440077315399102,0
1,0.7284919537857582,1
0,0.981144371738938,0
1,0.9677506799366902,1
0,0.7844404763949937,0
1,0.6334000790692741,1
0,0.9929775403626653,0
1,0.9536890354708908,1
0,0.9881539632796582,0
0,0.7431880581945352,0
1,0.6138060273554578,1
1,0.953610862879986,1
0,0.9860858755980859,0
0,0.5315365885208907,0
1,0.6257903126066896,1
1,0.6333338087484508,1
1,0.9378856316900133,1
0,0.8748420900227641,0
1,0.6629323387951244,1
1,0.9107728288603285,1
1,0.517088113720378,1
0,0.9945984755034419,0
1,0.96752054368033,1
0,0.8565488329367054,0
1,0.7872657103456068,1
0,0.9818792282588453,0
0,0.9933205491828612,0
1,0.9606076929664096,1
0,0.6644749467087977,0
0,0.9947674411824804,0
0,0.5384370504223293,1
1,0.68505551498341,1
0,0.9484262915820391,0
0,0.7215376617634706,1
0,0.9134813117810613,0
0,0.9255415509771464,0
0,0.6494546011488886,0
1,0.5937005316642456,1
1,0.9205186272832343,1
0,0.9007321757397777,0
1,0.5886692204893837,1
0,0.804904716689185,1
0,0.9719856220080589,0
1,0.57126983146025,1
0,0.9484523545962873,0
0,0.537276145510139,0
1,0.629205195040574,1
1,0.7250257364698797,1
1,0.7134305308569029,1
1,0.6226258654083652,1
0,0.7757237559561396,0
0,0.5944176377093044,0
0,0.9629014057419721,0
0,0.9979951807922726,0
0,0.8144581867285042,0
1,0.6030783527108347,0
0,0.6514905523514415,0
1,0.8919956929633889,1
1,0.6412918749648999,1
1,0.9941440692662458,1
0,0.9298288564048244,0
0,0.7112205086597039,0
0,0.9650120254153155,0
0,0.7185976096451918,1
1,0.5017180970425009,1
1,0.86495987326622,1
0,0.7082854896408035,0
0,0.8904964316156219,0
0,0.9793724227235183,0
0,0.8171519205783544,0
1,0.8563861619001,1
0,0.9331761796620223,1
0,0.9262736032641576,1
0,0.5004549661137037,1
0,0.9999798289470646,0
1,0.9209470762632317,1
0,0.9611578706816136,0
1,0.9078851442206687,1
1,0.8719959759917484,1
1,0.9738335655346612,1
1,0.6790933709178527,1
0,0.9788965456269901,0
1,0.5267943182073966,1
1,0.9791356380911325,1
1,0.9761689401357614,1
0,0.7407074902653337,0
0,0.8335844028850237,0
0,0.986424603231689,0
0,0.632954359501773,1
0,0.7458433610869168,0
0,0.7812440590712344,0
0,0.9962080965121742,0
0,0.6376654694304447,0
0,0.9677957190798935,0
0,0.930482220913447,0
1,0.874429696451883,1
0,0.882854496774368,0
1,0.8088816367093982,1
1,0.500142102201949,0
1,0.5328752647725487,1
0,0.7508193527604654,0
0,0.5953588431509012,1
1,0.5844690011102716,1
0,0.8458785661604646,0
1,0.652875292918945,0
0,0.9439445580925581,0
0,0.8861095136790976,0
0,0.9966596442782546,0
1,0.8725644378488743,0
0,0.7708314770671958,0
0,0.5051988072927627,0
1,0.849701356387487,0
0,0.9823830143367296,0
0,0.665441998492271,0
1,0.9157882268993706,1
1,0.6474512852496395,1
0,0.995181435916457,0
0,0.5133142592231743,0
1,0.5611428667399578,0
0,0.60638259399339,0
1,0.9549586177567284,1
1,0.6800703688020755,1
1,0.9099651449379774,1
0,0.9976968249936853,0
0,0.9388652529087369,0
1,0.793688739903574,1
1,0.9442329174132927,1
0,0.7009275330850324,0
0,0.9979104107797784,0
0,0.9946993801615857,0
0,0.9836478854956484,0
1,0.8763788570804488,1
0,0.9882608560728927,0
1,0.5727477718365571,1
1,0.9103209818505006,1
1,0.7489599094652272,1
0,0.857440659960593,0
1,0.9748507354538838,1
1,0.7091660401678548,1
0,0.5952327836127584,0
1,0.9564380880573785,1
0,0.9911838502296509,0
0,0.9723708901727235,0
0,0.9996894503139775,0
0,0.5395708566365717,0
0,0.9940781584610734,0
0,0.6736640029988245,0
0,0.6586075705079486,0
0,0.9535717269816358,0
1,0.9154980617792948,1
1,0.9035175711920191,1
0,0.5016549984662839,0
0,0.9523635198249847,0
1,0.9790184594779044,1
0,0.8402760144553918,0
1,0.8719995429784708,1
0,0.9998676285937743,0
1,0.9594379406668571,1
1,0.5494771523959994,1
0,0.8769231307388381,0
0,0.881259256623083,0
1,0.9890657637065055,1
1,0.7344119118380429,0
0,0.6708569581804162,0
0,0.998823489406445,0
1,0.6486390334645671,1
0,0.7584694596798793,0
0,0.979548720921058,0
0,0.8559288514713568,0
0,0.5694681110702833,0
0,0.8049053496273694,0
0,0.995455756930867,0
1,0.8870611002219361,0
1,0.933072028181421,1
0,0.7752326294976842,0
1,0.6506085369977093,0
0,0.8527961424921271,0
1,0.7342009744131298,0
0,0.9732512569869483,0
0,0.5920866188675131,1
1,0.9185107427266299,1
0,0.855150152396666,0
0,0.6333111327807786,1
0,0.9689316468713862,0
1,0.7153178868649409,1
1,0.8519679268978266,1
0,0.6448488142448331,0
1,0.9896832531680201,1
0,0.6375203208653563,0
0,0.8058170952220344,0
0,0.619010379041486,0
0,0.8416069707629683,0
1,0.6299143838130785,0
1,0.8366982753683571,0
0,0.9606471708538002,1
0,0.964936520786358,0
1,0.998778147580521,1
0,0.9956121290470265,0
1,0.7659354400524127,1
1,0.5029070153837933,0
0,0.8607611258089767,0
0,0.884029344605971,0
1,0.6134794826410009,1
1,0.8163610533370858,1
1,0.7638620380284429,1
1,0.9755803785421241,1
0,0.7093264691643739,0
0,0.9714197905400576,0
0,0.735354531164743,0
1,0.5278506576254623,0
0,0.9821748494616811,0
0,0.9980423554066984,0
1,0.71569836368264,1
1,0.6042864546976866,1
1,0.7869008338581436,1
1,0.711176804781122,1
0,0.5592421307560732,0
0,0.9549276412788078,0
0,0.9852525369239131,0
0,0.9377198170567554,0
0,0.9204326464168352,0
0,0.9627978474069581,0
0,0.6950853244820262,0
0,0.8450892023156982,1
0,0.9026974623349897,0
1,0.7565137159023216,1
1,0.9844891145642064,1
1,0.8158365337234067,1
0,0.8087217910075106,0
1,0.6981127507657033,1
1,0.6500032846715776,1
0,0.5193291193900011,0
0,0.972216310360899,0
1,0.6739641175085195,1
0,0.9152334438401942,1
1,0.9802738891875713,1
1,0.5316688116584504,1
0,0.9758978791476175,0
0,0.5540071445151032,0
1,0.6129965567977557,1
1,0.9469172179734104,1
1,0.7774683274874066,1
0,0.8746215963677779,0
1,0.6489876347734628,1
1,0.7756959525099871,1
0,0.8642340245740694,0
1,0.9164566374286494,1
1,0.6664298619117814,0
0,0.8565650551707538,0
0,0.9931149677360512,0
1,0.6741063458142398,1
0,0.9840771368304432,0
0,0.7175239592027198,0
1,0.7125639037116057,1
1,0.9942862434952692,1
0,0.8426704871790855,0
0,0.5038802893079595,1
0,0.7880486561645103,1
0,0.999502510583999,0
0,0.5967726397898387,1
1,0.7926201398887507,1
1,0.8691404872586531,1
1,0.5582273594486638,1
0,0.9921350304765505,0
1,0.5965374572324339,1
0,0.7281888260939985,0
0,0.9305658650528594,0
1,0.5212336903421375,0
0,0.5971099353636966,0
1,0.5988725246054362,0
0,0.8534560122423255,0
0,0.9892041340438934,0
1,0.9603573887529098,1
1,0.7309817120145289,0
0,0.501515295415837,0
0,0.9834091944684253,0
0,0.9674910273983662,0
0,0.9783759621049533,0
0,0.8121253922969485,0
1,0.7922363720328618,1
0,0.7641815421753566,0
0,0.5172606661084507,1
0,0.6314505886725088,0
0,0.7490321311083495,0
0,0.912579719230835,0
1,0.5562385015672945,0
0,0.8559272113625187,1
0,0.8516175394275343,0
0,0.904341305425537,0
1,0.9642777669107158,0
1,0.5740221511914366,0
0,0.9923279126929575,0
1,0.8059994308794097,1
0,0.8969581196607187,0
1,0.9907794782545819,1
1,0.5667793713059949,1
1,0.6856460038869674,1
0,0.8539179191844851,0
0,0.9943548857544833,0
1,0.6792703666231933,0
1,0.93431667877385,1
0,0.7007408045405934,0
1,0.9949837637520457,1
0,0.7900355130702765,0
1,0.8035860971231097,1
1,0.6560331970260882,1
1,0.6555818566891007,1
0,0.817628973054456,0
1,0.9867441433644323,1
1,0.8772326456485346,1
0,0.5335973430753815,0
1,0.626190204521492,1
1,0.9947331326955108,1
0,0.5799285971400129,1
1,0.9339940432400685,1
0,0.7074385610622471,0
1,0.5749020138985491,1
0,0.7179776227532223,1
0,0.9448869846735356,0
0,0.5836899193578329,1
0,0.9649388074249083,0
1,0.6966941443593516,0
0,0.9165054460162838,0
0,0.680070545085887,0
1,0.9612048180588193,1
0,0.9837804021296396,0
0,0.6102305543713734,0
0,0.5322071281436909,1
1,0.769676109339965,1
1,0.8589915917093721,1
1,0.5588913643452363,1
1,0.9668402762452671,1
0,0.7300666366291235,0
0,0.9366095717961105,0
1,0.6108430014948758,1
1,0.9553057635387922,1
1,0.830824545656407,1
0,0.9778106390249433,0
1,0.9780010303013938,1
0,0.7918455110064154,0
0,0.9856076504993052,0
0,0.9944703179239387,0
1,0.5882697251251199,0
1,0.5079151851277671,0
1,0.838756468912822,1
0,0.9972296928762421,0
1,0.7765739077987872,1
0,0.8198122274856026,0
0,0.9574365054585874,0
0,0.9929089077491057,0
1,0.5924706108459761,0
0,0.866026747901619,0
0,0.9745932308181262,0
0,0.801884307287675,0
0,0.7483036135345615,0
0,0.973042392030911,0
1,0.6282173182510125,1
1,0.6004576300953715,1
0,0.9558230096627427,0
0,0.6209183370677398,1
0,0.5092705086564377,0
0,0.8602913072887803,0
1,0.7333174891592293,1
1,0.7327299610271766,1
0,0.9993072667089424,0
0,0.6461734957639979,0
1,0.9975849427047352,1
0,0.97783167515578,0
0,0.9552829030736967,0
1,0.6552360911175662,0
0,0.7302115870821083,1
1,0.7846127993280153,1
1,0.8881495028240259,1
0,0.9393367386511252,0
1,0.6195501794113079,1
0,0.6741591773108999,0
1,0.55905375625762,1
0,0.9761935369076596,0
1,0.6503751319706444,1
1,0.6631642189111294,1
1,0.6328404576326582,0
0,0.9020979955190196,0
0,0.9651997602199819,0
0,0.9612198715082411,0
1,0.7114007239602554,1
0,0.597523480144565,0
0,0.9910520385310726,0
1,0.6239007821546806,1
0,0.9452008079681774,0
1,0.7951756028542063,0
0,0.5523944217411914,0
1,0.617947565004675,1
0,0.7062412909252564,0
0,0.8149219692727677,0
1,0.8464444185886943,1
1,0.838420501792365,1
1,0.6233867862267092,1
0,0.5408453031309812,1
0,0.9881123164211028,0
1,0.5690408559400117,0
1,0.9070733914404417,1
1,0.7378383532096513,1
0,0.9225926641705411,0
1,0.6408319836571295,1
1,0.9964813921920228,1
1,0.9877157874444173,1
0,0.9211586293239648,0
1,0.6565030062401254,0
1,0.9790097113309199,1
1,0.9965688438363176,1
1,0.9616472181610431,1
1,0.5746337592651342,1
1,0.9709494597341538,1
0,0.8774839988675918,0
0,0.8441251733536886,0
1,0.9129240643975488,1
1,0.9035212093229459,1
1,0.619291493512417,1
1,0.9177728153709118,1
0,0.9646680453223042,0
1,0.7075908308747361,1
1,0.973694363905432,1
0,0.843596626220726,0
0,0.9972655818682432,1
0,0.9765037793598617,0
0,0.5429223220269774,0
1,0.6085069828473285,1
1,0.5797806960027841,1
0,0.8343349713734927,0
0,0.7933947898573853,0
0,0.8719598192277808,1
1,0.9264727407567477,1
1,0.861734903636146,1
1,0.8832338159513943,1
1,0.9664569041432692,1
1,0.6437585613369142,1
0,0.807354447889914,0
1,0.8135444751224558,0
0,0.9544106986256412,1
1,0.8469811399565957,1
1,0.5799618629497868,1
0,0.8277630952679408,0
0,0.709683953408744,0
0,0.9979824530538388,0
0,0.9261919773436775,0
0,0.871936239271481,0
1,0.951204982956755,1
0,0.9954065122297691,0
1,0.9745947906539287,1
1,0.8385931672237872,1
0,0.9428502699750041,0
0,0.5759321844603054,0
0,0.9738729864935007,0
0,0.9313334798175709,0
1,0.8662265454578076,0
1,0.9813412990924308,1
0,0.9858571154168643,0
1,0.9554134014537987,1
1,0.5468102538262137,1
1,0.6445766246317284,1
0,0.6049096822694527,0
1,0.7299181070431098,0
0,0.6044849657312867,0
0,0.9820651473525012,0
1,0.6179182903237227,0
0,0.8417507954644816,0
1,0.5403434703514124,1
0,0.839247452789796,1
0,0.5424000356591567,0
1,0.8360472538879177,1
1,0.8347185328497793,1
0,0.5338140022222684,1
0,0.9755272307055518,0
0,0.7505285317066677,0
0,0.9699359203588579,0
0,0.9186642206202589,0
1,0.6858494317582478,0
1,0.523145250650706,0
1,0.8263399484904329,1
0,0.999845278068803,0
0,0.7230575147215396,0
1,0.7875462530707484,1
1,0.8840917416136647,1
0,0.9992331558655941,0
1,0.641397350415975,1
0,0.72960757908742,1
0,0.9151807998375547,0
0,0.8507367453905792,0
1,0.9141752666363493,1
0,0.944666097379491,0
0,0.9898972883192365,0
0,0.7290572385722784,0
0,0.777025538067767,0
1,0.8246513969406584,1
0,0.8202756412742874,0
1,0.8452239895135205,1
0,0.6159600459153562,0
1,0.6286163046621531,0
0,0.9482847853104428,0
0,0.8470506634373334,0
0,0.9268688443466526,0
0,0.6143457432265339,1
1,0.9983409694463113,1
0,0.9432735941580745,0
0,0.6830245860643396,0
1,0.7292912377339132,1
1,0.6719893602728255,0
0,0.8681072545378212,0
1,0.7649436895454406,1
0,0.8206785444863136,0
1,0.9042175373335346,1
0,0.9320916855698432,0
1,0.5329533260525425,1
0,0.7363986856059972,0
0,0.5489725469667515,1
1,0.8250767381089994,1
1,0.9009619473952328,1
0,0.734031204514925,0
1,0.8908342281798927,1
1,0.7770606270707335,1
0,0.8315003284029077,0
0,0.9959781294094652,0
0,0.6820408885556247,0
1,0.8699064668550754,1
1,0.5146199649940043,1
1,0.9759060031319504,1
0,0.6102620294050961,0
1,0.6244160026151602,0
1,0.9809116428742478,1
0,0.9088542252771856,0
0,0.9759276192978126,0
0,0.9940718547436199,0
1,0.7852173315585989,1
1,0.5764872208030263,0
1,0.6310653428706013,0
0,0.9758200958416905,0
0,0.9976815400151443,1
0,0.7753154668738182,0
1,0.8684988871929173,0
0,0.9926632693679017,0
0,0.9551126729114119,0
0,0.6050477654363711,0
0,0.971723294344973,0
0,0.9633999376017652,0
0,0.7965595183160408,0
1,0.78934822227452,1
0,0.9316865901412053,0
1,0.8356949263992584,1
0,0.9764885831343415,0
1,0.7415407977447411,1
0,0.6173337270386616,1
1,0.5738990573031413,0
0,0.6467565395790216,1
1,0.7354250830085088,1
1,0.7775542335631531,1
0,0.8213535348681067,0
0,0.9861707075119601,0
0,0.9459936142501301,0
0,0.9945859155861607,0
0,0.9811633441827122,0
0,0.5353292618369552,0
1,0.9844200090775808,1
1,0.9406379284716359,1
0,0.7079219678739046,1
1,0.6704395597058196,1
1,0.9718003320894153,1
1,0.7869117461467564,1
0,0.9511972401194103,1
1,0.7746911318405126,0
0,0.9807556582770205,0
1,0.7324219267074911,1
0,0.9971099007992464,0
0,0.7769983738881653,1
1,0.7666265759444912,0
1,0.8624256305278326,1
1,0.9245271410779615,1
0,0.9740630696870883,0
0,0.9949911546645047,0
1,0.9229775523822695,1
0,0.7520084020732801,0
1,0.9374292320382497,1
0,0.7241150625841009,0
0,0.5386162512578669,1
0,0.9851505767082631,0
1,0.9539812472796274,1
1,0.797362303754205,0
1,0.8088767524552204,0
0,0.5694212911154525,1
0,0.5120125182202512,1
1,0.6266619253424782,1
0,0.596465402895267,1
1,0.5418767601564154,1
0,0.5276377767204649,0
0,0.5676894017668237,0
1,0.9291729384758028,1
1,0.9951100079298172,1
0,0.994219718117944,0
0,0.9517156940894266,0
1,0.7701244941850708,1
1,0.9608635996769691,1
0,0.8204754880071341,1
0,0.9953595382365138,1
1,0.9854399962145703,1
1,0.755228347649226,0
0,0.8138833594494166,0
1,0.50331780645104,0
0,0.841042740128781,0
0,0.9578055304534459,0
0,0.9179210506810981,0
1,0.5986768677984375,0
0,0.9546054907719375,0
1,0.8420271566221281,1
0,0.7964454099589573,1
0,0.6933903047510517,0
0,0.8413482339830785,0
1,0.9090822747240752,1
1,0.6808178936924535,1
1,0.7305347660944104,0
1,0.6348400985803587,1
0,0.9996172749006089,0
0,0.9655514696507834,0
0,0.9872721121464166,0
0,0.6812808390219791,1
1,0.6288463127459298,0
1,0.5303247423478322,1
1,0.8390472169139803,0
0,0.6764381983395134,0
0,0.9966310705241803,0
1,0.874854714561833,1
0,0.5683614087178495,1
1,0.7362965712439736,1
1,0.9205815784974987,1
0,0.6688595723493916,1
1,0.7055698437770853,0
1,0.849176944993497,1
1,0.8966266666520518,1
1,0.6783531495176979,1
1,0.8525826377020835,1
1,0.8448571706647107,1
1,0.9578635164932569,1
0,0.7854391320867062,1
0,0.7037384875177458,0
0,0.9738758513616186,0
0,0.9793736644354487,0
0,0.9653673821088464,0
0,0.9847790448040933,0
1,0.8844336625579519,0
1,0.9446823750722877,1
0,0.9354569877768482,0
0,0.5157376481077546,1
1,0.8014045111504563,1
1,0.8911905831108404,1
0,0.690923196546031,0
1,0.881931597029248,1
1,0.6775681506203403,1
0,0.7323350094920975,1
1,0.9208364472855601,1
0,0.932895820252694,0
0,0.7875847813371388,0
1,0.8894244016947427,1
0,0.8145363221887266,0
1,0.9668737567193139,1
1,0.8495443510278364,1
1,0.9966935258959251,1
0,0.8216612207622241,0
0,0.9623935958285914,0
1,0.7234995710465913,0
0,0.9143501270791089,1
1,0.5601452179069091,1
0,0.9004604472984626,0
0,0.9883227348219547,0
1,0.9797410098667622,1
1,0.5213446701456599,0
1,0.8346191293147225,1
1,0.6216448986824805,0
1,0.8821490909539537,1
1,0.8694557850466065,1
1,0.7988316835081697,1
0,0.9975430227907657,0
0,0.725726591255162,1
0,0.9895475612531227,0
0,0.5325172162309866,0
0,0.6367269383647014,0
0,0.7906884737995276,0
1,0.5643452088188439,0
1,0.7308389945853696,1
0,0.5732360976435465,0
1,0.625420372666434,1
0,0.9122957261572885,0
0,0.80758418229468,0
1,0.990707496387901,1
0,0.9154520196133727,0
0,0.964341743836799,0
1,0.5601654112289716,0
1,0.7645097572551404,0
0,0.9693211543413744,0
1,0.8666540346163512,1
1,0.8124436935610126,1
1,0.8829113606009727,1
1,0.9663110192555979,1
0,0.796835349895656,0
0,0.7495044417080556,0
0,0.5908732316531343,1
0,0.9438002977814095,0
0,0.9974367994947576,0
1,0.8415755022433937,1
0,0.7027144355500499,0
1,0.6440931472409005,1
1,0.8765745496589564,1
1,0.9521777803894877,1
1,0.9689647875673836,1
0,0.9253995768764597,0
0,0.9416407501123933,0
0,0.7953745549894197,1
1,0.9977178129206933,1
0,0.7064304097449579,0
1,0.5227184739627038,1
0,0.8067813467673663,1
1,0.8787416994005643,1
0,0.9124572550427846,0
1,0.8035086492487957,1
1,0.9626002844109376,1
0,0.9806687301991772,0
0,0.8399818580489267,0
1,0.8130654053614339,1
0,0.9908169621200498,0
1,0.6498581907771125,1
1,0.9597643002357902,1
0,0.9838658641423025,0
0,0.7631696006281192,1
1,0.9544903669308813,1
0,0.9769338878347242,0
0,0.9126890420602305,0
1,0.8504093142879521,1
0,0.728210008704604,1
1,0.9661234018139176,1
1,0.9788495475670684,1
0,0.833542440914885,0
0,0.627945618044041,0
1,0.9953424849013522,1
0,0.9497808369982765,0
0,0.9535388545277875,0
1,0.9940201001047777,1
0,0.599227490500986,0
1,0.8255942069897622,1
1,0.5041712349242046,0
1,0.7255886633033933,1
1,0.8770440827746219,1
1,0.9496290631792776,1
1,0.8697307410797098,1
0,0.9607424311802549,0
0,0.9202328233155779,0
0,0.6188995045608641,1
0,0.9649547911217998,0
0,0.5463532621381735,1
0,0.9969457788521894,0
0,0.8369083624061996,0
0,0.6094200876850995,1
0,0.7571917321414736,0
0,0.9900250645625481,0
1,0.9959129305645069,1
1,0.7839728638803317,1
0,0.7675195452990461,0
1,0.995498483578388,1
0,0.6947324425364145,1
1,0.9872156352475886,1
0,0.9327188011863882,0
0,0.656768477844837,1
1,0.6766019210936919,1
1,0.6277728909205564,1
0,0.9662816575753822,0
1,0.9424709587539584,1
0,0.79230876979614,0
0,0.5284005199665072,0
0,0.9349309173589889,0
0,0.8693801053361856,0
0,0.5149321970307753,0
1,0.7139983905042915,0
0,0.8863168872561249,0
1,0.7099759534573186,0
0,0.7538885977822967,0
1,0.7419843690635527,1
1,0.7910792830320545,1
0,0.9341885315928212,0
1,0.7502588797803427,0
1,0.880737753951769,1
1,0.9171570374394836,1
0,0.9781541656123387,0
0,0.8370364637295675,0
1,0.8535238485489504,1
0,0.9797193018964843,0
0,0.7776833365661667,0
0,0.5708785509344259,0
1,0.7030568974243331,0
0,0.7066265500284279,0
1,0.9439555156899163,1
0,0.7364996661488834,0
0,0.9798261277622837,0
1,0.6793337878347664,0
0,0.9161513119823868,0
0,0.9295944296802546,1
1,0.5756069242094499,0
0,0.9114513356729059,0
0,0.9639823832990744,0
0,0.846102810541717,0
0,0.5323845251318228,0
1,0.5724925930846859,0
1,0.5126634799109263,0
1,0.8715018401833879,1
1,0.6839021199395139,1
1,0.8917533529061049,1
1,0.5544217694837607,1
0,0.6994729100531787,0
1,0.9835164801091236,1
1,0.7971828837692013,1
1,0.53889686032855,1
0,0.8190646922636992,0
1,0.6225066088819703,1
1,0.6173315147687752,1
0,0.8976565020722115,0
1,0.9920204160637103,1
1,0.7346095014124674,1
1,0.7313093796024309,1
1,0.7141960723330096,1
0,0.8722082460112907,0
0,0.9988180164863001,0
1,0.9706187819940584,0
0,0.6109456038577662,1
0,0.9471286900747575,0
1,0.7871559584173278,1
0,0.9951488019154761,0
1,0.7974727623353489,1
1,0.7123245237661934,1
1,0.8380117591624613,1
1,0.7267209718764448,1
0,0.950186742004522,0
1,0.8662350477767801,1
1,0.8427992796254175,0
1,0.947795480610439,1
1,0.9584645579144029,1
0,0.5036531273746084,1
0,0.9881462932645756,0
0,0.9617478474274587,0
0,0.7457015011810462,0
0,0.9820923786775163,0
0,0.9761936373138733,0
1,0.9989422677181605,1
1,0.9978539742154479,1
0,0.9186381288508303,0
0,0.5503142232593188,0
0,0.999782055622159,0
1,0.6404760785038285,0
1,0.9556015464029703,1
1,0.9998518783700335,1
0,0.9964085932099955,0
1,0.7200316958139107,1
0,0.8237704004357652,0
1,0.9583357629397428,1
0,0.9479381492081191,0
1,0.8164615595361492,0
0,0.8613259263587372,0
0,0.9129948912609422,0
0,0.9433499972134313,0
0,0.9932702107530592,0
1,0.6161343055666496,1
1,0.7213591945890152,1
0,0.5151561425919822,1
1,0.8100594351186318,1
1,0.5095388515108128,1
0,0.8689696967826858,0
0,0.9109364507625659,0
1,0.8664031527162757,1
0,0.7633739075876301,0
0,0.9583365748987621,0
1,0.955943327396432,1
1,0.984842442777679,1
1,0.5330629088021769,0
0,0.8912218029735033,1
0,0.9635021974595612,0
0,0.5217814324569485,1
0,0.8936038587718957,0
1,0.6322097941338822,1
1,0.9019781710255013,1
0,0.9900354701752389,0
1,0.5934381566894997,0
0,0.7140146707208476,0
0,0.8147699156634429,0
1,0.8151664258380948,1
0,0.6135281732546485,0
1,0.9860932371913123,1
1,0.995565035559086,1
0,0.6194375343805134,0
0,0.9991407424775612,0
0,0.983177559166926,0
0,0.9827329499743005,0
0,0.9802579930254273,0
1,0.8677330953422497,1
1,0.5303583236817214,0
1,0.7567388571147876,1
1,0.7095323881600355,0
0,0.997599248618301,0
1,0.8004665817580295,1
0,0.6511945935878647,1
1,0.5615066353658027,1
0,0.8595826411287335,0
0,0.5598082827183881,1
1,0.7157624208856256,1
1,0.6185424084638332,1
0,0.9228460138572402,0
0,0.92993926381891,0
1,0.9538303298506442,1
0,0.9943426765764048,0
0,0.9342282804298718,0
1,0.8577751814026494,1
0,0.5236001833100936,0
1,0.6020033680488741,1
0,0.5934317586021971,0
0,0.7445984486596398,0
0,0.9078463688646742,0
0,0.9967373706500908,0
1,0.7581843437376282,0
1,0.8682599198441906,1
1,0.8491485456997572,1
1,0.5427053923340595,0
1,0.9745883230704212,1
0,0.5976393904556836,1
0,0.9958930126157183,0
1,0.8555199995967481,1
1,0.9128642681440221,1
1,0.8734754740204549,1
0,0.5880082105409452,1
0,0.9862880730746243,0
0,0.9646393114264811,0
1,0.7370664171139109,1
1,0.9226345536698332,1
0,0.9811640062659566,0
0,0.6688564142201823,0
0,0.7836250007962591,0
1,0.8411692281401414,1
1,0.9892574722506976,1
1,0.7707411865055543,1
0,0.5242408807668191,0
1,0.6027366153178465,1
1,0.9060599759838058,1
1,0.5622366182936445,1
0,0.5170105767076574,1
0,0.9932104037051556,0
1,0.6295297939582979,0
0,0.9809989304210566,0
0,0.5780334259472735,0
1,0.8744857825157065,1
1,0.5249883811482278,0
1,0.9965555562583639,1
1,0.8994148110707683,1
0,0.9389354886849429,0
0,0.9993380785286811,0
1,0.6574617207626691,0
0,0.9447259272985153,0
0,0.9523838136539065,0
1,0.5669048025351517,0
1,0.5434799671229709,0
0,0.8725564237274374,0
0,0.9724728700612393,0
1,0.5109973240683674,1
0,0.8359539567361225,0
1,0.7291326096186015,1
1,0.8610771654108136,1
1,0.7298280814149795,1
1,0.9012360391308236,1
1,0.5025447435623307,0
0,0.5958847485569139,0
0,0.6945833026054191,0
0,0.9814828225664364,0
1,0.6304770342291225,1
1,0.5084207427294797,1
1,0.7569062677780101,1
1,0.8578747269034166,1
0,0.8453375675225088,0
1,0.952412253112795,1
1,0.9933384164906762,1
1,0.5571724172053456,0
1,0.8130214243393309,1
1,0.8431420385483068,1
1,0.9406603523844258,1
0,0.9404399556858246,0
0,0.8398009938754528,0
0,0.9662902346722356,0
1,0.8599389613936745,1
1,0.5476012653804092,0
1,0.5120742740697232,0
0,0.581773998446274,1
0,0.9385357083712715,0
1,0.7566511838931489,1
0,0.8771434869290571,0
1,0.7739546476940142,0
0,0.70065622682081,0
1,0.8348384148495969,1
0,0.9522962085997362,0
1,0.5562439479552491,0
1,0.7437076818177257,0
1,0.9703355974271117,1
1,0.825396669963944,1
1,0.9492019467637072,1
1,0.987436061333972,1
1,0.7008570445784635,1
1,0.9341300199635125,0
1,0.9567153264570768,0
1,0.7808522671906573,1
0,0.9325445786693449,0
0,0.9276979372174511,0
0,0.9778912332670897,0
0,0.8270149546054171,0
1,0.7970358026515143,1
0,0.9712513661681796,0
0,0.5040244297326517,1
1,0.9483308799858874,1
0,0.9514499890344046,0
0,0.7112447358654945,0
1,0.9374709181489245,1
0,0.7517235883342802,0
1,0.5934829177456771,0
0,0.6351683278946304,0
1,0.6694301711722034,1
0,0.936882139883159,0
0,0.7968238756605303,0
1,0.8326611566312276,1
0,0.7360834979874187,0
1,0.7518045084101243,1
0,0.9714247033300939,0
1,0.6355509929125254,0
1,0.9331813252624976,1
1,0.6024361788021899,1
0,0.9465599997163751,0
0,0.7545843163307733,0
1,0.7585536743061309,1
0,0.8482484892332736,0
0,0.7176900653090843,0
1,0.5719336337865536,0
1,0.6906022185185713,1
0,0.5078941255419774,1
1,0.9856217304423424,1
1,0.964837303930479,1
0,0.8359738230109475,0
0,0.514418412171168,1
0,0.988700161355583,0
0,0.9875050025621,0
0,0.8054420202261297,0
1,0.5999098537263443,0
0,0.5221649501038597,1
1,0.9398459988765433,1
0,0.9556823352032277,0
1,0.5668807623043943,1
1,0.528994389813428,0
1,0.9995530594555518,1
1,0.9961213727312308,1
0,0.9615028289743062,0
0,0.9991578538591999,0
0,0.5259067171849641,0
0,0.9996208610541854,0
1,0.8179408003165547,1
1,0.6533624939404411,1
1,0.787121220842639,1
0,0.8774501671063356,0
0,0.9041187028792796,0
0,0.8776468054280192,0
1,0.5436336338853259,1
1,0.5511535421208967,0
0,0.8996737101706767,0
1,0.9675583478809661,0
0,0.9482198090446308,0
0,0.5311267925812285,1
0,0.9912665905257894,0
1,0.9313076643860977,1
1,0.8066029938325913,1
0,0.88028690995042,0
0,0.8724850522125254,0
1,0.7415870781282707,0
1,0.9987893410382451,1
1,0.8598176808430771,1
0,0.8130920671374334,0
0,0.7841309699750244,0
0,0.9989060322657618,0
0,0.8116896479160317,0
1,0.6812203568453483,1
1,0.8867825656821634,1
1,0.937033836760023,1
0,0.9689648128823857,0
0,0.7841356146521462,1
1,0.9087874464120372,1
0,0.9900775867680641,0
1,0.9764059688846605,1
1,0.9907074731316958,1
0,0.6263680402474103,0
0,0.662353758332221,0
1,0.9996130445863545,1
1,0.5601387619844095,1
0,0.7052004399297067,0
0,0.8463656937651405,0
0,0.9904093949825412,0
0,0.9674255686875314,0
1,0.8791712919537378,1
1,0.7027196964032921,1
0,0.9180779257964815,0
1,0.6657545119134987,1
0,0.9808346732435848,0
1,0.8024394033670971,1
0,0.9815186365741912,0
0,0.630081838976061,0
1,0.8427609023248632,1
1,0.8011618642798719,1
0,0.8534838079216043,0
1,0.7959776186601317,1
1,0.6789450599251784,1
0,0.9913586480069521,0
1,0.9419945752463132,1
0,0.7637190966969633,0
0,0.7710177180732859,0
1,0.9793332010197532,1
1,0.5386959634146489,1
1,0.9018867754844238,1
1,0.609190753019871,1
0,0.6108494906685956,1
0,0.9629203389619773,0
1,0.884760319544581,1
0,0.5266624141278526,1
0,0.7949510682337151,1
1,0.9941150500117631,1
0,0.9749029138398179,0
1,0.9782596821141908,1
1,0.7518035825652142,0
0,0.5662821529413216,0
0,0.9561985741145895,0
1,0.9801156181282508,1
0,0.7640203296550812,0
0,0.9251962072571672,0
0,0.574325723741495,0
0,0.9791914113998773,0
1,0.7079453072668621,1
0,0.6712654992308078,0
1,0.5311996744427564,1
1,0.7099350743602724,1
1,0.980472138572785,1
1,0.6581136932028234,1
1,0.6976952100277886,0
0,0.9998069905040786,0
1,0.7599680323119523,1
0,0.8203420723438418,1
1,0.698313528326604,1
0,0.8675979394087505,0
1,0.7426295559550562,1
1,0.680242701903121,1
0,0.7893939373480372,0
0,0.9972540476430322,0
1,0.9648381063189225,1
1,0.9191221315129742,1
0,0.7511823555693274,0
0,0.9977142063927876,0
0,0.5266593414588232,0
0,0.9920253203896381,0
0,0.620111986190515,0
0,0.6637285697719869,0
0,0.9967969187395196,0
1,0.805908917754599,0
1,0.8064954051870701,1
0,0.7178189848259042,1
0,0.6527327379515921,1
1,0.9287446045467184,1
0,0.8283764053857338,0
0,0.7091900799462826,1
1,0.9666748074914469,1
1,0.9888193646259796,1
1,0.8999816085622595,1
1,0.5321618132994712,1
1,0.6536038162098436,1
0,0.5113659284172714,1
1,0.962060135665417,1
1,0.8689014793514946,1
0,0.9318260078108537,0
1,0.9875638172677532,1
0,0.9792274632968764,0
1,0.9974264957506724,1
1,0.8875847627897637,0
1,0.8854445213276341,1
1,0.9803150362728577,1
0,0.8331205600101242,0
1,0.5853616504064636,1
0,0.7155835436459245,0
1,0.8898463568869257,1
0,0.8833372580599265,0
0,0.7932036277744186,0
0,0.8129388727668179,0
0,0.9985332598720676,0
1,0.8708981116696191,1
0,0.9188783151101311,0
0,0.979054081531883,0
0,0.9962411340369647,0
0,0.7791078241786733,0
1,0.8396653420577018,1
1,0.660071709021831,1
0,0.5011219792197323,0
1,0.9109998218876865,1
1,0.8201729224109205,1
0,0.6949640302724864,1
1,0.7090747918575413,0
1,0.9976847271095426,1
1,0.9150588291123205,0
0,0.8271476536382647,0
1,0.8769282341616587,1
0,0.7098509805234616,0
0,0.9828872291699511,0
0,0.8574499275924565,0
1,0.5455973461480096,1
1,0.6449958254274971,0
1,0.5827725575856479,0
1,0.9535064279204136,1
1,0.9870597235219271,1
1,0.8657878571017049,1
1,0.9984070437889199,1
0,0.5020890263100826,0
1,0.8977750416549831,1
1,0.9269661638980077,1
0,0.8843315203706673,0
0,0.6644974471146914,0
1,0.9450351877238713,1
0,0.9965091951584356,0
1,0.7764152812703126,1
1,0.6444592170220688,0
1,0.8997286986832779,1
0,0.9855077631160191,0
1,0.8347019875494488,1
0,0.8596938099091495,0
0,0.9295154124078936,0
0,0.8756061100902822,0
1,0.9334240367528142,1
1,0.8632107492897311,1
1,0.9419640024166182,1
0,0.9668822514265798,0
0,0.9452023467422761,0
0,0.8512997093623087,0
0,0.7090743402000046,0
1,0.6899654081347563,1
0,0.9975755396501486,0
0,0.913806737628605,0
1,0.8858726403717107,1
1,0.8764192895767093,1
0,0.8052607818644528,0
1,0.7467748629491475,1
0,0.9882729710621515,0
0,0.5016805671348679,1
1,0.7648649688749622,1
1,0.5275947269419248,0
0,0.984130262252832,0
0,0.6746654023111517,0
1,0.6756244886161801,1
0,0.503705875024345,1
0,0.9485399330726488,0
1,0.996202303698069,1
0,0.9564949713724743,0
0,0.6715247617285123,1
0,0.5601927377528686,0
0,0.7686218249923614,0
1,0.8541245431491128,1
0,0.6216898899908032,0
0,0.5005095367498785,0
1,0.9749319947013086,1
0,0.9756352805491322,0
0,0.7179412699490484,0
1,0.8969219510467653,1
0,0.743921192964928,0
0,0.5808222610632106,0
0,0.7650314722478612,0
1,0.7530909835223734,1
1,0.6862156850917415,1
0,0.9770210011508429,0
0,0.8256596257635019,0
0,0.6616767234655894,0
1,0.9619409940693113,1
1,0.898817755330347,1
1,0.9373403239533513,1
0,0.8371871382999942,0
0,0.5591727451682995,0
1,0.9593596829821054,1
1,0.9533725388551312,1
0,0.8554662306762241,0
0,0.9361878402519718,0
0,0.9421215856073777,0
1,0.8199620575876924,1
0,0.7910559295055136,1
0,0.8927340269792635,0
1,0.7274358114573672,1
1,0.7970630572488965,1
0,0.9778328101358977,0
0,0.8980105848390166,0
0,0.9850861057230144,0
0,0.9698872468184873,0
1,0.9421150834544597,1
1,0.8540012297722941,1
1,0.8274323952023631,0
1,0.6719493584189528,1
0,0.7782878576291534,1
0,0.9592665819161927,0
1,0.9586150369969534,1
0,0.906081802496294,0
1,0.9431470365828628,1
0,0.9880396176298019,0
1,0.5181412520709107,0
1,0.5700761827335664,1
1,0.6480235726624908,1
0,0.9850049255966942,0
1,0.8244082530103763,1
0,0.9993629467900315,0
1,0.9049462350607532,1
1,0.8133370913493408,1
0,0.8235534123983522,0
0,0.5918321615848653,0
1,0.7748042161382476,1
1,0.7987139324329041,1
1,0.7407878282012204,1
0,0.8732561444185768,0
0,0.625772018370315,0
1,0.5990116876489205,1
0,0.6735687345407577,0
0,0.9874586989823794,0
0,0.9046000600502717,0
0,0.7338468927215385,0
0,0.9965870158757759,0
0,0.955289764452208,0
1,0.7470725706667717,0
1,0.8350405008777162,0
0,0.9547652642896161,0
1,0.6685050440838709,0
0,0.950621230592882,0
1,0.8307998426607117,0
1,0.5449934623870653,1
0,0.8640468953184341,0
0,0.9998812854912935,0
1,0.9631681632809463,1
0,0.7867826776856581,0
0,0.5363784350719998,0
0,0.8016711040558022,0
0,0.6892387539004259,0
1,0.7307193816307385,1
1,0.7314097110215224,1
0,0.6375909313554516,1
1,0.6964815691975772,1
0,0.8643523727456239,0
0,0.9838031815639102,0
0,0.6066866355227087,1
0,0.757239653429862,1
1,0.505122034470823,1
1,0.9633491933940743,1
1,0.770942962341979,0
0,0.9744161781525713,0
0,0.7458333588426784,0
1,0.9028364126118625,1
1,0.8915974380709694,1
0,0.5518357023871923,0
1,0.8715433581706482,1
0,0.5046882993609477,1
1,0.7136303198018437,1
0,0.863294590826323,0
1,0.7276491173781514,0
1,0.5469256831747223,0
0,0.8835868095528316,1
1,0.7077908675776243,1
0,0.8167764592031427,0
1,0.7248238804789318,1
1,0.7570897209680872,1
1,0.9055532759539512,0
1,0.7357841701488081,1
0,0.5120348088323576,1
0,0.9973708656162749,1
1,0.5566646928380735,0
1,0.5945641647102017,1
1,0.7405189377093429,1
0,0.7446037789628892,0
0,0.991639516853631,0
0,0.9602864227683994,0
1,0.5602723410560305,0
1,0.8938542367137968,1
1,0.581407934048814,1
1,0.7735706707071109,1
1,0.6123729919754093,1
0,0.6254023223650198,0
0,0.9269404647526803,0
0,0.9985352640310503,0
0,0.9434866704184849,0
1,0.583639796724801,1
0,0.9491294029828496,0
0,0.8428367259955352,0
0,0.993472565614579,0
0,0.5529994569504461,1
1,0.6946492991430356,1
1,0.5165017157533931,1
1,0.9486971304831193,1
1,0.7226725750400138,0
1,0.8812178538606478,1
0,0.6350501484050352,1
1,0.8532741475944683,1
1,0.6802485288106139,0
0,0.9979058656320843,0
0,0.9406935604909281,0
1,0.7644904054321631,1
0,0.9641830666864252,0
0,0.857476702924371,1
1,0.9704268411152763,1
0,0.9480796693863767,0
1,0.8298236715334785,1
0,0.9913196369728646,0
0,0.7627421746860078,0
0,0.9911384681338982,0
1,0.8166316667594707,1
0,0.9816667954290881,0
0,0.741417628327487,1
1,0.5053349847568307,0
0,0.937493240678546,0
0,0.5035856145066334,1
1,0.5405109057583649,1
1,0.9073122762663781,1
1,0.923432740539212,1
0,0.8616765303535607,0
0,0.9446615301576672,0
1,0.5444148104733862,1
1,0.5341638248770944,0
0,0.9494941922035385,0
1,0.9935894062302735,1
1,0.9196372674739143,1
0,0.7550025990987659,0
0,0.9459713157387676,0
1,0.9683310617349827,1
0,0.5569433260300884,1
0,0.88027908193655,0
1,0.5059424745951591,0
1,0.5352012934435869,1
0,0.8087058271356908,0
1,0.956859227011871,1
0,0.6472896381984958,0
0,0.684891873159172,1
1,0.952268111890793,1
0,0.9978381615202006,0
0,0.9753777494651336,0
1,0.7739283389141713,1
0,0.6280958889459305,1
0,0.9563615793939014,0
0,0.9577167647293556,0
0,0.8448505598529277,0
1,0.9935341284509795,1
0,0.7192241034271663,1
0,0.9930837658513693,0
1,0.9564468600501103,1
0,0.9521631091919491,0
1,0.9262880977390339,1
1,0.5203570002242871,1
0,0.6407515783074662,0
0,0.9948926846960977,0
0,0.8912226432017389,0
1,0.9696880067281126,1
1,0.9246642422433693,1
0,0.96509227735918,0
0,0.6213681831699129,0
1,0.9604105333294535,1
1,0.8920834047576646,1
1,0.6474938231361999,0
1,0.8540707303270662,1
0,0.9576633691205081,0
0,0.9982799841944897,0
1,0.5055117726868334,0
1,0.8525408749379235,1
0,0.6017753916074078,0
1,0.9989452698578047,1
1,0.5757361141676957,1
0,0.828383842646053,1
0,0.99992629563446,0
0,0.9810202480502719,0
0,0.8023654041268632,0
0,0.9887774606069768,0
1,0.5974137105197246,0
1,0.7008623637820344,0
1,0.9857438354162902,1
1,0.7033805073342295,1
1,0.709611202854132,1
0,0.991591473624213,0
1,0.7348787600493252,1
1,0.8990518131332602,1
1,0.8498093602899524,0
0,0.8482411386602723,0
0,0.5601546241566043,0
1,0.8315648666878112,1
0,0.5353232076157841,0
0,0.6712919854080913,0
1,0.8195592556272321,1
1,0.8161585404673846,1
1,0.8695979820471641,1
1,0.8260551820638456,1
1,0.7549933696960304,1
1,0.5692252874600545,1
0,0.9991958272234489,0
1,0.7659947531388344,1
1,0.6464586158132523,1
0,0.6146411643858086,0
1,0.5421472972624508,1
0,0.6584398693636997,1
0,0.8915444405649976,1
0,0.8146742191695615,0
0,0.9883453344387015,0
1,0.7929054509493132,1
1,0.9378178471149888,1
1,0.6603074588940392,0
0,0.9611288830801412,0
1,0.853144817433974,1
1,0.9253986425003179,1
1,0.7575308869287753,1
0,0.9986355103120519,0
1,0.6544034160546066,1
0,0.9051220312760522,0
1,0.9861365917608325,1
1,0.6570452804526731,0
0,0.9543431837360515,0
0,0.8795747992874415,1
0,0.5015601147078552,0
0,0.8650809755682454,0
0,0.7483567201934755,1
1,0.7236808083922497,1
1,0.8358591047113955,1
1,0.5441974301368111,1
0,0.6335578479419771,0
0,0.7132204511787503,1
1,0.9686559249610014,1
1,0.6066808851594215,1
0,0.9418090915431638,0
0,0.9774371639510095,0
1,0.5970214413385443,1
0,0.9914146263558387,0
1,0.5015419278370069,1
1,0.7045378656389634,1
1,0.5268934811385582,0
0,0.9050456969332782,0
1,0.9460317527779638,1
1,0.9942262636601656,1
0,0.8929587160506753,0
0,0.6739535713586997,0
0,0.7476760932812029,0
1,0.5771035804908167,0
1,0.6449317472999255,1
1,0.6650186413563122,1
1,0.9964813921920228,1
1,0.9257533253324569,1
0,0.8588468241770535,0
1,0.6272676210382937,1
1,0.5396798491845416,1
0,0.5831090572282825,0
0,0.5162485472086853,1
1,0.9657494924866058,1
1,0.6971453644094209,1
0,0.9665272144761954,1
1,0.8648099457905606,1
1,0.6603374863569343,1
0,0.7396501989950746,0
0,0.652608692910464,0
1,0.8281719004148039,1
1,0.9963589073883397,1
0,0.8773599020481138,0
0,0.9621221120412462,0
0,0.5703340798707934,0
1,0.9964441884720063,1
1,0.7986007649164749,1
1,0.9928019076414498,1
0,0.9963861248534382,0
1,0.8905620359940697,1
0,0.9531475152267032,0
0,0.9842453665506347,0
0,0.9571130736193046,0
1,0.9208842191379681,0
0,0.9472657140314011,0
0,0.8692600076407511,0
1,0.5646108372981626,0
0,0.8278274783730029,0
0,0.660732069398775,0
1,0.7987052620114236,1
1,0.9090572609671288,1
1,0.6577102745919075,0
1,0.9069269674128896,1
1,0.6553056911973187,1
0,0.9897127647280232,0
1,0.9511758977557244,1
1,0.7669661156493586,1
1,0.8246918063361383,1
1,0.871078273317334,1
1,0.5738402777511658,1
1,0.7581056897722793,1
0,0.6812782648162804,1
0,0.8923250465558933,0
0,0.9975380123801639,0
1,0.6482179421384894,1
1,0.7696783519093257,1
1,0.5371979814216297,1
0,0.9091377113288477,0
0,0.9972344112998393,0
0,0.9213282973945037,0
1,0.715286208570303,1
1,0.852558647073418,1
0,0.9070261768688425,0
1,0.9938991784228167,1
1,0.9550147539941637,1
0,0.8926235520414609,0
0,0.9994253859964788,0
1,0.8565476505979661,1
0,0.9889175080219995,0
1,0.630881360155813,0
0,0.795914423218403,1
0,0.9799324541662615,0
0,0.5502488438518658,0
0,0.8963904977441427,0
1,0.8160502172035684,1
0,0.7286089204599133,1
0,0.9886983854907011,0
1,0.6514339712522124,1
1,0.5847168948659017,1
1,0.9217678304210055,1
1,0.9285278390384888,1
1,0.8731161234554637,1
1,0.5795416890095701,0
0,0.7350668652130856,0
0,0.8497645466513772,0
1,0.8506266453604687,1
0,0.9967528577693323,0
0,0.5015079563292288,1
0,0.9968510251170926,0
0,0.8866154405717034,0
0,0.7787686772223127,0
1,0.9718094358490325,1
0,0.6747590831280532,0
0,0.5791965541793282,0
1,0.8313354988103314,1
1,0.7828592136774105,1
0,0.6874585624518399,0
0,0.9294579439686856,0
0,0.8407397359998343,1
1,0.9111851205576011,1
0,0.6967616434398826,0
1,0.5705324864711712,0
1,0.8650080097968147,1
1,0.8605821809272655,1
1,0.6190251749022192,1
0,0.6393041522164564,1
1,0.9084359723953155,0
0,0.6476258569883948,1
0,0.9860655656955685,0
0,0.9964193988313164,0
1,0.8525914979737116,0
1,0.7549162711020937,1
1,0.8428939888014267,1
1,0.5516195824273349,1
0,0.8626322868649682,0
1,0.9530661164243501,1
1,0.7819843246204653,1
1,0.9802654438969426,1
1,0.742983089597614,1
1,0.9390518009396519,1
1,0.8768891521147884,1
0,0.8997491023025453,0
0,0.7960719663201401,0
1,0.8536126838019658,1
0,0.7784605445618755,0
0,0.6597724952651627,1
1,0.8672121043381843,1
1,0.8695987948041073,1
0,0.6865432266827327,1
0,0.5362799277596442,1
1,0.5424881760922959,0
0,0.6951791912395019,0
0,0.9868086468120199,0
1,0.5766598460327332,1
1,0.710147068536025,1
1,0.8030974351021253,1
1,0.6814552027496547,1
1,0.843721280072673,1
1,0.9496492445399907,1
0,0.8507438530654198,0
1,0.963016082813095,1
1,0.9917010875992236,1
0,0.8846970537471017,0
1,0.8047155705662993,1
1,0.9544536805722413,1
1,0.7194044924549469,1
1,0.6799005323686099,0
0,0.9583541564577645,0
1,0.9070702526340573,1
1,0.786145989583513,1
1,0.833899925275272,1
0,0.9149697949672678,0
1,0.820989611352251,1
0,0.9340005940195331,0
0,0.6156068749751598,0
0,0.9932964028185401,0
1,0.839597804465081,1
0,0.8553644901925879,0
1,0.9828929721481975,1
1,0.8954185389816541,1
1,0.7666976954726689,0
1,0.6266364107677007,1
1,0.5454556344995339,1
0,0.997256848627656,0
0,0.968511541096895,0
0,0.9073555321658737,0
0,0.9899566893200399,0
1,0.5593139311505485,0
0,0.7567758641833049,0
0,0.7131732029599558,0
1,0.652656992029616,1
1,0.5659240537544736,0
1,0.7875867489474924,1
1,0.7340053711289685,0
1,0.6365795403663036,0
1,0.8081347680278838,1
1,0.8584977309605614,1
0,0.7142627977439391,0
1,0.9958539661920381,1
1,0.838112934426226,1
1,0.7567683947472613,1
0,0.9036472158121664,0
0,0.5441424580983549,1
0,0.977906492196903,0
1,0.9934836086390112,1
1,0.7682513294531556,1
1,0.8672839479060337,1
1,0.8015092696577779,1
1,0.950222421598675,1
1,0.96126542141176,1
1,0.8914645018142353,1
0,0.6445225835521732,1
1,0.9863534479763495,1
0,0.9307023052413032,0
0,0.7934159479769434,0
1,0.960129499025261,1
0,0.5367820842841406,1
1,0.9782769526586194,1
0,0.6306721160716073,0
0,0.8579992349620527,0
1,0.8978799816190929,1
0,0.5263553476412332,0
0,0.6201638855800885,0
1,0.9335001136045782,1
1,0.9108123593211311,1
1,0.5862120980864441,1
1,0.8277311409183484,1
1,0.9327831871033916,1
0,0.9655483780978705,0
0,0.8854585035745296,0
1,0.872187107829115,1
1,0.7450450912117008,1
0,0.6289209074097477,0
1,0.6902084087556964,0
0,0.74942404211009,1
1,0.6050035262246647,1
0,0.8831316627720551,0
0,0.679631327039738,0
0,0.8683169334195338,0
0,0.5793405906495793,0
0,0.6245158280852483,0
0,0.8729832539137083,1
0,0.7858351979255914,0
1,0.8921416725346534,1
1,0.7503048535842582,1
0,0.7763397919661661,0
0,0.5188988918717214,0
1,0.9405471797180581,1
0,0.9981681873437415,0
1,0.9036611052761563,1
1,0.98977628986769,1
1,0.5890369329496832,0
0,0.9917092143367507,0
0,0.601909737802283,0
1,0.9492540872932207,1
0,0.9432216437520089,0
1,0.6480692260653471,0
1,0.5338080863918273,0
1,0.9000758588079807,1
1,0.8324548473764977,1
0,0.9982348404702731,0
1,0.7014587217027731,1
1,0.9884183262112947,1
1,0.7690570633958566,0
0,0.578586564695325,1
0,0.982097428517285,0
1,0.9279348664165963,1
0,0.9992983602968984,0
1,0.7581059468243726,1
0,0.8670979168209135,0
1,0.9380021289228847,1
1,0.7878801207887632,1
0,0.7303724208680404,0
0,0.9890994606708975,0
0,0.8935695709292881,0
0,0.9924497880601836,0
1,0.9878994069811492,1
0,0.8891591028185751,0
1,0.8695718009064519,1
0,0.7297981209153608,1
0,0.7661669844437471,0
0,0.8429337431978163,0
0,0.6075078124986284,1
1,0.9084854153785823,1
1,0.5630964934412142,0
0,0.9868479754560986,0
0,0.8591649542828406,0
1,0.5982144891183531,1
1,0.8617015248001348,0
0,0.71572886504828,0
1,0.9324196583357938,1
0,0.8793244265536008,0
1,0.8360599372226286,1
1,0.5782929524260225,1
1,0.9129915942141728,1
1,0.9960784760212692,1
1,0.8812891110215336,1
0,0.9694055070364457,0
1,0.7959364544439971,1
1,0.624291300536638,0
0,0.9952891983897186,0
1,0.6214210576868964,1
1,0.5054564292182764,1
1,0.937125295177492,1
1,0.8727414775721452,1
1,0.8639499579355,1
0,0.8974499226208471,0
0,0.7387629556121017,0
0,0.6644824351014906,0
0,0.7030658384419887,0
0,0.8631417239651155,0
0,0.9988988584112991,0
0,0.7321931286231518,0
1,0.8666201217068344,1
1,0.6406278268097345,1
0,0.9437075895017,0
0,0.7773925628567495,0
0,0.5081314292590515,1
1,0.5173428617926956,1
1,0.5871340616985591,1
0,0.9111721003575155,0
1,0.8817280521539247,1
1,0.7736151999017945,1
1,0.758283249866703,0
1,0.5905371436991133,1
0,0.5268363383685959,0
1,0.9691765188801267,1
0,0.9447615088171873,0
0,0.9753213863552895,0
0,0.6876461302271715,1
1,0.9632288238441846,0
1,0.5110190913676159,1
1,0.8841472618489435,0
0,0.5800211991363706,0
0,0.8738526321766567,0
0,0.8448372289897834,1
0,0.86512252075648,0
1,0.9858932860519769,1
0,0.9520898264009943,0
1,0.7523364936274055,1
1,0.6733686717787534,0
1,0.6668876787399118,0
1,0.778139051022384,1
1,0.9082739445620399,1
0,0.6744647349618021,0
1,0.6085479454139074,1
0,0.8470488716086344,0
0,0.9953191745039062,0
1,0.8638976562659456,1
0,0.9144919008283386,0
1,0.7589112684979531,1
1,0.7749642313239254,1
0,0.97668046403077,0
0,0.9849413601039251,0
0,0.6542507781754467,0
1,0.7101534188546208,1
1,0.7249379556513679,1
1,0.8048970288280254,1
1,0.9958459203024207,1
1,0.9497540039579341,0
0,0.9930397937868218,0
0,0.5050792875154704,0
0,0.9040615791099073,0
0,0.9934984595146343,0
0,0.9095529194249778,0
0,0.8603098423899251,0
0,0.9677284294982151,0
0,0.957611677909366,0
1,0.9702134085324021,1
0,0.7222952967934224,1
0,0.6472721930014963,1
1,0.9612916757614205,1
0,0.6608758500532249,1
1,0.9984208310582539,1
1,0.7186286698738799,0
1,0.9814871790696573,1
0,0.8710513288965427,0
1,0.9878937349157674,1
1,0.8885888523177556,1
1,0.9873139354079058,1
0,0.9761044576782998,0
0,0.897725058158695,0
1,0.9067956920509218,1
0,0.8371149779305811,0
1,0.8739919505100081,1
1,0.9977752401465635,1
1,0.9497503332077964,1
0,0.9273005856570049,0
1,0.5530238407737841,1
1,0.9081126507149353,1
0,0.9947080734487317,0
0,0.9810052410265458,0
1,0.8264267769080906,0
1,0.6443152182160846,1
0,0.8084159196871413,0
0,0.9792373698583586,0
0,0.5425808752311955,1
1,0.8802853615396632,1
1,0.8251093353705109,0
0,0.5239810862195264,0
0,0.5803850724337127,0
1,0.8419171812585899,1
1,0.656699200854119,0
0,0.5936656060533878,0
1,0.6683673032218164,1
0,0.8564047985072247,1
1,0.818921731787202,1
0,0.7234331655073309,0
1,0.8461274877939203,1
1,0.8123371313769285,1
1,0.655315881808102,1
0,0.7443720607831226,0
0,0.9907385524875154,0
0,0.8419252404955639,0
0,0.5950294129647835,0
0,0.6645192424864119,0
1,0.7580083711338521,1
0,0.969170941074489,0
0,0.5463171986554709,0
0,0.6485677666550427,1
0,0.9043668373990468,0
0,0.9963151998773933,0
0,0.9785995997079217,0
0,0.9442856356514476,0
1,0.7251166217365176,1
1,0.7047607471331873,0
1,0.6600126946573488,1
1,0.5057701288395443,1
1,0.6888091829001655,1
1,0.9340943912595088,1
0,0.8740770616044194,0
1,0.6946319267037601,0
1,0.5331275349884983,1
0,0.6958022706780359,1
1,0.6907376421806335,0
0,0.9100449033191687,0
1,0.5386267938642998,0
1,0.6403058762221142,1
0,0.9992464269675488,0
0,0.5778167293135166,0
1,0.7878249714555963,0
1,0.7494679642300944,1
1,0.8933821112954908,1
0,0.9463202333489334,0
1,0.9601984472842432,1
1,0.8765111608763635,0
1,0.5566891584221998,0
1,0.9055855747361652,1
0,0.996347609052416,0
0,0.7208267401576639,0
1,0.7869403173460088,1
0,0.6667950859876799,1
1,0.5522933274474812,1
0,0.9620061639565576,0
0,0.5996217065822198,0
0,0.9481123969542874,0
1,0.9715865245271222,1
1,0.5235687842563103,1
0,0.9887546862962701,0
1,0.9454351148570744,1
0,0.9277185909665737,0
0,0.7231488609736758,0
0,0.9909739409169389,0
1,0.8496045320019064,1
1,0.8676815278797069,1
1,0.8495948911522524,1
1,0.9562853822750785,1
1,0.5658799122892726,1
1,0.7988821683665608,1
0,0.9996400737159629,0
1,0.7123102471516274,1
0,0.865474561323082,0
0,0.7022909242214144,1
1,0.5208695601980173,0
0,0.9790122278435466,0
0,0.9385108619450179,0
0,0.6237873012226857,0
1,0.9068573141648106,1
1,0.7783793598301834,1
1,0.8310975718611427,1
1,0.5534259170930018,1
0,0.9434142091313091,0
0,0.9587419835945736,0
0,0.9637717615925143,0
0,0.9845101500318926,0
0,0.9724352748869903,0
1,0.600887114455741,0
1,0.9352851098881133,1
1,0.5944556742454018,1
0,0.7142013605782568,0
1,0.5860089696941235,0
1,0.9722486358440569,1
1,0.9719629461521705,1
0,0.9690751112207063,0
0,0.9913066919469365,0
1,0.863384490657113,1
0,0.9944615823270114,0
1,0.5775629815197234,0
1,0.863857232818984,1
1,0.7771733998973469,1
0,0.5102449120670376,1
1,0.7700298667201221,1
1,0.5486941454974885,1
0,0.9309818508470141,0
1,0.9041586869684057,1
1,0.9104400103538333,1
1,0.9819642555685314,1
1,0.9622941075773267,1
1,0.6761826130293914,1
1,0.7916102890421146,1
1,0.7874440926546273,1
1,0.6187850283207069,1
0,0.7660877994203315,0
1,0.9301629886493656,0
1,0.8840617924934583,1
1,0.9237866144552422,1
0,0.5080076208941955,1
1,0.7130427551426719,1
0,0.9965128710581346,0
0,0.9513774139206652,0
0,0.5794709896680301,0
0,0.9727270442524965,0
0,0.8963348846791406,0
0,0.735593187102553,0
1,0.7855298698828568,1
0,0.8877296907215925,0
0,0.965456109359595,0
0,0.9996366264674783,0
1,0.9872309226717989,1
1,0.7332784334709146,1
0,0.9769635805954618,0
0,0.8154328285946002,0
0,0.9122564533358231,0
1,0.7655148731939678,1
1,0.7153753489704868,1
0,0.7990654868957825,0
1,0.9916208249721649,1
1,0.6440811209884774,1
1,0.8542683554071148,1
1,0.912600572245944,1
1,0.5775093509032331,1
0,0.999440758346686,0
0,0.5587920047466293,0
0,0.9933906037886513,0
1,0.7756539046009417,1
1,0.6302744135151691,1
0,0.5610998335158719,1
1,0.96320978863106,1
0,0.9302979364109336,0
1,0.5809578852046782,0
1,0.719189576472226,0
1,0.5369473175600568,1
0,0.9352905313090376,0
0,0.9938767797521746,0
0,0.9904515516894727,0
1,0.6304190929311209,1
1,0.8962885441239603,1
0,0.9992870048091648,0
1,0.5169596677067203,0
1,0.530557021292426,0
1,0.9194690217933381,1
0,0.9436456869751763,0
0,0.9369623786272648,0
1,0.9109494469465401,1
0,0.6584144148431184,0
1,0.7743598160783246,1
1,0.8078799868860458,1
0,0.9877940172363732,0
0,0.7766379618902568,1
1,0.8819761577814176,1
0,0.785364605579639,0
0,0.6044343063239644,0
0,0.8997773046471649,0
0,0.9799769089789561,0
0,0.966316329629081,0
0,0.6602756838349189,0
1,0.9554237981844292,1
1,0.9705384290484295,1
0,0.6095494944478077,0
0,0.8519205580507676,1
0,0.9969268946137843,0
0,0.7401949673779975,0
0,0.9711106372023716,0
1,0.7220275267797422,0
0,0.9428929589633122,0
1,0.6455812929934899,0
1,0.9851910815352916,1
0,0.6827689305599456,0
1,0.996672318387638,1
1,0.9055474410744269,1
1,0.9819445948040777,1
0,0.7664117524851198,0
0,0.6387165221094775,1
1,0.7593098842431063,0
0,0.9436394191928974,0
1,0.5214275970783746,0
0,0.9333214917847129,0
1,0.7924240536332111,1
1,0.8919811188797102,1
0,0.9653911883562608,0
1,0.6892568017537264,1
0,0.8123189899671397,0
1,0.7731293288197368,1
1,0.9985530280743622,1
0,0.5728777942234371,1
1,0.9530598815602997,1
1,0.711153367915793,0
0,0.5799822451492227,0
1,0.7616682148398465,1
0,0.8986436513355492,1
0,0.8030483942972848,0
0,0.7342541926505091,0
0,0.8753933050418299,0
0,0.902083768632893,0
0,0.9920979051858361,0
1,0.9437225203818622,1
0,0.5087294948976893,0
1,0.8533507554702212,1
0,0.9845377140543797,0
1,0.9084550250668005,1
1,0.6037838213998237,1
0,0.9926713137448313,1
1,0.6749935445568527,1
1,0.6017378435178167,1
1,0.9106981653049332,1
0,0.956548134221448,0
0,0.9880901042085283,0
1,0.5977113948837521,1
1,0.9951649530346313,1
0,0.9995648605401538,0
1,0.5511342916068035,1
0,0.8090757605084912,0
0,0.7010368104254421,0
1,0.6469127283935069,1
1,0.7925437338691554,1
0,0.6169123096887559,0
1,0.8696228508899444,1
0,0.8503519492229356,0
1,0.5580270439310795,0
0,0.9910685372180099,0
0,0.5061205486570952,1
1,0.5678195663309926,1
0,0.8207897363498871,0
0,0.8598490353433784,0
0,0.9876101999845347,0
0,0.9013153564385261,0
0,0.6212451894581192,0
0,0.7245288701213042,0
0,0.5706628905515778,1
0,0.9770152996243154,0
1,0.7745979080857254,1
1,0.636330014141746,1
0,0.6556448287788299,1
0,0.958712520586398,0
0,0.6508998712228674,1
0,0.8344179595754297,0
0,0.5470380931082425,1
0,0.5374714682997461,1
1,0.5126774396676641,1
1,0.8162423502807039,0
1,0.5447089967287713,1
0,0.7633805741095021,0
0,0.9261918509221163,1
1,0.6163414291256294,0
1,0.6941150804267824,1
1,0.6833421896203955,1
1,0.911240380931914,1
1,0.9668805155518523,1
0,0.9941985612994986,0
1,0.9888390223984597,1
0,0.976305082392641,1
0,0.9816203257491127,0
1,0.7711877080945582,0
1,0.9429268774283251,1
1,0.6673007956596733,0
1,0.9305194054473251,1
1,0.9997709050954716,1
1,0.7044103379749053,1
1,0.6036969006005172,1
0,0.9347513264649463,0
1,0.7932217148172617,1
1,0.8974567341830019,1
1,0.8644002048204358,1
1,0.8108830928109465,1
0,0.9857897607915442,0
1,0.9273334204772393,1
1,0.7231411975285622,1
0,0.8959376660931234,0
1,0.5909970218649392,1
1,0.6588840328186952,0
0,0.5758564204160603,1
1,0.6958230765402195,1
0,0.9890819935037503,0
0,0.8293576051137632,0
1,0.5344471548517132,1
0,0.9854227955602252,1
0,0.8660302284304491,0
0,0.9514535356090996,0
1,0.6201034335798207,0
1,0.5724580317146353,0
1,0.7061345561751373,1
1,0.9530290268104489,1
1,0.9518543830266891,1
0,0.9973536820132544,0
0,0.605960843719821,1
0,0.9992467733641881,0
0,0.9366823875352077,1
1,0.6623612083426236,0
1,0.9123392434453236,1
1,0.9995576839568403,1
1,0.6393987812543968,1
0,0.6816199566430797,1
1,0.6760325309993077,1
1,0.5852040157930627,1
0,0.8251273856566859,0
0,0.9961009687629485,0
0,0.8061756180888909,0
1,0.9682230594920711,1
1,0.5547142627650212,1
0,0.6615618743875766,1
0,0.6800324992174587,0
1,0.509770767953456,0
0,0.6384926602140459,0
1,0.6446276006502921,0
0,0.5135460058123704,1
1,0.9963326373015396,1
1,0.9782999639536168,1
0,0.9883039446059843,0
0,0.6390561668062038,1
0,0.9651922254950572,0
1,0.9933778607855365,1
1,0.7122495596110484,1
0,0.9175473232125662,0
0,0.9896035257953134,0
1,0.6814405005948727,1
0,0.5168053959253347,0
0,0.8840474528410791,0
1,0.8721320127488148,1
1,0.9925711863759107,1
1,0.8986870458617343,1
0,0.8252466559473024,0
0,0.644851270822014,0
1,0.7097850772218245,1
0,0.6688452772171467,1
1,0.893037830745339,1
0,0.5289990081178706,0
0,0.8281865542351813,1
1,0.8950910677213046,1
1,0.6035642207073924,0
1,0.7195856796922587,0
0,0.7863661008634584,1
0,0.9715027538879253,0
1,0.9764728308858172,1
0,0.5342639131767779,0
1,0.9771404577781649,1
1,0.8848020003206406,0
0,0.6371966387314436,1
1,0.6644396308285855,1
1,0.8350812993637616,1
1,0.5040505672670752,0
0,0.8776736674575295,0
1,0.9432675010951128,1
1,0.5429501025726855,1
1,0.7732482413346984,1
0,0.9589428566791668,0
1,0.8728725553877845,1
0,0.580457723912142,0
0,0.9546650869932977,1
0,0.5652929875113781,1
1,0.8555099340638904,1
0,0.9651125178227236,0
1,0.7464932271446434,1
1,0.966508849784448,1
0,0.9715127828629117,0
1,0.9182514051668319,1
1,0.6162619326979453,0
0,0.5634147794095135,1
1,0.6437060867453325,1
0,0.7968709706558925,0
1,0.9095938851458019,1
0,0.5078055517189072,1
0,0.998054971864761,0
1,0.5831728414906309,1
0,0.9998964985123536,0
1,0.9786151586828301,1
0,0.9493033033578958,0
1,0.9108598922974509,0
1,0.6875220095423447,0
1,0.6288499729621767,1
1,0.7579297280300012,1
0,0.6434434993842638,1
0,0.8324690436482154,0
1,0.8096518744603166,1
1,0.7878158924434336,0
0,0.9969361724243737,0
0,0.9808265605683896,0
1,0.946334758978975,1
0,0.5624686565998644,1
0,0.8579154251680446,0
0,0.5877092787764702,1
0,0.5364373181386,1
1,0.7355082863986477,1
0,0.9236552811373071,0
0,0.5008698821768576,1
0,0.9884339668518186,0
1,0.5667340587390729,0
1,0.9686352671426327,1
0,0.8842535148160726,0
1,0.7397363011018008,0
0,0.8260795598761146,0
0,0.7956706506382462,0
1,0.9538758852535206,1
0,0.7397886358880531,0
0,0.9874024240687069,0
1,0.8830587384072265,1
1,0.575364942402826,1
0,0.7898456805004932,0
0,0.534727513844477,0
0,0.8136276739082555,0
0,0.9960705318105018,0
1,0.9983051115592635,1
0,0.5008417603625626,0
0,0.9699462580041988,0
0,0.8828104516709452,0
0,0.8095191127849938,1
1,0.556649279560265,0
1,0.7887765422755401,0
0,0.7512321979417497,0
1,0.5988519271225603,0
0,0.9681877881415825,0
1,0.5367219887399813,1
1,0.8343505071146924,1
1,0.796655817599153,1
1,0.9617101278808131,1
0,0.8472726552895606,0
1,0.6659812842264103,1
1,0.6473508824018395,1
0,0.7673361048462867,1
1,0.9962588773208371,1
0,0.8641132913985599,0
0,0.9506189830428223,0
1,0.5019419905504301,0
0,0.6094647503310484,1
0,0.9977268401996884,0
0,0.9488903931726738,0
0,0.9560319478310239,0
1,0.6037577256618952,1
0,0.9418032184605434,1
1,0.8493023362985304,1
1,0.9948224076164313,1
1,0.9241162617244291,0
0,0.9668562989821955,0
1,0.9426882439691301,1
0,0.9935143580153939,0
0,0.9848569963079004,0
0,0.9257283331404067,1
1,0.8469386459962972,1
1,0.8644722285920543,1
1,0.5900152561714419,1
1,0.641814434689538,0
1,0.6877135060083501,0
1,0.6443139284599103,0
1,0.7057224765457674,1
1,0.6310420266631281,0
1,0.8190030574249081,1
0,0.5478013367430896,0
0,0.9846989708377183,0
1,0.8048480302957204,1
0,0.5110515705646801,1
0,0.9184529381597759,0
0,0.8889819510970107,0
1,0.668392898864114,1
0,0.9311177205570267,1
1,0.8362207724413114,1
0,0.8963812720559223,0
0,0.5522350561934841,1
0,0.8082041903438824,0
1,0.8595609995845455,1
1,0.9939994472484841,1
1,0.5333075304956743,1
1,0.9189915900649186,1
0,0.9478634436921909,0
0,0.9874338391620859,0
0,0.9960159752485263,0
0,0.5388097225117707,0
0,0.6791137953643778,0
1,0.8083047145022472,1
0,0.5395891594416579,1
1,0.910878533031133,1
0,0.5049402217568446,0
0,0.9226262080964854,0
1,0.6300861738024639,1
0,0.8958921233494711,0
0,0.6210579157713545,0
1,0.9272887823418837,1
1,0.9648134909077162,1
0,0.9266934542127816,0
1,0.9444638710953802,1
1,0.606232363868806,1
0,0.9867381464710923,0
1,0.6017138146780371,1
1,0.8076941364232061,1
0,0.8281567073853243,0
0,0.8442014878305458,0
0,0.705321459462033,0
1,0.5039753671785335,0
1,0.9989743484614446,1
0,0.9492163963090732,0
1,0.9081703669523447,1
0,0.9717942382852267,0
1,0.9840348743982011,1
1,0.8742536547032833,1
1,0.9590952957230741,1
0,0.9870107733211164,0
1,0.523133562160769,0
1,0.5377882136951164,1
1,0.8290960090432841,1
1,0.9474789464324989,1
1,0.6525064349861984,1
0,0.9986117455181909,0
1,0.7422627990220385,0
1,0.7800058957586695,1
0,0.686061790497489,0
0,0.9818211231414716,0
1,0.5629418158570852,0
1,0.637370500478871,1
0,0.8474709381026291,1
1,0.5134024336757617,0
1,0.5465896973014621,0
0,0.9453314635717489,0
1,0.9689829398547493,1
1,0.6676801534746771,0
1,0.9092153495837805,1
1,0.7717082025445662,0
1,0.5563545227564507,1
0,0.9612949745427724,0
1,0.9207332544563279,1
1,0.546936248204671,1
0,0.7842648527777235,0
1,0.8365007694059097,0
0,0.7399282910825293,1
0,0.91228932062117,0
0,0.9319812411893759,0
1,0.5459837368194288,0
1,0.9272784992943404,1
1,0.9626791247038513,1
0,0.5994109876929492,1
0,0.8938589632166529,0
1,0.6450134585414679,0
1,0.595661120323038,1
1,0.5059821767838366,0
1,0.9228160321390441,1
0,0.9393150465708001,0
1,0.998694261121698,1
1,0.6459214362807081,0
0,0.6391667038883961,0
1,0.9993388401113649,1
1,0.8650140766553152,1
0,0.6021473484774429,0
1,0.901099018153547,1
1,0.6223258770901141,1
0,0.7974887547724109,0
1,0.9978518392704786,1
1,0.9723049055387397,1
1,0.8073350357712856,1
0,0.6407870645848961,0
1,0.9286234374285769,1
1,0.8994799315866675,1
1,0.5415472253418271,1
1,0.7935300326109354,0
1,0.7167988308761345,1
1,0.6537685731108377,1
1,0.8228060240210965,1
0,0.7307416200877326,0
1,0.5112124282320234,1
1,0.6682351408282681,0
0,0.9006536832551383,0
0,0.6887531211725144,0
0,0.5953607494475479,0
0,0.6179615670671456,1
0,0.9490339589669575,0
1,0.6578823005266463,1
1,0.5359122087302416,1
0,0.9986727508214932,0
0,0.6764037740943809,0
1,0.9821403385650718,1
1,0.9781647884930214,1
1,0.5101774680390104,1
1,0.9342346538044805,1
1,0.5587283692856261,1
0,0.5668232088645404,0
0,0.9956597783455171,0
1,0.6436455956396984,1
0,0.971428135734221,0
0,0.6287112502005971,0
0,0.5413684788375817,0
1,0.7591250269363641,0
0,0.8034388997507241,0
1,0.6381470716533663,1
1,0.9141179500281901,1
0,0.9942668217291472,0
1,0.9426818330135207,1
1,0.9683758212409261,1
1,0.94887624340926,1
1,0.6401404750861228,1
0,0.568073215650985,0
1,0.8365840663411074,1
1,0.6895592956213108,1
0,0.517323500577548,1
1,0.7128501249793334,0
1,0.5995424481617473,1
1,0.9848636919590434,1
0,0.7105958753094205,0
0,0.9842873532954592,0
1,0.551789419156959,0
0,0.8351690628440933,0
1,0.6332658488352925,1
1,0.6397408473933236,1
1,0.6117582669863411,1
1,0.9079972742306227,1
1,0.9348233861542764,1
0,0.9647578908432775,0
1,0.9543914966830658,1
0,0.7163927802316454,1
1,0.9583324619887906,1
0,0.9118841475667878,0
0,0.7786025629882516,0
1,0.8755661900686087,1
0,0.9685948521346126,0
0,0.9270148285748117,0
1,0.819738814241208,0
0,0.9882034991816088,0
1,0.8137294435307143,1
0,0.9670774177886657,0
0,0.9602068922048217,0
0,0.8082694707304345,0
0,0.9448001014908693,0
1,0.5061315813231164,0
1,0.694446062157528,0
0,0.9622461864908903,0
0,0.959948619864791,0
1,0.5460067742017005,1
1,0.9114291589849445,0
0,0.7544004331369628,0
0,0.6548940888987438,0
0,0.6816543677258009,1
0,0.8119209861229583,0
1,0.5454336584065035,0
0,0.966779967140021,0
0,0.6039580704760561,0
0,0.8596026801617878,0
1,0.5105325268202688,0
1,0.5563606991675438,0
1,0.9482689915621415,1
1,0.884441253722805,1
1,0.8646044577549263,1
1,0.7551513663918153,0
0,0.8879211382248354,0
1,0.7682885478971916,1
1,0.6073750780998176,0
1,0.9834711411912997,1
0,0.6524148989501848,0
0,0.7547571018311817,0
0,0.8473584942425081,1
0,0.8664234833345377,0
1,0.7410908506134863,0
1,0.763137481315132,1
1,0.537913719459155,1
1,0.8386022181260315,1
0,0.7558446317284675,0
0,0.7234399467545736,1
1,0.8810581751165035,1
0,0.6911873406833272,0
1,0.7882981845313163,0
1,0.7384989345240941,1
1,0.9036174644575359,1
1,0.6828954701074336,1
0,0.9809162404910927,0
0,0.9869496392654378,0
0,0.8534776369302337,0
1,0.9808821032680637,1
0,0.7467870650507464,0
1,0.7778397851313108,1
0,0.5606105018068517,0
1,0.8551621671232251,1
0,0.9658847030646794,0
1,0.5233705357984909,1
0,0.9977525242678328,0
0,0.9923543352794216,0
0,0.5855291892093364,1
0,0.9078965603991025,0
1,0.8727095015115263,1
1,0.765796018055757,1
1,0.9277164482686766,1
1,0.7908516797507729,1
0,0.6330603977675759,0
0,0.741073116312599,0
0,0.9846049778974301,0
0,0.5361981971017795,0
0,0.6145926487663527,1
0,0.9921869025529115,0
0,0.7637899902340005,0
0,0.5845908060159575,1
0,0.6923587817532437,0
1,0.9933493588020442,1
1,0.9371841300970026,0
1,0.5219456345209638,0
1,0.9460674519754123,0
1,0.5837410573329286,0
0,0.9978715257808466,0
1,0.9095476215733617,1
0,0.8751016968628667,1
0,0.6982996354567105,1
0,0.6253003618911867,1
1,0.7951162607695229,1
0,0.9137902246402931,0
0,0.9874307649753173,0
0,0.881919022096432,0
1,0.7305691857119828,1
1,0.6282965319778943,1
1,0.7686945414003423,0
0,0.7772348090269428,1
1,0.7365999023377701,1
0,0.9869051231569079,0
0,0.7619394748219226,0
0,0.7904506872124791,0
0,0.5797138704710456,0
0,0.9856168153834542,0
0,0.9317025869257268,0
0,0.7134117833499063,1
1,0.9956693551907689,1
1,0.9403863162634868,1
1,0.676997078502323,0
1,0.5313957575679802,1
1,0.6908799368553827,0
1,0.6754125246041224,1
1,0.7085837614665643,0
0,0.9642381982575589,0
1,0.5267372996904124,0
0,0.9400293577317245,0
1,0.6172849540823733,1
0,0.8767103608194597,0
0,0.9270588183488524,0
1,0.901798724611229,1
1,0.7026341395097194,1
1,0.700480473372936,1
0,0.7275641929432914,0
0,0.5343199020376961,1
0,0.8366904445177944,0
1,0.7133831549678739,1
0,0.5794806174346141,0
0,0.9473152313115464,0
0,0.7297275300315296,0
1,0.9305378071058552,1
1,0.6106893605740191,1
1,0.7468001880256468,1
1,0.6017381082716546,0
1,0.9837947686850808,1
1,0.8043344814996664,1
0,0.9994452696694158,0
1,0.9193615423905925,1
1,0.9178054888804015,1
0,0.9766853874746244,0
1,0.9443859571557833,1
0,0.9791992299335995,0
1,0.5848744236841652,1
1,0.9780466022463914,1
0,0.9566362635407,0
0,0.8697122260572503,0
1,0.9175832019311264,1
0,0.9881536916031158,0
0,0.5749576862200318,0
0,0.5088240971177937,1
1,0.8683842294234426,1
0,0.9925530627220451,0
1,0.7361130238500219,0
0,0.8686459711012796,0
0,0.655062434670927,0
0,0.9236049265385955,0
0,0.8053519177234015,0
1,0.7694896227408247,1
0,0.7831513463307376,0
1,0.7197415546251283,1
0,0.5307922921867648,1
0,0.9870548004279189,0
0,0.8431955192799468,0
0,0.9167534123232262,0
0,0.562577306086704,0
0,0.9564613465918914,0
0,0.9555598968039916,0
0,0.8741457784185761,1
0,0.9867837326601651,0
1,0.9945647329718902,1
0,0.6618915365210948,0
1,0.8438269717845251,1
1,0.7438308962506025,1
0,0.5662863069238759,0
0,0.7828935609306057,0
1,0.9964188489336419,1
1,0.9446895744534032,1
1,0.9840048806581695,1
1,0.9388952574775015,1
1,0.6907294385561465,0
0,0.9955222936498999,0
0,0.9997112100585884,0
0,0.9674943077657606,0
0,0.5849710467017903,0
0,0.9474593634179026,0
1,0.7396472855473352,1
0,0.7105547956718263,0
1,0.9123815807452736,1
0,0.8738927201428384,1
1,0.7692337001052965,1
0,0.6525344361214066,0
1,0.6465678526966162,1
0,0.9120892547813158,0
0,0.9802693169896552,0
1,0.9147952247110838,1
0,0.6185500528687344,0
1,0.7947438168291897,1
1,0.8067775787405451,0
0,0.9777066352348761,0
1,0.9619487350309346,1
0,0.9973820738148919,0
1,0.9688831692726705,1
1,0.826026222563064,1
0,0.9845411125874208,0
1,0.9288840891079876,1
1,0.7517990723779352,1
0,0.983428296951657,0
0,0.5576487009581037,0
1,0.6328695392960199,0
1,0.9781708877948554,1
1,0.8031618373523891,1
1,0.8731100967151331,1
1,0.923507558804894,1
0,0.6187235132279949,1
0,0.7376354849272075,0
1,0.5064270162738059,0
1,0.7676783235953027,0
1,0.7499630354203392,1
1,0.5604487796558845,1
1,0.9977273938730641,1
1,0.6490020419151423,1
0,0.9813289265990616,0
1,0.9090843858795702,0
1,0.9842671923975429,1
1,0.8288610158886569,1
1,0.9319175556483321,1
0,0.6449011417149699,0
1,0.651340915469589,0
0,0.9831396262420029,1
1,0.9364122922668866,1
0,0.9682446590131155,0
1,0.5600583678903622,1
0,0.9311273253300402,0
1,0.9873923500949154,1
1,0.5468315176799444,0
1,0.8644805619089228,1
1,0.9637477453951651,1
1,0.7694360761670532,1
0,0.994154635626263,0
0,0.8141056928771785,0
1,0.95702679820034,1
0,0.6312460531344252,0
1,0.8190756191466567,1
0,0.998547922606357,0
1,0.7608129671551027,1
0,0.918567070270224,1
1,0.9408616456786744,1
0,0.9163001328323255,0
0,0.971596940548587,0
0,0.6182648993678692,0
1,0.5420270631585214,1
0,0.8636434025449051,0
0,0.9054359494272696,0
1,0.982987339127109,1
0,0.7856075467676276,0
0,0.8896393675116345,0
0,0.7018397955031245,0
1,0.9574799832179262,1
0,0.5531179290386234,0
1,0.9903444542710101,1
0,0.9639426152054273,0
0,0.8474764407532895,0
1,0.8930152273166735,1
1,0.9706685247057334,1
0,0.8972944966915797,0
0,0.898626000953959,0
1,0.6627980969305624,1
1,0.913055994022663,1
0,0.8190744181548613,0
0,0.5709399511413766,0
1,0.8735223375102318,1
0,0.5752034436408744,1
1,0.6385902521053862,1
0,0.7098925907947942,0
1,0.9713462550126836,1
0,0.8597874472173282,0
1,0.9877454084710541,1
0,0.8123743242436532,0
0,0.8968183522938364,0
1,0.5180828891886885,1
1,0.6732951735892151,1
1,0.8410040479596722,1
0,0.9993028441658751,0
0,0.9978011372446121,0
1,0.778434542805569,1
1,0.8661670752912216,1
0,0.7153283441406064,0
1,0.8136846814817889,1
1,0.6860867453943835,1
1,0.597953600767605,1
1,0.6932849649563453,1
0,0.9713821846047298,0
0,0.8641723300121316,0
0,0.5129219731855923,1
1,0.6810406952241195,0
0,0.9395428515827463,0
1,0.9795979234330633,1
0,0.7643182662401415,0
0,0.9981287938483177,0
0,0.9247512969292673,0
0,0.9810352026372825,0
0,0.5106151281361841,1
0,0.9935887460105727,0
0,0.9880431383721264,0
1,0.7397641941939063,0
1,0.996939845033444,1
0,0.5420618587657228,1
0,0.7889923927342866,0
0,0.9767297656783127,0
0,0.9956920665595186,0
1,0.7531331770307121,1
1,0.6847701693271054,0
1,0.7356842504005816,1
0,0.9848301214630377,0
0,0.999553935293784,0
1,0.5158229275780825,1
0,0.8820679500146008,0
1,0.8591275370327929,1
0,0.6030905947516958,0
0,0.8716684200552276,1
0,0.592136299191751,0
0,0.9469644803254667,0
0,0.7712080263134897,0
0,0.951999116407074,0
1,0.676731085721346,1
0,0.9916329474189501,0
0,0.7824677138119152,0
0,0.9473568492160706,0
1,0.7913928031721024,1
1,0.5654173409416035,1
0,0.7421335763909936,0
0,0.6288566112497249,1
0,0.9854019046067375,0
1,0.6976728072782695,1
0,0.613055269054076,0
1,0.5424629742345314,0
1,0.8250000931770215,1
0,0.9327596818541836,1
1,0.982266198719009,1
0,0.6240382275000818,0
1,0.5509342850784401,0
0,0.7480009082654737,0
0,0.6852038564818267,1
1,0.8361546383286618,1
0,0.5539959002917949,0
1,0.6908436507904262,1
0,0.563776810519895,0
1,0.965827152855129,1
1,0.9440568731997269,1
1,0.8347217729873003,0
1,0.8056276912813999,1
0,0.957936955889279,0
1,0.5675876399147342,0
0,0.9975989652893259,0
1,0.9205642920580904,0
1,0.8113650895572851,1
0,0.7984716355495157,0
0,0.9453861519698036,0
1,0.8285656618602374,1
0,0.621571785691384,1
1,0.9808388470282199,1
0,0.996475433355762,0
0,0.5591991821538671,0
0,0.6473440920061189,1
1,0.9797502601312764,0
1,0.789953403653819,1
0,0.9914852961055499,0
1,0.8096969303392241,0
1,0.7409018830800712,1
0,0.8895800589150951,0
0,0.7323654055491724,0
0,0.8888583737082917,0
0,0.8584973797277301,0
0,0.9980864262324005,0
0,0.9792689039662625,0
0,0.8335561261487566,0
1,0.6421037226850457,1
1,0.9863037524526168,1
0,0.968248741175106,0
0,0.9704967042151034,0
1,0.6960005691298105,1
1,0.7014666825654996,0
1,0.9738034971477901,1
0,0.9982886761051056,0
0,0.6920057775740764,0
1,0.5030919528095197,1
0,0.9272708173355917,0
1,0.7565784220815237,1
1,0.9197779540586417,1
0,0.5331067452400855,1
1,0.9163081841388274,1
1,0.6408776646627016,0
1,0.8065876305979781,1
1,0.5831053813735502,1
0,0.9882498098000261,0
0,0.9639653252413516,0
1,0.8931407919054309,1
0,0.5706003548124445,1
1,0.8773644414695705,1
0,0.8646345856630823,0
1,0.5875428753150606,1
1,0.9988326773026295,1
0,0.7405369062156086,0
1,0.621820278449954,1
0,0.5669751010397254,0
1,0.513309394465082,1
1,0.5081359699637299,0
0,0.976054216031792,0
1,0.8097295588415826,1
0,0.7615256991456639,1
0,0.832838430259542,0
1,0.9503066100224417,1
1,0.8864799551440358,1
1,0.7486279391578428,1
1,0.5691374824453618,0
1,0.9822512048332657,1
1,0.6233357803071835,1
1,0.8175026491377739,1
0,0.5648792977369517,1
1,0.7719790237224213,0
0,0.596262064582454,1
0,0.6244059045120885,0
1,0.9773412427959602,1
1,0.5326946824566492,0
0,0.9374620108763826,1
0,0.9792206730598851,0
1,0.6853550826953474,1
0,0.9009908752615748,0
1,0.9375388027095285,1
1,0.587094273813997,0
0,0.6477526032850871,0
1,0.8572189248090947,1
0,0.919390590801604,0
1,0.580792862801789,1
1,0.9888066274592974,1
1,0.5355752161000878,0
0,0.501744011986204,0
0,0.9755479440005708,0
1,0.5363221596866158,0
1,0.5648916773489322,1
0,0.9638033821312687,0
0,0.9910333506910136,0
0,0.7360249868340991,0
0,0.9842174982905595,0
1,0.6718890651550499,0
1,0.8939472009456159,1
1,0.9801689665548373,1
0,0.7290034927627622,0
1,0.981124693533757,1
0,0.9495655698966389,0
0,0.971893354178599,0
0,0.6982655823974694,1
0,0.8997063650907027,0
1,0.6503810374637592,1
0,0.6071804453096832,0
1,0.8178483315846735,1
0,0.9560447327351651,0
0,0.9989831314244626,0
1,0.603235664687052,1
0,0.94744455890432,0
1,0.7354514833477211,1
1,0.7441353537163914,1
0,0.9876167114476857,0
0,0.7596082593049953,0
1,0.9088196822594862,1
1,0.9152435205925011,1
0,0.9471831263891194,0
1,0.9289440628087977,1
0,0.999047692561969,0
1,0.6858661232205728,1
1,0.7968424155116752,1
0,0.5642641182279515,0
0,0.7776190785143653,0
1,0.9793088582605118,1
0,0.971954946009715,0
1,0.6362329224672508,1
0,0.8921979559596611,0
0,0.9650345243693328,0
0,0.5277812257544188,0
1,0.6412298280589896,0
1,0.9848279185725737,1
0,0.8513216803751626,0
1,0.68684333163182,0
0,0.9038460974096794,0
0,0.9851825622338067,0
1,0.773962834381465,1
1,0.8763808076416736,1
1,0.7650382846351576,1
0,0.6102261441486003,1
0,0.6702785383916565,0
1,0.8113860225514669,1
1,0.9269142440220388,1
0,0.9849525091734521,0
1,0.9496151190717648,1
1,0.8765138281293048,1
0,0.6670155101094155,0
0,0.7356179883779852,0
1,0.623209360439302,0
1,0.7484063209366242,0
1,0.5643608931551496,0
0,0.5142994968021897,0
0,0.5226310282297657,0
0,0.9883668887216991,0
1,0.5207261804071348,1
1,0.8534521660903496,1
1,0.6749425497673275,1
0,0.8907413125910982,0
0,0.8710393681406233,0
0,0.5270109614373688,0
1,0.927957198206549,1
0,0.593197306194299,1
0,0.9699198816714706,0
0,0.6737548621195208,0
0,0.5050256263103822,1
1,0.7066700722745356,1
0,0.9516235182310893,0
0,0.9922140105478172,0
0,0.99985703221345,0
1,0.6709989262324944,1
0,0.6219806875111941,1
0,0.8979514865769288,0
0,0.635356409588919,0
0,0.7553404300927337,0
1,0.9993160025563117,1
0,0.7100529075272024,0
1,0.9214327963550302,0
0,0.9930463314414615,0
0,0.7943499443000536,0
0,0.8795229325727888,1
0,0.9747016200815866,0
0,0.9647629941811184,0
1,0.6486938886987472,1
1,0.9524636378766592,1
1,0.5037072469823539,0
1,0.656901195998965,1
1,0.6790684841084746,1
1,0.6491890585590117,1
1,0.5700438048797429,1
1,0.6526662546944915,1
0,0.9858930978824065,0
1,0.7136652118631143,1
1,0.9302901773357924,1
1,0.7501559642299672,1
0,0.9954196741363556,1
1,0.7519396716896344,1
0,0.8422021192040403,0
0,0.9314088301999514,0
1,0.5429652386966787,1
1,0.989705762219695,1
0,0.7172376862646659,1
0,0.9905636649905524,0
0,0.7716540514174438,0
1,0.6998570692319739,1
1,0.8503774393760644,1
0,0.6641004801312627,1
1,0.7601854031399113,1
1,0.9334699218752591,1
1,0.8680137576499054,0
1,0.7989644367213296,1
0,0.9255354720302349,0
0,0.7340709029258847,0
1,0.6384634058927398,1
1,0.6774332847588235,0
0,0.5082251906331181,1
0,0.5348525979663645,0
0,0.9175017314424975,0
0,0.9367367048597733,0
1,0.8934350775876225,1
0,0.9147599686714378,0
1,0.5034049428234505,0
0,0.7364208698581854,0
0,0.5200795344902166,1
0,0.8409526079177994,0
0,0.6518274194412002,0
0,0.6834015919521128,0
0,0.9231057581377067,0
1,0.8500305702671584,1
0,0.9991034617630228,0
0,0.9940035128826226,0
1,0.9985738504125601,1
0,0.9685895444268098,0
0,0.8980363604386417,0
1,0.7595158522322467,1
0,0.7316370123097118,0
0,0.7470998618331676,1
0,0.744032207448309,0
0,0.5614983007274681,0
0,0.5829631115339504,0
1,0.6682878147739306,0
0,0.9705064983456151,0
0,0.9890857524913664,0
0,0.9965128710581346,0
0,0.7475912341924619,0
1,0.5658871289161618,1
1,0.9957026847350913,1
0,0.5199587697864896,0
1,0.5762147359434888,1
0,0.995839834081059,0
0,0.7908900678109188,1
1,0.9184602934466998,1
1,0.6624356871849256,1
1,0.595604084774036,0
0,0.6241928167955693,0
1,0.8802873412175264,1
0,0.612415543616722,1
1,0.8724647013194589,1
1,0.9982623354870324,1
0,0.8652622931791336,0
0,0.7307232360592718,0
1,0.8582736710794839,1
0,0.8955914985733601,0
1,0.5617525174338264,0
1,0.5548781798475008,1
0,0.6626872328006985,0
1,0.9251433879291565,1
1,0.8198651470224305,1
0,0.8828410132635729,0
1,0.8022023842713695,1
1,0.6554934915858968,1
1,0.8151996753027871,1
1,0.5275849325367759,0
0,0.9701417539994341,0
1,0.8922663268495554,1
1,0.9485298233162156,1
0,0.8990650290896196,0
1,0.8892228424201466,1
0,0.9578926511673875,0
0,0.5523895668164969,0
1,0.7268598075686834,0
1,0.5940190848877245,1
0,0.9737537118607157,0
1,0.88201258076109,1
0,0.9444629422761543,0
0,0.5528844943488742,0
0,0.8834324735843787,0
1,0.878764340918256,1
0,0.5717885249087515,0
0,0.7106927344520966,0
1,0.8568688704358995,1
0,0.5621647492932447,1
0,0.744666501123479,0
0,0.7482347195277743,1
0,0.9571200738588445,0
1,0.993746398328508,1
1,0.9870604265259513,1
1,0.7063643870334042,0
0,0.7627467290173656,0
0,0.9782963308252399,0
1,0.8027082932632369,1
0,0.7394563683819672,0
1,0.7035723620643952,1
1,0.6761678350998033,1
0,0.887695863461865,0
1,0.906228121769419,1
0,0.8518629904511661,0
1,0.7592479143835668,0
0,0.6566068235867049,1
1,0.7583803379506202,0
0,0.992163947754525,0
0,0.9504496934919205,0
0,0.9921679538007125,0
1,0.9036269137624738,0
0,0.5062269047373349,0
0,0.9402718308552633,0
1,0.9558996161737119,1
0,0.9876853762909825,0
0,0.978939167557762,0
0,0.9952882898456308,0
0,0.954591484772774,0
0,0.9912776878578896,0
1,0.8934146902846085,1
1,0.9352213506558295,1
0,0.8874552760621681,0
1,0.8633875196006543,1
1,0.6436590419035736,1
1,0.8917926839651766,1
1,0.9086438407862566,1
1,0.9793996327969895,1
0,0.8972232195028719,0
1,0.7363775571109742,1
0,0.8337014373277577,0
1,0.5998742956667418,1
0,0.9211676663099201,0
0,0.9563281204769022,0
0,0.6051797561807244,1
1,0.9892977810177502,1
1,0.7649403362019085,1
0,0.980756892526139,0
0,0.7644903287620903,1
1,0.8603616167449789,1
1,0.8365060583528667,1
0,0.8777220371328082,0
1,0.6378658882089967,1
1,0.7072985825281937,1
0,0.907827352231431,0
0,0.7538233179313493,0
1,0.9908748336766413,1
0,0.995010016590675,0
0,0.6499985014794591,0
0,0.9840021368385539,0
1,0.8228680725354938,0
1,0.7879052836666455,1
1,0.7533455538077348,0
0,0.5523799914989964,0
1,0.7630135820256594,1
0,0.9594811229587263,0
0,0.8204344713271527,0
0,0.9535153006918002,0
0,0.8178804446520958,0
1,0.6424427834992882,1
0,0.852616298294752,0
1,0.7227285948471401,1
1,0.6664542350723058,1
1,0.6313215052605716,1
0,0.9110581595982585,0
0,0.9959566892730077,0
1,0.7512682391339182,1
1,0.9785258449890224,1
0,0.8360671642801476,0
1,0.5080029652786919,1
1,0.8528951076450347,1
0,0.9510249302459222,0
1,0.6210159264115853,0
0,0.8276891855041116,0
0,0.6070245057324973,1
1,0.6736309592048637,0
1,0.8819177653407811,1
0,0.6462824569510748,0
0,0.6968226493168763,0
0,0.6361730200592817,1
0,0.6269046775089622,0
0,0.993309723371846,0
1,0.8980643724539027,1
1,0.52755090872728,0
0,0.9882153994431145,0
0,0.9910679426489855,0
1,0.9522526300362462,1
0,0.5307965640980697,0
1,0.98795182717184,1
0,0.9939811154654492,0
1,0.5681004630442255,0
0,0.6903321354604612,0
1,0.8262809328148598,1
1,0.9518763228553239,1
1,0.9960951377442341,1
0,0.6699358574191037,0
0,0.6644855526184066,0
1,0.9806807996023268,1
0,0.556151226373274,0
0,0.908874122477042,0
0,0.9261852594037184,0
1,0.6041066669691045,0
0,0.8624861863488451,0
0,0.5092975728637341,0
1,0.7214899110873747,0
1,0.9333397620174569,1
0,0.9804249432590626,0
1,0.9514541528221172,1
0,0.5533141430588866,0
0,0.9938677387553165,0
1,0.9526089608295651,1
1,0.8761266847974206,1
0,0.9256732231722413,0
0,0.5646594377340826,0
1,0.6264191408279299,1
1,0.7094698900976549,1
0,0.9761545750567062,0
1,0.5534341573590656,1
1,0.9705577615672167,1
1,0.8496031441701167,1
1,0.6511364534313449,1
1,0.9947495083637845,1
1,0.8383652263539684,1
0,0.7683512516670556,0
0,0.5883258224901583,1
0,0.7279519683017793,0
1,0.9625205279668444,1
1,0.7468709512602857,0
1,0.7222162815874181,1
0,0.5755447300596062,1
0,0.9653578392701337,0
0,0.9339784892190011,0
0,0.9928102406182834,0
0,0.7822534422637583,0
1,0.9594316156080958,1
0,0.5588898025644298,0
1,0.5954654810834489,0
1,0.7259749582556226,0
0,0.5674844694862673,0
1,0.5661676684937695,1
1,0.7433790106374214,1
1,0.5076031081182426,1
1,0.9950487876836852,1
1,0.7652943635009494,1
1,0.8815930016782403,1
1,0.6695238026305199,0
1,0.9115579452708953,1
0,0.9343563408645118,0
1,0.8772707693703906,1
1,0.6697403333412298,1
0,0.658278585879734,1
1,0.5027451512883641,0
0,0.5391330640419726,0
0,0.985017407576365,0
0,0.9942889450350644,0
0,0.8997926973382684,0
0,0.5138377612751969,0
1,0.9292604680385552,1
0,0.8961984813320039,0
1,0.708731706697122,1
1,0.5019112719285497,1
0,0.9586496986007866,0
1,0.9558509499789182,1
0,0.9214839675595387,0
1,0.9008938412280262,1
0,0.998442436583596,0
0,0.7260828264663473,1
1,0.981216171202045,1
0,0.7238852768930217,0
0,0.7939774864757005,1
1,0.7651055091144483,1
0,0.9489781556062667,0
0,0.6905692554548242,0
1,0.8321549191781165,0
1,0.9865183584573722,1
1,0.9408016846894873,1
0,0.8105516410791529,0
1,0.864593521613484,1
1,0.7796045223616049,1
0,0.9232019976255444,0
1,0.9478385638336059,0
0,0.5910347156301546,0
0,0.9854902450174658,0
0,0.5216701866319539,0
1,0.6643821297897008,1
0,0.911579232884836,0
1,0.7993517109489642,1
1,0.9354455385975134,1
0,0.5482861520632857,0
1,0.9096813908153935,1
0,0.6519344495399377,0
0,0.9893290115962142,0
0,0.7133407037944554,0
1,0.5742529480606028,1
0,0.6926538437954448,1
1,0.9462273808606435,1
1,0.854332235976344,1
0,0.8297359794469514,1
0,0.9585132704650065,0
0,0.6755225206828577,0
0,0.836763188750851,0
0,0.8304744421272796,0
1,0.5887309925794928,0
1,0.63189534308431,1
1,0.5447120821088703,0
0,0.653794152328804,0
1,0.6339104633839816,0
1,0.6451643735242744,1
0,0.9243802381467398,1
1,0.9840543113202814,1
0,0.7501001098042203,0
0,0.8473440423245424,0
0,0.9750475709196185,0
1,0.687673380827711,1
0,0.8593767531211266,0
1,0.8261421672400021,1
1,0.9365903426975546,1
0,0.8850939749311005,0
1,0.5444864716988372,1
0,0.991522162045416,0
0,0.6584464489710817,1
1,0.5524479103241617,0
0,0.893807760113009,0
1,0.7492811804572271,1
0,0.9925768257247225,0
1,0.5598596371914528,0
1,0.9921246197133888,1
0,0.7705369549693406,1
1,0.5976926102504315,1
0,0.6530562367374821,0
0,0.6362372702834023,1
0,0.7643242510859769,0
1,0.705710613659351,1
1,0.5609530354358465,1
0,0.9839930935245955,0
1,0.5173036815838817,1
1,0.7081528874639788,0
0,0.8756884417266452,0
1,0.8749388571337041,1
1,0.5906422635197219,1
0,0.9280190590331694,0
0,0.9643180766678467,0
1,0.6408648061967133,1
1,0.9759429526487553,1
0,0.9967782066129947,0
0,0.6545675916707014,1
0,0.9714392924245228,0
1,0.5712739942072806,1
0,0.7195545116632747,0
1,0.9267118760056743,1
0,0.9696825097055581,0
0,0.9246384160786918,0
0,0.7994730013868161,0
1,0.6027520618554656,1
0,0.9124993033571143,0
1,0.6274754828733508,1
0,0.6191129845226075,0
1,0.9153327991627755,1
1,0.9298009448856109,1
0,0.7478476827023844,0
1,0.9432884751769275,1
1,0.9945156367798715,1
1,0.8678852128803436,1
1,0.7419233736284105,1
0,0.6110972985443758,0
1,0.9755532520246055,1
1,0.5162604985802624,0
1,0.8250984830633823,1
0,0.9288586758791377,0
0,0.7160955951305638,1
0,0.5591012778325419,1
1,0.7421614271631402,1
0,0.8354755075322908,0
0,0.6808550316029884,0
0,0.9964502134960469,0
0,0.8869790613503955,0
0,0.9884316762051095,0
0,0.988930303317217,0
1,0.6791546983812383,1
0,0.9595904710142901,0
1,0.7523915674325994,0
0,0.9855592466665515,0
0,0.9656938961246895,0
1,0.8134213713586562,1
0,0.9853985481104791,0
0,0.9301596323670321,0
0,0.7794785778444957,1
0,0.7306406355408775,0
0,0.9790461566985712,0
1,0.5250756037378658,1
1,0.7523247893686109,0
0,0.75517065163524,0
1,0.5235030300846073,1
1,0.7356605683532819,1
0,0.5043528463730321,1
0,0.9472617343163365,0
1,0.7406118580133088,1
0,0.6925707449274906,0
0,0.8989169633906751,1
0,0.6365658425912553,0
0,0.6904235710153934,0
1,0.9302812118722973,1
1,0.7249843031539052,0
0,0.5517003374623728,0
0,0.9980720685596853,0
0,0.978777712414662,0
0,0.8715852233114345,1
0,0.522549994755223,0
0,0.61855178474497,1
0,0.5594841321908902,0
1,0.9240497987409316,1
0,0.6729399697212937,0
0,0.939046391823802,1
0,0.7774019706953169,0
1,0.9432267039220787,1
0,0.8605096170638861,0
1,0.6955563239526826,0
1,0.8861869159072853,1
0,0.9990099467473642,0
0,0.6209634199962436,0
1,0.6578045428758242,1
0,0.9563855980182944,0
1,0.7815801953226947,1
1,0.8587411935519949,1
0,0.6791270115025081,1
0,0.9946599198016248,0
0,0.8111768556609836,0
1,0.9151319759825456,1
1,0.6395751578171668,1
1,0.5728302207197516,1
0,0.5447017590870304,1
1,0.8061531733772285,1
0,0.9985513181777306,0
1,0.7136643858581071,1
1,0.8827665958305774,1
0,0.6366904425463813,1
0,0.9971892911976213,0
0,0.9238101860037637,0
1,0.9306090463335411,1
0,0.9886504254120894,0
1,0.7497989955269431,1
0,0.5147631737403372,1
1,0.5043015276116366,1
0,0.9694873360183998,0
0,0.9506684767834968,0
0,0.9157220377486572,0
0,0.6959905530801214,0
1,0.8008787629992409,1
1,0.7982332277551134,0
0,0.8048459651903801,0
1,0.9916012717070726,1
0,0.5094710069692729,0
1,0.5554053977697015,0
0,0.7081238996326205,0
0,0.9975056237066994,0
0,0.9976636520090888,0
0,0.7798092637507885,1
1,0.5377399641058549,1
0,0.520663453830877,0
0,0.7584344769846123,1
0,0.654384818261295,0
0,0.5275864033854534,0
0,0.6673992030993555,0
1,0.9208296741003318,1
1,0.7112322287148629,0
0,0.9860689670013664,0
0,0.671774495117021,1
0,0.9669761648192563,0
1,0.9194927376997034,1
1,0.5610795378170851,1
0,0.9947637713636868,0
1,0.6667481556908214,1
0,0.8054899560339781,1
1,0.7888814701027884,1
1,0.9674602724549927,1
0,0.8247781191057116,0
1,0.5541219221502461,1
1,0.6186582562007896,0
1,0.8604745098526021,1
0,0.5544932077395428,1
1,0.8775124071949394,1
1,0.7291053870281117,1
1,0.9739497031011188,1
0,0.9804868612511229,0
0,0.7236336080274535,0
0,0.9932604494490007,0
1,0.5665563086110862,0
1,0.8608574667389807,1
0,0.8948188768712415,0
0,0.9634259854462699,0
1,0.898027294533789,1
1,0.5607758040103262,1
0,0.624003367489085,0
1,0.7547474145976467,1
1,0.585747125601918,0
0,0.6338898538970656,0
0,0.6600110803140372,0
0,0.5172637596000279,0
0,0.9571564464925238,0
0,0.8666663792341147,0
1,0.8271820353076852,0
0,0.7800202951942514,0
1,0.6392436641872667,1
1,0.9281000244741269,1
0,0.6077053001048864,0
1,0.8854565068392439,1
1,0.5260019545230994,1
0,0.9908978587878224,0
1,0.6224269624467719,0
1,0.7770395313444315,1
0,0.9664453601957705,0
1,0.881943046185612,1
1,0.5467252379136907,1
1,0.6201790861880772,1
1,0.5361403406870848,0
0,0.9417477078042654,1
1,0.5522913990997058,1
0,0.6396886990439459,0
0,0.9732994104602081,0
0,0.9241458556057396,0
0,0.9571565056515711,0
1,0.5392695243879139,1
0,0.7236429534125547,0
0,0.9262552308691412,0
1,0.7540889026842355,1
0,0.9062300462957827,0
1,0.933680748924369,1
0,0.9743807830196911,0
1,0.9090029628141749,1
1,0.9415286410926396,1
1,0.7289842063285313,1
0,0.972838764486515,0
0,0.5434514128922774,1
1,0.9852395846416142,1
1,0.5770788236993579,1
0,0.8940438572050361,0
0,0.7974266704345736,0
1,0.9858966073285091,1
1,0.9538721295416279,1
0,0.9988846467612339,0
0,0.9911872843278499,0
1,0.8238213813712612,0
1,0.7221291153445498,1
1,0.6302024774974048,0
0,0.9702949492577079,0
0,0.9993171947346711,0
0,0.9208165634233938,0
0,0.7634472045246978,0
1,0.6446111686561957,1
1,0.5633918319326409,1
1,0.968161759880055,1
1,0.5429117170711301,0
1,0.8054418373305441,1
0,0.9951824549936554,0
0,0.867743474125626,0
1,0.6306889079513982,1
0,0.9846746807320481,0
1,0.9483855517814165,1
0,0.9322013668649268,0
0,0.6798732307399806,0
1,0.6291222486185848,1
0,0.9092458520954,0
0,0.9918988244141596,0
1,0.7550578150661325,1
0,0.6166433028399483,0
1,0.8968339115006095,1
1,0.6738034089975622,0
1,0.8413689538641552,1
1,0.8848482359043246,1
1,0.5428556359898453,0
1,0.7584162556955382,0
1,0.9329576273930175,1
1,0.5424473286481452,1
1,0.9292461250735856,1
0,0.6374852121999837,0
1,0.9964813921920228,1
0,0.8600860746677338,0
0,0.6858459791010153,0
1,0.9020969724983776,1
1,0.7741436337038553,1
1,0.7408681520404997,1
1,0.7583830134709215,1
1,0.901861324203957,1
1,0.6415543733768224,1
0,0.8179356221233252,0
1,0.766441583660372,1
1,0.7904053387500212,1
0,0.9997691612600907,0
0,0.9973896202638268,0
0,0.6166837760254272,1
1,0.932960217488401,1
1,0.8362268407700205,1
0,0.9789487744422591,0
0,0.9521883311397249,0
1,0.9001464607253965,1
1,0.8116375901549769,1
1,0.6438930059575058,1
1,0.6191333520200003,1
0,0.9367659152041643,0
1,0.5044433407013638,1
1,0.9287002085264453,1
1,0.9467985753626643,1
0,0.9682943699537249,0
1,0.9731123426636898,1
0,0.5239315722142422,1
1,0.5870271763574176,1
1,0.8627113160441454,1
0,0.8308070426267542,0
0,0.9836747586255046,0
0,0.5470626303194607,0
1,0.5658017271709392,0
0,0.8173641289908553,0
1,0.9951579616723988,1
0,0.6350924124262776,0
0,0.9365717637533958,0
1,0.7621806506313681,1
0,0.7304792754739301,0
1,0.9668870117915188,1
1,0.8100469017583382,0
0,0.7048027488019286,1
1,0.6672217514902075,1
1,0.9233356993641907,1
1,0.9723086477496558,1
1,0.9849188385513148,1
1,0.8067295784551254,1
1,0.7632296010111224,1
1,0.6646390565287618,1
1,0.5949333584470191,0
0,0.9382408206142813,0
1,0.50977754910432,1
1,0.6713162194546702,1
0,0.9122881298837142,0
0,0.8054899560339781,1
0,0.9828082313661316,0
1,0.767282631846477,0
1,0.857589752107284,1
0,0.5956406181817965,0
0,0.8720707420489174,0
1,0.5088012877586819,1
0,0.9063416078743562,0
1,0.9153368530279411,1
0,0.9094684366952341,0
1,0.592981291226535,1
1,0.6312235641130216,1
0,0.9909430426713733,0
1,0.7346565588618029,1
1,0.9121897301257685,1
0,0.915171014803942,0
1,0.9937108073438818,1
1,0.836770877897127,1
1,0.690115331154624,1
0,0.9817525092715306,0
1,0.6099465024375319,1
0,0.5264957743525589,0
0,0.9918613874273113,0
1,0.7841044141661418,1
1,0.9011546040408557,1
0,0.8041359620199697,0
1,0.9155618917255439,1
0,0.6317188965047775,0
0,0.9610113744864474,0
1,0.8500001915467578,1
0,0.646433630260014,0
1,0.7963586655581725,0
1,0.5119413767161732,0
0,0.7172376862646659,1
1,0.7440454284395486,1
0,0.8839812183538807,0
1,0.9807813067828965,1
0,0.6811190103533551,0
1,0.845601902621667,1
0,0.8899044988998389,0
1,0.7983325902682085,1
0,0.9649512498831336,0
1,0.7842524049298805,1
0,0.9879162702153986,0
1,0.5131418521695891,1
1,0.882421618758946,1
1,0.6573517835425768,0
1,0.697431250007145,1
1,0.9259547883870798,1
1,0.8597586374426903,1
0,0.8562856109968822,0
1,0.8259517565345617,1
0,0.8439823926077024,0
0,0.5220805944013718,1
1,0.6044545437626828,1
1,0.6735651791052083,1
1,0.833985120039982,1
0,0.9997300376036561,0
0,0.9747336320249473,0
0,0.8206445270993218,0
0,0.656402845819478,0
1,0.6733251865290165,0
0,0.8326414460271306,0
1,0.5621182193966887,0
0,0.8800832141159376,0
0,0.9081336751735098,0
1,0.956125135020097,1
0,0.973831095169846,0
0,0.5526592861783364,0
1,0.921712623330085,1
1,0.6825440627725419,0
0,0.9894459812871175,0
1,0.6164925909663674,1
1,0.9548969365364651,1
0,0.9924183930458454,0
1,0.7122776629293414,1
1,0.6671396068554266,1
1,0.7935786058025269,1
1,0.9778181768974472,1
0,0.6254486658944416,0
1,0.6258290641374773,1
1,0.9569547998155961,1
1,0.8226880720666744,1
1,0.8484443791209252,1
0,0.9200327067284706,0
1,0.6874589801986013,1
1,0.6850277762705327,0
1,0.8874714569126718,1
0,0.9889363867699144,0
0,0.9583456433980171,0
1,0.6471135886733155,0
1,0.6276793457434247,1
0,0.9307573204481236,0
0,0.876608758568143,0
1,0.7247433868494485,1
1,0.636085694866908,1
1,0.9423392468308357,1
0,0.8917974085951427,0
0,0.9987067588708236,0
1,0.9257738112841403,1
1,0.8555972073812117,1
0,0.5598213854615233,1
1,0.7338149985636091,1
0,0.8028966594604888,0
0,0.9811368992711388,0
0,0.7726153602484485,0
1,0.705411454645961,1
1,0.8982632140822724,1
0,0.9959657170192318,0
1,0.5229104118967267,0
0,0.8063827625442338,0
0,0.9817533637962127,0
1,0.8979490954737628,0
0,0.6392125768054981,0
0,0.9161192506641931,0
0,0.6627199701155042,0
0,0.6500146108571083,1
1,0.6576347102457948,0
0,0.6535620547592842,0
0,0.8864282752308119,0
0,0.824147595083156,0
1,0.9382019626118716,1
1,0.6385410197574858,1
1,0.5152874947162611,1
1,0.5888300223676525,1
0,0.8188264966139148,0
1,0.8771804874222308,1
0,0.8985761355362497,0
1,0.7505119398248199,1
1,0.9207269430153783,1
1,0.834678240047274,1
1,0.5881521905698398,0
1,0.5377526506997549,1
0,0.943462482009174,1
1,0.9069807140882467,1
1,0.8435581023362119,0
1,0.5697698943173212,1
1,0.8113537603304554,1
0,0.9315604397809828,0
1,0.9804885537097198,1
1,0.9325556201602286,1
0,0.9905903215454968,0
0,0.989909991232105,0
1,0.7687051124648088,1
1,0.9696681411413327,1
1,0.9936779357271697,1
0,0.9972971600203443,0
0,0.8197582408963351,0
1,0.5313137628255669,1
0,0.9868188619146747,0
1,0.6551218284376079,1
1,0.8608506128953018,1
0,0.509077751557196,1
0,0.9199967204747755,0
1,0.5793384183297743,0
1,0.7712705922216855,0
1,0.5828828924244384,0
0,0.9037622085927455,0
0,0.794236784460329,0
0,0.9813489511175018,0
1,0.5455572268749005,1
0,0.6292693871041977,0
1,0.8157563260464815,1
0,0.9442434590588809,0
1,0.7892007322550649,0
1,0.6115617388246241,0
1,0.9754942663315552,1
1,0.7503918313445277,1
0,0.9333284315300632,0
1,0.917109196687858,1
0,0.8454791298802116,0
0,0.5674528720840024,1
0,0.9932585312364491,0
0,0.5817318522685995,0
1,0.9997539269915627,1
1,0.5566964539138253,1
0,0.9288218047829278,0
0,0.8710018137480349,0
1,0.8037473947560155,1
1,0.8731233172466651,1
0,0.6467906813890614,1
0,0.9397513966334706,0
0,0.6963446726457965,0
1,0.5619229530876807,1
1,0.9561478278643123,1
0,0.9002047758391843,0
0,0.8687973831347671,0
0,0.9648364828207794,0
0,0.7326302556992597,0
0,0.9947930369880724,0
1,0.503630639507512,1
1,0.9923587544134395,1
0,0.9062572713984316,0
1,0.501751602264993,1
0,0.8010236259949324,0
1,0.7781723319930146,1
0,0.9894667790285824,0
0,0.9333411433574119,0
0,0.8624229993176993,0
0,0.6262967089960862,1
1,0.6291188905428293,1
0,0.5610394051190819,1
1,0.9927748675391366,1
0,0.7624901792638618,0
1,0.9787424405137706,1
0,0.8490259371401563,1
0,0.7267959646249865,0
1,0.5935392181474722,1
0,0.8867842082468952,0
1,0.5722309650140971,0
1,0.9438579825788566,1
0,0.9967543415862804,0
1,0.7924337171477941,1
1,0.9422398072559768,1
1,0.7695618435344421,1
0,0.9749844659563176,0
1,0.82758631580301,1
0,0.6414775437156965,0
0,0.9998727304438977,0
1,0.8513312930587389,1
0,0.7692501912064458,0
0,0.9937317223657686,0
1,0.8591937110683379,1
1,0.5115036184854203,0
1,0.9251839969055725,0
0,0.9855283280570639,0
1,0.5343504028103612,0
0,0.959025505680051,1
1,0.9139719600599974,1
0,0.5789529151195327,1
0,0.9183530314129157,0
1,0.9737698036652898,1
0,0.9944624627072743,0
0,0.9704697316415759,0
0,0.5740664237053817,1
0,0.8617211625636174,0
1,0.5295313625058818,1
1,0.7630431696328257,1
0,0.9913313106626198,0
0,0.9946567133835318,0
0,0.8523482194929088,0
0,0.9500145218886269,0
0,0.9931087640604677,0
1,0.9525741363178248,1
0,0.9923742261674158,0
1,0.9990219829556789,1
1,0.7982217643133779,1
0,0.8794232120650747,0
0,0.8823434287210132,0
0,0.7909893113930272,0
1,0.7586786168795869,1
0,0.9210070419233248,0
1,0.8563353347059733,1
1,0.8561933550264584,1
1,0.7524014358840996,1
0,0.8561359199533197,0
1,0.8045674018003918,1
0,0.9707719317010042,0
1,0.7193251723975917,1
0,0.9273250249961875,0
0,0.9940743189182804,0
0,0.6393767102675534,1
1,0.5773218136677515,0
1,0.6431291242685808,1
0,0.7279581786195299,0
0,0.885691965068799,0
0,0.7057016450793422,0
0,0.8470246988219217,0
0,0.9839606021821801,0
0,0.533316146256949,0
0,0.7670201237596131,0
0,0.7773169778378254,0
1,0.583537385629896,1
0,0.5700951304593191,0
0,0.515452811680741,0
1,0.9602726605590933,1
0,0.6019139601871324,1
0,0.9206125229986069,1
1,0.8025864268504087,1
0,0.8673526407796461,0
0,0.9956957737637255,0
0,0.8424201590783376,0
1,0.9041551750428304,1
0,0.900767979221381,0
1,0.6412602665609097,1
1,0.6948894720480405,1
1,0.937608595704848,1
1,0.6079545917928628,1
1,0.885815398714659,1
0,0.8631357184771745,0
1,0.5294149389819314,1
0,0.9687176109615108,0
0,0.9103388489665271,0
0,0.6996709947350903,0
1,0.9922354296656398,1
1,0.9059103789647063,1
1,0.6398011212785283,1
0,0.9835120070981802,0
1,0.5243575302604248,1
0,0.8565937246786939,0
1,0.9876066475406315,1
0,0.770682566523121,0
0,0.6134373400806966,1
0,0.9689719316762992,0
0,0.7208518714988135,0
1,0.9746247285874767,1
0,0.6650810271931473,0
0,0.9817152909120546,0
0,0.9420312591226183,0
1,0.5438614771350422,0
0,0.9802207932889905,0
0,0.5429045321798183,0
1,0.9983081253925774,1
0,0.6596145891941417,0
1,0.6246265203260544,1
1,0.8001014401006971,1
0,0.6463439904433822,1
0,0.8112536597661204,0
0,0.8363912246454827,0
1,0.8044889619233265,1
1,0.8857638768940552,1
0,0.8987104673558344,0
1,0.8394996263150628,1
1,0.917760365436705,1
1,0.8879240329312091,1
1,0.5076434956611361,1
1,0.5724563004280753,1
1,0.6142863998354857,1
1,0.9217044425821064,1
1,0.9639158455298785,0
0,0.8381712233747787,0
1,0.9047120195173264,0
0,0.9286053129310532,0
0,0.7126781314728414,1
0,0.9624916669927123,0
0,0.998835463748373,0
0,0.874423761193938,1
0,0.736540169226993,0
0,0.8307173239533802,1
0,0.9857132852920764,0
0,0.9465564678123571,0
1,0.8183680016272245,1
1,0.5361450543879974,1
0,0.9058718000220277,0
0,0.67183691613827,0
0,0.8202200334496259,0
0,0.8946643160873593,0
1,0.9042664244432771,1
1,0.5593976330393241,1
0,0.5974436628641413,1
0,0.6177326588940253,0
1,0.632881676687757,1
1,0.5592717470180011,1
0,0.6804446035618885,0
1,0.8244798411991342,1
0,0.9617818640971714,0
0,0.5596254228859898,0
0,0.9258680726012373,0
0,0.990671371781688,0
0,0.7021799384699228,0
1,0.7670702009793996,1
0,0.6779877230616268,0
1,0.7931494434791044,1
1,0.7669201849792089,1
0,0.9509364397564943,0
1,0.9521597666686072,1
0,0.9619339225665501,0
1,0.8096993168518003,0
0,0.593198219860746,0
0,0.990876935617646,0
1,0.8834693156741179,1
1,0.7014040387619148,0
0,0.8586777254851153,0
0,0.6628937750543988,0
1,0.7092373195627912,1
1,0.8816439821833069,1
1,0.8918868574791003,1
1,0.6078139702006108,1
1,0.566245014035406,0
1,0.6271553108273157,1
0,0.6000678223684768,0
0,0.7485081159294634,1
0,0.6374438104328776,1
0,0.9713263409217907,0
1,0.7093135218355772,1
0,0.852990623970071,0
0,0.6879417669393713,0
0,0.9905488103523277,0
0,0.962523088539075,0
1,0.7415409548517475,0
1,0.8416508151461946,1
1,0.8368374364078575,1
0,0.8862002980607656,0
1,0.6576290308287848,1
1,0.9483006071299088,0
1,0.990400190226807,1
1,0.7037939475641829,1
0,0.9553183992546793,0
1,0.8022186921935164,1
1,0.990095878165624,1
1,0.7777758332607676,1
1,0.5162280321648325,0
1,0.5541048376571243,0
1,0.5007481655847607,1
0,0.9933983395215764,0
1,0.9619349395799666,1
0,0.9850197519171868,0
0,0.8680814735875809,0
0,0.8909120016932199,0
0,0.860812216615494,0
0,0.5271024833196121,1
1,0.9336546178859011,1
1,0.8401447630112451,0
1,0.7361210502843414,1
0,0.9972397579733853,0
1,0.5407887128137151,0
1,0.8020062633584399,1
1,0.522647815293203,0
1,0.6933976347468227,0
0,0.9514631193420199,0
0,0.7409207064764949,0
0,0.8081185101177202,0
1,0.8101376356689352,1
1,0.5430703280765468,0
1,0.9830345226856986,1
1,0.9818379024353796,1
1,0.6778071325476375,0
0,0.6086653183523956,0
0,0.806805229711822,0
1,0.6239395071954574,1
1,0.627341365504289,0
0,0.5120620127031335,0
0,0.9844361246074443,0
0,0.9829451960255283,0
0,0.7867248821538273,1
0,0.9464987233897721,0
0,0.9918168977901177,0
0,0.9038195085816508,0
0,0.5300838493391067,1
1,0.8541114961687917,1
1,0.7139442141231278,1
1,0.9694370221175044,1
1,0.7168724527852429,1
0,0.504310189838924,0
0,0.7922661071752154,0
1,0.8945539901664581,1
1,0.7166233480055889,1
1,0.8810634793250958,1
1,0.9696036960938714,1
1,0.6228983012319285,0
1,0.9460952294751119,1
1,0.6104931686667114,1
0,0.9411725538015249,0
0,0.7716421249440888,0
0,0.6234586984958306,1
1,0.9359980539388781,1
1,0.791874587059401,1
0,0.6725314441936396,0
1,0.9371232844772972,1
0,0.5712029366567817,1
1,0.91264743006161,1
1,0.9926316394355305,1
1,0.8314503810312782,1
1,0.9546897611545259,1
1,0.7191350651356765,0
1,0.7879264928767564,0
0,0.9049883857524657,0
0,0.5573235762399067,1
1,0.7382233766094849,0
1,0.7652141109005358,1
1,0.8562542813239177,1
0,0.5191373750669238,0
1,0.9537891180938468,1
1,0.6958854918171152,1
0,0.8078297048134938,0
1,0.9445307316428442,1
0,0.8640234276719065,0
0,0.9587944185038629,0
0,0.8613458527726845,0
0,0.9354751672645304,1
1,0.5495522319528087,1
1,0.5481394528329495,1
1,0.5101328204541815,0
1,0.9512803944116133,1
1,0.5637491032037112,1
1,0.6655098228116716,1
0,0.9817782598913911,0
1,0.8462821047276488,1
0,0.8063191424918457,0
1,0.9851506350899699,1
0,0.9138802675742401,0
0,0.983442289836813,0
0,0.9884972065421856,0
0,0.7343079915650412,0
0,0.5836698141950576,0
1,0.9708221679680259,1
1,0.9683505992876992,1
0,0.995967298304484,0
1,0.6576448415223184,0
0,0.9866591987407133,0
1,0.554483758220515,1
0,0.9181264898880823,0
0,0.7657196167814897,0
0,0.9876567704991781,0
1,0.8872846291276434,1
1,0.6708996144624033,1
0,0.7915773605131362,0
1,0.782187468373562,1
0,0.9925674845715601,0
0,0.5388639314913893,1
1,0.7816831185307141,0
0,0.6265563687844584,0
0,0.996692760867913,0
1,0.8789105560323148,0
1,0.8373161069106124,1
0,0.9406537336548281,0
0,0.9748893323397129,0
0,0.6355201449173559,0
0,0.9938742907885542,0
0,0.8991716594738882,0
1,0.5459557495736175,0
1,0.9983540360542481,1
0,0.7233985980720512,0
1,0.852778161578892,1
0,0.6988874926109697,0
1,0.9604073572500423,1
1,0.8633673684927693,1
1,0.9765038428699037,1
0,0.512749842297954,1
0,0.6914157528221556,1
0,0.9214143197201369,0
0,0.9987296029594901,0
1,0.5344039824513792,0
0,0.8299097463681175,0
1,0.7421225844958373,1
1,0.8422960490278166,1
0,0.9871558213695437,0
0,0.9592790427977308,0
1,0.6757523573555181,0
1,0.8869991228366387,1
1,0.7060291765990876,1
1,0.98092155594314,1
1,0.9657302207165064,1
1,0.7556319861962872,0
0,0.7302758031583607,0
0,0.9938959185826377,0
0,0.6014133659538294,0
0,0.9668260863803682,0
0,0.5161945210481909,0
0,0.9365320913502162,0
1,0.8097559277159451,1
1,0.7849053220496377,1
0,0.8774764284223474,1
1,0.8712786268381992,1
0,0.5018059484565827,1
1,0.6246003079515815,1
1,0.9986252542392232,1
1,0.9427414515585505,1
1,0.7523577174817144,1
1,0.6429517820708884,0
1,0.7245374913321997,1
1,0.7761052271894964,1
0,0.9935668260777715,0
0,0.6344754198162802,0
1,0.9305801107881861,1
0,0.6325006794860537,0
0,0.7989771403124966,0
0,0.97603428098544,0
1,0.9997708175695952,1
0,0.9902148258097445,0
0,0.9159281814842355,0
1,0.924679695131499,1
0,0.8077539331208073,0
1,0.6644026210338992,1
0,0.830315486135736,0
0,0.9817082406407213,0
1,0.9836648658747651,1
0,0.8923760111607054,0
1,0.7257808944059623,1
1,0.9785439721244878,1
0,0.927029532334664,0
0,0.8090827665664172,0
1,0.6537716726686097,1
0,0.9720873402948778,0
1,0.6666844367854442,1
1,0.8992249072481575,1
0,0.606596584148179,1
0,0.8094459092609232,0
0,0.9990051750142815,0
0,0.6547372311405528,0
0,0.5905245083764623,0
1,0.6350901330891451,1
1,0.5788575190494238,1
1,0.9784517895575152,1
0,0.630494281119118,1
0,0.9509347095571828,0
0,0.9046036720926804,0
0,0.9920448124799477,0
0,0.9842625967928593,0
1,0.804220392218946,1
1,0.8630065783525982,1
1,0.8179830281599408,1
1,0.7219487507597563,0
0,0.6216137299691711,0
0,0.9847578274570467,0
1,0.6015410189367855,1
1,0.8413971052426167,1
0,0.594923377619913,0
0,0.6436313481629423,0
0,0.9989209157958489,0
1,0.7762429993060987,1
0,0.632923414922692,1
1,0.7278782377041224,1
0,0.8946922488116791,0
1,0.9063785990132264,1
0,0.9030892474690245,0
0,0.7315711326756967,0
0,0.9616021369611523,0
1,0.998467051457666,1
0,0.8455408115910594,0
0,0.9965782705649604,0
1,0.9807151226733251,1
1,0.7922204186277934,0
1,0.5699912870092098,1
0,0.6288222339271478,0
0,0.7481086353560723,0
1,0.9857850733305218,1
1,0.5813996777828424,1
0,0.6281816524521153,0
0,0.6873778128320648,1
0,0.8234130977488219,0
0,0.8424982681304286,0
1,0.5669362616268663,1
0,0.9106010448410474,0
0,0.851097365393009,0
0,0.6220483969673913,1
0,0.9414874486593545,0
1,0.835930010567708,1
0,0.9053773969342361,0
1,0.9976281331374764,1
1,0.9895714684727681,1
0,0.9572278464381976,0
0,0.741248889435725,0
0,0.6778556320658421,0
0,0.9800978481905203,0
1,0.9843259807685639,1
0,0.5103339593388396,1
0,0.9263462574951714,0
0,0.9927168757298056,0
1,0.6623935225480109,0
0,0.9435101322251392,0
0,0.8697200654934656,0
0,0.988575020548814,0
1,0.9991025001222564,1
0,0.8693674796943603,0
0,0.9988694620454811,0
1,0.8771806264589577,1
1,0.9856215894950956,1
1,0.76975941150353,1
1,0.8798121296023499,1
0,0.9305317943616932,0
0,0.8749052676666439,0
0,0.6836163331908676,0
0,0.9133653895696471,0
0,0.9996717781490083,0
0,0.8857398650348817,0
1,0.7437595056301103,1
0,0.6838659140293677,0
1,0.790565534446005,1
0,0.679999601199011,0
1,0.9713533726683835,1
1,0.9979788916133422,1
0,0.6734789186987579,0
1,0.908744649386112,1
1,0.909528365912639,1
0,0.9231846403602696,0
0,0.8419306599848819,0
1,0.8122437587010577,1
0,0.6522218917841301,0
1,0.8054454960493955,1
1,0.8112810759177191,0
1,0.7507941748148484,0
1,0.9665030332581344,1
1,0.971175756387447,1
1,0.6136182959241158,1
1,0.9994844735036021,1
1,0.7856773467877017,1
1,0.7533629920864869,1
1,0.6906271766775,1
0,0.9659064956224985,0
0,0.8862178783565113,0
1,0.7885077237812645,1
0,0.8634715121252937,0
1,0.9461725791905329,1
0,0.5018660189802577,1
1,0.973688355963315,1
0,0.9957769420622168,0
0,0.6858942983412033,0
0,0.7782899266973806,0
1,0.5757087476261231,1
1,0.8556075489283471,0
0,0.555234628597024,0
1,0.7019089229472607,1
1,0.9862361984684197,1
0,0.8004578467515905,0
1,0.674049077592322,0
1,0.7337214185749561,0
0,0.870508037161163,1
1,0.6644914542351466,1
1,0.7618592238096346,1
0,0.9406614666175124,0
0,0.9242827669416882,0
1,0.6739412940956427,1
1,0.9487884280122877,1
1,0.86855204739628,1
0,0.8961847762696885,1
1,0.6033366606478894,1
1,0.7853697281585783,0
0,0.6235554193975508,0
0,0.9852385615417403,0
1,0.9170895377909895,0
0,0.518158167556623,0
0,0.9914215233853139,0
1,0.8139693603919487,1
1,0.7594560291168578,0
1,0.6240663469433434,1
0,0.8153343619987274,0
0,0.9842396814279571,0
1,0.8010467538207665,1
1,0.5524220403422676,1
0,0.994207605417018,0
1,0.6062958404659169,0
0,0.6377723533395614,0
0,0.9873144607967043,0
0,0.698682822736452,0
0,0.789329150595369,1
1,0.8714504431251437,1
1,0.9889037907774813,1
0,0.8665556312583496,0
1,0.6425799685574939,0
1,0.8845101863232158,1
1,0.9760805800734377,1
1,0.5430633878084068,0
0,0.8959622281860264,0
0,0.9462188804035903,0
0,0.8947176109887817,0
0,0.9454520852032817,0
0,0.5877875115551116,1
1,0.7258366342763984,1
1,0.5276432550598602,1
0,0.9313354319504682,0
1,0.5514282654870304,1
0,0.966970752307462,0
1,0.5935883673164356,1
1,0.8606335119290239,1
1,0.9985407687417979,1
1,0.7409783127389479,0
0,0.7471477741023693,1
0,0.5578981256214959,1
0,0.76083655711391,0
0,0.859711466984197,0
0,0.6115777019746694,1
0,0.994976427229679,0
0,0.7531633903968282,0
1,0.6958153306002072,1
0,0.7640424645798254,0
1,0.5869447679178,0
1,0.607602136023522,1
0,0.9826530140367522,0
0,0.8626752120436572,0
0,0.905719070826242,0
0,0.6283242635503496,0
0,0.9660819498208901,0
1,0.951066825482834,1
0,0.9798749811444927,0
0,0.7820145616837341,1
1,0.6183235994006346,1
0,0.9842513792187737,0
0,0.580727677778929,0
0,0.9939555036093621,0
1,0.6950259684723075,1
1,0.6229225260854835,1
0,0.9916458422272438,0
1,0.9747584006061291,1
1,0.9426154770598021,1
1,0.5919441575569265,0
0,0.8465381524651066,0
0,0.999159033305253,0
0,0.5608132226141309,0
0,0.9480224069781994,0
0,0.9239536589434288,0
1,0.939977247353844,1
1,0.5139070607551757,1
1,0.9979497437896209,1
1,0.9960282774430839,1
0,0.962877017979902,0
0,0.7129832372270895,1
1,0.7388383764531665,1
0,0.5760328735461004,0
0,0.8152067122976501,1
0,0.653115519275997,0
0,0.867237695140611,0
1,0.8381233923606716,0
0,0.9840171973899762,1
0,0.8899039312044417,1
0,0.9752337494112343,0
1,0.771198071711794,1
0,0.8274999982498688,0
0,0.9920154203330931,1
0,0.8445456178916406,0
0,0.5583738581070834,1
0,0.8503977457652625,0
0,0.975327213962357,0
1,0.8217929999936668,1
0,0.9772083929591808,0
1,0.7684526937410804,1
1,0.9904127880090539,1
0,0.9843062048688183,0
1,0.7556281417849836,1
1,0.5387172304779154,0
1,0.9936491448661982,1
0,0.9297394262651602,0
1,0.8389031025423651,1
1,0.9957167137699441,1
0,0.5045446402108538,1
0,0.7470885324867009,0
1,0.8016439299284782,1
1,0.9827333221701433,1
1,0.6577410866654105,1
0,0.9964438540618112,0
1,0.7287714036474329,1
1,0.7690779148097757,1
1,0.8673164887533055,0
0,0.9317050415033015,0
0,0.9886260289592306,0
0,0.58344935088368,1
1,0.7353133760711242,0
0,0.9917529070705624,0
0,0.5887836314850546,1
1,0.5648933599028224,1
1,0.9049879640229509,1
1,0.6148710036214738,1
0,0.5436503347575377,0
0,0.6240075069544859,0
