prediction,probability,label
0,0.9997793558433663,0
1,0.9991809532671977,1
1,0.9999999999992846,1
1,0.9999999994533204,1
0,0.9999999996813851,0
0,0.999666884418455,0
0,0.9999980988606898,0
1,0.999999556738232,1
1,0.9997903099225849,1
1,0.9999970659995979,1
0,0.9999954966952068,0
0,0.9997031848591673,0
1,0.9999830343120909,1
0,0.9997184520750403,0
0,0.9999999946499086,0
1,0.9999991318653192,1
0,0.9999989159181177,0
0,0.9998123531860503,0
0,0.9999949650232924,0
0,0.9999930572273033,0
1,0.9999592514395963,1
0,0.9998187719822285,0
0,0.9999999969712983,0
1,0.9997304772656471,1
0,0.9999925355871359,0
1,0.9999999957988803,1
1,0.9999578571361877,1
0,0.9998416198586959,0
0,0.9998047366075208,0
0,0.9999242234786069,0
1,0.999886429628881,1
1,0.9999987036860631,1
1,0.9998606339592667,1
0,0.9999560323998976,0
0,0.9995604791404209,0
0,0.9999999256721035,0
1,0.9999764803268593,1
0,0.9999927206659178,0
1,0.9999964359887422,1
0,0.9999722684919564,0
0,0.9999382729573721,0
0,0.9999999999623133,0
0,0.9999183431237262,0
1,0.9999999139235755,1
0,0.9999996847117778,0
1,0.9999989644009291,1
0,0.9999999050818612,0
0,0.99999987962715,0
0,0.9999847979448199,0
1,0.9999364463310636,1
0,0.9999978019725178,0
0,0.9999929065571413,0
1,0.9999999980772165,1
0,0.9999999998819128,0
0,0.9999999979785801,0
1,0.9999786696337503,1
0,0.9999801610456293,0
0,0.9999958532741962,0
0,0.9999191856388258,0
0,0.9999842322643928,0
0,0.9999999539731259,0
0,0.9999907473800489,0
1,0.9999999998909341,1
1,0.9995643196710977,1
0,0.9999999644487246,0
0,0.9999969657608443,0
0,0.9999993981443167,0
0,0.999991749896441,0
1,0.9995553759342182,1
0,0.9995071126509585,0
1,0.9999999507873574,1
1,0.999766108366051,1
0,0.9999735781646784,0
1,0.9998360502699583,1
0,0.9999913381131389,0
0,0.9999999863329558,0
0,0.9999678627919611,0
1,0.9997163264950988,1
0,0.9999999942682499,0
1,0.999999775909274,1
1,0.999999423115373,1
1,0.9990907836817242,1
0,0.9999952544492609,0
0,0.9999999475648705,0
1,0.9999999998772691,1
0,0.9999999999988093,0
0,0.9998994882660281,0
0,0.9999999993442293,0
0,0.9999996512640177,0
1,0.9999988554552602,1
1,0.999998932268921,1
0,0.9999568079052049,0
0,0.9998079547580062,0
1,0.9999985907593283,1
0,0.9999998973918821,0
1,0.9999215252515534,1
1,0.9999999995202014,1
1,0.9999987722208628,1
1,0.9999822954192681,1
0,0.999993066967742,0
0,0.9999999099205217,0
1,0.9999999945129099,1
0,0.9996993896479314,0
1,0.9997686102735109,1
0,0.9997738265703383,0
0,0.9999899251582834,0
1,0.9998794335470995,1
0,0.9999889479001743,0
0,0.9998852509627283,0
0,0.9999998848803315,0
0,0.9999767068127375,0
0,0.9999997535157088,0
1,0.9996983292592224,1
0,0.9999996211450464,0
1,0.9997867974592181,1
1,0.9998837838575687,1
0,0.9999661708624284,0
1,0.9999711248295048,1
0,0.9999992340929769,0
0,0.9999642408721091,0
1,0.9998184186871825,1
0,0.9999987701612367,0
0,0.9999924497983688,0
0,0.9999999981492624,0
1,0.9998217847975917,1
0,0.9999733045171002,0
0,0.9999959753189419,0
0,0.9999722350765589,0
1,0.9999911698880323,1
0,0.9999671904214523,0
1,0.9998489541951631,1
1,0.999923326178817,1
0,0.9999861704162493,0
0,0.9998963402944342,0
0,0.999928426292617,0
0,0.9999668216089751,0
1,0.9999991493409262,1
1,0.9999995203211771,1
0,0.9999375786509566,0
1,0.999949012054365,1
0,0.9999978114010407,0
0,0.9999999992550849,0
0,0.9999496716886885,0
1,0.9999999946067986,1
1,0.9999501992200491,1
1,0.9995008541881906,1
1,0.9999730586915991,1
0,0.9999149682018109,0
1,0.9999986378997264,1
1,0.999922782393833,1
1,0.9995192934722577,1
1,0.9999620419344053,1
0,0.9999995508356735,0
1,0.9999992613991695,1
1,0.9999696625629835,1
1,0.9999997257010931,1
1,0.9999464154080713,1
1,0.9995414057895624,1
0,0.9998559864499873,0
1,0.9999787940171793,1
0,0.9999734822597658,0
1,0.9999948817619603,1
1,0.9999999627664744,1
1,0.9999999911352736,1
0,0.9999962739812138,0
0,0.9999839125722491,0
1,0.999990213858995,1
1,0.9999917578531955,1
0,0.9999997523100109,0
0,0.9999999988408904,0
0,0.9999999985771257,0
1,0.9999977921942623,1
0,0.9999999970711348,0
0,0.9999745724774364,0
0,0.9996373295427091,0
0,0.999756752632549,0
0,0.9999998264427963,0
0,0.9999999714170963,0
1,0.9996919722592557,1
1,0.9999999959745036,1
0,0.9998557794783991,0
0,0.9999998863264485,0
1,0.9999997734702961,1
0,0.9999998708084664,0
0,0.9998895479733162,0
1,0.9999999851481902,1
1,0.9999876467944236,1
0,0.9999999993490273,0
1,0.9999581901840088,1
1,0.9999999485530762,1
0,0.9995378332644503,0
0,0.9997268298786554,0
1,0.9999777476716073,1
1,0.999989131530708,1
1,0.9999881031283044,1
0,0.9999958061832414,0
1,0.9999551812945487,1
1,0.9999776230279722,1
0,0.9999999894080486,0
1,0.9996210808396156,1
1,0.9999997724318761,1
1,0.9999999465040466,1
0,0.9995618622698689,0
1,0.9999999216378465,1
1,0.9999999999426443,1
0,0.9999999999920915,0
0,0.999998195883226,0
0,0.9999987881336148,0
1,0.9999995485526176,1
1,0.9999994073243221,1
1,0.999997536270125,1
0,0.9992820939094577,0
1,0.9998916617485503,1
0,0.9999998621328184,0
1,0.9997545753396244,1
0,0.9999999674970912,0
0,0.9999060698855822,0
0,0.9998900911557371,0
0,0.9999963893607074,0
1,0.9998810143980796,1
0,0.9995910214655648,0
1,0.9999985965227349,1
1,0.9999889353033072,1
0,0.9999999637778599,0
1,0.9998276018284373,1
1,0.9999998469367869,1
0,0.9999990230533155,0
1,0.999873214660929,1
1,0.999885152894996,1
1,0.9999956216467282,1
1,0.9999910535547959,1
1,0.9999988402641503,1
1,0.999925903410973,1
1,0.999777438577429,1
0,0.9997930826133036,0
0,0.9999999798283558,0
0,0.9994896800698272,0
0,0.999882709710317,0
0,0.9999999950363591,0
0,0.9999846984001098,0
0,0.9999990939081647,0
0,0.9999738723211244,0
1,0.9999996958082521,1
0,0.9999742582818212,0
0,0.9999987968019411,0
1,0.9998056014132423,1
0,0.9998524777151252,0
1,0.9997802770891163,1
1,0.9997845010543772,1
0,0.9999994378675334,0
0,0.9999999977847138,0
0,0.9999960322843895,0
1,0.9993779072005776,1
0,0.9995959866394568,0
1,0.9999996061356898,1
0,0.9999980725589761,0
0,0.9998648997110832,0
1,0.9999462614811383,1
0,1.0,0
1,0.999963852380289,1
1,0.999933060455,1
0,0.9998022677600568,0
1,0.999996769937611,1
0,0.9999999996637634,0
1,0.9999888639741955,1
0,0.9999999884487889,0
0,0.9998592014424376,0
1,0.9999976913080696,1
0,0.999902917965594,0
0,0.999998913760336,0
0,0.999915278792977,0
0,0.9996949180468843,0
1,0.9999976625879795,1
0,0.999991002838005,0
1,0.999980437583452,1
0,0.999999720836563,0
1,0.9998882106938257,1
1,0.999999998915468,1
0,0.9999033140703103,0
0,0.999997010493384,0
0,0.9998773895926542,0
1,0.999588493997519,1
0,0.9999130637468197,0
0,0.9999998866660174,0
0,0.9999999375034553,0
0,0.9999998127337624,0
0,0.9999964809699705,0
1,0.9999963265268509,1
0,0.999999996318411,0
1,0.9999999403491737,1
1,0.9999984872010568,1
1,0.9999999896956125,1
0,0.9999893058478668,0
1,0.9999974167024107,1
1,0.9999229916812646,1
0,0.999705528523366,0
0,0.9999999210436945,0
0,0.9995985902017094,0
1,0.9999193593659502,1
0,0.9999377913525956,0
0,0.9999769127596008,0
1,0.99996951476148,1
1,0.999993642382612,1
1,0.9999818236282944,1
0,0.999999979798927,0
0,0.9999999950651086,0
1,0.9999999848931567,1
1,0.9999999843378169,1
1,0.9999960159690205,1
0,0.9999987366440061,0
0,0.999948443948407,0
1,0.9999998092279905,1
0,0.9999974213419819,0
0,0.9999999890583585,0
0,0.999999492540214,0
0,0.9999870149742828,0
1,0.999999997770127,1
1,0.9999967606517945,1
0,0.9999999599284277,0
0,0.9999978011763229,0
0,0.9999688065751393,0
0,0.9999997178941081,0
1,0.9999995061997884,1
1,0.9999994035479838,1
0,0.999999905827998,0
0,0.9999836412739838,0
1,0.9999099797934965,1
0,0.9999192707676476,0
1,0.9999999999234643,1
0,0.9999999890539097,0
0,0.9999883998881135,0
1,0.9999629819955904,1
0,0.9999999997459234,0
0,0.9999473127402883,0
0,0.9999988428817386,0
0,0.9999981114877907,0
1,0.9987598680474312,1
0,0.9994614545345054,0
1,0.9999528535139902,1
0,0.999839903037474,0
0,0.9999999995287379,0
1,0.9999948142369248,1
0,0.9999999983356733,0
1,0.9999999893050971,1
0,0.9999665435851335,0
0,0.9999651790819709,0
1,0.999983627886097,1
0,0.9999714705596001,0
1,0.9995601483149821,1
1,0.9999999799959263,1
0,0.999830173418741,0
0,0.9999959400104456,0
0,0.9999979433505556,0
1,0.9999638931592311,1
0,0.9998872134890706,0
1,0.9999999854843891,1
0,0.9999999976640402,0
0,0.9999975027912945,0
0,0.9999999983276324,0
1,0.9999998310390027,1
1,0.9999999928987053,1
1,0.9998823273076574,1
1,0.9997607404688816,1
1,0.9999999916980756,1
0,0.9999951785715068,0
1,0.9999980132630936,1
0,0.9999987014904407,0
0,0.9999991012742567,0
1,0.9999999989231929,1
1,0.9993890022544731,1
1,0.9999999942091888,1
0,0.9996013435732776,0
0,0.9999998440751522,0
0,0.999999419273959,0
0,0.9999949904297828,0
1,0.999988872222119,1
1,0.9995865356851393,1
1,0.9999980057201249,1
1,0.9997466928601879,1
1,0.9997367516405559,1
0,0.9999893577205536,0
0,0.9999640805813699,0
1,0.9999998746004732,1
1,0.9992065935110787,1
1,0.9999999974901588,1
1,0.9999999859784792,1
0,0.999976974727756,0
0,0.9998755801402225,0
0,0.9999997583819907,0
0,0.9999899340027272,0
0,0.9999999583390298,0
0,0.9997914793788075,0
0,0.9999986670134339,0
1,0.999998660482607,1
1,0.9999730986418157,1
0,0.9999936903087007,0
0,0.9986477109130629,0
0,0.9999998048577652,0
1,0.9999960365450036,1
0,0.999999907331556,0
0,0.9999928193990115,0
1,0.9999999990768893,1
0,0.9999999381052073,0
1,0.9999940237895583,1
0,0.999929543553149,0
1,0.999995867894865,1
0,0.9999962463964142,0
0,0.9999916556190949,0
1,0.9997579010684687,1
0,0.9999944435119679,0
0,0.9999942673035086,0
0,0.9999999760448035,0
1,0.9999605065349741,1
1,0.9999197888157934,1
0,0.9998761297180088,0
0,0.9999995473830148,0
1,0.9999999996410414,1
1,0.9999996396119171,1
0,0.9999991142031659,0
1,0.999977303851423,1
0,0.9999958525046454,0
0,0.9999999932531006,0
0,0.9999716406040071,0
0,0.9999934536281481,0
0,0.9999855151756741,0
0,0.9998878947034185,0
1,0.9999955139239636,1
0,0.9999974665018608,0
0,0.999992198979877,0
1,0.999996886728453,1
1,0.9999697795464484,1
0,0.9999954789643204,0
0,0.9999888932196648,0
0,0.9999912617538761,0
1,0.9998458742809371,1
1,0.9999999999980393,1
0,0.9996277692048949,0
1,0.9999987797174154,1
0,0.9999989349256114,0
1,0.9999956782405071,1
0,0.9997909078915027,0
1,0.9999998957175644,1
0,0.9999959436715797,0
1,0.9999982829559241,1
1,0.9999999997468871,1
1,0.9999999996709221,1
0,0.9999994854345639,0
1,0.9999999967565827,1
0,0.9999998016869712,0
0,0.9999281616291528,0
0,0.999854616670649,0
0,0.9999787612304397,0
1,0.9999238969289189,1
1,0.9996659591526681,1
1,0.9999999694383197,1
0,0.9999985789368434,0
0,0.9999972179603228,0
1,0.9999999999129194,1
0,0.9999449316662279,0
0,0.9999920136488415,0
0,0.9999999999241238,0
1,0.9999691940127923,1
0,0.9999985302512292,0
0,0.9999999853902758,0
1,0.9999999999554565,1
0,0.9999999934712959,0
1,0.9998951366008834,1
1,0.9999995124255995,1
0,0.9999992289282288,0
1,0.9999998853970655,1
0,0.9999857415251625,0
1,0.9999948191246135,1
0,0.9999999677171093,0
1,0.9999943754167805,1
0,0.9999757586452904,0
1,0.9996735445932037,1
0,0.9999917810218819,0
1,0.9999999621012606,1
0,0.9999562131608603,0
0,0.999767317926024,0
1,0.9999962361164529,1
1,0.9999984511516427,1
0,0.9997254239818147,0
0,0.9999997896860429,0
1,0.9999999872915596,1
1,0.9999997610568601,1
0,0.9999999884533889,0
0,0.999999473614662,0
0,0.999999999946141,0
0,0.9997375397464667,0
0,0.9999980833680033,0
0,0.9999985467961992,0
0,0.9999999999654348,0
0,0.9999999977344092,0
1,0.9999994463553777,1
0,0.9999989286519404,0
0,0.9999991545574369,0
1,0.9999943372997508,1
0,0.9999983138316467,0
0,0.999999834200203,0
1,0.9999792735674731,1
1,0.9999271229160088,1
0,0.9999586924647241,0
1,0.9998114258922924,1
1,0.9998414963367969,1
1,0.9999880079032573,1
0,0.9999944792018437,0
1,0.9999955705107718,1
0,0.9999998078097225,0
0,0.9999999770942156,0
1,0.9999951819754131,1
1,0.999999999892285,1
1,0.9999778069818931,1
1,0.9999969705141962,1
1,0.9999999986446895,1
0,0.9999999955676813,0
0,0.9999999969258694,0
1,0.9999921178232554,1
0,0.9999561214655249,0
0,0.9999997187119999,0
0,0.9999873548159904,0
0,0.999999989005039,0
0,0.9999973117747263,0
1,0.9999989936981007,1
1,0.9999617328642454,1
1,0.9999992118562816,1
0,0.9999985722730188,0
1,0.9999999899532955,1
1,0.9999999461784956,1
0,0.9999124958277954,0
0,0.999999901565754,0
1,0.999999994946178,1
0,0.9999994440956453,0
0,0.9996675362634455,0
1,0.999886705818298,1
1,0.9999999780107522,1
0,0.9999997294775091,0
0,0.9999537915041042,0
1,0.9999999999942457,1
0,0.9999585310172252,0
0,0.9999987349691247,0
1,0.9998591110956034,1
0,0.9999013676486602,0
0,0.9999999452464472,0
0,0.9999990583890371,0
0,0.9999959120441921,0
0,0.9999908512679521,0
1,0.9999999997256794,1
0,0.9999281614443712,0
0,0.9999999907973708,0
0,0.9999752614247847,0
1,0.9999385522413924,1
1,0.9999806477917018,1
0,0.9999574827907587,0
1,0.9999820486415172,1
1,0.9996705521452942,1
1,0.9990883034436763,1
0,0.9992853925875845,0
1,0.9999573104558158,1
0,0.9999984684959498,0
0,0.9999991432968972,0
0,0.9999999970929581,0
0,0.9999997047678811,0
1,0.999999999526648,1
1,0.9999998935419674,1
1,0.999994864500371,1
1,0.9999722492045683,1
0,0.9999995262329583,0
0,0.9999217150619891,0
1,0.9998729490203873,1
1,0.9996157827174169,1
1,0.9999287120259829,1
1,0.9999999811874357,1
0,0.9999993400466816,0
0,0.9999994978036636,0
1,0.9999999998761004,1
0,0.9998953347488816,0
1,0.9999927987044755,1
0,0.9999637139130965,0
0,0.9999709387124057,0
0,0.999999441059925,0
1,0.9999998196915049,1
1,0.9999999926062577,1
1,0.9999636853031029,1
0,0.9999185769601916,0
0,0.9999998289145305,0
0,0.9999999786891016,0
1,0.9999999973757601,1
1,0.9999932371766169,1
0,0.99997572722333,0
1,0.9999969891232652,1
1,0.999967848658851,1
0,0.9999948347517594,0
0,0.999992500729763,0
0,0.9999999189960235,0
1,0.9993801619869145,1
1,0.9999812720903167,1
1,0.9999999821712472,1
0,0.9999960006441638,0
0,0.9999948315766092,0
0,0.9999667010365823,0
1,0.9999998539872819,1
1,0.999999893098163,1
0,0.9999998431558047,0
1,0.9999734106953576,1
1,0.9999999170452669,1
1,0.9999999996025297,1
0,0.9999506208979932,0
0,0.9999821951467758,0
0,0.9999175948532099,0
0,0.9999999765066638,0
0,0.9999454503217537,0
0,0.999999885752788,0
1,0.9999940916667874,1
0,0.9999883003176971,0
1,0.9999917355551069,1
0,0.9999967978581207,0
0,0.9999998455578424,0
1,0.9999991082122058,1
0,0.9999731827926029,0
1,0.9998912753483887,1
0,0.9998861478483478,0
1,0.9999787785680817,1
0,0.9991787388205482,0
0,0.9999534900211857,0
0,0.9999897205233372,0
0,0.9999986809742171,0
1,0.999997874074945,1
0,0.9999990663000745,0
0,0.9999531418261524,0
0,0.9999999882193602,0
0,0.9999252357154124,0
0,0.9999492884857338,0
0,0.9997342507026317,0
0,0.999985754237236,0
0,0.9999879441898832,0
1,0.9999993316790686,1
0,0.9999999783778558,0
1,0.9999712475084523,1
1,0.9999566303489846,1
0,0.9999989923415954,0
0,0.9999999994611455,0
1,0.9999464601249796,1
0,0.9998423859510437,0
0,0.9999990152640162,0
1,0.999999999997935,1
1,0.9999133314539045,1
1,0.9999999124630295,1
0,0.9999953637974026,0
1,0.999999999824799,1
0,0.9999770754374276,0
1,0.9996850914241274,1
1,0.9999999974887945,1
0,0.9999992370495251,0
1,0.9992564639126003,1
1,0.9999903228935136,1
0,0.9999948543001077,0
0,0.9999998589405997,0
1,0.9999522705802713,1
0,0.9999193561588693,0
1,0.9997957091937741,1
0,0.999999997325362,0
0,0.999628054275547,0
0,0.9999999941451482,0
1,0.9995531945905435,1
0,0.9999891342043509,0
1,0.999994433628654,1
0,0.999813018932467,0
0,0.9999986473866828,0
1,0.9999999997859073,1
1,0.9999514458982584,1
1,0.9999979898546708,1
1,0.9999939028354137,1
1,0.9999840552926278,1
0,0.9999680603757435,0
1,0.9999844031988155,1
1,0.9998938021634295,1
1,0.9999966826679167,1
0,0.9999999785072716,0
0,0.9998393841433284,0
0,0.9999999972903694,0
0,0.9998729963392603,0
1,0.9999888381931025,1
0,0.9999968196376356,0
0,0.9995581155748221,0
1,0.9999999353951479,1
1,0.9999986175081726,1
0,0.9999999973624516,0
1,0.9999992127046505,1
0,0.9999996179671273,0
0,0.9999726235240421,0
1,0.9995002994883759,1
0,0.9999982754273462,0
0,0.9999994092538075,0
1,0.9999921029017845,1
1,0.9999988260135495,1
1,0.9999837988418723,1
0,0.9999984147494289,0
1,0.9999998604703185,1
1,0.9998464265893554,1
0,0.9998128113970246,0
1,0.9999995019885146,1
1,0.9999999731684144,1
1,0.999996909059534,1
0,0.9999993945194553,0
0,0.9999999970260282,0
1,0.9999994607180602,1
0,0.9999999709391764,0
0,0.9999990993947986,0
0,0.9999466214001131,0
1,0.9999699926009316,1
0,0.9999999924060478,0
1,0.9999997680875672,1
0,0.9998974875644343,0
0,0.9999999993224848,0
1,0.9999966018049556,1
0,0.999999998326423,0
1,0.9999999795477759,1
0,0.999999967572439,0
0,0.9999171845233301,0
0,0.9997913617746275,0
1,0.9999155773743795,1
0,0.9999991091920236,0
0,0.9999940830642917,0
0,0.9999999931254877,0
0,0.9999224828132688,0
1,0.9999998403207306,1
0,0.9999819822947982,0
0,0.9999999310935054,0
0,0.9999998755407401,0
0,0.9999998483373186,0
0,0.9997789476626251,0
1,0.9999965447853915,1
1,0.9999863637520189,1
0,0.9999999162481624,0
1,0.9999882993982644,1
1,0.9999932811787792,1
0,0.9999999995230171,0
0,0.99999805029,0
1,0.9999989259478624,1
0,0.9999652485468961,0
1,0.9998871444767644,1
0,0.9999999928059045,0
1,0.9998354860110057,1
0,0.9998161279196961,0
1,0.9999924385186663,1
0,0.9999560901086809,0
0,0.9999756947504076,0
0,0.9999999877013124,0
1,0.9999227765087081,1
0,0.9999856741018396,0
0,0.9999708520593885,0
0,0.9999987574768505,0
1,0.9999588317734336,1
1,0.999977907445957,1
0,0.9999997071733767,0
1,0.9999996800293145,1
1,0.9999999908575118,1
0,0.9999721027139462,0
1,0.9999761754006329,1
0,0.9999973427063215,0
1,0.9999999999995728,1
0,0.9999363771766436,0
0,0.9999998900803877,0
0,0.9999921461491919,0
0,0.9999928613914517,0
1,0.999999983279454,1
1,0.9999999457774151,1
1,0.9999085054769667,1
1,0.9999277112067291,1
0,0.9999885071491719,0
0,0.9999999999376973,0
1,0.9998589428875203,1
1,0.9999980124378347,1
1,0.9999957207849968,1
1,0.9999989512391122,1
0,0.9999091393587666,0
0,0.9998850915126144,0
1,0.9999999973065461,1
0,0.9999992684277352,0
1,0.9999999953467171,1
1,0.9999989814139744,1
1,0.9992908339714784,1
1,0.9999875629575609,1
0,0.9999068915582369,0
1,0.9998304759074392,1
0,0.9999999529369639,0
1,0.9999999583386625,1
0,0.9999999992671509,0
1,0.9999956887313384,1
1,0.9999316813787924,1
1,0.999995584137078,1
0,0.9999763031805218,0
0,0.9999962384908563,0
0,0.9996737991849847,0
1,0.999999990952885,1
1,0.9999958429790992,1
1,0.9999621404372778,1
0,0.9999849385263824,0
1,0.9996426770197566,1
1,0.999971195600243,1
1,0.9999998828831405,1
1,0.9999989288417962,1
1,0.9997946612429552,1
1,0.9999997442710601,1
0,0.9999948447314422,0
0,0.999999408587287,0
0,0.9999461548672874,0
1,0.9999992351388768,1
0,0.9998067970221255,0
0,0.9999900759837017,0
0,0.9997370818753823,0
0,0.9991952819408746,0
0,0.9999999871183591,0
0,0.9999965546656201,0
1,0.9998767115874885,1
0,0.9999653874171508,0
0,0.9993181446222518,0
0,0.9999549694599705,0
1,0.9999999675653227,1
1,0.9999940338801182,1
1,0.9998633051531486,1
1,0.999995653449773,1
1,0.9999295325643744,1
0,0.9999979881891026,0
0,0.9992762950820094,0
1,0.9999982046944821,1
0,0.9999998382611137,0
0,0.9998354597740016,0
0,0.9999976938410701,0
1,0.9999999345543281,1
1,0.9999999883429435,1
1,0.9999094959764782,1
1,0.9999999446825572,1
1,0.9999149863079594,1
0,0.9999958366590156,0
1,0.9999999999663236,1
0,0.9999995961542869,0
0,0.9998772725315533,0
0,0.9999933350604403,0
0,0.9999979654158455,0
0,0.9999800993549507,0
1,0.9999998896440709,1
0,0.9999343846517688,0
0,0.9999999991256492,0
1,0.999999346914721,1
1,0.9998637403006794,1
1,0.9998388385205473,1
0,0.9999998493244828,0
1,0.9999028173073025,1
1,0.9998678815381616,1
1,0.9999999994869697,1
0,0.9999999747617045,0
0,0.9999976477598468,0
0,0.9999999985780271,0
0,0.9999993958059451,0
0,0.9999841496464732,0
0,0.9991095187047414,0
0,0.9999948624712941,0
1,0.9999999999875833,1
1,0.9999999998403841,1
0,0.9998239971612806,0
0,0.9999986821205886,0
1,0.9999999750688431,1
0,0.9995173458805283,0
1,0.9994091909780123,1
0,0.9999976846966682,0
0,0.9999999999682178,0
1,0.999999885064138,1
1,0.9999975942802503,1
1,0.9999998626909989,1
0,0.9999188438904504,0
0,0.9999939734836442,0
1,0.9999992613925544,1
0,0.9999990741955851,0
0,0.9999867846907553,0
0,0.9999930483256266,0
0,0.9999999053382448,0
0,0.9999697282443347,0
1,0.9999995716075288,1
0,0.9999999969603053,0
0,0.9999801152423846,0
0,0.9999835393275358,0
1,0.9999996839389675,1
1,0.9999983760850447,1
1,0.9998611263279159,1
0,0.9999994097960099,0
1,0.9999774680243166,1
0,0.9998844450385038,0
0,0.9999623927573695,0
1,0.9999763137226334,1
1,0.9999999597647947,1
0,0.9999373269044927,0
1,0.9999999999993385,1
1,0.9999970495955136,1
1,0.9999996790379084,1
0,0.9999847102792788,0
0,0.9999983886416425,0
1,0.9999997986998429,1
1,0.999999920606773,1
0,0.9999999830684642,0
0,0.9998770327758995,0
0,0.9999938997228913,0
0,0.9999998424966335,0
0,0.9999998898001734,0
0,0.9999898177300449,0
1,0.99999985083477,1
1,0.9999371037869527,1
0,0.9998688950217498,0
0,0.9998844896653939,0
0,0.999979233243442,0
1,0.9999996993870095,1
1,0.9999999913127858,1
0,0.9999999991268808,0
1,0.9996109196814922,1
1,0.9996362744378927,1
1,0.9999070448167495,1
1,0.9999999977444485,1
0,0.999994512527635,0
1,0.9996980955174618,1
0,0.9998807595425468,0
0,0.9999999958077024,0
1,0.999999999598618,1
0,0.9999999912895551,0
0,0.9997369806535885,0
0,0.9999966092901069,0
0,0.9999974099607369,0
0,0.9999999702370701,0
1,0.99998627355386,1
1,0.999999471770186,1
0,0.999738233356445,0
0,0.9999999113605826,0
0,0.9999988234135109,0
1,0.9999999995087967,1
0,0.9999999933649268,0
1,0.9999969104484437,1
0,0.9998198399328369,0
1,0.9999958814025367,1
0,0.9999945237401444,0
1,0.9999992965439447,1
0,0.999964529728576,0
1,0.9999973090439898,1
1,0.9999958022490518,1
1,0.9999999647961412,1
0,0.9998712843350566,0
1,0.9998410929124213,1
1,0.9999977644650785,1
1,0.9999999999766511,1
0,0.9999714442784788,0
0,0.9999997894801149,0
0,0.9999526640354893,0
0,0.9999974602144986,0
1,0.9999999817150945,1
1,0.9999659625213414,1
1,0.9999956890879338,1
0,0.9999999182682896,0
0,0.9998182999069726,0
1,0.9999999860810125,1
1,0.9999006176497562,1
1,0.9994823380989081,1
0,0.999954601926328,0
0,0.9999911089290718,0
1,0.9999835281327668,1
0,0.9999999157547923,0
1,0.9999887714033696,1
1,0.999999999528046,1
0,0.9999999994060621,0
0,0.9991921811415829,0
0,0.9999999910591553,0
0,0.9999566511552371,0
0,0.9999729053751355,0
0,0.9999558826631648,0
0,0.9999999973869043,0
1,0.999998982096633,1
1,0.9999959389954213,1
0,0.9999964537169634,0
0,0.9999994781657019,0
1,0.9999993701213739,1
1,0.9999718546973506,1
1,0.9999438958286662,1
1,0.9999999999972164,1
0,0.9999686102817833,0
1,0.9999999609364985,1
0,0.9999414339037868,0
0,0.9999999857645726,0
1,0.9999320815035647,1
0,0.9999999983659743,0
0,0.999999777385829,0
1,0.9999999451789273,1
1,0.9999999996590523,1
1,0.9999995024075765,1
0,0.9999990832433063,0
1,0.9999987424847203,1
1,0.999987868769771,1
1,0.999722838570114,1
1,0.9999992838133864,1
0,0.9999885624070315,0
0,0.9999999474267571,0
0,0.999996277551942,0
0,0.9999994589848358,0
1,0.9999968054238342,1
1,0.9999486427524032,1
1,0.9999998268969628,1
1,0.9999898560095591,1
1,0.9999981017019095,1
1,0.9999993959828939,1
1,0.9999999395349638,1
0,0.9999999613044107,0
1,0.9998724758419838,1
0,0.999943472961392,0
0,0.9999960638038797,0
0,0.9999777788092489,0
1,0.9993725307064459,1
0,0.9999836727880917,0
1,0.999999908281237,1
0,0.9999596509493425,0
1,0.999999957481976,1
1,0.9999999226134224,1
1,0.9999981883702738,1
1,0.9999999446265082,1
0,0.9999998016467849,0
1,0.9999989096797894,1
0,0.999999985979424,0
1,0.9999997533069633,1
1,0.9999988162621042,1
1,0.9999736459576328,1
1,0.9999937796604716,1
0,0.9999999687264495,0
0,0.9999999291371603,0
1,0.9999859306317529,1
0,0.999991829464843,0
1,0.9999999916571644,1
0,0.9999991990677111,0
0,0.9999951021220342,0
0,0.999999925344938,0
1,0.9996718446974233,1
1,0.9999989144280504,1
0,0.9999999980367061,0
0,0.999999646510801,0
0,0.9999868542222536,0
1,0.9999999980005152,1
0,0.9999198779126325,0
1,0.9999999829736993,1
1,0.9998425717797005,1
0,0.9999913774760203,0
1,0.9999994812475832,1
0,0.9999830352240912,0
1,0.999999890945983,1
0,0.9997310604445994,0
0,0.9999931251501838,0
1,0.9999919123960108,1
0,0.9999604959995607,0
0,0.9999961518798574,0
0,0.9999986232686338,0
0,0.9999999876956368,0
0,0.9998210719947465,0
1,0.9999671988613801,1
0,0.9999286364427901,0
0,0.9999999587202573,0
1,0.9999258449281698,1
0,0.9999992248863532,0
1,0.9999999009782075,1
0,0.9999998268927205,0
0,0.9999944078700733,0
0,0.9999999970419113,0
0,0.9999999657363947,0
1,0.9999999219733898,1
1,0.999972258932927,1
0,0.9999999976178825,0
0,0.9999943703475627,0
0,0.9999967012141074,0
0,0.9999997475717752,0
1,0.9999998624928221,1
1,0.9999961990580833,1
0,0.999964882274421,0
1,0.9999806638192572,1
0,0.9999999936141274,0
1,0.9999982074870312,1
1,0.9999590880071326,1
1,0.9999842302869815,1
1,0.9999999842776226,1
0,0.9999999988572991,0
1,0.9999999900774966,1
1,0.9999482370613949,1
0,0.9999995837358215,0
0,0.999682030631075,0
0,0.999999070322641,0
1,0.9999712544987546,1
0,0.9999999999777537,0
1,0.9999925335537984,1
0,0.9999756229967223,0
0,0.9999900493820979,0
0,0.9999991262154835,0
1,0.9999934045919545,1
1,0.9999994123294377,1
0,0.9999954158126209,0
0,0.9999999821168344,0
1,0.99999992717335,1
1,0.9998809748684988,1
1,0.9999999999947684,1
1,0.9999999999999003,1
0,0.9999875424751846,0
0,0.9999972757247159,0
1,0.9999981901903494,1
0,0.9999999689306721,0
0,0.999999974685214,0
1,0.9999962260343025,1
1,0.9999998311281205,1
1,0.9993972822101505,1
0,0.9999956369193695,0
1,0.999999136700337,1
0,0.9999981167912374,0
0,0.9999993958144121,0
0,0.9999999939940053,0
0,0.9998370265858815,0
1,0.9999999647627317,1
0,0.999999867174575,0
0,0.9998507545177592,0
1,0.9999009584243421,1
0,0.9997521791144139,0
1,0.9999999038662469,1
1,0.9998852268103335,1
0,0.9999998353310098,0
0,0.9999999248858583,0
0,0.9999999231980733,0
0,0.9999248472984161,0
1,0.999999999996833,1
1,0.9999849901500465,1
1,0.9999999979649736,1
0,0.9999999846480081,0
0,0.9999077735597837,0
0,0.9996486945141683,0
1,0.9999999922175166,1
0,0.9999504950274322,0
0,0.9999999361199531,0
1,0.9998326437275344,1
1,0.9999806636565787,1
1,0.9999999535878287,1
1,0.9999861516921752,1
0,0.9999963046842381,0
0,0.9999998923015034,0
1,0.9999723502032747,1
1,0.9999999992577346,1
0,0.9999999981545601,0
1,0.9999989954069444,1
0,0.9997936714579321,0
1,0.999789705649926,1
1,0.9999190607857796,1
0,0.9999970345853114,0
0,0.9999999947403174,0
1,0.9999999993940227,1
1,0.9996045348793223,1
1,0.999999940299547,1
0,0.999874864353569,0
1,0.9999961682321301,1
0,0.9999999955694592,0
0,0.9999993769944844,0
1,0.99999994420419,1
0,0.9999999686054335,0
1,0.9999999532474191,1
0,0.9999994436112463,0
0,0.9997608544227099,0
0,0.999999987972801,0
0,0.9998776020052321,0
0,0.9999999830636732,0
1,0.999999999995538,1
0,0.9999959263042424,0
0,0.9999997867659633,0
1,0.9999999999809972,1
0,0.9998931816101577,0
0,0.9999587990228903,0
1,0.9999078651426934,1
0,0.999999865586531,0
1,0.9999914574543624,1
0,0.9995542303448707,0
0,0.9999992280317376,0
0,0.9999999959149569,0
0,0.9999952157947686,0
0,0.9999757627250806,0
0,0.9996104401588761,0
1,0.9999917336593501,1
1,0.9999415494959423,1
0,0.9999967360191581,0
1,0.9999519773012863,1
0,0.9996437097890434,0
1,0.9999996458486986,1
1,0.999969533680703,1
1,0.9999999985622285,1
0,0.99999890283826,0
1,0.9999999650524639,1
0,0.9999105546336263,0
0,0.9999995005242819,0
1,0.999995595610407,1
0,0.9999733521780859,0
1,0.9999399103775761,1
0,0.9999995556932051,0
1,0.9999971575674241,1
0,0.9999664146973678,0
0,0.999999962515897,0
0,0.9999929539021866,0
0,0.9999999685252776,0
0,0.9999999996412317,0
0,0.9999729771531303,0
0,0.999999510973737,0
1,0.9999988007974029,1
0,0.9997277137556941,0
0,0.999998445531173,0
0,0.9999999754115256,0
0,0.9998798538864172,0
1,0.999995687309827,1
1,0.999998089671203,1
0,0.9999999998203686,0
0,0.9999801118266924,0
0,0.9999999903293387,0
1,0.9999991817054193,1
0,0.9999892982558743,0
1,0.9999132639384811,1
1,0.9999977747527932,1
0,0.9999962630678169,0
1,0.9998770370619602,1
1,0.9999998776916698,1
0,0.9999999923271212,0
1,0.9999086689339992,1
1,0.9988842565319394,1
1,0.9999998796686693,1
0,0.9999999465077674,0
0,0.9999995508802629,0
0,0.9999999172375519,0
0,0.9999996705314036,0
1,0.9998206438256182,1
1,0.9999415369284824,1
1,0.9999825721357387,1
1,0.9999980040555768,1
0,0.9999999892819862,0
0,0.9999999839330946,0
0,0.9999997026090057,0
1,0.9999810053012146,1
1,0.9999999968676183,1
0,0.9999992840795698,0
1,0.9999999713848585,1
0,0.9999979494993597,0
1,0.9999197868719277,1
0,0.9999276251844652,0
1,0.9999995838829658,1
0,0.9999998627512436,0
0,0.9999457469131108,0
0,0.9999995137104039,0
1,0.9999999999292872,1
1,0.9999680779359569,1
1,0.9999953209188363,1
1,0.9999996414404149,1
1,0.9999999999731692,1
1,0.9999948578186426,1
1,0.9999999914062655,1
0,0.9999755013667044,0
1,0.999996725370792,1
0,0.9999999989008084,0
1,0.9999452578229479,1
1,0.9998915370981726,1
1,0.9999999525440886,1
1,0.9998627383161537,1
1,0.999962058073484,1
0,0.999999994212433,0
1,0.9999999999946885,1
0,0.9999848463595256,0
0,0.9998696388940184,0
1,0.9999460331266721,1
1,0.9998727355997582,1
0,0.9999998871442553,0
0,0.9999676213156109,0
0,0.9999994193217868,0
1,0.9999945037351515,1
0,0.9999952427789122,0
0,0.9999980994996873,0
0,0.9999996294142918,0
0,0.9999999710508063,0
1,0.9999999796008647,1
1,0.9998386915686392,1
0,0.9999967242959036,0
1,0.999990796933841,1
1,0.9999999968678506,1
0,0.999999783740898,0
0,0.9999353769312582,0
1,0.9999999568474319,1
0,0.9999941172319132,0
0,0.9999999758977598,0
0,0.9999999999841287,0
1,0.9999935968209379,1
0,0.9998921613916131,0
1,0.9993732373906731,1
0,0.9999271656842468,0
0,0.9999994959834395,0
0,0.9999999927264343,0
1,0.9999999209513519,1
1,0.999999993967261,1
0,0.9999973477867182,0
0,0.9999998315683881,0
1,0.9999929224232093,1
1,0.9998602498965417,1
0,0.9999999999749485,0
0,0.9999999951613598,0
0,0.9999970872038404,0
1,0.9999999886033383,1
1,0.9999989789317821,1
0,0.9999980818971533,0
1,0.9999931018601583,1
1,0.9991536959703833,1
1,0.9999999971797158,1
0,0.9999999984129656,0
1,0.9999999998415896,1
0,0.9999999990066063,0
1,0.9999999146915142,1
1,0.9999991310657351,1
0,0.9999999444159069,0
1,0.9999934733365453,1
0,0.9999983370717347,0
0,0.9999997597518149,0
0,0.9999999889166509,0
0,0.9996941142539089,0
0,0.9999908761354876,0
0,0.9999995898279839,0
1,0.9999995964746892,1
0,0.9999920683307354,0
1,0.9999435358212025,1
1,0.9999974577331311,1
1,0.9999998662673687,1
1,0.9998650478752698,1
1,0.9999999842960285,1
0,0.9999998869121564,0
0,0.9999388793598551,0
0,0.9999982884792059,0
0,0.9999986424090463,0
1,0.9999945998333315,1
0,0.9999648309445038,0
0,0.9999986985154583,0
0,0.999990612199879,0
1,0.9999952081378278,1
1,0.9998473526180195,1
0,0.999976208548795,0
1,0.9999276431093548,1
0,0.9999999865417756,0
1,0.9999995744384352,1
1,0.9999884237610545,1
0,0.9998180306938893,0
1,0.9999932521056168,1
1,0.9996183087012888,1
1,0.999992992077423,1
0,0.999999890730259,0
0,0.9997806399468542,0
1,0.9999633775082806,1
0,0.9999999943670065,0
0,0.9999881153932523,0
1,0.9999828666270768,1
1,0.9999999947850438,1
1,0.9999917915259792,1
0,0.9999916471923259,0
1,0.9999976612205648,1
0,0.9999999021586474,0
1,0.9998741646988237,1
0,0.9999888001170848,0
0,0.9999990806596797,0
1,0.9999471295449982,1
1,0.9998352178589657,1
0,0.9999992408227356,0
0,0.9999996687973315,0
0,0.9998653278574193,0
0,0.9999613261083918,0
1,0.999999377263452,1
0,0.9998892345479233,0
0,0.9999921417075537,0
1,0.9999905018491456,1
1,0.9994873279843101,1
1,0.9999951478307509,1
0,0.9999998288002411,0
0,0.999999144785349,0
0,0.999999144009029,0
0,0.9999708298729684,0
0,0.9999891539797215,0
0,0.9999317401371158,0
0,0.999997339339939,0
0,0.999999745876911,0
1,0.999986395030656,1
1,0.9997531275704968,1
1,0.9997120764719246,1
0,0.9999971187349979,0
0,0.9999998867031936,0
0,0.9999990460397425,0
1,0.9999720333637632,1
1,0.9999758102937105,1
0,0.9999986082661424,0
1,0.9996158040979775,1
0,0.9999999689250172,0
1,0.9999787714108951,1
0,0.9999799683920423,0
0,0.9999992834231862,0
0,0.9999876790288442,0
1,0.9999558022763904,1
1,0.9999998400580425,1
1,0.9999998920010916,1
0,0.999986469916749,0
0,0.9997778055996489,0
1,0.9999613836129976,1
1,0.9999456633256574,1
1,0.9999955125464933,1
0,0.9996349041738573,0
1,0.9999999988211281,1
0,0.9999992712969038,0
1,0.9997970046794039,1
1,0.9999780314813618,1
0,0.9999556798981847,0
0,0.9999999752254572,0
0,0.9999998888769396,0
0,0.9999829491904302,0
1,0.9999937461148148,1
0,0.9999996536314186,0
0,0.9999998873893877,0
1,0.9999999699051854,1
1,0.9999901407335329,1
1,0.99995875983972,1
0,0.9999995072792803,0
1,0.9999999946368314,1
0,0.9999994760959612,0
0,0.9999999994111686,0
0,0.9999992951195914,0
1,0.9999996291942121,1
1,0.999997172607927,1
0,0.9999909389127571,0
1,0.9997934424333248,1
0,0.9999524983525556,0
0,0.9999977908924766,0
1,0.9999999919731614,1
1,0.9999378530329871,1
0,0.9999953275631747,0
1,0.9999999495284181,1
0,0.9999993842999141,0
1,0.9999999983455417,1
0,0.9999999877284388,0
0,0.9999998711115969,0
1,0.9999984035300474,1
0,0.9999996774541438,0
1,0.9998492779234541,1
0,0.9999799023576297,0
1,0.9999999998321107,1
0,0.9999942652301052,0
1,0.9999987613856923,1
0,0.999999935635834,0
1,0.9998792639910825,1
0,0.9999996969018937,0
0,0.9999955459512234,0
0,0.9999998562715672,0
1,0.9999991528847156,1
1,0.9999879166165813,1
1,0.9999477270491975,1
0,0.9999988434607554,0
1,0.9999900109175656,1
0,0.9999944859374432,0
0,0.9999958231956277,0
1,0.9999999825314939,1
0,0.9998625487182748,0
0,0.9999983186620927,0
0,0.9996983987452244,0
0,0.999976376132477,0
1,0.9999503251497861,1
1,0.9999990890751431,1
1,0.9999999980764571,1
1,0.9999993424075327,1
1,0.9999996648086282,1
1,0.9999998906711063,1
1,0.9999999950476299,1
0,0.9997500911259461,0
0,0.9999999951517244,0
1,0.9999999433195711,1
0,0.9999999956063462,0
1,0.9999974598706994,1
1,0.9999909787848013,1
0,0.9999999757863387,0
0,0.9999996981006194,0
0,0.9999982328291626,0
1,0.9999774519753524,1
1,0.9999995916102213,1
0,0.9999999167431594,0
1,0.9999999970519011,1
1,0.9999999983005217,1
1,0.9999999977271969,1
1,0.9999999589273788,1
1,0.9999988400918338,1
1,0.9999285362739454,1
1,0.9999803321999806,1
0,0.9999999992483954,0
1,0.9999912124055121,1
0,0.9999999410169786,0
0,0.9999999713650475,0
0,0.9999997097501555,0
1,0.999999696267578,1
0,0.9999863816163087,0
1,0.9999534845220611,1
1,0.9999721789270192,1
1,0.999869243700595,1
0,0.999999441929192,0
0,0.9999999885739751,0
1,0.9999938788455051,1
0,0.9999308184777563,0
0,0.9999922306218947,0
0,0.9999996846074449,0
1,0.999999998328206,1
0,0.9999997702544435,0
0,0.9999995394847982,0
0,0.9995281459496149,0
1,0.9999998868783037,1
1,0.9998987011568218,1
0,0.9999993671389513,0
0,0.9999751322012621,0
0,0.9999993721656939,0
1,0.9999954900685538,1
1,0.9999998902613529,1
0,0.9999999992379359,0
0,0.9999362644777657,0
0,0.9999898289890677,0
1,0.9999561069055227,1
1,0.999982797622796,1
1,0.9999999987255728,1
0,0.9999999833138797,0
1,0.9999996999469952,1
0,0.999999421453541,0
0,0.99999998974882,0
0,0.9999992082923476,0
0,0.9999896832065822,0
1,0.9999979880560022,1
1,0.9999977360849549,1
1,0.9999057698101059,1
1,0.9997982285213062,1
0,0.9999941044850706,0
1,0.9999999998119493,1
0,0.999953255856894,0
0,0.9999436210463217,0
1,0.9999997892128074,1
1,0.9999984172566312,1
1,0.999999999881164,1
0,0.9999991330338776,0
0,0.9999804978167111,0
0,0.999999999700628,0
1,0.9998767213417613,1
1,0.9997589493752602,1
1,0.9999825875362917,1
1,0.9999976668439194,1
1,0.9999968477737834,1
1,0.9999999999991016,1
0,0.9999997705937218,0
0,0.9999999887940678,0
1,0.9996225017562033,1
0,0.9999318414038714,0
0,0.9999988444694158,0
0,0.9999994917979145,0
1,0.9999999946949802,1
1,0.9999815612758921,1
0,0.9999559425994494,0
1,0.999999992548693,1
1,0.9999647529220735,1
1,0.9999953479337318,1
1,0.9999999985360604,1
0,0.999989397551103,0
0,0.9999999920142565,0
0,0.9999618433286385,0
0,0.9999999998886101,0
0,0.9999983181114485,0
1,0.9999998044311698,1
0,0.9996850316554687,0
0,0.9999997140804572,0
0,0.9999996012656188,0
0,0.9999999793873839,0
1,0.9999234946599563,1
1,0.9999999890470989,1
1,0.9999640686532965,1
0,0.99999310827435,0
0,0.9999999935909587,0
0,0.9998562014530946,0
0,0.9999309389744844,0
0,0.9998709142746381,0
0,0.9999999983276626,0
0,0.9999983649228025,0
0,0.9999938182821801,0
0,0.9999997207909197,0
0,0.999999171032477,0
1,0.9998149696642455,1
0,0.999754871201491,0
1,0.9999999994083455,1
0,0.9999967223080926,0
1,0.9999999998875517,1
0,0.9999863192162303,0
0,0.9997882494985018,0
1,0.9999993631826517,1
1,0.9999998459570232,1
1,0.9999999662132735,1
1,0.9999861201534965,1
1,0.999996453143367,1
1,0.9999999687633306,1
1,0.9999961665288977,1
1,0.9999915887526443,1
0,0.9999998686101056,0
1,0.9999999762239077,1
1,0.9999487190749627,1
1,0.9999947200919984,1
1,0.9999132807522744,1
1,0.9999999986575119,1
0,0.9999999422004011,0
1,0.9996191200787514,1
0,0.9998976298778125,0
0,0.9999997325026738,0
1,0.9999967188954869,1
0,0.9999999977328249,0
1,0.9999255318836832,1
1,0.9999848614266224,1
1,0.9999813184849491,1
0,0.9999987346226559,0
1,0.9999999700264404,1
1,0.9999999920206023,1
0,0.9996385118038165,0
0,0.9999476600238442,0
0,0.9999052719930335,0
0,0.9999999886946174,0
0,0.9999999638601944,0
0,0.9999975222129259,0
0,0.9999733034300746,0
0,0.9995614809786783,0
0,0.9999875013054702,0
1,0.9999999284653991,1
1,0.999980692797667,1
1,0.9999762003020651,1
1,0.9998152820970009,1
1,0.9999994255830547,1
1,0.9999998105986486,1
0,0.9999935677780991,0
0,0.9999255335850574,0
1,0.9999975625545806,1
1,0.9999995459603593,1
0,0.9999999930024507,0
1,0.9999135583031414,1
1,0.9999995905357648,1
1,0.9999985067969731,1
1,0.9999991727491322,1
0,0.999999999828009,0
1,0.9999996995486674,1
0,0.9999982359211863,0
0,0.999998612219948,0
1,0.9999981640235303,1
1,0.9999974516470507,1
1,0.9999964132310518,1
0,0.9997847911227775,0
0,0.9999120504893505,0
0,0.9999999978304016,0
1,0.9999996020383205,1
0,0.9999478343568579,0
0,0.9999898654122267,0
0,0.9999739518470694,0
0,0.9999999784639835,0
1,0.9999994375187482,1
1,0.9999920353520584,1
1,0.9996236078172639,1
1,0.9999765938007165,1
0,0.9997945240286095,0
0,0.9999597548096811,0
0,0.9999996586538544,0
0,0.9999678494058365,0
0,0.9999977994270364,0
0,0.9999316001677463,0
0,0.999613243097991,0
0,0.9998681388855619,0
1,0.9999343166461346,1
1,0.9999999947702527,1
1,0.9998894721383345,1
0,0.9999467464217177,0
1,0.9999146447341839,1
1,0.9999998924302371,1
1,0.9999999903056817,1
0,0.9998238261029967,0
0,0.9999995987971211,0
1,0.999976051005991,1
1,0.999999999931239,1
0,0.9999167144920997,0
0,0.9999426541881299,0
0,0.9999596827284595,0
1,0.999854491778697,1
1,0.9999056727124124,1
1,0.9999474002044753,1
0,0.999998419279215,0
0,0.9999911783299271,0
0,0.9999860978812445,0
0,0.999969775296662,0
0,0.9999999771871816,0
0,0.9999344138126685,0
0,0.9999837968190551,0
0,0.9998861578925323,0
0,0.9999645020498302,0
1,0.9998369904888499,1
0,0.9997409753310592,0
0,0.9997680105755928,0
1,0.9999944009517975,1
0,0.9999999314790872,0
1,0.9999999795777212,1
0,0.999830179814716,0
1,0.9999787717417762,1
0,0.9999999494167487,0
1,0.9996527168338326,1
0,0.9999999999366563,0
1,0.9999999999999936,1
0,0.9999999818314946,0
1,0.9998922076911945,1
0,0.9999999934336783,0
0,0.9999999996128802,0
1,0.9999999999999982,1
1,0.9999753629165496,1
1,0.9999616472433294,1
0,0.9998864458196575,0
0,0.999999158336969,0
0,0.9999999820363795,0
1,0.9999985339266886,1
1,0.9999999933383281,1
0,0.9999991206071844,0
0,0.999702927362357,0
1,0.9999923294530714,1
0,0.9999983579149944,0
0,0.9999999991520931,0
0,0.9998999940654155,0
0,0.9999998378376203,0
1,0.9999999285453642,1
0,0.9999857616486117,0
0,0.9999995733283494,0
0,0.9997291424732762,0
1,0.9999975687633588,1
0,0.9999412500053829,0
1,0.9999999498365658,1
1,0.9999612398407765,1
1,0.9999999674679869,1
1,0.99999736271255,1
0,0.9999989314363702,0
1,0.9998995377725026,1
1,0.9999951439399316,1
0,0.9999999240719727,0
0,0.9998418946754521,0
1,0.9997366565420516,1
1,0.9999072372946299,1
1,0.9999999800277624,1
1,0.9999966298095102,1
0,0.9999991647274018,0
0,0.9997037311410064,0
0,0.9999992277094945,0
1,0.9999997453146494,1
1,0.9999428868315141,1
1,0.9980082701067041,1
1,0.9995848972769505,1
1,0.9999857602448502,1
1,0.9999999969652469,1
0,0.9999999813363515,0
1,0.9999943371904304,1
0,0.9999998010686283,0
1,0.9997857446437934,1
0,0.9999935145407403,0
0,0.999997900592584,0
1,0.9999956901275017,1
0,0.9999936776632427,0
1,0.9999996410518023,1
0,0.9992465289235819,0
0,0.9995469895165104,0
1,0.9999805571368532,1
0,0.9998025617304653,0
1,0.9999992694420851,1
1,0.9999998857521051,1
1,0.9999986878320484,1
1,0.9998496856272638,1
1,0.9999965919477493,1
0,0.9999960998406083,0
1,0.9999840432353658,1
0,0.9999992558297481,0
1,0.9999598032703568,1
0,0.9999126048119392,0
1,0.9999851251621501,1
0,0.999998700937408,0
0,0.9999387563129292,0
0,0.9999990702146251,0
0,0.9999986927248113,0
0,0.9999474594627688,0
1,0.9999404687219744,1
0,0.9999435957979214,0
0,0.9999998083731169,0
0,0.999999515111466,0
0,0.9999972517423201,0
1,0.9999994687816078,1
0,0.9999998461674051,0
1,0.9999806549935005,1
1,0.9999999999853477,1
1,0.9999996752560978,1
0,0.9995456528256742,0
0,0.9997710996698714,0
0,0.9999733223619804,0
0,0.9999998229858836,0
1,0.9999947762394864,1
1,0.999686553550061,1
1,0.9999999983113506,1
1,0.9999999473553852,1
0,0.9999820510422124,0
1,0.9999856912754795,1
1,0.9999878000020005,1
1,0.9999987850827426,1
0,0.9998834616640291,0
1,0.9999724222153967,1
0,0.9999865740008708,0
0,0.9998717269292804,0
0,0.9999998708996966,0
1,0.9997704143131635,1
1,0.9999164051607956,1
1,0.9999923064199053,1
0,0.9999961436558474,0
0,0.9999346204631501,0
1,0.9999967434420663,1
1,0.9999986093847881,1
0,0.9999998693330373,0
0,0.9999974970929304,0
0,0.9999925755568136,0
0,0.9999707360550146,0
0,0.9999998186132099,0
1,0.9996670658809628,1
0,0.9999978964010857,0
0,0.999999318359529,0
1,0.9999927965754659,1
1,0.9999890557443684,1
1,0.9999999997134137,1
1,0.9999548551474379,1
1,0.9999999999919271,1
1,0.9999521327508428,1
1,0.9999919475412935,1
1,0.9999759982265013,1
0,0.9999970109422616,0
1,0.999763588529104,1
0,0.9999999430189526,0
0,0.9999994141495788,0
0,0.9999999752250895,0
1,0.9999999399812669,1
0,0.9999701624724473,0
0,0.9998983144929172,0
1,0.9999999996298623,1
1,0.9999999999996494,1
0,0.9999989580918051,0
0,0.9999957434167909,0
1,0.9997272927850323,1
0,0.9999973314934607,0
0,0.9999756244512203,0
1,0.9999223426323984,1
0,0.9999998311061638,0
0,0.9986298424449171,0
0,0.9999987065633743,0
0,0.9999999900131056,0
0,0.9999999123953662,0
0,0.999982713337257,0
0,0.9999993267494516,0
0,0.9999961064818471,0
1,0.9999482223000938,1
0,0.9999999468754269,0
1,0.9999979778690894,1
0,0.999975021443087,0
0,0.999999943865922,0
0,0.9999999917296827,0
0,0.9999999271587033,0
1,0.9999313343483252,1
1,0.9999999691301708,1
0,0.9998044983772022,0
0,0.9999948881892446,0
1,0.9999999558438322,1
0,0.9999270772185869,0
0,0.9999968342275248,0
0,0.9999967304275247,0
1,0.9999144952597278,1
0,0.9997126690402395,0
1,0.999997759079684,1
1,0.999997305239517,1
1,0.9999985723304942,1
1,0.9999478873716445,1
1,0.9999999846753798,1
1,0.9999998628963319,1
1,0.9999999999908193,1
1,0.9999999997798061,1
1,0.9999803434050745,1
1,0.9999986739437022,1
0,0.9994818035250436,0
0,0.9999771048463127,0
0,0.9999171582481285,0
0,0.9999857185838655,0
0,0.9999999616350785,0
1,0.9999997042199376,1
0,0.9999999037366045,0
1,0.9999829011656779,1
0,0.9999979957898569,0
1,0.9999932754751709,1
1,0.9999997591083064,1
1,0.9999428345925393,1
0,0.9999984559723264,0
0,0.9996371353348321,0
1,0.9999999816991628,1
0,0.9999999831389884,0
0,0.9999942814407095,0
0,0.9998083068109695,0
1,0.9999999994201143,1
1,0.9999999781692082,1
0,0.9999797707187743,0
1,0.9999989248176722,1
1,0.9999016937834473,1
0,0.999976988345598,0
1,0.999445617067913,1
1,0.9999993734268748,1
1,0.9998944577551571,1
1,0.9998725000949145,1
1,0.9999758717924622,1
0,0.9999998187840007,0
1,0.9999993217975104,1
0,0.9999947294572982,0
1,0.9999991119858679,1
0,0.9997175753066148,0
1,0.9998373057814207,1
0,0.9998267418719602,0
1,0.9999998057080461,1
0,0.9999999607345845,0
0,0.9999999404231416,0
1,0.9999938641535752,1
0,0.9999967317826389,0
1,0.9999999985273715,1
0,0.9999441958488158,0
1,0.9999971550625727,1
1,0.9999918128722386,1
1,0.9999583550818051,1
1,0.9999828972862663,1
0,0.9999998466920323,0
1,0.9999999985258625,1
0,0.9994691962923833,0
0,0.9999994016159769,0
0,0.9996721353521253,0
1,0.9999892335888962,1
0,0.9999960965860417,0
0,0.9999997765046841,0
1,0.9998931160884619,1
1,0.9998428672354217,1
0,0.9999405796374173,0
0,0.9999418290579009,0
1,0.9999210536612678,1
1,0.9999674697412304,1
0,0.9999999997032739,0
1,0.9995536612291975,1
0,0.9999917897000231,0
0,0.9998415253367987,0
0,0.9997986868797911,0
1,0.9998029524628874,1
0,0.999899591411203,0
1,0.9999995393287061,1
1,0.9999946851517657,1
1,0.9999999778266486,1
1,0.9999999999980844,1
1,0.9999999999708791,1
0,0.999999667986289,0
1,0.9999997895328055,1
1,0.9999998369145655,1
0,0.9999999995739469,0
1,0.9999682846856645,1
0,0.9999712103111206,0
1,0.9999957240264028,1
1,0.9999975191846091,1
0,0.999991434485447,0
1,0.9999985403511137,1
1,0.9999992310518546,1
0,0.9999996924765009,0
1,0.9998270193018973,1
0,0.9999980451420089,0
0,0.999999215969545,0
0,0.9999999599735575,0
1,0.9999999936408388,1
1,0.9998334466980844,1
0,0.9999956706199843,0
1,0.9999999432964403,1
1,0.9999999846681173,1
0,0.9999993082422627,0
0,0.9999997953557852,0
1,0.999999986325415,1
0,0.9999999162293565,0
1,0.9999890866143214,1
1,0.9997034205078482,1
1,0.9999232200139345,1
0,0.9999999057660162,0
0,0.9997481305722956,0
0,0.9999950995590167,0
1,0.9997086211293981,1
1,0.9999975509330356,1
0,0.9998554410720706,0
0,0.9999539940392767,0
0,0.999999847507873,0
1,0.9999262359515279,1
1,0.9998162462071013,1
0,0.9999998871415279,0
0,0.9999997714916978,0
1,0.9999899919775944,1
0,0.9999972206373805,0
1,0.999999995988375,1
0,0.9999999037876183,0
0,0.9999177205175048,0
0,0.9999951431113917,0
0,0.9998715702077791,0
1,0.9999478959173411,1
0,0.9999907429121881,0
0,0.999999143625242,0
0,0.999992547381209,0
1,0.9999989182148455,1
1,0.9999981482020012,1
0,0.9999999989333952,0
1,0.9999416488879166,1
0,0.9999970761753172,0
1,0.9986986916871953,1
0,0.9999582387820423,0
1,0.9999995622338196,1
0,0.9999993535486267,0
1,0.9998863137133495,1
0,0.999783208377225,0
0,0.9999999999359506,0
1,0.9999401484309972,1
0,0.9997671580269343,0
1,0.9999855883672631,1
1,0.9999999977690588,1
1,0.9999999539352858,1
0,0.9999992112776299,0
0,0.9991742297010847,0
1,0.9999999999099245,1
1,0.9998661450718253,1
0,0.9999999977116752,0
0,0.9999999706828411,0
0,0.9999973685267542,0
0,0.9998413277671209,0
0,0.9999999856504356,0
0,0.9999361318272865,0
1,0.9999676577926077,1
1,0.999992283385478,1
0,0.9999418390046033,0
1,0.9999816417704265,1
1,0.999965520709479,1
1,0.9995867117835863,1
1,0.9999039769602746,1
0,0.9999994051309938,0
1,1.0,1
1,0.9998295122491089,1
0,0.9999998030879975,0
1,0.9999999528958265,1
0,0.9999436541939409,0
1,0.9999999952263423,1
0,0.999999990854235,0
1,0.9999999519048076,1
1,0.9999999743360313,1
0,0.9999999988437502,0
1,0.9999999999675888,1
0,0.9999974742340553,0
1,0.9999933391345832,1
1,0.9999996624027833,1
1,0.9999871615678446,1
0,0.9998980830696533,0
0,0.9999444152024037,0
0,0.999978632357421,0
1,0.9999999846669119,1
1,0.9999991096324429,1
1,0.9998948971998526,1
1,0.9999910134244444,1
0,0.999999420829146,0
1,0.9995833381904397,1
0,0.9999999918498201,0
0,0.9999987622007517,0
1,0.999998147785727,1
0,0.9999997768865251,0
1,0.9999916525114396,1
0,0.9999995805761998,0
0,0.9999686181910264,0
1,0.9999999933976127,1
1,0.9999999990431752,1
1,0.9998149160342351,1
1,0.9997859739709889,1
0,0.9999924051864474,0
1,0.9998287332012555,1
0,0.999999936655382,0
1,0.9999999722399034,1
0,0.9998528724684581,0
1,0.9996910284805476,1
0,0.9999999998770777,0
1,0.9999999999031635,1
0,0.9999977337801538,0
1,0.999999929630702,1
1,0.9999121022312613,1
1,0.9998992836942567,1
0,0.999993901483512,0
0,0.9999997830291912,0
0,0.9998037183408537,0
1,0.9999856101517094,1
1,0.9999999184058022,1
1,0.9999998799432419,1
0,0.9999999616093114,0
1,0.9999999752728537,1
1,0.99923872271375,1
0,0.9999999294248826,0
1,0.9999802381134639,1
1,0.9999475783601701,1
1,0.9994872940752145,1
1,0.9997490500133613,1
1,0.9999976809147826,1
1,0.9999993621301099,1
0,0.9999999989770249,0
1,0.9999999968253306,1
1,0.9999631175109681,1
0,0.9999516771960876,0
0,0.9999920116825897,0
0,0.9999340843274575,0
1,0.9999999950928586,1
1,0.9999952892148112,1
1,0.9998684238231823,1
1,0.9999996715305886,1
0,0.9999997925664068,0
0,0.9996645104482037,0
1,0.9999971548492832,1
0,0.99999999923736,0
0,0.999999934160212,0
1,0.9999999335887828,1
1,0.9999124916999981,1
0,0.999994373273227,0
1,0.9998722252771266,1
0,0.9999999999790525,0
1,0.9999944225282026,1
0,0.9999361289380079,0
0,0.9999995609911912,0
1,0.9999999509742501,1
0,0.9999480203538054,0
1,0.9999568211410603,1
1,0.9999999828176519,1
0,0.9999999927699772,0
1,0.9999844355706914,1
1,0.999977847746927,1
1,0.9999758656803881,1
1,0.9996539986292367,1
1,0.9999999870849097,1
1,0.9999042392026106,1
0,0.9999999997623865,0
0,0.9999993193181559,0
0,0.9999997942719299,0
0,0.9999999996427161,0
0,0.9999977282389257,0
1,0.9999999833714095,1
1,0.9999555510649213,1
0,0.9999474426237606,0
0,0.9999915793764818,0
1,0.9999999985158705,1
0,0.9999859019447225,0
1,0.9999999924476665,1
1,0.999994020676781,1
1,0.9999999876607116,1
0,0.9999999906461715,0
1,0.9999999983402883,1
1,0.9999999996445439,1
1,0.9999934506396022,1
0,1.0,0
0,0.9999894929483211,0
1,0.9999999913688667,1
1,0.999999999963499,1
1,0.9999980887067204,1
0,0.9999997890228426,0
0,0.9999235789352706,0
1,0.9999831794443836,1
0,0.9999999268483987,0
0,0.9999999770846681,0
1,0.9999709186317538,1
1,0.999997451114794,1
0,0.999606859701841,0
0,0.9999671203880495,0
0,0.999476720892195,0
1,0.9999999004577996,1
1,0.9999999134378786,1
0,0.9999957459290155,0
0,0.9999999986034769,0
0,0.9999999522222308,0
0,0.9999677463222081,0
1,0.9999869027657785,1
0,0.9999961854028725,0
1,0.9999999999892462,1
0,0.9997550701542436,0
0,0.999994407296256,0
0,0.999914283045693,0
1,0.9995858145243356,1
1,0.9999753561892855,1
0,0.9999970619353754,0
1,0.9999306656216066,1
1,0.999193545171081,1
0,0.9999765443473395,0
0,0.9997726880762756,0
1,0.9999999884578142,1
0,0.9999997729541251,0
0,0.9999995252936402,0
1,0.9997581412247332,1
0,0.9999999997982849,0
0,0.9999998098084549,0
0,0.9998299632379849,0
0,0.9999777750694927,0
1,0.9999997344449528,1
0,0.99999808436445,0
0,0.9999904504174845,0
1,0.999936337331875,1
0,0.9999996487569698,0
0,0.9999998743171563,0
0,0.9999987753534283,0
1,0.9999994682675429,1
1,0.9999998163138164,1
1,0.9999993829184701,1
1,0.9997913575729962,1
0,0.9999999356644125,0
1,0.9999999272176998,1
1,0.9999970634643464,1
0,0.9999012601108642,0
1,0.9999994735701769,1
1,0.9998082977856794,1
0,0.9996225451176902,0
0,0.9998684497471871,0
0,0.9999999937920367,0
1,0.9999018473337911,1
1,0.9999999999989353,1
1,0.9997190314175496,1
0,0.9997966919443685,0
0,0.9999960645927476,0
1,0.9999999999719582,1
1,0.9999890488567563,1
0,0.9999970476516902,0
1,0.9998410866596414,1
0,0.9999981364864384,0
0,0.9999983927290157,0
1,0.9999999997657085,1
1,0.9999999996326694,1
0,0.9994906952779609,0
1,0.9999999458509234,1
1,0.9999933109622183,1
0,0.9999999014887356,0
0,0.9999996537607947,0
0,0.9999999986795275,0
0,0.9997982050032908,0
1,0.9998997015076285,1
0,0.9999998720298315,0
1,0.9999999973501452,1
1,0.9999996440322739,1
0,0.9999996691013544,0
0,0.9999703545513041,0
0,0.9999626732176405,0
1,0.9999996028475199,1
1,0.9999950060034389,1
0,0.9999999972755886,0
0,0.9999998853492783,0
0,0.9999996634630245,0
1,0.999995397694571,1
1,0.9999992244837367,1
1,0.9999989329082037,1
0,0.999999937748414,0
0,0.999997480704919,0
0,0.9998187782921892,0
1,0.9998565035294028,1
0,0.9998357758961031,0
0,0.9999935075563442,0
0,0.999941985667627,0
0,0.999899833659296,0
0,0.9999846954855244,0
0,0.9999999457593515,0
0,0.9999999785843948,0
0,0.9999987755680892,0
0,0.9999995749428486,0
0,0.9999957523823859,0
1,0.9999998540773121,1
0,0.9999966825609519,0
0,0.9999969795594565,0
1,0.9999897536652935,1
1,0.9999765922691976,1
0,0.9999997140398373,0
0,0.9999999779154276,0
0,0.9996590775241897,0
1,0.9999994072204158,1
0,0.9999586334681031,0
1,0.9998659028366265,1
1,0.9999994345411605,1
1,0.9999998723457172,1
1,0.9999999705191498,1
1,0.9998795135744408,1
0,0.999937866538562,0
0,0.9999816540161519,0
0,0.9999998476335094,0
1,0.9999960504492379,1
0,0.9999999885108452,0
0,0.9999367563157574,0
0,0.9999894824331689,0
1,0.9999985324528337,1
1,0.9999805438485736,1
0,0.9999987832824145,0
0,0.9999518495765265,0
1,0.9999966037688485,1
0,0.9999780378169842,0
1,0.9999189808401743,1
1,0.9999773189021266,1
0,0.9999999973061954,0
1,0.9999995709007852,1
0,0.9995264217641004,0
1,0.9999530848850793,1
1,0.9999996086543549,1
0,0.9999772731073601,0
1,0.9999999912192316,1
1,0.999999999827863,1
0,0.9999999965474092,0
0,0.9999998242340766,0
0,0.9999995376572608,0
0,0.9999991642597034,0
1,0.9999895484715976,1
1,0.9999766824656954,1
1,0.9999999961790416,1
1,0.9999856178459395,1
0,0.9999999999600553,0
0,0.9999013754672931,0
1,0.9999999880462148,1
1,0.9998114109862204,1
1,0.999999999996531,1
1,0.9998898246530019,1
1,0.9999999999958795,1
1,0.9999725971348371,1
1,0.9999999928686161,1
1,0.9999999999957847,1
0,0.9999999422411894,0
0,0.9999904575238151,0
0,0.9999999969163578,0
0,0.999964475303396,0
0,0.9999076536029181,0
0,0.9999828495555527,0
1,0.9999956724732223,1
0,0.9999927357191938,0
1,0.9999999994991415,1
0,0.9999952713344309,0
1,0.9999999991878425,1
1,0.9999998237420109,1
0,0.9999970276158968,0
1,0.999999899909205,1
1,0.9999999982210446,1
0,0.9999995494144753,0
1,0.9999054551324319,1
1,0.9999299068532302,1
0,0.9999999190042413,0
1,0.9999833453149091,1
0,0.9999999919501745,0
1,0.999998110770348,1
0,0.9999998469615137,0
0,0.9998040285547328,0
0,0.9999999240166523,0
1,0.9999999992300503,1
1,0.9999999786988847,1
0,0.9999598633173961,0
1,0.9999995121523446,1
1,0.9999417000798595,1
1,0.9994459019839507,1
0,0.9999979135826983,0
1,0.9999978668819932,1
1,0.9999629533156211,1
0,0.9999999997012765,0
1,0.999864463230534,1
1,0.9999999993434372,1
1,0.9999945834734553,1
1,0.9999998667562808,1
0,0.9999999995441168,0
1,0.999999997758078,1
1,0.9999983492892465,1
1,0.9998449363796391,1
0,0.9999504650809594,0
0,0.9999568636768311,0
1,0.9999999999107712,1
1,0.9999996122559034,1
1,0.9997686228438966,1
1,0.9999437618680401,1
1,0.9999869765956673,1
1,0.9999980820830785,1
0,0.9999989016742649,0
0,0.9999993595717446,0
0,0.9999248967559486,0
0,0.9999999997624428,0
0,0.9999996271355287,0
1,0.999996700144677,1
0,0.9999949614498829,0
1,0.9999999965622748,1
1,0.9999929583068742,1
0,0.9999999302920863,0
0,0.9999942414040173,0
1,0.9999999795891119,1
0,0.9999998900752918,0
1,0.9999999968678679,1
1,0.9999999375875998,1
1,0.9999999829428151,1
0,0.9999999885152475,0
0,0.9999532169771326,0
0,0.9999997000125402,0
0,0.9999804710516847,0
1,0.9999999020996515,1
0,0.9999987731688935,0
1,0.9999457164858359,1
1,0.9999994948297221,1
0,0.9999459776513253,0
0,0.9999999946499086,0
1,0.9999979824729942,1
1,0.9994790961747121,1
1,0.9999768030384366,1
1,0.9999985590901092,1
1,0.9999997829309077,1
0,0.9999878165717383,0
1,0.9999407451928094,1
0,0.999958286619064,0
1,0.9999802079652498,1
1,0.9998095368008212,1
0,0.9999987349995922,0
0,0.9999922127380649,0
1,0.9999992827311424,1
1,0.9999997324962709,1
0,0.9999939168876217,0
1,0.9999945218916718,1
0,0.9999999756548731,0
1,0.9999463212067882,1
0,0.9999539286841018,0
1,0.999901272164451,1
1,0.9999953593705581,1
1,0.9999883584291068,1
1,0.9999988333590294,1
0,0.9999994261213397,0
1,0.999905214482939,1
1,0.9999686477838864,1
1,0.999971705723929,1
1,0.9999976918439292,1
1,0.9998404985290853,1
0,0.9999758709125794,0
0,0.9995227087291277,0
0,0.99996600700977,0
0,0.9998168585308785,0
0,0.9999096310597632,0
0,0.9999999974392944,0
0,0.999999982371626,0
0,0.9999094286338702,0
0,0.9999914958207736,0
0,0.9999999982292735,0
1,0.9999999859757558,1
0,0.9999997932903485,0
0,0.999984089100663,0
1,0.9999823544733405,1
1,0.999999999887107,1
0,0.9999994131762194,0
1,0.9999796772722322,1
1,0.9997431040696271,1
0,0.999891784885631,0
0,0.9999999994580213,0
0,0.999983221311011,0
0,0.9999678212992578,0
1,0.9999999926860141,1
0,0.999506690303264,0
0,0.9999999417108539,0
1,0.9999996531043303,1
0,0.9999999542450966,0
1,0.9999984138303146,1
1,0.999999994313147,1
0,0.9999999702083993,0
1,0.9999996769285897,1
0,0.9999998348507275,0
1,0.999995253181206,1
1,0.9997235227262371,1
1,0.9999998507333104,1
0,0.9999952092684035,0
1,0.9999807922561094,1
0,0.999651623104052,0
1,0.9999947007610758,1
0,0.9999846054840605,0
1,0.9992291260815892,1
0,0.9999778195704447,0
0,0.9999973951729495,0
0,0.9998879295001066,0
1,0.9998996516352858,1
1,0.9999999927687135,1
1,0.9999998982741972,1
0,0.9999992109455347,0
1,0.9996678907135697,1
0,0.9999999995750538,0
1,0.9999106103210118,1
0,0.999999999671909,0
0,0.9997964153875684,0
0,0.9999999995944204,0
1,0.9999861923370912,1
0,0.999999817178348,0
1,0.9998555988810502,1
1,0.9999945224934007,1
0,0.9999783233062353,0
0,0.9999924836571796,0
0,0.9998704401288041,0
0,0.9999996190910069,0
0,0.9999999965623516,0
1,0.9998453658181976,1
0,0.9999981630958145,0
0,0.9999591193371603,0
0,0.9999899821169715,0
0,0.9999955433150989,0
0,0.999999476859082,0
0,0.9998146402192403,0
1,0.9999999883989293,1
1,0.999999985623848,1
1,0.9999985333062937,1
0,0.9999999721778705,0
0,0.9999999107550653,0
0,0.9999497947400674,0
0,0.9999993672880323,0
0,0.9999557213648141,0
0,0.9999646642215694,0
1,0.9999699325268714,1
1,0.9999457401602183,1
0,0.9999227917483985,0
1,0.999993148779992,1
0,0.9999931033786048,0
0,0.9999967690685243,0
0,0.9999374654317418,0
0,0.9999985837463696,0
1,0.999999999721324,1
1,0.9999999731544058,1
0,0.9999861294126653,0
0,0.9999997453635813,0
0,0.9997426288305925,0
1,0.999998904985328,1
1,0.9999777214182173,1
1,0.999863368878121,1
1,0.9999999999374602,1
0,0.9999356565960364,0
1,0.9998562846505002,1
0,0.9999999998279266,0
1,0.9999998823626542,1
0,0.9999993526468153,0
0,0.9999308334452722,0
1,0.9999999998772748,1
1,0.9999991377305707,1
0,0.9999926079070373,0
1,0.9999999992538222,1
1,0.9999999989114665,1
1,1.0,1
1,0.999998834134833,1
0,0.9999899432221229,0
0,0.9999995499315273,0
1,0.9999999443647261,1
0,0.9999783520525451,0
0,0.9999085823715861,0
1,0.9995902222357371,1
1,0.9999929795647894,1
1,0.9994297458230593,1
1,0.9999953929229777,1
0,0.9999999866256267,0
0,0.999998262552537,0
1,0.999863057661535,1
1,0.9999871857761629,1
0,0.9999997907725433,0
0,0.9999923363116597,0
0,0.9999947886013739,0
0,0.9999822263173941,0
0,0.9999996537085246,0
1,0.9999994889614519,1
0,0.9999962100163073,0
0,0.9999981428524524,0
1,0.9999982556073397,1
0,0.9999967428614108,0
1,0.9999999999245848,1
0,0.9998406869730048,0
0,0.9999995296338935,0
0,0.9999959194204081,0
0,0.9999078500690594,0
1,0.9998315366851886,1
1,0.9999912092331641,1
1,0.9999999636613981,1
0,0.9999996686168784,0
1,0.9999999946160452,1
0,0.9999999705305533,0
1,0.9999998854017904,1
0,0.9999994171897757,0
0,0.9999999992056664,0
1,0.999985327986425,1
0,0.9999990063792046,0
1,0.9999713585357318,1
0,0.9995361052752939,0
0,0.9999999839194631,0
0,0.9999999214537231,0
0,0.9999207846362385,0
1,0.9999999919516579,1
0,0.9995887010152957,0
0,0.9999983502325179,0
1,0.9999999996117721,1
0,0.9998712716574094,0
0,0.9999972392183477,0
1,0.9999999874269981,1
0,0.9999901472571087,0
0,0.9999997341176442,0
0,0.999999533250553,0
0,0.9999431341021269,0
1,0.9995400080606149,1
1,0.9999999997236273,1
1,0.9999979866549445,1
1,0.9999988091676811,1
0,0.9999764599040543,0
1,0.9994900623921414,1
0,0.9999998711644623,0
1,0.9999761171934801,1
1,0.9999999993775102,1
0,0.99990111887086,0
0,0.9999999848531358,0
1,0.9999997396095993,1
1,0.9999984253271328,1
1,0.9999994855845706,1
1,0.9999480455303325,1
1,0.9999999707154292,1
1,0.9999363062435866,1
0,0.9999581163405973,0
1,0.9999249612260939,1
0,0.9999044683348931,0
1,0.9999999740681755,1
1,0.9999829757943036,1
0,0.9999166677891377,0
1,0.9999999835375275,1
0,0.9999729196979303,0
1,0.9999911961315165,1
1,0.9999995389279258,1
0,0.99989743514181,0
1,0.9999999999995273,1
1,0.9999997622611684,1
0,0.9999999490283032,0
0,0.9999999995114478,0
0,0.9996707754808649,0
0,0.9999999997435827,0
1,0.9998787312762195,1
1,0.999951764703253,1
0,0.9999799615659999,0
1,0.9999993938679722,1
0,0.9999964437889166,0
1,0.9999618930823536,1
0,0.9999200461946623,0
0,0.9999999737387948,0
1,0.9999926148422412,1
1,0.9999444450533387,1
0,0.9999447425172198,0
0,0.9999986777813814,0
0,0.999999429430989,0
1,0.999992170993037,1
1,0.9999999781863271,1
0,0.9999999109603638,0
0,0.9999960993489353,0
0,0.9999994938839467,0
1,0.9999999998238496,1
0,0.9999998220160666,0
0,0.9996581527175096,0
1,0.9999998865447997,1
1,0.9999999990261101,1
0,0.999751168825383,0
1,0.9998934783972985,1
1,0.9998702874355353,1
0,0.9999996924219465,0
1,0.9998892819169214,1
0,0.9998980342089098,0
1,0.9999826278907564,1
0,0.999999998991117,0
0,0.999999595954857,0
0,0.9998847866825495,0
0,0.9999732274533116,0
0,0.999999981125877,0
0,0.9999997766202993,0
0,0.9999992403485748,0
0,0.9999999959993264,0
0,0.9999942428335465,0
1,0.9999994765185882,1
0,0.9999989204263139,0
1,0.9999999999997549,1
1,0.999999999997736,1
1,0.9999837812165177,1
1,0.9998779507765825,1
0,0.9998822958803977,0
1,0.9999997915979676,1
0,0.9999950222642244,0
0,0.9999791702032884,0
1,0.9999247740101832,1
1,0.9999988391910196,1
0,0.9999988180107158,0
0,0.9999150238221869,0
1,0.9999999995168494,1
1,0.999939813162275,1
1,0.9999999950705389,1
0,0.9999992150942318,0
0,0.9999969161938256,0
0,0.9999985637653678,0
1,0.9999995377702724,1
0,0.9999992346093318,0
0,0.9997513484044002,0
1,0.999999999999438,1
1,0.9999342135869248,1
1,0.9999998774565314,1
0,0.9996346252295242,0
1,0.9999998293718118,1
0,0.9999267130987469,0
0,0.9999980553680107,0
0,0.9999995296075168,0
1,0.9998875572869567,1
1,0.9999999832262295,1
1,0.9999999995525708,1
0,0.9999999623829513,0
0,0.9996343531449734,0
1,0.9999999987023633,1
1,0.9999999996512392,1
0,0.9999450754270172,0
0,0.999975618584243,0
1,0.9998976725535501,1
0,0.9999989859775009,0
1,0.9999584867936273,1
0,0.9999987865074037,0
0,0.9999999836895505,0
1,0.9999760546635079,1
1,0.9999999884261509,1
1,0.9995437048542665,1
1,0.9999950351426726,1
0,0.9999999990427169,0
1,0.9999852663314334,1
1,0.999989945575475,1
0,1.0,0
1,0.9998660820129708,1
0,0.9998663952141035,0
0,0.9999999985771257,0
0,0.9999998832462197,0
1,0.9999939087657043,1
1,0.9999742665486775,1
1,0.9999751778193996,1
1,0.9999281285635926,1
1,0.9999999988850972,1
0,0.9999998962925654,0
1,0.9999999998471514,1
0,0.9999860314074827,0
1,0.9999708927421171,1
0,0.999988517969449,0
0,0.9999999811950193,0
0,0.9998266573072879,0
1,0.99999981828444,1
1,0.9999999898381108,1
1,0.9998475431351359,1
1,0.9999999982861318,1
0,0.9998091898562965,0
1,0.9999999801793844,1
1,0.9999889752136037,1
1,0.9999832346291265,1
1,0.9999999987516837,1
0,0.9998043564843975,0
1,0.9999999996201954,1
1,0.9999964980744387,1
1,0.9999746555683565,1
0,0.9999179579916111,0
0,0.9999999999099319,0
0,0.9999973721189781,0
0,0.9998568284763001,0
1,0.9999993987116044,1
0,0.999997827542248,0
1,0.9999813598855626,1
1,0.9999998563032813,1
0,0.9999997572597837,0
1,0.9999996700924738,1
0,0.9999999999533605,0
1,0.9999987864365015,1
0,0.9999999446814359,0
1,0.9999999962359645,1
1,0.9999998728124935,1
0,0.9999999999978749,0
0,0.999999981584975,0
0,0.9999170986980792,0
0,0.9999492963435019,0
0,0.9998172666724179,0
1,0.9996087367513065,1
0,0.9999957489815504,0
0,0.9999810288013686,0
0,0.9999999982868388,0
1,0.9993587050511019,1
1,0.9999999910904817,1
0,0.9999999968827469,0
1,0.999999999224745,1
0,0.9999432753930838,0
0,0.9999995345495658,0
0,0.9999917419253893,0
0,0.9999979713987597,0
1,0.9998623634628475,1
1,0.999877294106063,1
1,0.9999985519695764,1
1,0.9999854664638702,1
0,0.9999998483086674,0
1,0.9995921919074595,1
1,0.9999999973179923,1
1,0.99999999999917,1
1,0.9999800198920492,1
1,0.9999998016593223,1
0,0.9994179438831934,0
0,0.9999962871116654,0
0,0.9999994913767589,0
1,0.9999999484945254,1
1,0.9999520853074274,1
1,0.9999538629000829,1
0,0.9999888242178894,0
0,0.9998047577943688,0
1,0.999998192843095,1
1,0.9999857419721707,1
1,0.999999449875445,1
0,0.9999855157968646,0
0,0.9996398307332846,0
1,0.9995182052994683,1
1,0.9999990808294827,1
0,0.9998624655083185,0
1,0.9998903747799843,1
0,0.9999912383988994,0
0,0.9999999984496103,0
1,0.999999073629102,1
1,0.9999999964507975,1
1,0.9999996854046241,1
0,0.9998871322824399,0
0,0.9999921531433141,0
0,0.9999423703583635,0
1,0.9984843390881009,1
1,0.999997387002255,1
0,0.9999999452552998,0
0,0.9995452383034211,0
0,0.9999593890185507,0
0,0.9999204199955937,0
0,0.9999074834444042,0
0,0.9999971047736187,0
0,0.9999779019321693,0
0,0.9999999557689325,0
1,0.9999999818636623,1
1,0.9999732392463607,1
1,0.999999985719668,1
1,0.9999958640801627,1
1,0.9999222317437033,1
1,0.999999999962897,1
1,0.9999981409783439,1
1,0.9999805791706858,1
0,0.9999999976893188,0
0,0.9999580680933033,0
0,0.9999909413973913,0
1,0.9999980012194102,1
0,0.9998313826181068,0
1,0.9999504147549414,1
1,0.9996865295164403,1
0,0.9999998946761484,0
0,0.999994824626952,0
0,0.9999974652246253,0
1,0.9999999317458135,1
0,0.999762340315712,0
0,0.9999893708615885,0
1,0.999995040616517,1
0,0.9999999965968328,0
0,0.9992698466477243,0
0,0.9999832586597425,0
0,0.999979263759481,0
1,0.9995939623820973,1
0,0.9999999449529342,0
0,0.9999999551157069,0
0,0.9999539420274746,0
1,0.999999170443679,1
0,0.9999869914407472,0
0,0.9999999038806433,0
0,0.9991317039470172,0
0,0.99995445764108,0
0,0.9999873559012287,0
1,0.9999948630890723,1
0,0.9999999989034284,0
1,0.9999994984603973,1
1,0.9999999999708851,1
1,0.999998102657707,1
0,0.9999164229046223,0
0,0.9999056478386583,0
0,0.9999998272142032,0
1,0.9999184042235962,1
1,0.9999998473574498,1
1,0.9999934115366131,1
1,0.9999995944147257,1
0,0.9999999991997423,0
0,0.9999733986209519,0
0,0.999998976430303,0
1,0.9999999386911198,1
0,0.9998330020027023,0
0,0.9999992203412754,0
1,0.9999981432570846,1
0,0.9999253898945781,0
1,0.9999999418288055,1
0,0.9998764190283154,0
1,0.9998214283778498,1
1,0.9999999990402053,1
1,0.9999999988234445,1
0,0.9999999448349187,0
1,0.9999197724738461,1
0,0.9980371953652767,0
1,0.9999999904204139,1
0,0.9998048907232437,0
1,0.9999994492086125,1
1,0.9999328641998871,1
0,0.9999991654704622,0
1,0.9999998367744565,1
0,0.9999987457306679,0
1,0.999955347248083,1
1,0.9999875534730077,1
1,0.9999995715633957,1
0,0.9993985582175554,0
0,0.9999958973048791,0
1,0.9999835667000703,1
1,0.9998928067795838,1
1,0.9999744377035087,1
1,0.9999761498674898,1
1,0.9999999981513954,1
1,0.9999791425477879,1
0,0.9999988613284563,0
0,0.9999940637195155,0
1,0.999998819146227,1
1,0.9999952284722662,1
0,0.9997834079233681,0
0,0.999993288307082,0
1,0.999999807038291,1
1,0.9999757780717142,1
1,0.9999980367079968,1
1,0.9999490945067763,1
1,0.9999999933807167,1
1,0.9999999730170476,1
1,0.9996255404616351,1
1,0.9999998013112767,1
1,0.9999968115926975,1
0,0.9999966771349574,0
1,0.9999999506169981,1
0,0.9999658700500079,0
0,0.9999436264418546,0
1,0.9999986584674583,1
1,0.9999969765418764,1
1,0.9999866470015535,1
1,0.999998773997464,1
1,0.9999999965844493,1
0,0.9999067885515409,0
0,0.9995747312946243,0
1,0.999999999896297,1
0,0.9999990060148409,0
1,0.9999867076957673,1
0,0.9999985665561649,0
0,0.9999999861406955,0
0,0.9999998160389697,0
1,0.9999495222319801,1
0,0.9999827702274736,0
0,0.9999988801143437,0
0,0.9999971755113233,0
1,0.999999595919895,1
0,0.9998238478302524,0
1,0.9999999567700081,1
0,0.9999638106328291,0
0,0.9999948271063042,0
0,0.9996333743400982,0
0,0.9999996116643586,0
1,0.9997534255004042,1
0,0.9999997687670924,0
0,0.9999998303639062,0
0,0.9999986934009893,0
1,0.9999978248313426,1
0,0.9998698554390523,0
1,0.9997145525624743,1
0,0.9999974107946592,0
0,0.999995327897717,0
0,0.9999828118691864,0
1,0.9997432268694346,1
0,0.9999999847037537,0
0,0.999999905466491,0
0,0.9999997248768707,0
1,0.9999998012033631,1
1,0.9999935426481471,1
0,0.9999970932253472,0
1,0.9999999057631292,1
1,0.9999999985340704,1
1,0.9999321624472698,1
1,0.9999998625090931,1
1,0.9999359360593991,1
0,0.9999901339331454,0
0,0.9998565500464692,0
1,0.9999999686585664,1
1,0.9999512246686949,1
1,0.9999973783932844,1
0,0.9999986691775333,0
1,0.999999599370802,1
0,0.9999975131613105,0
0,0.9997973296776191,0
0,0.9999982127750334,0
0,0.9999991455966482,0
0,0.9999833149119384,0
0,0.9998485036808464,0
0,0.9999976617131606,0
1,0.9999999107577693,1
1,0.9999999876612137,1
1,0.9999999984906951,1
0,0.9999999669487978,0
1,0.9998618286644789,1
0,0.9999968778843306,0
0,0.9999797806830754,0
1,0.9998818110433906,1
0,0.9999964393279869,0
1,0.9999990398342993,1
1,0.9999614079351297,1
0,0.9999999999568934,0
1,0.9999999990170343,1
0,0.9997657947259627,0
1,0.9999985009369924,1
0,0.9999692207100884,0
1,0.9997490976444168,1
0,0.9999962467669442,0
0,0.9999994791973447,0
0,0.9999999999963172,0
0,0.9999353503638686,0
1,0.9999999948383478,1
1,0.9999939627074089,1
1,0.9999999968276985,1
0,0.9999982299788243,0
0,0.9999998034939627,0
1,0.9998895656825203,1
1,0.9999999957427173,1
0,0.9999992278590929,0
1,0.9999998728750388,1
0,0.9999999996181165,0
1,0.9995507625721101,1
1,0.9999999999096081,1
0,0.9999549269008251,0
1,0.9999999957386472,1
0,0.9999339867172976,0
0,0.9999999902594429,0
1,0.9999999999298566,1
0,0.999999323437881,0
1,0.9999382823424839,1
1,0.9999437607139559,1
0,0.9999663723477615,0
1,0.9999994180401904,1
1,0.9999197719993674,1
0,0.9999992106359558,0
0,0.9999986337985051,0
0,0.999999859925071,0
1,0.999992991510631,1
0,0.9999816493027984,0
0,0.9999989101355052,0
1,0.9996557454265208,1
0,0.9999960298825069,0
1,0.9999998429466639,1
1,0.9999957152563563,1
1,0.9999991674061024,1
0,0.9999999998701399,0
1,0.9999604747322544,1
0,0.9999904734976529,0
1,0.9999993565771744,1
1,0.9999999804013723,1
0,0.9998837116869866,0
1,0.9999228835176689,1
1,0.9995384324941111,1
0,0.9999984118691159,0
0,0.9999986410685725,0
0,0.9999981384319603,0
1,0.9999911126981855,1
0,0.9997563701292167,0
1,0.9999993385532296,1
1,0.9997087111493256,1
0,0.9999964909657941,0
0,0.9999983161610672,0
1,0.9999906966170636,1
0,0.9999773422566948,0
0,0.9999984439868324,0
0,0.9999623204666535,0
0,0.9999999901200781,0
1,0.9999843297514791,1
0,0.9999947515842602,0
1,0.9999999999479856,1
1,0.9999979249960147,1
1,0.999999942892782,1
0,0.999998040700287,0
1,0.9997318720866023,1
0,0.9998456822447108,0
0,0.9999993878445789,0
1,0.9996058136853868,1
0,0.9999910053193162,0
0,0.9999946169826657,0
0,0.9999995069635355,0
0,0.9998407764770821,0
0,0.9997167757834636,0
0,0.999999293063711,0
0,0.9999714408849233,0
1,0.999999922023253,1
1,0.9999983232676551,1
0,0.9999505853977557,0
0,0.9999934827937887,0
1,0.999998621702881,1
0,0.9998670711119864,0
1,0.9999989108155999,1
0,0.9999881695303141,0
1,0.9999996954035784,1
1,0.999999920616729,1
1,0.9999999877458378,1
0,0.999999212360534,0
1,0.9999999715335391,1
0,0.9999999998203364,0
0,0.9999965823652925,0
0,0.9999972951765774,0
1,0.9999244674678015,1
1,0.999989725180667,1
1,0.9999991496812414,1
1,0.9999899499958442,1
1,0.9999986389958002,1
0,0.9999098657488454,0
0,0.9999238820400519,0
0,0.9999990114532549,0
1,0.9995014238737601,1
0,0.9999977563165043,0
1,0.9999989959286678,1
0,0.9999981660382568,0
1,0.9996668571920467,1
0,0.9999997875041948,0
0,0.999861760341079,0
0,0.9999999043721559,0
0,0.999999854666491,0
0,0.9999625319800336,0
1,0.9999998594078139,1
1,0.9999789392305551,1
0,0.9995527279401752,0
0,0.9999999071331391,0
1,0.9999999970318747,1
1,0.99999744863066,1
0,0.9999981234246402,0
1,0.9999996718106496,1
0,0.9999430835942854,0
0,0.999999524536432,0
0,0.9999985057667055,0
1,0.9998276634425698,1
0,0.9999870980737725,0
1,0.9999648050451122,1
0,0.9999945050483946,0
0,0.9999894945460536,0
1,0.999999887581152,1
0,0.999999999002629,0
0,0.9999997052466355,0
1,0.9999999979626488,1
1,0.9999999986759465,1
0,0.9999945219210075,0
1,0.9999371990059212,1
0,0.9999997965066517,0
1,0.9998809143590989,1
0,0.99989235858011,0
0,0.9997948607178033,0
0,0.9999998390250338,0
0,0.9999999993365063,0
1,0.9999999829786023,1
1,0.999921622858246,1
0,0.9999629499266036,0
1,0.9999309964158053,1
0,0.999986442317004,0
1,0.999999793158436,1
0,0.9999969509522587,0
0,0.99999892176434,0
1,0.9998381783940499,1
0,0.9996915071190827,0
0,0.9999999993881713,0
0,0.9999994106975956,0
1,0.9999953742147709,1
1,0.9999998556121195,1
0,0.999965370863887,0
0,0.9999934798036962,0
1,0.9999994820846985,1
1,0.9999534464314519,1
1,0.999999999995101,1
0,0.9999993985361728,0
0,0.9999984736845452,0
0,0.9999999383675473,0
1,0.9999993732912478,1
1,0.9999999996246538,1
0,0.9999974187440656,0
1,0.9999999888802166,1
0,0.9998901644189214,0
0,0.9999994440014949,0
1,0.9999999998624558,1
0,0.9999758269426388,0
0,0.9999999999960323,0
0,0.999999720072209,0
1,0.9999999848540861,1
0,0.9999966220355557,0
0,0.9999935089358704,0
0,0.9999958252591977,0
0,0.9999872524907483,0
0,0.9999551116872105,0
0,0.9999172446677762,0
1,0.9999984047087401,1
0,0.9999938427734573,0
1,0.9999952420089306,1
1,0.9999982015269175,1
0,0.9998845235050415,0
0,0.9999858981934353,0
0,0.99997515369669,0
0,0.9999992114966821,0
1,0.999999574152972,1
1,0.999998158387915,1
1,0.9999999636407841,1
0,0.9999207415695754,0
1,0.9999999987036583,1
1,0.9999996352279257,1
1,0.9999947337348148,1
0,0.9999999686648228,0
0,0.9999998426631586,0
0,0.9999972150163164,0
1,0.9999908055679485,1
0,0.9999999711982542,0
0,0.9999992554734025,0
0,0.9999992284770733,0
0,0.9999980433591102,0
0,0.9999999738647422,0
0,0.9998810383916544,0
1,0.9996195893679966,1
1,0.9999997121279212,1
0,0.9999996909475419,0
0,0.9999990981056063,0
1,0.9999858529968868,1
0,0.999999999684233,0
0,0.999962061158455,0
1,0.9999999987972699,1
1,0.9999999674612492,1
1,0.9999609891967671,1
0,0.9999999952617635,0
0,0.999995159815224,0
0,0.9999970768278553,0
1,0.999999999470141,1
0,0.9999999990219666,0
0,0.9998916617906236,0
0,0.9999991503410612,0
0,0.9999967303660237,0
0,0.9999777003626942,0
1,0.9999983082916735,1
0,0.9995126736491402,0
0,0.9999890536688997,0
0,0.999998475625232,0
0,0.9999507638649113,0
0,0.9999987584125984,0
0,0.9999999997765687,0
1,0.9999991617493348,1
1,0.9999999823756828,1
0,0.9999973335532223,0
0,0.9999178362254112,0
1,0.9999830910070764,1
1,0.9998998161907553,1
0,0.9999979886229022,0
0,0.9999102731346877,0
1,0.9999766716743724,1
0,0.9999999892525799,0
1,0.9999804072525323,1
0,0.999999119325949,0
0,0.9999997873419412,0
1,0.9999997571874296,1
0,0.9999999866498224,0
0,0.99998026652068,0
1,0.9999999666912982,1
1,0.9999857406821925,1
1,0.9999910893799451,1
1,0.9997566462531499,1
0,0.9999999901013634,0
0,0.9999988209891472,0
1,0.9999999938381641,1
0,1.0,0
0,0.9999998995690307,0
0,0.9999999997030152,0
0,0.999829203724618,0
0,0.999998082827649,0
0,0.9999999982940103,0
1,0.9999999997026452,1
1,0.9996037140407025,1
0,0.9999999643278479,0
0,0.9999999907754534,0
0,0.9999999726818819,0
1,0.9999996794337276,1
1,0.9999400067697639,1
1,0.9999985674678715,1
1,0.9999670227048669,1
0,0.9999578218977813,0
1,0.9999049618118506,1
0,0.9999941183911024,0
0,0.9999971978784282,0
1,0.9999990912527732,1
1,0.999999866006775,1
0,0.9999999958369346,0
0,0.9999999999892412,0
0,0.9999310942965932,0
1,0.9999999999561073,1
0,0.9999884843153177,0
1,0.9999999998678815,1
1,0.9999618496433937,1
0,0.9999996918291851,0
0,0.9999999015802529,0
1,0.9999515251827191,1
1,0.9999999312767297,1
0,0.9999778753503966,0
0,0.9999849386123969,0
0,0.9999995956022792,0
0,0.999999963287048,0
1,0.9999998152260048,1
0,0.9997073479736502,0
1,0.9999334349904565,1
1,0.9999999611666546,1
1,0.9999618623333136,1
1,0.9999978495936708,1
1,0.9999904740267967,1
1,0.9999799125056362,1
0,0.9999862989461664,0
1,0.9995903685821841,1
1,0.9999827301121654,1
1,0.9999949643619531,1
1,0.9999832156813807,1
0,0.9999945609743919,0
1,0.9999968498970275,1
1,0.999989367465375,1
0,0.9999987531350272,0
0,0.9999869160207202,0
0,0.9999999981078577,0
0,0.9999999998844168,0
1,0.9999989435540321,1
0,0.9999999889196705,0
0,0.9999999800864001,0
0,0.9999999561418418,0
0,0.9999999660314828,0
1,0.9999997289365494,1
1,0.9999978739430992,1
0,0.9999855925137171,0
0,0.999999471557083,0
0,0.9999979918485418,0
1,0.9999999990798611,1
0,0.9999276193506088,0
0,0.9999951671733157,0
0,0.9998160485920338,0
1,0.9999998140834633,1
0,0.9999959649269804,0
1,0.9999999998818014,1
1,0.9997549649388793,1
0,0.999997862625553,0
0,0.9999997996484891,0
0,0.9997180064106392,0
0,0.999999988911855,0
0,0.9999927802996459,0
1,0.9999999992131892,1
0,0.9999767357074467,0
1,0.9999542253732575,1
0,0.9990603296045013,0
0,0.9999854683263474,0
0,0.9999999953814345,0
1,0.999998285057931,1
0,0.9999848140314679,0
1,0.9999998910268103,1
1,0.9999992451241887,1
0,0.9998947243619463,0
0,0.9999699982477362,0
0,0.9999877923065232,0
1,0.9999999681830097,1
1,0.9999919291231024,1
0,0.9999999236662468,0
1,0.9999999013132648,1
0,0.9999719821494524,0
0,0.9999945877310912,0
1,0.9998305967072756,1
1,0.9998918453163665,1
1,0.9999947211430075,1
0,0.9998130533438458,0
1,0.999998399498523,1
0,0.9999944847570525,0
1,0.9999601052999856,1
1,0.9999999983589292,1
1,0.9999985137661389,1
1,0.9998789127283505,1
0,0.9999999957033948,0
0,0.9999973156065742,0
0,0.9999985240977739,0
0,0.9999988277936626,0
0,0.9999991874070155,0
1,0.9999997638531803,1
0,0.9999722394501801,0
0,0.9997478718071162,0
1,0.99951740954372,1
1,0.9999142924855493,1
0,0.999999356696165,0
0,0.9998392891708799,0
0,0.9999257335215068,0
0,0.9999888909313632,0
1,0.9999516014453202,1
1,0.9999570545333737,1
1,0.9999984908744044,1
1,0.9998478822601273,1
1,0.9999970229067043,1
1,0.9999999913819088,1
1,0.9998917956004049,1
1,0.9999999921384107,1
1,0.9998756981908146,1
1,0.9999998008531997,1
0,0.9999999876753654,0
0,0.9999976758186058,0
1,0.9995149914277027,1
1,0.9998631816636948,1
0,0.9998833342714729,0
0,0.9999999996020991,0
0,0.9999997240229096,0
0,0.9999999171447838,0
1,0.9999244654095327,1
1,0.9999246190409183,1
0,0.9998985427264698,0
1,0.9999762136395599,1
1,0.9999918106719614,1
0,0.9999968589023278,0
1,0.9999996086222835,1
1,0.9999996712662856,1
0,0.9999999657218873,0
0,0.9999998341788242,0
1,0.999999945523741,1
0,0.9998158684789952,0
0,0.9999868541548613,0
0,0.999999613119908,0
0,0.9999926850535134,0
0,0.999998975353798,0
1,0.9997987391427168,1
1,0.9999428118375823,1
0,0.9998246004125134,0
0,0.9999990299637188,0
0,0.999995849526487,0
0,0.9999926794725307,0
1,0.9999999527044425,1
1,0.99992933124938,1
0,0.9999983399112693,0
1,0.9999999987887063,1
1,0.9999999998162477,1
1,0.9999997268499494,1
1,0.9999999999202029,1
0,0.9999999448721443,0
0,0.9999336542488061,0
0,0.9999999176951356,0
0,0.9999858282587932,0
0,0.9999787100250506,0
1,0.9993859411887667,1
0,0.999827559706887,0
1,0.9999914770428129,1
1,0.9999856424885907,1
0,0.9999742578843541,0
0,0.999999952099232,0
1,0.9997061865764498,1
0,0.9995623139803598,0
0,0.9999971004236367,0
1,0.999193201418644,1
0,0.9999949900341554,0
1,0.9999999995857329,1
1,0.9999999769346669,1
1,0.9999999999873612,1
0,0.9999981431726099,0
0,0.9999999685007528,0
0,0.9999961458029245,0
0,0.9999999144694057,0
1,0.9999998492218541,1
1,0.9996519995332174,1
0,0.9999999500124266,0
0,0.9999893679771201,0
0,0.9999988674462597,0
1,0.9999999738552252,1
1,0.9999999998642275,1
1,0.9998651124560944,1
0,0.9993053311171453,0
0,0.9999857056117002,0
0,0.9998227811589705,0
1,0.999690661375226,1
1,0.9999946367026017,1
1,0.9999992792318629,1
0,0.9999995664475507,0
0,0.999999605668008,0
0,0.9999999565139277,0
0,0.9998515271406884,0
0,0.9999920491263097,0
1,0.9999978201400208,1
1,0.9999999876333597,1
1,0.9999970417814895,1
0,0.9999854549613141,0
0,0.9999856662726284,0
1,0.9999821241206726,1
0,0.9999998460990458,0
1,0.9999994048302562,1
0,0.9999998162937802,0
0,0.9999412636028228,0
1,0.9999968980972136,1
0,0.9999716537651657,0
1,0.9999999177000279,1
1,0.9999151018555105,1
1,0.9999990244615515,1
0,0.9999999851374104,0
0,0.9996743825957114,0
0,0.99962295948685,0
1,0.9998816855079966,1
1,0.9999999999519127,1
1,0.9999438337026356,1
0,0.9999999825093139,0
0,0.9997837431498462,0
1,0.9999998812652647,1
0,0.9999810247826343,0
1,0.9999998761336777,1
0,0.9999979930294728,0
1,0.9999996521199004,1
0,0.9999848961898739,0
1,0.9999997305251112,1
0,0.9999976948846018,0
1,0.999979382313954,1
0,0.9999927838540844,0
0,0.9999998664681804,0
0,0.9999986222912258,0
1,0.9999441155685104,1
1,0.9999994010336156,1
1,0.999999301912397,1
0,0.9999995137005859,0
0,0.9999861723495719,0
0,0.9999996743887233,0
1,0.9999999313568264,1
1,0.9999907956754178,1
1,0.999880456234277,1
0,0.9999999999386308,0
1,0.9999999702694884,1
1,0.9999930343487599,1
1,0.9999983384297634,1
0,0.9999976054073756,0
0,0.9999361004158266,0
1,0.9999306223699009,1
0,0.9999834100783818,0
0,0.9999974137811181,0
0,0.9999102526302937,0
0,0.9999518869768569,0
1,0.9999547927541087,1
1,0.9999486164692338,1
0,0.9999957935245922,0
0,0.9999999951370858,0
0,0.9996953576318386,0
0,0.9999149074719405,0
0,0.9999988909853602,0
0,0.9999992897085621,0
1,0.9999999940312687,1
1,0.9999999893856523,1
1,0.9999999541458916,1
1,0.9998173351491332,1
0,0.9999994198157734,0
0,0.9999998138970382,0
1,0.9999835234447371,1
1,0.9998991654358037,1
1,0.9995800384357061,1
0,0.999994759862869,0
1,0.9999680380289014,1
1,0.999999987600296,1
0,0.9996593777084912,0
0,0.9999981509113999,0
0,0.9999999121593077,0
0,0.9999832691538744,0
1,0.9997676686644043,1
0,0.9999915239852346,0
1,0.999793173803389,1
0,0.9999907843151177,0
0,0.9997781609151494,0
0,0.9999237551671121,0
1,0.9999870786531315,1
0,0.9999996954258448,0
1,0.999999990791442,1
1,0.9999141580843053,1
0,0.9999988451804676,0
0,0.9998866600140963,0
1,0.9999424381433439,1
0,0.9999985364511851,0
1,0.9998068005390801,1
0,0.9999557132863411,0
0,0.999888199398372,0
0,0.9998975584914257,0
0,0.9999444068757856,0
0,0.9998498599311184,0
1,0.9999982600269234,1
1,0.999999999951424,1
1,0.999996430391579,1
1,0.9999999778312665,1
0,0.9999968572550126,0
0,0.9998142127235495,0
1,0.9999989496630187,1
1,0.9999997892279275,1
0,0.9999999999582304,0
0,0.9999999931945376,0
0,0.9999880152709718,0
0,0.9999993738873263,0
0,0.9999747033045515,0
0,0.9999952324280098,0
1,0.9997723583308946,1
1,0.9999615096698536,1
1,0.999999996524052,1
1,0.9996362713405486,1
0,0.9999955068638057,0
0,0.9998786545808463,0
0,0.9999999515659667,0
0,0.9996251530555822,0
0,0.9999994710517163,0
0,0.9999932980391041,0
1,0.9999999190639174,1
1,0.9998740285569844,1
0,0.9999030419497057,0
1,0.9996331157874211,1
0,0.9999999911167128,0
0,0.999820593551822,0
0,0.9999990602711728,0
1,0.9999922198979692,1
0,0.9999980371978991,0
1,0.9999980678285539,1
0,0.999979513493403,0
0,0.9999999885181644,0
1,0.999948802216227,1
1,0.9999799545836039,1
0,0.9998972909670771,0
1,0.9999827882239425,1
0,0.9999886736040675,0
1,0.9999999827933747,1
1,0.9997725510213863,1
0,0.9999955791454225,0
1,0.9999999998230686,1
1,0.999984332861659,1
0,0.9999984000332621,0
1,0.9997553624802012,1
1,0.9999632741680197,1
0,0.9999843476007128,0
1,0.9999996444390916,1
0,0.9999868489065021,0
0,0.9999942685500466,0
1,0.9999971705527866,1
1,0.9999985918943423,1
1,0.9999748766891954,1
1,0.9999991944851119,1
0,0.9997999318762757,0
0,0.9999997603540297,0
1,0.9998436123009352,1
0,0.9999921327269579,0
1,0.9999973048476293,1
0,0.9999987924136235,0
0,0.999997899375701,0
0,0.9999998311939547,0
0,0.9997807347387357,0
1,0.9999251287650861,1
0,0.999998351057679,0
1,0.9999999958260324,1
1,0.999996409223473,1
0,0.9999998893677563,0
1,0.999995886777131,1
0,0.9999361391336696,0
1,0.9999954190220233,1
1,0.9999996561619476,1
1,0.9999689497414201,1
0,0.9999653911229607,0
0,0.9999035767491624,0
1,0.9999999347239406,1
0,0.9999999783978748,0
1,0.9996195329459453,1
0,0.9999999788552892,0
0,0.9997847702244275,0
1,0.9999959981459426,1
1,0.9999984445913367,1
1,0.9999261905668375,1
0,0.999897680956441,0
1,0.9999999949967944,1
0,0.9999957998619148,0
0,0.9999996828049346,0
0,0.9999999183205376,0
1,0.9999999961110742,1
1,0.9999999893343915,1
1,0.9999599239312649,1
0,0.9999999998957124,0
1,0.9999988298625456,1
1,0.9999999996400266,1
1,0.9995863467041644,1
0,0.9999999038394947,0
1,0.9999944709020856,1
0,0.9999997836502867,0
1,0.9999990126165877,1
0,0.9999873921003337,0
1,0.9999999032997962,1
0,0.9998783669835769,0
0,0.9998616655549244,0
1,0.9996063436671405,1
0,0.9999998497063203,0
0,0.9999998492917896,0
1,0.9999999998482814,1
1,0.9999942135107374,1
0,0.9999994087923453,0
0,0.9999719672764656,0
0,0.9999998970020721,0
1,0.9999740793134693,1
1,0.9999999999994984,1
1,0.9999767118243224,1
1,0.9999914278702474,1
1,0.9999845844851029,1
0,0.9999871310982286,0
0,0.9999770427724367,0
0,0.9999987675418579,0
1,0.9999918510525289,1
1,0.9999257867394714,1
1,0.999924055807867,1
1,0.9999979172080053,1
0,0.9999999956698469,0
1,0.9999669819691173,1
1,0.9999481503789894,1
1,0.9999949115920216,1
1,0.9999999746560377,1
0,0.9999999895523161,0
0,0.9999997086024975,0
0,0.9999598506613459,0
0,0.9999999766235803,0
1,0.999999999067128,1
1,0.9999989689595862,1
0,0.9999978668629552,0
0,0.9999954734474626,0
0,0.9999995503349313,0
0,0.999999824564801,0
0,0.9999978200755371,0
1,0.9999291569334688,1
1,0.9999225392901043,1
0,0.9999999972730864,0
1,0.9999985346540096,1
0,1.0,0
1,0.9999999318621868,1
0,0.9999811201313547,0
1,0.999996440861373,1
1,0.9999841039503968,1
1,0.9999475237041927,1
1,0.9999855925243848,1
1,0.9998453344252035,1
1,0.9999972497591919,1
0,0.9999994089020712,0
0,0.9999548398859247,0
0,0.9999919153643224,0
1,0.9999999991040436,1
1,0.9999550611586634,1
0,0.9999877443644432,0
0,0.9999995824017688,0
0,0.9999999782505411,0
0,0.9999975674786802,0
0,0.9999999583903693,0
1,0.9999979434645195,1
0,0.9998907703452027,0
0,0.9999962645449275,0
1,0.999999982089958,1
1,0.9999999793595509,1
0,0.99999909530905,0
0,0.9995594607687074,0
0,0.9999984116149876,0
0,0.999995075508919,0
0,0.9999631564449605,0
1,0.9999995467794716,1
0,0.9999974546689079,0
0,0.9999877778139287,0
1,0.9999892286843493,1
0,0.9999999917055924,0
1,0.9999980806899291,1
1,0.9999964699803953,1
0,0.999965128368764,0
1,0.9999516572399446,1
0,0.9999969121425778,0
1,0.9999999478311169,1
1,0.9999998555059086,1
0,0.9999967007209762,0
0,0.9999918483014535,0
0,0.9999336915036164,0
1,0.9999973419882477,1
1,0.9999999999941234,1
1,0.9999997860600034,1
0,0.9999999103211172,0
0,0.999999982477205,0
0,0.9999999979343354,0
1,0.9999986103856918,1
0,0.9999981273259668,0
0,0.9999997832122334,0
1,0.9999578041556156,1
1,0.9999999792304053,1
1,0.9999995093722549,1
1,0.9999833938784681,1
1,0.999998760456197,1
1,0.9999734344553491,1
0,0.9999473878554849,0
1,0.9999999995622924,1
0,0.9996135398061535,0
0,0.999993915729645,0
0,0.9995283811473203,0
0,0.9999960892785781,0
1,0.999779619152677,1
0,0.9998887694886546,0
0,0.9999997109426185,0
1,0.9999999625689703,1
0,0.9999751677709109,0
1,0.9999999994885085,1
1,0.9999787695100311,1
0,0.9999999962034578,0
1,0.9999409941841141,1
0,0.9999953655074939,0
0,0.9999999512775102,0
0,0.9999997528527481,0
0,0.9999924303407508,0
0,0.9999991762685772,0
1,0.9993163450393222,1
1,0.9999984846286274,1
1,0.9999986046436061,1
1,0.9999999938303983,1
0,0.9999997113865524,0
0,0.9998330292014953,0
0,0.9999911357900173,0
1,0.9999994936229177,1
1,0.9999999991110211,1
1,0.9999999980072656,1
0,0.999761658695833,0
1,0.9999851059921185,1
0,0.999999886180447,0
1,0.9999948706821202,1
1,0.9999996726977095,1
1,0.9999997335028614,1
0,0.9999096754859735,0
0,0.9996607139193009,0
1,0.9999712600641641,1
1,0.9998407550627263,1
0,0.9999241683192026,0
1,0.9999999998521927,1
1,0.9999999851795425,1
0,0.9998993654870622,0
1,0.9999999950448677,1
0,0.9999803886575396,0
1,0.9999318824256574,1
0,0.9999988445763661,0
0,0.9998420245559202,0
0,0.9997921777793528,0
0,0.9999930696833967,0
0,0.9999912557275857,0
0,0.9999977759984908,0
1,0.9999989034678811,1
0,0.9999834606777256,0
1,0.9999053394520708,1
0,0.9999999292981613,0
1,0.9999890760845764,1
0,0.9999970113974456,0
0,0.999997318242589,0
1,0.9999822529947187,1
0,0.9997619261850305,0
0,0.9999965924715899,0
1,0.9999987455097897,1
1,0.9999523558819359,1
1,0.9999994980991717,1
0,0.9999948826009487,0
1,0.9999995999228375,1
0,0.9999989926709022,0
1,0.9999999183256945,1
1,0.9999999123830193,1
0,0.9999999587219495,0
1,0.9999999999682156,1
1,0.9999993438056218,1
1,0.9999999966747892,1
0,0.9999845971421901,0
1,0.999999753151375,1
0,0.9999194742936882,0
0,0.9999995885917741,0
0,0.9999999960922547,0
1,0.9999996086222835,1
1,0.9998541445379198,1
0,0.9999988875923446,0
1,0.999999803161952,1
0,0.9998063527187421,0
1,0.9999906625110274,1
0,0.999999998386398,0
1,0.9999999999053593,1
1,0.999993845399746,1
0,0.999987427651366,0
0,0.9999919764591445,0
1,0.999965741271378,1
1,0.999999935973214,1
0,0.9999970007532706,0
0,0.9999657489269846,0
0,0.9999987515614001,0
1,0.9995739873510857,1
1,0.9999454407524198,1
0,0.999989931589401,0
0,0.9999435244315258,0
0,0.9999988736578745,0
1,0.9999993168618654,1
0,0.9999980239627859,0
0,0.9994260389248986,0
0,0.9999960401894938,0
1,0.9999925945215884,1
1,0.999999662974426,1
0,0.9999962942759117,0
0,0.9999999265845052,0
1,0.9999974959381557,1
0,0.9999996544284281,0
0,0.9999999871211545,0
1,0.9999794298579044,1
1,0.9999991673773887,1
1,0.9999817494343363,1
1,0.9999917324644427,1
0,0.9999926824189903,0
1,0.9999826481600229,1
1,0.999978379016664,1
0,0.9999417444109077,0
1,0.999999993641886,1
0,0.9999099827689651,0
1,0.9999999996342699,1
1,0.9999937354395169,1
1,0.9999946115905779,1
1,0.9999992838660076,1
1,0.9999919412875513,1
1,0.9999581079910722,1
1,0.9999999992267448,1
1,0.9998916376790052,1
1,0.9998589786449755,1
1,0.9999999564329859,1
1,0.9999999970496658,1
1,0.9999999999891644,1
1,0.9997015020434855,1
1,0.9999998977261075,1
0,0.9999987195474238,0
1,0.9999999524306977,1
0,0.9999999992006063,0
1,0.9999056782332424,1
1,0.9999995446313539,1
1,0.9999966609676939,1
0,0.9998829640685271,0
1,0.9999999999629468,1
0,0.9999554563338389,0
0,0.9999998006562483,0
1,0.9999999835079283,1
0,0.9999919742350617,0
1,0.9999878564760387,1
0,0.9998332204095232,0
1,0.9999905586090714,1
0,0.9999427688394471,0
1,0.9999999999996196,1
0,0.9999978922766849,0
1,0.999844215049334,1
1,0.999992229060443,1
1,0.9999998153168715,1
1,0.9998956572255218,1
1,0.9999999573802107,1
1,0.9999998953716952,1
1,0.9999999994912057,1
0,0.9999999962575942,0
0,0.9999776617296194,0
1,0.9999999709393519,1
0,0.9999992582665729,0
0,0.9999998686619928,0
1,0.9999975747818233,1
0,0.9997590400223683,0
0,0.9996295665816566,0
1,0.999999999934509,1
0,0.9999968672710688,0
0,0.999799218711632,0
1,0.9999624354972253,1
0,0.9999984469516576,0
1,0.9999999846911563,1
0,0.9999998136233661,0
1,0.9999999999162117,1
1,0.9999996374651503,1
0,0.9999999804064131,0
0,0.9999997404285109,0
1,0.9999996405336631,1
1,0.9999990584812343,1
1,0.9999961854228867,1
1,0.999994963224629,1
0,0.9997565252296675,0
0,0.9999990940567385,0
1,0.999932603314967,1
0,0.9998976272268861,0
0,0.9997003404239149,0
0,0.9999999981082693,0
0,0.999960935830677,0
0,0.9997835369332511,0
0,0.999967203634174,0
0,0.9999996620967592,0
0,0.9999774834200105,0
0,0.9997578560004381,0
1,0.9999999872000568,1
0,0.9999992160393119,0
0,0.9999991934186484,0
0,0.9990398349647042,0
0,0.9997092335899522,0
0,0.9999968870041845,0
0,0.9997934953317629,0
1,0.9999998201849095,1
0,0.9999598458046294,0
0,0.9999128041203715,0
1,0.999997840284441,1
1,0.999525754851646,1
1,0.9999999934927235,1
1,0.9999999935037853,1
0,0.9999962309090834,0
0,0.9999998338675324,0
0,0.9999916014251569,0
1,0.9999996897758724,1
1,0.9997997009657749,1
1,0.9999999555320591,1
1,0.9998060822786229,1
1,0.999766993795985,1
1,0.9999585820402683,1
1,0.9999848330270952,1
0,0.9999999931006929,0
0,0.9997716725296926,0
0,0.9999999528662048,0
1,0.9999999120479204,1
1,0.9999999854286703,1
1,0.9999839737078583,1
1,0.9992252515493716,1
1,0.9999817494413158,1
0,0.9999994794695538,0
0,0.9997182381058165,0
1,0.9999999993469291,1
0,0.9999544090536808,0
1,0.9999984455021356,1
0,0.9999410387321116,0
0,0.9997139999635357,0
1,0.9999998861521303,1
0,0.9999993168602381,0
1,0.9999985893119204,1
0,0.9999999756001426,0
0,0.9998731028944273,0
1,0.9999949527377423,1
0,0.9996745235030686,0
1,0.9999999972056703,1
0,0.9999985775116919,0
0,0.9999999999795761,0
1,0.9999999994671032,1
1,0.9997638597677583,1
1,0.9998428403493383,1
0,0.999981978103785,0
1,0.9999990810873718,1
1,0.9999999991713517,1
0,0.9999985170248016,0
0,0.9999999999786733,0
1,0.9999997958307768,1
0,0.9998527160641729,0
0,0.9999958985558165,0
0,0.9999974014543692,0
0,0.9999994711995083,0
0,0.9998350638701158,0
0,0.9999999995334141,0
1,0.9999998433844798,1
0,0.9999984278867694,0
0,0.9999999784522564,0
0,0.999999879557807,0
1,0.9995948205458886,1
1,0.9999769263535296,1
0,0.9999999608831388,0
0,0.9999511529015367,0
1,0.9999883085478948,1
1,0.9999999069163084,1
0,0.9999895505795395,0
1,0.9999937806678584,1
1,0.9998804123170293,1
0,0.9999950777921179,0
0,0.9999466478100586,0
0,0.9998929003191176,0
1,0.9999999977840865,1
1,0.9999322404309883,1
1,0.9999996405282305,1
1,0.9999999139990204,1
0,0.999893612477577,0
0,0.9999829127256299,0
1,0.9999999891637649,1
1,0.9999981255673324,1
0,0.9999026297051413,0
1,0.9991760745902517,1
1,0.9999800074402334,1
1,0.999989158298688,1
1,0.9999985037538232,1
0,0.9999469827054385,0
1,0.9998763445549339,1
1,0.9999998341338818,1
1,0.9999999904008748,1
1,0.9999942067626928,1
1,0.9999992302207207,1
1,0.9999992133478655,1
0,0.9999941420785011,0
0,0.9999942017149539,0
1,0.9999999998226476,1
1,0.9999999994533204,1
1,0.9999775248110554,1
1,0.99897920301565,1
0,0.9999999084827752,0
1,0.999996408820043,1
0,0.9999995703128034,0
0,0.999997756924023,0
1,0.9999564394136048,1
1,0.9999999999335076,1
0,0.9989638863529041,0
1,0.9998438508996642,1
1,0.9999993888427114,1
0,0.9999977934260589,0
1,0.9996219263271694,1
0,0.9998893499398852,0
1,0.9999943570157537,1
1,0.9999997812819631,1
0,0.9999403793180272,0
1,0.9995480531948702,1
1,0.9999999999803519,1
1,0.9999719108334818,1
1,0.9999996631552965,1
1,0.9999222355954303,1
1,0.9999302632088433,1
1,0.9973559377659027,1
0,0.9999999446263349,0
1,0.9999933842611788,1
0,0.9995181487021524,0
1,0.9999999988120247,1
0,0.9999997687318722,0
1,0.9999972712672118,1
0,0.9999534962538509,0
0,0.9997206998184368,0
1,0.9998504397855212,1
1,0.9999999934746973,1
0,0.9999999950383057,0
0,0.9999995266551349,0
0,0.9994556234912529,0
0,0.9999999983351819,0
0,0.9999889090774031,0
1,0.9999999893055534,1
1,0.9998868282576465,1
1,0.9999998944712032,1
0,0.9998518903261205,0
0,0.9999999864782848,0
0,0.9999990972269903,0
0,0.9999999734507001,0
1,0.9999999599643774,1
0,0.999999994254486,0
1,0.9999813184849491,1
1,0.9999996785984591,1
1,0.9999329818312054,1
1,0.9999997947058743,1
1,0.9999573876163262,1
1,0.9999995679127687,1
0,0.99999982152234,0
0,0.9999999181278475,0
1,0.9999230340000698,1
1,0.9999988494360132,1
0,0.9998912882566078,0
1,0.999999390673332,1
1,0.9999655996947124,1
1,0.9999527421343566,1
0,0.999884567100732,0
0,0.9999917800675782,0
1,0.9999983301705809,1
0,0.999999981495568,0
0,0.999966299485046,0
0,0.9999905011907673,0
1,0.9999993854975159,1
0,0.9999999549853715,0
0,0.9999564023698578,0
1,0.9999995331007316,1
1,0.9999996623464625,1
0,0.9997194644757443,0
1,0.9999999844760195,1
0,0.9997817429968157,0
1,0.9999953980172587,1
1,0.9999999924057753,1
0,0.9999997642379918,0
0,0.9999387203519546,0
0,0.9999972445888924,0
0,0.9999998381540423,0
1,0.9999999999966975,1
0,0.9999296783647053,0
1,0.9999460030996137,1
0,0.9999610346753443,0
0,0.9999966459395474,0
0,0.9999997645304161,0
0,0.9999998011137388,0
0,0.9999999850629205,0
0,0.9999972584121801,0
0,0.9999711915553294,0
0,0.9998501359462296,0
0,0.9999988202531127,0
1,0.9999994745324049,1
1,0.9998177430539359,1
0,0.9999999232983711,0
1,0.9989937238966585,1
0,0.9997749564524029,0
1,0.9999974034982636,1
1,0.999969704535669,1
1,0.999870395199915,1
1,0.9999989795232322,1
1,0.9999999927436611,1
0,0.9999401000367436,0
0,0.9999995309181378,0
1,0.9999995547434384,1
1,0.9999999999887839,1
0,0.9999805166945631,0
1,0.9999253315684634,1
0,0.9999735757376755,0
0,0.9999174052090345,0
1,0.9996783650255963,1
1,0.9999664967047001,1
0,0.9999999313141772,0
0,0.9999999683773433,0
0,0.9999991245514742,0
0,0.9999999997946363,0
1,0.9999997654680471,1
0,0.9999998786373068,0
0,0.9999999261856237,0
1,0.9999420923492677,1
1,0.9999999998388529,1
1,0.9997271033413258,1
0,0.999999629766726,0
1,0.9999994377280801,1
0,0.9999958462571013,0
1,0.9999186588014375,1
0,0.9999440090491145,0
1,0.9998131895288553,1
1,0.9999999452635805,1
0,0.9999999132656107,0
1,0.9999998439716614,1
0,0.9999999590161041,0
0,0.9999992656198251,0
1,0.9999726816365636,1
0,0.9999965354951791,0
1,0.9999856919657898,1
1,0.9999999919526218,1
0,0.9999998964732798,0
1,0.999999972248525,1
1,0.9999994650238071,1
1,0.9999995310000372,1
1,0.9999999954810546,1
1,0.9999999999963998,1
1,0.9999869240189766,1
0,0.9997564847037721,0
1,0.9999237192997419,1
0,0.9999999999737115,0
1,0.9999480259477086,1
1,0.9999983043016379,1
0,0.9999993292584616,0
0,0.9991101208188984,0
0,0.9999033383995581,0
1,0.9995985683477088,1
1,0.9999948439934938,1
0,0.9999979442472247,0
1,0.99999398000693,1
0,0.9999970295794188,0
1,0.9999999792866221,1
1,0.9999995825931228,1
0,0.9999908797063831,0
1,0.9999998010419059,1
1,0.9998652026129325,1
1,0.9999728452833144,1
0,0.9999998137230864,0
0,0.9999303199773585,0
0,0.9999699500695113,0
0,0.9999961564306895,0
0,0.9998072784105403,0
0,0.9999989279640656,0
1,0.9999882443927657,1
0,0.9999964538936661,0
1,0.99984656512586,1
1,0.9998598708365267,1
1,0.9999998472723268,1
1,0.999994548998681,1
0,0.9999995293918428,0
0,0.9999433910683778,0
1,0.9999734266552821,1
1,0.9999964486307934,1
0,0.9997383034195864,0
0,0.9999996078843979,0
0,0.9999998633803999,0
0,0.9999821306355197,0
0,0.9996522325473984,0
0,0.9999999571418704,0
0,0.9999831574196945,0
0,0.9999999308412375,0
1,0.9999999816609576,1
0,0.999999262004778,0
1,0.9999983014737333,1
1,0.9999999911455167,1
1,0.9999782562285967,1
1,0.999999641785662,1
0,0.9991697175835655,0
1,0.9997245509498544,1
0,0.9996691938208768,0
0,0.9998819012855769,0
1,0.9999957702160379,1
0,0.9996629003550402,0
0,0.9999846595231364,0
0,0.9999978664006197,0
0,0.9996387349561383,0
1,0.9998577404867173,1
1,0.9999948214148473,1
0,0.9999627626208003,0
0,0.9999966337724844,0
1,0.999998903996153,1
1,0.9999999934227952,1
0,0.9999999820596996,0
1,0.9998756324194007,1
1,0.9999974589791485,1
0,0.9999999892356884,0
0,0.9999999952333182,0
1,0.9999999999946474,1
1,0.9999820270119247,1
0,0.9997123039267691,0
0,0.9998481278697456,0
0,0.9999988345981924,0
0,0.9999994490913557,0
1,0.999982600731331,1
0,0.9999958238677772,0
1,0.9999993928628805,1
0,0.999985323788204,0
0,0.9999951977573177,0
1,0.9999999998566942,1
1,0.9998873302298846,1
0,0.9999385983910842,0
0,0.9999690845182126,0
0,0.9999996662892997,0
1,0.9999767193411123,1
1,0.9999901711043239,1
0,0.9999887899986674,0
1,0.9999999578434542,1
1,0.999964325414539,1
0,0.9999406286112092,0
0,0.9999504475480349,0
1,0.9999999994232822,1
0,0.9999987852357082,0
1,0.9999139346915448,1
0,0.9999998172235367,0
1,0.9999999979450243,1
0,0.9999995733928182,0
0,0.9989170509146404,0
1,0.9999802977404969,1
0,0.9999998929281811,0
1,0.9999998328844653,1
0,0.9999995199930828,0
0,0.9999256572420013,0
1,0.9999861462342777,1
1,0.9991485175569591,1
1,0.9998730837705173,1
0,0.9999950842749704,0
1,0.9999999801814918,1
0,0.9999375660671577,0
1,0.9999993896054649,1
0,0.9999999991367666,0
1,0.999568149366818,1
0,0.9999999880696356,0
0,0.999969823950984,0
0,0.9999994810258048,0
1,0.9999999937220381,1
1,0.9999534578769389,1
1,0.9999995150726002,1
1,0.9999955721289091,1
1,0.9999951528212465,1
1,0.99943604359031,1
1,0.9999922329545293,1
0,0.9999742799816449,0
0,0.9999508268083198,0
0,0.999753777549319,0
1,0.9999666227461393,1
1,0.9999487333514218,1
0,0.9999871056460582,0
0,0.9999908409263999,0
0,0.9999993426140324,0
0,0.9998796762971067,0
0,0.9996646931688723,0
0,0.9999697147600684,0
1,0.9999763887930704,1
1,0.9999509340582586,1
1,0.999468457331553,1
1,0.9999998744281968,1
1,0.9997463955643628,1
0,0.9999947220257194,0
1,0.999999670697565,1
0,0.9998803258054155,0
0,0.9999993433576276,0
0,0.9999416622272808,0
0,0.9999916598311788,0
1,0.9999999907969149,1
1,0.999999497155366,1
1,0.9999988570287136,1
1,0.999836263081783,1
1,0.9998084446150283,1
0,0.999529061656823,0
1,0.9999924132399628,1
0,0.9998913065929049,0
0,0.9999042039501621,0
0,0.9999987590362108,0
0,0.9998967774517462,0
0,0.9999997480500082,0
0,1.0,0
0,0.9999999889246098,0
0,0.9999988841032157,0
1,0.9999999786704388,1
1,0.9999999961794805,1
0,0.9999800385390967,0
0,0.9999999182870398,0
1,0.9998776378675303,1
0,0.9997135063158302,0
1,0.9999999999999385,1
0,0.9999918536726424,0
1,0.9999546666506416,1
0,0.9999719715660779,0
1,0.9999929694500055,1
0,0.999997426895917,0
1,0.9998919152747984,1
0,0.9999667454931813,0
1,0.9999998789973836,1
1,0.9999937897246342,1
1,0.9999973218640827,1
0,0.9999999409548854,0
0,0.998733220529746,0
0,0.9999997487801554,0
0,0.9999674655162508,0
1,0.9999647938209504,1
1,0.9999731826820009,1
1,0.9999999923520927,1
1,0.9999933567748085,1
0,0.9999999038670484,0
0,0.9999978190245953,0
1,0.9999999591199572,1
0,0.9999410346380102,0
0,0.9999621758888575,0
0,0.9999228821497097,0
0,0.9999848051090122,0
0,0.9999960315221186,0
0,0.9999336121718714,0
0,0.9999999980110182,0
1,0.9999999444054923,1
0,0.9999990269697736,0
0,0.9999994995737053,0
0,0.9999997634294069,0
1,0.9999742285495127,1
0,0.9999997589282976,0
1,0.9999771826877658,1
1,0.9999853895548115,1
0,0.9999989894702611,0
0,0.9998815265707514,0
1,0.9997682449939379,1
0,0.9999928290575218,0
1,0.9999999982251706,1
1,0.9999896000802178,1
0,0.9999976949029947,0
0,0.9995817120948547,0
0,0.9999911774955446,0
1,0.9999994912132244,1
0,0.9996833612920012,0
1,0.9999996274516545,1
1,0.9999988280486894,1
0,0.9999982078142219,0
0,0.9998757856922721,0
0,0.9999903803973553,0
0,0.9999808003138446,0
1,0.9999999587954965,1
0,0.9997571636955818,0
1,0.9999953189128519,1
1,0.9999459261836846,1
1,0.9999999999906612,1
1,0.9999689000960339,1
1,0.999977395117447,1
0,0.9999999536248392,0
0,0.9999999030290379,0
0,0.9999393487532695,0
1,0.9999999981849925,1
1,0.9999999997215325,1
1,0.9999995888984479,1
0,0.9998576255623177,0
1,0.9995933170125607,1
0,0.9999936403503884,0
1,0.9999951372758622,1
0,0.9998007429068051,0
1,0.999999839800849,1
0,0.999999536475803,0
0,0.9999964667766241,0
1,0.9999955025332473,1
0,0.999990018094064,0
1,0.999999936625531,1
1,0.9999275438772511,1
0,0.9999920951839729,0
0,0.999919678599175,0
1,0.9999998995784017,1
0,0.9994751363113924,0
0,0.9999885383208692,0
0,0.9999999958621114,0
0,0.9999997640292784,0
1,0.9999988063176029,1
0,0.9998337645322265,0
0,0.99998922237262,0
1,0.999986433308037,1
0,0.9999694907787062,0
0,0.9999999979450792,0
0,0.9997451477339512,0
1,0.9999945562005425,1
0,0.9999318053999053,0
0,0.9999945032999481,0
1,0.9999983895701063,1
0,0.9999999999566817,0
1,0.9997307771535322,1
0,0.9999971791520271,0
1,0.9999201049613581,1
0,0.9999998580047782,0
1,0.9999947793802991,1
0,0.9999993563700029,0
1,0.9999758024030829,1
1,0.9999931930829723,1
0,0.9999998241265469,0
0,0.9999784174955039,0
1,0.9999999920618373,1
0,0.9999993913981239,0
1,0.9999933682839846,1
0,0.9995385676276062,0
0,0.9999870850865132,0
0,0.9999453558726508,0
1,0.9999939987831116,1
1,0.9999999851393828,1
0,0.9999668937605618,0
0,0.9999816575316852,0
0,0.9994876181073437,0
1,0.9999999982228394,1
0,0.9998547543265628,0
1,0.9999989262567338,1
1,0.9999868529461697,1
0,0.9999998496744323,0
0,0.9999999999760033,0
0,0.9999970820902258,0
1,0.9999906849515764,1
1,0.9999091734411136,1
1,0.9997952704618531,1
1,0.9998544227769873,1
1,0.9999107666319439,1
1,0.9999800350083038,1
1,0.9996084969102825,1
1,0.9997524103898918,1
1,0.999995949689142,1
0,0.9999998946230697,0
1,0.9999961726420039,1
1,0.9998624891003951,1
0,0.9998731026188753,0
1,0.9999926574942418,1
1,0.9998744106346988,1
1,0.999999076895706,1
1,0.9998416336270395,1
1,0.9999999889454007,1
0,0.9999162684062163,0
0,0.9998405441399882,0
0,0.9999999999590707,0
0,0.9999990976883713,0
0,0.9999998002827969,0
1,0.9999546490947935,1
0,0.9999712831901254,0
1,0.9999999957443679,1
1,0.999996553224896,1
0,0.9998690098263734,0
0,0.9999999947500829,0
0,0.999995165335539,0
1,0.9999997983600859,1
0,0.999999841055979,0
1,0.9999997089072005,1
0,0.9999999998919697,0
0,0.9999999999997384,0
1,0.9998831013467282,1
0,0.9999983846073404,0
0,0.9999999756644912,0
0,0.9997327239978476,0
0,0.9993411658825901,0
0,0.9999999675411014,0
0,0.999999995917445,0
1,0.9999941885115952,1
1,0.9999700480554489,1
1,0.9999984379551051,1
0,0.9999026945372806,0
1,0.9999999353361144,1
1,0.9999350938296455,1
1,0.9999973429431458,1
1,0.9998504369569142,1
0,0.9999998656925286,0
1,0.9999925550918322,1
1,0.9999999999001734,1
0,0.9999953960704451,0
1,0.9999995260230876,1
0,0.9999938785991813,0
0,0.9999979358705521,0
1,0.9999999853402908,1
1,0.9999993909289967,1
1,0.9999670605412897,1
0,0.9999999617532486,0
0,0.9999997742713744,0
0,0.9998672629928299,0
1,0.998840660885051,1
0,0.9999497048585626,0
0,0.9999964115645282,0
1,0.9997896020355578,1
1,0.9997215290963295,1
0,0.9999999874587343,0
1,0.9999999999967888,1
1,0.9999107816386451,1
0,0.9997837112476865,0
0,0.9999999998227503,0
0,0.9994773362597168,0
0,0.9999999550777072,0
0,0.9999999884194258,0
0,0.9999576150871478,0
1,0.9999942682846418,1
0,0.9999983183057928,0
0,0.9999675180498434,0
0,0.9998045812916422,0
0,0.9997579901853006,0
0,0.9997801194256939,0
1,0.9999257149653037,1
0,0.9990068698601025,0
1,0.9999999514828425,1
0,0.9999900126400443,0
1,0.9999944615585256,1
0,0.9999900952141408,0
0,0.9999931016747461,0
0,0.9999974086267442,0
1,0.9996603515789445,1
1,0.999999997154569,1
0,0.9999923903822192,0
1,0.9999953135720333,1
1,0.9999899594858057,1
1,0.9999880027453635,1
0,0.9999802745661559,0
0,0.9999982391399547,0
0,0.9999999740330607,0
1,0.9999812825467492,1
0,0.9994581994477628,0
0,0.9998287659346541,0
1,0.9999999285725427,1
0,0.9999884215116189,0
0,0.999932270881975,0
0,0.9999998591597326,0
1,0.9999982384857774,1
1,0.999951839587941,1
0,0.9999899809994338,0
1,0.9999951502968597,1
1,0.9999705223851312,1
1,0.9999963883298342,1
0,0.9999999267877032,0
1,0.9999674951005602,1
0,0.9999995694153373,0
0,0.9999472248010203,0
0,0.9999550410003047,0
0,0.9999195524739287,0
1,0.9999987004965453,1
0,0.9999985995702819,0
1,0.9999817564101559,1
1,0.999989009965118,1
0,0.9999906325174268,0
1,0.9999999939576909,1
1,0.9999995913556079,1
1,0.9998892881448864,1
1,0.999999996985006,1
0,0.9999961012888979,0
1,0.999984006540145,1
0,0.9999986674249814,0
0,0.9999691545314221,0
1,0.9999490079059948,1
1,0.9999997121205126,1
0,0.9998939274258326,0
0,0.9999941145675508,0
1,0.9998157262109403,1
1,0.9999488500437065,1
0,0.9999852471859086,0
0,0.9999999899860668,0
0,0.9999999748476958,0
1,0.9999678382442275,1
0,0.9999967283956722,0
0,0.9999589791778581,0
0,0.9999997197598318,0
0,0.9999998390333066,0
0,0.9996246845864775,0
0,0.999999999385048,0
1,0.9999999999658951,1
0,0.9999993118362442,0
1,0.9998238642177455,1
1,0.9999746664778927,1
1,0.9999609703631479,1
1,0.9999999999863338,1
1,0.9992404119593191,1
1,0.9999971105223591,1
0,0.9999999825641147,0
0,0.9999996634023621,0
0,0.9998739473363091,0
1,0.9999963256517271,1
1,0.9999000671505968,1
1,0.999990437145222,1
1,0.9999999843881326,1
0,0.9999979099244791,0
1,0.9999999475403493,1
0,0.9999990887540287,0
0,0.9999914982773449,0
0,0.9999957274713591,0
1,0.9999999208166244,1
0,0.9999969749761565,0
0,0.9999918442091077,0
0,0.9999994445681553,0
0,0.9999895916799681,0
1,0.9999999988170514,1
1,0.9999998570474631,1
0,0.9999925705731697,0
1,0.9999999999770732,1
0,0.9999973588469977,0
0,0.9999979044578212,0
1,0.9999999864048676,1
1,0.999999892745377,1
0,0.9999999987114228,0
0,0.9999997463436547,0
0,0.9999998111823588,0
1,0.9999999996677735,1
0,0.999975551197451,0
0,0.999967824615261,0
1,0.9993442584091364,1
0,0.9999170005781396,0
0,0.9998478098781839,0
1,0.9999977769048093,1
1,0.9999977068022537,1
1,0.9999811673615815,1
1,0.9999889456091424,1
1,0.999999523482774,1
1,0.9999204026175913,1
0,0.999998896531226,0
0,0.9999999995673756,0
1,0.9999999563507657,1
0,0.9999633095199953,0
1,0.9999999914209997,1
1,0.9999781698454687,1
1,0.9999997157965319,1
0,0.9999977747903074,0
0,0.9999855912274418,0
1,0.999996047750106,1
1,0.9999999883605583,1
1,0.9999837174893195,1
1,0.9997600965956349,1
0,0.9999999996630959,0
1,0.999980067569133,1
0,0.9999981467901883,0
1,0.9999999852743227,1
1,0.9999999996540223,1
1,0.9999999988770703,1
0,0.9999997306281144,0
1,0.99983436424101,1
1,0.9999999995121824,1
0,0.9999992880423058,0
1,0.9999936942620437,1
0,0.9999955546681881,0
1,0.9999999973195126,1
0,0.999999995659339,0
1,0.9999495665413843,1
0,0.9999984989937614,0
0,0.9999995459506724,0
0,0.999993741430323,0
0,0.9999989070717392,0
1,0.999999654326174,1
0,0.9999999913677382,0
0,0.9999902512559429,0
0,0.9998947007827184,0
0,0.9999999792176224,0
1,0.9999776298183268,1
0,0.9999999678578155,0
1,0.9999999960436323,1
1,0.9999976660725838,1
0,0.9999995093414412,0
0,0.9998887878111727,0
1,0.9999999898334807,1
1,0.9994870102581741,1
0,0.9998650944818489,0
1,0.9999999920684658,1
1,0.9998749601536847,1
1,0.9998007981709737,1
1,0.9999999308311472,1
1,0.9999817642037029,1
1,0.9999424968642497,1
1,0.9999999572181961,1
1,0.999621606377763,1
0,0.9998620313700672,0
1,0.9999999999966884,1
0,0.9999999994537693,0
0,0.9999998274649278,0
0,0.9999992319569169,0
0,0.9998726466534572,0
1,0.9999993424727878,1
1,0.9999999313072613,1
1,0.999750949427471,1
1,0.9999967470656982,1
1,0.9999986777803646,1
1,0.9999999772050633,1
1,0.9999979002619399,1
0,0.999913995552523,0
1,0.9999996952948655,1
0,0.9999999399281667,0
1,0.9999847027036983,1
1,0.9998200101776816,1
1,0.9999999463159444,1
0,0.9999574911950435,0
1,0.9999997653309687,1
1,0.999944468890025,1
0,0.9999999940301765,0
0,0.9999998928092418,0
1,0.9999999992220325,1
0,0.9999997151927988,0
1,0.9999958665779394,1
1,0.9997230926253605,1
1,0.999997508851295,1
0,0.9998635201098487,0
0,0.9999935714470574,0
0,0.9999937225865311,0
1,0.9999986297291739,1
1,0.9996856875826449,1
0,0.9999997932501349,0
0,0.9995591123944348,0
1,0.9999927572961467,1
1,0.9999756126971101,1
1,0.9993264310282663,1
1,0.9999996311299848,1
0,0.9999961349812082,0
1,0.9998454434299267,1
0,0.9999811613581902,0
1,0.9999248034758732,1
1,0.9999990967475766,1
0,0.9999980645560099,0
0,0.9999996051825325,0
1,0.9994855381486896,1
1,0.9999998711713215,1
1,0.9999999997472677,1
1,0.9999673690830168,1
0,0.9996349577854796,0
0,0.9999988501655515,0
0,0.9999947106704868,0
1,0.9999539402847841,1
1,0.9999789017370919,1
0,0.9999999999210789,0
0,0.9999828820522755,0
1,0.9999847509702358,1
0,0.9999999989103575,0
0,0.9999999596285903,0
1,0.9999988683121441,1
0,0.9999980999194584,0
1,0.999999999371213,1
1,0.9997504319134768,1
0,0.9999999978498795,0
1,0.9998233630724849,1
1,0.9999999834428914,1
0,0.999998956062348,0
0,0.9999544140978511,0
0,0.9999998283502538,0
1,0.9997534478581888,1
0,0.9999999174514315,0
0,0.9999997218160086,0
1,0.9999764092697698,1
1,0.9999839281043542,1
1,0.9999980350815596,1
1,0.9999975446882842,1
1,0.999989097861769,1
1,0.9999929620193395,1
0,0.9999998277106565,0
1,0.9998250465669569,1
0,0.9999999981347002,0
1,0.9999997169687616,1
0,0.9999877498936022,0
1,0.9999999999944578,1
0,0.9999999368817315,0
0,0.999999997482254,0
1,0.9998449068037584,1
0,0.9999182177392689,0
0,0.9999999432427285,0
0,0.9999995089919075,0
0,0.9999986121507703,0
1,0.9999838766613567,1
0,0.9999998164137436,0
0,0.9999952405521514,0
1,0.9999999415560051,1
1,0.9999999819514914,1
1,0.9999997981690539,1
0,0.9999988201303165,0
0,0.9999923787240496,0
1,0.9999973437106333,1
1,0.9999999817803572,1
1,0.9999767244984447,1
0,0.9999988949138374,0
1,0.9999967409514717,1
0,0.9999995614819038,0
0,0.9999999262873388,0
0,0.9999764823409694,0
1,0.9999997915027061,1
0,0.9993112941534233,0
1,0.9999994848618676,1
1,0.9999498613893347,1
0,0.9999885795661975,0
0,0.9999999099934209,0
1,0.9999999192068313,1
0,0.9999993548068817,0
1,0.9999998996836236,1
1,0.999999999968014,1
1,0.9999992236872224,1
0,0.9993796631300705,0
1,0.9999984430090921,1
0,0.9998547491008589,0
1,0.9999998942355165,1
1,0.999999999853187,1
0,0.9999981378354873,0
0,0.9999987856506871,0
0,0.9999997672218369,0
0,0.9999999531306938,0
1,0.9999994797654048,1
1,0.9998377631133628,1
0,0.9995133453230756,0
1,0.9999933267190223,1
0,0.999932719577773,0
0,0.9999931786107054,0
1,0.9999974609234342,1
0,0.9997916969720594,0
1,0.9999994633781273,1
0,0.9999978843329614,0
0,0.9999978096615041,0
1,0.999999990602413,1
1,0.9999453524012141,1
0,0.9999938750934304,0
1,0.9999999999999243,1
0,0.9999620719722943,0
0,0.999953712251273,0
1,0.9999998833925443,1
1,0.9999998130637785,1
1,0.9995155165709426,1
1,0.9998816942522779,1
1,0.9999318105291991,1
1,0.9999999903343776,1
0,0.9996500638012867,0
0,0.9999963321996015,0
0,0.9999991820193884,0
0,0.9999936652671195,0
0,0.9999909036353243,0
1,0.9999997505610383,1
1,0.9999999045131431,1
1,0.9999586888794948,1
1,0.9999884124739843,1
0,0.9999007813811744,0
1,0.9999981926959257,1
0,0.9999999776325308,0
1,0.9999999911395464,1
1,0.9998026052794622,1
0,0.9999999618248214,0
1,0.9999999023271751,1
0,0.9999977174365543,0
0,0.9999435000292025,0
0,0.9999997224506042,0
1,0.9999999999384785,1
1,0.9997098840670913,1
0,0.999942301713973,0
0,0.9999707973811717,0
0,0.9999971485099312,0
1,0.9999242317427729,1
0,0.999998411428891,0
0,0.9999999877657596,0
0,0.9999709926104048,0
0,0.9999958176800822,0
0,0.9997598391929802,0
0,0.9999736632928609,0
0,0.9998762061763571,0
0,0.9999962770398338,0
0,0.9997026516488519,0
1,0.9999998729782137,1
1,0.9999985774507968,1
1,0.9999999932534975,1
0,0.999999984228695,0
0,0.9994878726077452,0
0,0.9993208575293692,0
1,0.999996973865731,1
0,0.999997770391465,0
1,0.9999999999969733,1
1,0.9999999971992806,1
0,0.9999999389355891,0
0,0.9999994814457756,0
1,0.9999921196902771,1
0,0.9998781234543026,0
0,0.9999322325292154,0
0,0.9999979487445354,0
1,0.998964686687096,1
0,0.9999985018423377,0
1,0.9999999739026,1
0,0.9999701319106128,0
1,0.999999954134079,1
0,0.9999998734872649,0
1,0.9999999998884843,1
0,0.999996580899777,0
0,0.9999815071380685,0
1,0.9996102635105548,1
0,0.9999999486254485,0
0,0.9999964063266955,0
1,0.9999726264860259,1
0,0.9999999876549002,0
1,0.9997216447989984,1
0,0.9999999737488992,0
0,0.9999979945996766,0
1,0.9999980088421393,1
1,0.9999703907751588,1
0,0.9999964122914662,0
1,0.9999978829452687,1
1,0.9999970804786928,1
0,0.9999997353415251,0
0,0.9999996044642189,0
1,0.999891716920206,1
0,0.9999864204952121,0
0,0.999985246822509,0
1,0.9995677763014357,1
0,0.9999998334091302,0
0,0.9999995668432317,0
0,0.9999926505826168,0
0,0.9999995414556031,0
1,0.9996181851886602,1
0,0.9999985933060554,0
0,0.9999999996117281,0
0,0.9999999788093084,0
0,0.9999999986695928,0
1,0.9995504375957882,1
0,0.9998700719956134,0
0,0.9999816629152144,0
1,0.9999551432678467,1
1,0.9999627264575471,1
1,0.9998427597406611,1
1,0.9999997030791157,1
0,0.9999611316501241,0
0,0.9999999999983812,0
1,0.9999999533300061,1
1,0.9999999979095588,1
1,0.9994619650234606,1
0,0.999999986706089,0
1,0.9999137484617542,1
1,0.9999998874280434,1
0,0.9999911548796478,0
0,0.9999999997476869,0
0,0.9999966428093281,0
1,0.999916785113451,1
0,0.9999999051786219,0
0,0.9999979537457596,0
1,0.9999999830625864,1
1,0.9999997755976382,1
1,0.9997604423712899,1
1,0.999999999837309,1
1,0.999873959980603,1
0,0.999849946691845,0
0,0.9999996691596736,0
0,0.9999980951255846,0
1,0.999999761803635,1
1,0.9999987672042973,1
0,0.9999991806902034,0
1,0.9999999999143583,1
0,0.9999972288071769,0
0,0.9998295187690547,0
1,0.9999999073134401,1
1,0.9999586988624801,1
1,0.9996790701443082,1
0,0.999984911666023,0
1,0.9999681037633525,1
1,0.999999792723412,1
0,0.9999975149759422,0
1,0.999996979611839,1
0,0.9999999904451989,0
1,0.999892251689564,1
1,0.9999999943986102,1
0,0.9999999988120699,0
0,0.999999997860401,0
0,0.9999998985927498,0
0,0.9999868904015453,0
0,0.9999999612882895,0
1,0.9999974117476973,1
1,0.9999952452566667,1
1,0.9999999986126875,1
0,0.9999999319792299,0
0,0.9999997952148403,0
1,0.9999999111416861,1
1,0.9999998071007908,1
0,0.9999709102005586,0
1,0.9999097417445443,1
0,0.9999435203728023,0
1,0.9999999916141143,1
0,0.9999999907180718,0
1,0.9999930135092114,1
0,0.9999246901807552,0
0,0.9997688604862225,0
1,0.9999912120781584,1
1,0.9999720421190135,1
1,0.9998900401321195,1
0,0.9999986394290943,0
0,0.9999922832267987,0
1,0.9999927409848696,1
0,0.9998773627750746,0
0,0.9999891588106898,0
1,0.999942274813604,1
1,0.9992626443156447,1
0,0.9999996341287549,0
0,0.9999829199186334,0
1,0.9999999952821372,1
1,0.9999275283029556,1
1,0.9994598088464719,1
0,0.9999989694535178,0
1,0.999839623499948,1
0,0.9999999964315377,0
1,0.999999971775631,1
1,0.999999997324005,1
0,0.99999393957096,0
0,0.9999991794248508,0
0,0.9999683964405831,0
0,0.999996422928679,0
0,0.9999999386560683,0
1,0.9999336946243529,1
1,0.9999999998570128,1
1,0.9999747748047458,1
0,0.9999999974643609,0
1,0.9999265386224638,1
1,0.9999999999999893,1
1,0.9999891252370668,1
1,0.9999998493694449,1
1,0.9999999996541422,1
0,0.9999033772787238,0
0,0.999882549536409,0
1,0.9999934607053294,1
1,0.999999999735657,1
0,0.9999999672829194,0
0,0.9997027537685322,0
0,0.9999770944729545,0
1,0.9999999999433791,1
0,0.9999922945692364,0
1,0.9999957258038131,1
1,0.9999352692691579,1
1,0.9999972909370745,1
0,0.9999891355570273,0
1,0.9999975622545312,1
1,0.9999873411781226,1
1,0.9999787985949045,1
0,0.9998569048173158,0
0,0.999999996077322,0
1,0.9999267848305613,1
1,0.9999998292948558,1
0,0.9999970670058248,0
0,0.9999999999273155,0
0,0.9994695963130582,0
1,0.9999999906856648,1
0,0.999999988013173,0
0,0.9996734819085932,0
0,0.9999999850059793,0
0,0.9998110751542207,0
1,0.9998687202159093,1
0,0.9999992129223405,0
1,0.9999943024579295,1
1,0.9999994110175884,1
0,0.9999971058195006,0
0,0.9998465385633752,0
1,0.9999968425689372,1
0,0.999998651422393,0
1,0.9999999987677719,1
1,0.9999999999997224,1
0,0.9997681865673704,0
1,0.9999999999913616,1
0,0.9999468284183427,0
0,0.9999982279403922,0
1,0.9999977718599776,1
0,0.9999644317946953,0
1,0.9999999739062142,1
1,0.9999734365334644,1
1,0.9996393831807205,1
0,0.9999967386868173,0
0,0.9999989955115269,0
1,0.9999833209498724,1
0,0.9999998664451156,0
0,0.9999221026253226,0
0,0.9999979534712267,0
0,0.9999367657012161,0
1,0.9999993772258787,1
1,0.9999991650064786,1
1,0.9999999992375566,1
0,0.9999955221555787,0
0,0.9999999932916145,0
0,0.9999224775576513,0
0,0.9999999999976965,0
1,0.9999338998360401,1
0,0.9999996922742274,0
0,0.9999447679920048,0
0,0.9994298579729787,0
1,0.999975476855298,1
1,0.9999653872597912,1
0,0.9999999813670586,0
1,0.99999869619352,1
0,0.9999996454529256,0
1,0.9999990581904094,1
0,0.9999992306516792,0
1,0.9999999991348172,1
0,0.9999999078893702,0
1,0.9999945349836139,1
1,0.9999974410198204,1
1,0.9994992987112746,1
1,0.9999999927986851,1
1,0.9999127150197925,1
0,0.9999974400408641,0
1,0.9999999945754361,1
1,0.9999999999471103,1
1,0.9999999999990725,1
1,0.9999982496760343,1
1,0.9999998851298847,1
1,0.9999971631869085,1
1,0.9999999990359916,1
1,0.999998655238604,1
0,0.9999999949459628,0
0,0.9999964290003227,0
0,0.9999999063826667,0
1,0.9999800261455047,1
0,0.9999876403147792,0
0,0.9997053326910722,0
1,0.9996062059037623,1
1,0.9999999859043049,1
1,0.9998746447288988,1
0,0.9999997611389079,0
1,0.9999999982007868,1
1,0.9999992815682343,1
1,0.9996888479922803,1
1,0.9999996215119815,1
1,0.9991921236223515,1
1,0.9999987826859841,1
1,0.9998626298132076,1
1,0.9999999630607306,1
0,0.9999998635832039,0
0,0.9999580235532722,0
1,0.999999999990596,1
0,0.9999702367439237,0
0,0.9999999947204345,0
1,0.9999999999999383,1
1,0.9999942113753325,1
1,0.9999901385311081,1
1,0.9999999374796563,1
1,0.9999958936319178,1
0,0.9999966955222472,0
0,0.9996130940592866,0
0,0.9998387493698261,0
1,0.9999938373549048,1
0,0.9999966022779115,0
0,0.9999997073244858,0
0,0.9998916714329662,0
0,0.9999996794651921,0
0,0.9998334647151615,0
1,0.9999999994750308,1
1,0.9994612300714608,1
0,0.9999982259814849,0
1,0.9999995673967659,1
1,0.9999998755470434,1
0,0.9999985723648568,0
1,0.9999987755985932,1
1,0.999999795045482,1
0,0.9999973397383464,0
0,0.9999720737758697,0
0,0.9998851268725153,0
1,0.9999968180211738,1
1,0.999999582947024,1
0,0.9999996659247187,0
0,0.9999895964550773,0
1,0.9999999897038089,1
0,0.9999933280892618,0
0,0.9999999928284231,0
0,0.9999983021505382,0
0,0.999999999968103,0
0,0.9999995244889168,0
1,0.9999999635690007,1
0,0.9999999957304289,0
0,0.9999840119675667,0
1,0.9998130202482689,1
0,0.99999961519515,0
1,0.9999929991494864,1
0,0.9999978249345898,0
0,0.9999999811831688,0
0,0.9999999879777809,0
0,0.9999764988185147,0
1,0.999998266226711,1
0,0.9999799719873949,0
0,0.9999971624011992,0
0,0.9999483984885209,0
1,0.9996254142532855,1
0,0.9999875715314701,0
0,0.999966793812787,0
0,0.999996665108695,0
0,0.9993782132156999,0
0,0.9999965967091817,0
1,0.9999802091758991,1
0,0.9999932418889032,0
0,0.9999999998628553,0
1,0.99998837927728,1
0,0.9999999999865568,0
1,0.9999999990225352,1
0,0.9999998811591139,0
0,0.9999999854662839,0
0,0.999999603162841,0
1,0.9999996326331602,1
0,0.999995447993861,0
1,0.9999977312280587,1
1,0.9999999569490218,1
0,0.9999753814953726,0
1,0.999899154832406,1
0,0.9999765040853421,0
1,0.9999999999875748,1
1,0.9999999948029543,1
1,0.999786858300054,1
0,0.9999990321756286,0
0,0.999960364572897,0
0,0.999989872255607,0
1,0.9999967112664427,1
1,0.9999999999617335,1
0,0.9999999998405424,0
0,0.9996172491232146,0
1,0.9997413702244715,1
0,0.999873413526636,0
0,0.9999979620141961,0
0,0.9999626990840641,0
0,0.9999567134832691,0
0,0.9999960223724705,0
0,0.9999321739189899,0
1,0.9998404728550949,1
1,0.9999999998320583,1
0,0.9999945690516238,0
0,0.9998193526213163,0
0,0.999999995289436,0
0,0.9999939298759778,0
1,0.9999993331334787,1
0,0.9999999807618224,0
0,0.99979196376461,0
1,0.9999921609984719,1
0,0.9999999731916696,0
1,0.9999795522541155,1
0,0.9999782645182257,0
0,0.9999858162869053,0
0,0.9999999838146967,0
0,0.9999766583260079,0
1,0.9999999748528874,1
0,0.9999318487967862,0
1,0.9999993230308912,1
0,0.9999752957230202,0
0,0.9999999969443604,0
0,0.9999995438156772,0
0,0.9999992640310577,0
1,0.9999999513852865,1
0,0.9999856376060986,0
0,0.9997580036993144,0
0,0.9999912952568059,0
1,0.9999146374029463,1
1,0.9999978386942899,1
0,0.999987358246303,0
1,0.9999999600931542,1
0,1.0,0
1,0.9999649694070636,1
1,0.9999999640939108,1
0,0.9996960039235393,0
1,0.9999999797786678,1
1,0.9999996842871519,1
0,0.9999873107162439,0
0,0.9999966211549169,0
0,0.9992540738529198,0
1,0.9999397578419605,1
1,0.9998947749320595,1
1,0.9999929196976689,1
1,0.999789429008415,1
0,0.9999997579961826,0
1,0.999999803668355,1
0,0.9999999026260236,0
1,0.9999991504596976,1
1,0.9997617643300508,1
1,0.9998937949385928,1
1,0.9999847893309358,1
1,0.999993531481666,1
1,0.9999743274010533,1
0,0.999999982933508,0
1,0.9996481223131903,1
1,0.999862971123354,1
1,0.9999944442531027,1
0,0.9999778287402288,0
0,0.9999999722339163,0
0,0.9999999739170898,0
1,0.9989581663422352,1
0,0.9998779659891917,0
1,0.999998594557153,1
0,0.9999935543742187,0
1,0.9999083136694593,1
0,0.9999999431158518,0
0,0.9998633860256877,0
0,0.9999980299439042,0
1,0.9999326351584078,1
1,0.999915737926868,1
0,0.9999209845354118,0
1,0.9999681102329124,1
0,0.9999993319272354,0
1,0.999999999226509,1
1,0.9999718198928335,1
0,0.9999361649517396,0
1,0.9999999999830385,1
1,0.9999996740933773,1
0,0.99999994413981,0
1,0.9999993124599027,1
0,0.9999999521875536,0
0,0.9997985046698331,0
1,0.9999999995051025,1
0,0.9999997046171963,0
1,0.999939701005906,1
1,0.9999967036089425,1
0,0.9998913578182035,0
0,0.9999860953836651,0
0,0.9999905944087076,0
0,0.9999644676128101,0
1,0.9999998518636544,1
0,0.9999706120111487,0
1,0.9999999970269144,1
0,0.9999680680780982,0
0,0.9998152387570595,0
0,0.9999999747591997,0
0,0.9999598580091337,0
1,0.9999999969334952,1
1,0.9999977607706765,1
1,0.9999880723053544,1
0,0.999786302367156,0
1,0.999923238315486,1
0,0.9999999585803879,0
1,0.9999999636613981,1
1,0.9999999759268813,1
1,0.999991963660904,1
0,0.9999998182296402,0
1,0.9999997378630331,1
0,0.99999860791674,0
0,0.9999989074865224,0
1,0.999999945532101,1
1,0.9998684180607453,1
1,0.9999981811902969,1
1,0.9999999368274028,1
1,0.9999700591384528,1
0,0.9997623811586349,0
0,0.9999769853403683,0
0,0.9999998064308944,0
0,0.9999977332422967,0
0,0.9999999676426755,0
0,0.9999971797838704,0
0,0.9999993788341053,0
1,0.9999882261146034,1
0,0.9999394337929985,0
1,0.9999993559375047,1
1,0.9999999226134224,1
0,0.9999785607502785,0
0,0.9999825194928245,0
0,0.9999995029305017,0
0,0.9999937678714338,0
0,0.9999977859506635,0
0,0.9999996424926112,0
0,0.9999998785739801,0
0,0.9999600178522311,0
0,0.999905352166015,0
0,0.9999999970696244,0
0,0.9999352694092299,0
1,0.9999332297939904,1
0,0.9999999073476266,0
0,0.9999998166300665,0
0,0.9999890860020636,0
1,0.9999999723199514,1
0,0.9999999938260179,0
0,0.9999596013668728,0
0,0.9996878226138796,0
0,0.9999999913753795,0
1,0.9999852593653333,1
0,0.9999376601647675,0
1,0.9999850864192846,1
0,0.9999267368688677,0
1,0.9999161706811311,1
1,0.9999980426099264,1
1,0.9993897285439242,1
0,0.999999879344522,0
0,0.9999999209428057,0
1,0.9998307078741528,1
0,0.999969857347306,0
0,0.9999999486258062,0
1,0.9999719203176946,1
0,0.9999989350465835,0
1,0.9999998920887151,1
1,0.9996777420516683,1
0,0.9999998549176702,0
0,0.9999865471496427,0
1,0.9999798085114647,1
1,0.9995683282352298,1
1,0.9999025039381998,1
0,0.9999999480348706,0
1,0.9999354778213304,1
0,0.999881071073014,0
1,0.9999402343546318,1
0,0.9999986812109334,0
1,0.9999671382251241,1
0,0.999998816017713,0
0,0.9999998823160824,0
1,0.9999458127724506,1
0,0.9997773799801619,0
1,0.9999987053223822,1
0,0.9999999957631603,0
1,0.9999999889440151,1
0,0.9996767564674743,0
0,0.9996914038292328,0
1,0.9999961752532747,1
1,0.9999256741850043,1
0,0.9999088039420955,0
1,0.9999999989286457,1
1,0.999999999945475,1
1,0.999735824671059,1
1,0.9999927555702953,1
1,0.9999996887320138,1
0,0.9999293690338548,0
0,0.9999988849580305,0
0,0.9999136542013102,0
1,0.999911932359813,1
1,0.999997776787652,1
0,0.9999878337314083,0
1,0.9999998808071877,1
0,0.9999995856340496,0
1,0.9998022336344063,1
0,0.9995736652755067,0
0,0.9999904769183535,0
1,0.9999982226727843,1
1,0.9999959385323226,1
1,0.9999257931855231,1
1,0.9999999914308143,1
0,0.9996701875839461,0
0,0.9999995843053464,0
0,0.9999904619087249,0
1,0.9999998590266722,1
0,0.9997797573972521,0
0,0.9999999955535187,0
0,0.9999979104166008,0
1,0.9999987884491911,1
1,0.9999981844914465,1
1,0.9999650049241121,1
1,0.9999999967802378,1
1,0.999999999972744,1
0,0.9999999658570056,0
1,0.9998620174122544,1
1,0.9999999983886019,1
0,0.9999992846028241,0
1,0.9999999123697106,1
1,0.9999999995618807,1
0,0.9999984820785657,0
0,0.9999999994177833,0
1,0.9999999999972895,1
0,0.9999557084116756,0
0,0.9999999099444318,0
0,0.9999988138120404,0
0,0.9999213237927035,0
0,0.9999909880661202,0
0,0.9999019484107015,0
0,0.9996586750759361,0
1,0.9999842949738985,1
1,0.9982566051331663,1
0,0.9999997542336065,0
1,0.9999999999971607,1
1,0.9999980680200353,1
1,0.9999742041649559,1
1,0.9999999945640039,1
1,0.9999939514872382,1
1,0.9999923995512262,1
0,0.9999369550848216,0
1,0.9999999852256511,1
1,0.9999999976950251,1
1,0.9999683915492149,1
0,0.999767140598392,0
0,0.9998673990879597,0
0,0.999999990744728,0
1,0.9999459486899454,1
1,0.9999644254194358,1
1,0.999987281784813,1
0,0.9999974919070168,0
0,0.9999997970080724,0
1,0.9999999998486508,1
0,0.999936266393644,0
1,0.999983224981853,1
1,0.9998962249463583,1
1,0.9999773093220024,1
1,0.9996740922284851,1
0,0.9999999357693471,0
0,0.9999994931743958,0
0,0.9999999998413347,0
0,0.9999999211309516,0
1,0.9998862107565992,1
0,0.9999852965395689,0
0,0.999981471647339,0
0,0.9999910898879875,0
1,0.9999639016800573,1
0,0.9999909895655453,0
1,0.9999994316814084,1
0,0.9999999929119832,0
1,0.9999954907022158,1
1,0.9999951951973554,1
0,0.9999999877162463,0
1,0.9999999571135813,1
0,0.9999999202371532,0
0,0.9997527535269193,0
0,0.9998457997086755,0
1,0.9999996289040805,1
0,0.9999930193401354,0
0,0.9999999986064819,0
0,0.9999998897465581,0
1,0.9998746532039371,1
1,0.999999944842212,1
0,0.9999753440752759,0
1,0.9999999975185874,1
0,0.9999996933490543,0
0,0.9999997461961234,0
0,0.9999999999092783,0
1,0.9999983605600044,1
0,0.9999625140474132,0
1,0.9999934564091499,1
0,0.9997131743826712,0
1,0.999946611428871,1
0,0.9999915237212001,0
0,0.999909009531844,0
0,0.9999670180820152,0
1,0.9999999878674334,1
0,0.9999999481542869,0
1,0.9999992261004892,1
1,0.99999975074088,1
0,0.99993101295928,0
0,0.999984311987072,0
0,0.9999921273044976,0
0,0.9999710081156193,0
1,0.9999921100825178,1
0,0.9999994912708776,0
0,0.9999988145832124,0
0,0.9999926966079614,0
0,0.9997662050425057,0
0,0.9997786367736655,0
1,0.9999999982977092,1
0,0.9999250990961535,0
0,0.9999921403792487,0
1,0.9999939010014944,1
0,0.9999855892588171,0
1,0.9999991711433087,1
0,0.9999998409026868,0
0,0.9998839905096895,0
1,0.9999141332701521,1
0,0.9999999993078483,0
1,0.9999937739928759,1
1,0.9999549111306659,1
0,0.9998947616447358,0
0,0.9999592618895728,0
1,0.999928325918075,1
0,0.9999977081817787,0
0,0.9994701711774963,0
1,0.999999883882346,1
0,0.9999095063180502,0
1,0.9999959776061795,1
0,0.9999998265079476,0
1,0.9998406310999074,1
1,0.999996647867212,1
0,0.9998235984571722,0
0,0.9998677721256978,0
1,0.9999999977744545,1
1,0.9999999999227858,1
1,0.9999999915501235,1
1,0.9999999928820036,1
0,0.9999867739266839,0
1,0.9997288790024649,1
0,0.9999999098401083,0
1,0.999969618824087,1
0,0.9999999283693192,0
0,0.9999793469606817,0
1,0.9999999887009169,1
0,0.9999996046754831,0
0,0.9996030033991161,0
0,0.9999999666122553,0
0,0.9999993926386056,0
0,0.9996171178640375,0
0,0.9999988080649165,0
1,0.9999953486324888,1
0,0.999977885163021,0
1,0.9999999306353636,1
1,0.9999679690077569,1
0,0.9999992515457337,0
1,0.9996686788644942,1
1,0.9999866066423876,1
0,0.9999181085068433,0
0,0.9999996774664245,0
0,0.9999914617308122,0
0,0.9995239730201286,0
0,0.9999999908807791,0
0,0.9999999128394114,0
1,0.9999996653333408,1
0,0.9999944969195549,0
0,0.9999497099125509,0
1,0.9999999042308608,1
0,0.9999992835740643,0
0,0.9999967464258671,0
1,0.999999999429636,1
1,0.999999960574262,1
0,0.9999831100633454,0
1,0.9999945287716714,1
1,0.999791443973904,1
0,0.9999996980152065,0
0,0.9999999608128647,0
1,0.9996896393000626,1
1,0.9999998888356502,1
0,0.9999999339373155,0
1,0.9999998473750373,1
1,0.9999999999687093,1
1,0.9999991467370399,1
1,0.9996117487713371,1
1,0.9999801826507279,1
0,0.9999952388891874,0
0,0.9999984435747173,0
0,0.9999978040828628,0
0,0.9999970166558165,0
0,0.9999998059800618,0
0,0.9998333239918911,0
0,0.9998646813720234,0
0,0.9999999001558617,0
1,0.9999682369764408,1
1,0.9999730659846972,1
1,0.998604487788807,1
0,0.999996925891325,0
1,0.9999881464868084,1
0,0.999999855598468,0
0,0.9998610702899795,0
1,0.9999999997589,1
0,0.9999966006266224,0
1,0.9999952706225793,1
1,0.9999966980580575,1
1,0.9999996523407951,1
1,0.9999866110300558,1
0,0.9999987660734179,0
0,0.9999997151720385,0
1,0.9999959429880113,1
0,0.999871097770879,0
1,0.9999540069506695,1
1,0.999964169891734,1
1,0.9999999999981743,1
0,0.9997684289156922,0
1,0.9999670500238912,1
1,0.9998939113256567,1
0,0.9999314200775159,0
1,0.9998058638898463,1
1,0.9999999999323075,1
0,0.99999967684583,0
1,0.9999954673421829,1
0,0.9999805275858434,0
0,0.9999878851525621,0
1,0.9999971041239645,1
0,0.9999999812739754,0
0,0.9999442028498269,0
1,0.999999990791442,1
0,0.9995990596535821,0
0,0.9999999586439581,0
0,0.9996993264520843,0
0,0.9999993686680244,0
0,0.9999999994377308,0
1,0.9999999153445632,1
1,0.999999999988509,1
1,0.9997339927828894,1
0,0.9999994885145717,0
0,0.9999999890583585,0
0,0.9997995813887492,0
0,0.9999999821389217,0
0,0.9999996633833494,0
1,0.9999999987471295,1
1,0.9999736567482188,1
0,0.9999631168100446,0
0,0.9999919650769284,0
1,0.9999997231337403,1
0,0.9999998076643651,0
0,0.999996603563814,0
1,0.9995619838124122,1
1,0.999999998190668,1
0,0.9999997370508267,0
0,0.9999434587464693,0
1,0.9999981169209037,1
0,0.9999882907467776,0
0,0.9999943001170032,0
0,0.9999999998377457,0
0,0.9999053689245613,0
0,0.9999961922110635,0
0,0.9999995426243744,0
0,0.9999999380111152,0
0,0.9999995381529432,0
0,0.9999984928018911,0
1,0.9998952563718154,1
1,0.999777295392671,1
1,0.9999999861704798,1
0,0.9999951667160532,0
0,0.9999994529274662,0
1,0.9999996529529062,1
1,0.9999856480125132,1
0,0.9999969726714288,0
0,0.9999704438969094,0
1,0.9999956042827164,1
1,0.9999999999686393,1
1,0.9999997120193017,1
0,0.9999999244728952,0
0,0.9999956027910046,0
0,0.9999933163278558,0
0,0.9999907722949305,0
1,0.9994729571245602,1
0,0.9999670228169267,0
1,0.999858600233688,1
0,0.9999962901544449,0
0,0.9999995523966019,0
0,0.9999999016213501,0
0,0.9999906686830695,0
1,0.9996271206090017,1
1,0.9999998003673188,1
0,0.9999994969062806,0
0,0.9999619604890811,0
1,0.9997734784265337,1
1,0.999589184918179,1
0,0.9996720365439484,0
1,0.9999999332084213,1
1,0.9999832250576542,1
0,0.9998755683722992,0
0,0.9999993431316009,0
0,0.9999785387624155,0
0,0.9999940069971105,0
1,0.9998142023197784,1
0,0.9999999962187472,0
0,0.9989265568816231,0
0,0.9999999357459232,0
1,0.9997655558295755,1
1,0.9992755597552798,1
0,0.9999986708113698,0
1,0.9999993420886527,1
0,0.9999688445779341,0
1,0.999790700214305,1
0,0.9999998485933494,0
0,0.9999553800773284,0
0,0.9999999881521007,0
0,0.9999944047640614,0
1,0.9999999417905802,1
1,0.9999999993066049,1
0,0.999998487796586,0
0,0.9999992261182727,0
1,0.9999999936443804,1
1,0.9999946069148639,1
0,0.9999805751495805,0
1,0.9998160829332159,1
1,0.9999984330855881,1
0,0.9999998864745704,0
1,0.9999986376631579,1
1,0.9999048437696996,1
0,0.999998606248466,0
1,0.9998757652766778,1
0,0.9995430526992718,0
0,0.9999936308027053,0
0,0.9998791394952696,0
1,0.9999735908530352,1
1,0.9999999931995658,1
1,0.9999999442183798,1
1,0.9999839764913147,1
1,0.9999999999222873,1
0,0.9999999627782576,0
0,0.9999905971997025,0
1,0.9999992428103439,1
0,0.9999909884812823,0
1,0.9999994014608994,1
1,0.9999539165112576,1
1,0.9998741941980838,1
1,0.9998843613048752,1
1,0.9999999986342454,1
1,0.9999987847834851,1
1,0.9999999539416397,1
0,0.9995004248202602,0
1,0.9998697884617893,1
1,0.9999998887485907,1
1,0.999999995370312,1
1,0.9994201543516796,1
0,0.9999991430254764,0
0,0.9999542378331502,0
1,0.999999992842644,1
1,0.9999084879989006,1
0,0.999997032608376,0
0,0.9999887624626261,0
0,0.9999545628824907,0
1,0.9999997129637963,1
1,0.9999991352075202,1
1,0.9997876341717103,1
1,0.9999993387461923,1
1,0.9999997854185926,1
0,0.9998330445298262,0
0,0.9999989872777163,0
0,0.9999990501076705,0
1,0.9999999995806736,1
1,0.9999999968386173,1
0,0.9999648883300508,0
0,0.9998674294153744,0
0,0.9998357992047989,0
0,0.9999994580855682,0
0,0.9999986040811712,0
0,0.999840024403078,0
0,0.9999966598748439,0
0,0.9999997943522071,0
0,0.9999087709859052,0
1,0.9999978797479008,1
0,0.9999998326572676,0
0,0.9999999819179648,0
0,0.9999184778906052,0
1,0.9999999828811245,1
1,0.9999998914113806,1
1,0.9999999996350644,1
1,0.9998679340436248,1
1,0.9993835176189069,1
1,0.9999175104452229,1
0,0.9999999689159552,0
0,0.9999299275462841,0
0,0.9999991680200776,0
1,0.9999900981044365,1
0,0.999983471764851,0
1,0.9999999997755753,1
1,0.9999946468623244,1
0,0.9999999898889975,0
1,0.9999999725313605,1
0,0.9999992158572448,0
0,0.99996999028651,0
0,0.9999999474905683,0
0,0.999999916575584,0
1,0.9999910982059328,1
1,0.9999999949569953,1
1,0.9999980857055782,1
0,0.9999973278944504,0
1,0.9999999999130349,1
0,0.9999276044900784,0
1,0.9995646817784404,1
1,0.999990100751476,1
1,0.9999999999876046,1
1,0.9999985641331393,1
1,0.9999999999442584,1
0,0.9999880922488972,0
0,0.9999997081194512,0
0,0.9999009886049056,0
1,0.999690908797829,1
0,0.9999983549129935,0
0,0.9999964749774019,0
1,0.9997938220306483,1
0,0.9999987560620246,0
0,0.9999998065443698,0
0,0.9999832859886024,0
0,0.9999974095075902,0
0,0.9999989265855608,0
0,0.9999888794999824,0
0,0.999989982229935,0
0,0.9998161767502625,0
1,0.9999999998108466,1
0,0.9998090834868083,0
0,0.9999997593519135,0
1,0.9999976108382465,1
1,0.9999999719067324,1
1,0.9999998862779513,1
1,0.9999933591229203,1
0,0.9999395189792422,0
0,0.9998991764702455,0
0,0.9999823487265692,0
1,0.9999999947495639,1
1,0.9999877937567885,1
1,0.9999999847231611,1
0,0.9999999990661965,0
1,0.9999999996939914,1
0,0.9998442500396698,0
0,0.999999968310013,0
1,0.9999999987766179,1
1,0.9999901445307566,1
1,0.9999425798094452,1
1,0.9999999609936563,1
1,0.9990920643782168,1
0,0.9997542559717992,0
0,0.9998237578018767,0
0,0.9996014924654683,0
0,0.9999999588094829,0
0,0.9999998000018405,0
0,0.999924454760351,0
0,0.9999978412613552,0
1,0.9999331882240631,1
1,0.9999988122185393,1
0,0.9999999896848821,0
0,0.9999999463566243,0
1,0.9999996366371998,1
0,0.9999269694570153,0
0,0.9999999191089942,0
1,0.9999996690226088,1
0,0.99999797618281,0
1,0.9999704793891886,1
0,0.9999441032686934,0
1,0.9997969457746722,1
1,0.9999270810967458,1
1,0.9999999971348064,1
1,0.9998988791432676,1
0,0.9998847185800488,0
1,0.9999422947064462,1
1,0.9999999966769204,1
1,0.9999997751284196,1
1,0.999834919488511,1
0,0.9999999737353201,0
1,0.9998611087764665,1
0,0.9999999066961814,0
0,0.9999999791435502,0
1,0.99987727427663,1
1,0.9999984966022684,1
0,0.9999995458716445,0
0,0.9999616364201761,0
0,0.9999999952144968,0
0,0.9999999043133572,0
0,0.9999655288606719,0
1,0.9999999014993332,1
0,0.9998388581007644,0
1,0.9996022220387213,1
0,0.9999915532706928,0
0,0.9999998788102509,0
0,0.9999885764302329,0
0,0.9999394761194487,0
0,0.998956897790326,0
1,0.999998350071919,1
1,0.9999903268151376,1
0,0.9999977502772639,0
0,0.9999999983730082,0
1,0.99999852005182,1
0,0.999997234903191,0
1,0.9996129776973369,1
0,0.9999776230683558,0
1,0.9999992760995071,1
0,0.9996688965777788,0
1,0.9999436930328622,1
0,0.9999999006803595,0
0,0.9999995144070877,0
0,0.9999997230663733,0
0,0.9999999966705904,0
0,0.9999977553689674,0
1,0.999998042410792,1
0,0.99999989944702,0
1,0.9999996199784157,1
1,0.9998646716526662,1
0,0.9999997535133399,0
1,0.9999388265180488,1
0,0.9999999810301546,0
0,0.9999776411555005,0
1,0.9999999965658206,1
1,0.9997954438383284,1
0,0.9999627561625966,0
1,0.9999995952741548,1
0,0.9999999965948289,0
1,0.9999586780864057,1
0,0.9999893163802874,0
0,0.9999999832404363,0
1,0.999999983371376,1
1,0.9999999867122276,1
1,0.9999986059941498,1
0,0.9999965272676652,0
0,0.9999798586367048,0
0,0.9999943186971859,0
0,0.9999760932471494,0
0,0.9999208954954071,0
1,0.9992877978276036,1
0,0.9999992573656936,0
0,0.9999999715996007,0
1,0.9999999999959037,1
1,0.9999651422098871,1
1,0.9999992905946887,1
1,0.9999996573802729,1
0,0.9999237249999995,0
0,0.9994198160466633,0
1,0.9998440727266816,1
1,0.9999998370922379,1
0,0.9999992479169849,0
0,0.9999865531673385,0
0,0.999999981442253,0
0,0.9999960834891136,0
1,0.9999999926064718,1
1,0.999736528051518,1
0,0.999603335038942,0
1,0.9999999566825072,1
1,0.999992892434264,1
0,0.9999983406837646,0
1,0.9999917926692377,1
0,0.9999056665554926,0
1,0.9999689209760967,1
1,0.9999928722381741,1
0,0.9999985783003692,0
1,0.9999999735866725,1
0,0.9999999836772422,0
1,0.9999957807848253,1
1,0.9999994025333613,1
0,0.9999999915658613,0
0,0.9999999977271905,0
0,0.9999773263477194,0
1,0.9999999051492384,1
0,0.9999961199189646,0
1,0.9999999999525724,1
1,0.9999985298920934,1
1,0.9999999651239514,1
0,0.9999999996869543,0
0,0.9999628569831308,0
0,0.9999650428530455,0
1,0.9999947445687525,1
1,0.999999423694135,1
1,0.999673767209658,1
0,0.9999765867596628,0
0,0.9999994926511432,0
1,0.999989954235891,1
1,0.9999920238574438,1
1,0.9999999950794196,1
1,0.9999688684762745,1
0,0.9999997254229929,0
0,0.9999930686251068,0
1,0.9999034688932857,1
1,0.9999328482690519,1
1,0.9999999835260562,1
1,0.99996048017888,1
0,0.9995639857512916,0
0,0.9999982187819458,0
0,0.9999999831960071,0
1,0.9999637311193249,1
0,0.9999961176506261,0
1,0.9999971806797029,1
1,0.9999999264085072,1
0,0.9999999941906453,0
1,0.9998447873584199,1
0,0.9999781783945009,0
0,0.9999999999096874,0
0,0.9999896649267602,0
0,0.9998299176790154,0
0,0.9999995885076085,0
0,0.9999999998863534,0
1,0.9999999169259113,1
1,0.999674626555266,1
1,0.9998511093896726,1
1,0.9998291076805316,1
1,0.9999837058490902,1
0,0.9999938425005618,0
1,0.9999999809586456,1
0,0.9999997449236928,0
0,0.999917430678611,0
0,0.9999999999711273,0
1,0.9999998472723268,1
1,0.9998396363018217,1
0,0.9997538033800168,0
0,0.9999999999976757,0
1,0.9999999209701045,1
1,0.9999980673512548,1
1,0.999999999905407,1
1,0.9999492301711231,1
0,0.9999998747115997,0
1,0.9999999995237354,1
0,0.9999934063235787,0
0,0.9999999996412176,0
0,0.9999377029568913,0
0,0.9996730475404445,0
0,0.999860267237796,0
0,0.9972430555013272,0
0,0.9999681218785997,0
0,0.9999773153265687,0
1,0.9999998014663024,1
0,0.9999989607918484,0
1,0.9999999476253262,1
0,0.999989824459044,0
1,0.9997988231578326,1
1,0.999999999881884,1
0,0.9999993042494663,0
0,0.999999999083898,0
1,0.9999947086367587,1
0,0.999999967325816,0
0,0.9999738059909092,0
0,0.999999935598307,0
1,0.999931415509056,1
1,0.9999990648852941,1
0,0.9997103848261386,0
1,0.9999984193700429,1
0,0.9999282256306082,0
1,0.9999291379597325,1
0,0.9997278194086467,0
0,0.999999949107192,0
0,0.999774315850488,0
0,0.9999995660922256,0
0,0.9997116082472686,0
1,0.9999680583523778,1
1,0.9998516508269416,1
1,0.9999751527025772,1
1,0.9999999939211799,1
1,0.9996600458108478,1
1,0.9999984490073575,1
0,0.9999999928434843,0
1,0.9999131916936894,1
0,0.9999999988942407,0
1,0.9998778026315456,1
1,0.9999999780297408,1
0,0.9999998523240432,0
0,0.9999614520112488,0
1,0.9999999995675355,1
0,0.9999997682433927,0
1,0.9999999465993135,1
0,0.9999090572166908,0
1,0.9999519526692572,1
1,0.9998586423946565,1
0,0.9999068719335874,0
0,0.9999997760174285,0
1,0.99999997990325,1
1,0.999998366627038,1
1,0.9999999997795164,1
0,0.9999999944563861,0
1,0.9999191061032064,1
0,0.9998937992064653,0
1,0.9999911614415096,1
0,0.9999983895432105,0
0,0.9999967823730211,0
0,0.9999938760963655,0
0,0.9999950759191114,0
1,0.9996215581409293,1
1,0.9999972445053704,1
0,0.9998891672177543,0
0,0.9997090564757035,0
1,0.999961071158439,1
0,0.9995667706319593,0
1,0.9999998843039911,1
1,0.9998196399051935,1
1,0.9999996658251638,1
1,0.9999844814517508,1
1,0.9999724994582262,1
0,0.9998549736243479,0
1,0.9997717863107559,1
1,0.9992578845053183,1
1,0.9996966610759327,1
1,0.9999906878090603,1
0,0.9999925619991886,0
1,0.999999981760684,1
0,0.9999904521456641,0
1,0.9999956947452625,1
0,0.9999992371324006,0
1,0.9999642962356041,1
1,0.9999986643049059,1
1,0.9999945482286989,1
1,0.9999569028187782,1
0,0.9996863634397033,0
1,0.9999997212434211,1
1,0.9999853859684856,1
1,0.9999925874167349,1
1,0.9999999615672056,1
0,0.999942282267228,0
0,0.9999695818098108,0
1,0.9999133577115489,1
1,0.999999999996765,1
0,0.9999287245870382,0
0,0.999999988358709,0
0,0.9998519360734953,0
1,0.9999999990443644,1
1,0.9999926366427704,1
0,0.999752578940665,0
0,0.9999965746908694,0
0,0.9999726784587313,0
1,0.9999810060264112,1
0,0.9999983877255199,0
0,0.9999999985224267,0
0,0.9999385695999169,0
1,0.9998239087946564,1
0,0.9999955127307159,0
0,0.9999988689408245,0
1,0.9999999984671366,1
1,0.9999998825173368,1
1,0.999999999597065,1
1,0.9999790226257997,1
0,0.9991169294860134,0
1,0.999929394214786,1
0,0.9999995405235165,0
0,0.999997849200075,0
0,0.9999994529120452,0
0,0.9999999896149201,0
1,0.9999778601993647,1
1,0.9997958876237409,1
1,0.9999999981258074,1
0,0.9997364969917448,0
0,0.9999683531304587,0
1,0.9999999999957021,1
1,0.999982024078241,1
0,0.9999492155900336,0
0,0.9999122643699782,0
1,0.9999830114925887,1
0,0.9999992042145835,0
1,0.9999998374509196,1
0,0.999999997762879,0
0,0.9999999802318477,0
0,0.9999820817815216,0
0,0.9999958857208592,0
1,0.9999999689413385,1
1,0.9993014530542208,1
1,0.9999848406702784,1
0,0.999999984468596,0
0,0.999999943533041,0
0,0.9996227420124774,0
1,0.9991104904080977,1
0,0.9999321236827314,0
1,0.999999997757802,1
1,0.9999740887226433,1
0,0.9999821115453142,0
1,0.9999397482531261,1
0,0.9992405693970019,0
0,0.9999991090561393,0
0,0.999631006905562,0
1,0.9999991814789809,1
1,0.9994521788484381,1
1,0.9999837624782782,1
0,0.9999769772571634,0
1,0.9999980995819668,1
0,0.9999999952444233,0
0,0.9999719534091375,0
1,0.9999804297649233,1
0,0.9999957790807831,0
1,0.9999999968365882,1
1,0.9999488026436846,1
0,0.9999798970089774,0
0,0.9999985450037963,0
1,0.999990947324981,1
0,0.9999822313029444,0
1,0.9999999681002026,1
0,0.999990028082725,0
0,0.9999999999763296,0
1,0.9993418431432566,1
1,0.9999999935341728,1
1,0.9999999993685458,1
0,0.9998700370529209,0
0,0.9998101413289814,0
1,0.9999999569514993,1
0,0.9999996640710072,0
1,0.9996609057374148,1
0,0.9999999973349262,0
0,0.9999390027950587,0
0,0.9999308289079755,0
1,0.9999754285179148,1
0,0.9999668701873252,0
0,0.999999704446727,0
0,0.9999781612453336,0
0,0.9999999350338489,0
1,0.9999983239176116,1
0,0.9999996959350597,0
1,0.9999998121233444,1
1,0.9999999993665085,1
1,0.9999916556107615,1
0,0.9999900681958301,0
0,0.9999911496690805,0
0,0.9999997527703793,0
1,0.9999998649342594,1
1,0.9999994266018327,1
1,0.999946120306305,1
1,0.9999994293164335,1
0,0.9999996574349902,0
1,0.999999975514695,1
1,0.9998360774532827,1
1,0.9999993624295741,1
1,0.9999999623278991,1
1,0.9995723651364371,1
0,0.9999996470016848,0
0,0.9998967176945917,0
0,0.9999025634035966,0
1,0.9993567860774284,1
1,0.9999999215862462,1
1,0.9999586352378875,1
0,0.9999999995280959,0
1,0.9999324339136478,1
0,0.9999436270711736,0
1,0.9997354039039628,1
0,0.9999999663710103,0
1,0.9999891525581994,1
1,0.9999993168087788,1
1,0.9999994482938639,1
1,0.9999999510028772,1
0,0.999996127461287,0
0,0.9999998374406445,0
1,0.9999985328784227,1
0,0.9999814243174431,0
0,0.9999935213124198,0
1,0.999645702019711,1
1,0.9999999545297743,1
1,0.9999976104155388,1
1,0.9994960013172455,1
0,0.9999999598642858,0
1,0.9994502805725286,1
0,0.9999732069238666,0
0,0.9999999670515789,0
0,0.9999999978558652,0
1,0.999993093753716,1
1,0.9999933531055423,1
0,0.9999962895428114,0
1,0.9999999994590847,1
1,0.9996952949958201,1
0,0.9999998289324499,0
1,0.9999999997351905,1
1,0.9999889806328499,1
1,0.9999830208815956,1
0,0.9999975687661393,0
1,0.9999904504671272,1
1,0.9999990162386491,1
1,0.9998053615809823,1
1,0.99992877394429,1
1,0.9999999644437946,1
0,0.9999938226073541,0
1,0.9999945783719202,1
1,0.9999999994986586,1
1,0.9999999930993821,1
0,0.9999998714933946,0
1,0.9999960593660198,1
1,0.9999917428666114,1
1,0.9999995763174389,1
0,0.9999940081742357,0
1,0.9999999424761747,1
1,0.9999999797504313,1
1,0.9999999905730755,1
1,0.9999796624396867,1
1,0.9999999899414723,1
0,0.9999980054891319,0
0,0.9999708025163815,0
0,0.99999999790659,0
1,0.9999430389517705,1
0,0.9999995451010276,0
0,0.9999966031544771,0
0,0.999933230279654,0
1,0.9999999999964937,1
1,0.9999999664647214,1
1,0.9999999056151658,1
0,0.9999998353840477,0
0,0.9999999996100501,0
1,0.9997988436595003,1
0,0.999999742094693,0
1,0.9999998515253509,1
1,0.9999650613079534,1
0,0.9999796117886294,0
0,0.9999971699587602,0
0,0.9999625404436047,0
0,0.9999993931793488,0
0,0.9999665355024564,0
0,0.9999518300432211,0
1,0.9999985884047882,1
0,0.9999967736948002,0
0,0.9999611543487995,0
0,0.9999892210051871,0
1,0.9999986478782442,1
1,0.9999998977261075,1
0,0.9999891698458521,0
0,0.9999986202867142,0
1,0.9999998091207674,1
1,0.9999975939059201,1
1,0.9999999705960259,1
1,0.9999977221479438,1
0,0.9999961242910951,0
1,0.9997550749962592,1
0,0.999830533629958,0
1,0.9999995969500425,1
1,0.9999056350494857,1
1,0.9999999990940314,1
1,0.9999963525844026,1
0,0.9999995177834298,0
0,0.999962607652555,0
0,0.9999988365257113,0
0,0.9998732845152599,0
0,0.9995887121551564,0
0,0.999714097478566,0
0,0.9999881911374026,0
1,0.9999666998240752,1
1,0.999974452936519,1
1,0.999963334557888,1
1,0.9999940740487964,1
0,0.9999980324930807,0
0,0.9999995830519369,0
0,0.9999996208991602,0
0,0.9999498292930826,0
1,0.9999999982268175,1
0,0.9999304586894201,0
1,0.9999999396406035,1
0,0.9999970526220412,0
0,0.9999980687089224,0
0,0.9999839083183917,0
1,0.9999981926198914,1
0,0.9999999822545428,0
1,0.9999991250389515,1
0,0.9999996810359298,0
0,0.9999996941810898,0
1,0.999999997551908,1
0,0.9999999957124566,0
0,0.9999999370272505,0
0,0.9999998890204896,0
0,0.999999972437758,0
1,0.999999478129142,1
1,0.9999987468527848,1
1,0.999979454838444,1
1,0.9999992498097975,1
0,0.999999995325437,0
0,0.9999828442459274,0
1,0.9999947231762782,1
0,0.9999087644481156,0
0,0.9999995918325909,0
0,0.9999999060432683,0
0,0.9997979497955065,0
0,0.9999963040649206,0
1,0.999999992961385,1
0,0.9999942227202434,0
1,0.999999930463283,1
1,0.9999894390976106,1
1,0.9999999893696278,1
1,0.9999943345914546,1
0,0.9999999181425504,0
1,0.9995120257820814,1
0,0.9999999302891225,0
1,0.999964372825411,1
0,0.9996130914028962,0
0,0.9999998896450099,0
0,0.9998782169802746,0
0,0.9999998617903277,0
1,0.9999998072461073,1
0,0.9999724801136843,0
1,0.9997645445604243,1
0,0.999999930858028,0
0,0.9998777541131193,0
0,0.9999726156248321,0
0,0.99999998192214,0
1,0.9999576849083942,1
0,0.9999965776052219,0
1,0.999992663400076,1
0,0.9997311687657373,0
0,0.9999064194200086,0
1,0.999800889408147,1
0,0.9999999430398546,0
0,0.9999508236014996,0
1,0.9999999183316877,1
0,0.9999992447931262,0
0,0.9999860111913338,0
0,0.9999989226210682,0
0,0.9999992670918573,0
1,0.9999999974298299,1
0,0.9998493059961766,0
0,0.9999958360736342,0
0,0.9999960973547098,0
0,0.9999999957967904,0
0,0.9997979963322504,0
0,0.9999973884744949,0
0,0.9999811993202491,0
1,0.9999999557362478,1
1,0.9999999558197821,1
0,0.9999465433311817,0
1,0.9999999809836838,1
1,0.999861438197234,1
1,0.9999997658355841,1
0,0.9999999733521143,0
0,0.999998294847978,0
1,0.9999997906531809,1
1,0.9999957029664577,1
0,0.9999982209203403,0
1,0.9999996528758753,1
0,0.9999922067914262,0
1,0.9999992899602618,1
1,0.9999997981690539,1
1,0.9999999077246821,1
0,0.9999999883192061,0
1,0.9999879290233772,1
1,0.9999999432146428,1
0,0.9997699266307551,0
1,0.999999787255317,1
0,0.999999890497717,0
0,0.9999998905347556,0
1,0.9998995244540065,1
0,0.9999980138749933,0
1,0.9998686300983803,1
1,0.9999865716155578,1
0,0.9998561234064117,0
0,0.9999508348765725,0
0,0.999998429822749,0
0,0.9999996574619017,0
1,0.9999999900039781,1
1,0.999999976506006,1
0,0.9999999350434671,0
1,0.9999999977889695,1
1,0.9999914460612894,1
0,0.9999999915855179,0
0,0.999988141462916,0
1,0.9999999999978992,1
0,0.9999998859747417,0
1,0.9999999450160485,1
1,0.9999399326648363,1
0,0.9999273767393067,0
0,0.9999992144397126,0
0,0.9999617082949527,0
1,0.9999994321520664,1
0,0.9999997089076622,0
1,0.9999916114284503,1
0,0.9997327165027621,0
1,0.9997834866363419,1
0,0.9999663566719131,0
0,0.9999760522974751,0
0,0.9999999959342368,0
0,0.9999598713230956,0
1,0.9999999994024342,1
0,0.9997660306780413,0
0,0.999987308657806,0
0,0.9999780331043102,0
0,0.9999999779370459,0
1,0.9998683378883633,1
0,0.9999998844801344,0
0,0.9999688477551044,0
0,0.9999904724007905,0
0,0.9999998959167945,0
1,0.999999776029326,1
1,0.9999992711458162,1
0,0.9999999813160969,0
0,0.9999999477730619,0
1,0.9999728270233905,1
1,0.9999073725129042,1
0,0.9999950294870815,0
0,0.9999277235568494,0
0,0.9999350660789182,0
1,0.999999964512544,1
0,0.9999428523979754,0
1,0.9999741410998646,1
1,0.9999999989056945,1
0,0.9999996690478952,0
1,0.9998277407341646,1
0,0.9999996444250375,0
0,0.9999991876283546,0
1,0.9999988898186013,1
1,0.9999849535668547,1
1,0.9999999961170405,1
0,0.9999796687659113,0
0,0.9997176021107814,0
1,0.9999994186023492,1
1,0.9999972475957604,1
0,0.999938791449212,0
1,0.9998950557804229,1
0,0.9999945762601714,0
1,0.999999999309257,1
1,0.9999992091518689,1
0,0.9999018468923868,0
0,0.9999999681161817,0
1,0.9999987875023015,1
1,0.9999118215829451,1
1,0.9999965101212319,1
1,0.9999999829986305,1
0,0.9998579057127148,0
0,0.9999999708366647,0
1,0.9999999993339741,1
1,0.9999999973128046,1
0,0.9999997641684515,0
1,0.9999114921403042,1
1,0.9999851595249771,1
1,0.9999962553463936,1
1,0.9999987371693875,1
0,0.9999830273287937,0
1,0.999652017138477,1
0,0.999983237907172,0
0,0.9999597593737558,0
0,0.9998645694744769,0
1,0.9999999944695315,1
0,0.999999699050735,0
0,0.99993495516295,0
0,0.9999921949804956,0
0,0.99999999923973,0
1,0.9999999980650591,1
0,0.9999063362186255,0
0,0.9999959660585964,0
1,0.9996523869810826,1
1,0.9993030747685092,1
0,0.9999296835695507,0
1,0.9999999999591298,1
1,0.9999999999999716,1
1,0.9999954418117711,1
1,0.9998966038470171,1
1,0.9999988775167216,1
1,0.9999605640752145,1
1,0.9999344902691332,1
1,0.9999855908285249,1
1,0.9999995081862733,1
1,0.999999916936847,1
1,0.9999098116362545,1
1,0.999952790804346,1
0,0.9999805277557292,0
0,0.9999999926220635,0
1,0.9999861994229109,1
0,0.9999999293676192,0
1,0.9999999959465804,1
1,0.999978323039048,1
1,0.9999992663192774,1
1,0.9995065477947008,1
1,0.9999764544748099,1
1,0.9999999588190237,1
0,0.9999994831123776,0
1,0.9999389698437096,1
1,0.9999943109159035,1
1,0.9999990959471858,1
0,0.9999999627926199,0
1,0.9999862799317017,1
0,0.999999900449979,0
0,0.9999007239512434,0
1,0.9999999996488713,1
0,0.999999988434716,0
1,0.999750949427471,1
1,0.9999999999999427,1
1,0.9999930553248938,1
0,0.9998897443939453,0
0,0.9999976970161552,0
0,0.9999566519067009,0
0,0.9995799133072159,0
1,0.9999998102972996,1
1,0.9999999917801544,1
0,0.9999994472086,0
0,0.9999739829061403,0
1,0.9999306742343342,1
0,0.9999918594363593,0
1,0.9999794361152806,1
0,0.9998687191298659,0
1,0.9999267501618764,1
1,0.9999996249340931,1
0,0.9999749205692313,0
1,0.9998774201321591,1
0,0.9988085029119604,0
0,0.9999998280610654,0
0,0.9999917964809474,0
1,0.9999997145633479,1
0,0.9999937808108276,0
0,0.9999993081485212,0
0,0.9999729596484319,0
1,0.9998896833453668,1
1,0.9999646566260819,1
0,0.9999992033683106,0
0,0.9999991960771133,0
1,0.9999972346831223,1
0,0.9999999452872798,0
1,0.9999970897559923,1
0,0.99999980459816,0
0,0.9999811702382962,0
1,0.9999971115188107,1
0,0.999982744236525,0
1,0.9999999998992275,1
1,0.9999999995208613,1
0,0.9998432068444321,0
1,0.9999911789101322,1
0,0.9999878640679403,0
1,0.9996429023403722,1
0,0.9999941971857725,0
1,0.9999999823827758,1
1,0.9999987496569079,1
1,0.9999998570276301,1
0,0.9999605611938176,0
1,0.99882574954292,1
0,0.9999996806104888,0
0,0.9999376992223976,0
0,0.9999999617693377,0
0,0.9999985066683764,0
0,0.999907352949681,0
1,0.9999999999999591,1
1,0.9999994926728186,1
1,0.9999998165738205,1
0,0.9999550366410088,0
1,0.9999961470269132,1
1,0.9999979903589865,1
0,0.9999999442305826,0
0,0.9999905777092338,0
0,0.9999999862080813,0
1,0.9999989638121353,1
1,0.9999953321922272,1
1,0.999998861761245,1
0,0.9999961385709678,0
1,0.9999754655057479,1
1,0.9999988825035635,1
0,0.9999935951523163,0
0,0.9999997148237023,0
1,0.9999992990461777,1
0,0.9999998814362381,0
1,0.9999996927444184,1
1,0.9997537345387092,1
1,0.9998532527498227,1
1,0.99999811296996,1
1,0.9999989781674902,1
1,0.9998901524439461,1
1,0.9999420425434088,1
0,0.9999231051575428,0
1,0.999999917941912,1
1,0.9999999510648645,1
1,0.9999999995204056,1
1,0.9995392254338428,1
0,0.9999995509853241,0
0,0.9999999980153648,0
0,0.9999845347971629,0
1,0.9999997080195926,1
0,0.9998955389024725,0
0,0.9999518244367324,0
0,0.9999991754038329,0
0,0.999838448573023,0
1,0.9999997497770778,1
1,0.9999486880879515,1
1,0.9999995949083182,1
1,0.999984549359459,1
1,0.9999984125332949,1
0,0.9999854917892953,0
1,0.9999999353084741,1
0,0.9999999968267069,0
1,0.9999952060227055,1
1,0.9996209457851708,1
0,0.9995613657245189,0
0,0.9996705801604329,0
1,0.9999959735021854,1
1,0.9999998995808431,1
1,0.9999606733776619,1
0,0.9997741661943186,0
0,0.9999995782773895,0
1,0.9998049553958228,1
0,0.9995573594246954,0
1,0.9999977985439069,1
1,0.9996264816302742,1
0,0.9999991510383676,0
0,0.9997637837724739,0
1,0.9999991076888655,1
0,0.9999820634430725,0
0,0.9999996868585016,0
0,0.9999973031501891,0
1,0.9999965983483815,1
0,0.999999957111135,0
0,0.9999999968962235,0
0,0.9999943672920879,0
1,0.9999999371361403,1
1,0.9999999629087188,1
0,0.9999994310902334,0
1,0.9999998713499639,1
0,0.9997593720817064,0
0,0.9999279129143529,0
0,0.9999994709764777,0
0,0.9999823265808392,0
1,0.999999986735272,1
1,0.9999873773138658,1
0,0.9999299546677933,0
0,0.9999727936040683,0
1,0.9999998776261722,1
0,0.9999975510696659,0
1,0.9997987926934915,1
0,0.9999967739069661,0
0,0.9999998815570642,0
1,0.9999999981432464,1
0,0.9999999625870379,0
0,0.9993618875528819,0
0,0.9999932482782379,0
0,0.9989994620364947,0
0,0.9999715807332958,0
1,0.9999940973798546,1
0,0.9999996234492856,0
1,0.9999534517233504,1
0,0.9999366029351943,0
1,0.9999954358474958,1
1,0.9999997604383318,1
0,0.9993716157695439,0
1,0.9991022641629178,1
0,0.9999888317368569,0
0,0.9988479101384011,0
1,0.9997524435952366,1
1,0.9998249453733656,1
1,0.999999771113522,1
1,0.9999936042781654,1
0,0.9999993724703314,0
1,0.999998955106135,1
0,0.999940850676556,0
1,0.9999985953422392,1
1,0.9998697184361358,1
1,0.9999900576672278,1
1,0.9999999999999707,1
1,0.9999984241098058,1
1,0.9997066086553721,1
1,0.9997260961178532,1
0,0.9999698715346973,0
0,0.9999999981336744,0
1,0.9999997604761005,1
1,0.9999955532528927,1
1,0.9999212434637532,1
0,0.999999964132184,0
0,0.9999999417846784,0
0,0.9999925200753488,0
1,0.999999999999539,1
1,0.9999526232413862,1
0,0.9999024501935938,0
0,0.9999999940111444,0
1,0.9998374970088311,1
1,0.9999804805886351,1
0,0.9999999999346453,0
0,0.9999999696082977,0
0,0.9999293998513153,0
1,0.9998356651104213,1
0,0.9999994971068036,0
0,0.9999585613931501,0
1,0.9999404121033714,1
1,0.9999999775509266,1
1,0.9997472473613374,1
0,0.9999769522547348,0
1,0.9999456376079296,1
0,0.9999999430560182,0
1,0.9999847862737853,1
0,0.9998997930708554,0
0,0.9999609594204192,0
0,0.9999992374584217,0
0,0.9999999851362179,0
1,0.9999865813355161,1
1,0.9999998374509196,1
1,0.9999999623368371,1
1,0.9999997204720088,1
0,0.9997580287773641,0
1,0.9999999776772517,1
1,0.999999804415236,1
1,0.999996983624575,1
1,0.9999641714509426,1
1,0.9999796770537424,1
1,0.9999955669168312,1
0,0.9999990007685798,0
1,0.999999999960397,1
0,0.9999973552720142,0
1,0.9999999771509488,1
0,0.9999982787035652,0
1,0.9999990732559432,1
1,0.9999999867567271,1
1,0.9999937024229589,1
0,0.9999343242566109,0
0,0.9999168441530181,0
0,0.9999997009715549,0
1,0.9998062294871917,1
1,0.999988988647887,1
1,0.9999335256396509,1
0,0.9999588244204767,0
0,0.9999202087717566,0
0,0.9999016575620681,0
0,0.999995753647011,0
0,0.9998458846134172,0
1,0.9999671129697087,1
0,0.9998757451863151,0
0,0.999794427901845,0
0,0.9998465592541601,0
1,0.9999999999999956,1
1,0.9998799780817857,1
1,0.9999999999999973,1
1,0.9999949600375254,1
1,0.9999790380214936,1
0,0.9999999766269567,0
0,0.9999846739494658,0
1,0.9999994901357039,1
0,0.9999999962817026,0
1,0.9999848956707063,1
0,0.9999996525551428,0
1,0.9999807883691032,1
0,0.9997891787110823,0
1,0.9999636725273833,1
0,0.9999176142599436,0
1,0.9998691601380815,1
0,0.9999835337910756,0
0,0.9999979078965158,0
1,0.9999991831974869,1
0,0.9999939998620904,0
0,0.9998804726940075,0
0,0.9999999999787835,0
0,0.9999889588237684,0
1,0.9998810716339096,1
1,0.9999995163411161,1
0,0.9999941270888413,0
1,0.9999999987241455,1
1,0.9999990187053164,1
1,0.9999941752489947,1
1,0.9998640111438523,1
1,0.9999950158996175,1
1,0.9999993327738812,1
1,0.9999999998979645,1
0,0.9998271152112864,0
0,0.9999834565107972,0
0,0.9999999740311296,0
0,0.999999995720373,0
1,0.9999872345648325,1
0,0.9999997263957049,0
0,0.9999999999687965,0
0,0.9999999362760441,0
1,0.9999999379643795,1
1,0.9999972165256066,1
0,0.9999999999864925,0
1,0.9999999999378413,1
0,0.9996999763353647,0
0,0.9999999999735203,0
1,0.999962591729132,1
0,0.9999999071145218,0
0,0.9999785429774612,0
0,0.9999999718131212,0
0,0.9999608261838381,0
0,0.9999860953714181,0
1,0.9999998622786662,1
0,0.9998849025646556,0
0,0.999997186245944,0
0,0.9999662506291188,0
1,0.9999985538648316,1
1,0.9999995598132626,1
1,0.9997473674345035,1
1,0.9999987109763626,1
1,0.9995799952966368,1
0,0.9999994402718806,0
0,0.9999998710357719,0
1,0.9999901065961481,1
0,0.9999984533026822,0
1,0.9999998242636823,1
1,0.9999998136662754,1
1,0.9999197181046391,1
1,0.9999989524483746,1
0,0.9999620578906624,0
1,0.9999960601972872,1
0,0.9999871248720276,0
0,0.9998894296404881,0
1,0.9999163646432025,1
1,0.9999999785528406,1
1,0.9999999996590301,1
1,0.9999999999997173,1
0,0.999936686730778,0
1,0.9999769075876781,1
1,0.9999999473871625,1
0,0.999998917352208,0
0,0.999991543605307,0
1,0.9997094337150549,1
1,0.9999995903934339,1
0,0.9999101305184779,0
0,0.9999999883750273,0
0,0.999982952850762,0
0,0.999999985608008,0
1,0.9997620845422364,1
1,0.9999218282562854,1
1,0.9999999132188333,1
0,0.9999989356642074,0
0,0.9998944141769556,0
1,0.9998654436395077,1
0,0.9999999905344455,0
1,0.9999075123485919,1
0,0.9999998492259239,0
0,0.9999663922335273,0
1,0.9999996691044986,1
0,0.9999601802225853,0
0,0.9999996877734102,0
0,0.9999964474125353,0
1,0.9996367370580206,1
0,0.9999790566736853,0
0,0.9999999686002536,0
1,0.9999996914427673,1
0,0.9999999924855357,0
0,0.9999039699755913,0
1,0.9999659862547062,1
1,0.9998765530179243,1
0,0.9999999894588282,0
1,0.9999933060228988,1
0,0.9999587285287193,0
1,0.9999999992334156,1
0,0.9999481881337948,0
0,0.9999999116941655,0
1,0.9996914633287753,1
0,0.9999519259047099,0
0,0.999842723555501,0
0,0.9999843606084273,0
1,0.9999974779000408,1
0,0.9998404519708936,0
0,0.9999856570075775,0
1,0.9999998642720758,1
0,0.9999999766719315,0
1,0.9999969776042206,1
1,0.9999348032718602,1
1,0.9999999999971279,1
0,0.9999994036111042,0
1,0.9999846152410876,1
1,0.9998377406694249,1
1,0.9999919565351956,1
0,0.9999998593707231,0
0,0.9997397280175252,0
0,0.999999654576727,0
1,0.9999996221361431,1
1,0.9999410583761185,1
0,0.9999197658266115,0
0,0.9999999488660463,0
0,0.999983414113825,0
0,0.9999984666815285,0
0,0.9999937328453152,0
0,0.9999991117467398,0
0,0.9999966407159294,0
0,0.99989254889183,0
0,0.9999999978541545,0
1,0.999975344428784,1
0,0.9999952098906829,0
1,0.9998962163818224,1
0,0.9999997980145293,0
0,0.9994503750056901,0
1,0.9999999892073871,1
1,0.999995517924607,1
1,0.9999999146212342,1
0,0.9999552343195827,0
0,0.9999957503838485,0
0,0.9999952388531365,0
0,0.9999997851077428,0
1,0.9999809962973802,1
0,0.9999993964344317,0
0,0.9999998938415481,0
0,0.9998520162987494,0
1,0.9999999942872331,1
0,0.9999999055366219,0
1,0.999995405703941,1
1,0.9999999986640813,1
0,0.9999668819200195,0
1,0.999999815382811,1
1,0.9999999678009385,1
1,0.9999437411508286,1
0,0.9999998402401519,0
0,0.9999945067972654,0
0,0.9999864578085419,0
1,0.9999999757204877,1
1,0.9999999968091227,1
0,0.9999950443048525,0
1,0.9999984688117605,1
0,0.9999982447904432,0
0,0.99999723974294,0
1,0.999999927955097,1
0,0.9999991213198867,0
0,0.9999690752988573,0
1,0.9999999871419684,1
1,0.9997861192372618,1
1,0.9999247275609061,1
0,0.9999940653176819,0
1,0.9999999900258102,1
0,0.9999999926780312,0
1,0.9997714286445575,1
0,0.999981765960572,0
1,0.9999711064849552,1
1,0.9999999797731769,1
0,0.999762057333231,0
0,0.9999475240388316,0
1,0.9999056467418943,1
0,0.9999992485128936,0
0,0.9999795946167074,0
0,0.9999245262136435,0
1,0.9999999623868371,1
0,0.9998330020743952,0
0,0.999809492579577,0
0,0.9999999456339145,0
1,0.9999999999991793,1
1,0.9999800504107048,1
0,0.9999807848848424,0
1,0.9999998754786723,1
0,0.999986174184085,0
0,0.9999997794125411,0
1,0.9998919145623488,1
1,0.9999966065558581,1
1,0.9999983229353423,1
1,0.9999999721833371,1
0,0.9997607688027682,0
1,0.9998119055237981,1
1,0.9999983863916821,1
0,0.9999992150059365,0
0,0.9999928059143811,0
0,0.9997470908231109,0
0,0.999999079051152,0
1,0.9999916186314078,1
1,0.9985506114910788,1
1,0.9999935996310283,1
1,0.9999999907346585,1
0,0.9998750967576502,0
1,0.9999992328911875,1
1,0.9999999766845774,1
1,0.9999993518324766,1
1,0.9999758076829713,1
1,0.9999999687026385,1
1,0.9999917817242945,1
0,0.9999988966723654,0
0,0.9999898163413024,0
0,0.999991913112055,0
0,0.9997803652916147,0
1,0.9998046508560813,1
0,0.9999137921758581,0
1,0.9999999963038704,1
1,0.9999687371172461,1
1,0.9999856441348622,1
0,0.9999999303418792,0
0,0.9999999984668794,0
0,0.999834795803757,0
0,0.9999999999977857,0
0,0.9999999834244329,0
0,0.9999991734921075,0
1,0.9999999999901765,1
1,0.9999855644076039,1
0,0.9999963420700578,0
1,0.999999962254099,1
0,0.9999999799394614,0
0,0.9999295997085711,0
1,0.9999622879205219,1
1,0.9998174527834222,1
0,0.9999963713857396,0
0,0.9999999999760908,0
0,0.9999997504396603,0
1,0.9993047585507389,1
1,0.9999970770017971,1
1,0.9999976090970969,1
1,0.9998209937588961,1
1,0.9999286711086866,1
0,0.999999934771059,0
1,0.9997526910657641,1
1,0.99999997034884,1
1,0.9999967224661952,1
0,0.9999999782704609,0
0,0.9999998856534572,0
0,0.9999990514237878,0
0,0.9999999545467086,0
0,0.9999926483510837,0
1,0.9998704839438066,1
1,0.9999999762131039,1
0,0.9999966444303992,0
1,0.9999999385761535,1
1,0.9999215064712305,1
1,0.9999674951005602,1
0,0.9999642272674024,0
1,0.9999992296610521,1
1,0.999999998319391,1
1,0.9999848369989452,1
0,0.9999222245738428,0
1,0.9999992481795451,1
0,0.9998767810109457,0
1,0.9999999999701314,1
0,0.9999978235786664,0
1,0.9999997393337923,1
1,0.9999880735905684,1
0,0.9999999946499086,0
1,0.9999999998637432,1
0,0.9993318406253079,0
1,0.999999999971807,1
0,0.9999781805910485,0
0,0.9999968997030573,0
1,0.9999172590204852,1
0,0.999995049400468,0
1,0.9999999995473376,1
0,0.9999990615737877,0
0,0.9999846156989924,0
0,0.9999818702591806,0
1,0.9999993148856159,1
1,0.9999650331501052,1
0,0.9999941514482745,0
0,0.9999948460614285,0
1,0.9999999825503479,1
1,0.9999989761406405,1
1,0.9999990456379939,1
0,0.999876002936159,0
1,0.9999992637706907,1
0,0.9999627642058979,0
1,0.9997162048626461,1
0,0.9999785889866148,0
1,0.9999999610825954,1
1,0.999999880742394,1
1,0.9999611797001872,1
0,0.9996785104146737,0
1,0.9999481921364402,1
0,0.9999993276578446,0
0,0.9999019335225948,0
0,0.9999976694913961,0
1,0.9997826988703042,1
1,0.9999999959887458,1
0,0.999954308688849,0
0,0.9999999978771411,0
1,0.9998608118811333,1
1,0.9999999859893838,1
1,0.9995369490511895,1
0,0.9999990980645461,0
0,0.9999074006639685,0
0,0.9999992481274759,0
0,0.99997204186597,0
0,0.9999999947145252,0
1,0.9995204747349096,1
0,0.9999862334175521,0
0,0.9999964672051287,0
0,0.9994550627618892,0
0,0.9999815903586486,0
0,0.9999992599992064,0
0,0.9999904383087916,0
0,0.9999873468634637,0
0,0.9999079443972949,0
1,0.9999961762021944,1
1,0.9998094158264189,1
0,0.9996607955010938,0
1,0.9999985509866582,1
0,0.9999999414577788,0
0,0.9999999996330927,0
0,0.9997699898931827,0
0,0.9999547060532017,0
1,0.9999997706835091,1
1,0.9999999998702549,1
0,0.9999183914480233,0
1,0.9999997322661289,1
0,0.9999997548636235,0
0,0.9999560264204179,0
1,0.9999994888636597,1
1,0.9999979411340584,1
0,0.9999999799213679,0
1,0.9999999873540294,1
1,0.9998964720018674,1
0,0.9999999288029903,0
1,0.9999529411824262,1
0,0.9997350101403938,0
1,0.9994978961870621,1
0,0.9999830948904216,0
1,0.9999998288927758,1
0,0.9999541393900615,0
0,0.9999985670382329,0
0,0.9999999907711196,0
1,0.9999989770309368,1
0,0.9999967299097812,0
1,0.9999998213730946,1
1,0.9999999997731843,1
0,0.9999985706956034,0
0,0.9999999664182393,0
1,0.9999999993756383,1
1,0.9997984918878555,1
1,0.9999999622082557,1
0,0.9999976297646166,0
1,0.9999941416781031,1
0,0.9999921269789418,0
0,0.9999999856389882,0
1,0.9998017395404516,1
1,0.9999881901647326,1
1,0.999999943245346,1
1,0.9999149589005853,1
0,0.9999999641991169,0
0,0.9999894077895742,0
0,0.9999990517404325,0
0,0.999986981797968,0
0,0.9999999251183943,0
1,0.9999780525762187,1
1,0.9999998732414378,1
1,0.9999993046430545,1
1,0.9999967253428808,1
1,0.9999999931314736,1
0,0.9997778038271586,0
0,0.9999993602963415,0
0,0.999991671130212,0
0,0.9999965727175161,0
0,0.9999972449674409,0
1,0.9999979434880617,1
1,0.9999999999993883,1
0,0.9999788385080091,0
1,0.9999999999959597,1
1,0.999999998244149,1
1,0.999768748897011,1
0,0.9999998890911109,0
1,0.999998177413747,1
1,0.9999666783561274,1
0,0.999991037082621,0
1,0.9999999978929308,1
0,0.999998839695684,0
1,0.9996438496962208,1
0,0.9999999998084074,0
1,0.9999986819264766,1
0,0.9999161056144348,0
0,0.999999841443617,0
1,0.9999999955178418,1
1,0.9999306067510629,1
1,0.9999675768592926,1
0,0.9999988871282821,0
0,0.9999870848123948,0
0,0.9999993221188623,0
0,0.9999996018270553,0
0,0.9999886786858929,0
0,0.999999106872528,0
1,0.9999999905198979,1
1,0.9999999957988803,1
1,0.999999636742157,1
0,0.9999997424260054,0
0,0.9999298579880951,0
1,0.9999412036935957,1
0,0.9999990393891622,0
0,0.9998904188306251,0
1,0.9999913695202173,1
0,0.9998562904135566,0
0,0.9999760468867122,0
1,0.9999999999932725,1
0,0.9997902415821835,0
1,0.9999999999597324,1
0,0.9999981932956671,0
0,0.9999852063805831,0
1,0.9995120685086296,1
0,0.999999958333509,0
1,0.9995298590992625,1
1,0.999988311019735,1
1,0.9999997025740274,1
1,0.9999993926643709,1
1,0.9999819900196334,1
0,0.9999999406084427,0
0,0.9999857610592023,0
1,0.9999965634016917,1
0,0.9999992671822276,0
1,0.9998894348707672,1
1,0.9999485033351003,1
1,0.9999999383175691,1
1,0.9999999734105749,1
0,0.9999996062546463,0
0,0.9999839070259257,0
0,0.9999965380563515,0
1,0.9999947514858876,1
0,0.9999665652046656,0
1,0.9999192157990953,1
1,0.9999999970933346,1
1,0.9999992762220895,1
1,0.9996801033752029,1
1,0.999999954535225,1
1,0.9999766029192371,1
1,0.9999999931475532,1
0,0.9999379638534994,0
1,0.9999976454426834,1
1,0.9999993510140988,1
0,0.9999913495969848,0
1,0.9999533615793783,1
0,0.9999999995884404,0
1,0.9999042698198947,1
1,0.9999999997679716,1
1,0.9999996948611444,1
1,0.9999303448450675,1
1,0.9999999988327093,1
0,0.9999999647509183,0
0,0.9999999995587837,0
0,0.9999998070325458,0
1,0.9999956402623006,1
1,0.9999993842949072,1
0,0.9999999999499251,0
1,0.9998993690618337,1
0,0.9999989915696004,0
1,0.9999918063493508,1
1,0.9999064385377597,1
1,0.9999976783468272,1
1,0.999999844157834,1
0,0.9999775582121659,0
0,0.9999999999916866,0
0,0.9999919335189471,0
0,0.9999323102247298,0
1,0.9992821705695646,1
1,0.9998858935418888,1
0,0.9999999860223765,0
0,0.9999356313872696,0
1,0.9999995852809836,1
0,0.9999994198633084,0
0,0.9999993653635182,0
1,0.999999586059425,1
0,0.9997620526377836,0
0,0.9998710456799764,0
0,0.9998244129763685,0
0,0.9999999995161284,0
0,0.999999401416478,0
1,0.9997770286323698,1
0,0.999991289090534,0
0,0.9999296643268655,0
0,0.9999547060985733,0
1,0.9999904644414053,1
0,0.999980645780058,0
0,0.9999997028485839,0
0,0.9999869968139047,0
0,0.9991904431949414,0
1,0.999999989469145,1
0,0.9999995300832303,0
0,0.9993037911898071,0
0,0.9999134093075386,0
1,0.9999995708981801,1
0,0.9999943258803045,0
0,0.9996728592519531,0
1,0.9999999988455432,1
0,0.9999987773487835,0
0,0.9999910300665005,0
1,0.9999450470477891,1
0,0.9999930385797403,0
0,0.9999995826203575,0
1,0.9999248253102112,1
0,0.9999997912562959,0
1,0.999989792153554,1
1,0.9999572226630808,1
0,0.999855550883884,0
1,0.9999999999318963,1
1,0.9999872498116388,1
0,0.9999883321187664,0
0,0.9991528481848593,0
1,0.999999999994426,1
1,0.9999933856702548,1
0,0.9999999823288498,0
0,0.9999999590173485,0
1,0.9999999725272176,1
0,0.999989194148151,0
0,0.999995389734586,0
0,0.9999980541827795,0
0,0.9999371428425387,0
1,0.9999469136902993,1
1,0.9999923818455798,1
1,0.9997508205106599,1
0,0.9999883472832164,0
1,0.999999981143613,1
0,0.9999041192362423,0
1,0.9999999996743834,1
1,0.9999999815283612,1
0,0.9995079103389912,0
1,0.999987499091391,1
0,0.9999995972654867,0
1,0.9999999999910829,1
0,0.9997716620791041,0
1,0.9999995710625055,1
0,0.999110517027435,0
1,0.9999986878085975,1
1,0.9993949387064346,1
0,0.9999999975121323,0
1,0.999852190548035,1
1,0.9999543968659884,1
1,0.9999942032151554,1
0,0.9999976464418914,0
1,0.9999938583056759,1
0,0.9999989064615887,0
0,0.9997460789340361,0
1,0.9999549952944591,1
1,0.9999100448850496,1
1,0.9999998659901035,1
1,0.9999999919827635,1
0,0.9999918910115518,0
1,0.9999998600978934,1
0,0.9999337000650296,0
1,0.9999676199744487,1
0,0.9998608579285916,0
0,0.9999995064524766,0
0,0.9999830130207796,0
1,0.9999605223114706,1
0,0.9999181182784815,0
0,0.9999984154345121,0
1,0.9999991676738327,1
1,0.9999999844926142,1
0,0.9999976851147965,0
1,0.9999832536170493,1
0,0.9999183515950862,0
1,0.9999997321179803,1
0,0.9999938295391678,0
1,0.9997304165950028,1
0,0.9999999989884275,0
0,0.9999987314496244,0
0,0.9999982257714346,0
1,0.9999997809382757,1
0,0.9999994776391155,0
0,0.9999935057803917,0
0,0.999947548618944,0
0,0.9998349127263668,0
0,0.9999542674530648,0
1,0.999999735997444,1
1,0.9999948312397298,1
0,0.9999439761683717,0
1,0.9999575110404791,1
1,0.9999999993285558,1
1,0.9999520764122036,1
1,0.9999995865778023,1
1,0.999998328024015,1
0,0.9999180192372966,0
1,0.9999999433506174,1
1,0.9999652754693175,1
1,0.9999557109414534,1
0,0.9999494020527223,0
0,0.9999482880233866,0
1,0.9997585009106723,1
0,0.9997763490191588,0
1,0.999996077604816,1
1,0.9998157242698599,1
1,0.9999999998370526,1
0,0.9999727549989822,0
0,0.9999997688963314,0
0,0.9999311529046166,0
0,0.9999910203002996,0
1,0.9999999999987426,1
0,0.9999748653345363,0
1,0.9999999491688666,1
0,0.9999999900707209,0
1,0.999999998504745,1
1,0.999999996342275,1
1,0.9999780478258771,1
0,0.9995743710010223,0
0,0.9999986753250086,0
1,0.9999929994699644,1
0,0.9999936793210357,0
1,0.9999999998898588,1
0,0.9997970758479242,0
1,0.9999631214547747,1
1,0.9999668030250097,1
0,0.999998741467829,0
0,0.9999999880222799,0
0,0.9999999862688593,0
0,0.9999905263488548,0
0,0.999999020690109,0
0,0.9999999986435026,0
1,0.9999935566102888,1
1,0.9997107859615285,1
0,0.999993923376733,0
1,0.9999999941471132,1
1,0.9999994233465205,1
1,0.9999746553332782,1
0,0.9999859107821754,0
0,0.9999999823631239,0
1,0.9999690541864399,1
0,0.9999996450573586,0
1,0.9999127390825194,1
0,0.999999724679339,0
0,0.9999999313628729,0
0,0.9999782691569181,0
0,0.9999995962665421,0
1,0.9999634235672944,1
1,0.9997027566970231,1
0,0.999999990614153,0
0,0.9999786797532376,0
0,0.9999626960089094,0
0,0.9999993732391784,0
0,0.9999909334881716,0
1,0.9999999980205503,1
0,0.9999999820874564,0
1,0.9994422939905727,1
1,0.9999843291052598,1
1,0.9998088028046352,1
1,0.9999999903422155,1
1,0.9999377935533372,1
0,0.9999647548182938,0
0,0.9998024567697158,0
0,0.999999999035315,0
0,0.9999990272095769,0
1,0.9997879375747726,1
1,0.999819127676498,1
1,0.9999960081331005,1
1,0.9999999997901581,1
1,0.9999999264701763,1
1,0.9999999989413959,1
0,0.9994850659981552,0
1,0.9999993297506062,1
0,0.9999999165823998,0
0,0.9999612883548216,0
0,0.999999986987608,0
1,0.9999740811334525,1
1,0.999999999962305,1
1,0.9999998876713698,1
0,0.999989278853104,0
0,0.9999988527093296,0
1,0.9999862465761807,1
1,0.9999043057121298,1
0,0.9999999741972353,0
0,0.9999951313747892,0
0,0.9996238622475595,0
0,0.9997924862774091,0
0,0.9999999926445511,0
1,0.999999999929442,1
1,0.9999999945891604,1
1,0.999977035291495,1
0,0.999997007905399,0
0,0.9997910415955871,0
0,0.9999853157380655,0
0,0.9999999988821734,0
1,0.9998892188132826,1
1,0.9999996556660515,1
1,0.9999999991019615,1
0,0.9999999953349701,0
0,0.999502563135262,0
1,0.9997336488415554,1
0,0.9999652653077766,0
0,0.9999999999407537,0
1,0.9999999999976628,1
0,0.9999896990801868,0
0,0.9999996234272485,0
1,0.9999900341314464,1
0,0.9995260569536363,0
1,0.9999996885493103,1
0,0.9999730850664488,0
1,0.9999397760798181,1
1,0.9999356906581643,1
0,0.9999992433517165,0
1,0.9999999994984623,1
1,0.9999959874094912,1
0,0.999991961455,0
0,0.9999999982584219,0
1,0.9999838618409522,1
1,0.999999933551385,1
1,0.9999796519545788,1
1,0.9997021338853197,1
0,0.99999997596567,0
0,0.9998216343531928,0
1,0.9999971956216462,1
1,0.9999572353130378,1
1,0.9999340280333023,1
1,0.9997732122796603,1
1,0.9998591807809359,1
1,0.9999962631851339,1
1,0.999999997715951,1
0,0.9999802440122932,0
0,0.9999227240795044,0
1,0.99990645920754,1
0,0.9998413559387349,0
0,0.9999999231319503,0
0,0.9999992642848321,0
1,0.9999999986458039,1
1,0.9999984942000043,1
0,0.9999819757369841,0
1,0.999955529779418,1
1,0.9999997876486433,1
1,0.9999998254379117,1
1,0.9999163991259731,1
1,0.9999951917364251,1
1,0.9999999715597675,1
1,0.9999999957361605,1
0,0.9999578087782058,0
1,0.9999091098492485,1
1,0.9999965739831375,1
1,0.9999999999975164,1
1,0.999938324328971,1
0,0.9999990749655563,0
0,0.9999958327727985,0
1,0.9999175313589794,1
1,0.9998050836013815,1
1,0.9999694300535273,1
0,0.9997578295150337,0
1,0.9999996909589091,1
0,0.9999488821854484,0
0,0.9998014681291321,0
1,0.9999999994757365,1
0,0.9999999592248632,0
1,0.9999533799364569,1
0,0.9999735751589175,0
0,0.9999084521731223,0
1,0.999982282300738,1
1,0.9999999999879112,1
0,0.9999848165969786,0
0,0.999832097025256,0
0,0.9999999643596783,0
1,0.9999957523186087,1
1,0.9999999524195655,1
0,0.9999999708666893,0
1,0.999997812539665,1
0,0.9999996504685525,0
0,0.9999999754978312,0
0,0.9999937497658118,0
1,0.9999945905138651,1
1,0.9999999995270314,1
0,0.9999993159348114,0
1,0.9999972374008331,1
1,0.9999999998862916,1
1,0.9999894225789515,1
1,0.9999999999354252,1
1,0.9999997135950579,1
1,0.9997932494695969,1
0,0.9998228699830805,0
1,0.9999999876708118,1
1,0.9999999985762085,1
0,0.9999989140223108,0
1,0.9999855746308252,1
0,0.9997052092511738,0
1,0.9999999788681102,1
0,0.9999988891997942,0
1,0.9999951704070598,1
1,0.9998095611950903,1
0,0.9999998711691241,0
1,0.9999999999999754,1
0,0.9999997420329734,0
1,0.9999999128713641,1
0,0.9999480712641275,0
0,0.9999321153812295,0
0,0.999953875004647,0
0,0.9999999950078202,0
1,0.9999997354847261,1
1,0.9999141025061938,1
1,0.9999959278329479,1
0,0.9996495079384098,0
1,0.9999864992757626,1
1,0.9995755281856306,1
1,0.9999920707177993,1
0,0.9999340799005562,0
0,0.9999629116363313,0
1,0.9999606415181637,1
1,0.9999112452426753,1
0,0.9999892053567035,0
1,0.9999999911614527,1
0,0.9999979861119748,0
0,0.9999815430421827,0
0,0.9999983391595363,0
0,0.999999464734093,0
1,0.9998096338488237,1
1,0.9999989894351483,1
0,0.9999999554649711,0
0,0.9999964585205589,0
0,0.9999951994772733,0
0,0.9999987224947235,0
1,0.9999998871642736,1
1,0.9999842500777562,1
1,0.999999790864815,1
0,0.9999999999573685,0
1,0.9998140067733406,1
1,0.999999857039148,1
1,0.9999992862273205,1
0,0.9999678524983399,0
0,0.9999248771795018,0
0,0.9999849851417509,0
0,0.9999998215944789,0
1,0.9999999524090701,1
0,0.9990515890035138,0
0,0.9999966605725951,0
1,0.9999997289020268,1
0,0.9999648700253174,0
0,0.9998363708302181,0
1,0.9999999087844608,1
0,0.9999999994896172,0
0,0.9999958820271622,0
0,0.9999516165962592,0
0,0.9996902071291042,0
0,0.9999999999912389,0
1,0.9998777699793933,1
0,0.9999548576351847,0
0,0.9999833452775889,0
0,0.9998482583231865,0
1,0.9999999999999862,1
1,0.9999997918585943,1
1,0.9999141565990128,1
0,0.9999999999935059,0
1,0.9999446954360611,1
0,0.9997270560208688,0
0,0.9999525996476347,0
1,0.9999999928575187,1
0,0.9999970806415761,0
1,0.9999999877207174,1
1,0.9999238120553612,1
1,0.9999849658548797,1
1,0.9998809556180466,1
0,0.9999999988234158,0
0,0.9999981232485365,0
0,0.9999999025458023,0
1,0.9999920131402115,1
1,0.9999953704305883,1
1,0.9999999933991655,1
1,0.9999999995130882,1
0,0.9999999808374176,0
0,0.9999992836257077,0
0,0.9999999998996579,0
0,0.9999957477793726,0
1,0.9999999996383366,1
1,0.9999999505100219,1
0,0.9999819284776668,0
0,0.9999667460840955,0
1,0.9999999029239074,1
0,0.9999976748251632,0
0,0.9999998455873755,0
1,0.9992907761084389,1
0,0.9999832876834852,0
1,0.9999571757429756,1
0,0.9999310604278473,0
0,0.9997920010644433,0
0,0.9997896521050411,0
1,0.999999380913045,1
1,0.9999999803486571,1
0,0.9999999926307913,0
0,0.9999946779492628,0
1,0.9999999685121882,1
1,0.9999933201623432,1
1,0.9999961690988541,1
1,0.999762006764811,1
1,0.9999963123983666,1
1,0.9999988801586567,1
1,0.9999972968444364,1
1,0.9998788711597828,1
0,0.9999996756170315,0
0,0.9999999991679953,0
0,0.9999999949783385,0
1,0.9997542263274438,1
0,0.9995838280735164,0
0,0.9999702780533182,0
1,0.9999925826846693,1
1,0.9999999974065068,1
0,0.9998706983792014,0
0,0.9999932112787095,0
1,0.9998544825663797,1
0,0.999999996040599,0
1,0.9999913935048771,1
1,0.9999740838211052,1
1,0.9997759395302162,1
0,0.9999223091763318,0
1,0.9999893445136175,1
0,0.9999945418522764,0
1,0.9999998977261075,1
0,0.9999982850697258,0
1,0.9999789604002303,1
1,0.9998846866977961,1
1,0.9999999999543998,1
0,0.9999945537264899,0
0,0.9999904281347488,0
0,0.9998298925354324,0
1,0.9999999456058714,1
0,0.9999999728281662,0
0,0.9999908643705372,0
1,0.9999999998776163,1
0,0.9998521681433995,0
0,0.9999997386129402,0
1,0.9999991908898379,1
1,0.9999999993895072,1
1,0.9999999999169358,1
0,0.9999965132260094,0
0,0.9999932050359868,0
1,0.9995576305732387,1
1,0.9999775444540517,1
0,0.9999604491479647,0
1,0.9998084967448643,1
0,0.9999756597157105,0
1,0.999886236276038,1
1,0.9999999872906965,1
1,0.9999999049014882,1
1,0.9999999860260704,1
0,0.9999999989224418,0
1,0.999999996798604,1
0,0.9999996545574272,0
0,0.9999405701657621,0
1,0.9994859501711691,1
0,0.9999997851901692,0
1,0.999999994731479,1
1,0.9999751135667349,1
1,0.9999772055873332,1
1,0.9999898563467561,1
0,0.9999235138087953,0
0,0.9999994911784907,0
0,0.9999998805043631,0
0,0.9999203824685816,0
1,0.9999982973061111,1
1,0.9999451451324826,1
0,0.9999748331039441,0
0,0.9999967418115848,0
1,0.9995251549643488,1
1,0.9998647320024926,1
0,0.999999834594232,0
0,0.9999999638473495,0
0,0.9999964608534868,0
1,0.999915694960214,1
1,0.9997491929066813,1
1,0.9999772433930808,1
1,0.9997773072273616,1
0,0.9999964796363303,0
0,0.9995824060780925,0
1,0.9999996179821118,1
1,0.9992860589596259,1
0,0.9997601659848846,0
0,0.9998725166057973,0
0,0.9999996747143156,0
0,0.9999854284675306,0
0,0.9999608755997089,0
1,0.999766899699493,1
0,0.9999999964853158,0
0,0.999999999289645,0
0,0.9999728903670709,0
0,0.9999996729856019,0
0,0.999697927327257,0
1,0.9998682146104703,1
1,0.9999674543139286,1
0,0.9999683022743299,0
0,0.9999999970764025,0
0,0.9999999928061599,0
0,0.9999999948128577,0
0,0.9999632155689938,0
1,0.9999996679751048,1
0,0.9999743027618265,0
1,0.9999976946363051,1
0,0.9997618909915922,0
0,0.9991959225423245,0
0,0.9997586616941652,0
0,0.9999999149356954,0
0,0.9997616992080672,0
0,0.9999993278538075,0
0,0.9999501622455177,0
0,0.9999986773628483,0
0,0.9999854170583925,0
0,0.999999983011449,0
0,0.9999998774891412,0
0,0.9999999987318403,0
1,0.9996288247285514,1
1,0.9999923075230119,1
1,0.9999915899117836,1
1,0.9998587942536666,1
1,0.9999690942298085,1
1,0.9999990490421259,1
0,0.9999999999749104,0
1,0.9999793964011646,1
0,0.9995538472485936,0
1,0.9999999999988187,1
1,0.9999658807262926,1
1,0.9997532272657227,1
1,0.9999995821863781,1
1,0.9999999886843541,1
0,0.9998910544212235,0
1,0.9998753393861997,1
1,0.9999999963100665,1
1,0.999879286486182,1
1,0.9999994240296752,1
0,0.9999997526117618,0
1,0.9999999995355091,1
0,0.9999991872602728,0
1,0.9999979419990491,1
0,0.999838223398855,0
0,0.9999752025414234,0
0,0.9999998233260569,0
0,0.9999934838102338,0
1,0.9996492114678681,1
0,0.9999871732117002,0
0,0.9999863943638367,0
1,0.9999999999134244,1
0,0.9998850340964158,0
0,0.9999998475518346,0
1,0.9999693758750234,1
0,0.9998777378116356,0
1,0.9999716218581247,1
1,0.9999626365393135,1
0,0.9999973717971329,0
1,0.9998859419696866,1
0,0.9999294949574555,0
0,0.9999999710982714,0
1,0.9999996231326657,1
1,0.9999988316391045,1
1,0.9999741151074261,1
0,0.9999880210252343,0
1,0.9999999982806447,1
0,0.999980224658711,0
0,0.9999985465420109,0
0,0.9999930607010481,0
0,0.9999996213296597,0
1,0.9999137557138077,1
1,0.9999982219939424,1
0,0.9998959311547777,0
1,0.9999983716556321,1
0,0.9999635431655676,0
1,0.9994803491758815,1
1,0.9999999405168758,1
0,0.9999997633911283,0
1,0.9999999964733393,1
1,0.9998338037275902,1
0,0.9997696742599846,0
1,0.9999885662066655,1
0,0.9999486767407125,0
1,0.999999276696681,1
0,0.9999999895939384,0
0,0.9999999400809735,0
1,0.9999999959725083,1
1,0.9993105045105333,1
0,0.9999979678298025,0
1,0.9999939957744468,1
1,0.9999983690251979,1
1,0.9999649591802499,1
0,0.999975214028267,0
0,0.999953984075769,0
1,0.9999961096432329,1
0,0.999976680373466,0
0,0.9999852407374086,0
1,0.9999973690059251,1
1,0.9999999994750599,1
1,0.9999886904132148,1
1,0.9999989384892155,1
1,0.9999999921927128,1
1,0.9999998778315331,1
0,0.9999888965088758,0
0,0.999999468257444,0
1,0.9999999998470515,1
0,0.999829317509283,0
0,0.9999206391918602,0
0,0.9999991364784051,0
0,0.9999999956936148,0
0,0.9999340876742778,0
0,0.9998318347859616,0
0,0.9999997452590587,0
0,0.9999879547190906,0
0,0.9995511861259383,0
0,0.9999999288870492,0
1,0.9999229641244743,1
0,0.9999975726675114,0
0,0.9999894082621428,0
0,0.9999477375837299,0
0,0.9999883925755412,0
1,0.9999999999371865,1
1,0.9999999948684581,1
1,0.9999744351789579,1
1,0.9998999908370756,1
1,0.9998317212334425,1
0,0.9999998961628055,0
0,0.9999903045935048,0
0,0.9999912219241556,0
1,0.999999996082561,1
1,0.9999779411412825,1
1,0.9999946693476754,1
1,0.9999532890889701,1
1,0.9999999202429518,1
1,0.9996594303008746,1
1,0.9999016736733476,1
0,0.9999991361625695,0
0,0.999988471765959,0
1,0.9999999679792947,1
1,0.9999999718020222,1
1,0.9999727345610177,1
1,0.9999989345400825,1
0,0.9999975613341451,0
0,0.9999999997570407,0
1,0.99992384507299,1
0,0.9999565233602578,0
1,0.9999999410065309,1
1,0.9999897169828224,1
1,0.9999998589732383,1
0,0.9999999780023296,0
0,0.999983767072654,0
0,0.999984509821182,0
1,0.9991534872579771,1
0,0.9999999961925148,0
0,0.9999138668410625,0
0,0.9999455296329572,0
1,0.999790517854278,1
0,0.999942182528254,0
0,0.9999997731002008,0
0,0.999832422155699,0
1,0.999999997835989,1
0,0.9999999975330675,0
1,0.999191392589647,1
0,0.999998469385058,0
1,0.9999998996604783,1
0,0.9999780660650321,0
1,0.9999999612064774,1
0,0.9999999999578992,0
0,0.9999988386221547,0
1,0.9998354021106103,1
1,0.9999045531595215,1
1,0.9996304850231347,1
0,0.9999971662709399,0
1,0.9999999109785612,1
1,0.9998689939681686,1
0,0.999524792857516,0
1,0.9999314221461758,1
0,0.9999977601156624,0
1,0.9999964015751779,1
1,0.9999831534298856,1
1,0.9999692393660262,1
1,0.999999999044181,1
0,0.9999456224064635,0
1,0.9999999998191653,1
1,0.9997951392354536,1
0,0.9999670257759613,0
0,0.99999999967111,0
1,0.9999998522313519,1
1,0.9999458117072587,1
0,0.9999999933179315,0
1,0.9999997504598294,1
1,0.9999368530705792,1
0,0.999993750518637,0
1,0.9997755506486813,1
1,0.9998019234411589,1
1,0.999999972871575,1
0,0.9999773997827874,0
0,0.9999578179993046,0
1,0.9999382903667011,1
1,0.9999768422586792,1
1,0.9999937753143795,1
1,0.9997698625400026,1
1,0.9999999982357384,1
1,0.9999999751556599,1
1,0.9999541763239742,1
0,0.9999998143479618,0
0,0.999999384964442,0
0,0.9998619110129945,0
0,0.9999417480261111,0
0,0.9998990851929436,0
0,0.9999302950991166,0
0,0.9999999929156773,0
0,0.9999715350665035,0
1,0.9999899696928441,1
1,0.9999999948996405,1
1,0.9999866317059025,1
0,0.9999986179627675,0
0,0.9999999817796269,0
0,0.9999913459875593,0
1,0.9999994042478132,1
1,0.9999866899518092,1
1,0.999999939828122,1
0,0.9999999999313732,0
1,0.9999999996988211,1
0,0.9999996454972487,0
1,0.9999541679971102,1
1,0.9999941081418584,1
1,0.9999786228469412,1
0,0.9999999906190311,0
0,0.9999970789475318,0
0,0.9999028391192046,0
1,0.9999990010812083,1
1,0.9999941871754842,1
1,0.9999999987807602,1
0,0.9999996067307964,0
0,0.9998891705645554,0
0,0.9999999999920082,0
1,0.999999996159983,1
1,0.9999999743973074,1
0,0.9999052325955353,0
1,0.9999431078533603,1
1,0.9999871000698523,1
1,0.999991736611448,1
1,0.9998204801417508,1
0,0.9999301244939438,0
1,0.9999999923545856,1
1,0.9999990665823733,1
0,0.9999988958391965,0
0,0.9999999581306264,0
0,0.9997750602871899,0
1,0.999911463549678,1
1,0.9999243751400566,1
0,0.999982282836306,0
0,0.9999985178214453,0
1,0.99987512905684,1
1,0.999999807362743,1
0,0.9998870605572578,0
0,0.9999927380312873,0
0,0.9997384912629504,0
0,0.9999751370849784,0
1,0.9999997760746158,1
0,0.9999929838151989,0
1,0.9999999999848614,1
1,0.9998668641358838,1
1,0.9999999999792382,1
0,0.999625498623435,0
0,0.9999975983864507,0
1,0.9999359957469939,1
0,0.9996228097200501,0
0,0.9999998285278164,0
1,0.9999998357384571,1
1,0.9999999633126178,1
1,0.9999591989847822,1
0,0.9999207089784109,0
0,0.999999990477293,0
1,0.9991395657598393,1
1,0.9999689912521262,1
0,0.9999855762645703,0
0,0.9999999804250289,0
1,0.9999998512162404,1
1,0.9999998616214671,1
1,0.9999970650354466,1
0,0.9999900124184531,0
0,0.9999903984463964,0
1,0.999994703886555,1
1,0.9999999095703151,1
1,0.9999941854229945,1
1,0.9999916533579037,1
1,0.9999999944945133,1
1,0.999996852375786,1
0,0.9999923659828212,0
1,0.999999780508295,1
0,0.9999484977057674,0
0,0.9999999216972663,0
1,0.9999987292443534,1
1,0.9999998704603635,1
0,0.9999997318580385,0
1,0.9999999795120387,1
1,0.9999999983280519,1
1,0.9999977879037083,1
0,0.99999937482943,0
1,0.9995549009758627,1
0,0.999999028177263,0
1,0.9999913078578289,1
0,0.9999646267762388,0
0,0.99999994596784,0
0,0.999999995758982,0
1,0.99977768609002,1
0,0.9998455146218725,0
0,0.9999880405856436,0
0,0.9999739406884531,0
0,0.9999998445743321,0
1,0.9999999999185989,1
1,0.9999991082289316,1
0,0.999999994221255,0
0,0.9999999947298553,0
1,0.9998960340018959,1
1,0.9999999841466329,1
0,0.9997853883745131,0
0,0.9999997498133476,0
0,0.9999968085345743,0
1,0.999999994419783,1
1,0.9999986272752234,1
0,0.9999999992700069,0
0,0.9999999698253127,0
1,0.9999999990571726,1
0,0.9999989205879946,0
1,0.9999753574795688,1
1,0.9991642743547692,1
1,0.999998384352146,1
1,0.9999511940241281,1
1,0.9999652049332142,1
1,0.9999999645269052,1
1,0.9999693184018666,1
1,0.999994114411974,1
1,0.9999992635568705,1
1,0.9999021704209501,1
0,0.9999999595095775,0
0,0.9999968429185807,0
0,0.9999994332933694,0
0,0.9997086084907424,0
0,0.9999818844903338,0
1,0.9999337195036575,1
1,0.9999994903723245,1
0,0.9999863611848699,0
0,0.9999999339254275,0
1,0.9999164079417516,1
0,0.9999981872274801,0
0,0.999976870261246,0
1,0.9999996660039233,1
0,0.9978170410871486,0
1,0.9999972007882595,1
1,0.9999999893337183,1
1,0.9999648375334429,1
0,0.9999987198528857,0
0,0.9999628535303635,0
1,0.9999864354904116,1
0,0.9999997476386063,0
0,0.9999966616703608,0
1,0.9999910226316903,1
0,0.9999964090412867,0
1,0.9999999999994991,1
1,0.9999970212619413,1
0,0.9999933688032272,0
0,0.9999999974814789,0
1,0.9999524595708795,1
0,0.9994171289234668,0
1,0.9999996419591747,1
1,0.999892468901933,1
1,0.9999393683147731,1
1,0.9999999985067187,1
1,0.9999966998115835,1
1,0.9999693868766516,1
1,0.9998618309633841,1
0,0.9999999996691423,0
0,0.999999967543029,0
1,0.9999999999982891,1
0,0.9999999992543055,0
1,0.9999410105560217,1
1,0.9999962463083671,1
0,0.9999997643878367,0
0,0.9999762614512965,0
0,0.9999995064388665,0
0,0.9999809831459311,0
0,0.9999933196169655,0
1,0.9999930259346389,1
1,0.9999999999998741,1
0,0.9998905382935496,0
1,0.9999999928946273,1
1,0.9999996631041623,1
0,0.9999999999093224,0
1,0.999925228100695,1
0,0.9999253655979313,0
1,0.9998095300970503,1
1,0.9999849582893677,1
1,0.9999997280055741,1
0,0.9999983895461991,0
1,1.0,1
1,0.9996565475295011,1
1,0.9998428475236328,1
1,0.9999999993570081,1
0,0.9999994199604676,0
0,0.9999904710499136,0
0,0.9996662052049787,0
1,0.9999202476123863,1
1,0.9999999893182482,1
0,0.9999995635488108,0
1,0.9993529342492896,1
1,0.9999200292084862,1
0,0.9999937967547875,0
0,0.9999672301972458,0
1,0.9999007001635076,1
0,0.999728041181638,0
0,0.999977436388609,0
0,0.9999998299463805,0
0,0.9999998671312282,0
0,0.9999949364508187,0
1,0.9995885023670376,1
1,0.9999999999675604,1
1,0.9998870368725132,1
0,0.9999993872491911,0
0,0.9998877194870879,0
0,0.9999999994321227,0
0,0.9999995155997894,0
0,0.999997854406296,0
1,0.9988852050287268,1
1,0.99999999980521,1
1,0.9999866185847349,1
0,0.9999876139371483,0
0,0.9999934330638728,0
0,0.9999999987729415,0
0,0.9999460106273267,0
1,0.9999996551786349,1
1,0.9999982129039398,1
1,0.9999996984421492,1
0,0.9999935504591763,0
0,0.9999996318866876,0
1,0.9999523911213988,1
1,0.9997475869360024,1
0,0.9999683581169058,0
0,0.9991976362729477,0
0,0.9999528556541506,0
0,0.9999999977618493,0
0,0.99999288229459,0
1,0.999998443473944,1
0,0.999956709303326,0
0,0.9999963820060049,0
0,0.9997713303658805,0
0,0.9998657134353378,0
0,0.999999988702269,0
1,0.9999788484311241,1
0,0.99999811953426,0
1,0.9999749742798374,1
0,0.9999996507900655,0
1,0.9999989609279579,1
0,0.999999998713899,0
0,0.9997885274338849,0
1,0.9999999555632593,1
1,0.9999999997391922,1
0,0.9999752135444978,0
1,0.9993477670322545,1
0,0.999994092129657,0
0,0.9999999979342156,0
0,0.9999966574890722,0
1,0.9999999511731451,1
0,0.9999169962128286,0
1,0.9999816889291172,1
0,0.9999984075338904,0
1,0.9999854698901705,1
0,0.9999989032989895,0
0,0.999961240626652,0
0,0.9999999941360584,0
1,0.9999998976660964,1
0,0.999999991777353,0
0,0.999882473083334,0
1,0.9999999989074029,1
1,0.9999999933362131,1
0,0.9999999954828153,0
1,0.9998648117615123,1
0,0.9999982931674034,0
0,0.9999974420303996,0
1,0.9999999939243203,1
0,0.9999999897539918,0
1,0.9999999978359511,1
0,0.9999567336307379,0
1,0.9999999623421635,1
1,0.9999985599207076,1
1,0.9999999918577834,1
1,0.9999998767539363,1
0,0.9999994713125796,0
1,0.999999998578184,1
1,0.9999779981939323,1
0,0.9999693262529549,0
0,0.9999182169813271,0
0,0.9999797810413881,0
0,0.999999657479765,0
0,0.9999990921534516,0
1,0.9999991080748274,1
0,0.9999215941020958,0
0,0.9999964598942451,0
0,0.9994929892629454,0
1,0.9999965620055633,1
1,0.9999999721265093,1
0,0.9999997664150808,0
1,0.9999962611978491,1
0,0.9991458622916759,0
0,0.9999791300763582,0
0,0.9999983597229244,0
0,0.9998191162655312,0
0,0.9999915939442773,0
1,0.9999888696173224,1
1,0.9999999982401164,1
1,0.9999944791336307,1
1,0.9996632234867842,1
0,0.999785944357576,0
1,0.9998642933627389,1
0,0.9999490096115673,0
1,0.999969076112958,1
0,0.9997730406343364,0
1,0.9999992573324099,1
1,0.9999999998936779,1
1,0.9999990355079801,1
0,0.9999977576639594,0
1,0.9999999725309409,1
1,0.999999933711168,1
1,0.9999988383948131,1
0,0.9999988980562865,0
0,0.9996687011567702,0
1,0.9999688319307755,1
0,0.9999999505654913,0
1,0.9999733790102068,1
0,0.9998652635238651,0
0,0.9999999994259817,0
1,0.9999950856290876,1
0,0.9999999999494705,0
1,0.9999996232828243,1
0,0.999999946499102,0
0,0.9999973060291795,0
1,0.9999825882033941,1
0,0.9999977987411196,0
1,0.9999947331619597,1
1,0.9998627434739039,1
0,0.9999991105387451,0
1,0.9999873892752458,1
1,0.9999999774941283,1
0,0.9999531012392099,0
1,0.9999195292369778,1
0,0.9999965588088402,0
0,0.9999993658651999,0
0,0.9999833278712165,0
1,0.9999998628918426,1
0,0.9999853932398395,0
0,0.9999802400002187,0
0,0.9999985966343132,0
1,0.9999984451218953,1
1,0.9999993582248083,1
0,0.9991665449991407,0
1,0.9999925825639854,1
1,0.9999273920840531,1
1,0.9999990475515806,1
0,0.9999944625347195,0
0,0.9999999493619716,0
0,0.9999997098588909,0
0,0.999997539063788,0
0,0.9999984060219506,0
1,0.9999935222411261,1
1,0.9999878451249847,1
0,0.9999988673860016,0
1,0.9999989171578959,1
0,0.9997577253362341,0
1,0.9997988959425874,1
0,0.9999999970289156,0
0,0.9999961230439023,0
0,0.9998419599233291,0
0,0.9998229736410776,0
0,0.9999996594116936,0
0,0.999993203461256,0
0,0.9992234796909877,0
0,0.9999892891289976,0
0,0.9999996818915042,0
0,0.9999954748139724,0
1,0.9999977184645861,1
0,0.9999951128853172,0
0,0.9999615869562366,0
1,0.9999347266984252,1
0,0.9999990191630495,0
0,0.9999982830838079,0
0,0.999999969184609,0
1,0.9999252011967991,1
1,0.9999614372679936,1
0,0.9999952691921724,0
0,0.9998539557586633,0
0,0.999922383612064,0
0,0.9999999998808724,0
0,0.9999423474713328,0
0,0.9998899517771709,0
1,0.9999978759521394,1
0,0.9999991550329507,0
0,0.9999997695373919,0
1,0.9999964999333836,1
1,0.9999998452990282,1
1,0.9999999999999287,1
0,0.9999979695384292,0
0,0.9999998861646633,0
0,0.999999721074005,0
1,0.9999999892102959,1
0,0.9999999751079865,0
0,0.9999994168423386,0
0,0.9998857866646443,0
0,0.9999999960183654,0
1,0.9999999772410458,1
1,0.9999999999820153,1
1,0.9996362997670611,1
0,0.9999998568575228,0
0,0.9999619238859649,0
1,0.9998622954474531,1
1,0.9999999913189211,1
1,0.9999999997650264,1
1,0.9999993326599536,1
1,0.9999999377287135,1
1,0.9999999329580402,1
1,0.9999999997907878,1
1,0.9999999970721949,1
0,0.9999955453439465,0
1,0.9999993644143047,1
0,0.9999436258686212,0
1,0.999972165231492,1
0,0.9999999562231128,0
0,0.9999902978722842,0
1,0.9998910627883995,1
1,0.999999999837309,1
0,0.999985966902907,0
0,0.9999999823677795,0
1,0.9999999404090147,1
0,0.999980576994874,0
0,0.9998563462109791,0
1,0.9999999958025549,1
1,0.999999883682201,1
0,0.9999997992365101,0
0,0.9996690974765886,0
1,0.9999999998779743,1
1,0.9999293555481092,1
0,0.9999968273267454,0
1,0.9999999604011154,1
0,0.9998477861531135,0
1,0.9999924694259135,1
1,0.9999947334603724,1
0,0.9999822057802057,0
0,0.9999999994263884,0
0,0.9999999862200912,0
0,0.9999999202586729,0
1,0.9999749013494514,1
0,0.9999997621497941,0
1,0.9999991624315826,1
1,0.9999999959176302,1
0,0.9999963594675544,0
1,0.9999990942193058,1
1,0.9999761985503505,1
0,0.9999920281809805,0
1,0.9999978591198221,1
0,0.9999999963294693,0
0,0.9999954708427565,0
0,0.9999998544337645,0
0,0.9999714515766982,0
1,0.9999929958931681,1
1,0.9999996418947016,1
1,0.9999999997141946,1
0,0.9999996909794414,0
1,0.9999974305227535,1
0,0.9999666850537532,0
1,0.9999995297096536,1
0,0.9999737645395169,0
0,0.9999990400124961,0
1,0.9999918868149976,1
1,0.9998881479279645,1
1,0.9999993004483312,1
0,0.9999093688222577,0
1,0.9999053670773544,1
1,0.9998122976374234,1
1,0.9999997567028239,1
0,0.9996736980682295,0
0,0.9999955980899012,0
0,0.9999995978328008,0
0,0.9998704628303482,0
0,0.9999940282789038,0
0,0.9999244226151842,0
1,0.9997775787928121,1
1,0.9999962212279624,1
1,0.9999999468590434,1
1,0.9999980934806969,1
0,0.9999306283268896,0
1,0.9998814849482769,1
0,0.999999967883068,0
1,0.9998511170220008,1
1,0.9998865444818276,1
0,0.9999993086203108,0
1,0.9999754090426924,1
1,0.9999990254193317,1
1,0.9999955677533072,1
1,0.9999999498324642,1
1,0.9999907376242462,1
1,0.9999841530921862,1
0,0.9999944361397791,0
0,0.999999993632622,0
0,0.9999098329392236,0
1,0.9999999991145587,1
1,0.9999999660354508,1
0,0.9999241288491033,0
1,0.999998788021042,1
0,0.9999779863295353,0
0,0.9999999826109728,0
1,0.9997887626201456,1
1,0.9995646294403029,1
1,0.9999830773316318,1
0,0.9999999921721385,0
0,0.9999968607846393,0
0,0.9999999999847237,0
0,0.9999999050977854,0
1,0.9999998889489915,1
0,0.9999995947303859,0
1,0.9999999995220061,1
0,0.9999697631293738,0
0,0.9999999995256299,0
1,0.9999988623991297,1
0,0.9999992681922861,0
0,0.9999990373597722,0
1,0.9997281714673595,1
1,0.999974059319449,1
0,0.9999274488364691,0
1,0.9999556369523378,1
1,0.9999999995730642,1
0,0.9997248730433953,0
0,0.999980181544197,0
1,0.9999962905661212,1
0,0.9999999787939206,0
1,0.9999315430223712,1
0,0.9999999306087402,0
1,0.9999808344602991,1
1,0.9999863721894898,1
1,0.9999916019856562,1
1,0.9999990919519154,1
0,0.9999690878939388,0
0,0.999998863376097,0
0,0.9999999220015885,0
0,0.9999999966602707,0
1,0.9999155557741197,1
0,0.9999162231945022,0
1,0.9998237856659052,1
1,0.9999966192583453,1
1,0.9999997018160706,1
0,0.9999999168365132,0
0,0.9999707186037368,0
0,0.9999969790273313,0
0,0.9999878024981376,0
1,0.9998923463625455,1
1,0.9999995919703313,1
0,0.999998224013465,0
0,0.9999953025582111,0
0,0.9998843756864074,0
0,0.9999981635959857,0
0,0.999996822485603,0
0,0.9999774206704183,0
0,0.9999722792817013,0
0,0.9999977770695291,0
1,0.9999997654842926,1
0,0.9999966386769411,0
1,0.9999999397475997,1
0,0.9997829637971567,0
1,0.999999998030132,1
0,0.9997300096928732,0
0,0.9999999817947397,0
1,0.9999998039574309,1
1,0.9999999999717335,1
0,0.9999885798441995,0
0,0.9999961884901057,0
0,0.9999286955703937,0
0,0.9998321479912212,0
1,0.9999999971805655,1
0,0.9999999741527346,0
1,0.999999999349555,1
1,0.9999999985886872,1
0,0.9999999968306001,0
0,0.9999967320426096,0
0,0.9999950974921811,0
1,0.9999999999999665,1
0,0.999999987256923,0
0,0.9996066356742553,0
0,0.9999995931608923,0
1,0.9998833682402197,1
1,0.9999999520123376,1
0,0.9999978448801015,0
0,0.9999999790245795,0
0,0.9999992782686467,0
0,0.9999984433513726,0
0,0.9999984109926264,0
1,0.9999999998907574,1
1,0.9999999131913273,1
1,0.9999999835098805,1
1,0.9999692050752681,1
1,0.9999198126505618,1
1,0.9999999916458792,1
1,0.999999433585335,1
0,0.9999845139087828,0
0,0.9999557791817186,0
0,0.9999861269559297,0
1,0.9999528996170609,1
0,0.9999999998033235,0
0,0.9995455243525391,0
1,0.9999999978466048,1
0,0.999999995110959,0
1,0.9993947078064935,1
0,0.9999998187870099,0
1,0.9999999775539669,1
1,0.9999544866282709,1
0,0.9999862222601491,0
1,0.9999937134980588,1
0,0.9999818204307125,0
0,0.9999601425813661,0
0,0.999982518338731,0
0,0.9999984255041903,0
1,0.9999999999992997,1
0,0.9999988399850227,0
0,0.9999704072995493,0
1,0.9999957360425555,1
0,0.9999999938257886,0
0,0.9999999684302961,0
0,0.9999998258711165,0
0,0.9999988006929815,0
1,0.9999226986492732,1
0,0.9999997086472159,0
1,0.9999505001811343,1
1,0.9999999961439094,1
1,0.9999982667691134,1
1,0.9999861462342777,1
0,0.9999970868665295,0
0,0.9999990552329414,0
1,0.9999915584468922,1
0,0.9999991333523124,0
1,0.9999999902269069,1
0,0.9998628534563445,0
0,0.9999977717448062,0
0,0.9999128604083031,0
0,0.9999705216186545,0
1,0.999880456234277,1
0,0.9998558561078722,0
1,0.9999706263548126,1
0,0.9999999953414435,0
0,0.999994873820715,0
1,0.9999533763461952,1
1,0.9999999999423599,1
1,0.9999999942384168,1
0,0.999993276011421,0
0,0.9999979818603165,0
0,0.9999998141612039,0
0,0.9999995614787204,0
0,0.9999998578435061,0
0,0.9999999959594144,0
1,0.9999801823662372,1
0,0.999989489526747,0
1,0.9998679071114205,1
0,0.9999957428414223,0
1,0.999444540621679,1
0,0.9999968017546569,0
0,0.9999969711944212,0
1,0.9999698595370337,1
0,0.9999956617555469,0
0,0.9999718439991109,0
0,0.9999993428357197,0
1,0.9999999938141599,1
0,0.9997249868493823,0
1,0.9999998444355518,1
1,0.9999999884988381,1
0,0.9999997252215911,0
0,0.9999995975486914,0
0,0.9999145378018289,0
1,0.9999999141489682,1
0,0.9999950059356107,0
1,0.9999937729398685,1
0,0.9999999999996391,0
1,0.9999999965635873,1
0,0.9999295082746334,0
1,0.9999990194744361,1
1,0.9999579777035599,1
0,0.9999811800055152,0
1,0.9999935662075787,1
1,0.9999999948684581,1
1,0.999998682912974,1
0,0.9999990025478772,0
1,0.9999986573312343,1
1,0.9999999885766012,1
1,0.9999755592277086,1
0,0.9999999964794934,0
1,0.9999684230075891,1
0,0.9999826125225402,0
1,0.9999867597949679,1
0,0.9999999632614107,0
0,0.999999126208397,0
0,0.9999109565159499,0
0,0.9999999834742193,0
1,0.999806894840618,1
0,0.9999856141816987,0
0,0.9999994009767806,0
1,0.999999303888743,1
1,0.9999947565437792,1
0,0.999963913289659,0
1,0.9998989764290238,1
0,0.9999994912117858,0
1,0.9999137091166493,1
1,0.999999995789058,1
0,0.9999465026686953,0
0,0.9999996622577821,0
0,0.9999999605638429,0
0,0.9999222165332743,0
1,0.9999998212677024,1
0,0.9999843061507621,0
1,0.9995694059353005,1
1,0.9999961162668773,1
0,0.9999988878206564,0
0,0.9999990765315341,0
1,0.9999911208491816,1
1,0.999824412268361,1
1,0.9999873046246088,1
1,0.9999962434271855,1
1,0.9999999393340971,1
1,0.9999322676875861,1
0,0.9999995592966386,0
1,0.9999999962802968,1
1,0.9999999999964306,1
0,0.9999719433723755,0
0,0.9999997933212965,0
0,0.999949670265698,0
0,0.9999973842673949,0
1,0.9996908649739937,1
0,0.9999996987536353,0
0,0.9992775322664984,0
1,0.9999999889454007,1
1,0.9999948686081609,1
0,0.9999822117429231,0
0,0.9999076160379367,0
0,0.9999997372883319,0
1,0.9999030083864889,1
1,0.9999999462104248,1
1,0.9996498213585339,1
1,0.9999999982585654,1
0,0.9999962690436703,0
1,0.9999997151843113,1
1,0.9997700975095323,1
1,0.9999998693923005,1
1,0.9999999977098046,1
0,0.9999971955889074,0
1,0.999999995076482,1
0,0.9999997864926112,0
0,0.9999997647007193,0
0,0.9999848304630677,0
0,0.9999989580704179,0
1,0.9999999091024034,1
1,0.999878094058014,1
1,0.9999571737951543,1
0,0.9997343150343642,0
0,0.9999999925701827,0
0,0.9999999587809689,0
0,0.9999994696944009,0
0,0.9999995663197575,0
1,0.9999955637363742,1
0,0.9999281025940487,0
1,0.9999999887762495,1
1,0.9999520301250188,1
0,0.9998099640197317,0
1,0.9999999943268507,1
0,0.9998607500961066,0
1,0.9999999989819524,1
0,0.99992759906098,0
0,0.9999846497276295,0
0,0.9995440475464848,0
0,0.999674008605543,0
1,0.999999966596262,1
1,0.9999982914997656,1
0,0.9999356183273324,0
1,0.9999883843128438,1
1,0.9996285666976602,1
0,0.9999997535615592,0
1,0.9999999999305926,1
1,0.9999999825774745,1
0,0.9999995721466381,0
1,0.9999916394699832,1
0,0.9999994184819229,0
1,0.9992203018356853,1
0,0.9999991732881701,0
1,0.9999960546398222,1
1,0.9999999975412579,1
1,0.999999999999361,1
1,0.9999999991357649,1
0,0.9999993887339796,0
1,0.999999789762281,1
1,0.9998837069480666,1
1,0.9999999697318906,1
0,0.99970916185005,0
0,0.9999999999875442,0
1,0.9999880098946439,1
0,0.9999914109639392,0
0,0.9999969937312448,0
0,0.9999965159686143,0
0,0.9999643135357846,0
0,0.9999986849673241,0
0,0.9999948976160931,0
1,0.9999999805159502,1
0,0.9999997645541114,0
1,0.9999498441011084,1
1,0.9999998137933599,1
0,0.9999995777111945,0
0,0.9995384658901514,0
0,0.9999998775079952,0
1,0.9999991068359694,1
1,0.9995067479731744,1
0,0.9999999425943086,0
0,0.9999994309452963,0
0,0.9999770740572856,0
0,0.9999089453024912,0
1,0.9999999997456834,1
0,0.9999965832906351,0
1,0.9999999974416773,1
1,0.9996988377814551,1
0,0.9999997549625405,0
0,0.999987689938582,0
1,0.9999999999942513,1
0,0.9999999941841989,0
1,0.9999702538989457,1
0,0.9999999984415057,0
0,0.999997076323093,0
0,0.99998855356585,0
1,0.9999999998920093,1
1,0.9999618994966646,1
1,0.99999625368825,1
0,0.9999961858793008,0
1,0.9999730509154526,1
0,0.9999980226446867,0
1,0.9999999661486296,1
0,0.9999985158770512,0
1,0.999867867153623,1
1,0.9998043090763578,1
0,0.9999910506790106,0
1,0.9999749829314997,1
0,0.9999999993762424,0
0,0.9998279839498303,0
1,0.9999993566513876,1
0,0.9998357337999729,0
1,0.9996368273928854,1
1,0.9999743098935368,1
0,0.9999890336863985,0
1,0.9999999998508691,1
0,0.999997709958856,0
0,0.9999997626281696,0
1,0.9999876469555505,1
0,0.9999648149696774,0
1,0.9999999074597291,1
0,0.9999435865014238,0
1,0.9999999460796327,1
0,0.9999794216199261,0
0,0.9999999581594394,0
0,0.9999999784371923,0
1,0.9999990463059121,1
0,0.9999999995381578,0
0,0.9999999234678746,0
0,0.9999999989809556,0
1,0.9999997212880687,1
1,0.9999999976548823,1
0,0.9999999827147444,0
1,0.99989119657276,1
0,0.9999997388870847,0
1,0.9999925452486325,1
0,0.9999991736486259,0
1,0.9998770008922601,1
0,0.9999690460076395,0
1,0.999999648918082,1
0,0.9999998529527373,0
0,0.999999739833676,0
0,0.9999523269465382,0
0,0.9999886340563727,0
0,0.9999998164904861,0
1,0.9999785665809809,1
0,0.9999999994729075,0
1,0.9995212775956176,1
1,0.9999993635630666,1
0,0.9999839141134509,0
1,0.9999876607181093,1
1,0.9999460525442394,1
0,0.9999999996318798,0
1,0.9998914675526203,1
0,0.9999996998408479,0
1,0.9999982920768624,1
1,0.999864138798611,1
1,0.9999249363982604,1
0,0.9999673626128733,0
1,0.999999866825874,1
1,0.9999886217730338,1
0,0.999281991665414,0
1,0.9999971308266448,1
0,0.9998380969316429,0
0,0.9999941082754636,0
0,0.9999999987681195,0
0,0.9999998334173495,0
0,0.9999997110933099,0
0,0.9999999999151324,0
0,0.999984280784991,0
0,0.9999216701540732,0
0,0.9999997698427108,0
1,0.9999912250434947,1
1,0.9999998157485712,1
0,0.9998892309733679,0
0,0.9999802587482092,0
1,0.9998864775273318,1
0,0.99996325209359,0
0,0.9999998293850126,0
1,0.999999999999867,1
0,0.9995767776704123,0
1,0.9999999970484952,1
0,0.999999999963089,0
0,0.999999375362514,0
0,0.9999998849924014,0
0,0.9994636293441046,0
1,0.9999999777811965,1
1,0.9999990941479505,1
1,0.9998477302068177,1
0,0.999999178290532,0
1,0.9999984205147058,1
1,0.9999999606330068,1
1,0.9998504863416355,1
1,0.9999842154197596,1
1,0.9999085152657031,1
1,0.9999848833668195,1
0,0.9999980855327688,0
1,0.9999958795543726,1
1,0.9999885546129889,1
0,0.999973491084272,0
1,0.999755842363112,1
0,0.9999943739847894,0
1,0.9999949532061769,1
0,0.9994688086562805,0
0,0.9999871532353679,0
0,0.9998871207217306,0
0,0.9999956178963202,0
0,0.9999998026563592,0
0,0.9999524395908589,0
1,0.9999984452367482,1
0,0.9999519078103395,0
0,0.9999997857194047,0
0,0.9998768616166791,0
1,0.9999992444372756,1
0,0.9997923934065184,0
1,0.9999997751796693,1
0,0.9999018787593371,0
1,0.9999946771175746,1
0,0.9999642201888894,0
0,0.9999844309751371,0
1,0.9999783279890959,1
1,0.9999994059284508,1
0,0.9999999938459888,0
0,0.9994895100772399,0
0,0.9999752264040783,0
0,0.9999978173520132,0
1,0.999998700610196,1
1,0.9999999999999629,1
1,0.9999833396669349,1
1,0.9999990117113718,1
1,0.9999994624515606,1
0,0.9999836172531935,0
0,0.999994367140425,0
0,0.9999999987971481,0
0,0.9998898172479187,0
1,0.9999979666969855,1
0,0.9999966414861977,0
1,0.9999966367872847,1
1,0.9999998432301781,1
0,0.9999765542192453,0
0,0.999999975894514,0
0,0.9993140751181628,0
0,0.9997588628277426,0
0,0.9999936276357061,0
1,0.999999399625752,1
1,0.9999910489444856,1
0,0.9999997162984834,0
1,0.9999971083487017,1
1,0.9999250168668583,1
1,0.999969857281732,1
0,0.9999997111824144,0
0,0.9999999985407272,0
0,0.9999999856702619,0
1,0.9999988109678031,1
1,0.9999999918110775,1
1,0.9999999952610541,1
0,0.9999999929629105,0
0,0.9999999990102786,0
0,0.9999999999972529,0
1,0.9999999999457876,1
1,0.9999098834575548,1
0,0.9999986839364404,0
1,0.9999975642228642,1
0,0.9992864560332114,0
0,0.9999999629562021,0
0,0.9999459224285157,0
1,0.9998173313852134,1
0,0.9999980817873461,0
0,0.999969951662186,0
1,0.9998167550542512,1
1,0.9999998297422185,1
0,0.9999294026387727,0
0,0.9999999851243885,0
0,0.9999286312036655,0
1,0.9999997116472849,1
0,0.9999989155911626,0
0,0.9999879414854621,0
0,0.9999997654858775,0
0,0.9999962606678596,0
1,0.9997201283229795,1
1,0.9999252940101145,1
0,0.9999999997232792,0
0,0.9998804596475044,0
1,0.9999999479693278,1
0,0.9999999551225657,0
0,0.9998462590067516,0
1,0.9999999859697117,1
1,0.9999941037095526,1
1,0.9999950722651317,1
0,0.9999997000134138,0
0,0.9999952552003006,0
0,0.9999999142681254,0
0,0.9999994836972256,0
0,0.9999994727948518,0
0,0.9999999995798605,0
1,0.9999080927744821,1
1,0.9999999999979716,1
0,0.9999993605198094,0
0,0.9999999994363635,0
1,0.9999235465065954,1
1,0.9999999999998292,1
1,0.9999670964264936,1
0,0.9999979801477733,0
0,0.9999996427748399,0
0,0.9999967136688981,0
1,0.9998742982189907,1
0,0.9998375511350138,0
1,0.9998021425083937,1
0,0.9999113282943907,0
0,0.999998495494821,0
1,0.999812743248578,1
0,0.9994963238109331,0
1,0.999998608530698,1
1,0.9998181297151302,1
1,0.9999020620744412,1
0,0.9999948555132852,0
0,0.9999999947565773,0
1,0.9997961898128956,1
0,0.9999932730010022,0
0,0.9999999637398334,0
1,0.9999805517610495,1
1,0.9999999997749194,1
0,0.9999979607148883,0
0,0.9999924469960245,0
1,0.9999629723676267,1
1,0.9999978463651965,1
1,0.9999999999913705,1
0,0.9995399704580884,0
0,0.9999999941615473,0
0,0.9999908642509158,0
0,0.9999792123094032,0
0,0.999999170094934,0
0,0.9999168956092226,0
0,0.9999927533792581,0
1,0.999999999096933,1
0,0.9999999932800399,0
0,0.9999666883190699,0
1,0.9999963174555673,1
1,0.9995354263195645,1
0,0.9998348800063948,0
0,0.9999775978908392,0
1,0.9999998480951284,1
1,0.999969502582726,1
0,0.9999973633584756,0
1,0.9998968509897505,1
0,0.9999870743841188,0
1,0.9999269627952384,1
0,0.9998484758237567,0
0,0.999999860565633,0
0,0.9999976597607405,0
1,0.9999999998499443,1
0,0.9999997949792702,0
0,0.9999561167760531,0
1,0.9998935260097487,1
0,0.9999948531273901,0
0,0.999998269746416,0
0,0.9999999999070622,0
0,0.9999947429072782,0
1,0.9998942441997388,1
1,0.9999999984411554,1
1,0.9999985260242547,1
1,0.999999999999988,1
0,0.999996793487906,0
0,0.9998709476179171,0
0,0.9999838445433032,0
0,0.9999978585667344,0
1,0.9999942602943493,1
0,0.9999992439415039,0
0,0.9999999765652541,0
0,0.9999990773163538,0
1,0.9999979198770473,1
0,0.9999948669465594,0
0,0.9999998699571266,0
0,0.9999922782600461,0
1,0.999999807040867,1
0,0.9995088652014347,0
1,0.9999999997521272,1
1,0.9999882102615169,1
0,0.9999999288381463,0
1,0.9999816331433821,1
0,0.9997538816152175,0
0,0.9999999849560803,0
1,0.9999999818011972,1
0,0.9999983716035276,0
1,0.9999999970824038,1
1,0.9996731992091953,1
1,0.9999706796519817,1
1,0.9999957899329828,1
0,0.9999884376015358,0
1,0.9999999988034396,1
0,0.9999997780915977,0
1,0.9999267846898886,1
1,0.999999710568172,1
1,0.9999999894426909,1
1,0.9999928773987801,1
1,0.9999996305318444,1
0,0.9999999234708179,0
1,0.999999191574401,1
0,0.9999954633337725,0
1,0.9999999997616245,1
1,0.9998467631764977,1
0,0.999999161455978,0
1,0.9999999990751289,1
0,0.9999948218730736,0
1,0.999992828916657,1
0,0.9999998736278584,0
0,0.9999408747564833,0
0,0.9999995981846542,0
0,0.9996289486176156,0
1,0.9998252154280757,1
1,0.9999999971784952,1
0,0.9999997756899827,0
0,0.9999999662721465,0
0,0.9992470262537582,0
0,0.9997471522088074,0
1,0.9999998672478255,1
1,0.999818586670095,1
1,0.9999975892997298,1
0,0.9999999947846865,0
1,0.9999986966876038,1
1,0.999999690208061,1
1,0.99997568063931,1
1,0.9999999510688324,1
0,0.9999999988318917,0
1,0.99999902044851,1
1,0.9998597088194697,1
0,0.9999980275485283,0
0,0.9992693405789319,0
0,0.9995127405438285,0
0,0.9999631711351767,0
0,0.9999999084570478,0
1,0.9999047068059826,1
1,0.9999781982612745,1
1,0.9999999993774198,1
0,0.9999903893795816,0
0,0.9999262976243245,0
1,0.9999996955173868,1
1,0.9999972792728778,1
1,0.9999998955085827,1
0,0.999851575088896,0
0,0.9999916406180899,0
0,0.999994031062989,0
1,0.9999998993900162,1
0,0.9999997691781898,0
0,0.9999770834900913,0
1,0.999999997802268,1
1,0.9999961644047991,1
1,0.9999995627300502,1
1,0.9998951956175707,1
0,0.9999570896848818,0
0,0.9999999758434637,0
0,0.9999397845755335,0
1,0.9999043125626323,1
1,0.9999835064483638,1
1,0.9999521713650644,1
1,0.999999999977669,1
0,0.9999999285775698,0
0,0.999997629760817,0
1,0.9999976382536225,1
0,0.9999999985771257,0
0,0.9999996646101932,0
1,0.9998355961849872,1
0,0.9999999535946836,0
1,0.9999478742770349,1
1,0.99999063225901,1
0,0.9998556052422454,0
1,0.9999078594512352,1
1,0.9999646481606361,1
0,0.9999540928899342,0
1,0.9999572323902278,1
1,0.9999987720982243,1
0,0.9999708292042587,0
1,0.9999856349528953,1
1,0.9999997223732358,1
1,0.9999953948701729,1
1,0.999999995465642,1
0,0.9999899476272978,0
1,0.999947989655033,1
1,0.9999969713352115,1
0,0.9999997687042168,0
0,0.9999999979497136,0
1,0.9999999935980048,1
0,0.9999233489226429,0
0,0.9999999453070546,0
1,0.9998731191065118,1
1,0.9998672975051351,1
1,0.9999999434969004,1
0,0.9999293456247691,0
0,0.9999956758215816,0
0,0.9999998386599246,0
0,0.9999732125258708,0
1,0.999999999748038,1
0,0.9999999984128866,0
0,0.9999994782472671,0
0,0.9999815735892027,0
1,0.9998519632820119,1
0,0.999999835186748,0
0,0.9999995638135825,0
1,0.9999995069407899,1
0,0.999998802202607,0
0,0.9999992846428204,0
0,0.9999996365233612,0
1,0.9996202869959859,1
0,0.9999858041205467,0
1,0.9999913011249267,1
1,0.999736768307946,1
1,0.9999996561628329,1
0,0.9999996504128906,0
0,0.9999938311449298,0
0,0.9999982787764755,0
1,0.999743127010064,1
1,0.9999886512153887,1
1,0.9999995968775564,1
1,0.9999999610365276,1
0,0.9999999989650187,0
1,0.9999999996657594,1
1,0.9998857355399765,1
0,0.9999980781969394,0
0,0.9999999880592747,0
0,0.9999999982253386,0
1,0.9999004637697373,1
0,0.9999953617193917,0
0,0.9999989202997318,0
1,0.9999999933119152,1
1,0.9999988543189108,1
1,0.9999561377218542,1
0,0.9999870601849462,0
0,0.9999598253880385,0
0,0.999999352323522,0
1,0.9999793079426705,1
1,0.9999998637797339,1
0,0.9999998319322804,0
0,0.999973301440777,0
1,0.9999962542969643,1
0,0.9999735432252648,0
0,0.9999903055008993,0
0,0.9999539646794782,0
0,0.9999179606334901,0
1,0.9999996843960032,1
1,0.9999963516231098,1
1,0.9999916868148533,1
0,0.9999989745827916,0
1,0.9999032392060165,1
1,0.9999978205193887,1
1,0.9999981127814976,1
0,0.9999993363355328,0
0,0.9999997877986814,0
1,0.9995750379518997,1
0,0.9999999623562699,0
1,0.9999999730798698,1
1,0.9999979286510999,1
1,0.9999992246299675,1
0,0.9999969080822048,0
1,0.9998208083955711,1
0,0.9999999567187983,0
0,0.9999962987157086,0
1,0.9999999953210437,1
1,0.9999969350727007,1
0,0.9999994612457324,0
0,0.9999996847326882,0
0,0.9999924059965454,0
0,0.9996124389041198,0
1,0.9999997362782287,1
1,0.9998701820019281,1
0,0.9999993536883055,0
1,0.9999512156792382,1
1,0.999999999657416,1
0,0.9999996291123013,0
0,0.9999933569623639,0
0,0.9999999380414737,0
1,0.999999999993282,1
0,0.999991005280009,0
0,0.9999999854716946,0
0,0.999881559946827,0
0,0.9999914617118729,0
1,0.9999286329281967,1
0,0.9999601054810879,0
1,0.9999999999887701,1
0,0.9999897310020827,0
0,0.9999995672147497,0
1,0.9999206220994846,1
1,0.9999721525568153,1
1,0.9998849699707142,1
0,0.9999999829819237,0
0,0.9999999971787524,0
1,0.999999997396622,1
1,0.9998954798543299,1
1,0.9999995881090158,1
0,0.9996372440770541,0
0,0.9999939742013289,0
1,0.9999999998645173,1
1,0.999935310351766,1
0,0.9997172919967181,0
0,0.9999968881531316,0
1,0.9999998452863927,1
1,0.9999991423664402,1
0,0.9999993352522477,0
0,0.9999832545512083,0
1,0.999999859064515,1
0,0.9999882429268533,0
0,0.99999949809016,0
1,0.9999923340386447,1
0,0.9999976829685766,0
0,0.9999661791424421,0
0,0.9999959915942925,0
1,0.9999998642691954,1
1,0.9999994831448693,1
0,0.9999999808086393,0
0,0.9999999999323184,0
1,0.9999999999809119,1
0,0.9999997802412062,0
0,0.9998778027513701,0
0,0.9999999965748039,0
1,0.9999960202677732,1
1,0.9999999347984059,1
1,0.9999999999877682,1
1,0.9999887602296846,1
0,0.9999999524831344,0
0,0.9999979885900561,0
0,0.9999749350235289,0
1,0.9999968375901567,1
0,0.9999995596499665,0
0,0.9999950828017057,0
0,0.9999978796623824,0
1,0.9999966849675872,1
0,0.9999313960138003,0
1,0.9999892830335311,1
1,0.9999998091373765,1
0,0.9998500540581446,0
1,0.9999999989692723,1
1,0.999993447391317,1
1,0.9999998526466494,1
1,0.9999999694793567,1
0,0.9999946863671202,0
0,0.9999248591863864,0
0,0.9999999708152986,0
0,0.9999055514104682,0
1,0.9999514710653743,1
0,0.9999976003184977,0
1,0.9999977543849136,1
1,0.9999460031454009,1
1,0.9999993139763413,1
0,0.9999989496457009,0
0,0.999988591333695,0
1,0.9999952005760785,1
0,0.9999999862637377,0
1,0.9999585947122882,1
0,0.9994516554040731,0
1,0.999995146866605,1
0,0.999993112479807,0
0,0.9999998934016039,0
0,0.9999999928011581,0
0,0.9999981722559464,0
0,0.9999975124326036,0
1,0.9999999871634692,1
0,0.9999999120000488,0
1,0.999999987997629,1
0,0.9999896092800981,0
1,0.9999915709461141,1
0,0.9999806426663402,0
1,0.9994579606529659,1
0,0.9999999469774067,0
1,0.9999998350865779,1
1,0.9999999572267848,1
0,0.9999998869661946,0
0,0.9999999831256255,0
1,0.9999998428837227,1
1,0.999999999958398,1
0,0.999997176741518,0
0,0.9999995415156585,0
1,0.9999999859479418,1
0,0.9999999209048775,0
1,0.9998693273317816,1
1,0.999905562911651,1
0,0.9999961397427172,0
1,0.9999266585046541,1
1,0.9999976673711521,1
0,0.999999428056928,0
1,0.9999995551788237,1
0,0.9999987544199205,0
0,0.9999997757531406,0
0,0.9999986861811304,0
0,0.9999990755733543,0
1,0.9999999742102486,1
0,0.9999999859347183,0
1,0.9999998948642723,1
0,0.9999656137676926,0
0,0.9999995406296672,0
0,0.9999043748621175,0
0,0.9999996196437799,0
0,0.9999864343731193,0
0,0.9999418239321367,0
1,0.9999999997604196,1
1,0.999979535263798,1
1,0.999999988125316,1
0,0.9999817773660798,0
1,0.9999216310971262,1
0,0.9999966163897763,0
0,0.9999999949017669,0
0,0.9999971918164842,0
0,0.9999962264964144,0
1,0.9999817586640626,1
0,0.9999994152050999,0
0,0.9999037113143414,0
0,0.99988522695502,0
0,0.9999998589823561,0
0,0.9999999967855618,0
1,0.9999999814197621,1
0,0.9999998352948943,0
1,0.9999930773470753,1
1,0.9999999981387582,1
1,0.9999999908440734,1
1,0.9999999931529524,1
1,0.9999999343406806,1
1,0.9999999979981562,1
0,0.9999983973471338,0
0,0.9999778426433265,0
0,0.9999870002799988,0
1,0.999995397975776,1
1,0.9999991602838666,1
1,0.9999794576095973,1
1,0.9999414163033257,1
1,0.9999736376781576,1
1,0.9996405433958951,1
0,0.9999907629793306,0
1,0.9999989242149996,1
1,0.9999999971646967,1
1,0.9999249523079343,1
1,0.9999999985044523,1
1,0.9999679704365472,1
1,0.9999735006400248,1
1,0.9999999987029904,1
1,0.9999513415367091,1
1,0.9997274246570003,1
0,0.999998800334862,0
1,0.999999268735046,1
1,0.9999999609267729,1
0,0.9999999996789304,0
1,0.9999960188440299,1
1,0.999794892182858,1
1,0.9999992282089277,1
1,0.9999992104338392,1
0,0.9999999963285384,0
0,0.9999996838960784,0
1,0.9999838302646537,1
0,0.999997948393302,0
0,0.9999999930446696,0
1,0.9999886586360935,1
0,0.9999994900989962,0
1,0.9999374864927679,1
1,0.9998304742667836,1
1,0.9996391454258211,1
0,0.9999922958577231,0
1,0.9999705384343649,1
0,0.9999980806437795,0
0,0.9999999486059756,0
0,0.999989650357243,0
1,0.9999999567966537,1
0,0.9997280865353602,0
0,0.9999971397871501,0
1,0.9999962235816652,1
1,0.9999990391063801,1
0,0.9999652145969672,0
0,0.9999884820682313,0
1,0.9999287366499384,1
0,0.9999998123471849,0
1,0.9999980259232307,1
1,0.9998395527691867,1
0,0.9999999577257573,0
1,0.9999926677489912,1
1,0.9997668228995802,1
0,0.9999782031109008,0
0,0.9999606952106429,0
1,0.9998097367839036,1
1,0.9999998288065339,1
1,0.9999998981799542,1
1,0.9999999438797398,1
1,0.9999148898453106,1
0,0.999997432697536,0
0,0.9994031780986026,0
0,0.9999999688891615,0
0,0.9998388796810018,0
1,0.9999999999962965,1
0,0.9999999497928072,0
0,0.999999950496473,0
0,0.9999961702100483,0
0,0.9994000870414322,0
0,0.999859954123997,0
1,0.9999999997402995,1
1,0.9999999962386592,1
1,0.9999990581477078,1
0,0.9999582959165519,0
1,0.9999549379099276,1
0,0.9999998212639942,0
1,0.9999977095658367,1
0,0.9999986219518118,0
1,0.9999926679684971,1
0,0.9999998180384213,0
1,0.9999999999649372,1
0,0.9999999996865212,0
1,0.9999999680214223,1
1,0.9999995363469529,1
0,0.9999267966262848,0
1,0.9999999045122028,1
0,0.9999889779567802,0
1,0.9998295731987517,1
1,0.9999683639003019,1
0,0.9998815112534298,0
0,0.9999993349920888,0
1,0.9999510278888789,1
1,0.9999968481344808,1
0,0.9999999476051884,0
1,0.9999455079203561,1
0,0.9999997319612483,0
0,0.999750955629922,0
0,0.9999999834740608,0
0,0.9999987528425724,0
0,0.9997691361096616,0
0,0.9999177280845567,0
0,0.9997582918656518,0
0,0.9995308687801211,0
0,0.9999209885643406,0
0,0.99972105899447,0
1,0.9998547164111892,1
0,0.9999951053434262,0
0,0.9996064732246321,0
1,0.9999352184152227,1
0,0.9999999256817366,0
0,0.9999491411786021,0
1,0.999961965365053,1
1,0.9999999994595676,1
1,0.999962513214543,1
1,0.9999999957262087,1
0,0.9999999177160886,0
1,0.9998319044323473,1
1,0.9999998702180004,1
0,0.9999989653311055,0
1,0.999999907678956,1
1,0.9993280883028246,1
1,0.9999998318499229,1
0,0.9999888761352546,0
1,0.9998310229668551,1
1,0.9999966401493928,1
0,0.9999999689056767,0
1,0.9999944384293282,1
1,0.9998435462128358,1
0,0.9999972918473189,0
1,0.9999423394683254,1
1,0.9999999999906599,1
1,0.9999507156398364,1
0,0.9997085073273816,0
1,0.9999532298065575,1
1,0.9999965534231519,1
0,0.9999419379119805,0
0,0.9999998397329153,0
0,0.9999686088689544,0
1,0.9996980955174618,1
1,0.999974932010035,1
0,0.9999933842763339,0
0,0.999999999628437,0
0,0.999959619628419,0
1,0.9999201508388471,1
0,0.9999344760621861,0
0,0.9999630639210811,0
0,0.9999990751424371,0
1,0.9997378531085358,1
1,0.9999999992540998,1
0,0.9987459905930492,0
0,0.9999992500444658,0
1,0.9999896698692349,1
0,0.9999959389732712,0
0,0.9996069512565204,0
1,0.9998917170553797,1
0,0.9999976992503313,0
0,0.9999960069680593,0
0,0.9999969255658375,0
0,0.9999502289168021,0
0,0.9999170272482052,0
0,0.9999999338805107,0
0,0.9998067011305656,0
1,0.9999683474227933,1
1,0.9999988097162419,1
0,0.9996438821981961,0
1,0.9999923973167802,1
0,0.9999675003776353,0
1,0.9999930134937938,1
0,0.9999956641545619,0
0,0.9999999546156261,0
0,0.999999519822092,0
1,0.9999997727692319,1
0,0.9992865167154503,0
1,0.9999999996463607,1
0,0.9999999897794867,0
1,0.9999999981916421,1
0,0.9999999145113685,0
1,0.9999944857540796,1
1,0.999994753461055,1
0,0.9997641818661377,0
0,0.999884541707568,0
1,0.9999999999998379,1
1,0.9999996464838821,1
1,0.9999979119014623,1
0,0.9999999996946346,0
0,0.9999752433824278,0
0,0.9999999629633162,0
0,0.9999334010487192,0
0,0.9999997114308556,0
0,0.9999983665680001,0
1,0.9999999906712221,1
0,0.9999684697867283,0
1,0.9999999975034712,1
1,0.9999644901936757,1
0,0.9999999641380696,0
0,0.9999999208862715,0
0,0.9999998374928786,0
0,0.9999986030340025,0
0,0.9999447805217877,0
0,0.9999029250885675,0
1,0.999995904695757,1
0,0.9999982158360231,0
1,0.9999284670169309,1
1,0.9999956382418258,1
0,0.9999997378633867,0
0,0.9999951717892281,0
0,0.9999048635003654,0
0,0.9999999946499086,0
1,0.9999412167672778,1
1,0.9999955094963724,1
0,0.9997774711166669,0
1,0.9999999231597899,1
0,0.9999982268367659,0
0,0.9999992921844173,0
0,0.9999999414869238,0
0,0.9998926201727771,0
1,0.9999278397158281,1
0,0.999999822218261,0
1,0.99999966939039,1
1,0.9999999926289562,1
1,0.9995075688607938,1
0,0.9999896245129464,0
0,0.9999936523329784,0
1,0.9999999999886138,1
0,0.9999190732744141,0
1,0.9999802042635666,1
0,0.9999994947642364,0
1,0.9999999999473714,1
1,0.9998254900370351,1
0,0.999988009167084,0
1,0.9999979517879624,1
1,0.9999995343878266,1
1,0.9999608469518942,1
0,0.9997200135331941,0
1,0.9999999764209114,1
0,0.9999812831622839,0
1,0.9999999974672702,1
0,0.9998882459022538,0
0,0.9999999974088405,0
1,0.9999712403705853,1
1,0.9999999952777416,1
1,0.9999989389084806,1
0,0.9999986228089147,0
1,0.9999983588057325,1
1,0.9999095331534059,1
0,0.9999999972887101,0
0,0.9999999774590871,0
1,0.9999970499577759,1
1,0.9999967534782964,1
1,0.9999999838563438,1
1,0.999947240800428,1
1,0.9998090310132008,1
0,0.9999990213961071,0
0,0.9999999364836928,0
1,0.999999854426776,1
1,0.9999994952502261,1
0,0.9999999856669328,0
0,0.9999994726208875,0
1,0.9999344387089343,1
0,0.9999999968592393,0
1,0.999998966727336,1
1,0.9999282783651906,1
1,0.9999999981058307,1
0,0.9999999904280175,0
0,0.9997837762504056,0
0,0.9997180572819772,0
1,0.9998841470589338,1
0,0.999966365779106,0
1,0.9999999997745366,1
0,0.9999999541076039,0
0,0.9999995827769327,0
0,0.9999990678787588,0
0,0.9999037158565114,0
1,0.999999999991035,1
0,0.9999583185560685,0
0,0.9999999899511669,0
1,0.9999999999368645,1
0,0.9999989321417875,0
0,0.9999998369788095,0
0,0.999999561098796,0
1,0.9999999941661017,1
1,0.9999999740366536,1
1,0.9999463349145739,1
1,0.9999999996987512,1
1,0.9999871974284372,1
1,0.9999384121457204,1
1,0.9999784451221538,1
0,0.9999439612479645,0
0,0.9999999948504568,0
1,0.9999999454296055,1
0,0.9999999316177071,0
0,0.9999999971808126,0
0,0.9999215177368141,0
0,0.9999999841525031,0
1,0.9999846912748932,1
0,0.9998103714938454,0
0,0.9999798255489347,0
1,0.9999793199600283,1
1,0.9999947230993674,1
0,0.9999998188497977,0
1,0.9999987283843038,1
0,0.9999854151044002,0
1,0.9999968491116299,1
0,0.999913345741987,0
0,0.999970372186479,0
0,0.999981292813518,0
1,0.9999975674381368,1
1,0.9999979461669498,1
1,0.999995418197654,1
1,0.999989394246182,1
1,0.9999999639221819,1
0,0.999997158565262,0
0,0.9999507259308185,0
0,0.9998977576623964,0
0,0.9997352419070414,0
1,0.9999999996404656,1
0,0.9999999678624323,0
1,0.9999999998939542,1
1,0.9999118716680834,1
1,0.9999985265449444,1
0,0.9999355001170843,0
1,0.9999723888915486,1
1,0.9999994772462878,1
1,0.9995891949511521,1
1,0.9999829531519542,1
0,0.9999388652235658,0
1,0.999842010225833,1
0,0.9999896182079063,0
0,0.9999999571579232,0
0,0.999999993148435,0
1,0.9999788384328822,1
0,0.9999951076657754,0
1,0.9999991349381516,1
1,0.9999996683072377,1
0,0.999999519749992,0
0,0.9999987337124218,0
0,0.9999919907246334,0
0,0.9999994466086566,0
0,0.9999946228847908,0
1,0.9999999842039482,1
0,0.999902855882985,0
1,0.9999999979244225,1
1,0.9999983700821552,1
0,0.9999996473503819,0
0,0.9999999933472703,0
1,0.9993961299692203,1
1,0.9999998652485138,1
1,0.9999997656340066,1
0,0.99999850625799,0
1,0.9999996387011243,1
1,0.9997772519245023,1
1,0.9999530668789027,1
0,0.9999988930472605,0
1,0.9999963784231359,1
1,0.9999934928578788,1
0,0.999964087381093,0
1,0.998688146249484,1
0,0.9999746247187664,0
1,0.9999929431960217,1
0,0.9999982547666564,0
1,0.9998630879966941,1
0,0.9999619282799677,0
1,0.9999748779644262,1
0,0.9999999977140348,0
0,0.9999984639291343,0
1,0.9999999999969045,1
1,0.9999999998931393,1
0,0.9998893006584841,0
1,0.9999998538843151,1
0,0.9999999682202793,0
1,0.9999679777243641,1
0,0.999389084042107,0
1,0.9999999999489424,1
1,0.9999999998504496,1
1,0.9996956003571559,1
0,0.9999999742043727,0
1,0.9998069779859163,1
0,0.9999989650516827,0
0,0.9999491783544338,0
0,0.9999927784394037,0
1,0.999923089946136,1
1,0.9997557181960629,1
1,0.9999999942974749,1
0,0.9995225304664452,0
0,0.9992055376599345,0
1,0.9999977922627115,1
1,0.9999966843572504,1
1,0.9999999960452906,1
0,0.9999994745687396,0
1,0.9999985538369696,1
0,0.9999934648991481,0
0,0.9999978663926817,0
0,0.9999775793391433,0
0,0.9995448484416407,0
0,0.9999712204857569,0
1,0.9999770734897105,1
1,0.9999999901328919,1
1,0.999999934750474,1
0,0.9999699297468817,0
1,0.9998533973569257,1
1,0.9999920364132582,1
0,0.9999993275544892,0
0,0.9999569554561609,0
1,0.9999338450550557,1
0,0.9999989413188534,0
0,0.9999984585380447,0
1,0.9999807277114081,1
0,0.9999903258590478,0
0,0.999999774426154,0
1,0.9999978124436081,1
0,0.9999913010618218,0
0,0.9999997763538795,0
0,0.9999565439836403,0
0,0.9998940360169026,0
1,0.9999550738088109,1
1,0.9999745117640628,1
0,0.999993997107349,0
0,0.9999999983519733,0
0,0.999988927663731,0
0,0.9999999964429747,0
1,0.9999949215955962,1
1,0.9999999998347044,1
0,0.9999321302191898,0
1,0.9995123976090737,1
1,0.9997185124680715,1
1,0.9998122839288314,1
0,0.9999612066770868,0
1,0.9999999998745668,1
1,0.9999461865199606,1
0,0.9999147219516433,0
0,0.9999997942843373,0
0,0.9999995886341064,0
1,0.999999597721539,1
0,0.9999478356391084,0
0,0.9998885056758593,0
0,0.9999881960432898,0
1,0.9996360929772166,1
0,0.9999997877745846,0
0,0.99999856522308,0
1,0.9999998185592797,1
0,0.9999999999999513,0
0,0.9999602652501107,0
1,0.9999260003735307,1
0,0.9999993441877152,0
1,0.9999999690293192,1
0,0.9999999895306441,0
1,0.9995304046737948,1
0,0.9999999134834545,0
0,0.9997729005633533,0
0,0.9999999770781841,0
0,0.9999999964598171,0
0,0.9999989561269512,0
0,0.9998880653667492,0
0,0.9999984414681867,0
0,0.9999999692303286,0
1,0.9999995199036458,1
1,0.9998754641617643,1
0,0.9999459302506172,0
0,0.9999996517793402,0
1,0.9999999842474745,1
1,0.9999998122793089,1
1,0.9998859419696866,1
1,0.9999909507672369,1
1,0.9999992287985545,1
1,0.9999999970182532,1
0,0.9999999950526608,0
1,0.999987062498546,1
0,0.9999978666879782,0
0,0.9999962110501993,0
0,0.9999653172900188,0
0,0.9999991133033983,0
1,0.9999994988221366,1
0,0.9999845909403029,0
1,0.9999998391084343,1
1,0.9998712899320586,1
1,0.9999992369467348,1
1,0.9999928119158836,1
0,0.9997277438939706,0
0,0.9999999998426814,0
0,0.9997954066883342,0
1,0.9999829501935747,1
1,0.9999965084953848,1
1,0.999884785448961,1
0,0.9999880543476521,0
1,0.9999999897806183,1
0,0.9991807478313826,0
0,0.9992431758666145,0
0,0.9999876908447782,0
1,0.9999999559022783,1
0,0.9999971508542683,0
1,0.9999998971693752,1
1,0.9999221327575211,1
0,0.9999769294395416,0
1,0.9999196051480632,1
1,0.9999999981576762,1
1,0.9999997410260419,1
1,0.9999975232186245,1
0,0.9999997106090418,0
0,0.9999985518555048,0
1,0.9999772204269247,1
1,0.9999999991653175,1
1,0.9999991405748733,1
1,0.9997692812466292,1
1,0.9999292387246157,1
1,0.9999674959825338,1
0,0.9999996083499971,0
0,0.9999997276421445,0
0,0.9999999977681854,0
1,0.999999998062147,1
0,0.9999951824923906,0
0,0.9997976412964967,0
0,0.9997723052047006,0
0,0.9998653283447503,0
0,0.9999394764346186,0
1,0.9999999045057002,1
1,0.9999848739426006,1
1,0.9999999999996168,1
0,0.9999999824279905,0
0,0.9999994128029868,0
1,0.9999998826715963,1
0,0.9998291870577994,0
1,0.9997723650987714,1
0,0.9999595406136066,0
1,0.999782619005357,1
0,0.9999999794749936,0
0,0.9999995415821884,0
1,0.999949069178791,1
0,0.9999995643991256,0
1,0.9999916595584247,1
1,0.9999988313689879,1
0,0.9999884754052413,0
1,0.9999994165488324,1
0,0.9999945349077775,0
1,0.9999999988548074,1
0,0.9999318735155523,0
1,0.9999995991301219,1
0,0.9998902654530092,0
0,0.9998898672649614,0
1,0.9999702381706773,1
0,0.9999999994290846,0
1,0.9999999883541905,1
1,0.9999999921004997,1
0,0.9999993557944479,0
0,0.9999301364753185,0
0,0.9999995007653986,0
0,0.9999999989255945,0
0,0.9999991802772401,0
0,0.9999990945640908,0
1,0.9998350353336032,1
0,0.999991709692856,0
0,0.9999904156388119,0
0,0.9998910285328604,0
0,0.9996854912154386,0
0,0.999999981415829,0
1,0.999884231173161,1
0,0.9999997477048084,0
0,0.9999999970529542,0
0,0.999999417224765,0
1,0.9999962401194135,1
1,0.9997977687298907,1
1,0.9999999685038116,1
0,0.9999564719958522,0
0,0.9999994954419686,0
1,0.9999999979829577,1
0,0.9999985744451555,0
1,0.9999851251621501,1
1,0.9999999993836308,1
1,0.9999965998514831,1
0,0.9999957421642297,0
1,0.9995880261068285,1
1,0.9999620422566313,1
0,0.9999999966734919,0
0,0.9998989163049095,0
0,0.9999829763209234,0
0,0.9999995252928647,0
1,0.9998080277874203,1
1,0.9999999988385082,1
1,0.9999960679348194,1
0,0.9998424987559251,0
1,0.9999981006991057,1
0,0.9999999514066827,0
0,0.9999895837908128,0
0,0.9999318077579562,0
0,0.9999997543970031,0
0,0.9999999660327308,0
1,0.9999968327626662,1
1,0.9999991787866049,1
1,0.9999999361447852,1
0,0.9999792530091658,0
0,0.9999260530335375,0
0,0.9999978474218412,0
0,0.999995726262262,0
0,0.9999271277489873,0
1,0.9999819200005726,1
0,0.9999999904069475,0
1,0.9999999993000359,1
0,0.9999563655409781,0
1,0.9999594105088423,1
0,0.9996474230471862,0
1,0.9999999851208441,1
0,0.9999997463532179,0
0,0.9999999963114867,0
1,0.9999964280751037,1
1,0.9999841597358903,1
1,0.9999999992547843,1
0,0.9996140674591938,0
0,0.9999999999950815,0
0,0.9999957110697021,0
0,0.9999998331366662,0
0,0.9999720160530917,0
0,0.9998271496659668,0
1,0.9999915360504296,1
1,0.9999991106606225,1
0,0.9999998693687415,0
1,0.9999945062407055,1
1,0.9999560269653648,1
0,0.9998152276996687,0
1,0.9997619814437337,1
0,0.9999999940758976,0
0,0.9999989616118644,0
1,0.9999896329588216,1
0,0.9999720889990339,0
1,0.9999313368800682,1
0,0.9999769238842404,0
0,0.9996074445461738,0
1,0.9999979553396254,1
1,0.9999897690423218,1
0,0.9999997020384291,0
1,0.9999999742214243,1
0,0.9999997625731666,0
0,0.9999947190982327,0
1,0.9999953556715317,1
0,0.9999889267658939,0
1,0.9999579893254095,1
0,0.9999981236322253,0
0,0.9999355745114408,0
1,0.9999996573986173,1
1,0.9999998564770811,1
1,0.9999554717345762,1
0,0.9999840310370819,0
0,0.9999023966177091,0
1,0.9999961527977015,1
0,0.9999975909579902,0
0,0.9999971525774283,0
1,0.9999106426762804,1
0,0.9999954561834115,0
0,0.9999977554510404,0
0,0.999999913065784,0
0,0.9999984911253157,0
0,0.9999773574656997,0
0,0.9999060055850193,0
1,0.9998950369902211,1
1,0.9999999995951607,1
1,0.9999999998935802,1
1,0.9999999984923023,1
1,0.9999674960890127,1
1,0.9999999393189102,1
1,0.999929755834235,1
1,0.9999999884299576,1
0,0.9999937923489703,0
0,0.9999990763301327,0
0,0.9999908708923156,0
1,0.9999999984548125,1
1,0.999676866461052,1
0,0.9995746587138761,0
1,0.999941880498244,1
0,0.9999999514953815,0
0,0.9999965133335653,0
0,0.9998754827012902,0
0,0.9998506327559455,0
0,0.9999961288159162,0
0,0.9999951542798635,0
0,0.9999999733991074,0
1,0.9999999745913264,1
1,0.9999906884763541,1
1,0.9999999400139064,1
0,0.9998624330600213,0
1,0.9999999999827087,1
1,0.9997443512046104,1
1,0.9999994000255366,1
1,0.9999999997519256,1
0,0.9999991234668242,0
1,0.9999949690864609,1
0,0.9999995940430219,0
0,0.9999976136788431,0
0,0.9996872461414219,0
0,0.9999991753295351,0
1,0.9999997810948993,1
0,0.9999999996707944,0
0,0.999993299550074,0
1,0.9999243128223517,1
0,0.9999987441919386,0
0,0.9999991510304936,0
0,0.9999975434651015,0
0,0.9999540779246991,0
0,0.9999661417694079,0
0,0.9999945807759709,0
1,0.9999999999180029,1
0,0.9999969042771525,0
0,0.9996021661732769,0
0,0.999828327889475,0
1,0.999999999360994,1
0,0.9999965335813426,0
0,0.9999911469908981,0
1,0.9994600055873039,1
0,0.9995513599645446,0
1,0.9999652537339404,1
0,0.9999998620461167,0
1,0.9999999999951639,1
0,0.9999042412798013,0
0,0.9999962547959204,0
0,0.9999855116515554,0
1,0.9999978248313426,1
1,0.9999761319977993,1
0,0.9999961468340817,0
0,0.9999999985701972,0
0,0.9999998720759259,0
0,0.9999875404401459,0
1,0.999949191541319,1
0,0.9994429413163284,0
1,0.9998819437353467,1
0,0.9999920617269039,0
0,0.999893222204406,0
1,0.9999999986598258,1
0,0.9998937655839969,0
0,0.9999997402108072,0
0,0.999999999257219,0
1,0.9999924401992778,1
1,0.9998250660354658,1
0,0.9999890137091646,0
0,0.999757214560502,0
0,0.9999999897269112,0
0,0.9999698391405636,0
1,0.9999994823321943,1
1,0.9999986543574979,1
1,0.9999980646078609,1
0,0.9994481997203347,0
1,0.999999840939817,1
1,0.9995976981127407,1
1,0.9999877526692689,1
0,0.999987126080828,0
1,0.9999961113216691,1
0,0.9999973319282116,0
1,0.9999999988171682,1
0,0.9999985891022256,0
0,0.9999824546114982,0
0,0.999986159258499,0
0,0.9999990167650935,0
1,0.9999999976907072,1
1,0.99998303102609,1
0,0.9999986425113913,0
1,0.9999999598980553,1
0,0.999933449387367,0
0,0.9999522061832726,0
1,0.9999999032813789,1
1,0.9999993291586989,1
1,0.9999955683422324,1
0,0.9999828579583526,0
1,0.9999999997609377,1
0,0.9999692888029015,0
0,0.9999998901824784,0
1,0.9999999864809925,1
0,0.9999999990178033,0
1,0.9999950332772711,1
0,0.9999023653766557,0
1,0.9994839580624247,1
1,0.9999991704380525,1
0,0.999995629263529,0
0,0.9999998391535572,0
1,0.9999999996606697,1
0,0.9999998631507467,0
0,0.999999996013215,0
1,0.9999440077270123,1
0,0.999847622450365,0
0,0.999992787576039,0
0,0.9999995247880211,0
0,0.9998915931910439,0
0,0.9999406485346094,0
0,0.9994073299593109,0
1,0.9999946596495742,1
0,0.9999748997245634,0
1,0.9999784897554755,1
0,0.9999620744745809,0
1,0.9999257611967028,1
1,0.9999992659496987,1
0,0.9999998464186076,0
0,0.9999530185088638,0
0,0.9999958077337732,0
1,0.9998635345620785,1
0,0.9997248991026085,0
1,0.999999974558808,1
0,0.9996654461873566,0
1,0.9997087849838768,1
0,0.9999930473495927,0
1,0.9999999283889813,1
0,0.9999997207575666,0
0,0.9999999301768483,0
0,0.9999598260328006,0
1,0.9995170308069263,1
0,0.9999960376690604,0
0,0.9999983009697786,0
1,0.9999985807966856,1
1,0.9998679738461694,1
0,0.9999602331318328,0
0,0.9997323869313319,0
0,0.9999567624883848,0
1,0.9999980305817778,1
0,0.9999996689634983,0
1,0.9999992637699686,1
1,0.9999999989147024,1
0,0.9999238363546893,0
1,0.9999989987285101,1
0,0.9999999443265482,0
1,0.9999990100086278,1
1,0.9998939605801634,1
1,0.9999349690482514,1
1,0.9998521939574371,1
0,0.9999999948917035,0
0,0.9999971896756104,0
0,0.9999976588567887,0
0,0.9999999338749541,0
0,0.999998711668296,0
1,0.9999999880824509,1
1,0.9997403320927442,1
1,0.9999322466403873,1
0,0.9999999999861188,0
0,0.9999997987030557,0
0,0.9999923946017977,0
1,0.9999973631190511,1
0,0.9999902235817382,0
1,0.9999622914638188,1
1,0.9998566940793427,1
1,0.9999999597979444,1
1,0.9999919318257056,1
1,0.9999896341595585,1
1,0.9997491228111882,1
1,0.9999936074034657,1
0,0.9999999998518243,0
1,0.9999999394797844,1
1,0.9999981135940204,1
1,0.999921338504472,1
1,0.9999999777509987,1
0,0.999970044911224,0
0,0.9999951261956072,0
0,0.9999997486542447,0
1,0.9987494733862434,1
1,0.9999682243659669,1
1,0.9999729421030411,1
0,0.9999998793567545,0
1,0.9999999999954738,1
0,0.9999963330209738,0
0,0.9999818911405327,0
0,0.9999976436257529,0
0,0.9999524861265395,0
1,0.999999191660114,1
0,0.9999901177726537,0
1,0.9999896979902713,1
0,0.9999999956471172,0
0,0.9999999807284718,0
0,0.9999072005201635,0
1,0.9999976380038367,1
1,0.9998573234794919,1
0,0.9999975059461937,0
1,0.9999173428214159,1
0,0.9999872386162342,0
0,0.9999990857037956,0
0,0.9999092757727173,0
1,0.9999912868147661,1
1,0.9999959442307567,1
1,0.9999994145799237,1
1,0.9999520809423362,1
0,0.9999916572783231,0
1,0.9998367201686067,1
1,0.999974912804911,1
0,0.9996758071244002,0
1,0.9997989756283178,1
1,0.9997931540919186,1
1,0.9997991796713451,1
1,0.9999977168890314,1
1,0.9998239849866685,1
0,0.9986947721857717,0
1,0.9999889250956212,1
1,0.9999986532481288,1
0,0.9999999769264033,0
0,0.9999980578355468,0
1,0.9999538333250254,1
1,0.9997394087648752,1
0,0.9999388610112981,0
0,0.9999914045119783,0
1,0.9999980807944996,1
0,0.9999399461738373,0
1,0.9998142880519588,1
0,0.9999106903782651,0
0,0.9999998577807226,0
0,0.9998152636518002,0
0,0.9999998005499444,0
0,0.9999995311973632,0
0,0.9999986903664903,0
1,0.9996134705637538,1
0,0.9999992713707764,0
0,0.9999992789444858,0
0,0.9996846466755126,0
0,0.9999041457712695,0
0,0.999999785322533,0
0,0.9999998521115248,0
0,0.9999999868741474,0
1,0.999997045436426,1
0,0.9999341883208984,0
0,0.9999964827750113,0
0,0.9999940953318561,0
0,0.9999910398590328,0
1,0.9999990234005153,1
1,0.9999902829911571,1
1,0.9999999905732365,1
0,0.9993593198953298,0
1,0.9999858718714038,1
0,0.999989880576376,0
1,0.9999999928398364,1
0,0.9999648392915704,0
0,0.9999999946499086,0
0,0.9999974741452298,0
1,0.9999999815029311,1
0,0.9999909277108776,0
1,0.9999646156475012,1
1,0.9999990396911027,1
1,0.9998350515942407,1
1,0.9999999907094911,1
0,0.9999999014039005,0
1,0.9999996923602434,1
0,0.9999990060171529,0
1,0.9999430254513202,1
1,0.9999999944349931,1
1,0.9999994658955015,1
0,0.9999799695146763,0
0,0.9998844364775321,0
0,0.9999817259467974,0
1,0.9999983845483393,1
0,0.9999994808228223,0
1,0.9998819713606619,1
0,0.999996266118307,0
1,0.9999996718671731,1
1,0.9999257803429487,1
1,0.9999998826346606,1
0,0.9998975977652558,0
0,0.9999955414929934,0
1,0.9999560952482159,1
0,0.9999968860413019,0
0,0.9999880903461261,0
0,0.9999999576801177,0
0,0.9999999997601423,0
0,0.999992598210377,0
0,0.9999999267353866,0
1,0.9999971463117393,1
0,0.9998704981035585,0
0,0.999926712660563,0
0,0.99999989314686,0
0,0.9999999989693924,0
0,0.9999999916424815,0
1,0.9999999879193634,1
0,0.9999999749571354,0
0,0.9999987132707288,0
0,0.9999999922827169,0
1,0.9999998659484624,1
0,0.9999987086723446,0
1,0.9999999805363774,1
0,0.9999989714983548,0
1,0.9998839218739634,1
0,0.9996305851131488,0
0,0.9999241712470867,0
0,0.9999998086314783,0
1,0.9998712276899367,1
0,0.9999660426516286,0
0,0.9999999442494626,0
0,0.9999995369456399,0
1,0.9999998885206542,1
1,0.9996553477013261,1
1,0.9999690756901067,1
0,0.9998286591719606,0
0,0.9998280326089366,0
1,0.9999563049617084,1
1,0.9999996083336766,1
1,0.999997028113497,1
0,0.9999994585175744,0
1,0.9997651024951358,1
0,0.999988256919494,0
1,0.9999999922050845,1
1,0.9997811447784554,1
0,0.9999985791449462,0
1,0.9999875775546371,1
1,0.9999536269440147,1
0,0.9999887308698859,0
1,0.999999998344941,1
0,0.9999816759283229,0
1,0.9999999907222953,1
0,0.999999852218651,0
1,0.9999981738662195,1
0,0.9999999734914866,0
0,0.9999998899052298,0
1,0.9998799759426023,1
0,0.9999999925443616,0
1,0.9998664864851482,1
1,0.9999999343215075,1
1,0.9999999999502918,1
0,0.9999929736537047,0
1,0.9999999698660569,1
1,0.9992177018375744,1
1,0.9999838362255212,1
0,0.9999790442678401,0
0,0.9999999998663928,0
1,0.9999965555594476,1
0,0.999999739689255,0
0,0.9999990795739446,0
1,0.9999401146811124,1
0,0.9999494318118926,0
0,0.9999033791622074,0
0,0.9993381311848317,0
0,0.9999999960758922,0
1,0.9999999967899549,1
1,0.9999431613017317,1
1,0.999996268208137,1
0,0.9999999995291986,0
0,0.9999998358043095,0
0,0.999997254230851,0
0,0.9998982441595019,0
0,0.9998711007048479,0
0,0.9999201865488763,0
0,0.999887048780532,0
1,0.9999999914790619,1
0,0.9999999998631643,0
1,0.9999999999978417,1
1,0.9999952552609774,1
1,0.9999995167332281,1
1,0.9999977990921888,1
1,0.9999436591508649,1
0,0.9997545174298443,0
1,0.9999996076986866,1
1,0.999885349715212,1
1,0.9998662065211421,1
0,0.9999997390213413,0
1,0.999950186526518,1
1,0.9999999280911546,1
0,0.9999988261461812,0
0,0.9999035671394138,0
1,0.9999648110221789,1
0,0.9999998572254151,0
1,0.9999931230428811,1
1,0.9999996598840275,1
1,0.9998580511930567,1
1,0.999978943134415,1
1,0.9999885730342885,1
0,0.9997576831785726,0
0,0.9999993757506189,0
1,0.9999990054850666,1
0,0.9999999100000887,0
1,0.9996102741227343,1
0,0.9999999776780271,0
1,0.9999999292531888,1
0,0.9999774560699526,0
1,0.9999521976460484,1
1,0.9999709328333622,1
0,0.999987895074343,0
1,0.9999998333983486,1
0,0.9999887228347629,0
1,0.9999539730924178,1
0,0.9999971956371274,0
0,0.9999998802882625,0
0,0.9999928843434651,0
1,0.9999838466257531,1
1,0.9998015962925837,1
0,0.9999901715062736,0
0,0.999997702495516,0
0,0.9999455196934202,0
0,0.9999999980821322,0
1,0.9998226370286041,1
1,0.9999462035678817,1
0,0.9999962414107176,0
1,0.9999420270670641,1
0,0.9999316500993878,0
1,0.9999357101740928,1
1,0.9996737686658755,1
1,0.999999944153436,1
1,0.9999899846118429,1
0,0.999994402864309,0
0,0.9999997305383195,0
1,0.9999999869143921,1
0,0.9999999999780491,0
1,0.9999992376611034,1
1,0.9999987796411212,1
1,0.9999999492508674,1
1,0.9999999581427523,1
0,0.9999983071080507,0
1,0.9999653675564855,1
1,0.9999032648553816,1
1,0.9998374280590548,1
0,0.9999646529509161,0
1,0.9999999870774456,1
0,0.9999984674464959,0
1,0.9999773518104722,1
0,0.9999996390616407,0
0,0.9999957461258223,0
1,0.9999276677282244,1
0,0.9999992162032191,0
1,0.999941212550291,1
0,0.9999999708208268,0
0,0.9999999871580465,0
0,0.9999997497606096,0
0,0.9999980352451661,0
1,0.9998300994251871,1
1,0.9998491078014036,1
1,0.9999988102532227,1
1,0.999996458165497,1
0,0.9999662785427319,0
0,0.9999996856326849,0
1,0.999999675943346,1
1,0.9999919494234236,1
1,0.9999982156955934,1
1,0.9997241854644089,1
0,0.9999850797338248,0
0,0.9999769097509577,0
0,0.9999999578829571,0
1,0.9999999999992659,1
1,0.9997008557135763,1
0,0.9999999986366463,0
1,0.9999851251621501,1
1,0.9999925620383588,1
1,0.9999999993820146,1
0,0.999999135466024,0
0,0.9999871990096802,0
0,0.9999497651832018,0
1,0.9999997497993973,1
0,0.9999996675445025,0
0,0.9998302684693008,0
0,0.9999999993165132,0
1,0.9997907942651072,1
1,0.9999994453832396,1
1,0.9999999901966953,1
0,0.9999999998338981,0
1,0.9999999993346178,1
1,0.9999917192887418,1
1,0.999999983348409,1
0,0.99999957695152,0
1,0.9999889747490608,1
0,0.9999696619111214,0
1,0.9999999961569013,1
0,0.9999990392723043,0
1,0.9999999209463701,1
0,0.9999642243746258,0
0,0.9999613792069995,0
1,0.9999999960993078,1
1,0.9999682545252411,1
0,0.9999999938461075,0
1,0.999994476377439,1
1,0.9999993350514772,1
0,0.9999078510162589,0
0,0.9999999741921441,0
1,0.9999999024707917,1
1,0.9999999847909284,1
1,0.9999921559170168,1
1,0.9999919514148302,1
0,0.9999996321692821,0
1,0.9999982932163142,1
0,0.9999985680954417,0
1,0.9999666150902057,1
0,0.9999296120972136,0
0,0.9999973089289254,0
1,0.9998836148220349,1
1,0.9995644443634164,1
0,0.9999999079457804,0
1,0.9999729522643449,1
0,0.9998469258545817,0
0,0.9999857990708154,0
0,0.9999667326718364,0
1,0.9999998164506513,1
0,0.9999991314323086,0
1,0.9998216308430645,1
0,0.999999960107582,0
0,0.999998992633563,0
1,0.9987681453682962,1
0,0.9999861815240253,0
1,0.9999996171375187,1
1,0.9999590472643658,1
0,0.9999999864565718,0
1,0.9995944424889883,1
0,0.9999996208045303,0
1,0.9999999802417114,1
0,0.9999999995755433,0
1,0.9997394431104676,1
1,0.9999994787023943,1
0,0.99999962190868,0
0,0.999752529055631,0
0,0.999999418403245,0
1,0.9999938663752322,1
0,0.9999999718984559,0
0,0.9999999966843167,0
0,0.999894332828792,0
1,0.999995029681434,1
1,0.9999644764420655,1
0,0.9999600995408775,0
0,0.9999991902418223,0
0,0.9999999993544149,0
1,0.9999999995426461,1
1,0.9997066166387759,1
0,0.9999970910337521,0
0,0.9999991210305097,0
0,0.9999996830880362,0
0,0.9999801213145909,0
0,0.9999925447266742,0
0,0.9999999977516667,0
1,0.9998835383966543,1
0,0.9996213642636672,0
1,0.9999929102155678,1
1,0.9999958695409481,1
0,0.9999996642816018,0
0,0.9999889624765619,0
0,0.999999154421244,0
1,0.9999789623165368,1
1,0.9999966870765649,1
0,0.9999864375709365,0
1,0.9996137528905831,1
0,0.9999489365045422,0
1,0.9998456030635012,1
0,0.9996066338725467,0
1,0.9999787919773009,1
1,0.9999999828278391,1
0,0.9999228404142391,0
1,0.9999996647484923,1
1,0.9999993193186824,1
1,0.9999999231169855,1
1,0.9999999703546887,1
0,0.9999999977987104,0
1,0.9999997157097473,1
0,0.9999999920299725,0
1,0.9999997612120528,1
1,0.9998740005344817,1
0,0.9999994954464024,0
1,0.9998224302048787,1
1,0.9999548112771948,1
0,0.9999544770261689,0
0,0.9999965011981885,0
1,0.9999999993796813,1
0,0.9999999266657809,0
0,0.9999999491667093,0
0,0.9999946484786346,0
0,0.9999082450642973,0
0,0.999998174531406,0
1,0.9999855629176877,1
1,0.9997231825183424,1
0,0.9999999998175961,0
1,0.9999850885402414,1
0,0.9998118112989867,0
0,0.9999652334030893,0
1,0.9999593980774606,1
1,0.9999999994670037,1
0,0.9994987900092881,0
0,0.9999999999854063,0
1,0.9999904278104103,1
1,0.9999032505496244,1
1,0.9999999421830754,1
0,0.9999175974203612,0
1,0.9999999999979952,1
1,0.9999997262892569,1
1,0.9999998660490266,1
1,0.9998618826667051,1
0,0.999999482875212,0
0,0.9998270228252003,0
1,0.9999991107525003,1
0,0.9999869480486572,0
1,0.9999999991316084,1
0,0.9999709312334677,0
1,0.9999998787787372,1
1,0.9999408360934905,1
1,0.9999639358204223,1
1,0.9999999998607809,1
0,0.9999947820689976,0
0,0.9999978054120822,0
1,0.9999998210258777,1
0,0.9996140310645522,0
1,0.9999999806993255,1
1,0.9999999608991172,1
0,0.9999934416977284,0
1,0.9999974579404539,1
0,0.9999999789327798,0
0,0.9999806439320794,0
0,0.9999458473995019,0
1,0.9999896748096574,1
1,0.9999897412669667,1
1,0.9999983436957061,1
1,0.9999760546635079,1
0,0.9999999997358329,0
1,0.9995212060284319,1
1,0.9998132209866489,1
0,0.9999999756806784,0
0,0.9999955505315555,0
0,0.9999564769603474,0
0,0.9999999984429558,0
0,0.9999980316226923,0
1,0.9999916509284041,1
0,0.9999984526972955,0
0,0.9997879710635856,0
1,0.9999999998480753,1
0,0.9995327563292632,0
1,0.9999999862314131,1
0,0.9999513830451646,0
1,0.9999999835543327,1
1,0.9999952034388659,1
1,0.9992322472353808,1
1,0.9999999027612135,1
0,0.9998382585728217,0
0,0.9999999520299508,0
0,0.9999200720247946,0
1,0.9999947931295687,1
0,0.9999995247745945,0
0,0.9998899826680085,0
1,0.9995571582292456,1
0,0.9999894896504881,0
1,0.9999999997062599,1
1,0.9999999999998583,1
0,0.9998818901670626,0
0,0.9999987744812125,0
1,0.9999840534305299,1
1,0.9999998339314988,1
0,0.9999089142101579,0
0,0.9999754220851526,0
1,0.9999195841065459,1
0,0.9999829676112779,0
1,0.9999987002582253,1
0,0.999971530871445,0
1,0.9999937743635023,1
0,0.9999618302750896,0
1,0.9999925436517036,1
1,0.9999799928031147,1
1,0.9991301217308288,1
0,0.9999847542656507,0
0,0.9999997850539422,0
0,0.9999954277648745,0
1,0.9999999858117414,1
0,0.9999731034650882,0
1,0.9999999955376975,1
1,0.9999885356381091,1
1,0.9999996828451023,1
0,0.9999991087193757,0
0,0.9999994773340803,0
1,0.9999997397657907,1
0,0.9998606502029271,0
1,0.9999998582106396,1
1,0.999883817513054,1
0,0.9991301887084968,0
0,0.9999448693048859,0
1,0.9998491078014036,1
0,0.9999996781835209,0
0,0.9999977492608961,0
1,0.9999996513796855,1
1,0.9999955352295438,1
1,0.9997622470769932,1
0,0.9999997250023458,0
1,0.9999994593443017,1
0,0.9999998618150195,0
0,0.9999414290521804,0
0,0.999993940860206,0
1,0.9999817138843653,1
1,0.9999980400826823,1
0,0.9999911868586008,0
1,0.9999999114628982,1
0,0.9999999911335149,0
0,0.9999133596791815,0
1,0.9999999885046741,1
1,0.9999999335728662,1
0,0.9999834980997757,0
1,0.9999979298241222,1
0,0.9999999351171456,0
0,0.9999999854666076,0
0,0.9999997028039773,0
1,0.9999905580614586,1
0,0.9999999996044123,0
0,0.9994551090372567,0
0,0.9999122627424576,0
1,0.999999999933169,1
1,0.9999988761037945,1
0,0.9999996946673303,0
1,0.9999262026764089,1
1,0.9999959734888499,1
1,0.9999998598223462,1
1,0.9998851462497902,1
1,0.9999831774432384,1
1,0.9999985431199763,1
0,0.9999999284081137,0
1,0.9999999656858999,1
0,0.9999849934401757,0
0,0.9999402747613507,0
0,0.9999996641892767,0
1,0.9999999925267332,1
0,0.9999976976455592,0
0,0.9995371156198712,0
1,0.9999846832499572,1
0,0.9999999957385208,0
1,0.999999947941804,1
1,0.9999361714443001,1
0,0.9999999179377762,0
0,0.9998053071915897,0
1,0.9999990936701927,1
1,0.9998389051689772,1
0,0.999899433443576,0
0,0.9999691836291804,0
0,0.9999949498448981,0
1,0.9999999252741572,1
1,0.9999810171536938,1
0,0.9999974866326015,0
0,0.9999930243776021,0
1,0.9998038744519442,1
0,0.9999999357710714,0
0,0.999998071505729,0
1,0.9999895656672515,1
0,0.9998537638007253,0
0,0.9999191596124135,0
1,0.9999944376022684,1
0,0.9999940266866593,0
1,0.9999999995974449,1
0,0.9999901011431015,0
0,0.9999912684747075,0
1,0.9999907631567669,1
0,0.9999492893288968,0
1,0.9999999998484665,1
1,0.9999999388041212,1
1,0.9999523911213988,1
1,0.999998947948307,1
0,0.9999946202903707,0
0,0.9999895604722996,0
0,0.999987697515528,0
0,0.9992130776873906,0
1,0.9999331688864795,1
1,0.9999999721095768,1
0,0.9999943963637551,0
1,0.9999999798011856,1
0,0.9999986550324437,0
0,0.9999259353204856,0
1,0.9999475177653228,1
0,0.9998955729957373,0
1,0.9999999962045389,1
0,0.9999997328742729,0
1,0.9997233773260258,1
0,0.9999979098955948,0
1,0.9999988963580705,1
0,0.9999999757504744,0
0,0.9999992352962467,0
0,0.9999999961715258,0
1,0.9999999821720537,1
0,0.999882706534842,0
0,0.9999926778336921,0
1,0.9998593473389932,1
1,0.9999998488922555,1
0,0.9999787144308935,0
1,0.9999985994942816,1
1,0.9999803583920867,1
1,0.9999985397027091,1
1,0.9999954544770882,1
0,0.9999965774275046,0
1,0.9999999848707368,1
1,0.9999995491173143,1
1,0.9999958284114058,1
0,0.9999999980391491,0
1,0.9996223552458139,1
0,0.9999404783078492,0
0,0.9999937295848806,0
1,0.9999999786418723,1
0,0.9999928514963067,0
0,0.9999948743770171,0
1,0.999999999854879,1
0,0.999999425806594,0
0,0.999967489262197,0
1,0.9999999992137216,1
1,0.9999848988231085,1
0,0.9999991557846534,0
1,0.9999392512234071,1
0,0.9999998890154501,0
1,0.9999982846190629,1
1,0.9999995967944155,1
0,0.9999964835784291,0
0,0.9999999856992273,0
0,0.9994733954357857,0
1,0.9999990310486001,1
1,0.9998688772270677,1
0,0.9999902686121476,0
0,0.9999976647437707,0
1,0.9997944288837657,1
0,0.9999703071480217,0
0,0.9999999609126918,0
1,0.9999720619044679,1
0,0.9998772939728393,0
0,0.9999976411010515,0
1,0.9999966883623781,1
1,0.9999871964655445,1
1,0.9998124634700194,1
0,0.9999502772134694,0
0,0.9999997224506042,0
0,0.9999998543458612,0
1,0.9999999995074866,1
0,0.9999987926144753,0
0,0.9996192979253377,0
1,0.9999980135226024,1
1,0.9998223844744298,1
1,0.9999999982774816,1
0,0.9999999630828322,0
1,0.9999590469260758,1
1,0.9999895140021563,1
1,0.9999993090446793,1
1,0.9999999466561604,1
0,0.9999999771958391,0
0,0.9999999999587952,0
0,0.999995332998126,0
0,0.9999994227282978,0
1,0.9998710164999758,1
1,0.9999999958297541,1
1,0.9998977124358751,1
0,0.9999996269130162,0
0,0.9999900305895417,0
1,0.9999986630365176,1
1,0.9999913750047857,1
1,0.9999788542900516,1
0,0.9999999995723611,0
1,0.9999909904850911,1
0,0.9998656205466014,0
0,0.9999997629651123,0
1,0.9997701851939531,1
1,0.9999990688970498,1
0,0.9999705454357352,0
1,0.9999999990975734,1
0,0.9999999974533504,0
0,0.9999306639691468,0
1,0.9999777081331921,1
0,0.9999990745058798,0
0,0.999978830723669,0
1,0.9999972958101851,1
1,0.9999999998948157,1
0,0.999951907744881,0
0,0.9999779670465562,0
0,0.9999523427336129,0
1,0.9999998091977884,1
0,0.9999783002630973,0
1,0.999581010101949,1
0,0.9999480759370524,0
0,0.9999969523709771,0
1,0.9998964648969237,1
1,0.9999999497747204,1
0,0.9999998975691564,0
1,0.9999999831723677,1
1,0.9999999999030253,1
1,0.9999987616691832,1
1,0.9999988177113877,1
0,0.9999989250644449,0
1,0.999988073411401,1
0,0.9996530715805512,0
0,0.9999599625475791,0
0,0.9999838354664263,0
0,0.9999999989635665,0
0,0.9996625826275818,0
1,0.9999764305982635,1
0,0.9999989568119181,0
1,0.9995914617257685,1
0,0.9999906510317569,0
0,0.9999975148753889,0
0,0.9999999650618046,0
0,0.9999790468808252,0
0,0.9999993588039887,0
1,0.9997679213535049,1
1,0.9999577552658078,1
0,0.9999337911173789,0
0,0.9999995438028533,0
0,0.9999955363920737,0
1,0.9998571503766769,1
0,0.9998510120986784,0
0,0.9997462787073531,0
1,0.9998231968304219,1
0,0.9999992401420302,0
1,0.999959039910919,1
0,0.9996951652464781,0
1,0.9998490112434162,1
1,0.999999915264781,1
1,0.9994995313881159,1
0,0.9999729269330665,0
0,0.9999986407422865,0
1,0.9999997132605943,1
1,0.999761937628249,1
0,0.9999636807935071,0
1,0.9999986303173551,1
0,0.9999362152644611,0
0,0.9999998070585241,0
0,0.9999999869836332,0
1,0.9999999999541518,1
0,0.9998342212755925,0
0,0.9999999999075027,0
1,0.9999985057405266,1
0,0.9999996851670655,0
1,0.9999793114261929,1
1,0.9999396732278932,1
1,0.99999800105013,1
1,0.9999703114715082,1
0,0.999999406345857,0
1,0.9999976389042994,1
1,0.9999860407456769,1
0,0.9999824228457858,0
1,0.999830121225075,1
0,0.999999990836272,0
0,0.9999999976811931,0
1,0.9999999765113111,1
0,0.9999998579804639,0
0,0.9999995336239765,0
0,0.9999993191858753,0
1,0.9999999980907612,1
0,0.9999990558823996,0
1,0.9999983542265513,1
1,0.9999946880949355,1
0,0.999917825275591,0
1,0.9999761644593764,1
0,0.9999958445132061,0
0,0.9999999999717187,0
1,0.9999072701560546,1
0,0.9999317180252562,0
0,0.999999999834774,0
1,0.9998001074873137,1
1,0.9996514885189038,1
0,0.999998177338772,0
0,0.9999997457360069,0
0,0.9999475459855866,0
1,0.9999920799511758,1
1,0.9999248983803325,1
1,0.9999994710370947,1
0,0.9999407849069611,0
0,0.9996139152496418,0
1,0.9999956828505517,1
0,0.9999983490863714,0
1,0.9999999998325078,1
1,0.9999891527206588,1
1,0.9999996329387311,1
0,0.999959782718733,0
0,0.9999787263290576,0
0,0.9999998195133466,0
0,0.9999939331688584,0
1,0.9999962649753004,1
1,0.9999999945019633,1
1,0.9999739861036279,1
1,0.9999968308745025,1
0,0.9997109278433773,0
0,0.9993212921218435,0
1,0.999823828906926,1
1,0.9999975067795972,1
1,0.9999999766488242,1
0,0.9999983080394044,0
1,0.9999890780849424,1
1,0.9999668722866809,1
1,0.9997064411235735,1
0,0.9999997209968361,0
0,0.9999993602528161,0
1,0.9999870258691459,1
0,0.999987641414138,0
1,0.9999770995546947,1
1,0.9999592817421586,1
1,0.9999999999041727,1
1,0.9999946449049889,1
0,0.9999864744136486,0
1,0.9997491331546984,1
1,0.9999953472111506,1
0,0.9999990045859676,0
0,0.9999959557728605,0
0,0.9999863419009618,0
0,0.9999999231302561,0
0,0.999991460680297,0
0,0.9999997666610316,0
0,0.9999998552463684,0
1,0.9999999836933151,1
0,0.9999872941353947,0
0,0.999999545754884,0
0,0.9999999841278697,0
0,0.999999021454154,0
0,0.9999999549030093,0
1,0.9998767242854788,1
0,0.99999993600074,0
0,0.9999999820164928,0
0,0.9997207171848648,0
1,0.9999401807798313,1
0,0.9999993730445966,0
0,0.999991570782723,0
0,0.9999997605902284,0
1,0.9999113506523267,1
1,0.9999999992611672,1
0,0.999993686662575,0
1,0.9999999999857976,1
1,0.9999999999995091,1
0,0.9999970371873429,0
1,0.9999999605877363,1
0,0.9999071480514387,0
1,0.9999238615444155,1
1,0.9999999999403322,1
1,0.9999062128403864,1
1,0.9997221211592149,1
0,0.9999589471804375,0
0,0.9999847427231847,0
0,0.9999999920157139,0
0,0.9999998060188815,0
0,0.9997117389877445,0
0,0.9999938204273904,0
1,0.9999998777487636,1
0,0.9999999887993578,0
0,0.9999808717000491,0
1,0.999999605610436,1
0,0.9999199134271259,0
1,0.9999984864444327,1
0,0.9999960127397638,0
0,0.9999999864835056,0
0,0.9999994008869313,0
1,0.9999947026266097,1
1,0.9999999890679047,1
1,0.9999999741685952,1
0,0.9999990710166703,0
0,0.9999999941947654,0
0,0.9999999935842548,0
0,0.9999957619345684,0
0,0.999764957735234,0
1,0.9999999290575644,1
0,0.9999999877686305,0
1,0.9999359078692021,1
0,0.9999999999757324,0
0,0.9998140394920121,0
0,0.9999872005919057,0
0,0.9998384634515937,0
0,0.9999986722130659,0
0,0.9999984108406629,0
0,0.9999995628282591,0
1,0.9999972123465538,1
0,0.9999642522077467,0
1,0.9999976641781143,1
1,0.9999057465204619,1
1,0.9999977084565213,1
0,0.9999377277825274,0
1,0.9999999813371351,1
1,0.9998809828061156,1
0,0.9999983843162411,0
0,0.9993699463885364,0
1,0.9999981894745951,1
1,0.9999999963556598,1
0,0.9995589675119436,0
0,0.9998946392168568,0
0,0.9999997112232771,0
1,0.9998704401365388,1
0,0.9999882741720023,0
0,0.999999278286725,0
0,0.9999491622567206,0
0,0.9999715543482558,0
1,0.9997682018599231,1
1,0.9999947313330743,1
1,0.9999791010052321,1
0,0.9999990312235318,0
1,0.9999999983782784,1
0,0.999997672187062,0
0,0.9999547628787918,0
1,0.9999999940599453,1
0,0.9998042953184528,0
0,0.9998393778958572,0
0,0.9999972051500782,0
1,0.9999469136111943,1
1,0.9999995611568308,1
0,0.9999996672273148,0
1,0.9999999990560602,1
0,0.9996097611968926,0
0,0.9999967399216246,0
1,0.9997010629173964,1
0,0.9999999999225841,0
1,0.9997646877983374,1
0,0.9996572482895171,0
1,0.9999997892128074,1
0,0.9999994561915241,0
1,0.999999784575309,1
1,0.9999953061457882,1
0,0.9999999799958107,0
0,0.999999977005163,0
1,0.999999764608538,1
0,0.9999998986124645,0
1,0.9999999888784886,1
0,0.9999937033423002,0
1,0.9999962080220939,1
1,0.9999972590958087,1
1,0.9999978151862777,1
0,0.9999999997343582,0
1,0.9999996588945719,1
1,0.9999274087189359,1
0,0.9999959369688712,0
1,0.9999996657198322,1
0,0.999061949601881,0
1,0.9999995401200038,1
0,0.999958293715653,0
1,0.999599490238944,1
0,0.9996854457029566,0
0,0.9999992846899852,0
1,0.9999999784269429,1
0,0.9997123266009607,0
0,0.9999631813394166,0
0,0.9999999690838238,0
1,0.999998186135247,1
1,0.9999999847771239,1
0,0.9999769067877603,0
0,0.999667463307477,0
0,0.9999677381361741,0
0,0.9999682269218875,0
0,0.9999864044832494,0
0,0.9999866539657281,0
0,0.999998925737496,0
1,0.9995643135317782,1
1,0.9999864553001475,1
0,0.9999960979988172,0
0,0.9999897428408724,0
0,0.9999988935980234,0
1,0.9999988821419846,1
0,0.9999999972519352,0
0,0.9999999260355426,0
1,0.9999944560050658,1
0,0.9999997934623627,0
0,0.999999494088156,0
1,0.9999979568601796,1
1,0.9999999945867579,1
0,0.9999923230685859,0
1,0.999999999999998,1
1,0.999999999913832,1
0,0.9999977645726259,0
0,0.9998816822816408,0
0,0.9999992909000113,0
1,0.9997693213910777,1
0,0.9998431967537136,0
0,0.9999998859381818,0
1,0.999996107557527,1
0,0.9999966208469596,0
1,0.9999853551563044,1
0,0.9999986084350054,0
1,0.9999999359504247,1
1,0.9997038039835888,1
1,0.9999984494160918,1
1,0.9992242069288192,1
1,0.9999999995378062,1
0,0.9999865956299283,0
0,0.99996273261769,0
0,0.9999999283149766,0
1,0.9999989887699049,1
0,0.9999994486846957,0
1,0.9999434531991992,1
1,0.9999964268304413,1
1,0.999996641779427,1
0,0.9999999653637076,0
1,0.9999999993277346,1
0,0.9999999998242943,0
1,0.9999999998874818,1
1,0.9999999803571852,1
0,0.9999999760332805,0
1,0.99999192635773,1
1,0.999999990720971,1
0,0.9999998548618606,0
0,0.9999853985223989,0
0,0.9999947811641066,0
1,0.9999730061081898,1
1,0.9999870675332685,1
0,0.9999157909393456,0
0,0.9999754081130288,0
0,0.9999999363203141,0
1,0.9999292765235709,1
0,0.999971599197824,0
1,0.9999887505400494,1
0,0.9998765753164603,0
0,0.9999967335242307,0
0,0.999988817797061,0
1,0.9995727725368386,1
0,0.9999999970863023,0
0,0.9999997983149251,0
0,0.9999999821755401,0
0,0.9990139004517451,0
1,0.9999985188638691,1
0,0.9999997393936513,0
0,0.9999996271210024,0
0,0.999998519822307,0
1,0.9999304034321053,1
0,0.999991816813985,0
0,0.9999932249465434,0
0,0.9999914170835547,0
1,0.9999999202084352,1
1,0.9999925765557942,1
1,0.9999567339859736,1
1,0.9999996491400668,1
0,0.9999828604911432,0
1,0.9999999971776556,1
1,0.999991520232202,1
1,0.9999999647272443,1
0,0.9999999850914286,0
0,0.9999522593577537,0
0,0.9999995214679122,0
0,0.9999655902464758,0
1,0.9999922268968676,1
0,0.999911650677637,0
0,0.999991188179852,0
0,0.9999979611250708,0
1,0.9999999492826338,1
0,0.9997825414377952,0
0,0.9999135637806769,0
0,0.9999934012493474,0
0,0.9999999799476519,0
1,0.9999991487736191,1
1,0.9999934888068676,1
0,0.9999971166411109,0
0,0.9999784328226198,0
0,0.9999972463621144,0
1,0.9999944605696149,1
1,0.9999999081092958,1
1,0.9998669248895844,1
1,0.9999999999999245,1
1,0.9999783487001038,1
1,0.9998028920695546,1
1,0.9999999948379392,1
0,0.9999440976835098,0
0,0.9999316385002897,0
1,0.999999975241457,1
0,0.9998632420124878,0
0,0.9999999747918559,0
1,0.9999999584976831,1
0,0.9996414777581266,0
1,0.9999629534553435,1
0,0.9999999955405271,0
0,0.9999999405422313,0
0,0.9999999216335709,0
0,0.9999413587424084,0
0,0.9999956053151139,0
1,0.9999999999127589,1
1,0.9999999984497354,1
0,0.9999187536510512,0
0,0.9999940933392512,0
0,0.999997878185266,0
1,0.9999912794575221,1
1,0.9999997770118005,1
1,0.9999997257587591,1
1,0.999999997952719,1
0,0.9999150543126393,0
1,0.9999954467558223,1
1,0.999874095173027,1
0,0.9998877089379203,0
0,0.9999739114917121,0
0,0.9999442382584176,0
1,0.9998317615676473,1
1,0.9999999998005846,1
1,0.9999999228404584,1
0,0.9999960902682704,0
0,0.999954109448449,0
1,0.9999620884167622,1
0,0.999965753014305,0
1,0.9999630827776119,1
0,0.9998667680303139,0
1,0.9999977178871,1
0,0.9999994948050265,0
1,0.9997870886737792,1
1,0.9999976597206099,1
1,0.9999998636025138,1
1,0.9999993592752139,1
0,0.9999343623767009,0
1,0.9999415783439253,1
1,0.9999993534844834,1
1,0.9999944215379172,1
0,0.9999203050581054,0
1,0.999997684556996,1
0,0.9999999981375228,0
0,0.999999872612342,0
1,0.999963778421043,1
1,0.999757448631743,1
1,0.9999689766571325,1
1,0.9999999999560754,1
1,0.9999884310876511,1
1,0.999999339269704,1
0,0.9999988036306215,0
1,0.9999998267887635,1
0,0.9998053020771227,0
1,0.9998393163260191,1
1,0.9999135796733652,1
0,0.9999999867502977,0
0,0.9999887572287917,0
1,0.9999716972791736,1
0,0.9998336283604257,0
1,0.9999970548412473,1
0,0.9999583964477448,0
1,0.9999999874156543,1
1,0.9999999999073206,1
1,0.999999999573729,1
0,0.9999907464650872,0
1,0.9999778585544021,1
0,0.9999999890201614,0
1,0.9999473869496445,1
0,0.9999964186960089,0
0,0.9999993559529837,0
0,0.999999890684596,0
1,0.9999999968322544,1
1,0.9998940661611885,1
1,0.999999986755508,1
0,0.9999441623590941,0
0,0.9998951117294291,0
1,0.9999998029304253,1
0,0.9999417679285327,0
1,0.9999278010163429,1
1,0.999841655716109,1
1,0.9999995175203887,1
1,0.999995800914134,1
0,0.9998487439542494,0
1,0.9999925156643122,1
1,0.9999880107097969,1
1,0.9999999793544403,1
0,0.9997654760854742,0
1,0.9999310053570103,1
0,0.9999994224704635,0
0,0.999866242467016,0
1,0.9999999790700465,1
0,0.9999999979487342,0
1,0.9999999226497522,1
0,0.9999598699045479,0
0,0.9999999518190137,0
1,0.9999999366358456,1
1,0.9999954003990548,1
0,0.9999928348017748,0
0,0.9999794942178379,0
1,0.9998130248090027,1
1,0.9999802550574967,1
1,0.9999734332698735,1
1,0.9995907292682378,1
1,0.9999984912055674,1
1,0.9999999655618522,1
0,0.9998851868927772,0
0,0.9997339661859742,0
1,0.9999990552453236,1
1,0.9999999745421468,1
1,0.9999996410059074,1
1,0.9999985193335933,1
1,0.9999509762426634,1
1,0.9999999673197337,1
1,0.9999985688051825,1
0,0.9999922083392273,0
0,0.999999978090008,0
0,0.9999875548445959,0
1,0.9999928849062799,1
1,0.9999899888144764,1
0,0.9999999604463908,0
1,0.9999936280569262,1
1,0.9997435643080859,1
1,0.999691056045014,1
0,0.9999999892197036,0
1,0.9999748264218041,1
0,0.9998965048937184,0
1,0.9999996433744838,1
0,0.9999928057234551,0
1,0.999999980345378,1
1,0.9999931850748107,1
1,0.9999986029156914,1
1,0.9999392481138631,1
0,0.9999428324030788,0
0,0.9999994502887557,0
0,0.9999988474396138,0
1,0.9999656548458193,1
0,0.999999999344236,0
0,0.9999978664000817,0
1,0.999908799477015,1
0,0.9999764496090786,0
1,0.9999999993586652,1
1,0.9994506860575603,1
0,0.9999995803164146,0
0,0.9997385508543399,0
1,0.9999999155378958,1
1,0.9999977245612921,1
1,0.999998865546236,1
0,0.9999960219573173,0
0,0.9999070585159674,0
1,0.9999996947651365,1
0,0.9999950528113158,0
1,0.9998918020636812,1
0,0.9999986379604903,0
0,0.9999957108930312,0
0,0.9999977008063923,0
1,0.9999851721443032,1
0,0.9999991234995512,0
0,0.9999995180480045,0
1,0.9998429341825786,1
0,0.9999942879063546,0
0,0.9999999970786058,0
0,0.9999993114915587,0
1,0.9999880111371064,1
0,0.9999999786256694,0
1,0.9999974833493854,1
0,0.9999990526383415,0
0,0.999999412260242,0
0,0.9997612416977602,0
0,0.9999999584393855,0
1,0.9999967350171279,1
0,0.9999999295313021,0
1,0.9999633442525061,1
1,0.9999879221372584,1
1,0.9999999105121251,1
1,0.9999999873375222,1
0,0.9997688711173267,0
1,0.9999831427970106,1
1,0.9999965393409553,1
0,0.9999563709767442,0
1,0.9999024384292938,1
1,0.9999995579347043,1
1,0.9999624717173442,1
0,0.9999999999380288,0
1,0.9999999397073555,1
1,0.9999999615341527,1
0,0.9999994798355941,0
1,0.9999543304027431,1
0,0.9999980547740089,0
0,0.9998988855140415,0
1,0.9999999799958907,1
1,0.9998376546890266,1
1,0.9999946631498806,1
1,0.9999999978426295,1
0,0.9999895037690286,0
0,0.9999722355463558,0
0,0.9999774590896837,0
1,0.9999898909688856,1
1,0.9999996525773486,1
0,0.9999997874977083,0
0,0.9999146603495666,0
1,0.9999839286840704,1
1,0.999999148034991,1
1,0.9999999946946705,1
1,0.9999853970299524,1
0,0.9997885062090052,0
1,0.9996255239888692,1
0,0.9999857665248896,0
0,0.9999271168046792,0
0,0.9999999856080227,0
1,0.9996373453709669,1
0,0.9999870744506877,0
0,0.9998018142391302,0
0,0.9998888865367429,0
0,0.9999011029504584,0
0,0.9999581564928782,0
0,0.9999581219542937,0
1,0.9998701911670238,1
0,0.9996590468803523,0
1,0.9999996588000505,1
1,0.9999996135029522,1
1,0.9999751047191343,1
1,0.9999895490643737,1
0,0.9999999992933347,0
1,0.9999943537953018,1
0,0.9999856208693516,0
1,0.999999995365751,1
0,0.999984145270159,0
0,0.9997385231646073,0
1,0.9999999821712061,1
0,0.9994433451866157,0
0,0.9999579314831619,0
0,0.9999999981623349,0
0,0.9999999528059934,0
0,0.9998886552014843,0
1,0.999936004173868,1
0,0.9999999999365051,0
1,0.9999807022756725,1
0,0.9999755257867915,0
0,0.9999964368001772,0
1,0.9999999405493643,1
1,0.99996862589101,1
1,0.9999999435897463,1
1,0.9998500401267783,1
0,0.9999990578028771,0
0,0.9999999407008553,0
1,0.999996291719959,1
1,0.9999672252993784,1
0,0.9999998514621329,0
1,0.9999360410307981,1
0,0.9999999999870549,0
0,0.9999998154680404,0
1,0.9999976765359714,1
0,0.9999737046267723,0
0,0.9999983124802178,0
1,0.999999999944319,1
1,0.9997819791091891,1
0,0.9999959752932562,0
0,0.9996775623623219,0
0,0.9999318300826401,0
0,0.9999874903258623,0
1,0.9999999833816109,1
1,0.9999996690212066,1
0,0.9999974112473449,0
0,0.9998740584762288,0
1,0.9999537460062858,1
1,0.9999629870765725,1
0,0.9992635027424621,0
1,0.9997733928773948,1
1,0.9998627777221316,1
1,0.9999999999954956,1
1,0.9999999974792024,1
0,0.9999778621411359,0
1,0.9999999319162491,1
0,0.9997239532648776,0
1,0.9999980932256667,1
0,0.9999993500809464,0
0,0.9998893760192297,0
1,0.9997069599098873,1
1,0.9999944720860463,1
0,0.9999927588739479,0
0,0.9999985145040345,0
1,0.9999999928876782,1
1,0.999999999992947,1
0,0.9999998620157086,0
1,0.9999999022894197,1
1,0.9999999990050741,1
0,0.9999891133536953,0
0,0.9999999138129769,0
1,0.9997028408653847,1
0,0.9999745674802125,0
1,0.9999999987702297,1
0,0.9999999898148952,0
1,0.9999661748473792,1
1,0.9999999999090832,1
0,0.9999999531503971,0
0,0.9999999996829344,0
0,0.999964718143183,0
1,0.9999991153375113,1
1,0.9999995274342414,1
1,0.9998512543598999,1
1,0.9999661920094794,1
0,0.9999996778673973,0
0,0.9999989321623838,0
0,0.9999300507125837,0
1,0.9999999796051702,1
0,0.9998799989333779,0
0,0.9999999517964588,0
0,0.9999749255376036,0
1,0.9999998719825034,1
1,0.9999998977261075,1
1,0.9999983663470694,1
1,0.999997319140486,1
1,0.9999976389443259,1
0,0.9999993505296265,0
0,0.9999046899795808,0
0,0.9996193275864819,0
1,0.9999755282015121,1
0,0.9998930280960356,0
0,0.9999997013233638,0
1,0.9998847603135435,1
0,0.9999624571452904,0
0,0.9999638065278741,0
1,0.999999822309213,1
0,0.9999834802521391,0
1,0.9999790559573315,1
0,0.9999999915926614,0
0,0.9999929765128274,0
0,0.99999894061296,0
1,0.9999284447124506,1
0,0.9999998097626919,0
0,0.9999670648087134,0
0,0.9999999710852645,0
1,0.9999999986904602,1
0,0.9999813290885636,0
0,0.9998303166961061,0
0,0.9999982706498002,0
0,0.9999999999301273,0
1,0.9999974918367679,1
1,0.999999946470381,1
0,0.9999819253330482,0
1,0.9999929136021832,1
1,0.9997117357956373,1
0,0.9999925178877663,0
0,0.9999925991157194,0
0,0.9999788598153405,0
0,0.9999372567958167,0
0,0.9999973723616422,0
0,0.9999832405435021,0
0,0.9997073949309958,0
0,0.9999646118192821,0
1,0.9999813587939065,1
0,0.9999999999950155,0
0,0.9999998058447194,0
1,0.9999997519876029,1
0,0.9999205462991136,0
1,0.9999306946021314,1
1,0.9999999757769474,1
0,0.9999957009700138,0
1,0.9999998166905831,1
0,0.9999999471562417,0
1,0.9999989095071425,1
1,0.9999960745380717,1
1,0.9999875139387763,1
0,0.9999788405930199,0
1,0.9998489895972077,1
1,0.9999979005329944,1
0,0.999994514248147,0
1,0.9999940240661861,1
1,0.9996102156478296,1
0,0.9999995536710466,0
0,0.9999959911102748,0
0,0.9999999991534253,0
0,0.99971318629218,0
1,0.9998980812235286,1
1,0.9994062214649568,1
0,0.9999959417392392,0
1,0.9999043614248811,1
0,0.9999396215385989,0
1,0.9999999998865803,1
0,0.999983806153305,0
1,0.9999678163177652,1
0,0.9999987978494035,0
1,0.9999460187802871,1
1,0.9996977643632308,1
1,0.9998717442729006,1
0,0.9999994963073475,0
0,0.9999924771838261,0
1,0.999983504203212,1
1,0.9999728402262426,1
0,0.9998057092580082,0
1,0.9999999566831795,1
1,0.9999999998878792,1
1,0.9999999998857878,1
1,0.9999997735446648,1
1,0.9998318271476027,1
1,0.9999775100090978,1
0,0.9999183512652443,0
0,0.9999570314166678,0
0,0.999998602174546,0
0,0.9999634380107358,0
0,0.9993814921321745,0
0,0.999999984172468,0
0,0.9999934374911532,0
0,0.999999313562625,0
1,0.99999937124028,1
0,0.9999962130344143,0
0,0.9999997246810408,0
1,0.9999999978661303,1
1,0.9999999950320717,1
1,0.9999998326488786,1
0,0.9999999626781885,0
1,0.9999999963591348,1
0,0.999998366357151,0
1,0.9999964784594327,1
0,0.9999998607491275,0
0,0.999560679389911,0
1,0.9999819587314097,1
0,0.9999961672320592,0
1,0.999999979403962,1
1,0.9999994377209647,1
1,0.9999995202225201,1
0,0.9997561668559474,0
1,0.9999990490921044,1
1,0.9999999999974316,1
1,0.9999975869377451,1
0,0.9999040882423996,0
1,0.9999710637253454,1
1,0.9999999507594937,1
1,0.9999873212434202,1
0,0.999995772342917,0
0,0.9999980595489462,0
0,0.9999973024722262,0
1,0.9999999846856229,1
0,0.9999002898266448,0
0,0.9999999874414366,0
0,0.9999829410806147,0
0,0.9999650856190423,0
1,0.9999999408129634,1
1,0.9999999839879665,1
0,0.9999675087767917,0
1,0.9999998471577232,1
0,0.9999966105395219,0
1,0.9999995149578939,1
1,0.999758258326373,1
0,0.9999219900996239,0
1,0.9999688921848121,1
1,0.9999999869169991,1
1,0.9999476540022774,1
0,0.999997717162265,0
1,0.9999999649071002,1
0,0.999998392377334,0
1,0.9994402174786531,1
0,0.9999734322544297,0
0,0.9999999751981536,0
0,0.99999998085144,0
0,0.9999995276053618,0
0,0.9999966672060031,0
1,0.9999902724559846,1
1,0.999989397442899,1
1,0.9998060226816045,1
0,0.9999791753565201,0
0,0.9999869480734814,0
1,0.9999999996415156,1
1,0.9999999996350644,1
1,0.9999926040458936,1
0,0.9999987817730573,0
0,0.9999985282724676,0
0,0.9999989830930791,0
0,0.9999860968002862,0
1,0.9999999919314909,1
1,0.9999998565791816,1
0,0.9998914109777512,0
1,0.9999999002386157,1
0,0.999999973922896,0
0,0.9999999965139265,0
0,0.9999999999962512,0
1,0.9999999994601949,1
1,0.9997701078815813,1
1,0.9999995377363381,1
0,0.9999996398173816,0
1,0.999962104880153,1
1,0.999893429392003,1
1,0.9999999496353899,1
1,0.9999999497930624,1
1,0.99988384932716,1
0,0.9999985764476667,0
0,0.9999443172775335,0
0,0.9999991823858123,0
0,0.999999944364774,0
1,0.9999225733941716,1
1,0.9999999999664333,1
0,0.9999684020238796,0
1,0.9997800618100046,1
0,0.9999940039308707,0
1,0.9999999999948388,1
1,0.9996568907833611,1
0,0.9999687074549325,0
1,0.9999910005299557,1
0,0.9999999925308676,0
1,0.9999999816360433,1
0,0.9999974163061889,0
0,0.9999999964310392,0
1,0.9998873237842991,1
0,0.9999897038135244,0
0,0.9999066126184973,0
0,0.9999990411837658,0
0,0.9999982603759128,0
0,0.9999326170454186,0
0,0.9994884227211231,0
0,0.9999110466340503,0
1,0.9999997592345211,1
0,0.9999998425565201,0
1,0.9999981596545324,1
0,0.9997053505220272,0
0,0.99999283184208,0
1,0.9999998196406646,1
0,0.99999743326802,0
1,0.9999889947974483,1
0,0.9999995995542362,0
1,0.9999999999987783,1
0,0.9999999836702844,0
0,0.9999984880763435,0
0,0.9999999599958058,0
1,0.999999958321053,1
0,0.9999998023666996,0
0,0.9999998651728443,0
0,0.9999991465614069,0
0,0.9999810713341736,0
1,0.9999732643636312,1
1,0.9999960937261193,1
1,0.9999921516760545,1
1,0.9999999878521769,1
1,0.9999999748901556,1
0,0.999999943626077,0
1,0.999764590202447,1
0,0.9999995378601382,0
0,0.9999425749242525,0
1,0.9999828839259539,1
0,0.9999986071588136,0
0,0.999976524221348,0
0,0.9999999995393593,0
1,0.9999994774560735,1
1,0.9999999970747999,1
1,0.9999211718390444,1
1,0.9995422084064202,1
0,0.9999805224806114,0
1,0.9999952720373521,1
0,0.9999935004625488,0
0,0.9999805966158568,0
0,0.9999971525026796,0
0,0.9999727208137494,0
1,0.9999136841911613,1
0,0.9999447750312999,0
0,0.9999996647584014,0
1,0.99987522178881,1
1,0.9999921664879833,1
0,0.9999995525685045,0
0,0.9998926283726125,0
1,0.9999518021948035,1
0,0.9999996767796467,0
1,0.9999889277953133,1
1,0.9999846187227951,1
0,0.9999277582634583,0
1,0.9999999999191356,1
0,0.999987180935193,0
0,0.9995902412990151,0
0,0.9999971996671118,0
1,0.999999525124634,1
0,0.9999999101147192,0
0,0.9999956286335299,0
1,0.999956124295244,1
0,0.9999631579610788,0
0,0.9997454476557509,0
0,0.9999996133303165,0
0,0.9990252385007611,0
0,0.999968785803295,0
0,0.9998116092046638,0
1,0.9999204621576978,1
1,0.9999999921455426,1
0,0.999999996652406,0
1,0.9999999999936524,1
0,0.9999946563083372,0
1,0.9999409656407382,1
0,0.9999996454020131,0
0,0.9999991856777544,0
1,0.9997644259057846,1
0,0.9999982367599889,0
1,0.9999843741337736,1
0,0.9999705565779446,0
1,0.9999999396814218,1
1,0.9999999999794207,1
1,0.9999999913518441,1
0,0.999202388376971,0
1,0.9999947796033499,1
1,0.9999999167602824,1
1,0.9999977149822009,1
0,0.9999747256141729,0
0,0.9993389635862632,0
0,0.999999717934563,0
0,0.9999999997436435,0
1,0.9999995117702226,1
0,0.9999999896059774,0
0,0.9999999979785801,0
0,0.9998787657465824,0
1,0.9998981605731381,1
0,0.9999962360382513,0
0,0.999999937136635,0
1,0.9999999997118216,1
1,0.9996979564472598,1
1,0.9999999892322909,1
0,0.9999999862916097,0
1,0.9999632021046504,1
0,0.9999725125983718,0
1,0.9997533383947175,1
0,0.9999998919469723,0
0,0.9999994921714263,0
0,0.9999999999210102,0
0,0.9999999700672016,0
0,0.9999913661622151,0
1,0.9999994039284856,1
1,0.9999591285394069,1
1,0.9999875236508482,1
1,0.9999999931690067,1
0,0.9999592710114706,0
0,0.9999999948777294,0
1,0.9999830091412356,1
1,0.9997630953008081,1
0,0.9998910432496398,0
1,0.9997593965736443,1
1,0.9998566825771843,1
0,0.9999991805529732,0
0,0.9999990668227224,0
1,0.9999997509216568,1
1,0.9999974014678799,1
1,0.9999999709404503,1
1,0.9999913654562028,1
1,0.9999875728042087,1
1,0.9999944341293411,1
1,0.9999999774928426,1
0,0.9999912200529679,0
0,0.9999703536846689,0
0,0.9999539239367135,0
1,0.9999999979397576,1
0,0.9999975259397982,0
0,0.9999951827971693,0
0,0.999999982431982,0
1,0.9999001851283258,1
0,0.9999924560004508,0
0,0.9999999959131134,0
1,0.9999997293693805,1
0,0.9999944827291842,0
1,0.9999977167429172,1
1,0.9999832821222999,1
0,0.999988339712877,0
0,0.9999997530626346,0
0,0.9999941660050584,0
1,0.9996791172976373,1
0,0.9996506468554787,0
1,0.999995091598336,1
1,0.9999981352821594,1
0,0.9999982684407308,0
1,0.9999999999965501,1
1,0.9997281629013813,1
1,0.9999999688756892,1
1,0.9998512179024988,1
1,0.9997026328289131,1
0,0.9995466214409207,0
0,0.999576052714584,0
1,0.9999835977043312,1
1,0.9999994982430336,1
0,0.999921353398219,0
0,0.9999999699481213,0
1,0.9999987480536328,1
0,0.9999983225302924,0
0,0.9999992628166104,0
1,0.9999999995927202,1
0,0.9999998834498294,0
0,0.999998334461549,0
1,0.9999999994533204,1
1,0.9998082129018966,1
0,0.9999700347200613,0
0,0.9997858610528497,0
1,0.9999973592796384,1
1,0.9999999351696283,1
1,0.9998091974601829,1
1,0.9999891560760414,1
1,0.9999470386793691,1
1,0.9999939162481509,1
0,0.9999789503465382,0
1,0.9998552957293744,1
0,0.9999999936575932,0
0,0.999902976193232,0
0,0.9999989899155765,0
1,0.9999919853073566,1
0,0.9999961840583029,0
0,0.9999883299701379,0
0,0.9999951086920863,0
1,0.9999793988537916,1
0,0.999999907319976,0
1,0.9999999994202469,1
0,0.9999904086516069,0
1,0.9999999999999971,1
0,0.9999999975081894,0
1,0.9999951816775279,1
0,0.9995918293136801,0
1,0.9996387055470557,1
0,0.9999331077169421,0
1,0.9998855156477017,1
0,0.9999999812440632,0
1,0.9999999830807821,1
0,0.9999908666273549,0
1,0.9999978828863627,1
1,0.9999990906622733,1
0,0.9999999792329626,0
0,0.9999992773418518,0
0,0.9999956180897323,0
1,0.9999554131712312,1
1,0.999986967825338,1
1,0.9999990302296652,1
1,0.9999998477545665,1
0,0.9999999999950311,0
0,0.999964903276826,0
1,0.9999999770313422,1
0,0.9999995298641983,0
1,0.9999866209910812,1
0,0.9999985277613652,0
0,0.9999998008430039,0
1,0.9999812866700982,1
0,0.9999991266852348,0
0,0.9999996275366564,0
1,0.9999227543744259,1
0,0.9999999986212994,0
1,0.9999949804544098,1
0,0.9999719130047324,0
0,0.9999969847763791,0
1,0.9999302571047077,1
1,0.9999809208889224,1
0,0.9999852915605684,0
1,0.9999834435866324,1
0,0.9999999985771257,0
1,0.9999666480307355,1
0,0.9999880942477454,0
0,0.9999987139912689,0
1,0.9999999999972677,1
1,0.9999999989988997,1
0,0.9999620277607074,0
0,0.9999999734940028,0
0,0.9999999524831344,0
1,0.9999726936973573,1
1,0.9999936956909722,1
1,0.99998688363141,1
0,0.9996731152596138,0
0,0.9999999873962417,0
0,0.9999991656688496,0
0,0.9999999998398015,0
1,0.9997768624496874,1
0,0.999971096933877,0
0,0.9997296636556925,0
1,0.9999475034529169,1
0,0.9999935527168684,0
1,0.9999892821624177,1
1,0.9999999998144071,1
1,0.9999957911314244,1
1,0.9999999518692059,1
0,0.9999600092540676,0
1,0.999977905902611,1
1,0.999999999993463,1
0,0.9999944465850077,0
1,0.9999257024501795,1
1,0.9999999982567256,1
0,0.9997194704872698,0
0,0.9999999967389437,0
1,0.9999979501754108,1
1,0.999934738260478,1
0,0.9998895763133184,0
1,0.9999999211595103,1
0,0.9999997675458854,0
0,0.9999974433389339,0
1,0.9998581180663153,1
0,0.9999989053252016,0
0,0.9999969819148083,0
1,0.9999989492378064,1
1,0.9999828551837284,1
0,0.9999995690203574,0
0,0.9999996018094359,0
0,0.9999987263000082,0
0,0.9999727112153071,0
0,0.9999251026897333,0
0,0.9999940650297202,0
1,0.9999952761106601,1
0,0.9999999415334215,0
1,0.9999999830570313,1
1,0.9999999995350866,1
0,0.9998863714305121,0
0,0.9999999904025259,0
1,0.9999999867346356,1
0,0.9999972950096983,0
0,0.999994364948304,0
1,0.9999994790081316,1
1,0.9999681713912606,1
1,0.9999997508633606,1
1,0.9999995658638785,1
1,0.9999426348871193,1
0,0.9999565714468849,0
0,0.9998753502584188,0
1,0.9999872129335399,1
1,0.9999818781326492,1
1,0.9999999940534481,1
1,0.9999948773811996,1
1,0.9999991256315786,1
1,0.9999999421992882,1
0,0.9999957299706143,0
0,0.9999713729805884,0
0,0.9995287034207594,0
1,0.9998776843623932,1
1,0.9999962080545539,1
0,0.999999157979052,0
1,0.9999991362991766,1
1,0.9999254769420276,1
1,0.9999976208455537,1
1,0.9999949810392015,1
1,0.999999982037527,1
0,0.9999979228862614,0
0,0.9998590786477298,0
1,0.9999998859241263,1
1,0.999896706592532,1
0,0.9999995818393025,0
1,0.9999880559033455,1
0,0.9999986277854447,0
1,0.9999565875401633,1
0,0.9999961730488344,0
0,0.9999999993817115,0
0,0.9999999924537304,0
1,0.9998680197490941,1
1,0.9999999998832658,1
1,0.9999999489923245,1
0,0.9999965734800178,0
0,0.9999892555665235,0
1,0.9999524372747827,1
1,0.9999999999919584,1
0,0.9999977066939754,0
1,0.9999980190529509,1
1,0.9999999936696331,1
1,0.9999999132828548,1
1,0.9996592920024376,1
0,0.9999999307948865,0
0,0.9999999919178532,0
1,0.9999611191134877,1
0,0.9999999976733805,0
0,0.9999606406850043,0
1,0.9999472842123442,1
1,0.999999805704693,1
1,0.9999733217080475,1
0,0.9999983560409031,0
1,0.9999905534282886,1
1,0.9999999988677621,1
1,0.9999989289844256,1
0,0.9999872574342611,0
0,0.9999499750535167,0
1,0.9999969991417862,1
1,0.9998778080577492,1
1,0.9999999948155924,1
0,0.9999519310526257,0
0,0.9999999983409802,0
0,0.9998550876144727,0
0,0.9998385298584104,0
1,0.9999996819870475,1
0,0.9999964653664233,0
1,0.999848944578414,1
1,0.9999995078834226,1
0,0.9999990755548244,0
1,0.9999965278784717,1
1,0.9999296702927598,1
1,0.9999877866130493,1
1,0.9999996219664834,1
0,0.9999997498646999,0
1,0.9999954988712842,1
0,0.9997499156164769,0
1,0.9999999999991136,1
1,0.9999999535261738,1
0,0.9999036693643516,0
1,0.9999266268845813,1
0,0.9999756120830573,0
0,0.9999787668766391,0
0,0.9999955942120444,0
0,0.9998653283796738,0
0,0.9999969287727042,0
1,0.9999996205202025,1
1,0.9999529275686372,1
0,0.9999999997503604,0
1,0.9999999046810442,1
0,0.9999999757152126,0
0,0.9999999855028752,0
1,0.9999997550888127,1
0,0.9997849310776419,0
0,0.9998900590596275,0
1,0.9998488083802313,1
0,0.9999870216441602,0
1,0.9999980701314612,1
0,0.9999685320430809,0
1,0.9997168483036407,1
1,0.9999820079847777,1
0,0.9999826844936737,0
0,0.9999998913061947,0
0,0.9999991780702882,0
1,0.9999686058255131,1
1,0.999998964613497,1
1,0.9999987714045422,1
0,0.999998525570062,0
1,0.9997605353771232,1
0,0.99999616082607,0
1,0.9999976493297843,1
0,0.9999986906577112,0
1,0.999999999986636,1
1,0.9999999891890513,1
0,0.9999999998352613,0
1,0.9999999988387291,1
0,0.9999998196683332,0
1,0.9999997317713036,1
1,0.9999884260233721,1
1,0.9999824957051725,1
1,0.999853772184427,1
0,0.9999786167996448,0
1,0.9998449283799803,1
0,0.9998745717918149,0
0,0.9999999895108678,0
0,0.9999999324263334,0
0,0.9999817879455908,0
1,0.9999999996502815,1
1,0.9999999986631214,1
0,0.9999999787430179,0
0,0.9998566778682783,0
0,0.999998986762815,0
0,0.9996354801452237,0
1,0.9999999830047098,1
0,0.9999643382939847,0
0,0.9998851692397469,0
0,0.9999582899051564,0
0,0.9999997418643631,0
0,0.9998380452407274,0
0,0.9999999436047279,0
0,0.9999829343199949,0
1,0.9998801960010679,1
1,0.9999999999887854,1
1,0.999983742013487,1
0,0.9999982884852241,0
1,0.9999921729716817,1
1,0.9999989553955316,1
0,0.9999916371439346,0
0,0.9999981899257266,0
0,0.9999964809278715,0
1,0.9999999999997276,1
1,0.9999999991428534,1
0,0.9999999999699377,0
0,0.9999732690604977,0
1,0.9999346061893968,1
1,0.9999892640884444,1
1,0.9999955756170651,1
0,0.9999997943565585,0
1,0.999994588822392,1
0,0.9999228022536201,0
1,0.9999999915437193,1
1,0.9999704062901392,1
0,0.9997958511786589,0
1,0.9999978286938253,1
0,0.9999981217017203,0
0,0.9999994388792872,0
1,0.9996746231202481,1
1,0.9999999998818014,1
0,0.9999999134281842,0
0,0.9999999981716068,0
0,0.9999961392373387,0
0,0.9997454193525043,0
0,0.9999999188067473,0
0,0.9998321257433022,0
1,0.9999997968374121,1
0,0.9999977031402624,0
0,0.9999875118704302,0
0,0.9999995951535902,0
1,0.9999805155607424,1
0,0.9999999465638224,0
0,0.9999648930227485,0
0,0.9999987740375572,0
0,0.9999999941585632,0
1,0.9998538884996039,1
0,0.9998287876855906,0
1,0.9999597287206633,1
0,0.999995511249428,0
0,0.9999999942076128,0
0,0.9999281541403059,0
0,0.9999999715715469,0
0,0.999996963643168,0
1,0.9999925936682397,1
1,0.9999978516636167,1
1,0.9999999914268175,1
0,0.9999577068996528,0
0,0.9999666180170523,0
0,0.9998560492226957,0
1,0.9999998185065512,1
1,0.9999923874024021,1
1,0.9999896327219073,1
0,0.9991421719381759,0
1,0.9999933024307782,1
1,0.9999999786163667,1
1,0.999948207644471,1
1,0.9999987183516735,1
0,0.9998653200887516,0
0,0.9999975895634232,0
0,0.9999219871797627,0
1,0.9999802284894517,1
0,0.9999378637993229,0
1,0.9998750102671992,1
0,0.999952913014984,0
0,0.999753387226781,0
0,0.9999977310449035,0
1,0.9998565304315051,1
1,0.9999996378914716,1
0,0.999928001913222,0
0,0.9999995633649026,0
1,0.9998456012422714,1
0,0.9999950147742047,0
0,0.9999998937537592,0
0,0.9999999930868161,0
0,0.9999913353786258,0
1,0.9998033293046276,1
0,0.9999996354133907,0
0,0.9999853513696699,0
1,0.9999995066245463,1
0,0.9999958262826104,0
0,0.9998403146831666,0
0,0.9999941255591467,0
0,0.9999999998423778,0
1,0.9999999952603496,1
1,0.9999996593619028,1
1,0.9999991609597759,1
1,0.9999999764925175,1
1,0.9999999958908237,1
0,0.999996090807715,0
0,0.9999990591790081,0
1,0.9999853971770224,1
1,0.9999999987725643,1
0,0.9997665224053472,0
0,0.9999987741043079,0
0,0.9999856768065712,0
0,0.9999989893776402,0
0,0.9999931120141426,0
1,0.999999996922621,1
0,0.9999995475805153,0
1,0.9999999993145727,1
1,0.9999999611232617,1
1,0.9999999724205567,1
0,0.9998023625382819,0
0,0.9999921315710345,0
1,0.9999996184117836,1
0,0.99996434251585,0
1,0.9999999416032844,1
0,0.9996816450944227,0
1,0.9999884865270229,1
0,0.9999994091774612,0
0,0.9999941364626648,0
0,0.999999875596103,0
1,0.9999999929492474,1
1,0.9999722215494503,1
1,0.9999999996041868,1
0,0.9999999926810571,0
0,0.9999999991383275,0
1,0.9999727113685474,1
0,0.9999999997606022,0
0,0.9999980662656238,0
1,0.9999999998217706,1
1,0.9999998539594037,1
1,0.9999999319578632,1
1,0.999999971413296,1
1,0.99999585622217,1
1,0.9999988873017953,1
1,0.9999999991609185,1
1,0.9999999929655368,1
1,0.9999986802450269,1
1,0.9999999826344598,1
0,0.9999996512516348,0
0,0.9999762512912014,0
1,0.9999997703710642,1
1,0.9999999961261063,1
0,0.999999701133283,0
1,0.9999999978492655,1
1,0.9999999999966551,1
1,0.9999736099361293,1
0,0.9999996518766369,0
1,0.9999122330426854,1
0,0.9999980598615931,0
0,0.9999911788131624,0
1,0.9999999714205626,1
0,0.9997812428545259,0
0,0.9999999885392702,0
0,0.9998356156897394,0
1,0.9996398434424146,1
1,0.9999999948226022,1
1,0.9999999999006033,1
1,0.9999999939056989,1
0,0.9999486655912433,0
1,0.9999964183112723,1
1,0.9999999990365434,1
1,0.9999999399187128,1
0,0.9999928132394369,0
0,0.9999943995980655,0
0,0.9999995340432875,0
1,0.999999999971672,1
0,0.9999999193395572,0
1,0.9999998883663161,1
0,0.9999970736404408,0
1,0.9999590406785496,1
0,0.9999999577929244,0
1,0.9999626307927822,1
0,0.9999999351417242,0
1,0.9999521971785129,1
1,0.9999999791479823,1
0,0.9999905173901501,0
1,0.9999999999549192,1
0,0.9999998718800661,0
0,0.9999886281537905,0
1,0.9999999999881692,1
0,0.9999442493563739,0
0,0.999947823563833,0
1,0.9999822925386724,1
0,0.9999982149453417,0
1,0.9999997936078735,1
0,0.9999918725374634,0
0,0.9999995725379495,0
0,0.9999999967973243,0
1,0.9999464231691912,1
1,0.9999996193907726,1
0,0.9999326642592868,0
0,0.9999932863238984,0
1,0.9999985474416663,1
0,0.9999918954351135,0
1,0.9999986673799486,1
0,0.9999999281920413,0
1,0.9999986066331431,1
1,0.9997847460295082,1
1,0.9999192834385254,1
1,0.9995540676391755,1
0,0.9999999089221638,0
1,0.999911834902256,1
1,0.9999288593156667,1
1,0.9999999999976892,1
1,0.9999999567728938,1
0,0.9999163228873952,0
0,0.9998284671251333,0
0,0.9998711429576987,0
1,0.999945555408672,1
1,0.9999999999571774,1
0,1.0,0
1,0.9999667281141688,1
1,0.9999999999651825,1
0,0.9999997718860436,0
1,0.9996890854791668,1
0,0.9999931134163043,0
1,0.9999762953003806,1
1,0.9998495362283275,1
0,0.9999957042361394,0
0,0.9999986100416224,0
0,0.999999436357624,0
1,0.9999989042274943,1
1,0.9995862530762502,1
0,0.9998469747982176,0
1,0.999962313356959,1
1,0.9999996455289788,1
0,0.9998132864278584,0
0,0.9990825654038544,0
0,0.9999990939750683,0
1,0.9998322362246936,1
0,0.9999890100027955,0
0,0.9999378566599638,0
0,0.9993837114018445,0
1,0.9999929581396017,1
1,0.9999999998072759,1
0,0.9999998026393897,0
1,0.9999732404415274,1
1,0.999755628038186,1
1,0.9996793724684717,1
0,0.9998932287492482,0
1,0.9998771500810203,1
1,0.9999931148048363,1
1,0.9998743395333908,1
1,0.9999812314151919,1
0,0.9999999805355825,0
1,0.9999969352483733,1
0,0.9999998538485847,0
1,0.9999966896466569,1
1,0.9999999997132849,1
1,0.9999923036554808,1
1,0.9999643615004475,1
0,0.9999999394524453,0
0,0.9999998186614734,0
1,0.9999997707559473,1
1,0.9999590712578535,1
0,0.9999933339534467,0
0,0.9999999965626455,0
1,0.9999936266204281,1
0,0.99997591536151,0
1,0.9999993136409308,1
1,0.9999999856415052,1
1,0.9999863597490226,1
1,0.9999999699882189,1
0,0.9999909029013495,0
1,0.999999488636906,1
1,0.9999994366910936,1
0,0.9999912210391597,0
0,0.9999327772325639,0
0,0.9999999805996963,0
0,0.999993249747598,0
0,0.9999999918392527,0
0,0.9999403933001306,0
0,0.9999998072218169,0
0,0.9998949397836061,0
1,0.9999998513703036,1
0,0.9999493073757427,0
1,0.9999999998065849,1
1,0.99998842224168,1
1,0.999813080940078,1
0,0.9999938405305877,0
0,0.9999783743484842,0
1,0.9999360375442805,1
1,0.9996688381313088,1
0,0.9999989945199331,0
0,0.9999999766264133,0
0,0.9997362096242554,0
0,0.9999642571465038,0
0,0.9999994575210506,0
1,0.9999993322032125,1
1,0.9999988913218724,1
1,0.999945821859427,1
1,0.9999919347143774,1
0,0.9999999030932128,0
1,0.9999988426854214,1
1,0.9999483389259095,1
0,0.999969256128148,0
0,0.9999925395236672,0
0,0.999445103969577,0
1,0.9999872255456317,1
1,0.999999930726576,1
0,0.9994356081648734,0
0,0.9999051616060081,0
1,0.9999999275406249,1
1,0.9999999476073401,1
1,0.9999999856679984,1
1,0.9998708626531644,1
0,0.9993781280662064,0
0,0.9999999566082395,0
1,0.9999999631528644,1
0,0.9999996471767036,0
1,0.9999925719538116,1
0,0.9999958086710722,0
0,0.9999092651877204,0
0,0.9996236497615424,0
1,0.9999999996486937,1
1,0.9999970683749568,1
1,0.9999999923399167,1
0,0.9999999587337268,0
0,0.9999998874826751,0
1,0.9999986518886033,1
1,0.9999999999151157,1
1,0.9999999984861603,1
1,0.9998521677808304,1
1,0.9999999750092621,1
0,0.9999871921219686,0
0,0.9999997698426772,0
1,0.9999988803016048,1
0,0.9999997199267328,0
0,0.9999922238639776,0
1,0.9999850558509658,1
1,0.9999942839115783,1
0,0.9999995212458589,0
1,0.9999999999997538,1
0,0.9999999491955401,0
1,0.9999974617849373,1
1,0.9999971973271333,1
1,0.9999245936479115,1
0,0.9999998949332294,0
0,0.9999995560430355,0
0,0.999999873049362,0
1,0.9999984929019199,1
0,0.9999930307661741,0
0,0.9999999999889553,0
0,0.9998620929650519,0
1,0.9999944815454062,1
1,0.9999835568406981,1
0,0.9999999737361458,0
1,0.999998966861597,1
1,0.9999980151312928,1
0,0.9999411236267867,0
1,0.9999999409758614,1
1,0.9999039769602746,1
1,0.9999999678072328,1
1,0.9999998058475663,1
0,0.9999991164097419,0
1,0.9999944761735388,1
1,0.9999996727921323,1
1,0.9999999707493685,1
0,0.9997328009577718,0
1,0.9992253706648928,1
0,0.9998875413751684,0
0,0.9999802530198207,0
0,0.9999912214413084,0
0,0.9999999992074036,0
1,0.999954657611891,1
1,0.9999971780893919,1
0,0.9999997491910276,0
0,0.9999102479931449,0
1,0.999993331041642,1
0,0.9997116685871976,0
1,0.9999999988432193,1
1,0.9999985785567284,1
1,0.9999998309332608,1
1,0.9998016666877871,1
1,0.9999005759266757,1
1,0.9999620516145827,1
1,0.9999997824579334,1
0,0.9999760301575908,0
0,0.9999999697003232,0
0,0.9997242387377628,0
0,0.9999831106823217,0
1,0.9999956266756953,1
0,0.9999990827745561,0
0,0.9999885603513942,0
1,0.9999631831640033,1
1,0.9998966200992258,1
1,0.9999620599105692,1
0,0.9993885952129685,0
0,0.9999772433737918,0
0,0.9999429644750459,0
0,0.9999822162848857,0
0,0.9999999443006936,0
1,0.9999999995380506,1
0,0.9999945326015367,0
1,0.9999938838912068,1
1,0.9999960282188667,1
1,0.9999997058252575,1
0,0.9999565980040295,0
1,0.9999999934429764,1
0,0.9999921331352223,0
0,0.9999985749379617,0
0,0.9999900652918279,0
0,0.9998271445166367,0
1,0.9999956365370484,1
1,0.9999993332142437,1
1,0.9999848773457329,1
0,0.9999854486396716,0
0,0.9999972832004881,0
1,0.9999819940883738,1
0,0.9999999512266989,0
0,0.9995447014808266,0
0,0.9999018684778912,0
0,0.9999998877474634,0
1,0.9999999514779717,1
0,0.9998639174979361,0
1,0.9999942753916904,1
1,0.9999999936989818,1
1,0.9999990604387939,1
0,0.999998563631665,0
0,0.9999980419179048,0
1,0.9999950133374261,1
0,0.9999468144278092,0
0,0.9999355172258405,0
0,0.999974709637033,0
0,0.9999519842071609,0
1,0.9999967613110279,1
1,0.9998973153240828,1
0,0.9999659770070102,0
0,0.9999999938383992,0
0,0.999745783361199,0
1,0.999894068646054,1
0,0.9999941642422276,0
1,0.9999405665978259,1
1,0.9999711245194507,1
0,0.9999998835406578,0
0,0.9998769561038694,0
1,0.9999946269217045,1
0,0.9999836599221312,0
0,0.9999969356548225,0
1,0.9999935961631001,1
1,0.9999999660751415,1
0,0.9999837674613588,0
1,0.999999694581212,1
0,0.9999999921595197,0
0,0.9999992448411352,0
0,0.9999776102193244,0
0,0.999415938687261,0
0,0.9999988834473623,0
1,0.9999999999867601,1
0,0.9999948528254196,0
1,0.9999999522649824,1
1,0.9999999440375835,1
0,0.9999997767875883,0
0,0.999999802911908,0
1,0.9999999351940727,1
1,0.9999992156890695,1
0,0.9999981383810241,0
0,0.9999999880821054,0
0,0.9999989816038376,0
0,0.9999999887618961,0
1,0.9999999714208533,1
1,0.9997769246069974,1
0,0.9999999996473631,0
0,0.9997243473224114,0
1,0.9999902336282919,1
0,0.9999981470760976,0
0,0.9999952168063656,0
0,0.9995048741148893,0
1,0.9999999773428055,1
1,0.9999982503106836,1
0,0.9999866114965739,0
1,0.9999056004652604,1
0,0.9999899367137225,0
0,0.9999996786045134,0
0,0.9994388335857121,0
1,0.9999252676104634,1
0,0.9999920247535673,0
0,0.9998647599288802,0
1,0.9998691964587006,1
0,0.999999973449907,0
1,0.9999943000638202,1
1,0.9999995428929167,1
1,0.9999998399577542,1
1,0.9999964930085725,1
1,0.9999975854705017,1
0,0.9999245829507374,0
1,0.9999999313695067,1
0,0.9999987294648165,0
0,0.9999999940626896,0
0,0.9999936829972935,0
0,0.9999888424627973,0
1,0.9999999999462639,1
1,0.9999998616106417,1
0,0.9999999998658146,0
1,0.9999992689819658,1
1,0.9999910464767516,1
1,0.9998024478396604,1
0,0.9997154236067617,0
1,0.9999891567802098,1
1,0.999999999045226,1
0,0.9999976009385905,0
1,0.9999986230035983,1
1,0.9999045567325416,1
1,0.999868786900557,1
1,0.9999442564538966,1
1,0.9999999999917955,1
1,0.9999141650319106,1
0,0.9998564019063422,0
0,0.9999994394880733,0
1,0.9999998411082275,1
0,0.999999987986256,0
1,0.999969214399382,1
0,0.9999988674570788,0
1,0.9999975223435774,1
1,0.9999999588584364,1
0,0.9999999999447088,0
1,0.999994031588874,1
1,0.999999864334929,1
1,0.9998305564040791,1
1,0.9999892850989245,1
0,0.9999886863226838,0
0,0.9999991918701874,0
1,0.9999708458217805,1
0,0.999984771582375,0
1,0.999999805100342,1
1,0.9999999999572498,1
1,0.9999999670771809,1
1,0.9998972985773876,1
1,0.9999999998439033,1
1,0.9999803738525312,1
0,0.9997122123795538,0
0,0.9999932891380389,0
0,0.999999502768677,0
0,0.9999813004401749,0
0,0.9998117810373074,0
0,0.999983933923068,0
1,0.9999999851731094,1
0,0.9999928742018497,0
1,0.9999998332371718,1
1,0.9999880460461147,1
1,0.9999986280854046,1
0,0.9999503200360707,0
0,0.999999310907142,0
1,0.9999984347003127,1
0,0.9997575240582967,0
0,0.9999999997876364,0
0,0.9998268722179484,0
1,0.9997484271011144,1
0,0.9999999991489072,0
0,0.9999999905854503,0
1,0.9997901033819186,1
0,0.9999115881703106,0
1,0.999994165112871,1
0,0.9999998526475777,0
0,0.999998511601851,0
0,0.9999991996880263,0
1,0.9999999774127041,1
0,0.999999389163812,0
0,0.9999981220901285,0
0,0.9999970406567963,0
1,0.9999999836512317,1
0,0.9999927275885934,0
0,0.9999999999982944,0
1,0.9999868107124051,1
1,0.9999969999485068,1
1,0.9999189984757972,1
0,0.9999457767408845,0
0,0.9999999954551839,0
0,0.9999037228952716,0
1,0.9999999687035349,1
0,0.9999551775429147,0
1,0.9997517242713135,1
1,0.9999999999601321,1
0,0.9999840576064928,0
0,0.9999461487061088,0
1,0.9999953311175702,1
0,0.9997130201195785,0
1,0.9998358754452918,1
1,0.999872725309433,1
0,0.9999487412993201,0
0,0.9999945601246922,0
0,0.9999979738234211,0
1,0.9999958834525022,1
1,0.9999999805234198,1
1,0.9999970095035684,1
0,0.9999627094380613,0
0,0.999993264884817,0
0,0.9999842414693378,0
0,0.9999958192188656,0
1,0.9997520816551073,1
0,0.9999979569765173,0
0,0.9999985447921201,0
0,0.9998567988800376,0
0,0.9999876699890425,0
0,0.99998422300912,0
0,0.9999999799025405,0
1,0.9998180960286698,1
1,0.9999998211506593,1
1,0.9999546971573535,1
0,0.9998087813902239,0
0,0.9999982223472343,0
1,0.9999995801179711,1
0,0.9999960635884462,0
1,0.9999998526309137,1
0,0.9999999832737715,0
0,0.999999986435329,0
0,0.9999657061398033,0
0,0.9999986388231286,0
1,0.9998820001388751,1
1,0.9998111309692158,1
1,0.999998739588133,1
1,0.9999621671628949,1
1,0.9999910479024747,1
1,0.9999996993024085,1
0,0.9994219244629656,0
1,0.9997006792626629,1
0,0.9999986530708518,0
0,0.999999985437378,0
1,0.999974718093255,1
0,0.9999999680265278,0
1,0.9999954118416051,1
0,0.9997677836695807,0
1,0.9999999974291749,1
0,0.9999999744705804,0
0,0.9999895839011563,0
0,0.9999999669430082,0
1,0.9999932319146291,1
1,0.9999999999869928,1
0,0.9999937830565843,0
0,0.999999996445474,0
0,0.9998127516706852,0
1,0.9999972311570897,1
0,0.9999824505725768,0
0,0.9999957123252484,0
1,0.9999696980004247,1
1,0.9999999946922751,1
0,0.9999974958712036,0
1,0.9999105628694767,1
1,0.9996724271896157,1
0,0.9996561655370839,0
1,0.9999996335332888,1
0,0.9999730510844425,0
0,0.9999978212348697,0
1,0.9999962777062971,1
1,0.9999995750656603,1
0,0.9999996841012032,0
1,0.9999971464602574,1
0,0.999994967995099,0
1,0.9999999104336439,1
0,0.9999840092099024,0
0,0.9999682637647271,0
0,0.9999970091694237,0
1,0.9999588698983289,1
0,0.9991433809122181,0
1,0.9999999907855722,1
1,0.9999990537596312,1
1,0.9999980965568922,1
1,0.9999812706498299,1
0,0.9999099794853394,0
0,0.9999934415529192,0
1,0.9999999812400892,1
0,0.9999999809448417,0
0,0.9999956127959991,0
0,0.9996643818777935,0
1,0.9999999288881358,1
0,0.9998678675537106,0
0,0.9997314135590032,0
0,0.9987693026432302,0
0,0.9999999731073823,0
1,0.9999122604847058,1
1,0.9999941384402242,1
0,0.9999974149810122,0
0,0.9998807594177633,0
0,0.9999999848934843,0
0,0.9999999858688469,0
0,0.9999638551819723,0
1,0.9999902235294885,1
1,0.9999995130012063,1
1,0.9999999980079954,1
1,0.9999819755802412,1
0,0.9995844713926902,0
1,0.9999999869124103,1
0,0.9997198140401863,0
1,0.9999526130445888,1
0,0.9999986666132056,0
0,0.9999957655757635,0
1,0.999999490502022,1
0,0.9999846900160259,0
0,0.999963211392563,0
0,0.9999996434092328,0
0,0.9999998165054651,0
1,0.9999701798137266,1
0,0.9999907031626435,0
0,0.9999973139769448,0
0,0.9999999123804999,0
0,0.99995259019823,0
0,0.9997647539690737,0
1,0.9999321950904554,1
1,0.9999999832791325,1
0,0.9999999975912424,0
1,0.9999981349206402,1
1,0.9997881556364449,1
0,0.9999997643858898,0
1,0.9999841736128376,1
0,0.9999999959193346,0
1,0.99999924934159,1
1,0.9999999999529088,1
0,0.9999997116017607,0
1,0.99999569100971,1
0,0.9999999756109614,0
0,0.9999998465344215,0
0,0.9997189759177071,0
0,0.999961260278357,0
0,0.9996290905121406,0
0,0.9999999996107062,0
1,0.9999999903236209,1
1,0.9997022824346693,1
0,0.9999971742754747,0
1,0.9999999999023248,1
0,0.9997590388089688,0
1,0.9999884310876511,1
0,0.9999996490588037,0
0,0.9999512673956529,0
0,0.999998740733647,0
1,0.9999965061778212,1
1,0.9999997030635099,1
1,0.9999999892380546,1
1,0.9999997349479225,1
0,0.9999519895267059,0
1,0.9999999800911858,1
0,0.9999999975002724,0
0,0.9999506072503294,0
0,0.9999999992546731,0
1,0.9999996808413075,1
1,0.9999992504272602,1
0,0.9999994358754117,0
0,0.999999937172321,0
1,0.9998736465173569,1
0,0.999999170679935,0
1,0.9999994434082522,1
1,0.9997940899304538,1
1,0.9999999521700224,1
1,0.9999999520680086,1
0,0.9999971110848889,0
1,0.9999999877897089,1
0,0.9999178679051107,0
0,0.9999971109841631,0
0,0.9999992226752964,0
1,0.9999995369038857,1
1,0.9997143356847003,1
1,0.9999999999975535,1
0,0.9999976877026802,0
0,0.9998384817807253,0
1,0.9999998873080633,1
0,0.9999968999175733,0
1,0.9999999977597585,1
1,0.9996338257800165,1
1,0.9999794009303181,1
1,0.9999986821741119,1
1,0.999999973740817,1
1,0.9999999388033618,1
0,0.9999836457254427,0
1,0.9999999662710528,1
1,0.9999822085826684,1
1,0.9999999662467756,1
1,0.9999990748839512,1
0,0.9998839847481156,0
0,0.999990038768664,0
0,0.9999378108601416,0
1,0.9999981917979179,1
1,0.9999945901746501,1
1,0.9999846242260294,1
0,0.9999944197701123,0
0,0.9999999522140498,0
0,0.9998530386980116,0
1,0.9999927401011819,1
1,0.9999587033838252,1
1,0.9999999904842917,1
0,0.9999994693447655,0
1,0.9997277438631142,1
0,0.9999896322448217,0
0,0.9999922984045164,0
0,0.9999943793149781,0
1,0.9999999667743493,1
1,0.9999999912182315,1
0,0.9999619809192649,0
0,0.9999586452524615,0
0,0.9999948414270939,0
0,0.9999932717088426,0
0,0.9999932734821521,0
0,0.9999965127562418,0
1,0.9999642093683071,1
1,0.9999968974066735,1
0,0.9997100363275605,0
0,0.9999970828851411,0
1,0.9999972650784827,1
0,0.9999999946269348,0
1,0.9999572246958158,1
1,0.9997713086556604,1
1,0.9999997414578028,1
1,0.9999999966291193,1
0,0.9999900064393424,0
1,0.9999999751831863,1
0,0.9999704182001549,0
0,0.9998742397993079,0
0,0.9999927969829967,0
1,0.9997911958102451,1
0,0.9998931034909618,0
1,0.9999776996661873,1
0,0.9999924011673008,0
0,0.9999981497473461,0
0,0.9999430696023436,0
0,0.9999449497136096,0
0,0.9999999243336529,0
0,0.9999999386004013,0
1,0.9999999650975361,1
1,0.9999992507887339,1
0,0.9999981952092919,0
1,0.9999984955755681,1
0,0.9994994593894205,0
1,0.9999993188895465,1
0,0.9999487266716007,0
1,0.9999983625661342,1
0,0.9997193116720913,0
0,0.999999999380922,0
1,0.9999999566012671,1
1,0.9998675928663119,1
1,0.9999981590275705,1
1,0.9999399130576951,1
0,0.999999999780422,0
0,0.9999966096704922,0
1,0.9999995785733333,1
0,0.9999943038438667,0
0,0.9998967608457786,0
0,0.9999966398248704,0
0,0.9999672071333894,0
1,0.9998535545335352,1
0,0.9999999987089927,0
0,0.9999606937339033,0
1,0.9999999999987625,1
1,0.999989287493808,1
0,0.9999846899890701,0
0,0.9999740340587292,0
1,0.9999430504520699,1
0,0.9999999495888583,0
0,0.9997278336050002,0
0,0.9999992302492237,0
1,0.9999998783576193,1
1,0.9999993402055051,1
1,0.999833941043717,1
1,0.9995457472269597,1
1,0.9999999986108963,1
1,0.9999923019620366,1
0,0.9999969134319413,0
0,0.9999942289514415,0
0,0.9999999844016487,0
1,0.9998173508325888,1
1,0.9997868617323633,1
1,0.9999999175847235,1
1,0.9999511249720252,1
0,0.9999974793281846,0
1,0.9999998575524515,1
0,0.9999934167165229,0
0,0.9996130229977701,0
1,0.999999548835626,1
0,0.9997098510998359,0
0,0.9999999997506104,0
1,0.9999999348145678,1
0,0.9999998967253833,0
1,0.999999969666902,1
1,0.9999864763062607,1
1,0.9999429258221353,1
1,0.999999986143008,1
0,0.9999988513973523,0
0,0.9999190573380912,0
0,0.9999998427813912,0
0,0.9999967289186723,0
1,0.9998391609693864,1
1,0.9999938547160946,1
1,0.9999764031174386,1
0,0.9998952307499089,0
1,0.9999999717440758,1
1,0.999929304142224,1
0,0.9996786976704616,0
1,0.9999395191658379,1
1,0.9999498412170068,1
0,0.9999999956862764,0
0,0.9999999977696772,0
0,0.9999999935596149,0
1,0.9999785368364207,1
1,0.9999999986533283,1
0,0.9999953127110037,0
1,0.9999971283189547,1
0,0.9999966610749083,0
0,0.9995438405122515,0
0,0.9999979164776919,0
1,0.9999999999986273,1
0,0.9998454947413113,0
1,0.9999995914662781,1
1,0.9999887911608971,1
0,0.9999717678825791,0
0,0.9999999610697619,0
0,0.9999995291928325,0
1,0.9999994861495538,1
0,0.9998347638965324,0
1,0.9999209691345198,1
0,0.9999982007715247,0
1,0.9996843438973512,1
0,0.9999873851939989,0
1,0.9999997017694059,1
1,0.9998023012937813,1
1,0.9997418813055895,1
0,0.9999999360158944,0
1,0.9999979510799452,1
0,0.9996813031796287,0
0,0.9999937982413359,0
1,0.9999995362853294,1
1,0.9998519408004293,1
0,0.999906431058309,0
1,0.9998142097750713,1
0,0.9999825578947679,0
1,0.9998782403324619,1
1,0.9999940249430302,1
1,0.9999999901717901,1
0,0.9999795334989081,0
0,0.9999375978925767,0
0,0.9999932837330722,0
1,0.9999306996485556,1
1,0.9997760778470738,1
0,0.9999999959200497,0
0,0.9994964703027999,0
0,0.9999999998383798,0
1,0.9999985270326337,1
1,0.99998246948667,1
0,0.9999943714158425,0
1,0.9999999985568071,1
0,0.9999548591530005,0
0,0.9999999991919379,0
0,0.9999541888318604,0
0,0.9995535538125533,0
1,0.999660797369387,1
0,0.9999992094579547,0
1,0.9999999768073867,1
1,0.999987593937166,1
1,0.9998604436145047,1
0,0.9999954364001067,0
0,0.9999999989639492,0
0,0.9997652181598148,0
0,0.9999998825457711,0
1,0.9999984018874035,1
0,0.9999499500350078,0
0,0.999962070107555,0
0,0.9999372286956251,0
1,0.9999999208114241,1
0,0.9999558130265327,0
0,0.9999999981331326,0
1,0.9999999992775879,1
0,0.9999997244582685,0
1,0.9997524953865669,1
1,0.9999996862723207,1
0,0.9999997059848574,0
1,0.9999996418179748,1
0,0.9999707366794647,0
1,0.9999949725547561,1
0,0.9999837336944117,0
0,0.9999999631447769,0
1,0.9999999593212671,1
1,0.9999999982693921,1
1,0.9998477670352619,1
0,0.999992987136355,0
1,0.9999999999835611,1
0,0.9999998609181759,0
1,0.9999321732702313,1
1,0.9995937880576652,1
1,0.9999999998808073,1
1,0.9996622932443062,1
0,0.9999999886430295,0
0,0.9999902044737026,0
0,0.9999963584556787,0
0,0.9999999678356922,0
0,0.999999790466406,0
1,0.9999999808756438,1
1,0.9999980414312082,1
0,0.9997255683496092,0
1,0.999999514376789,1
1,0.999956597836263,1
1,0.9999993831966058,1
0,0.9999933202763952,0
0,0.999983526994193,0
1,0.9999968393656001,1
0,0.9999941368692065,0
0,0.99996389373658,0
1,0.9998791445138443,1
0,0.9999992109598203,0
0,0.9999986497875203,0
1,0.9999700160102754,1
1,0.9999978236062936,1
0,0.9997816885154462,0
1,0.9997545282150848,1
1,0.9999969779207748,1
1,0.9999999787447225,1
1,0.999999990435379,1
1,0.9997558364392418,1
0,0.9999999997209909,0
1,0.9999999849039123,1
1,0.9999531676804474,1
1,0.9996236728485983,1
1,0.999988320627144,1
0,0.9999992162124061,0
1,0.9999999999636304,1
0,0.9999999570395461,0
0,0.9999950047443783,0
0,0.9999997510527597,0
0,0.9999999997215439,0
1,0.999999930281827,1
1,0.9999634663930699,1
1,0.9999999989195436,1
1,0.9999952268072406,1
0,0.9999980027474472,0
0,0.9999859271082742,0
0,0.9999698222064851,0
1,0.9999999946518043,1
1,0.9999999706210654,1
0,0.9999880757797772,0
0,0.9998920470364243,0
0,0.9999998176682139,0
0,0.9999117076216554,0
1,0.999989879287227,1
0,0.9999970692943112,0
0,0.9999999994077449,0
0,0.9999495025633633,0
0,0.9999969438805125,0
1,0.9996864455164493,1
0,0.9999937299246294,0
0,0.9999999526758504,0
1,0.9999999998328601,1
1,0.9996699544471247,1
0,0.9999953779186326,0
1,0.9999999999223037,1
0,0.9999970722589968,0
0,0.9999935986583685,0
1,0.9998512151883157,1
1,0.999999999979357,1
1,0.9991802269201092,1
1,0.9998533423258074,1
1,0.9999999999258011,1
1,0.9999984451999597,1
0,0.99999990432145,0
0,0.9999999965308833,0
1,0.9999919932399157,1
0,0.9999999579795101,0
1,0.9999999972636051,1
0,0.9999948537526752,0
1,0.9991258631683672,1
0,0.999970661345206,0
0,0.9999999823345835,0
1,0.9999999586588996,1
0,0.9999833283112046,0
0,0.9999992299384957,0
1,0.9999670819247464,1
0,0.9999999882505889,0
1,0.9999625302556546,1
1,0.9999135596398453,1
0,0.9999999856178627,0
1,0.9999999999287759,1
1,0.999972689226923,1
1,0.9999118543981768,1
0,0.9999994678924881,0
0,0.9999598484715467,0
1,0.999940045621586,1
0,0.9997740948974284,0
0,0.9999910683470308,0
0,0.9998090595192825,0
1,0.9996386869810169,1
0,0.9999999997611002,0
1,0.9999995211184494,1
1,0.9999997849798301,1
0,0.999999057527612,0
0,0.999994260990632,0
0,0.9999999780676344,0
1,0.9999999530090826,1
0,0.9999999491478233,0
1,0.9999853420080076,1
1,0.9999825520076394,1
0,0.9999788406275117,0
0,0.9999617546863693,0
0,0.9999999851272249,0
1,0.9999594955104542,1
1,0.9999999972085654,1
1,0.999999614918524,1
0,0.9999851930175925,0
0,0.9999999970347581,0
1,0.9999997229011615,1
0,0.9999851484159453,0
1,0.9999997398649456,1
1,0.99999999779476,1
1,0.9997845407923464,1
0,0.9999308363564937,0
0,0.9999969212464124,0
1,0.9999996854106875,1
1,0.9999999147476651,1
0,0.999994576112793,0
0,0.9998738228402931,0
1,0.9998258598944028,1
0,0.999999996231016,0
0,0.9999983966792405,0
1,0.9999999822685061,1
0,0.9998698777494359,0
0,0.999990976337142,0
0,0.9999999029468043,0
0,0.9999999999392268,0
0,0.9999985969056822,0
0,0.9998421713490429,0
0,0.9997536540314571,0
0,0.9999961566588297,0
0,0.9999974233830136,0
1,0.9999905591108637,1
0,0.9999999293860058,0
0,0.9996852640363953,0
1,0.9999999846862475,1
1,0.9999700380164661,1
0,0.9999999981769325,0
1,0.9999915888450639,1
1,0.9995537712521334,1
1,0.9998076565097332,1
1,0.999999999932218,1
0,0.9995476968632353,0
1,0.9999816848204511,1
0,0.9999999999815287,0
0,0.999999973156128,0
1,0.9999997680875672,1
1,0.9999995466282184,1
1,0.9999999999837483,1
1,0.9999458887600442,1
0,0.9999943860049931,0
1,0.999999997810642,1
0,0.9999999989610122,0
0,0.9999389367460411,0
0,0.999998969375221,0
1,0.9999979862769538,1
1,0.9999979832555715,1
1,0.9999969190489212,1
0,0.9999918396378272,0
0,0.9988123801116182,0
0,0.9999956413451804,0
1,0.9999998672736244,1
1,0.999995473841451,1
1,0.9999998529647761,1
1,0.9999713824862102,1
0,0.9999995715737015,0
1,0.9999999965776758,1
1,0.9999795625812632,1
0,0.9999591089431497,0
0,0.9999993876572095,0
0,0.9999858970224714,0
1,0.9998722580028283,1
0,0.9999999431107685,0
1,0.9999934058551034,1
0,0.9999999666101674,0
0,0.9999999745250335,0
1,0.9999999991256001,1
0,0.9999976065580438,0
1,0.9997611743344853,1
1,0.9999814707181052,1
1,0.9999868763552305,1
1,0.9999976381386042,1
0,0.9999969658725646,0
1,0.9999283800376724,1
0,0.9999992414798418,0
1,0.9999999231067683,1
1,0.9999999834283126,1
1,0.9999974047911225,1
1,0.9999608876012731,1
1,0.9996497377437421,1
1,0.9999771479623893,1
0,0.9999407558581799,0
1,0.9999999941276627,1
0,0.9999978726653772,0
1,0.9999975825735063,1
1,0.9999999866431488,1
0,0.9999921899516107,0
0,0.9999998886176344,0
1,0.9999999935015658,1
1,0.9999989363159646,1
1,0.9999999999669975,1
0,0.9999992182002376,0
0,0.9999983836219267,0
1,0.9999999972381077,1
1,0.9999948143486956,1
1,0.9999980554664303,1
1,0.9999998907179182,1
0,0.999999853415459,0
1,0.9999999918248591,1
0,0.9999997973543854,0
0,0.9996648746141078,0
1,0.9998972347539525,1
1,0.9999388134923022,1
0,0.9999917863040095,0
0,0.999997959408615,0
0,0.9999999520717066,0
0,0.9999995717268211,0
0,0.9999990308651483,0
1,0.9999490864081663,1
0,0.9999827084553685,0
0,0.9999576813397374,0
1,0.9999998284474455,1
1,0.9999101660994713,1
0,0.9999446955480791,0
0,0.9998878650552993,0
1,0.9999998958978098,1
1,0.9999996862898388,1
0,0.9998068501016154,0
0,0.9999793362530509,0
0,0.9999983187057488,0
1,0.999914394703222,1
0,0.9999996559407146,0
0,0.9999276703967597,0
1,0.9997455490592573,1
0,0.9999935834825602,0
1,0.9999399718146639,1
1,0.9999983481864634,1
0,0.9999999840321613,0
0,0.9999994284033981,0
1,0.9999989937751643,1
1,0.9999999825153892,1
0,0.9999991247250576,0
0,0.9999479617866175,0
0,0.99999932422249,0
0,0.9999706930892622,0
0,0.9999992072264394,0
1,0.999942125826646,1
0,0.9999998039813678,0
1,0.9999999914061771,1
0,0.9999742567486588,0
0,0.9999978903788754,0
0,0.9994013293236433,0
1,0.9999978080922997,1
1,0.9997431872763035,1
0,0.9999890141955762,0
1,0.99999997841103,1
0,0.9999999555602884,0
0,0.9999554107360329,0
1,0.9999994546900155,1
0,0.9999820698669225,0
0,0.9999998750159421,0
0,0.999846548908206,0
1,0.9999999989079782,1
1,0.9997329927025953,1
0,0.9999999477470731,0
0,0.9996082309203618,0
0,0.9999998765499659,0
1,0.9996582322199227,1
1,0.9999999895075838,1
0,0.9999999140177204,0
0,0.9999983837210207,0
0,0.9999929499845703,0
0,0.9999881096276451,0
1,0.9999999977824241,1
1,0.9999770897666094,1
1,0.9999991176177511,1
0,0.9999994512794983,0
1,0.9999635665660302,1
0,0.9999990571123429,0
1,0.9999999930144123,1
0,0.9999256254835709,0
0,0.9999979958791856,0
1,0.9999999992091149,1
0,0.9999998311109064,0
0,0.9999999910849732,0
0,0.9999996385279141,0
1,0.9999623053408548,1
1,0.9999996810809062,1
0,0.9999655965375082,0
1,0.9998159042817677,1
1,0.9999806477703636,1
1,0.9999967326728998,1
0,0.9998885497024694,0
1,0.9998649719091884,1
0,0.9999999997135334,0
1,0.9999998992148375,1
0,0.9999821367332193,0
0,0.9999998219791687,0
1,0.9997950482377435,1
0,0.9996967574866639,0
0,0.9998896665445948,0
1,0.99997517970212,1
0,0.9999997611751393,0
0,0.9999942580603142,0
1,0.9999866921104945,1
1,0.9999510548206278,1
0,0.9999897784037265,0
0,0.9999975440368783,0
0,0.9999718426108045,0
0,0.999999999958293,0
0,0.9999997968824869,0
0,0.9999998652365284,0
0,0.9999985579826441,0
1,0.9999582720641842,1
1,0.9999972723114943,1
1,0.9999863948996717,1
0,0.9999955759339084,0
0,0.9996373360398239,0
1,0.9996054067026808,1
0,0.9999999668603775,0
0,0.9999924456002021,0
1,0.9999080223313632,1
0,0.9998584941506105,0
1,0.9998765338471473,1
0,0.99983956171233,0
1,0.9999570415946027,1
0,0.9999995854491962,0
0,0.9999375664557381,0
0,0.9999999998588257,0
1,0.9999960839226625,1
1,0.9999981862089073,1
0,0.9999999987107164,0
1,0.9999994597059539,1
0,0.9999583939598595,0
0,0.9999438689262393,0
0,0.9999999996426658,0
0,0.9999506584920098,0
0,0.9999898980146342,0
0,0.9999999474051354,0
1,0.9999998427066229,1
1,0.999999998504667,1
1,0.9999996086222835,1
1,0.9999999999998077,1
1,0.9999999524121479,1
0,0.9999703601368987,0
0,0.9999996181858947,0
0,0.9999972457601244,0
1,0.999999669373762,1
0,0.999695978795808,0
0,0.9999966152121287,0
0,0.9999915095039053,0
1,0.9999999999403699,1
0,0.999993788240846,0
1,0.9999997491576021,1
1,0.9999999474815519,1
0,0.9999996246160718,0
1,0.9999999711093075,1
0,0.9999996170582615,0
0,0.9998410764632135,0
1,0.9997246705716395,1
0,0.9999999911355075,0
0,0.9999935169953954,0
0,0.9999784519220547,0
0,0.9999998057005588,0
0,0.9999998728418216,0
1,0.9998496563124929,1
0,0.9999941115182953,0
0,0.9999999293445836,0
0,0.999996666781687,0
0,0.9999509104312906,0
0,0.9999947602801456,0
1,0.9999997571689613,1
1,0.9999999952475584,1
1,0.9999854449549462,1
0,0.9999999758143241,0
1,0.9998003198609329,1
0,0.9999530254958126,0
1,0.9999998993410278,1
0,0.9999955655542739,0
0,0.9999999894680299,0
1,0.9999967833409714,1
1,0.9998975653080207,1
0,0.9999944238785814,0
1,0.9999047378025039,1
0,0.9995558225134124,0
0,0.9999997888761057,0
1,0.9999088481505268,1
0,0.9999999021222724,0
0,0.9999950412081593,0
0,0.999504051164434,0
1,0.9996742708956746,1
1,0.9999999982568906,1
1,0.9999999736748411,1
0,0.9999999955750929,0
1,0.9999870349085926,1
1,0.999986549131635,1
0,0.9999938451026796,0
0,0.9999999449772076,0
1,0.9999998178745785,1
0,0.999756956684457,0
0,0.9999992648748294,0
1,0.9999282480829124,1
1,0.9999993942538147,1
0,0.9999999997500766,0
1,0.9999999999999358,1
0,0.999999019995401,0
1,0.9999796898402304,1
0,0.9999971783345358,0
0,0.9999999347926989,0
0,0.9999999251669983,0
0,0.9999562566235511,0
0,0.99987846964307,0
1,0.9999926912597382,1
0,0.999922826464908,0
1,0.9999968061768796,1
0,0.9999862764678569,0
1,0.9999999747964856,1
1,0.9999979303629355,1
0,0.9999681767050261,0
0,0.9998997933830637,0
0,0.9999981964859794,0
0,0.9999794037848777,0
1,0.9999487418291427,1
1,0.9999693822052473,1
1,0.9999549387313649,1
1,0.9999944388119675,1
1,0.9996748813398312,1
1,0.9999999737128829,1
1,0.9999950623597963,1
0,0.9999996534834116,0
0,0.9987012679270563,0
1,0.9999458774392939,1
0,0.9999746605348468,0
0,0.9999999854432321,0
0,0.999999207987863,0
0,0.9999949542939537,0
1,0.9999994486550405,1
0,0.99999982440987,0
1,0.9999561046907454,1
1,0.9999999521116342,1
0,0.9999965740540447,0
0,0.9999972478661027,0
0,0.9999998812023492,0
1,0.9999997991041469,1
0,0.9998747719446166,0
1,0.9999991673533773,1
1,0.9997251287757035,1
0,0.9999786469673074,0
1,0.9999915827742193,1
0,0.9999998932548156,0
0,0.9999996428018492,0
0,0.9998081713361586,0
0,0.9999849344741055,0
1,0.9999518976199376,1
1,0.999963628184311,1
0,0.999996795243362,0
1,0.999997053784369,1
0,0.9999409787406899,0
1,0.9999678181783781,1
0,0.9999991447782113,0
0,0.9999302660076318,0
0,0.9998327548572367,0
0,0.999976297669954,0
0,0.9995949630154346,0
1,0.9997289590689001,1
0,0.9999999617576246,0
0,0.9999999834072596,0
1,0.9999843981638967,1
0,0.9999992534674089,0
0,0.9998218641239269,0
1,0.9995339033992243,1
1,0.9999900295453206,1
1,0.9999615769269994,1
1,0.9998934335351095,1
1,0.9999999459972879,1
0,0.9995296699634278,0
0,0.9999997650232852,0
0,0.9998548598506506,0
0,0.9999999998144471,0
0,0.9998804206418951,0
0,0.999999908664006,0
0,0.9997192538625655,0
0,0.9999282214498065,0
0,0.9999977946002192,0
1,0.9999999999220945,1
0,0.9999910292738478,0
0,0.9999994685632804,0
1,0.9999999999943705,1
1,0.9999094364107336,1
1,0.9999963695895719,1
1,0.9999984577605578,1
0,0.999999992287611,0
0,0.9999999669467028,0
1,0.9999028664923709,1
1,0.9998851824843699,1
1,0.9999935079760273,1
1,0.999457518793686,1
1,0.9999998557416953,1
1,0.9991618924998732,1
1,0.9999998813466923,1
1,0.9999154603383115,1
0,0.999653966106475,0
1,0.9998097929013443,1
1,0.9999999867163789,1
1,0.9999999844962779,1
0,0.999997627988678,0
1,0.9999999994011735,1
0,0.9999999951489674,0
1,0.9999214810457616,1
1,0.9999980238414333,1
1,0.9999998470213257,1
1,0.9999954548308584,1
1,0.9999999999994118,1
1,0.9999999052327787,1
0,0.9999856902319821,0
0,0.9999999524853753,0
1,0.999888339419812,1
0,0.9999880215924842,0
1,0.9999999293186453,1
0,0.999954394765849,0
0,0.9999898796791347,0
0,0.9999999989734398,0
1,0.9999474446644008,1
1,0.9998445635764007,1
1,0.9995570488634076,1
0,0.9999999997627941,0
0,0.9999993641761431,0
1,0.9999999891012755,1
0,0.9999997735537257,0
0,0.9999817042960674,0
0,0.9999998451163681,0
0,0.9999999066987257,0
1,0.9999998129190694,1
0,0.9999998462929874,0
1,0.999999943996418,1
1,0.9999999766260167,1
1,0.9999647344871634,1
1,0.9999999073759592,1
0,0.9999986350883735,0
0,0.9999015896184035,0
1,0.9999999999780003,1
0,0.9999997145378504,0
1,0.9999999694935175,1
0,0.999999998741021,0
1,0.999966254042416,1
1,0.999999996625252,1
0,0.9999662253713026,0
1,0.9998054427449865,1
0,0.9999634954989417,0
1,0.9999941692957485,1
1,0.9999968652010347,1
0,0.9996741547500454,0
0,0.9999963171162688,0
0,0.9999186152717674,0
0,0.9999998730894762,0
1,0.9999987764983042,1
1,0.9999998574491819,1
0,0.9999996277000867,0
1,0.9999952880636973,1
0,0.999999357705047,0
0,0.9999682323145808,0
0,0.9999047772064101,0
1,0.9999994774631454,1
0,0.9999576372080184,0
0,0.9999657711050753,0
0,0.9999999082904764,0
1,0.9999999999955649,1
0,0.9999999985771257,0
1,0.9998928114418801,1
1,0.9999999993537552,1
1,0.999980738738952,1
1,0.9999999660816803,1
0,0.9982123563449893,0
1,0.9999873677058034,1
0,0.9999999980886638,0
0,0.9999990217755612,0
0,0.9999284074689341,0
0,0.9999997436547644,0
0,0.9997735316237455,0
0,0.9999999955232968,0
1,0.9999999996159257,1
0,0.9999616664718786,0
1,0.9999973871903025,1
1,0.999627681388194,1
0,0.999964372175521,0
1,0.9999999998016995,1
1,0.9999999721121432,1
0,0.9999999842763404,0
0,0.999999997694048,0
0,0.9999999964622748,0
0,0.9999870910350279,0
1,0.9999999365681262,1
1,0.9998658454993526,1
0,0.9999883531300652,0
0,0.999997198518936,0
1,0.9992503114897517,1
1,0.9999933132847338,1
0,0.9999990571169716,0
1,0.9999978080090872,1
0,0.9999999362670408,0
0,0.9999992056844855,0
1,0.9999632923229849,1
0,0.9999252516892587,0
1,0.9999889381129948,1
1,0.9999915519988714,1
1,0.9998996005827034,1
0,0.9999844429925374,0
0,0.9999626444386145,0
0,0.9999979660527977,0
1,0.9999999966600879,1
0,0.9999999912182825,0
0,0.9999999961413562,0
0,0.9999999461518466,0
1,0.9999773859137719,1
0,0.9999035269633266,0
1,0.999997097527572,1
0,0.9992019513912473,0
1,0.9999828702065023,1
1,0.9992080784067295,1
1,0.9999738083217143,1
1,0.9999994390381899,1
1,0.9999998622093816,1
1,0.9999999624689225,1
0,0.9999410528601821,0
0,0.9999998546764809,0
1,0.9998727095751265,1
0,0.9999995205590902,0
1,0.99998743604204,1
0,0.9999971481291065,0
0,0.9999711813536037,0
0,0.9999990779293862,0
1,0.9999864654945688,1
0,0.9999054289982963,0
1,0.9999999997839948,1
1,0.9999064746252748,1
0,0.9999993953913934,0
1,0.9999861629786805,1
0,0.9999994228584563,0
0,0.9999964135638353,0
0,0.9999761386110217,0
1,0.9999399341301792,1
0,0.9999713144504871,0
1,0.9995177222637193,1
1,0.9999931899930286,1
1,0.999999999963552,1
1,0.9999995964643854,1
1,0.9999999419483785,1
1,0.9999993088401417,1
0,0.9999999607466394,0
0,0.9999724053129615,0
0,0.9999999771599006,0
1,0.9998946922568367,1
0,0.9999999969010004,0
0,0.9999990819013289,0
1,0.9999999994320123,1
0,0.999644116690684,0
1,0.9999452399034899,1
0,0.9999999979745339,0
1,0.9999998601986153,1
1,0.9996298194976225,1
1,0.9999840459791962,1
0,0.999999040546963,0
1,0.9998935587788292,1
1,0.9999992837648025,1
1,0.9999863070285611,1
1,0.9999999999333176,1
1,0.9999999880831006,1
1,0.9999979329666902,1
0,0.9995857417060937,0
0,0.9999961181722589,0
0,0.9997763015368586,0
0,0.9999161772370471,0
1,0.9999999994795585,1
1,0.999863452862116,1
1,0.9997620579530118,1
0,0.9997761268172259,0
1,0.99999999999803,1
1,0.9999999623675974,1
0,0.9999999350584333,0
1,0.9999999099764342,1
0,0.9999995627862328,0
1,0.9998292030352873,1
0,0.9997396906044951,0
1,0.9999991997110923,1
1,0.9999469600625066,1
0,0.9999967781567071,0
0,0.9999873590448235,0
0,0.999999859862129,0
1,0.9999999999546616,1
0,0.9990834581152651,0
1,0.999992544731607,1
0,0.9999926404846078,0
1,0.9999026061574303,1
0,0.9998377258306024,0
0,0.9999818826289166,0
1,0.9999835748248274,1
0,0.9999919203583694,0
0,0.9999997456056319,0
0,0.9999941912276418,0
1,0.9999965274802031,1
1,0.9999993983900186,1
0,0.9999833916304262,0
1,0.9999992203268332,1
0,0.9999973982421198,0
1,0.9999999976432035,1
0,0.9999963456973874,0
1,0.9998874022051936,1
0,0.9999999999882856,0
0,0.9997906078965821,0
0,0.999998535255228,0
1,0.9999999999898173,1
1,0.9999971559217394,1
0,0.9999955738490559,0
0,0.9999999813022153,0
0,0.9999978886521377,0
1,0.9999999986983412,1
0,0.9999913452205533,0
1,0.9999999999747515,1
1,0.9999978228899014,1
1,0.9999873762859975,1
0,0.9999915659380803,0
0,0.999958368493148,0
0,0.999987996864708,0
0,0.9999998250041221,0
0,0.9999999756831122,0
0,0.9999544118615549,0
0,0.9999999492444704,0
1,0.9999498441950385,1
0,0.9999327420822779,0
1,0.9999509928401911,1
1,0.9999999210093191,1
1,0.9998195659043193,1
1,0.9999993579839116,1
0,0.9999836234115362,0
1,0.9999998575098895,1
1,0.9999995067174732,1
0,0.9998269977050641,0
0,0.9999935314547134,0
1,0.999999757497732,1
1,0.9999412035816535,1
1,0.9999999377391865,1
0,0.9999765648797777,0
0,0.9998885678724434,0
0,0.999999125695709,0
1,0.9999999999964149,1
0,0.9999974924115347,0
1,0.9999890835085545,1
1,0.9999920089005859,1
0,0.9999999144256921,0
0,0.9999957047543947,0
0,0.9999992849855297,0
0,0.9999913825225134,0
1,0.9999999996340929,1
0,0.9999999953587363,0
0,0.9999997960592307,0
1,0.99985569221094,1
0,0.9997569960866871,0
0,0.9999999837272062,0
1,0.9999999554626771,1
1,0.9999989850107561,1
1,0.9997819476881378,1
0,0.9999999999998569,0
1,0.9999999928630132,1
1,0.9999999240047399,1
1,0.9999804570299751,1
0,0.9999999865972642,0
0,0.999971601015973,0
0,0.999996098287541,0
0,0.9999753239691671,0
0,0.9999992141470236,0
0,0.9999949895338288,0
1,0.999999976859605,1
0,0.9999968559330512,0
0,0.9998711476980101,0
1,0.9999994774770685,1
1,0.9999963092269814,1
0,0.9999939181333248,0
1,0.9999999999574862,1
0,0.9999986920737997,0
1,0.9999714283208506,1
1,0.999371993545567,1
1,0.9996510381826692,1
1,0.9999712005628386,1
0,0.999999988962739,0
1,0.9999033874837358,1
0,0.999993890518812,0
0,0.9999990082056547,0
0,0.9993322951372479,0
0,0.9999872270924938,0
0,0.9999230254700815,0
0,0.9999455680944809,0
0,0.999999929598539,0
1,0.9999834975373113,1
0,0.9999999986207968,0
1,0.9999918853800369,1
1,0.9997119957335954,1
1,0.9998779834871034,1
0,0.9998516166021607,0
1,0.999974393761086,1
0,0.9997657013202266,0
0,0.9996615351388242,0
1,0.9999981696268393,1
1,0.9999999276424169,1
1,0.9999998975817421,1
1,0.9997663521162499,1
0,0.9999852405938661,0
0,0.999999680834437,0
0,0.9999991866876067,0
0,0.9999999995836695,0
0,0.9987631418146928,0
0,0.9999858889186347,0
0,0.9999943884896028,0
1,0.9999991912392558,1
1,0.9999982733945538,1
1,0.9999999777459674,1
1,0.9999993567833675,1
0,0.9999925068689709,0
0,0.9999258025508024,0
0,0.9999554987019381,0
0,0.9999999964925517,0
1,0.9999998688779804,1
0,0.999999301000133,0
1,0.9999999962118451,1
0,0.9999994301164403,0
0,0.9999997364214874,0
1,0.9999991406410571,1
0,0.9997524693126536,0
0,0.9999545020342492,0
0,0.9999999373954491,0
1,0.999999053955921,1
0,0.9999999749093559,0
1,0.9995129917901637,1
0,0.9999994911236175,0
1,0.9999942955511804,1
1,0.999998266850983,1
0,0.9999538257859908,0
1,0.9999996740597837,1
0,0.9996029220200732,0
1,0.9999999999996623,1
0,0.9999984799317393,0
0,0.9999847634020929,0
1,0.99999683731238,1
1,0.9999994952193768,1
1,0.9999939270709908,1
1,0.9999999993034774,1
0,0.9999434608565412,0
0,0.9999999999817867,0
1,0.9999973736219122,1
0,0.9999993498945384,0
0,0.9999999837661132,0
1,0.9999999368574137,1
1,0.9999454106690236,1
0,0.9999655236507262,0
0,0.9998616250478969,0
1,0.9996236665171303,1
0,0.9999896360719053,0
1,0.9999746143166722,1
1,0.9999506573413992,1
0,0.9999999953909477,0
0,0.9999963334203983,0
1,0.99991519290632,1
0,0.9999977315630335,0
1,0.999999697305583,1
0,0.999999326750908,0
1,0.9993564281709354,1
0,0.9999618924719114,0
0,0.9999998786338858,0
0,0.9999968730097301,0
1,0.9999908584017678,1
0,0.9999999535136734,0
0,0.999999538806345,0
0,0.9997272251211443,0
0,0.9999999960416359,0
1,0.9997466304099364,1
0,0.999661220249783,0
1,0.9999999970069737,1
0,0.9999964345348434,0
0,0.9999921897753046,0
0,0.999975120809666,0
1,0.9999519569428035,1
0,0.9999194518393038,0
0,0.9999900281723475,0
1,0.9999893665757373,1
0,0.9999493719097236,0
1,0.9999999923270911,1
1,0.9999779586658628,1
0,0.9999943401985305,0
1,0.9999997530253962,1
1,0.9999959543466208,1
0,0.9998131480450468,0
1,0.9999999998693281,1
0,0.9999999750982125,0
1,0.9999333798371257,1
1,0.9998858334492327,1
0,0.9999996651504363,0
0,0.9999919289955168,0
1,0.9999973465912926,1
0,0.9999834086978454,0
1,0.9999995494251944,1
1,0.9999074457742626,1
1,0.9999999923641502,1
0,0.9999999892941065,0
0,0.9999982727883088,0
1,0.9999988737198178,1
0,0.9999999974523963,0
1,0.999999914811092,1
1,0.9999981761285851,1
1,0.9998651874549424,1
1,0.9999164273146854,1
0,0.9999998906161682,0
0,0.9999968140766606,0
1,0.9999998977261075,1
1,0.999998156375976,1
0,0.9994146016229503,0
0,0.9999992060114071,0
0,0.9999999831663924,0
1,0.9997231638168603,1
0,0.9999999841405375,0
1,0.9999999996599573,1
0,0.9999924289275977,0
1,0.9998818958214897,1
0,0.99999999184467,0
1,0.9999991251410276,1
1,0.9999999922054138,1
1,0.9999950645806319,1
1,0.9999564096989356,1
1,0.9999697780095317,1
1,0.9993668028620106,1
1,0.9999945881432619,1
1,0.9999998997129266,1
0,0.9999996320010512,0
1,0.9999995082227147,1
1,0.9999990643864248,1
0,0.9999964988409245,0
0,0.9999988608701592,0
0,0.9999667199609579,0
1,0.9999857624817792,1
0,0.9999992193691339,0
1,0.9994409437079712,1
0,0.99999895328316,0
1,0.9999798646475171,1
0,0.9999863366959887,0
0,0.9999998683159627,0
1,0.9999816518979089,1
0,0.9999955075889542,0
1,0.9999999767577673,1
0,0.999818770441978,0
0,0.9999999993603828,0
1,0.9999998920311067,1
1,0.9999889468535557,1
0,0.9999729943947357,0
0,0.999956599325287,0
0,0.9999813395948904,0
1,0.999797215999002,1
1,0.9999815724857429,1
0,0.999994198539154,0
1,0.9999994776280017,1
1,0.9999999461398326,1
0,0.999999999851744,0
1,0.9999067691653434,1
1,0.9999973367086382,1
0,0.999992664208738,0
0,0.9996080791823894,0
0,0.9999495954927001,0
0,0.9999994233984467,0
0,0.9999999952713138,0
1,0.9999998568502119,1
1,0.9999999158181625,1
0,0.9999986020036588,0
0,0.9999990042511043,0
0,0.9999934816642297,0
1,0.9999999088485828,1
0,0.9999997943545191,0
1,0.9999997746185583,1
0,0.9999999958459495,0
1,0.9999999474771178,1
1,0.9999924062441395,1
0,0.9999950272450375,0
1,0.9999959210645797,1
1,0.9999577904759162,1
1,0.9999999852293917,1
1,0.9999999485910085,1
0,0.9999947216825926,0
0,0.9999909004603319,0
1,0.9999999339182929,1
1,0.9999999775606773,1
0,0.999948475328825,0
0,0.9999991743619221,0
0,0.9999649240430318,0
0,0.9999958121895539,0
1,0.9999999987505408,1
0,0.9999998561009129,0
0,0.9999955810132845,0
0,0.9998356043527379,0
0,0.9999962725150394,0
1,0.9983611313035914,1
1,0.9999730830320215,1
1,0.9999999997579856,1
1,0.9999999957001071,1
0,0.9999999974420251,0
1,0.9999999954775052,1
0,0.9999946578768951,0
1,0.9999999999069069,1
0,0.9999999438878366,0
0,0.9999121668083669,0
0,0.9999711667892568,0
0,0.9999990924565063,0
1,0.9999897500034813,1
0,0.9999957765816134,0
1,0.9997953024045034,1
1,0.9999997159034079,1
0,0.9999184274236086,0
0,0.9999997220449883,0
1,0.9999956892733524,1
1,0.9999999998595193,1
1,0.9999999712241704,1
0,0.9999889722055835,0
0,0.9999224288153891,0
1,0.9999486815619001,1
1,0.9999944615585256,1
0,0.9999994521484804,0
0,0.9999912829910713,0
1,0.9999997759535939,1
0,0.9999998479888325,0
1,0.9999999999697644,1
0,0.999956268180151,0
0,0.9998767564730325,0
1,0.999813867285508,1
0,0.9997798172232086,0
1,0.999989660079268,1
0,0.9999905116498462,0
1,0.9997004937081799,1
0,0.9999997751033198,0
1,0.9999971625177952,1
0,0.9998524939054141,0
1,0.9999991306400442,1
1,0.9999810689343667,1
1,0.9999762507768157,1
0,0.9999981205716466,0
0,0.9999988777597986,0
0,0.9998707152932205,0
1,0.9999405114949729,1
1,0.9999999594802996,1
0,0.9999996785366221,0
0,0.9999942879233846,0
1,0.9999998013768318,1
1,0.9999979304025264,1
0,0.9998598268571612,0
0,0.9999972190996058,0
0,0.9999997656149199,0
0,0.9999999849410782,0
1,0.9999999921054022,1
1,0.9999851545919162,1
1,0.9999999692257137,1
0,0.9999999452561985,0
1,0.9992134673047625,1
0,0.9999995891045144,0
0,0.9998962494795097,0
0,0.9999889968488685,0
1,0.9999947156142862,1
1,0.9999962236410532,1
1,0.9999999979757817,1
1,0.999999921485546,1
0,0.9998782961582786,0
0,0.9999798889404061,0
0,0.9999945042332136,0
0,0.9999999557028839,0
1,0.9999989691957102,1
0,0.9999999755666753,0
1,0.9999979494254982,1
1,0.9999999937155195,1
1,0.9999999899843383,1
1,0.9999956168339921,1
0,0.9999980161564969,0
1,0.9996846244064564,1
1,0.9999987932890491,1
1,0.9999999999124243,1
0,0.9999965373636871,0
0,0.9999974712037855,0
0,0.9999519021462234,0
0,0.9999924166289553,0
1,0.9999994901593158,1
0,0.9999996438635996,0
1,0.9999930207732968,1
1,0.9999944047628532,1
0,0.9999998303782224,0
1,0.9999994832717513,1
0,0.9998945007686755,0
0,0.9999958443184109,0
0,0.9999920683984392,0
1,0.9999462207037985,1
1,0.9993875806351941,1
0,0.9999957984884988,0
1,0.9999996203839809,1
1,0.9999789067985143,1
0,0.9999991413684707,0
1,0.9996791669872664,1
0,0.9999998816938351,0
0,0.9999936295351946,0
0,0.9994975264128709,0
0,0.9999988553439519,0
1,0.9999999242052435,1
0,0.9999968194310385,0
1,0.9999999931690067,1
1,0.9999977088542866,1
0,0.9999999842518935,0
0,0.9999998907593809,0
1,0.9999999372534877,1
0,0.9998203180499418,0
0,0.9999999894203789,0
0,0.9999971714892997,0
1,0.9999999995600621,1
1,0.9999999792581213,1
1,0.9997682571024369,1
1,0.9999999864401796,1
0,0.9999999876208752,0
1,0.9998650785414466,1
0,0.9999703263714839,0
1,0.9999997514715431,1
1,0.9999997539287812,1
1,0.9999999754992249,1
0,0.9999709763676693,0
1,0.9999884377934001,1
1,0.999998816738357,1
0,0.9999805107173425,0
1,0.999958792151146,1
0,0.9999899051890572,0
0,0.9998299879080811,0
1,0.9999999589442509,1
0,0.9999956777434822,0
1,0.9999868821792299,1
1,0.9998882656579531,1
1,0.9999745511135091,1
0,0.999996906684643,0
0,0.9999837618662483,0
0,0.9999998550978543,0
0,0.9999998468888988,0
0,0.9999972432231508,0
0,0.9999994680406432,0
0,0.9999936387773302,0
1,0.9999987570032597,1
0,0.999999846858858,0
1,0.9999999459948825,1
0,0.9999859890073867,0
1,0.9999997968856906,1
1,0.9999843033395327,1
0,0.9999984142452415,0
0,0.9999970414318218,0
1,0.9995933813722433,1
1,0.9999999662797632,1
1,0.9990606940063818,1
1,0.9999997513253792,1
0,0.9999977030711332,0
0,0.9999996788178132,0
1,0.9999999757673071,1
1,0.9999998264682396,1
1,0.9999999938426456,1
1,0.9996965383604061,1
0,0.9999276038604706,0
0,0.9999994555893593,0
1,0.9999999999496823,1
0,0.9993272271071548,0
1,0.9999952577869089,1
1,0.9999995292373225,1
0,0.9999998198149409,0
0,0.9999876139772687,0
0,0.9999975160110655,0
0,0.9998998933825244,0
0,0.9999999585248541,0
0,0.9999977809336176,0
1,0.9995953247231256,1
1,0.9999268952596387,1
1,0.999982217456579,1
0,0.9999999998536316,0
0,0.999998664868493,0
1,0.9999766029327218,1
0,0.9998798941249183,0
0,0.9999997447335565,0
0,0.9999704707420597,0
0,0.9999743225722105,0
1,0.9999976985168282,1
0,0.9999802541874235,0
0,0.9999554532781263,0
0,0.9999989978995685,0
1,0.999988931535079,1
0,0.999999419140291,0
0,0.9999995907020732,0
1,0.9997484422581995,1
1,0.9999888850936458,1
1,0.9998230265032608,1
1,0.9999992608000969,1
0,0.9999841563075793,0
0,0.999998423532271,0
0,0.999999308347854,0
0,0.9998171850627023,0
0,0.9999989616300634,0
0,0.9999999335044443,0
0,0.999999997380262,0
1,0.9993121119785686,1
1,0.9998151928797864,1
0,0.9999993628775792,0
1,0.9999994844401483,1
1,0.9999878433355712,1
1,0.9999999462076148,1
1,0.9998428166748717,1
0,0.9999342006358943,0
0,0.9999734324683307,0
0,0.9999999208198679,0
0,0.9999997380301747,0
1,0.9999908731944327,1
1,0.9999552262884086,1
1,0.9998072394735804,1
0,0.9998060059155194,0
1,0.9999999806845036,1
0,0.9999988192207342,0
0,0.9999946060280758,0
1,0.999999405895155,1
1,0.9997885535025003,1
0,0.9999976053357014,0
0,0.999999918676287,0
0,0.9999999497708224,0
0,0.9999999999380067,0
0,0.9999945178229607,0
0,0.9997899665655062,0
1,0.9999220610719347,1
1,0.999999974999765,1
1,0.9999658233603087,1
0,0.9999996499372332,0
0,0.9999996767740733,0
0,0.9999997619827661,0
0,0.9999855182119017,0
1,0.9999999705471057,1
0,0.9999940285834461,0
0,0.9999999044578921,0
1,0.9999624105550271,1
0,0.9999827065303694,0
0,0.9999960852775344,0
1,0.9999998644518321,1
0,0.9975423577011266,0
0,0.9999598209426379,0
1,0.9999999999009894,1
0,0.9999999979152666,0
0,0.9999999997782499,0
0,0.999723915457019,0
1,0.9998005703413482,1
1,0.9999999988275443,1
1,0.9999972603430543,1
0,0.9999046016668407,0
0,0.9999998500967237,0
0,0.9997687617802505,0
0,0.9995136886907862,0
0,0.9999994367372476,0
0,0.9999999862426528,0
1,0.9999896559841892,1
0,0.9999999092527023,0
1,0.9997665695753988,1
1,0.9999997243040958,1
0,0.9999998054158798,0
0,0.9999852998615476,0
1,0.9999999999544469,1
0,0.9999033595802568,0
0,0.9999997104713474,0
1,0.9996367224971467,1
1,0.9999739504907831,1
0,0.9998860570021049,0
1,0.9999999999995404,1
1,0.9999999635788668,1
0,0.9999999993753215,0
1,0.9998870695627285,1
1,0.9999999886774703,1
0,0.9998735723409746,0
0,0.9999981370422312,0
1,0.9999813542473115,1
1,0.9999186938560266,1
1,0.9999872924074599,1
0,0.9999997171397924,0
1,0.9999997201953067,1
1,0.9999999461212399,1
1,0.9999999478633015,1
1,0.9998351826036479,1
0,0.9998964589092026,0
1,0.9999988887097846,1
0,0.9999992540403109,0
1,0.9998299679118573,1
0,0.9996361315958846,0
1,0.9998593375563339,1
1,0.9999999558469226,1
0,0.9999992434409597,0
0,0.9999963171144978,0
1,0.999999998662717,1
1,0.9999874496347659,1
0,0.9992640915112122,0
0,0.9999998371922143,0
1,0.9996687282636654,1
0,0.9999997497495839,0
0,0.9999761690060017,0
0,0.9999976247317048,0
1,0.9999891171050287,1
0,0.9998220532930108,0
1,0.9999799191551174,1
0,0.9999999917864928,0
1,0.9996206622937667,1
1,0.9999999601314653,1
1,0.9999998338065289,1
0,0.99998905291602,0
1,0.9998741850380378,1
1,0.9999056959682745,1
1,0.999999993086101,1
0,0.999998045192819,0
0,0.9999833839086849,0
1,0.9999999960182979,1
0,0.9999805338269263,0
0,0.9994737432006428,0
1,0.9996302969228799,1
1,0.9999171043570677,1
0,0.9999996193838866,0
1,0.9999628004531081,1
0,0.9999894350166264,0
0,0.9999997316413746,0
0,0.9999934903246593,0
0,0.9998927104692391,0
1,0.9998966241718427,1
0,0.9999992038894463,0
1,0.999999402394839,1
0,0.9999845879543215,0
0,0.9999967638708398,0
1,0.9999836098261503,1
1,0.999999999989712,1
1,0.9999993145731869,1
1,0.9999998867831451,1
0,0.99999999870684,0
1,0.9999999999999241,1
1,0.9999993185246269,1
0,0.9999386513090693,0
1,0.9999566561081895,1
0,0.9999969941689939,0
1,0.99999996782094,1
1,0.9999987226011159,1
0,0.9999147092628855,0
1,0.9999999990832413,1
1,0.9993903542054027,1
0,0.9999780782576784,0
0,0.9999999556034941,0
0,0.9999999204373339,0
0,0.9999973960882547,0
1,0.9998902513688186,1
1,0.9996715220370685,1
0,0.9999936362741197,0
1,0.9999926665605171,1
0,0.9999975466374553,0
0,0.9999998613780048,0
0,0.9999998053287761,0
0,0.9999999299584634,0
1,0.9999999999857707,1
0,0.9999942241330344,0
1,0.9999025640639764,1
0,0.9997669247187425,0
0,0.9999704523305869,0
1,0.9999999998711304,1
0,0.9999998705037795,0
0,0.9999894127224667,0
1,0.999976287758535,1
1,0.9999999754866952,1
1,0.9999999941282007,1
0,0.9999974051805375,0
0,0.9999984957932069,0
1,0.9999999534862233,1
0,0.9999999734664294,0
0,0.9994970801327075,0
0,0.9999999143812089,0
0,0.9999999712983999,0
0,0.9999968986063934,0
1,0.9999997225037884,1
0,0.9999998891990406,0
0,0.9999998743989823,0
0,0.9996478828204092,0
0,0.9999999937573019,0
1,0.9999999920540777,1
1,0.9999973722122167,1
0,0.9998552041616728,0
0,0.9993099326224686,0
1,0.9999999986683974,1
1,0.9999999915959809,1
1,0.9999998862204188,1
1,0.9999378030087932,1
0,0.9999998668470996,0
1,0.9998939276667945,1
0,0.9999013132501754,0
0,0.9999964355445307,0
1,0.9998122919480272,1
0,0.9999999827130763,0
1,0.9999364019655801,1
1,0.9999999961475015,1
0,0.9999999999676155,0
0,0.9999999910710932,0
1,0.9998482528901328,1
0,0.9999999932607538,0
1,0.9999954122937909,1
1,0.9996596218539907,1
0,0.9999983400419804,0
0,0.9999999992169877,0
0,0.9999999963076035,0
0,0.9999944235666951,0
0,0.999999369747927,0
1,0.9999999821357993,1
0,0.9999923079881223,0
0,0.9999709471207535,0
0,0.9997547208433186,0
1,0.9999979781810046,1
1,0.9999237946065482,1
0,0.9998359011151651,0
0,0.9999997160951143,0
1,0.9999965751975484,1
1,0.9999999883321281,1
1,0.9999999699082018,1
0,0.9999999303917635,0
0,0.99999874445562,0
1,0.9999617816923079,1
0,0.9999999969494204,0
1,0.9999940245965098,1
1,0.9999998460926637,1
0,0.9999941988845662,0
1,0.9994841983807905,1
0,0.9999992716067345,0
1,0.9999476266228439,1
0,0.9999999804737717,0
0,0.9999992613286283,0
0,0.9999999618448678,0
0,0.9997945323930608,0
1,0.999999998727606,1
0,0.9999983589510953,0
1,0.9998447213250651,1
0,0.9999966609468888,0
0,0.9999932873440357,0
0,0.9999855988426184,0
0,0.9999780657873403,0
1,0.9996022442807196,1
0,0.9999806104133032,0
1,0.9999545256388387,1
0,0.9999996804139113,0
0,0.9999116308702084,0
1,0.9999999997797826,1
1,0.9999582919287497,1
1,0.9999999997921403,1
1,0.9999999997448075,1
0,0.9999901422332096,0
1,0.9995601593191529,1
0,0.9997148422447022,0
1,0.9999998964032778,1
1,0.9999660853420336,1
0,0.9999095819257169,0
1,0.9999444400702324,1
0,0.9998602508498582,0
1,0.9999998929393942,1
0,0.999999916627199,0
1,0.9997736443398879,1
0,0.9999695546547503,0
1,0.9999998364487744,1
0,0.9999604596870009,0
0,0.9999699341483372,0
1,0.9999957697553485,1
0,0.999929514763873,0
0,0.9999995024326637,0
0,0.9999712614139573,0
0,0.9999991946797001,0
0,0.9999992253490362,0
1,0.9999576984515269,1
0,0.9999988437046876,0
0,0.9999998693968004,0
0,0.9999999771228186,0
1,0.9999999949267273,1
1,0.9999928594485559,1
1,0.9999999376384817,1
1,0.9991321167721169,1
1,0.9999970729092743,1
1,0.9999997956551725,1
0,0.9999084474577825,0
1,0.9999998516426634,1
1,0.999941370460098,1
1,0.9999910434589737,1
0,0.9993354987372648,0
0,0.9999995243367151,0
1,0.9996604639381527,1
0,0.9999998322074439,0
0,0.9999929128169873,0
0,0.9999998780824239,0
1,0.999903789549717,1
0,0.9999914983080055,0
1,0.9999999882923322,1
1,0.9999999932276047,1
1,0.999998138676683,1
1,0.9999999938261184,1
1,0.9999858026625787,1
0,0.9995268059180382,0
0,0.9999963584553134,0
1,0.9997180220232162,1
1,0.9999882602754026,1
0,0.9999476765011236,0
0,0.9999992723388584,0
0,0.9999993591040853,0
1,0.9999943649824964,1
0,0.9999923064032253,0
0,0.9999967763683273,0
1,0.9999575987081688,1
0,0.9999995819646333,0
0,0.9999996221293013,0
1,0.9999800982774016,1
1,0.9998830572982484,1
0,0.9999045643723556,0
1,0.9999382069061314,1
1,0.999917427242651,1
1,0.9997570675277305,1
0,0.999947645285899,0
1,0.9999759132264049,1
0,0.9999999747450123,0
1,0.9999998528168909,1
1,0.9999785965926405,1
0,0.9999998067180915,0
0,0.9999983133007503,0
0,0.999999481799208,0
1,0.9999999998589975,1
0,0.9999988963576867,0
0,0.9999993860083509,0
0,0.9999955911042353,0
1,0.9999999999778049,1
0,0.9999271719608723,0
0,0.9999861536669428,0
0,0.9996448379810156,0
1,0.9994149822606092,1
1,0.9999999932955048,1
0,0.9999999256545847,0
1,0.9999983706473179,1
0,0.9999833187947152,0
1,0.9998546328434565,1
0,0.9999999237337792,0
0,0.9999999466420105,0
1,0.9999430471324255,1
1,0.9999999985003796,1
1,0.9999994385244642,1
0,0.999984596948424,0
0,0.9999998929940233,0
1,0.9999999996619309,1
1,0.999895724850564,1
0,0.9999902515085365,0
0,0.9999962665774602,0
0,0.9999672625657704,0
1,0.9995877641814935,1
0,0.9999998765505482,0
1,0.9998917138608961,1
0,0.9995963511659044,0
0,0.9999950730971279,0
1,0.999999257347512,1
0,0.9999997170889843,0
1,0.9999334146249298,1
0,0.9999990526674555,0
1,0.9999676175200967,1
1,0.9999827279245171,1
0,0.9999362507763928,0
0,0.999897381183352,0
0,0.999571815819082,0
1,0.9999999975086875,1
1,0.999915298938191,1
0,0.9999980152189648,0
0,0.9999993688524097,0
1,0.9999854091403647,1
0,0.9999999017584484,0
0,0.999998686344735,0
0,0.9999999249392092,0
0,0.9999969831695775,0
1,0.9999974150983928,1
0,0.9999952839983192,0
0,0.999998074293757,0
0,0.9999999960508309,0
0,0.9999708145029834,0
0,0.9999993996106842,0
0,0.9999634533499845,0
0,0.9999989182357087,0
0,0.9999999921066626,0
0,0.9999129849876356,0
0,0.9999987448378377,0
0,0.9999992413601192,0
1,0.9999206418452306,1
1,0.9999999905125049,1
0,0.9999999063943401,0
0,0.9999601421083798,0
0,0.9999908287789395,0
0,0.999999999478927,0
1,0.9999414880797068,1
0,0.9999998170999743,0
1,0.9999999469877056,1
1,0.9999999995700068,1
0,0.9999715990893996,0
0,0.9998309184280698,0
1,0.9999034453241681,1
1,0.9999997172215842,1
0,0.9999991115148105,0
0,0.9999999969313846,0
1,0.9999501629304975,1
0,0.9999815886032564,0
0,0.9999999999002291,0
1,0.9996318906930223,1
1,0.9999999999999796,1
0,0.9994984851411832,0
1,0.9999989479875594,1
1,0.9998263802728855,1
1,0.9996140398955329,1
1,0.9999956257140241,1
1,0.9999357443231587,1
0,0.9999841144782603,0
1,0.999999967892418,1
1,0.9999999354517186,1
0,0.9999875858224935,0
0,0.9999999737144275,0
0,0.9999997142925444,0
1,0.9999999076211347,1
1,0.9999789767671954,1
0,0.9999953213098469,0
0,0.9999999737872766,0
0,0.9999988477361824,0
0,0.999535066894523,0
0,0.9999800644783875,0
0,0.9999964331081062,0
1,0.9999705386627721,1
0,0.9999292227023356,0
0,0.9999555196710779,0
0,0.9999625322692094,0
1,0.9999999716674514,1
1,0.9999924997520231,1
0,0.9999343485180443,0
0,0.9999999637064796,0
0,0.9998393404428857,0
1,0.9999954092677461,1
1,0.9999296479317867,1
0,0.9999936152661101,0
1,0.999999416180819,1
1,0.9999061412121357,1
1,0.9999042140626563,1
0,0.9999999999998841,0
1,0.9995808616128625,1
0,0.999989271813322,0
0,0.9998094358297593,0
1,0.9997927738984578,1
1,0.9999999999987941,1
1,0.9999958834525022,1
1,0.9997759268378531,1
1,0.9999999996197717,1
0,0.9999998574087445,0
1,0.9999857767378361,1
1,0.9998662245799705,1
1,0.9999820674411103,1
1,0.9999999950586318,1
0,0.9999999965275949,0
0,0.9999781668739859,0
0,0.9999953038097478,0
1,0.9999900319413613,1
1,0.9999989580581895,1
0,0.9999826542738395,0
1,0.9999994261229586,1
1,0.999998881057908,1
1,0.9999999997618423,1
0,0.9998682051122945,0
0,0.9999999942997899,0
1,0.9999106074720728,1
1,0.9999859660793119,1
1,0.9999707173053646,1
1,0.9998926632325934,1
0,0.9999952610118262,0
0,0.9999999804020624,0
1,0.9999999138171164,1
1,0.9997938676102961,1
1,0.9999711295841507,1
1,0.999246536038346,1
1,0.9999974017184234,1
0,0.999998176760861,0
0,0.9999992607450794,0
0,0.9999932339959737,0
1,0.9997153045447246,1
0,0.9999244970405281,0
0,0.9999796308117087,0
1,0.9998445809452479,1
1,0.9999873154022529,1
0,0.9996391285103253,0
0,0.9999999466075854,0
1,0.999994774266007,1
1,0.9999999350809645,1
1,0.9999877523408632,1
1,0.9999914489885826,1
0,0.9999946288172824,0
0,0.9999953520377297,0
0,0.9999999821881005,0
1,0.999953464532201,1
0,0.999837327980349,0
1,0.9998718303561588,1
1,0.9998730187240353,1
1,0.9999916406643513,1
1,0.9998995283908252,1
1,0.9999971697512874,1
1,0.9999400420734518,1
0,0.9999826183240524,0
0,0.9999844606286633,0
0,0.9999440666570599,0
0,0.9999914752414613,0
0,0.9997159226811303,0
1,0.9994291775516715,1
0,0.9999827747850967,0
1,0.999546684548892,1
1,0.9995256063627496,1
1,0.9997952232829338,1
0,0.9999183831562878,0
0,0.9999999998425161,0
1,0.9999564235195314,1
0,0.9999999614878887,0
0,0.9999994746720836,0
0,0.9999318674206598,0
1,0.9999997823341623,1
0,0.9992500230418292,0
1,0.9999999992281052,1
0,0.9999155688175041,0
1,0.9999925556815104,1
0,0.9999979613548712,0
1,0.9999881904323835,1
1,0.9999999060618009,1
0,0.9999999797778468,0
0,0.9999989409737187,0
0,0.9999971193551918,0
0,0.9999998504540105,0
0,0.9999924798631441,0
1,0.9999999251349159,1
0,0.9999265535297521,0
1,0.999998815280237,1
1,0.9999701025179001,1
0,0.9999997575710947,0
0,0.999616528469843,0
1,0.9999999467802878,1
0,0.9999372290837332,0
0,0.9999983201399543,0
0,0.9999999720156073,0
1,0.9999827318440766,1
0,0.9999948559114269,0
0,0.9999651684225126,0
1,0.9992888263615779,1
0,0.9999619174448161,0
0,0.9998587787824565,0
1,0.9994777994165198,1
0,0.9999998886761851,0
0,0.9999999728640501,0
0,0.9999999953849723,0
0,0.9999588345783564,0
1,0.9992348009514747,1
1,0.9999999613081946,1
1,0.999998253218133,1
0,0.9999998216859204,0
1,0.9999917958661755,1
1,0.9997758255960632,1
1,0.9996574114764242,1
1,0.9999920364788006,1
0,0.9999999954503573,0
1,0.9999386552862674,1
0,0.9997139552792657,0
0,0.9999854443787588,0
1,0.9999999390978934,1
0,0.9999999990811291,0
1,0.9999998915450388,1
1,0.9999955801473056,1
0,0.999943181081944,0
0,0.9999925499687146,0
1,0.9998851103302926,1
0,0.9999756787666098,0
0,0.9999999965331249,0
1,0.9999957679595289,1
0,0.9999655936811611,0
0,0.9999888119481938,0
0,0.9990584100388604,0
1,0.9999935238815861,1
1,0.9999984502759165,1
0,0.9999983271367386,0
1,0.9999145998645056,1
0,0.9999999885110397,0
0,0.9998705447216213,0
0,0.999999950152994,0
1,0.9999986303676657,1
1,0.9999484333539594,1
0,0.9998823727732503,0
0,0.9999278256517852,0
1,0.9999931420002709,1
0,0.9999999489135315,0
1,0.9999999997728477,1
0,0.9999712274912173,0
1,0.9999997685773414,1
1,0.999975212843221,1
1,0.9999999999994875,1
0,0.9999999696298282,0
1,0.9999991054306496,1
1,0.9999997770896458,1
0,0.9999993464624327,0
1,0.9999999953540977,1
1,0.9999642716161959,1
1,0.9999621438495415,1
0,0.9999496859355564,0
1,0.999999955708134,1
0,0.9999940089803033,0
0,0.999997853058756,0
1,0.9999950779982796,1
1,0.9999957295940253,1
0,0.9999783522471252,0
0,0.9997307084111724,0
0,0.9999999053870555,0
1,0.9999999226248755,1
0,0.9999875538759073,0
0,0.9999824017935602,0
0,0.9999104818070921,0
1,0.9999460034342181,1
1,0.9999980348676021,1
0,0.9999935453921553,0
0,0.9999999580656581,0
1,0.9999636971480943,1
1,0.9999987802547764,1
0,0.9999999721456722,0
1,0.9999984360103547,1
1,0.9999740178599896,1
1,0.9999960473444451,1
0,0.999998385304761,0
1,0.9995558808049049,1
1,0.9999771521819668,1
1,0.9999999267630657,1
1,0.9999854230144551,1
0,0.9999998764788296,0
1,0.9999417647948332,1
1,0.9999998283630073,1
0,0.9999933812986417,0
1,0.9999998093487216,1
0,0.9999842411477926,0
0,0.9999999932025287,0
0,0.9999999995437612,0
0,0.9999999990178671,0
1,0.9999297503781479,1
1,0.9997418002472015,1
1,0.9996638952219545,1
1,0.9999999975166811,1
1,0.9999937698947448,1
1,0.9997117519833371,1
0,0.9999998565363776,0
1,0.9999865337033882,1
0,0.9999999955531926,0
1,0.999980103474082,1
0,0.9999945853966901,0
0,0.9998328128964716,0
1,0.9999935675480596,1
0,0.9999988158947483,0
1,0.9999977372465819,1
0,0.9999999884800269,0
1,0.999904481856358,1
1,0.9999153254778588,1
1,0.9999999984474739,1
1,0.9998169155866291,1
1,0.9999774578741794,1
1,0.9999988782885391,1
1,0.9999999959684531,1
0,0.9999994167364414,0
0,0.9999941699534103,0
0,0.999989405706761,0
1,0.9999999991641035,1
1,0.9999847849495458,1
1,0.9999999989940707,1
1,0.999999500611265,1
1,0.9999319169540002,1
0,0.9999961204771307,0
0,0.9999887108221405,0
0,0.9999992640869025,0
0,0.9999997335582618,0
1,0.9999999918903849,1
1,0.9999792486061818,1
0,0.9999999997512773,0
0,0.9999981019259886,0
0,0.9999814578886366,0
1,0.999388530143242,1
0,0.9999349583640802,0
1,0.9999843125089481,1
0,0.9999999999520318,0
0,0.9999999464468698,0
1,0.9999951862761761,1
0,0.9993092094834674,0
1,0.9998512647469067,1
0,0.9999931731475553,0
0,0.9999690816331095,0
1,0.9999999994035333,1
1,0.9998057827977249,1
1,0.9999999975269753,1
0,0.9999925703871443,0
1,0.9999701698065612,1
0,0.9999403738905301,0
0,0.9999703864865414,0
0,0.9999957163236979,0
0,0.9999996885912898,0
0,0.9999999718245296,0
1,0.9999998525953293,1
0,0.9999839471763591,0
0,0.9999999425400475,0
1,0.9999984264057489,1
1,0.9999330617167135,1
0,0.9999814985690829,0
0,0.999761590403639,0
0,0.9999837133730166,0
0,0.9999984140290457,0
0,0.9999939123914152,0
1,0.9999982893115239,1
0,0.9999999039415887,0
1,0.9995273755569802,1
1,0.9999999930492112,1
0,0.9998966831230185,0
0,0.999999941357195,0
0,0.999998396759173,0
1,0.9997829659050926,1
1,0.999998894203173,1
0,0.9999999958957331,0
1,0.9998344236810701,1
1,0.9999999998928706,1
1,0.9999914289483854,1
1,0.9996963106261694,1
1,0.9999903097824167,1
1,0.9998433311578077,1
1,0.9999999998505562,1
0,0.9999995669360254,0
0,0.9999999111198331,0
1,0.9999999916720167,1
0,0.9999805233675487,0
0,0.99981691628614,0
0,0.999999900523641,0
0,0.9999999758632658,0
0,0.9999999157786897,0
0,0.9999999611826031,0
0,0.9999880643878476,0
0,0.9999999905117027,0
1,0.9999820032910587,1
0,0.9999983757155682,0
1,0.9999256779757965,1
0,0.9999957344068114,0
0,0.9999993115766839,0
1,0.9999814444347072,1
1,0.9999999196906768,1
1,0.9997432179512897,1
0,0.9998945272018971,0
1,0.9998143937454788,1
0,0.9999672331504325,0
0,0.9999922579330298,0
0,0.9999999391121641,0
0,0.9999843214756412,0
1,0.9999999979312351,1
0,0.9999522853588403,0
1,0.9999697238253564,1
0,0.999974872430637,0
0,0.9999999946499086,0
1,0.9999999788938669,1
1,0.9999999912423368,1
1,0.9999861086846097,1
0,0.9999693401404368,0
0,0.9999978644641312,0
1,0.9999999993789908,1
0,0.9999962812958659,0
1,0.999998352210544,1
0,0.9999999721334979,0
0,0.9999984212889028,0
1,0.9999999948006388,1
0,0.9999997170764447,0
1,0.9999599640185575,1
0,0.9999981175038566,0
0,0.9999988983522801,0
1,0.9998512675229094,1
1,0.9999999990743191,1
0,0.9999980432109402,0
0,0.9999893000124048,0
0,0.9999999969202208,0
0,0.9999993583995739,0
1,0.999335360991523,1
0,0.9999983415094782,0
0,0.9999662809183802,0
1,0.9999870421346445,1
1,0.999905429754318,1
0,0.9999587748139498,0
0,0.9999494292300903,0
1,0.9999950875366891,1
1,0.9999988561958106,1
0,0.9999992973990226,0
0,0.999998404811494,0
1,0.9999998698612736,1
0,0.9999940152117,0
0,0.9999998556821363,0
0,0.9999992579465234,0
0,0.9999999772706601,0
0,0.9999999693064134,0
0,0.999999992375942,0
0,0.9999941809232101,0
1,0.9999999996259195,1
1,0.9998824802610671,1
0,0.9999999975067134,0
0,0.999802019273719,0
0,0.9999924214251631,0
0,0.9999998553002174,0
1,0.9997888150224262,1
0,0.9999999999360012,0
1,0.999990904012796,1
0,0.9999999942191758,0
1,0.9999575768107546,1
0,0.9999933832698238,0
0,0.9999998332251084,0
0,0.9999931879225044,0
1,0.9999999999985227,1
1,0.9999999894233677,1
1,0.9999975971507006,1
0,0.9999999276301312,0
1,0.9999999276090376,1
0,0.9999644833529906,0
1,0.9998290852924755,1
1,0.9999999158392003,1
0,0.9999253058957764,0
1,0.9998386661949086,1
1,0.9999639924959005,1
0,0.9999969169652518,0
0,0.9999352939976395,0
0,0.9999786173983716,0
1,0.9999949612013547,1
1,0.9999671959069056,1
1,0.9999999840529257,1
0,0.9999976381967893,0
1,0.9999829476844847,1
0,0.9999703783418841,0
0,0.9999999458491228,0
1,0.9999998264628661,1
1,0.9999808520879216,1
0,0.9999973853215895,0
1,0.9999999092087093,1
1,0.9998396483185751,1
0,0.9999999918093855,0
0,0.9998743995831791,0
1,0.999999999613643,1
0,0.9999986575136822,0
0,0.9999748106671812,0
0,0.999999969590434,0
1,0.9999879456712516,1
1,0.9999638279077734,1
1,0.9999998511125399,1
0,0.9999999793994307,0
1,0.9999999998312756,1
1,0.9999984242771367,1
1,0.9995113214448641,1
0,0.9999999107794777,0
0,0.9999997810659046,0
1,0.9999992590070668,1
0,0.9999999561059896,0
0,0.9999999907760029,0
0,0.9999904819897093,0
0,0.9999906120126976,0
0,0.9999805496417853,0
0,0.9999644573036731,0
1,0.9999991764934069,1
0,0.9999730657472949,0
0,0.9999121834242426,0
1,0.9999093104862357,1
0,0.9997608784963934,0
0,0.9999926769756214,0
0,0.999977872601564,0
0,0.999999977792389,0
0,0.9998194277265833,0
1,0.9999964364887654,1
0,0.9999999720557018,0
0,0.9999997315644953,0
0,0.9999999239465373,0
0,0.9999964084555615,0
0,0.9999632048105628,0
1,0.9998099338048032,1
0,0.9999754922789281,0
1,0.999769129535691,1
1,0.9999998909294562,1
0,0.9999922515439166,0
0,0.9998992500202053,0
0,0.9999997304776004,0
0,0.9999931591028741,0
0,0.9999678400179675,0
0,0.9999997373151488,0
1,0.9999999708947009,1
1,0.9999998385347652,1
1,0.9994096478320726,1
1,0.9998877545897924,1
0,0.999999838189959,0
0,0.9999896618600281,0
0,0.9997820136628002,0
0,0.9999788493069838,0
1,0.9999999999997338,1
1,0.9999994794725153,1
0,0.9999996375036179,0
0,0.9999844192081092,0
0,0.9999217849532822,0
0,0.999982959280175,0
0,0.9999988585644819,0
1,0.999872728657177,1
1,0.9997279799421346,1
1,0.999999936859822,1
0,0.9999997203731037,0
1,0.9999891749393577,1
1,0.9991213367010904,1
1,0.9999999952383165,1
1,0.999999995205386,1
0,0.9999975491997195,0
0,0.9999879638390703,0
1,0.9999999266428241,1
0,0.9999999992606426,0
1,0.9999999996741378,1
0,0.9999947126938006,0
1,0.9999997335716054,1
0,0.9999999987209123,0
0,0.9999269537213373,0
0,0.9999237817947741,0
1,0.9999619199218175,1
1,0.9999059816991205,1
0,0.9999982014007562,0
1,0.999999991464981,1
1,0.9999999502921761,1
0,0.999999663985563,0
0,0.9999780775624475,0
0,0.9999134764352308,0
0,0.9999878595256582,0
1,0.9999990233204021,1
0,0.9999996285791394,0
1,0.9999999714823807,1
1,0.9999630039821559,1
1,0.99993184194661,1
1,0.9999999988391464,1
0,0.9997947071118126,0
0,0.9996137975910554,0
0,0.9999999982160098,0
0,0.9999882546413779,0
1,0.9999999999820945,1
0,0.9998899931630086,0
1,0.9999955672219893,1
0,0.9999983161320977,0
1,0.9999982260141587,1
0,0.9999999987839016,0
0,0.9999719160111269,0
0,0.9999998185527855,0
1,0.9999999999333171,1
0,0.999999893662105,0
0,0.999999975913771,0
0,0.9998493234030826,0
0,0.9999999859035549,0
1,0.9999754300753101,1
0,0.9999995573697443,0
1,0.9999999997939832,1
0,0.999999964879142,0
0,0.9999992645759542,0
0,0.999999999902809,0
1,0.9999999296855552,1
1,0.999999999999676,1
1,0.9999999872384769,1
0,0.9999999294262304,0
0,0.99996936331748,0
1,0.9999913475617545,1
0,0.9999994738688532,0
0,0.9999111822005601,0
0,0.9999553748663277,0
0,0.9999998876023712,0
1,0.999999081399655,1
1,0.9999999999126148,1
0,0.9999935636711075,0
0,0.9999879292745707,0
0,0.9999998919736741,0
0,0.9999991809088702,0
0,0.9999999549097065,0
1,0.999837295622686,1
0,0.9999976221229078,0
1,0.9997326158602425,1
1,0.9999992540408318,1
0,0.9999981804758928,0
0,0.9998054916448287,0
1,0.9999958689899847,1
1,0.9999989197263616,1
0,0.9999999998990369,0
0,0.9998660115194198,0
0,0.9998114182186701,0
1,0.999996349792332,1
0,0.9999999963706283,0
1,0.9999740887331918,1
1,0.9999999947439866,1
1,0.9999999996920614,1
0,0.9999999356780943,0
1,0.9999437931905064,1
0,0.9999941829038227,0
0,0.9997297639760393,0
0,0.9999470079684322,0
1,0.9999997475784657,1
1,0.9999978850202474,1
0,0.999996839054558,0
1,0.9996980535385545,1
1,0.9999999262986466,1
1,0.9999929683065418,1
1,0.9999466820826244,1
1,0.9999990682718612,1
0,0.9999952009403554,0
1,0.9999803506044002,1
1,0.9999455194145971,1
0,0.9999762406869731,0
1,0.9999999966806359,1
0,0.999997800699781,0
0,0.9999999088595861,0
1,0.9999999999934246,1
1,0.9999999999997096,1
1,0.999995845021239,1
0,0.9999614377992546,0
0,0.9999998608316512,0
1,0.999774792146389,1
1,0.9999954575460235,1
1,0.9998451296981311,1
0,0.9999589578211123,0
1,0.9999978437000585,1
0,0.9999999995195099,0
0,0.9999561347030899,0
1,0.9999136319329164,1
1,0.9998719004770653,1
0,0.9994066714056516,0
0,0.9999828455327643,0
0,0.9999927152311792,0
0,0.9999169480822382,0
0,0.9998512794784447,0
0,0.9999999935586601,0
1,0.9999999802600987,1
0,0.9999989120888981,0
0,0.999981906058651,0
1,0.9999999971478164,1
1,0.9998834068370227,1
0,0.9999999998780369,0
0,0.9999860834637594,0
1,0.9999386700503864,1
0,0.9997775098865567,0
1,0.9999789642995924,1
1,0.9999998456669085,1
1,0.9999872863145847,1
1,0.999920779014828,1
0,0.9997510789974726,0
1,0.9999999361185546,1
1,0.999999999421205,1
1,0.9999994140705488,1
0,0.9999939238655606,0
1,0.999938290157312,1
0,0.9999999867857723,0
0,0.9997637035093921,0
0,0.9992087611254455,0
0,0.9999992878581827,0
0,0.9998526178837484,0
1,0.999994174691633,1
0,0.999946281536556,0
1,0.9997339875990193,1
1,0.9999604538948732,1
0,0.999998462199632,0
1,0.9999871751553743,1
1,0.9999999971888882,1
1,0.9999999999997382,1
0,0.9999969552761265,0
0,0.9997330813359604,0
0,0.9999904389704833,0
1,0.9999889124069434,1
0,0.9999964232672196,0
1,0.9999996483138243,1
1,0.9999999990034263,1
0,0.9999482637016323,0
0,0.9998583988800028,0
1,0.9999808392329014,1
1,0.999999999886136,1
0,0.9997366310247737,0
1,0.999999988464158,1
1,0.9997662861543939,1
1,0.9999234819498765,1
1,0.9999999993723143,1
1,0.999966689918303,1
1,0.9999995734322814,1
1,0.9999999780264599,1
0,0.9999999911746501,0
0,0.9999864432501466,0
1,0.9998754876906997,1
1,0.9999922770705831,1
0,0.9997547779398057,0
1,0.9999990069602354,1
0,0.9999922381515155,0
1,0.9999999984971402,1
0,0.9999908287008308,0
0,0.9999932356111954,0
0,0.9999906551763502,0
0,0.9999757087495257,0
1,0.999939113864387,1
0,0.999999745400766,0
0,0.9999971014717023,0
0,0.9999999594994948,0
0,0.9999983399141511,0
0,0.999999986527252,0
1,0.9998032237446113,1
1,0.9999894649450547,1
0,0.9999994125300861,0
1,0.9999993138293978,1
0,0.999988181620796,0
0,0.9999717591494645,0
0,0.9999996189205149,0
1,0.9998333818791271,1
0,0.9999999996688866,0
0,0.9999857487839695,0
1,0.9999106639311981,1
0,0.9999979577978834,0
1,0.9998182395338241,1
1,0.9999999999838949,1
0,0.9998914128638187,0
1,0.999998487383997,1
1,0.9999999965987356,1
0,0.999918386550293,0
0,0.9999995210592397,0
1,0.9999999301584628,1
0,0.9999992158246894,0
0,0.9995044004101102,0
0,0.9997668138148523,0
0,0.9999608823201397,0
1,0.9999705287475387,1
1,0.9999971560847493,1
0,0.9999999957050311,0
1,0.9999997885993771,1
0,0.9999933187677071,0
0,0.9999501579495472,0
0,0.9999895822720554,0
1,0.999997188256009,1
0,0.9999952450712121,0
1,0.9999997631068015,1
0,0.9999999236522475,0
0,0.9999999480859982,0
0,0.9999883406130735,0
1,0.9999998524381049,1
0,0.999999889007475,0
0,0.9993913662591404,0
1,0.9999997410081642,1
0,0.9999899251699761,0
1,0.9999999572479448,1
1,0.9999645328404173,1
0,0.9999143056368152,0
0,0.9999999955479054,0
1,0.9998989947937206,1
1,0.9999999989468835,1
0,0.9999976554614008,0
1,0.999984938166214,1
0,0.9999125269304584,0
1,0.9999998149410909,1
0,0.9999875858870709,0
0,0.9999996998370687,0
0,0.9998990455321184,0
1,0.9999917707733745,1
0,0.9999987752208656,0
0,0.9999998542808297,0
0,0.9999774777873622,0
0,0.999995902476598,0
0,0.9999991478296909,0
1,0.9999997379202367,1
0,0.9999996917506634,0
0,0.99999982115342,0
1,0.9999999990182467,1
0,0.9999998403139096,0
1,0.9999630500280318,1
1,0.999999849238631,1
0,0.9999897541827476,0
0,0.9999998544940928,0
0,0.9999944522505496,0
0,0.9998805255472953,0
0,0.999999197089883,0
0,0.9998119848507494,0
0,0.9999978856002675,0
1,0.9999999706781906,1
0,0.9999977087284911,0
0,0.9999993860061076,0
1,0.9999426135682963,1
0,0.9999995773332468,0
0,0.9999995675156034,0
0,0.9999987328599146,0
0,0.9999056902186118,0
1,0.99999988599719,1
0,0.9999836895431993,0
0,0.9999999253524253,0
0,0.9999998624508738,0
1,0.9999345106178253,1
0,0.9999996490009699,0
0,0.999999999884936,0
1,0.9998768519937263,1
0,0.9999586992171208,0
1,0.9999999999735207,1
0,0.9999555606635196,0
1,0.9999323787681333,1
0,0.9999999816372845,0
0,0.9999999999977017,0
1,0.9999999944726343,1
1,0.9999950572478322,1
0,0.9999999018156367,0
0,0.999998581526662,0
0,0.9999987011332863,0
1,0.9999999879470179,1
0,0.9999999768069753,0
0,0.9999995274768064,0
0,0.9999989452081404,0
1,0.9999999860824833,1
0,0.9999998549801362,0
0,0.9999140833013609,0
1,0.9999932215363907,1
0,0.9999992231164371,0
0,0.9996495794127964,0
1,0.9999985662863765,1
1,0.9999945103607408,1
0,0.9999993191943322,0
1,0.9997346275134095,1
1,0.9999999259611002,1
0,0.9999990053319328,0
0,0.9999998980934004,0
0,0.9999721467667606,0
0,0.9999999906113576,0
1,0.9996158273070436,1
0,0.9999471375646063,0
1,0.9996041980003818,1
1,0.9999855665105571,1
0,0.9999956772653283,0
0,0.9999998026985684,0
1,0.9999746660692023,1
0,0.9999995106443945,0
1,0.9996559503099827,1
0,0.9999937046883771,0
0,0.9999811463356071,0
0,0.9999876776772288,0
0,0.9999980519792223,0
1,0.9999859970117242,1
1,0.9967289364598803,1
0,0.9999890868651137,0
0,0.999958948830234,0
1,0.9999997185089073,1
0,0.9999987623676827,0
1,0.9999930206381057,1
1,0.999999990123375,1
0,0.9999997760571934,0
1,0.9999999988791821,1
1,0.9999567061904922,1
0,0.9999020649702132,0
1,0.9997430831694929,1
0,0.999997220567331,0
0,0.9999998149393687,0
1,0.9997814875227954,1
0,0.9999719021389676,0
0,0.9999999563769877,0
1,0.9999999988738133,1
0,0.9999094611052126,0
1,0.9999198670972141,1
0,0.9999997499261699,0
0,0.9999998957227167,0
1,0.9999693349330366,1
0,0.9999923685164857,0
0,0.999999936515091,0
0,0.9999993317050924,0
0,0.9996527509974557,0
1,0.9999999999942155,1
1,0.999999979248646,1
0,0.9999999997716609,0
0,0.9999903641332738,0
0,0.9999988129675403,0
1,0.9999999967559181,1
0,0.9999997841579286,0
1,0.9999999357221779,1
0,0.9999996023039543,0
1,0.9999921277446262,1
0,0.9999985739990034,0
0,0.9999997454354398,0
0,0.9999570934399409,0
0,0.999776510192184,0
0,0.9999854555557467,0
1,0.999984039219516,1
0,0.9999995531582682,0
0,0.9997765519369729,0
1,0.9999940967153769,1
0,0.9999951976958218,0
0,0.9999938494174335,0
1,0.9999316737862454,1
0,0.9999304365265692,0
0,0.9999920683802195,0
1,0.9999999994378346,1
0,0.9999970285768592,0
1,0.9999995524206224,1
0,0.9997848741599286,0
0,0.9999987326912708,0
1,0.9999969305693851,1
1,0.9999923928916,1
1,0.9999915316133516,1
0,0.9999997639728168,0
1,0.9999892266514603,1
1,0.9999960622787541,1
0,0.9999993267697918,0
1,0.9999999999356064,1
0,0.9999923035726099,0
1,0.9999999999998068,1
0,0.9999888679262185,0
1,0.9999999771919893,1
1,0.9997670883337407,1
0,0.9998534679925406,0
0,0.9999822585294555,0
0,0.9999999959938021,0
1,0.9999992265965776,1
0,0.9999851045369742,0
0,0.999996997390828,0
1,0.9999745904710878,1
1,0.9999452961897017,1
0,0.9999777809551105,0
0,0.9999942645028356,0
1,0.9999247717380317,1
1,0.9999992623537864,1
0,0.9999996074752054,0
0,0.9999999999948523,0
1,0.9999801907474023,1
1,0.9999999859972284,1
0,0.9999998360611586,0
0,0.9999999051346083,0
1,0.9999997042541149,1
0,0.9999999997626904,0
1,0.9999271100945168,1
1,0.9999917854778957,1
1,0.9999999998645994,1
0,0.999999968087548,0
1,0.9999953697238397,1
0,0.999999999814776,0
0,0.9999971046357452,0
0,0.9999999659358713,0
0,0.9999999646681879,0
0,0.9999996113326246,0
1,0.9999959857327394,1
1,0.9990877549981627,1
0,0.9999926078617375,0
1,0.9996479793255659,1
1,0.9999999993540607,1
0,0.9999939229276616,0
0,0.9999996699400764,0
0,0.9999999367184946,0
1,0.9999999136485157,1
1,0.9999996393079311,1
0,0.9999999951596855,0
0,0.9999927778332512,0
0,0.9999629403760666,0
0,0.9999644959384995,0
1,0.9999975846635122,1
1,0.9999519559961144,1
0,0.9999224340262722,0
0,0.9999502621168458,0
1,0.9999723790462975,1
1,0.9999887848941362,1
0,0.9999997329955467,0
0,0.9999987028437247,0
1,0.999991974753413,1
0,0.9999706901379103,0
0,0.999986218051926,0
0,0.9999998442234711,0
0,0.9999973877852533,0
0,0.9999936713121599,0
1,0.9999999988561212,1
1,0.9999536703287244,1
0,0.9999998191072219,0
1,0.9999999234192462,1
1,0.9997090156411286,1
0,0.9999376887244286,0
1,0.9999999998329137,1
0,0.9999929424741946,0
1,0.9999999982054555,1
1,0.9999970142223891,1
1,0.9999999996711024,1
0,0.999820755410899,0
1,0.9999522484882173,1
0,0.9999999314310241,0
1,0.999994193101431,1
1,0.9999169311100125,1
0,0.9999999528521301,0
1,0.9999991586123548,1
0,0.9999985416490201,0
1,0.9999999863094671,1
1,0.9999917399214566,1
0,0.9999996610772626,0
0,0.9999843786005939,0
1,0.9999992311174765,1
1,0.9999999932047281,1
1,0.9999210217809481,1
1,0.9999749968471598,1
0,0.9999876803903324,0
0,0.9999939493913251,0
1,0.9999332739786851,1
1,0.999996032468367,1
0,0.9999983415206405,0
0,0.9998622017263509,0
1,0.9999996603358593,1
1,0.9999998718867533,1
1,0.9999999692272251,1
0,0.9999572665060206,0
0,0.9999986345028743,0
0,0.9999048358040894,0
0,0.9996443898660117,0
1,0.9995316934340122,1
1,0.9999813266439744,1
0,0.9999054821670779,0
1,0.9996610750009863,1
0,0.9999975101063979,0
0,0.9999960785267319,0
1,0.9999998491178045,1
1,0.9999779838059356,1
0,0.9999836754694339,0
1,0.9999978858844554,1
0,0.9999995511720378,0
1,0.9998951387806864,1
1,0.9999991018394245,1
0,0.9999469196208371,0
1,0.9999972272074485,1
0,0.999974124171793,0
1,0.9999999793506886,1
1,0.9999999676958132,1
0,0.9997008644854756,0
0,0.9999888705108106,0
0,0.9999999110119612,0
1,0.9999999809165107,1
1,0.9999980262898636,1
0,0.9999998925207485,0
1,0.9999867418599219,1
0,0.9999994552550406,0
1,0.9999812251590302,1
0,0.9999881455185899,0
1,0.9999982911918085,1
0,0.9999969234625454,0
0,0.9999994470413639,0
1,0.9998193936720908,1
0,0.9999987356080211,0
1,0.9999999998695885,1
1,0.9999990482910774,1
1,0.9999999876700839,1
0,0.9999994770358537,0
1,0.9999620300043934,1
0,0.999998697307966,0
0,0.9999999416376476,0
0,0.9999999228582913,0
0,0.9999351519592339,0
0,0.9999999963472779,0
1,0.9999960868919558,1
0,0.9999997572162301,0
0,0.9999978387345497,0
1,0.9999140698758618,1
1,0.9999998386240395,1
0,0.9999866258194655,0
0,0.9999844701023451,0
0,0.9999997684990778,0
1,0.9999817638475208,1
1,0.9999998587633931,1
0,0.999999845522346,0
0,0.9999999252394569,0
1,0.9999878354820376,1
0,0.9999530810356133,0
1,0.9995328989655462,1
0,0.9999275794727586,0
1,0.9999959765456118,1
0,0.9999994191377105,0
0,0.9998282510972019,0
0,0.9999999869763635,0
1,0.9999109677459663,1
1,0.9999997717602568,1
0,0.9999612508150083,0
1,0.999999999880864,1
0,0.9999696515567299,0
0,0.9999996087101202,0
0,0.9999999739143149,0
1,0.9999999964911412,1
0,0.9999506014651516,0
1,0.999954371776051,1
0,0.9999999824986111,0
1,0.9999999952905201,1
1,0.9999712563026081,1
0,0.9999999448025819,0
1,0.9999923553495228,1
0,0.9999995034035163,0
1,0.9999998931157571,1
0,0.9999999420270821,0
0,0.999998837648996,0
0,0.9999242048568595,0
0,0.9999988901022432,0
0,0.9999964470888048,0
0,0.9999999986698727,0
0,0.9999872740933128,0
0,0.9999997261536673,0
0,0.9999993360485748,0
0,0.9999999566275227,0
0,0.9998535716752838,0
1,0.999842835415295,1
1,0.9995039986677638,1
1,0.9999963691267023,1
0,0.9997280076848599,0
0,0.9999814975937218,0
1,0.9999562377515505,1
1,0.9997277695945593,1
1,0.999999998891085,1
1,0.9999999997894491,1
0,0.9998568298736569,0
0,0.9999977727075557,0
1,0.9999173345126839,1
1,0.999995559222777,1
0,0.999681517638104,0
1,0.9999637370551718,1
0,0.9999999965846673,0
1,0.9999986704165337,1
1,0.9999999996999045,1
0,0.9999999830229704,0
0,0.9999999875941098,0
0,0.9999975118232565,0
0,0.999762570470171,0
1,0.999864407448248,1
0,0.9999999638300062,0
0,0.999998929037042,0
0,0.9999994715292865,0
1,0.9999532455572268,1
0,0.9999999841576342,0
0,0.9987243755031818,0
1,0.9999483637369977,1
0,0.9999999914378871,0
1,0.9999994247111746,1
0,0.9998408874591987,0
1,0.9999999999988058,1
1,0.999998040324999,1
0,0.999982181255331,0
1,0.9999969665304806,1
0,0.9999958393318671,0
0,0.9996616594969464,0
0,0.9999996426224014,0
0,0.9998243358701403,0
0,0.9993709606486196,0
0,0.9998092028383058,0
1,0.9999982925725702,1
0,0.9996917418416298,0
0,0.9999933323064695,0
0,0.9999946725415628,0
1,0.9999999749463795,1
1,0.9999999740760006,1
1,0.9999886231854183,1
1,0.9999963878977189,1
1,0.9999401318105655,1
1,0.9999999399292455,1
1,0.999999999809416,1
1,0.9999997829298815,1
1,0.9999988893639294,1
0,0.9999995994837266,0
1,0.9999999849599626,1
1,0.9998501844041818,1
1,0.9997471952570148,1
1,0.9998387612193573,1
1,0.9999902222578912,1
1,0.9998807373872224,1
0,0.9994341039491883,0
1,0.9999921847113488,1
0,0.9999999983557412,0
1,0.9999999994593942,1
1,0.999999903219599,1
1,0.9999943711720719,1
0,0.9999997800464872,0
0,0.9999261238380732,0
1,0.9999994728077782,1
1,0.9999995196210932,1
1,0.9999999977692748,1
1,0.9999999995249358,1
0,0.9998903313157427,0
1,0.9996276142528394,1
1,0.999999995204347,1
1,0.9999785160002419,1
1,0.9992064751871529,1
0,0.9998602680636117,0
0,0.9995960569961393,0
0,0.9996889248672614,0
0,0.999999924263111,0
0,0.9999991512278706,0
1,0.9999997593820619,1
1,0.9999932929359457,1
1,0.9999999952800731,1
1,0.9999999943669358,1
1,0.9999999999732061,1
1,0.9999684539934988,1
1,0.9999972871294376,1
0,0.9998768604550892,0
1,0.9999999999096929,1
1,0.9997256750483885,1
0,0.9999984463684277,0
0,0.9999748186075753,0
0,0.9999999174287596,0
0,0.9999999840885495,0
0,0.9999994840459997,0
0,0.9999995557426798,0
0,0.9996447756005693,0
1,0.9999993460611976,1
0,0.9999914225770481,0
1,0.9999990839033394,1
0,0.9999773937552425,0
1,0.9999431911594292,1
1,0.9999979170053944,1
1,0.9999971201846956,1
1,0.9999994498518516,1
0,0.9999997245717724,0
0,0.999997799643073,0
1,0.9999999972883307,1
0,0.9999996734200749,0
1,0.9999739704666655,1
0,0.9999858915826235,0
1,0.9999999941884687,1
1,0.9999997220157706,1
1,0.9999906045265577,1
0,0.9999759955896067,0
1,0.9999999385353258,1
1,0.9999967117331479,1
1,0.9999996072270243,1
1,0.999635717374456,1
0,0.9999996684934528,0
0,0.9999537255772737,0
0,0.9999998508733605,0
1,0.9999591460323163,1
1,0.9999956222857298,1
1,0.9999858124317879,1
0,0.9998489390802194,0
1,0.9999816757162309,1
1,0.9999852471130236,1
1,0.9999999999890092,1
1,0.9999984361938355,1
0,0.9997673735206944,0
1,0.9999998336297514,1
0,0.9999994149197874,0
0,0.99996297513386,0
0,0.9999999785638791,0
0,0.9997719051822276,0
1,0.9999952380023509,1
1,0.9997267104617082,1
0,0.9998563502801769,0
0,0.999999998348674,0
0,0.9999999963193169,0
1,0.9999990085961677,1
1,0.9999999752545041,1
0,0.9999596670043176,0
1,0.9999998562474097,1
0,0.9999939423932283,0
0,0.9999837402339856,0
0,0.9998369046066445,0
0,0.9998428566468012,0
1,0.9999725909143171,1
1,0.9999916319825469,1
1,0.9999990430261169,1
1,0.9999975424996569,1
0,0.9999615429544569,0
0,0.9999999131506021,0
1,0.9999852139426728,1
1,0.9999065678146012,1
1,0.999999478581728,1
0,0.9999998965470075,0
0,0.9999999670217558,0
0,0.9999998885026004,0
0,0.9999999988781024,0
1,0.9999999503326367,1
0,0.9993815963709802,0
1,0.9999999967406761,1
0,0.9999997779981428,0
1,0.9999990521492095,1
1,0.9999991481364359,1
1,0.999999191840922,1
1,0.9999960307698476,1
0,0.9998128971022925,0
0,0.9999901531724805,0
1,0.9997487623853685,1
1,0.9999999269910318,1
0,0.9996381549530687,0
1,0.9999982114333061,1
1,0.999999999626308,1
0,0.9998339333238054,0
1,0.9998765251470354,1
1,0.9999920842565632,1
1,0.9999998333172928,1
0,0.9998706326285738,0
1,0.999999695231519,1
1,0.9999999987817103,1
1,0.9999999461241593,1
0,0.9999696143874126,0
0,0.9999917928021063,0
1,0.9999998767720405,1
0,0.9999997579502582,0
1,0.9999994744339356,1
1,0.9999949654199748,1
0,0.9999613031664564,0
0,0.9999999997418554,0
1,0.9999577804618914,1
0,0.9999987735063537,0
0,0.9999961322347087,0
0,0.9999999985771257,0
1,0.999951278284116,1
0,0.9998501647427176,0
1,0.9999982817744486,1
0,0.999996706868594,0
1,0.9999971025777887,1
0,0.9999309023192096,0
0,0.9999782238660249,0
0,0.9999977274492802,0
1,0.999994965927801,1
1,0.999999999979162,1
0,0.9998992866201778,0
0,0.9999999446438813,0
0,0.999555386779855,0
0,0.9999867225402488,0
0,0.9999996676192657,0
0,0.999992000583198,0
0,0.9999777306946942,0
0,0.9999999469327786,0
0,0.9999967270116394,0
1,0.9996430972878864,1
0,0.9999982940278712,0
0,0.99996006087442,0
0,0.9999780098484053,0
0,0.9999545928026403,0
0,0.9999999837347064,0
0,0.9999999483136692,0
0,0.9992864718483434,0
0,0.9999999670621685,0
0,0.9999999999011697,0
0,0.9999390114346821,0
1,0.9999210971742067,1
1,0.9999934709701764,1
1,0.999858806638214,1
1,0.9999990408347766,1
0,0.9999999858454235,0
0,0.9999996935974166,0
1,0.9999927673731659,1
1,0.9999999970433613,1
1,0.9999999493648767,1
1,0.9999987990342344,1
0,0.9999996887832242,0
0,0.9999972560778805,0
1,0.9999985438852477,1
0,0.9999821488960844,0
0,0.9999984585461347,0
0,0.9999999026577644,0
0,0.9999809669838399,0
0,0.9992756248223109,0
0,0.999978379082219,0
1,0.9999999976907754,1
1,0.9999999999999307,1
1,0.9998373277391253,1
1,0.9999994448576826,1
0,0.9999993871067233,0
1,0.9999425231755494,1
0,0.9999995241116826,0
0,0.9999711170424352,0
0,0.999999994637039,0
1,0.9999771251672257,1
0,0.9999998012780752,0
0,0.9998568311517045,0
0,0.9999999749438708,0
0,0.9999998748163391,0
1,0.9999999916504062,1
1,0.9998329081993744,1
0,0.9996650689216592,0
1,0.9999787929637457,1
0,0.9998987349726188,0
0,0.9998848757555564,0
1,0.9999730349637639,1
0,0.9999966661462649,0
1,0.9999991941573235,1
1,0.9999905151842964,1
0,0.9998570382187381,0
0,0.9999934796731527,0
0,0.9999999658466946,0
1,0.9999999367216159,1
0,0.9999880837160914,0
0,0.9999436090032956,0
0,0.9999518892939101,0
0,0.999999875452753,0
1,0.9999597886523545,1
1,0.9999995075945052,1
0,0.9999926630751961,0
1,0.9999999969407674,1
1,0.9999996293269031,1
0,0.9998973941208015,0
1,0.9999819318226445,1
0,0.9999998420525986,0
0,0.9995235376187531,0
0,0.9999958946600354,0
0,0.9999999136436478,0
0,0.999996299585186,0
0,0.9999899547416635,0
1,0.9999998371517306,1
0,0.9999997073703558,0
1,0.9999999999496099,1
1,0.9999999984634984,1
1,0.9999999683284523,1
0,0.9999584361477998,0
1,0.9999996219731339,1
1,0.9999128621840369,1
0,0.9999969200087675,0
0,0.9999999865732001,0
0,0.999931480836704,0
0,0.9998085382097798,0
0,0.9999970571429337,0
1,0.9999945507483825,1
1,0.9999999982843841,1
0,0.9999999947987072,0
0,0.999999499528525,0
1,0.998993448504968,1
0,0.9999999281917713,0
0,0.9999956028393667,0
1,0.99996195415873,1
1,0.9999901421128654,1
0,0.9999998289522145,0
0,0.9995276113046734,0
0,0.9999999989806319,0
0,0.9999751603298737,0
1,0.999999692920471,1
1,0.9996519822059093,1
1,0.999999806099973,1
1,0.9999809290889623,1
0,0.9999902247366336,0
0,0.9999526294031628,0
1,0.9999999999330527,1
0,0.9999999998235802,0
0,0.9999618190048453,0
1,0.9999996405957549,1
1,0.999975942603541,1
0,0.9999539222314249,0
0,0.9999801397774153,0
1,0.9998150948501524,1
1,0.999969914314921,1
0,0.9999999179322527,0
0,0.9999999997638382,0
0,0.999984684700523,0
1,0.9998051021256299,1
1,0.9999109767112422,1
0,0.9999999661247303,0
1,0.9999982762079868,1
1,0.999976367319944,1
0,0.9999202355546164,0
0,0.9999991819830975,0
1,0.9999999106938864,1
1,0.9998522099746258,1
0,0.9999396949072794,0
1,0.9999999952147118,1
0,0.9998899046816915,0
1,0.9999998315686012,1
0,0.9999938479886722,0
1,0.999999518718532,1
1,0.9999985615689627,1
0,0.9999996252115795,0
0,0.9999671114681323,0
0,0.9998277930539654,0
0,0.999999867199256,0
1,0.9999504437283989,1
0,0.9999992391871915,0
0,0.9999832608600524,0
1,0.9999999999948901,1
1,0.9999281035211398,1
0,0.9999992069883914,0
0,0.9999984480296341,0
0,0.9999999976882974,0
0,0.9999979830280503,0
0,0.9999712532815556,0
1,0.9994812392510523,1
0,0.9999714127244379,0
1,0.9999997579937869,1
0,0.9997676858147713,0
0,0.9999999855632117,0
1,0.9997777064165196,1
1,0.9999655061845377,1
0,0.99922301020377,0
0,0.9999999833979015,0
1,0.9999494115102674,1
1,0.9999999994725561,1
1,0.9999999989259258,1
0,0.9999270918583066,0
1,0.9999561948017051,1
1,0.9999999994813924,1
1,0.9999751408989336,1
1,0.9998732196916992,1
0,0.9999999957011848,0
0,0.9999757711707372,0
1,0.9998986244851847,1
0,0.9999894236273039,0
0,0.9999986920880872,0
0,0.9997915312604752,0
0,0.999745631249586,0
0,0.9999925695392725,0
0,0.9999996604900541,0
1,0.9999959344156026,1
1,0.999955099145772,1
0,0.9999950628905344,0
0,0.999529415100109,0
0,0.9999230559186181,0
0,0.9999997082269158,0
1,0.9999996415472662,1
0,0.9999959513287846,0
0,0.9999964390907163,0
1,0.9999992416348138,1
1,0.9999999997864448,1
0,0.9999915447248174,0
1,0.9999847970829476,1
1,0.9997641416439244,1
0,0.9999294506370667,0
0,0.999964921625715,0
0,0.9999999948081566,0
0,0.9999984566270241,0
1,0.9998681035357772,1
1,0.9996451805523523,1
1,0.9999963351881919,1
1,0.9999999903511888,1
0,0.999999897183433,0
0,0.9998915324566033,0
0,0.999997419513486,0
0,0.999993557488946,0
1,0.9999693331965029,1
0,0.9999999063912817,0
0,0.9999999998374858,0
1,0.9999988871356557,1
1,0.9999494154694262,1
0,0.9999947319524526,0
0,0.9999998421617123,0
0,0.9999998363782772,0
0,0.9999957170990516,0
0,0.9994773978959114,0
0,0.9996826605718248,0
1,0.9998807707304641,1
0,0.999659903929851,0
0,0.9999654077322396,0
0,0.9999755810007993,0
1,0.9999219247546992,1
0,0.9999973660771806,0
0,0.9999800029800364,0
1,0.9999881889483095,1
1,0.9999763750658907,1
1,0.9989582003596517,1
1,0.999844274490251,1
1,0.9999999215927414,1
1,0.999999999693542,1
1,0.9999999974924076,1
1,0.9999996820971355,1
0,0.9999901803333571,0
1,0.9999997228114299,1
1,0.9999899866038096,1
0,0.9999766182106604,0
0,0.9999464661368096,0
1,0.9999963940475882,1
0,0.9999916135022261,0
0,0.9999984799674595,0
0,0.9999791865529047,0
1,0.9999990699492557,1
0,0.9999999109135199,0
1,0.9999156421557196,1
0,0.9999482007871736,0
0,0.9999996556163346,0
0,0.9999500210085008,0
0,0.9999993847282064,0
0,0.9999968042307853,0
1,0.9999999835730757,1
0,0.9999998312022402,0
1,0.9999599448196795,1
1,0.9999788697840035,1
1,0.9999999885810892,1
1,0.9999990834624419,1
0,0.9999997211272379,0
0,0.9994417067529838,0
1,0.9997389640398815,1
0,0.9999983211464932,0
0,0.9997818384155014,0
0,0.9999996774754832,0
0,0.9999999994094492,0
0,0.9999305107832668,0
0,0.9998409914547359,0
0,0.999666851047322,0
1,0.9999963296059156,1
1,0.9999999682930286,1
0,0.9999998557346841,0
0,0.9999999996983826,0
0,0.9999999447591079,0
1,0.9999994241225948,1
0,0.9999994415478058,0
0,0.9999998354361528,0
0,0.9999999992056664,0
1,0.9999999992868471,1
0,0.9998734457976693,0
1,0.9998803110328238,1
1,0.9998767058519221,1
0,0.9999945231927039,0
0,0.9999941327373424,0
1,0.9999989977426897,1
0,0.9999967929631042,0
1,0.9997702335626107,1
0,0.9998420422862736,0
0,0.9999994722994774,0
1,0.9999992430324215,1
0,0.9999625043730703,0
0,0.9999396381352119,0
1,0.9999999998325644,1
0,0.9999899295173537,0
0,0.9999371356476844,0
1,0.9999999977893705,1
0,0.9999580604581588,0
0,0.9999996828316002,0
1,0.9997770966378822,1
1,0.9999736018036813,1
0,0.999990445947766,0
0,0.9999996834018404,0
1,0.9999999756001617,1
0,0.9999999893016619,0
0,0.9999999906491405,0
0,0.9999998630608364,0
0,0.9999988346379244,0
1,0.9999999183008148,1
0,1.0,0
0,0.9999999999999268,0
0,0.9999978258882846,0
1,0.9999999053739187,1
0,0.9999775876250272,0
0,0.9999316256764667,0
0,0.9999999996676162,0
0,0.9998956789014738,0
0,0.9999920709081315,0
0,0.9999999996220208,0
0,0.9999998944093574,0
1,0.9999999888437933,1
1,0.9995506350621806,1
1,0.9999970105748534,1
1,0.9999999915714389,1
0,0.9999798163738346,0
1,0.9999128469993626,1
0,0.9999908094244395,0
0,0.9998810389617127,0
1,0.9999996105697142,1
0,0.9999957278716579,0
1,0.9999999972600664,1
0,0.999999700081862,0
1,0.9997903986729048,1
0,0.999999958585978,0
0,0.9999809607606311,0
1,0.9999999996913067,1
1,0.9997801806195519,1
0,0.9999999236860714,0
1,0.9999998357206886,1
0,0.9999963863049933,0
0,0.999997080220058,0
1,0.9997907278951871,1
1,0.9999998217745063,1
1,0.9999904151458379,1
0,0.9998868171498725,0
0,0.9999658077908168,0
0,0.9999973891680556,0
1,0.9999813835124249,1
0,0.9998651718936603,0
1,0.9999999995410864,1
0,0.9999980103874216,0
0,0.9999999995447189,0
0,0.9999874319432022,0
0,0.9999996368108329,0
1,0.9999584184881978,1
0,0.9999462169839701,0
0,0.9994830087439236,0
1,0.9999999999806872,1
0,0.9999986241183287,0
1,0.9999842900017744,1
1,0.9999955601377359,1
0,0.9999999924544481,0
0,0.9999995656766698,0
0,0.9999999999968845,0
1,0.9999999777396538,1
1,0.9999999789850653,1
0,0.999989716326795,0
1,0.9999891422391539,1
0,0.9999501721718406,0
1,0.9999998473798135,1
0,0.9999798883700083,0
0,0.9999973639484461,0
0,0.9999725381098419,0
1,0.9999971594210522,1
1,0.9996686141428253,1
0,0.9999973169007891,0
0,0.9999134352884587,0
0,0.9999994239700597,0
0,0.999999999102415,0
0,0.9998687812198225,0
0,0.9999999999940775,0
0,0.9999278785218897,0
1,0.9999751406685383,1
0,0.99996711763618,0
0,0.9997581592415187,0
0,0.9999992727436546,0
1,0.9997692806297618,1
0,0.999999999052299,0
1,0.9999999695002793,1
0,0.9999950337486506,0
0,0.9999987266017509,0
0,0.9999899719756803,0
0,0.9999127708861055,0
0,0.9999918041077415,0
0,0.9999999652176566,0
1,0.9999999999666598,1
0,0.9999996204406808,0
0,0.9999524221090369,0
1,0.9999992147955364,1
0,0.9999961682502058,0
1,0.9999999998594227,1
0,0.9999972646083255,0
1,0.9999997693831827,1
1,0.9999987396595225,1
1,0.9997791876934302,1
1,0.9999998944286239,1
0,0.9999996168625768,0
0,0.9999966006395132,0
0,0.9999999213139779,0
1,0.9999978030023873,1
0,0.9998360173754388,0
0,0.9999994031995878,0
1,0.9999556027612448,1
0,0.9999996209318011,0
0,0.9998863272546786,0
1,0.9999998250082407,1
0,0.9999953157198631,0
1,0.9999957313481855,1
0,0.9999994918056672,0
0,0.9999999972960163,0
1,0.9999988470046111,1
0,0.9999990998356482,0
1,0.9999615186694212,1
0,0.9999782858269199,0
1,0.9999999982364409,1
1,0.9999968885175654,1
0,0.9999999829231374,0
0,0.9996701615532169,0
1,0.9999990832433099,1
0,0.9999997550379183,0
0,0.999334160327133,0
0,0.9999945220549011,0
0,0.9999999758684095,0
1,0.999999970611547,1
0,0.9999258895863913,0
0,0.9997781898390744,0
0,0.9999991187546012,0
0,0.9999753908196615,0
1,0.999999981562809,1
0,0.9998435120491445,0
1,0.9999885063578281,1
0,0.9999982449307895,0
1,0.9999983562845054,1
0,0.9999991360366332,0
1,0.999986626729801,1
0,0.9998388226701377,0
0,0.9999999096691667,0
0,0.9999477932049012,0
1,0.9998464475366978,1
1,0.9996599189449843,1
1,0.9999732866236196,1
0,0.9999825705368467,0
0,0.9999760228256356,0
0,0.9999996451251743,0
0,0.9998547372361539,0
0,0.9999418220155419,0
1,0.9999943305284865,1
1,0.9999973923388341,1
0,0.999990752251744,0
1,0.9993462767530085,1
0,0.9999377325687243,0
1,0.9997177159185339,1
0,0.9999605864712688,0
1,0.9999999998191402,1
0,0.9999233773418449,0
0,0.9999848850720697,0
1,0.999977309126652,1
1,0.9999977129372171,1
0,0.9999978112987256,0
1,0.999998841694027,1
1,0.9999856178459395,1
0,0.9999982788296702,0
1,0.9999833652150227,1
1,0.9999999764671167,1
0,0.9999996127507563,0
0,0.9999651816449923,0
1,0.9999944342606186,1
0,0.9999878152449696,0
1,0.9999999877812616,1
1,0.9999994161908541,1
1,0.9999999047791193,1
1,0.999999785914966,1
0,0.9999996057252702,0
0,0.9999909118739796,0
1,0.9999875555888368,1
1,0.999917903535023,1
1,0.9999999112097696,1
1,0.9997944660065318,1
0,0.9999871441850711,0
1,0.9998230674666143,1
1,0.9992262214737532,1
0,0.9999937558242564,0
1,0.9999999773475695,1
0,0.9999973925281226,0
0,0.9999976139303409,0
1,0.9999999991245567,1
1,0.9999489163800918,1
0,0.9999999525286859,0
0,0.999999972895551,0
1,0.9999665039021405,1
0,0.9999998388952497,0
1,0.9999999732141633,1
0,0.9996106213836791,0
0,0.9999999061901792,0
0,0.9999958483545545,0
0,0.9999979404397805,0
0,0.9999975852054791,0
0,0.9999973125539375,0
0,0.9999999415566998,0
0,0.99999999212363,0
1,0.9999861029000617,1
0,0.999720806903377,0
1,0.9999505052345904,1
1,0.999975716445663,1
0,0.9998290252086817,0
1,0.9999999844286409,1
1,0.9999575881377621,1
1,0.9999996148232859,1
0,0.9997804111768558,0
0,0.999999984663809,0
1,0.9999999999803155,1
1,0.999999822249719,1
1,0.9999785115158639,1
0,0.9999936728211668,0
0,0.9998989741457252,0
0,0.9999991802148427,0
1,0.999998858369792,1
1,0.9999852732236794,1
1,0.9999664908506146,1
0,0.9999906216008738,0
1,0.9999997905888455,1
0,0.9999862537931934,0
0,0.9998719215402564,0
1,0.9999999906246099,1
1,0.9999903391883627,1
0,0.9999984350436458,0
0,0.9999971283723141,0
1,0.9999997269474847,1
1,0.9999985996920877,1
0,0.9999924587828671,0
1,0.9999890557443684,1
0,0.9999990899378046,0
1,0.9999999478328178,1
0,0.9999952872881331,0
1,0.9998540872429603,1
0,0.9999999292750743,0
0,0.9999999954140962,0
1,0.9999869939081388,1
0,0.999995839671976,0
0,0.999956823073641,0
0,0.999539870828181,0
1,0.9991141850276827,1
0,0.9999999983169578,0
1,0.9995862054259027,1
0,0.9999986820123263,0
1,0.9999325330989666,1
1,0.9999695279788543,1
1,0.9999999646185821,1
0,0.9999999619313008,0
1,0.9999990302017853,1
0,0.9999957114774801,0
0,0.9999997905382503,0
0,0.9999989289390389,0
1,0.9999706058748699,1
1,0.9999999712678967,1
1,0.9999942747918136,1
0,0.9999795790680992,0
0,0.9999796813610135,0
0,0.9998097398051999,0
1,0.9999992654069486,1
0,0.9995038459047999,0
0,0.9999991788894321,0
1,0.99994842250267,1
0,0.9999999082813951,0
0,0.9998385154771964,0
0,0.9997833318873914,0
0,0.999931836967642,0
1,0.9999998977261075,1
1,0.99999999927828,1
0,0.9999996294482175,0
0,0.9999999886281252,0
1,0.9999748017353203,1
1,0.9999814459134989,1
0,0.9999997339912369,0
0,0.9999999954039478,0
1,0.9998507782334285,1
0,0.999984659102365,0
1,0.9999999980999661,1
0,0.9999998111792324,0
0,0.9999533005599126,0
1,0.9999918010511,1
0,0.999999659766056,0
1,0.9999925213154485,1
0,0.9999983526229524,0
1,0.9999752602823394,1
0,0.9999929411416956,0
1,0.9999997537039602,1
0,0.9999949617718877,0
0,0.9999999989463592,0
1,0.999998200145581,1
1,0.9999994104239843,1
0,0.999997665652914,0
0,0.999973766844693,0
1,0.9996771896113762,1
1,0.9999985151859121,1
1,0.9999975935011319,1
0,0.9999969946179248,0
1,0.9998920549972352,1
1,0.9999996872772198,1
1,0.9999731876157375,1
0,0.9999987240879333,0
1,0.9999714879561962,1
0,0.9999265024929305,0
1,0.9999919002313385,1
0,0.9999999994351269,0
0,0.9999999703765627,0
1,0.9999979674138304,1
0,0.9998773766847183,0
0,0.9999989557783189,0
1,0.9999955941474277,1
1,0.999999680967773,1
0,0.9999999963296995,0
1,0.9999831685022851,1
0,0.999998897462949,0
0,0.999993566588153,0
0,0.9999847950785353,0
1,0.9999655169567594,1
1,0.999941639405378,1
0,0.9999949809338383,0
1,0.9998914408077014,1
1,0.9999860318297661,1
0,0.9999999998640043,0
1,0.9999134862356448,1
0,0.9997095013860047,0
0,0.9998873410289347,0
1,0.9999742762923448,1
1,0.9999999091823177,1
1,0.9999999958240327,1
1,0.9999621823443258,1
0,0.9998252442514965,0
0,0.9999835982574995,0
0,0.9999597947967924,0
0,0.999999981253478,0
0,0.9998607023300673,0
0,0.9999426330428881,0
0,0.9997461846609187,0
1,0.9999603277154333,1
1,0.9999998812061289,1
1,0.9999906768355238,1
0,0.9999987643873794,0
0,0.9998704543009612,0
0,0.9999998391971474,0
1,0.999999999975643,1
1,0.9998689051956777,1
1,0.9999971000565047,1
0,0.9999997652425296,0
0,0.999999941824841,0
0,0.9999882922138542,0
0,0.9999999765483125,0
1,0.9999996854235406,1
1,0.9997803138569178,1
1,0.999902826013963,1
1,0.9999967299943973,1
0,0.9999999999703678,0
1,0.9999878826513591,1
0,0.9999905225557338,0
1,0.9999997990291563,1
1,0.9999999244574863,1
1,0.9999999976966443,1
1,0.9999147771704985,1
0,0.9999866735542128,0
1,0.999999190073806,1
1,0.9999889022488713,1
1,0.9999984764548852,1
0,0.9999851417171605,0
0,0.9999938785754854,0
0,0.9999992792426191,0
1,0.9999442004929383,1
0,0.9997813795748892,0
0,0.9999999926759534,0
0,0.9999999989135869,0
0,0.9998892616005823,0
0,0.9999962276029848,0
0,0.9999999891089153,0
1,0.9999999734176148,1
0,0.9999973929808397,0
1,0.9999102356288992,1
0,0.9997582057200268,0
1,0.9999488890111199,1
0,0.9999806915105608,0
1,0.9999909047074002,1
1,0.999999751089822,1
0,0.999730657784775,0
0,0.999834530237311,0
0,0.999975252635484,0
0,0.9999875830384418,0
0,0.9999999521547418,0
0,0.9999860905574426,0
0,0.9999961725234221,0
0,0.999954427649772,0
0,0.9998816220648554,0
0,0.9999997819225056,0
0,0.9999736586858273,0
1,0.9999431404800307,1
1,0.9999995317579443,1
0,0.9999999973794316,0
0,0.9998756949116082,0
0,0.9998999129883442,0
0,0.9992844101287103,0
1,0.9999999987453203,1
1,0.9999618784317429,1
1,0.999999851413443,1
0,0.9999999966533577,0
0,0.9999975724169917,0
1,0.9999999984218932,1
1,0.999999974463119,1
0,0.9996409023613746,0
0,0.9999922861069989,0
0,0.9999999923260877,0
0,0.9999999988607629,0
1,0.9999756366433894,1
0,0.9999999985855539,0
1,0.9998836773114419,1
1,0.9999787750389242,1
1,0.9999826399129872,1
0,0.9999942596041566,0
1,0.9999999985681947,1
1,0.9999020185843982,1
0,0.9997535710908083,0
1,0.9999999892881496,1
0,0.9999998976997538,0
0,0.9999835758928949,0
0,0.9999999869949755,0
0,0.9997988597396038,0
0,0.9999999984463122,0
0,0.9999781449976914,0
0,0.9999995730156686,0
0,0.9999728186203284,0
1,0.9999999998415681,1
1,0.9998893461342068,1
0,0.9999956973720925,0
0,0.9999217566683452,0
1,0.9999999959216339,1
0,0.9999999399231105,0
1,0.9999955989334027,1
0,0.999999998839928,0
1,0.999999991874914,1
1,0.999959839713177,1
0,0.9999957219642269,0
0,0.9999991074979364,0
1,0.9999999983522374,1
0,0.9999199263884576,0
0,0.9999999863307972,0
0,0.999985885527139,0
1,0.9999904707788256,1
0,0.9999997050052771,0
0,0.999999998906775,0
0,0.9999964617716127,0
0,0.999471425353136,0
0,0.9999994393701355,0
0,0.9999999352319143,0
0,0.9999977130069304,0
1,0.9999999676909604,1
0,0.9998177727553307,0
0,0.9998295502182987,0
0,0.9999999911984665,0
0,0.9998746152775441,0
0,0.9999991793626885,0
1,0.9999999999995672,1
1,0.9999995300303272,1
0,0.9999991505386886,0
1,0.9998158634259852,1
0,0.9999892749843738,0
1,0.9999992996592921,1
1,0.999937188809803,1
0,0.9999481170193726,0
1,0.9999852908694381,1
0,0.9997070294324567,0
0,0.9999945735417434,0
0,0.9998854098009972,0
0,0.9999929163739443,0
0,0.9998884490084402,0
0,0.9999691519627326,0
1,0.9997946337007987,1
0,0.9999896125657058,0
1,0.9999999999997238,1
0,0.9999999908812094,0
1,0.999997532651695,1
0,0.9999725951271433,0
0,0.9999996828511817,0
0,0.9999994891839056,0
1,0.9999871146043827,1
1,0.9999981383962041,1
1,0.9999697547327743,1
1,0.9999989981735564,1
0,0.9999036448344513,0
0,0.9999340772868256,0
0,0.9999074427503882,0
0,0.9999990744138167,0
0,0.9999674371333637,0
0,0.9999999898739133,0
1,0.9996390356283784,1
1,0.9999993764171956,1
1,0.9999749477637297,1
1,0.9997981813668109,1
0,0.9999171653763544,0
0,0.9999997095227583,0
0,0.9999780753967765,0
0,0.9999980358600301,0
0,0.9999997074642878,0
0,0.999999850522909,0
0,0.9994787156405159,0
1,0.999947637018223,1
0,0.9999998150259822,0
1,0.9999887888503949,1
1,0.9999999999800369,1
1,0.999994929474977,1
0,0.9999984227488763,0
1,0.9999792073929055,1
1,0.9999968246290647,1
0,0.999994090677443,0
0,0.9999995559280473,0
1,0.9999926558891739,1
1,0.9999999970622817,1
1,0.9999995256594473,1
1,0.9999126647657742,1
0,0.9999527645994815,0
0,0.9999930193008882,0
1,0.9999960530031597,1
1,0.9999999876570912,1
1,0.9999983944663795,1
0,0.9998927374817476,0
1,0.9999991679862933,1
1,0.9999954377272591,1
0,0.999999479460411,0
1,0.9999997982407088,1
0,0.9999897522572972,0
0,0.9999999128625362,0
0,0.9999868865257115,0
1,0.9999827386200978,1
0,0.9999999949577585,0
0,0.9999971292725203,0
1,0.9999999985400141,1
1,0.9999966734421863,1
0,0.999991616285587,0
1,0.9999838549563806,1
1,0.9999793120797561,1
0,0.9999999976773845,0
1,0.9999437131320023,1
1,0.999999999198673,1
1,0.9999997131621156,1
1,0.9999706396100818,1
0,0.999999767478216,0
1,0.999999991146061,1
0,0.9999326342387634,0
0,0.9999221702715204,0
0,0.9999169842539388,0
0,0.9999984063954854,0
0,0.9999985403688293,0
0,0.9999561425169671,0
0,0.9999999661039018,0
1,0.9999993414391486,1
0,0.9999535533852784,0
0,0.9999995563349799,0
0,0.999999921976142,0
0,0.9999993324881106,0
0,0.9999990730611968,0
0,0.999946448343214,0
1,0.9999998149312664,1
0,0.9999878320557277,0
1,0.9998459389499355,1
0,0.9999993137012521,0
0,0.9999997068383113,0
0,0.9999996311899106,0
0,0.9998842907967889,0
1,0.9999466790429559,1
0,0.9999294207747179,0
0,0.9999988069114056,0
0,0.9991050953595781,0
0,0.999802215930605,0
0,0.9992291572315938,0
1,0.9999988121074688,1
0,0.9999992384530011,0
1,0.9999999969089379,1
1,0.9999995375699979,1
1,0.999999589575116,1
0,0.9999997451158443,0
0,0.9999999855497751,0
0,0.9998926293039789,0
1,0.9999998238100689,1
0,0.9997423250939624,0
1,0.9999999871186024,1
0,0.9999791160872447,0
1,0.9999901264641967,1
1,0.9999616565180931,1
1,0.9999997062005811,1
0,0.9999947496776305,0
1,0.9999999732320388,1
1,0.9999998596481244,1
0,0.9999566714898698,0
1,0.9999997683367622,1
1,0.9999999997020941,1
1,0.9999969482911171,1
1,0.9999956857696686,1
0,0.9999983277768134,0
1,0.9998764430711529,1
1,0.9999494891195453,1
0,0.9999997796235656,0
1,0.9999990306483277,1
0,0.9998857462819327,0
0,0.9999866137281583,0
0,0.9999999999537573,0
0,0.999999822842225,0
1,0.9999997623316589,1
0,0.9999999995513865,0
0,0.9999890375298683,0
1,0.999857934301543,1
1,0.9998246625890841,1
1,0.9999883855559865,1
1,0.999999971578177,1
1,0.9999094665448967,1
0,0.9994540379267522,0
0,0.9999999493942735,0
1,0.9999967845971824,1
1,0.9999999203820528,1
1,0.999999999963251,1
0,0.9999996024184568,0
1,0.999998707602661,1
0,0.9999697033856033,0
0,0.9999999662281457,0
0,0.9999862640192821,0
0,0.9999745752667266,0
0,0.999991117779389,0
1,0.999945915205005,1
0,0.9999999657205886,0
1,0.9999999958224588,1
0,0.9999652568729405,0
0,0.999999890420808,0
0,0.9999994812440394,0
0,0.9999825817287105,0
0,0.9999997827138385,0
0,0.9999496055932952,0
0,0.999998927070416,0
0,0.9999998726320491,0
0,0.999991188975215,0
1,0.9998668830008406,1
1,0.9998059235838004,1
0,0.9998875271745142,0
1,0.9999655582596948,1
0,0.999704570280566,0
0,0.9997104779014602,0
1,0.9999685151453543,1
1,0.9999910569071417,1
0,0.9999998753392687,0
0,0.9999893784079675,0
1,0.9999999688470272,1
0,0.9999999931099972,0
0,0.999999971158126,0
0,0.9997853486358735,0
1,0.9995680079186771,1
1,0.9999991911034389,1
1,0.9999997621110435,1
0,0.9999993523893378,0
1,0.9999999679872223,1
0,0.9998938570590359,0
1,0.9998373390438401,1
0,0.9999996734712353,0
1,0.9999999990718125,1
1,0.9999985854458265,1
0,0.9999986399355437,0
0,0.9999351754674642,0
0,0.9999984559277282,0
0,0.9999997748581482,0
1,0.9999072713052778,1
0,0.9999948832167327,0
0,0.9999999979710565,0
1,0.999999967210722,1
0,0.9999948473855655,0
0,0.9999977674622033,0
0,0.9999946315640591,0
1,0.9999999999913394,1
0,0.9999534891117141,0
0,0.999979094110572,0
1,0.9994684948140583,1
1,0.9999999696542148,1
1,0.9999891464810479,1
1,0.9999950213145009,1
0,0.9999999802958549,0
0,0.9999962696591451,0
1,0.9999996690577915,1
1,0.9999993759207162,1
0,0.999999954480776,0
1,0.9997311760912995,1
1,0.9999998977261075,1
1,0.9999999830768308,1
0,0.9999987098284974,0
0,0.9999535608419057,0
1,0.999999865850743,1
1,0.9999999071648127,1
1,0.9999999999936517,1
1,0.9998191693113039,1
1,0.9998707797162013,1
0,0.9999995525458364,0
0,0.999999991008489,0
1,0.9999999755030656,1
1,0.9999942288064885,1
1,0.9999015611912742,1
1,0.9998968054175745,1
0,0.9998341418808776,0
1,0.9999852675811677,1
1,0.9999999944219549,1
0,0.9999987601114692,0
1,0.9997904789141155,1
0,0.9999487196179024,0
0,0.999804565007302,0
1,0.9999412938900523,1
1,0.9993581621955334,1
0,0.9999998987227766,0
0,0.9999998420651283,0
1,0.9999992341680547,1
1,0.9999998320375041,1
1,0.9999998087853458,1
1,0.999999421166013,1
1,0.9999999999442406,1
1,0.9999987629795463,1
0,0.9999914271402878,0
0,0.9995403857349395,0
1,0.9994066465420781,1
1,0.9999999999998201,1
1,0.9999989857849351,1
0,0.9999999606556028,0
0,0.9999999200238462,0
0,0.9999999576845467,0
0,0.9999998256944553,0
0,0.9999994618990927,0
1,0.9999999990731563,1
0,0.9999999954492156,0
1,0.9999999834236752,1
1,0.9999999962749953,1
0,0.999966943230653,0
0,0.9998234225469367,0
0,0.9999999999463213,0
0,0.9998920645593474,0
0,0.9993868598667189,0
1,0.999953187160701,1
0,0.9999928590692262,0
1,0.9998789953067372,1
1,0.9998367728463661,1
1,0.9999999884402203,1
0,0.99999336956986,0
0,0.9998758697301823,0
0,0.9999195985742462,0
0,0.9999999931062016,0
0,0.9997758050999196,0
0,0.9999899813930978,0
1,0.9999559713030901,1
1,0.9999860535708499,1
0,0.9999991357657119,0
1,0.9999629831943638,1
1,0.9999995415010459,1
1,0.9999973495647168,1
0,0.9999999953637456,0
0,0.9999955180004881,0
0,0.9999999640986377,0
0,0.9999743416618583,0
0,0.9999822769511812,0
0,0.9999311347528279,0
1,0.9999999713894353,1
0,0.9999999999997453,0
0,0.9998836167486794,0
1,0.9999998116853756,1
1,0.9999998241513456,1
0,0.9999999997669126,0
1,0.9998579615693542,1
1,0.9994834058547816,1
0,0.9999885497135895,0
0,0.9999999974501143,0
1,0.9999999580311398,1
0,0.9999992938664799,0
0,0.9999896114978335,0
0,0.9999887144387349,0
0,0.9999999715790016,0
1,0.9999988020409536,1
0,0.9999958387903675,0
1,0.9999999990549897,1
0,0.9999999206046196,0
0,0.9999724246270227,0
0,0.9999999953278987,0
0,0.9999761570455803,0
0,0.9999991190093367,0
1,0.9999974698645656,1
1,0.9999999995527029,1
0,0.9999998627224029,0
0,0.9998892876436153,0
1,0.999598597214101,1
0,0.9997709854571873,0
0,0.9999994049910973,0
1,0.9999858987212714,1
0,0.9999865179636678,0
1,0.9999999136499275,1
0,0.9999939413165152,0
1,0.999999402167662,1
0,0.9999980368938933,0
1,0.9999727835131614,1
1,0.9996677119966682,1
1,0.999999456977847,1
0,0.9999989655771792,0
1,0.9999977291665857,1
1,0.9999995500673683,1
0,0.999999921179922,0
0,0.9999975385084119,0
0,0.9999974618789774,0
1,0.9998555180717058,1
1,0.9999994812762631,1
1,0.9999985248557743,1
0,0.9999998235595245,0
0,0.9999961245248652,0
1,0.9999999565528824,1
0,0.9999999884106416,0
0,0.9996613008225513,0
0,0.999999979738977,0
1,0.999877244398918,1
0,0.9999860791703655,0
0,0.9999754854163988,0
0,0.9999997821983545,0
1,0.9989315931974208,1
0,0.9999995370977204,0
0,0.9998066649699451,0
0,0.9999996108892143,0
0,0.9999999853687317,0
0,0.9999475305261138,0
0,0.9999990365955458,0
0,0.9999731001163807,0
0,0.9998971705394798,0
1,0.999934846288674,1
0,0.9999675306583763,0
1,0.9999999723864615,1
0,0.9999999899289083,0
1,0.9999835704286463,1
1,0.9999674521614362,1
0,0.9998664123451012,0
1,0.9999987397740043,1
1,0.9999969364746456,1
1,0.9999046074593061,1
0,0.99973569392196,0
0,0.9999999931697025,0
0,0.9999999691861504,0
0,0.9999999947255935,0
0,0.9999999999467507,0
0,0.9994096644180649,0
1,0.99998023787357,1
1,0.9999941931543586,1
1,0.9998025359861699,1
1,0.9999999982217305,1
1,0.9999999785489653,1
1,0.999993379073169,1
1,0.9997992521148422,1
0,0.9999964326026235,0
0,0.9999999594333766,0
1,0.9999996651754419,1
0,0.999999964770497,0
1,0.9999534136597658,1
0,0.9998334895027122,0
1,0.9999362531853426,1
1,0.9999997509919198,1
0,0.9999827648303654,0
0,0.9999999858925458,0
1,0.9999908883652827,1
0,0.9999998587496041,0
1,0.9999338823147506,1
0,0.9999482429883818,0
1,0.9997377014240334,1
0,0.9999851821427126,0
1,0.9997738574639335,1
0,0.9999879406804343,0
0,0.9999459089194056,0
1,0.999998687725037,1
1,0.9995516027128015,1
1,0.9998854090590187,1
1,0.9999993584286285,1
1,0.9999902256709141,1
0,0.9999514471603869,0
0,0.9999622395235132,0
1,0.9999999999211309,1
1,0.999999990060311,1
0,0.9999982950231555,0
0,0.9999970841169837,0
1,0.9999987733156639,1
1,0.9999883733666638,1
1,0.9999460854693931,1
1,0.9995770514667456,1
1,0.9998984834124786,1
0,0.9999173783885987,0
0,0.9999949452685478,0
0,0.9995328255642204,0
0,0.9999997021692818,0
0,0.9999996307360337,0
0,0.9999999999487517,0
0,0.9999931995529904,0
0,0.9999999999999989,0
1,0.9999831399992858,1
1,0.999707493477647,1
0,0.9997250477797865,0
0,0.9999739372402823,0
1,0.9999997584326474,1
1,0.9999981462027132,1
0,0.9999737809797372,0
1,0.9999999673782454,1
0,0.9999999997250232,0
0,0.9999996063276662,0
0,0.9999999992725827,0
1,0.9998881598426198,1
0,0.9998237257188078,0
1,0.9999711376997252,1
0,0.9999240496956732,0
0,0.9999999707652113,0
0,0.9999999992056664,0
1,0.9999810612076803,1
1,0.9999490156510076,1
1,0.9999696346593605,1
1,0.9999997811626212,1
1,0.9997640890668162,1
0,0.9999987631278309,0
1,0.9999052764765376,1
1,0.9999998534149075,1
1,0.9999987655891868,1
1,0.9999985189895952,1
1,0.9999922589564659,1
1,0.999998466389051,1
1,0.9999684903453753,1
0,0.9999991532783731,0
0,0.9999360653861786,0
0,0.9999999268600857,0
0,0.9999999942755751,0
0,0.9999999251887346,0
0,0.9997955764559597,0
1,0.9999985611771368,1
0,0.9999996778087504,0
1,0.999820383233104,1
1,0.9996928554544618,1
1,0.9999955994085398,1
0,0.9999256503316294,0
1,0.999994172338723,1
1,0.9999646574612833,1
1,0.9999840074906082,1
1,0.9999989607838722,1
0,0.9999999738649386,0
0,0.9999942367011024,0
1,0.9999954197081908,1
0,0.999999970789984,0
1,0.9999997186970074,1
1,0.9999999999483224,1
1,0.9999999872224851,1
0,0.9999908174670086,0
0,0.9999511469686118,0
0,0.9999537317019004,0
1,0.9996939490050852,1
1,0.9997021545635064,1
0,0.999999997455198,0
0,0.9999999919397886,0
1,0.9999999108757462,1
0,0.9999711170424352,0
1,0.999986440096943,1
0,0.999995814569734,0
1,0.9999969678461755,1
1,0.9999999997949118,1
1,0.9999406155100968,1
0,0.9999998832287159,0
1,0.9988445651558796,1
0,0.9999988431277541,0
0,0.9999644801494132,0
0,0.999987660793752,0
0,0.9999995413333979,0
0,0.9999985277352056,0
1,0.9999980574090461,1
0,0.9998879846041484,0
1,0.9999970108470295,1
0,0.9999999868519709,0
0,0.9999991307355215,0
1,0.9999999998835374,1
0,0.9999496815177196,0
0,0.9999951101470566,0
0,0.9999996469836748,0
0,0.999781646464551,0
0,0.999999982548218,0
1,0.9999995148683016,1
1,0.9999609427190725,1
1,0.9999387923840964,1
1,0.999999986367349,1
0,0.9999519320304132,0
0,0.999749051013808,0
1,0.9999999935704706,1
0,0.9999999743673279,0
0,0.9999987377086125,0
1,0.9999887940201512,1
0,0.9998119708089452,0
1,0.9996189996310174,1
1,0.9999966596267815,1
1,0.9999998915994848,1
1,0.9999999217012635,1
0,0.999999752272943,0
0,0.9999725535183285,0
1,0.9995644833414338,1
1,0.9999994452714858,1
0,0.9999435664637284,0
1,0.9999978989157329,1
1,0.9997086656986021,1
1,0.9999997691115663,1
0,0.9999906352746076,0
1,0.9999900989418319,1
1,0.9999995262270887,1
0,0.9999999963810896,0
0,0.9999521156052985,0
1,0.9999879365915871,1
0,0.999999739453688,0
1,0.9999941538945574,1
1,0.999999995543587,1
0,0.9999999999937312,0
1,0.9999772428093967,1
1,0.9999997679685345,1
0,0.9999998742354741,0
0,0.9999977108587742,0
1,0.9999688102951307,1
1,0.9999151147551218,1
1,0.9999998632668878,1
1,0.9999999940793876,1
0,0.9999999980188784,0
0,0.9999949832115071,0
1,0.9999966590752355,1
0,0.9999491926171306,0
0,0.9999998867612266,0
1,0.9999999999507196,1
0,0.9999903166351226,0
1,0.9999999991670581,1
0,0.9998444525926642,0
1,0.9999966433466807,1
1,0.9999999933298198,1
1,0.9999999924549295,1
1,0.9999318121661971,1
0,0.9999998480321552,0
0,0.9999988539392043,0
1,0.9999392153582422,1
0,0.999999999933707,0
1,0.99996707364127,1
0,0.9999995754193445,0
0,0.9999978335562054,0
1,0.999964469836825,1
0,0.999965402268479,0
0,0.9999998990231984,0
1,0.999999912271965,1
1,0.9999986683514577,1
0,0.999999869963032,0
1,0.9999999999927371,1
1,0.999971478675174,1
1,0.9999999992635824,1
0,0.9999999145873785,0
1,0.9998721286790831,1
1,0.9999977475111581,1
1,0.9999105822901542,1
0,0.9999887644160029,0
1,0.9999484991017942,1
0,0.999999612879779,0
0,0.9998263221398493,0
0,0.9999999499531613,0
0,0.9999847137427669,0
0,0.9999963419858127,0
0,0.9999913437422777,0
0,0.9999916138212656,0
0,0.9998398295892293,0
0,0.9999852571895043,0
1,0.9999446258789038,1
1,0.9999592971534095,1
0,0.9999992458293009,0
0,0.999673599618628,0
1,0.9999993156440117,1
1,0.999997186600222,1
0,0.9999905146280097,0
0,0.9999707422346588,0
1,0.999849239691404,1
0,0.9999999964718889,0
0,0.9999993655025642,0
0,0.9999422199313356,0
0,0.9999655618751631,0
0,0.9999989243646523,0
1,0.9999998732851877,1
0,0.9999689722230611,0
0,0.99999991890994,0
0,0.9999189678892278,0
0,0.9999999817867452,0
1,0.9996004448868544,1
0,0.9998568485350343,0
0,0.9999999978620352,0
0,0.9999998917444519,0
0,0.9999861907605269,0
0,0.9998368655266213,0
0,0.9999657403539772,0
0,0.9999970455459751,0
1,0.999967675462808,1
1,0.9999883207485155,1
1,0.9999988861277872,1
1,0.999802583533564,1
0,0.9999999302466446,0
1,0.9999999310981468,1
1,0.9999726672680247,1
1,0.9999909228837307,1
0,0.9999985564844504,0
1,0.9997628470933722,1
1,0.9999373007947224,1
0,0.9999995578002085,0
1,0.9999996200077853,1
1,0.999883681889439,1
1,0.9999260414470795,1
1,0.9999999848085037,1
0,0.9999417494324389,0
0,0.9999997740813139,0
0,0.9996176100554184,0
1,0.999901558492164,1
0,0.9999967569050829,0
1,0.9999196583170885,1
0,0.9999999998325481,0
1,0.9999999161596914,1
1,0.9999999970818001,1
1,0.9998872052989076,1
1,0.9999999757347849,1
0,0.9999999616111983,0
1,0.999959454427676,1
0,0.9999977729876883,0
1,0.9999999746279582,1
1,0.9999999877629956,1
1,0.9999984382566233,1
0,0.9999999902761665,0
0,0.9999262797522396,0
0,0.9999961514457705,0
0,0.9999999307511682,0
0,0.9999998034150982,0
1,0.9999999999757929,1
1,0.9999999999079077,1
0,0.9999990972860064,0
0,0.9999762584079658,0
0,0.9999999713122509,0
0,0.9998498749752784,0
1,0.9999999999978013,1
1,0.999999999990596,1
0,0.9999999119612658,0
1,0.999986459138451,1
0,0.9999990312301196,0
1,0.9999999945215361,1
0,0.9999992619770798,0
0,0.9996071237547388,0
0,0.9999999989614813,0
0,0.9999999828379987,0
0,0.9998878324604136,0
0,0.999999919932633,0
1,0.9999985404303073,1
1,0.9999997538967771,1
1,0.9999824425639312,1
1,0.9999999665058861,1
1,0.9999982068254019,1
0,0.9999531636898371,0
0,0.9999997640688957,0
1,0.9999980502427662,1
0,0.9999997008865726,0
0,0.9999989958368394,0
1,0.9999999066380639,1
1,0.999999994503908,1
0,0.9999994581966337,0
1,0.9991527136246509,1
0,0.9999999756157638,0
1,0.9999999994764748,1
0,0.9999915625104624,0
1,0.9999297938450636,1
1,0.9999306577086766,1
0,0.9999999678211469,0
0,0.9999984302499986,0
0,0.999725650063842,0
0,0.9998588602070677,0
1,0.9999915273632931,1
0,0.9999999254198078,0
1,0.9999137480384461,1
1,0.9999999999780802,1
0,0.9998538046456769,0
0,0.9999999999891229,0
0,0.9999998708921549,0
0,0.9999999999220481,0
0,0.999999832336064,0
1,0.9999823208170873,1
0,0.9999992221424983,0
1,0.999999790933843,1
0,0.9999908163595005,0
0,0.9999999905264301,0
1,0.9999208430592383,1
1,0.9997145355140205,1
1,0.9999815392780762,1
0,0.9999995872522145,0
1,0.9997881663013118,1
1,0.999998325637957,1
1,0.9999864830320845,1
0,0.999863223687492,0
0,0.9999998459467253,0
1,0.9999854519015321,1
0,0.9999961538803112,0
0,0.9999999805823991,0
1,0.9998666126090903,1
0,0.9992949296427299,0
1,0.9994911883858865,1
0,0.9999992457309088,0
0,0.9999999732010766,0
0,0.9999974564703251,0
0,0.9999999957829475,0
0,0.9999997076662639,0
1,0.9999999999792417,1
1,0.9999999937778261,1
0,0.9999841087360987,0
1,0.9999999970763918,1
1,0.9999986397484921,1
0,0.9999780443796122,0
1,0.9999954798267161,1
1,0.9999999776101475,1
1,0.9999999997160898,1
1,0.9998082702144888,1
0,0.9999999911350853,0
0,0.9999836831855851,0
1,0.9999999609522001,1
1,0.9999939252539322,1
0,0.9999999793027945,0
0,0.9999997691434823,0
0,0.9999999895382675,0
1,0.9999995470105358,1
1,0.9998515260712338,1
1,0.9998902467639449,1
0,0.999885819770089,0
1,0.9999713778808572,1
1,0.9999438013063574,1
1,0.9999290015150447,1
1,0.9993933867179827,1
0,0.9999990020208761,0
0,0.9999678448815473,0
0,0.9999994517215292,0
0,0.9999995147812851,0
1,0.9999999194742493,1
0,0.99989199769662,0
1,0.99999977375083,1
1,0.9999999929015708,1
0,0.9999990777141707,0
0,0.9999999995789689,0
0,0.9998964631218722,0
0,0.9999999985828278,0
0,0.9999891743596346,0
0,0.9999979329469083,0
0,0.9999023440153753,0
0,0.9999994013868467,0
0,0.9999993497612238,0
1,0.999999997470767,1
0,0.9998571406020218,0
1,0.9997901850386078,1
1,0.9999999661787409,1
1,0.9999675878460311,1
1,0.9999999443190883,1
0,0.9999593571560544,0
0,0.9999940009349085,0
0,0.9999983205145222,0
0,0.999999994492816,0
1,0.9999983988168818,1
1,0.9999368839731955,1
1,0.9999995512707485,1
1,0.9999853013296087,1
0,0.9999999952544376,0
1,0.9999999974989939,1
1,0.9999998812137666,1
0,0.9999542547752718,0
1,0.9997913139410266,1
1,0.9999103663424884,1
1,0.9999892833693237,1
0,0.9999867082530213,0
0,0.9999967136567767,0
0,0.999999521951256,0
1,0.9999977436610035,1
0,0.9995236857559066,0
0,0.9999891262479523,0
1,0.999999825106686,1
0,0.9999547156424201,0
1,0.9999988193849673,1
0,0.9999998407106214,0
0,0.9994108890135214,0
0,0.9999464815850629,0
1,0.999999393895843,1
0,0.9999999999092907,0
0,0.9999697808363429,0
0,0.9997072862207363,0
1,0.9999999903794222,1
1,0.9999974569014697,1
1,0.9998600789443248,1
1,0.9999600968151016,1
1,0.9999974896297418,1
0,0.9996895716051364,0
0,0.9991986947653003,0
1,0.9999984583897368,1
0,0.9999923673696322,0
0,0.9999826663757455,0
0,0.9999997464850329,0
0,0.9999941490674227,0
1,0.999999896333489,1
0,0.9999996808317841,0
1,0.9999956194173343,1
1,0.9999999308075801,1
0,0.9999999874461244,0
0,0.9999872421216316,0
1,0.9999934687797186,1
0,0.9999999965740326,0
0,0.9999979254773029,0
0,0.9996345411548785,0
1,0.9999995615247854,1
0,0.9999999941744542,0
0,0.9999997854234014,0
1,0.9999988856993405,1
0,0.9999658466273088,0
1,0.9999706778384353,1
0,0.9999999632137568,0
0,0.999988723605997,0
1,0.9999988987511003,1
1,0.9998499489895749,1
0,0.9999999061060325,0
0,0.9998813026753915,0
1,0.999888285087433,1
0,0.9999916442416245,0
0,0.9999464209497987,0
0,0.9999589837999299,0
1,0.9999873686552788,1
1,0.9999942226441262,1
1,0.9999999999003142,1
1,0.9999094019939327,1
0,0.9999687211182484,0
1,0.9999677339031604,1
0,0.9999679732779075,0
0,0.9999972520258361,0
0,0.9999943322191739,0
0,0.9999998569050953,0
1,0.9999102480398406,1
1,0.9999999972536335,1
0,0.9999988329364848,0
1,0.9999695313645329,1
0,0.9999084548484861,0
1,0.9999999996247493,1
1,0.9999999855928734,1
0,0.9999999384243659,0
0,0.9999999966036885,0
0,0.9999980782091947,0
0,0.9999999942579182,0
1,0.9999999835819153,1
1,0.9999850969658431,1
1,0.9997836511744757,1
0,0.9999986622048058,0
0,0.9999992919969624,0
0,0.999980588155403,0
1,0.999999934931163,1
0,0.9999999790285561,0
0,0.9998817145028412,0
0,0.9999771184411075,0
0,0.9999854427630666,0
1,0.9999999826020803,1
0,0.9999933228450835,0
1,0.9999039830331783,1
1,0.9999958948876867,1
0,0.9999970348690245,0
0,0.9999988804508664,0
0,0.9997074295293534,0
1,0.9999999998792037,1
1,0.9999986122957408,1
0,0.9999980144363111,0
0,0.9999997857493661,0
0,0.9999987566970925,0
0,0.9999995158342287,0
1,0.9999999382794478,1
1,0.9998373086611929,1
1,0.9999601104390973,1
0,0.9999997748034429,0
1,0.999748769892324,1
1,0.9999998377798761,1
0,0.999999998472129,0
1,0.9999999998038123,1
1,0.9999999956576917,1
0,0.9997187444482714,0
0,0.9999185112870058,0
1,0.9999999999999993,1
1,0.9999976209737392,1
0,0.9999921573204762,0
0,0.9999006402766798,0
0,0.9999999917752825,0
0,0.9999993305996184,0
1,0.9999999987426285,1
1,0.9994951860092544,1
0,0.9999894358274862,0
1,0.9999995344130578,1
0,0.9999999891534616,0
1,0.999999994242456,1
0,0.9999994887592969,0
0,0.9999964809117455,0
1,0.9999994049211529,1
1,0.9999250101408186,1
0,0.999910195715676,0
1,0.9999540653951077,1
1,0.9998327007711187,1
0,0.9999987575726942,0
1,0.9999999775576999,1
0,0.9999719828555005,0
0,0.9999955275883612,0
1,0.9999999856736015,1
1,0.9999136816284013,1
1,0.9999999983893206,1
1,0.9999997257150499,1
1,0.9993859165776251,1
0,0.999992395899066,0
1,0.9999985875373258,1
1,0.9999817972130881,1
1,0.9999998067111476,1
1,0.9999999856953572,1
0,0.9999997115689777,0
1,0.999995400560327,1
0,0.9999969780917473,0
0,0.9999988907858277,0
0,0.9997406343374662,0
1,0.999999963895627,1
0,0.9999823932669073,0
0,0.9999999981012211,0
0,0.9999873559232942,0
0,1.0,0
1,0.9999656532466678,1
0,0.9999978061312592,0
1,0.9999986875925602,1
1,0.9999999012305085,1
1,0.9999511764269146,1
1,0.9999999008116968,1
0,0.9999760157153228,0
0,0.9999996381271069,0
1,0.999998205383119,1
1,0.9999779030773248,1
1,0.999994150851334,1
0,0.9999892455474416,0
1,0.9999999894606356,1
1,0.999851595341228,1
0,0.9998523615909124,0
0,0.9999999890199929,0
1,0.9999999969325546,1
1,0.9999999999999287,1
0,0.9999945523406697,0
0,0.9999998376909385,0
0,0.9999844802633918,0
0,0.9999994114555409,0
0,0.9998900114424896,0
0,0.9999240410433266,0
0,0.9999995105790227,0
0,0.9995206211867981,0
1,0.9999074974190988,1
1,0.9992612348435352,1
1,0.9999717952709222,1
1,0.9998053754188128,1
0,0.999744496822984,0
1,0.999986843714998,1
1,0.9999998953589863,1
1,0.999999935188224,1
1,0.999999494958448,1
1,0.9999796311872267,1
1,0.9999999316268697,1
1,0.9998348931512837,1
1,0.9999999985867123,1
1,0.9999996340150972,1
0,0.9999997774949188,0
1,0.999999999970101,1
0,0.9999998949542315,0
1,0.9999999999745743,1
0,0.9996836475039527,0
1,0.9999999992444604,1
1,0.9999999989309356,1
0,0.9999991528500698,0
1,0.9999473005860999,1
0,0.9999998619026282,0
1,0.999970196567238,1
0,0.99994705621068,0
0,0.999998647674573,0
0,0.9999891852210496,0
0,0.9999996402571221,0
1,0.9999999219432064,1
0,0.9996516912109268,0
0,0.999999996103162,0
0,0.9999974221835929,0
0,0.9999972568705062,0
1,0.9999999960587336,1
1,0.999999965387823,1
0,0.9997995035212579,0
1,0.9998953624801887,1
1,0.999999918891603,1
1,0.9999323171185034,1
0,0.9999943805003277,0
1,0.99999999999662,1
0,0.9998847222402506,0
0,0.9999992274894655,0
1,0.9999987077503875,1
0,0.9998426293760124,0
0,0.9999954603524657,0
0,0.9999998857602749,0
1,0.9999967307142089,1
0,0.9999778885590688,0
0,0.9999895555506573,0
1,0.9999992430060652,1
1,0.9999972968673688,1
1,0.999999992544831,1
1,0.9999999999982889,1
0,0.9997121681535932,0
1,0.9999937787567612,1
1,0.9999984632283239,1
0,0.9999874695654114,0
0,0.9999531553179972,0
1,0.9999999995897808,1
0,0.9999999994070832,0
1,0.9999295598925695,1
0,0.9995903421631862,0
1,0.9998667031912921,1
0,0.9998393145009541,0
1,0.9999590749672054,1
0,0.9999966152529248,0
0,0.9999999143753653,0
0,0.9999141606749995,0
1,0.9999999457417116,1
1,0.9999805569477964,1
1,0.9999999932298491,1
0,0.9999995111430359,0
0,0.9999999707356443,0
0,0.9999979862170123,0
0,0.9999568724011356,0
1,0.9999999820604552,1
0,0.9999999871164901,0
0,0.9999999351282727,0
1,0.999995799614808,1
1,0.9998577415938014,1
0,0.9999993902203833,0
1,0.999995831224209,1
0,0.9999999684857038,0
1,0.9999905540583716,1
1,0.9997588837399792,1
0,0.9999918042564251,0
0,0.9999859189694589,0
0,0.9992606511078234,0
1,0.999983478192619,1
1,0.9999729343269448,1
0,0.9999999866117897,0
1,0.9999997860135008,1
0,0.9999805501367076,0
1,0.9998916504076292,1
0,0.9999239618368149,0
0,0.9999997780223421,0
1,0.9999999996699984,1
0,0.9999956312377533,0
0,0.9997573425485324,0
1,0.999996963369148,1
0,0.9999999107111052,0
0,0.9998605935655169,0
1,0.9999999422520414,1
0,0.9999989821433646,0
0,0.9999863110800739,0
0,0.9998630730750993,0
1,0.9999985540729422,1
1,0.9997127080856907,1
0,0.9998386510577497,0
0,0.9999999980910258,0
0,0.9999669890080187,0
1,0.9999999883606484,1
1,0.9999895238209177,1
1,0.9999998149595677,1
0,0.9999993113188422,0
0,0.9999573802269064,0
1,0.999999563674924,1
1,0.9999999999476419,1
0,0.9999988707981863,0
0,0.9999988675947388,0
0,0.9999965085015233,0
1,0.9999886369789855,1
1,0.9999717878257967,1
0,0.9999998454591663,0
1,0.9999999817007678,1
1,0.9999583198356956,1
0,0.9999999520364625,0
0,0.9998715868605258,0
0,0.9999889377594501,0
0,0.9999999894191675,0
1,0.9999996023531337,1
1,0.9999999805287264,1
0,0.9999215193629837,0
1,0.9999995292731734,1
1,0.9999997620022691,1
0,0.9999993921954446,0
1,0.9999924041984453,1
0,0.999922192079626,0
1,0.9999995149501876,1
0,0.9999774868743997,0
0,0.9996810624673528,0
1,0.9999984701620664,1
1,0.9999965113045358,1
0,0.9999999058526277,0
1,0.9999154579052713,1
0,0.9999999900317809,0
1,0.9999997089327072,1
1,0.9999997843948131,1
0,0.9999970480779673,0
0,0.9999725626311293,0
1,0.9999253908221172,1
1,0.9999999980173861,1
1,0.9999961247061226,1
0,0.9999991310218477,0
0,0.9999137429123561,0
1,0.9999999957415511,1
0,0.9997219888680184,0
0,0.9999999999153714,0
0,0.9999979597271473,0
0,0.9998886334055773,0
0,0.9999999989058797,0
0,0.9999944554598085,0
0,0.9999958234813278,0
0,0.9999400917525167,0
0,0.9999999787501419,0
0,0.9999926599194684,0
0,0.9999987107635361,0
0,0.9999884423816147,0
1,0.999973663155424,1
0,0.9999473360548148,0
0,0.9999999981102717,0
1,0.99999999465557,1
0,0.9999328632066803,0
0,0.9998882984744066,0
0,0.9998003726289494,0
0,0.9997643680382985,0
1,0.9997762105306136,1
1,0.9997965045026999,1
1,0.9996717060795156,1
1,0.9998987267838167,1
0,0.9999892227597431,0
0,0.9998698077142235,0
1,0.9999763169762925,1
1,0.9999800656127558,1
1,0.99970841879004,1
1,0.9998408399232934,1
0,0.9995214032430301,0
0,0.9999999222139933,0
0,0.9999738156748591,0
1,0.9999999998314772,1
1,0.9998879298329594,1
0,0.9999262314893526,0
1,0.999995209876491,1
1,0.9999991815108598,1
1,0.9999996531346971,1
0,0.9999999887725871,0
0,0.999912268157239,0
0,0.9999988497917807,0
1,0.9997491929066813,1
1,0.9999996082838585,1
0,0.999997014901416,0
1,0.9999999859678643,1
1,0.9999999327065437,1
0,0.9991938190914889,0
1,0.9992636277989592,1
1,0.9996653989908981,1
1,0.9995325513813194,1
0,0.999966477439914,0
1,0.9999963424565016,1
1,0.9999365508309584,1
0,0.9999959967628423,0
0,0.9999999960454178,0
0,0.9999999999222106,0
0,0.9999915335189988,0
1,0.9999824293969641,1
1,0.9999993277303377,1
1,0.9999984649442931,1
1,0.999999998404568,1
0,0.9999550114558765,0
0,0.9999963459655129,0
0,0.9999999395289377,0
0,0.9999998597176523,0
1,0.9999208824921137,1
0,0.9999999061166894,0
0,0.9999997363491017,0
0,0.9999701429309077,0
1,0.9999259323621079,1
1,0.9999791054956226,1
1,0.9995140931459452,1
1,0.9999999896726731,1
0,0.999986550439028,0
1,0.9999999977484397,1
1,0.9999331872727479,1
1,0.9999903667673223,1
0,0.9998535812513262,0
0,0.99999999096133,0
0,0.9999999216096003,0
1,0.9997291151791621,1
0,0.9999999702404844,0
1,0.9999980170995003,1
1,0.9999655097145135,1
0,0.999999934737387,0
1,0.9999992191774723,1
0,0.9999999832837534,0
0,0.999997652324474,0
0,0.9999999680903017,0
1,0.9999961905884338,1
0,0.9999999923467422,0
1,0.9999136572028872,1
0,0.9998813865611261,0
0,0.9998800776691317,0
1,0.9997777767975257,1
1,0.9999990252958516,1
1,0.999998428156925,1
1,0.999999995617916,1
0,0.9999977893045162,0
0,0.9999996831526257,0
1,0.9999571477794509,1
0,0.9999492095153043,0
0,0.9999996446780144,0
1,0.9999999996203504,1
1,0.9999999991047848,1
0,0.9999998402674691,0
0,0.9999999644381063,0
1,0.9999742639671472,1
1,0.9997471787495048,1
0,0.999999786526579,0
0,0.9999822803534049,0
1,0.9999052029312383,1
0,0.999987558498042,0
1,0.9999214042627383,1
0,0.999643319598962,0
1,0.9999925279697851,1
1,0.999999999995868,1
0,0.9999998281953637,0
0,0.999999530453285,0
1,0.9999206146745707,1
1,0.9999998315564995,1
0,0.9999998492590675,0
0,0.999997674686674,0
0,0.9999754884337375,0
1,0.9999998576351127,1
1,0.9999996905828301,1
0,0.9999999935428018,0
1,0.9999998896728797,1
0,0.9999999638063687,0
1,0.9999994683212305,1
1,0.9998073954750536,1
0,0.9999993371615385,0
0,0.9999999706602245,0
0,0.9999986486308857,0
1,0.9999999994116029,1
1,0.9999999972712943,1
0,0.9999984451961881,0
0,0.9999997131788196,0
1,0.9999992536320248,1
1,0.9999998496283444,1
0,0.9996901820551438,0
1,0.9999998948929707,1
0,0.9999978982153235,0
0,0.9999998879660664,0
0,0.9999991328773851,0
1,0.9997084391891382,1
0,0.9999999969591968,0
1,0.999999849130922,1
1,0.99999958319361,1
1,0.9999894982998847,1
0,0.9999999961217796,0
0,0.9999999542431001,0
0,0.9999999551243768,0
0,0.9998890082770081,0
0,0.9999557611935678,0
0,0.9995224279126307,0
1,0.9999999986706445,1
1,0.9999821161659259,1
1,0.9999981725269155,1
0,0.9999985488190405,0
1,0.999943780210589,1
1,0.9999999997970721,1
0,0.9999902917271188,0
0,0.9999954119531461,0
0,0.9999890293377863,0
1,0.9999999630141541,1
0,0.9999402282079843,0
0,0.9999994284884476,0
1,0.9999999999830045,1
1,0.9999650379437909,1
1,0.9998574755662156,1
1,0.9999598772092455,1
1,0.9999999954209462,1
1,0.9996835615784908,1
0,0.9999999997963163,0
1,0.9999983454303871,1
1,0.9999164353242861,1
0,0.9999996261166743,0
1,0.9999992064426042,1
1,0.9999614134264014,1
1,0.99998110538583,1
0,0.9999810916645958,0
0,0.9999999915351645,0
1,0.9999990677974077,1
1,0.9999999944172031,1
0,0.9999995179976628,0
0,0.9999918113435257,0
1,0.9999981347732291,1
1,0.999999235607432,1
1,0.999996833777676,1
0,0.9999997918134009,0
1,0.9999911748833222,1
0,0.9999998231095417,0
1,0.9999999998412739,1
0,0.9999710395560144,0
0,0.9999991393667079,0
1,0.9995195302107818,1
0,0.9999950096492916,0
0,0.9999999947465164,0
1,0.9999789805240673,1
1,0.9999968403798997,1
1,0.9999902459033191,1
1,0.9999873365595872,1
0,0.9999979287617449,0
1,0.9999901228723842,1
1,0.9999999999797098,1
1,0.9999766566032889,1
0,0.999998093746234,0
0,0.9999977219548168,0
1,0.9999618263974929,1
0,0.9999999993475172,0
1,0.9999982759458904,1
1,0.9998701424592612,1
0,0.999999533296169,0
0,0.9999877501417808,0
1,0.9999999962671722,1
1,0.9999996083920729,1
0,0.9999898466652204,0
0,0.9999999835840422,0
0,0.9999206851416677,0
0,0.9999999038289694,0
1,0.9999996384847974,1
1,0.999999671126196,1
1,0.9999998977261075,1
1,0.9999030516777271,1
0,0.9999789154361581,0
1,0.9999553373105525,1
1,0.9999945660491414,1
0,0.9998894343856715,0
1,0.9999976424294995,1
1,0.9999999965098609,1
1,0.9998983326990603,1
1,0.9999951784216962,1
1,0.9999988402959639,1
1,0.9997340537132723,1
0,0.9999825637205929,0
0,0.9999845101866736,0
1,0.9999891015134721,1
1,0.9999999990166661,1
0,0.9999997290752387,0
0,0.9999930423042332,0
0,0.9999989412729272,0
1,0.9999999998418281,1
1,0.9999996614740809,1
1,0.9999999999838203,1
0,0.9999996204416745,0
1,0.9999998146173801,1
0,0.9999853152247921,0
0,0.9999784931855499,0
0,0.9999910661158236,0
0,0.9999996845947032,0
0,0.9999999752242015,0
0,0.9999999997849396,0
0,0.9999073088207737,0
0,0.9999984802500459,0
0,0.9999997886046723,0
1,0.9998339838681265,1
1,0.9999999986510364,1
0,0.99999602507344,0
1,0.9999707481739342,1
1,0.9996235554278237,1
0,0.9999999408220603,0
1,0.9999982735754136,1
1,0.9999916118732206,1
1,0.9999999729407313,1
1,0.9999999208881398,1
1,0.9999949406202179,1
1,0.9999957561583399,1
1,0.9999981033724795,1
0,0.99999964029706,0
0,0.9999999976061863,0
1,0.9999774416254467,1
1,0.999979301951062,1
1,0.9999644639170697,1
0,0.9999999289973068,0
0,0.9999999999237408,0
0,0.9999646867825105,0
1,0.9999979973607496,1
1,0.9999708627739574,1
0,0.999998597285998,0
1,0.9999999999985922,1
1,0.9999997182269132,1
0,0.9999976975075495,0
0,0.999999999937706,0
1,0.9999996969614832,1
0,0.9999984253829641,0
0,0.9999934070398777,0
1,0.999773668553704,1
0,0.9999999767926551,0
0,0.9999514878912222,0
0,0.9999777873070866,0
1,0.9998414928514209,1
1,0.9999997066577738,1
0,0.9999979320781694,0
1,0.9999877747834738,1
1,0.999990544853422,1
1,0.9999980978372447,1
1,0.999999939417982,1
1,0.9999917129655989,1
0,0.9994492174488061,0
0,0.9999751864119509,0
0,0.9999999976458605,0
1,0.9999341302523022,1
0,0.9998489234025366,0
1,0.9996403428732208,1
0,0.9999999435140646,0
0,0.999991426527022,0
0,0.9999973507499175,0
1,0.9999814023887048,1
0,0.9999732499670289,0
0,0.9999941323796416,0
1,0.99999767463216,1
1,0.9999883982421223,1
0,0.9999997990955029,0
0,0.9998836716881566,0
1,0.9998330307560759,1
1,0.999996111669374,1
0,0.9999982870246623,0
0,0.9999999297028537,0
1,0.9999999233495919,1
1,0.9999899935811098,1
1,0.9999195941268108,1
1,0.9999978110684221,1
0,0.9993631899747938,0
1,0.999838565370512,1
0,0.9999999993980054,0
0,0.999999969304123,0
0,0.9999841636587484,0
1,0.9999667864648731,1
1,0.9999784544324836,1
1,0.9998858161655594,1
0,0.9999990471567444,0
1,0.9999614474964167,1
1,0.999791885002854,1
1,0.9999999994921318,1
1,0.9999999962374857,1
1,0.9999999942844953,1
1,0.9999377550301356,1
0,0.9999951233254515,0
0,0.9999999798437859,0
1,0.9999993576197538,1
0,0.9999993023481486,0
1,0.9999943914927278,1
1,0.9999986607946161,1
1,0.999999999994988,1
1,0.9999990127087359,1
1,0.9999144074468082,1
0,0.9999980505768289,0
0,0.9999798821499298,0
0,0.9999999999911143,0
1,0.9999806743135272,1
1,0.9999991789588665,1
1,0.9999996769258634,1
1,0.9999863782511832,1
1,0.9999991501593389,1
1,0.9999987428196995,1
0,0.9999911666122988,0
1,0.9999976596121751,1
1,0.9999999145747045,1
0,0.9999988508537002,0
1,0.9999939514872382,1
1,0.9999996463440509,1
1,0.9999988594322752,1
0,0.9999886807890299,0
0,0.9999999792739951,0
1,0.9999996116836125,1
1,0.9999452073513827,1
1,0.9998469436157934,1
0,0.999780270607257,0
1,0.9999973842758467,1
0,0.999999615003202,0
0,0.9999694870742695,0
0,0.9999999978559171,0
1,0.9999999946336855,1
0,0.9999999617253302,0
1,0.9999999625073298,1
1,0.9999999738373557,1
0,0.9999688364477217,0
1,0.9999261360895646,1
1,0.9998834525843331,1
0,0.9999999874615811,0
0,0.999999953668676,0
0,0.9999991141837845,0
0,0.9999999300966319,0
0,0.9998701632828757,0
0,0.9999820288037063,0
0,0.9998838558411489,0
1,0.9999988003820335,1
0,0.99992916821509,0
1,0.9999883423245955,1
0,0.9999983980647067,0
0,0.9995807273469232,0
1,0.9999829915089413,1
1,0.9999999832222782,1
0,0.9999991509045797,0
1,0.9999999725237144,1
1,0.9999963968262271,1
1,0.9999955834191859,1
0,0.9999998413605178,0
1,0.9997328221901983,1
0,0.9999999917974042,0
1,0.9999999988683237,1
1,0.9999978160162308,1
1,0.9999965087428895,1
1,0.9997136026036698,1
1,0.9999993993432676,1
1,0.9999991159757294,1
1,0.9999863431650522,1
1,0.9997203871188958,1
1,0.9999965235078928,1
0,0.9999990514071901,0
0,0.9999998401022911,0
1,0.9999999078273826,1
1,0.9999475220380091,1
1,0.9999895806722775,1
0,0.9997881824371551,0
0,0.9999595862758854,0
1,0.9999987808657019,1
0,0.999999724790552,0
0,0.9999860284677666,0
1,0.9999584014126394,1
1,0.9999991045036175,1
1,0.9999663148584756,1
1,0.9999975529953999,1
1,0.9999774192635768,1
0,0.999997755433237,0
0,0.9999991968622121,0
1,0.9999999960918062,1
1,0.9997964958034161,1
0,0.9999667500540447,0
0,0.9999602810717934,0
1,0.9999680588103036,1
1,0.9999999869469991,1
0,0.9999999334526439,0
0,0.9999966424460437,0
0,0.9998913991279378,0
0,0.9999934358735206,0
0,0.9999997646848272,0
1,0.9999998629701842,1
0,0.9999911527267255,0
1,0.9999406999122971,1
1,0.9999991866355528,1
0,0.9999993275453657,0
0,0.9999992778073644,0
1,0.9999659193394156,1
0,0.9999996893315223,0
1,0.9999895314305738,1
1,0.9999999999999762,1
0,0.9999815748875877,0
0,0.9999999862228152,0
0,0.9999987205356098,0
1,0.9999992602414659,1
0,0.9999992960676615,0
0,0.9998780410794342,0
0,0.9998060920103174,0
1,0.9999999778328845,1
1,0.9994058703456454,1
0,0.9999999990662554,0
1,0.9999999940402129,1
1,0.9999999995121083,1
0,0.9999997941788392,0
1,0.999868224806179,1
0,0.9999751457276098,0
1,0.999998134693277,1
0,0.9999999985663239,0
1,0.9997219157842397,1
0,0.999999679253242,0
1,0.9999688939509646,1
1,0.9999923134995845,1
0,0.9999738529347975,0
0,0.9997937678317917,0
0,0.9999999718210124,0
0,0.999999471703699,0
1,0.9999994671519984,1
0,0.9999930500676633,0
1,0.9999981407280286,1
1,0.9998426852107801,1
0,0.9999658600172736,0
0,0.9999990187548449,0
1,0.999998718487642,1
1,0.9999997831071348,1
0,0.9998517360232749,0
0,0.9999996504132264,0
0,0.9999987367218776,0
1,0.9999933305402446,1
0,0.9999528586215226,0
0,0.9999901432574291,0
1,0.9998173323872181,1
0,0.9999988079397607,0
1,0.9999991564893046,1
1,0.9991399582142415,1
1,0.9999459456204336,1
1,0.9999999924244621,1
1,0.9999645498161595,1
0,0.9999999665999113,0
1,0.9999497676141652,1
0,0.9999945704974424,0
0,0.9999998163118433,0
1,0.9999999905733193,1
1,0.9999993867676681,1
1,0.9999999461380464,1
1,0.9999998502210385,1
1,0.9999999983468408,1
0,0.999999921347445,0
0,0.9999201474953119,0
0,0.9999880967497181,0
0,0.999966688702557,0
0,0.9999821410204183,0
0,0.9999993861803733,0
0,0.9999917880851199,0
1,0.9999949081807807,1
1,0.9999976116170352,1
0,0.9999984509260919,0
0,0.9998146384150235,0
1,0.9999972743586218,1
1,0.999995091106981,1
1,0.9999294039876984,1
0,0.9999978739900843,0
1,0.9999839356837683,1
1,0.9998745858844817,1
0,0.9999921487149995,0
1,0.9999965253967505,1
0,0.9999866745485354,0
1,0.9999833594608597,1
0,0.9999994721201158,0
0,0.9999848236556048,0
1,0.999963288145259,1
0,0.999975131837782,0
1,0.9999312277614051,1
0,0.9998600903614897,0
0,0.9999969132833554,0
0,0.9999967187335059,0
1,0.9995320363951471,1
0,0.9999043267425117,0
1,0.9999999649042385,1
0,0.999999718597146,0
1,0.9998864941000244,1
0,0.9999775286903139,0
0,0.9999234188136505,0
1,0.999999997331739,1
1,0.9999999678276136,1
0,0.9997774694884934,0
1,0.9997668880848264,1
0,0.9999997153531113,0
0,0.999999803233897,0
1,0.9999999999970666,1
0,0.9999999995714524,0
1,0.9999984384377503,1
1,0.9999838263225593,1
0,0.9999999163735401,0
0,0.9999946667604502,0
0,0.9999998812351222,0
1,0.9999898059315447,1
1,0.9999978842347268,1
1,0.999802215958897,1
1,0.9999999990912334,1
0,0.9997184692394882,0
0,0.9999999754255949,0
0,0.999991963502281,0
0,0.9999991029611061,0
0,0.9999925109709376,0
0,0.9999854176847421,0
0,0.9999999980939303,0
0,0.9999999977779868,0
0,0.9999950042461576,0
1,0.9999999998474867,1
1,0.9999984284967383,1
1,0.9994601176111401,1
1,0.999999999403675,1
1,0.9999617713577689,1
1,0.9999999978497862,1
0,0.9999940531401345,0
1,0.9998511065682945,1
0,0.999986703297296,0
1,0.9999999997023723,1
1,0.9999983763298919,1
1,0.9999999997741182,1
0,0.9999945368636701,0
0,0.9999999755675802,0
1,0.9999999976357221,1
0,0.9999416209524458,0
1,0.9999999999776839,1
1,0.999999997234559,1
1,0.9999999970413835,1
0,0.9999992154612574,0
1,0.9999488144600744,1
1,0.9999372288503829,1
0,0.9999999310279858,0
0,0.9999999994573682,0
0,0.9999481314143946,0
1,0.9999975359158707,1
0,0.9999790999346839,0
0,0.9999999794301524,0
1,0.9999998689271793,1
1,0.9999209219792227,1
0,0.9999378141612618,0
0,0.9999984120997134,0
0,0.9999125569448607,0
1,0.9999990488501534,1
0,0.9999074788187905,0
0,0.9999858628625066,0
1,0.9999982105955826,1
1,0.9997323739688713,1
1,0.9999998350615625,1
0,0.9999619853499181,0
1,0.9999999908097307,1
1,0.9999982794081649,1
1,0.9999685129359566,1
0,0.9999997854393486,0
0,0.9999999961318164,0
0,0.9999997556891921,0
0,0.9999998723022149,0
0,0.9998177252275782,0
1,0.9997451499627236,1
0,0.9999945779486054,0
0,0.9999999535728491,0
1,0.9999429588918873,1
0,0.9999962925299019,0
0,0.9999999989873725,0
0,0.9999984648749609,0
0,0.9999829021960899,0
1,0.9999999712692865,1
0,0.9998643841853285,0
1,0.9999542139067452,1
1,0.9999946108203088,1
1,0.9999937653042111,1
1,0.9999999772617941,1
0,0.9999987586210276,0
0,0.9999271717224566,0
1,0.9998316593021599,1
1,0.9999649329057813,1
0,0.9997398799343971,0
0,0.9998944309360479,0
0,0.9999247343590788,0
1,0.999981195229279,1
0,0.9999996092679267,0
0,0.9999985845658365,0
0,0.9999804971845426,0
1,0.9999099657490966,1
1,0.9999756137267429,1
0,0.9999991597939367,0
1,0.9999999882041096,1
0,0.9997484911574235,0
0,0.9999622010197649,0
1,0.9999999639169002,1
0,0.9999999956791262,0
0,0.9999326942789403,0
1,0.9999983443948707,1
1,0.9994395467324846,1
1,0.9999898060488474,1
0,0.9999997998023891,0
0,0.9997723093858305,0
0,0.9999999348441051,0
1,0.9999999999998725,1
1,0.9999941797102418,1
0,0.9997999276439001,0
1,0.9999999991674025,1
0,0.9999942630051007,0
0,0.9994151723846774,0
0,0.9999994751035709,0
1,0.9999748920558093,1
1,0.999993138441211,1
1,0.9999784061397466,1
1,0.9999999984086598,1
1,0.999986967825338,1
1,0.999838701953366,1
0,0.9999999989698256,0
1,0.9999996113663878,1
0,0.9998883303509222,0
1,0.9999997544414169,1
0,0.9992311190986874,0
0,0.9999999248068899,0
0,0.9999290989129428,0
0,0.9999918163160733,0
1,0.9999963330021685,1
1,0.9999999970234033,1
1,0.9999991788306923,1
1,0.9999945031622544,1
0,0.9999967167698226,0
0,0.9999999980180474,0
0,0.9999198265133684,0
0,0.9999983059814406,0
0,0.9999999884793147,0
0,0.9999971112636751,0
1,0.9998544952817056,1
1,0.9995338313446847,1
0,0.9999551977248453,0
0,0.9999806905073879,0
1,0.9999999985198111,1
1,0.9999705450171406,1
0,0.9999959573199684,0
0,0.9999953733564299,0
1,0.9999389080060491,1
0,0.9999999904123267,0
0,0.9997255729902598,0
1,0.9998450770986614,1
1,0.9999999281437594,1
1,0.9999973427605123,1
1,0.9999707890180586,1
1,0.9996498140409396,1
0,0.999999943334385,0
1,0.999996328203032,1
1,0.9999891385733188,1
1,0.9999999999957896,1
1,0.9999999996206548,1
1,0.9999983080777712,1
1,0.9999908220451142,1
1,0.9999999879819969,1
1,0.9999998549452092,1
0,0.9999999384291383,0
0,0.999395327117115,0
1,0.999999837362928,1
1,0.9999944545042305,1
1,0.9999968708552797,1
1,0.9999764299504214,1
0,0.9999999946499086,0
0,0.9999999434599267,0
0,0.9999955750828311,0
0,0.9999510315169027,0
0,0.9999884954859752,0
0,0.9999197301869556,0
1,0.999891547385143,1
0,0.9999651039441044,0
0,0.9999859872081364,0
0,0.9999999999964353,0
1,0.9999999977794567,1
1,0.9999413023766343,1
0,0.9993758392157374,0
0,0.9999968368160845,0
0,0.9999998136091173,0
1,0.9999999798257269,1
1,0.9999544746487564,1
0,0.9999821573576372,0
1,0.9999998480692249,1
1,0.9999726651218405,1
1,0.9998993260858728,1
1,0.9999998869176064,1
1,0.9999774493932615,1
0,0.9999996203764727,0
0,0.9999891730153613,0
0,0.9999999823453846,0
1,0.9998510887061984,1
1,0.9999387574774983,1
1,0.9999955729730418,1
1,0.9999992406939361,1
0,0.9997844824811088,0
0,0.9999960722409256,0
0,0.9997317867345931,0
1,0.9999993490439317,1
0,0.9999980198297022,0
0,0.9999535725659333,0
0,0.9999998156091577,0
1,0.9999994859176824,1
1,0.9999999473368048,1
0,0.9999999999896185,0
0,0.9999367041969408,0
0,0.9998040107381415,0
1,0.9999862752756827,1
0,0.9999839850636227,0
0,0.99999998262648,0
1,0.9999996487800314,1
0,0.9998694854412346,0
1,0.9999999999988369,1
1,0.9999999923877322,1
0,0.9999995540592755,0
1,0.9999999959277914,1
1,0.999999597744856,1
0,0.9999997226273867,0
0,0.9999998134077731,0
0,0.9999859592627041,0
0,0.9999999991188934,0
0,0.9999979040301319,0
0,0.9999320375732645,0
1,0.999999997017121,1
1,0.9999999744210455,1
0,0.9999934868727863,0
1,0.9998336000975264,1
0,0.9999999841505942,0
0,0.9999999674503233,0
0,0.9999999428662701,0
0,0.9999619367715274,0
0,0.9999767631441592,0
0,0.9998905106154908,0
1,0.9999999999986924,1
0,0.9999605223593621,0
1,0.9999999852549835,1
1,0.9999999907021636,1
1,0.9999757662407107,1
0,0.9999997701226621,0
1,0.9999574617042037,1
0,0.9998250487213775,0
0,0.9996882665959309,0
0,0.9997443403522038,0
0,0.9999999847874808,0
1,0.9998250640737297,1
1,0.9999999998764595,1
0,0.9999881310805534,0
1,0.99999998998741,1
0,0.9999947701714069,0
1,0.9999999068824919,1
1,0.9999999887483692,1
1,0.9996460150548501,1
1,0.9999999532471224,1
0,0.9999751383830355,0
0,0.9997467890966181,0
1,0.9999999967697464,1
1,0.9999911084366687,1
0,0.9999981254941052,0
0,0.9999047052870602,0
0,0.9999999849301856,0
0,0.999998192178403,0
0,0.9999999745239303,0
1,0.9999999997351401,1
0,0.9997531577304327,0
1,0.9999999577369663,1
0,0.9999999429635669,0
1,0.9999999966064006,1
1,0.9999729752192928,1
1,0.9989084936476987,1
1,0.9999996381299466,1
1,0.9999999944130298,1
1,0.999994721306333,1
0,0.9999090691333382,0
0,0.9999964454910594,0
1,0.9995965239690847,1
1,0.999998697090192,1
0,0.999999999981713,0
1,0.9999751999310098,1
0,0.9999996421568562,0
0,0.9999973714332847,0
1,0.9999998660722622,1
1,0.9999846761351854,1
0,0.9997747385681134,0
1,0.9999981644943419,1
0,0.9999992315785446,0
0,0.9998090159390541,0
0,0.9999896607929563,0
1,0.9999521097930246,1
1,0.9997546486633291,1
0,0.9999084324105709,0
0,0.9999955379198946,0
0,0.9999998729214475,0
0,0.9999990919045797,0
0,0.999966311123974,0
0,0.9998750885337637,0
1,0.9999995647086407,1
0,0.9998794924421524,0
1,0.9999305048862688,1
1,0.999998576888111,1
1,0.9996510003738955,1
0,0.9999980630841265,0
1,0.9999974913136943,1
0,0.9999672132750683,0
1,0.9999968702312461,1
1,0.9998627398764723,1
1,0.9999999240059338,1
0,0.999996802639451,0
1,0.9999102037096739,1
0,0.999947164111448,0
1,0.9996701550670145,1
0,0.9998963960276797,0
1,0.9999999994225246,1
1,0.9999973503564097,1
1,0.9998535003462085,1
1,0.9999999952782914,1
0,0.9999657835676302,0
1,0.9999999696373443,1
1,0.9999379287750922,1
0,0.9999817011004336,0
0,0.9998447857898881,0
1,0.9999326823858513,1
0,0.9982761577205764,0
1,0.9999999421294237,1
1,0.9999999935127415,1
1,0.9999995048457984,1
1,0.99968319929123,1
0,0.9999933954095895,0
1,0.9999999005255163,1
1,0.9997067019214781,1
1,0.9999743448175931,1
1,0.9999847404595171,1
0,0.9999999580654457,0
1,0.9999997650271942,1
1,0.9999804476678064,1
0,0.9999994919942805,0
1,0.9999999948602643,1
0,0.9996543149802104,0
1,0.9999794204440421,1
1,0.9999996642809533,1
0,0.9999999638176257,0
0,0.9999951894745129,0
1,0.9999992313442623,1
1,0.999999993979982,1
0,0.9999981993240911,0
0,0.9997118715724413,0
0,0.9998683221721931,0
0,0.9999267598604762,0
1,0.9999948596904977,1
1,0.9999600667992762,1
1,0.9999999976328824,1
0,0.9999999010961376,0
1,0.9995565769845087,1
0,0.9999999999998458,0
1,0.9999244361314801,1
0,0.9998861458808558,0
1,0.9999899640657153,1
1,0.9999999999507059,1
1,0.9999901274169903,1
1,0.9998936766715383,1
1,0.9999787668822084,1
1,0.9999997969853521,1
0,0.9999997723104772,0
0,0.99999938832169,0
0,0.9999951299800947,0
1,0.9999738853998933,1
1,0.9999997221726239,1
1,0.999547503852011,1
0,0.9998077908345228,0
0,0.9996940674757611,0
0,0.9999602117309854,0
0,0.9996876651871733,0
1,0.9999998869321226,1
1,0.9999999740515739,1
1,0.999996621608378,1
0,0.9999999992841913,0
1,0.9999923610478876,1
0,0.9999621848193853,0
1,0.9999998819089897,1
1,0.9999999889647951,1
0,0.9999999413258758,0
0,0.9999486228059213,0
1,0.9999939504822818,1
0,0.9999024295459921,0
0,0.9999993241933878,0
1,0.9999210970545724,1
1,0.9999999999943567,1
1,0.999999902298053,1
0,0.9999817651547658,0
0,0.9999981542074906,0
1,0.9999999873007074,1
1,0.9999625859292305,1
1,0.9999785563363883,1
0,0.9999906206857899,0
1,0.9999999861266915,1
1,0.9999962786163303,1
0,0.9999309722499439,0
0,0.9999946186232722,0
1,0.9995614861190433,1
0,0.9999999999883299,0
1,0.9999999239468504,1
0,0.9999994128799701,0
1,0.9999999434920784,1
0,0.9999935876742028,0
1,0.9999995885693519,1
1,0.9999177350830682,1
1,0.9999904190220074,1
0,0.9999567113563755,0
0,0.9999994673936915,0
1,0.9999999975252938,1
1,0.9992768654401393,1
1,0.9999911797148194,1
0,0.9999999995249677,0
1,0.9999999995540159,1
0,0.9999707713252523,0
1,0.999799900756793,1
1,0.9999994935246309,1
1,0.9999943159448071,1
0,0.9999990893198947,0
1,0.9999999139932384,1
1,0.9999999994219508,1
0,0.9999997491689376,0
1,0.9999984913401053,1
0,0.9999970776206063,0
1,0.9999942676867154,1
1,0.9999999879266771,1
0,0.9999970719590257,0
1,0.999999520409709,1
1,0.9999913089670609,1
0,0.9999999998713408,0
1,0.9998177300817204,1
0,0.9999999967280562,0
1,0.9999970142223891,1
0,0.999907884265761,0
0,0.9997120371429223,0
0,0.9999572415485776,0
1,0.9999976737495802,1
1,0.9999935538132153,1
1,0.9999695963463565,1
0,0.999994787386669,0
1,0.999997250601152,1
0,0.9997333374388824,0
0,0.9999996778383203,0
0,0.9999999868954678,0
1,0.9999999999936,1
1,0.9998267094383444,1
0,0.9999999309001456,0
1,0.9995181757609772,1
1,0.9999999959794654,1
1,0.999993760260701,1
0,0.9999999783464136,0
1,0.9999940720274493,1
0,0.9999851370975421,0
0,0.9997344762813491,0
1,0.9999999900312245,1
0,0.9999336236299196,0
0,0.9998547739014473,0
0,0.9999998667520513,0
0,0.9999825624772116,0
1,0.9999998393078341,1
0,0.9999655931058935,0
0,0.9999999853378035,0
1,0.9999996594135648,1
1,0.9999671630303416,1
0,0.9999803158092655,0
0,0.9999611173247711,0
0,0.9998238631077693,0
0,0.9999996156267094,0
1,0.9999999971865696,1
0,0.9999970381771388,0
0,0.9999999960970345,0
0,0.9999994993299991,0
1,0.99961209798677,1
0,0.9999926893368533,0
0,0.9999619329703326,0
0,0.9999680480459442,0
0,0.9999745645728082,0
0,0.9999999769563254,0
1,0.999983025130927,1
1,0.9999983095478601,1
1,0.9999988622304645,1
1,0.9999997980438601,1
0,0.999995556546017,0
1,0.9999998810602665,1
1,0.9999995203651626,1
1,0.9995619960778898,1
1,0.999999999990842,1
0,0.9999979935309986,0
0,0.9999972125878996,0
0,0.9999630150952316,0
1,0.9999870368433674,1
0,0.9999999994545233,0
0,0.9999989792680701,0
0,0.9999999893601915,0
1,0.9998075525080802,1
1,0.9999253433809802,1
1,0.9999915631198013,1
1,0.9999999999955356,1
0,0.999780831873575,0
0,0.9999990123939835,0
1,0.9999996104203327,1
0,0.9999999985130692,0
0,0.9999999446352824,0
1,0.9999994946612625,1
1,0.9999747067892246,1
1,0.9999420891995824,1
1,0.9999930142373279,1
0,0.9999324837158692,0
0,0.9997527220666754,0
0,0.9999756498562705,0
1,0.9999910701988964,1
0,0.9999973082468323,0
1,0.9999708558617192,1
0,0.9998680306819676,0
0,0.9999970419686492,0
1,0.9998604432359754,1
1,0.9999673389904163,1
0,0.9999782523630952,0
0,0.9999990317971469,0
1,0.9998906194533347,1
1,0.9998564038218969,1
1,0.9999031471439317,1
0,0.9998770219450143,0
1,0.9999999999222873,1
0,0.9999951131691471,0
1,0.9999976506950293,1
1,0.9999850054044022,1
1,0.9998539222016667,1
1,0.9999999983028516,1
0,0.9999995718930756,0
0,0.9999997707209314,0
0,0.9999998176162855,0
0,0.9999981811986518,0
0,0.9996529058246957,0
1,0.9999907467910556,1
1,0.9999612363201058,1
1,0.9999999749879558,1
0,0.999879812123845,0
0,0.9999952521965133,0
1,0.9999823115985744,1
0,0.9999998515886671,0
0,0.9999924193284135,0
1,0.9997935165875337,1
1,0.9999908544294718,1
0,0.9999994786955863,0
1,0.9999999993947435,1
1,0.9999929605781571,1
0,0.9999959866706468,0
1,0.9999999712797726,1
1,0.9998777493431145,1
0,0.999985096904764,0
0,0.9999977919618984,0
0,0.9999974102269414,0
0,0.9999984927894476,0
1,0.9999999983468932,1
0,0.9999866390808536,0
1,0.9999999304639069,1
0,0.9998284256177038,0
1,0.9999999976761029,1
1,0.9999982417317423,1
1,0.999999996247195,1
0,0.9999999691011803,0
0,0.999999909509225,0
1,0.9999950102007041,1
1,0.9999995087202094,1
1,0.9999995221268297,1
1,0.999939812636162,1
0,0.9999995664470374,0
0,0.9995794315646832,0
1,0.9999999998357338,1
0,0.9999405470770468,0
0,0.9999999993107417,0
0,0.9998616451870619,0
1,0.9999407845434526,1
1,0.9987876201641214,1
0,0.9999928666387857,0
0,0.9999947868331176,0
0,0.9999344884039568,0
1,0.9999999555750811,1
0,0.9999999271946407,0
1,0.9999999989779436,1
0,0.9997814364079527,0
1,0.9999232637429797,1
0,0.9999983837596376,0
1,0.9999999993593305,1
1,0.9999981506555443,1
0,0.9997896637900333,0
0,0.9998665104731158,0
1,0.9999210841262711,1
0,0.9999303317162502,0
0,0.99999484909967,0
0,0.999949161775371,0
1,0.999997346751363,1
1,0.9999758393249744,1
1,0.9997644484426658,1
0,0.9999999667946876,0
0,0.9998090189954872,0
1,0.9998737277014413,1
0,0.9999964617212743,0
1,0.9999999906937044,1
0,0.9999918497170794,0
1,0.9999999999984395,1
0,0.9998745128452516,0
0,0.9999982227736105,0
1,0.9999999999918854,1
1,0.9998693926834857,1
0,0.999870570112184,0
1,0.9999990476323717,1
1,0.9999999993531026,1
0,0.9996389391538558,0
1,0.9999999999975027,1
1,0.9999999985549106,1
1,0.9999872084197352,1
0,0.999961594004319,0
1,0.9999121725566154,1
1,0.9999999488755678,1
1,0.9999507243849253,1
0,0.9999344625151676,0
1,0.9999691987651849,1
1,0.9999488049254299,1
1,0.9999759224378459,1
0,0.9998807453368046,0
1,0.9998588147779727,1
0,0.9999990347907696,0
0,0.9998318705657102,0
0,0.9999903833457165,0
0,0.9999999715225758,0
1,0.9999996935957176,1
0,0.999999895446131,0
1,0.9999997927694836,1
1,0.999999991909824,1
0,0.9999999875537414,0
0,0.9998824342915067,0
1,0.9999990667970542,1
1,0.9999881146430148,1
1,0.999999484116349,1
1,0.9999995558976675,1
1,0.9999747127483906,1
0,0.9990328997462186,0
0,0.9999999901564636,0
1,0.9999791615717638,1
0,0.9999495518531514,0
0,0.9999995517669233,0
0,0.9999918612505887,0
0,0.9999991321524017,0
0,0.999997894542513,0
1,0.9999985724831212,1
1,0.9999467037616951,1
0,0.9999999972379937,0
1,0.9999475783311345,1
1,0.9999277615125504,1
1,0.9999560115651444,1
1,0.9999968403665012,1
0,0.9999237867427878,0
1,0.999978653485854,1
1,0.999983407420852,1
1,0.9999364465054319,1
0,0.9994687340881777,0
1,0.9996969208700761,1
1,0.9999999999474045,1
0,0.9999928312468607,0
0,0.9999999961914604,0
0,0.9996242179166943,0
0,0.9998410956050435,0
1,0.9999999997158138,1
1,0.9999291863073398,1
1,0.9995693978711472,1
1,0.9999997168478241,1
1,0.9999786831585475,1
0,0.9999999821899889,0
1,0.999986858243963,1
1,0.9999236801868397,1
1,0.9999999999996381,1
0,0.999999949737556,0
0,0.999999988266656,0
1,0.9999388520324727,1
0,0.9999995309258917,0
0,0.9998700312295049,0
0,0.9999506400191187,0
0,0.999998276381331,0
1,0.9999971101037954,1
0,0.9999999984161347,0
0,0.9999503510483809,0
0,0.9998097353665016,0
0,0.9998661883568827,0
0,0.9999999858171613,0
0,0.9999992730814468,0
0,0.9999793686290536,0
0,0.9999996492178058,0
1,0.999999896426223,1
0,0.9997725827735169,0
0,0.9999453944741452,0
0,0.9998881887273489,0
1,0.9999934167867203,1
0,0.9999986767403513,0
0,0.9999975813906677,0
0,0.99999998168681,0
0,0.9999914220584699,0
0,0.9999999956567273,0
0,0.9999883140492097,0
0,0.9999437132748106,0
1,0.9999999980495369,1
1,0.999785132101857,1
1,0.9999169066524959,1
0,0.9999602964552704,0
0,0.9999930400727738,0
1,0.9996484251441109,1
0,0.9999976534816959,0
1,0.9999960588430429,1
0,0.9999986947754776,0
0,0.9997425626813349,0
1,0.9998664338584485,1
0,0.999999927181854,0
0,0.9996610986341592,0
1,0.9999997447671262,1
1,0.9999312771883144,1
1,0.9999988760079818,1
0,0.9999992267191593,0
1,0.9998163389601569,1
1,0.9999998547329114,1
0,0.9999475293437012,0
0,0.999837042793916,0
1,0.9999522064359184,1
1,0.9999622040688503,1
1,0.9998144470052721,1
0,0.9999982954358316,0
0,0.9999995661140356,0
0,0.9999994165752067,0
1,0.9999985987187916,1
0,0.999977217111074,0
1,0.9999991165034922,1
0,0.9998431129390034,0
1,0.9999999450277587,1
0,0.9999986363847824,0
1,0.9999878772358207,1
0,0.999999999805203,0
0,0.9999999825833177,0
1,0.9999841366489374,1
0,0.9999999160059951,0
1,0.9999999994189521,1
1,0.9999983480784563,1
1,0.9999999954659751,1
1,0.9999929351975473,1
0,0.9999468671260561,0
0,0.9999434147486991,0
0,0.9999999975930759,0
0,0.9999782620906227,0
1,0.9997250763291794,1
0,0.9999997086321711,0
0,0.9999999413446323,0
1,0.9999999997824838,1
0,0.9996672991927466,0
1,0.9999999999859119,1
0,0.9996937648467149,0
0,0.9999930559830985,0
0,0.9997714217024014,0
0,0.9999967460087871,0
0,0.9999988476050569,0
1,0.9999999995981188,1
1,0.9999699613876001,1
1,0.9999650006495171,1
1,0.9998905287862637,1
1,0.9998577836307017,1
0,0.9999999434373387,0
0,0.999999866229358,0
0,0.999978161346974,0
1,0.9999988275091091,1
1,0.9999922199481474,1
0,0.9999128210548643,0
1,0.9997430291887773,1
1,0.9999997551381312,1
0,0.9999995069906292,0
0,0.9999999264958784,0
0,0.9999999327282915,0
0,0.999763848018513,0
0,0.9998619395125617,0
0,0.9999966792030018,0
1,0.99962788180532,1
1,0.9999999999418405,1
1,0.9999879853221868,1
0,0.9999987242227409,0
1,0.999925848888837,1
0,0.999885761593249,0
1,0.9998934285400375,1
0,0.9993388047218663,0
0,0.9999999985367739,0
0,0.9999528635916438,0
0,0.9999992771229976,0
1,0.9999770152569338,1
0,0.9999994425967645,0
0,0.999996066595788,0
1,0.9999999753028913,1
1,0.9999998099265087,1
1,0.9999998045829368,1
0,0.9995959990378412,0
1,0.9999997756939901,1
0,0.9999962310856964,0
1,0.9999292502883262,1
0,0.999694955106784,0
0,0.9999999304375953,0
0,0.9999987586404556,0
1,0.9999999949074903,1
1,0.9999999920077599,1
1,0.999774643074574,1
0,0.9999106991427846,0
1,0.9999999999930029,1
1,0.9999922009937766,1
0,0.9999999447595597,0
1,0.9999996860171787,1
1,0.9999989610460066,1
0,0.9999984925743547,0
1,0.9999999999930305,1
0,0.9999994019995917,0
1,0.9999996970944727,1
1,0.9999999903141233,1
0,0.999999933620962,0
0,0.9999824374529112,0
1,0.9999999946368554,1
0,0.9999999996749241,0
0,0.9999438792341973,0
1,0.9999053292945749,1
1,0.9999339596650473,1
0,0.9999996531732933,0
0,0.9999649092889741,0
0,0.999909760008639,0
0,0.999997593964956,0
0,0.9999925743790654,0
0,0.9999116070459301,0
1,0.9999876535103555,1
0,0.9999998617542344,0
1,0.9999890909211517,1
1,0.9996318688397969,1
0,0.9999882237577052,0
0,0.999240921219279,0
0,0.9999994907072532,0
0,0.9999677199383079,0
0,0.9999651735641886,0
0,0.9999908966728552,0
1,0.9999199922678279,1
0,0.9999998283980567,0
1,0.9999999959888723,1
0,0.9999999705970647,0
1,0.9999776471724151,1
1,0.9999596342225096,1
0,0.9998083088316825,0
0,0.9999999339012621,0
1,0.9999999999705735,1
1,0.9999979964921984,1
1,0.9999989206708814,1
1,0.9999894183347453,1
0,0.9998082232572126,0
0,0.9999999896704974,0
0,0.999999999046778,0
0,0.9999996651691742,0
0,0.9999737678391625,0
0,0.9999999993803304,0
1,0.9997375141072341,1
0,0.9999748867143016,0
1,0.9999479359120641,1
1,0.9998818294753945,1
1,0.9999986881486526,1
0,0.9999978448748179,0
1,0.9998130396614301,1
0,0.9999201099163068,0
0,0.9999976892057018,0
1,0.9997915335375078,1
0,0.999870585848303,0
1,0.9999204160444215,1
0,0.999998504839401,0
0,0.9999999896397797,0
1,0.9999999785536844,1
0,0.9999999695792676,0
1,0.9999999432144747,1
1,0.9999851584614153,1
0,0.9999898402511288,0
1,0.9999983206122008,1
1,0.9999231356895953,1
0,0.9999999986187252,0
0,0.999755493629694,0
0,0.9999121897801994,0
1,0.9999999321621916,1
1,0.9999999558394861,1
1,0.9997128948806219,1
1,0.9999916369587049,1
1,0.9999863134589297,1
0,0.9999722562586809,0
0,0.999609740398692,0
0,0.9999373574369532,0
1,0.9999820398169226,1
1,0.9999932356291016,1
1,0.9999999956595367,1
1,0.9999886212686536,1
0,0.9999997470027432,0
0,0.9999986460362477,0
1,0.9999386012258604,1
1,0.9999984809166486,1
1,0.9999999923973778,1
0,0.9997734909109796,0
0,0.9999583420170869,0
1,0.9998215520137709,1
1,0.9999999963578536,1
0,0.9999120581408422,0
1,0.9998252013467106,1
0,0.9999997227496271,0
1,0.9999999983680108,1
0,0.9999360061597612,0
1,0.9997888378315901,1
1,0.9999999999844105,1
1,0.9999999883072294,1
0,0.9999999996599663,0
0,0.9998571074942346,0
1,0.9999999996690774,1
0,0.9999490389172107,0
1,0.9999987836860383,1
0,0.9999999968164746,0
1,0.9999994975070468,1
1,0.999937706201361,1
1,0.9999996855181069,1
0,0.9999987802501,0
0,0.9999946859088359,0
0,0.9999817305510738,0
1,0.9999593168166817,1
0,0.999983036575149,0
0,0.9999998528264744,0
1,0.9999999999478326,1
0,0.9999989993566056,0
0,0.9999896295632844,0
0,0.9998473678115091,0
1,0.9999996389592936,1
0,0.9999619956629959,0
1,0.999999999314998,1
0,0.999999991225393,0
0,0.9999992509751212,0
1,0.999999998456599,1
1,0.9999951215092894,1
0,0.9999755900737779,0
0,0.9999955750104597,0
1,0.9999986188955795,1
1,0.9999999964391912,1
0,0.9999982735562473,0
0,0.9999483143506134,0
1,0.9999969573058295,1
1,0.9999990402241185,1
1,0.9999477035171443,1
0,0.9999718889670364,0
1,0.999999994053907,1
0,0.9995635781525437,0
1,0.9999992891855868,1
0,0.9999988155781212,0
0,0.9999964616357787,0
1,0.9999936861233981,1
1,0.9996324512926751,1
1,0.9999999069358241,1
0,0.9999999391521627,0
0,0.9999998208971604,0
1,0.9999952761633023,1
1,0.9999984055012068,1
0,0.9999232124316245,0
1,0.9999997584251805,1
1,0.9999999996256013,1
1,0.9999581293923993,1
1,0.9999849693713382,1
0,0.9999947268572088,0
0,0.9999443634854492,0
1,0.9997212735536896,1
0,0.9999855355483103,0
0,0.9999917196821435,0
1,0.9999999884473328,1
0,0.99999797766753,0
0,0.9999767436148916,0
0,0.9999971901253794,0
0,0.9999999980822244,0
1,0.9996057847518895,1
0,0.9999998818249596,0
0,0.9999998165460741,0
0,0.9999338430212537,0
1,0.9999999917665455,1
1,0.999994333594489,1
0,0.9998208008814302,0
0,0.9999999720035898,0
0,0.9999365083917865,0
1,0.9994032317458208,1
0,0.9996195038935083,0
1,0.9999987235656426,1
0,0.999998325147884,0
0,0.9999999980718804,0
1,0.999999251661176,1
0,0.9999998369045848,0
1,0.9999997680696487,1
0,0.9999832073853354,0
1,0.9991481275090555,1
0,0.9999983023801245,0
0,0.9999990405701193,0
0,0.9999996486019024,0
0,0.9999989707865289,0
1,0.9999997622031399,1
0,0.9999999989642795,0
0,0.9999965889066327,0
0,0.9999722407524583,0
1,0.9999920441415476,1
1,0.9998919213266366,1
0,0.9999992239464334,0
1,0.9997581559242986,1
0,0.9999999014294931,0
1,0.999999994028864,1
0,0.9999990104247793,0
0,0.9999895243374458,0
1,0.9997560608462651,1
1,0.9993228266571136,1
1,0.9999999996570912,1
0,0.9998413205924637,0
0,0.9999884429862236,0
0,0.9999930300643645,0
1,0.9996578142873351,1
1,0.9999759929375179,1
0,0.9999782197882888,0
1,0.9999996250377869,1
0,0.999999615342317,0
1,0.99999840405227,1
1,0.9999822699210156,1
0,0.999996340545744,0
1,0.9999967928295466,1
0,0.9999987959286181,0
0,0.9999648687237469,0
0,0.9999999098827759,0
0,0.9996891615402507,0
1,0.9999999980958529,1
0,0.999999793166617,0
0,0.9998910860982748,0
1,0.9999992754876619,1
1,0.9999986314974462,1
1,0.9999663126776055,1
0,0.9999931559617072,0
0,0.9997969065445049,0
1,0.9998964948687207,1
0,0.999254842696772,0
1,0.9999996282268621,1
0,0.9999999874696299,0
0,0.9999533088967354,0
1,0.9999980749652942,1
0,0.9999999995335079,0
0,0.9999999666755349,0
0,0.9999991194184457,0
0,0.9999971110206799,0
0,0.9999999945460044,0
0,0.9999996809417717,0
0,0.9999999292900537,0
1,0.9999998716930081,1
1,0.9999999996142728,1
0,0.9999643507992626,0
0,0.9999997775636378,0
1,0.9999998735260589,1
0,0.9999989955780585,0
1,0.9999999999756795,1
0,0.999999939532275,0
0,0.9996173112398418,0
1,0.9999919214275209,1
0,0.9999993726524593,0
1,0.9999974539434389,1
1,0.9999954936110392,1
1,0.9997829986071528,1
1,0.9999999998605829,1
0,0.9999782485858497,0
1,0.9999999997864009,1
1,0.9999491674335346,1
0,0.9999999998926719,0
0,0.9999999738070365,0
1,0.9999998144951692,1
1,0.9999649829865845,1
1,0.9998245781972009,1
0,0.9999868205037505,0
1,0.9999825316033591,1
1,0.9999999999956364,1
0,0.9999998262845862,0
1,0.999990578606611,1
0,0.9999643065216964,0
1,0.9998965647648427,1
0,0.9999989038909608,0
0,0.9999999940840382,0
1,0.9999999989563091,1
1,0.9998961225663601,1
0,0.9999999744733638,0
1,0.9999997261688834,1
1,0.999815142267739,1
1,0.9999582666933716,1
0,0.9999228962184238,0
1,0.9999988729283229,1
1,0.9999951787346313,1
1,0.9999996648671521,1
1,0.9999999984792254,1
0,0.9999976853274569,0
1,0.9998859161427075,1
0,0.9999752827107853,0
1,0.9999936140659694,1
0,0.9997728661613501,0
1,0.9999959496851978,1
0,0.9999999941042631,0
1,0.9999653955718335,1
0,0.9999918847746584,0
1,0.999999650616591,1
0,0.9995388687580176,0
0,0.9999999315630564,0
1,0.9999999979408916,1
0,0.9999997345150544,0
1,0.9999999988128772,1
1,0.9999999991990693,1
0,0.9999003518675655,0
0,0.999934990062969,0
0,0.9999999978538526,0
0,0.9999607806727265,0
1,0.9999997705682819,1
0,0.9999999039852284,0
0,0.9999998005458438,0
0,0.999999969756723,0
0,0.9999965373613512,0
0,0.9999029055485797,0
1,0.9999837429130308,1
1,0.9999999793716396,1
0,0.999884627793623,0
1,0.9999994230645528,1
0,0.9999343984758653,0
0,0.9999999202728991,0
1,0.9999365467643393,1
0,0.9999702453022291,0
1,0.9999961321482659,1
0,0.9999995666723207,0
1,0.9999999999650109,1
0,0.9999331789609522,0
0,0.9999999998883038,0
1,0.9999984301757631,1
0,0.9999989719781655,0
1,0.9998984571580521,1
1,0.9998969435488846,1
0,0.999983309174875,0
0,0.9999755917777178,0
1,0.9999787255547966,1
1,0.999629177655168,1
0,0.9999980722261982,0
1,0.9999999886463521,1
0,0.9999999992964478,0
1,0.9998559136820069,1
1,0.9999999538062062,1
0,0.9996834666893156,0
0,0.9999988480187378,0
1,0.9999999805178933,1
0,0.9999985269694813,0
1,0.9999912075446444,1
0,0.999952984910258,0
0,0.9999993403106285,0
0,0.999999819726216,0
0,0.9999327459711361,0
1,0.9999999704901836,1
0,0.9999998426975806,0
0,0.9999976979635844,0
0,0.9999849948419511,0
0,0.9999508935328166,0
1,0.9999992806467569,1
1,0.9998513661192098,1
1,0.9999999612787422,1
1,0.9999898543419998,1
0,0.9999862468974796,0
1,0.9999649419357631,1
1,0.999974849679287,1
0,0.9999999942919412,0
1,0.9999997184571536,1
1,0.9996864050291063,1
0,0.999999206689586,0
0,0.9999960378935453,0
0,0.9999960841642596,0
0,0.9995450012319922,0
0,0.999993525406924,0
0,0.999931861397712,0
0,0.9999933709773697,0
0,0.999999775394245,0
1,0.9999496279820022,1
1,0.9999876412084869,1
1,0.999999130124873,1
0,0.9999996333756881,0
0,0.9999987550410726,0
0,0.9999995996710882,0
1,0.9999868783894925,1
1,0.9999377336824423,1
0,0.9999999285365846,0
0,0.9999999917887925,0
1,0.9999974331157955,1
1,0.9999999734295737,1
0,0.9999813914273317,0
0,0.9999999994153856,0
0,0.9999999991639977,0
1,0.9998007524280969,1
1,0.9997788253757748,1
0,0.9999999680594879,0
0,0.9999946344655646,0
0,0.9999992744019471,0
1,0.9999999904770006,1
0,0.9998947067329004,0
0,0.9998968441617153,0
0,0.9999997619922556,0
0,0.9999753990196631,0
1,0.9995552651191791,1
0,0.9999993505954952,0
0,0.999999049997324,0
1,0.9998918465479887,1
1,0.9999999961309571,1
0,0.9999467047142105,0
1,0.9999494048461397,1
1,0.9997700132689393,1
1,0.9999997827740864,1
1,0.9999332009432599,1
1,0.9999999770349287,1
0,0.9999999148683173,0
1,0.999998771250369,1
1,0.9999999653389743,1
1,0.999895813258797,1
1,0.999751126058931,1
1,0.9999870647318042,1
0,0.9999973567024651,0
0,0.999786058725967,0
1,0.9998940633158157,1
1,0.9999999999819829,1
1,0.9999273189516131,1
0,0.9999997008152937,0
0,0.9999904247929816,0
1,0.999999996342275,1
1,0.9999999895517387,1
1,0.9998287811811138,1
1,0.9999999997440017,1
1,0.9999969541796212,1
0,0.9995139866331446,0
1,0.9999994095485698,1
0,0.9999925347735011,0
0,0.9999959929973726,0
1,0.9999696814251876,1
0,0.999490022614766,0
1,0.9996724544986223,1
0,0.9998492012632594,0
0,0.9999998037262617,0
0,0.9998772407684794,0
1,0.999999986375129,1
0,0.9999989405921446,0
0,0.9999990954025489,0
0,0.999894890137293,0
1,0.9998103394876274,1
0,0.9999865552262014,0
0,0.9999931524585719,0
0,0.9998878903887244,0
0,0.9999776443114065,0
1,0.9999978568182908,1
0,0.9999999855050308,0
0,0.9999387984082121,0
1,0.9999999999894893,1
0,0.999998019353947,0
0,0.9999996811865635,0
1,0.9999892718813648,1
0,0.9999715668180447,0
1,0.9999942667397886,1
0,0.999932331697051,0
0,0.9999381158806983,0
0,0.9999034141010178,0
0,0.9997656404920546,0
0,0.9999962900147163,0
0,0.9999991444469529,0
0,0.9999999946499086,0
0,0.9999979462345797,0
1,0.999792136743057,1
1,0.9999999993434614,1
0,0.9999991838273956,0
1,0.9999697117825901,1
0,0.9999946214227062,0
1,0.9999846719511467,1
1,0.9999680252721324,1
1,0.9999994750925827,1
0,0.9999902778319582,0
0,0.9995875599041808,0
1,0.9999995440204651,1
1,0.9994617857038205,1
1,0.9999999949926326,1
1,0.9999992374574177,1
0,0.9999989042801691,0
0,0.9999722677726168,0
1,0.9999590091048809,1
0,0.999984160843905,0
0,0.9998233533569946,0
1,0.9999941198900129,1
0,0.9997521467321985,0
1,0.9999985153484634,1
1,0.9999972762741713,1
0,0.9998258067910039,0
1,0.9997885665137445,1
1,0.9994888978443812,1
1,0.9999999243049011,1
0,0.9999386101521666,0
0,0.9999993072235248,0
1,0.9999890272944943,1
1,0.9999995716977035,1
0,0.9999999405295176,0
1,0.9999999987725494,1
0,0.9999999987704465,0
0,0.9999945377091172,0
0,0.9999912184246085,0
1,0.9997143853524845,1
0,0.9998800197285039,0
1,0.9999999402883994,1
0,0.9999994589269102,0
0,0.9998355040200866,0
0,0.9999999799865099,0
1,0.9999999970491997,1
0,0.9999985916154657,0
0,0.9999617338772221,0
1,0.9999994898310627,1
1,0.9999098324228356,1
0,0.9998154457974957,0
1,0.9999999978086715,1
0,0.9999999957202063,0
1,0.9999940455505612,1
1,0.9999999999961338,1
0,0.9999960211041315,0
0,0.9999581466967329,0
0,0.9999999930333477,0
1,0.999999208151354,1
0,0.9998849441168601,0
1,0.9999901812342125,1
1,0.9999979795061055,1
0,0.9999410737504753,0
1,0.9999999975760949,1
0,0.9999982396117687,0
0,0.9999744965112672,0
1,0.9999957169838946,1
0,0.9998808338200594,0
0,0.9999998487057047,0
0,0.9999999924244944,0
0,0.9999999220928192,0
0,0.9997140075036589,0
0,0.9999955381478627,0
0,0.9999825760173137,0
1,0.9999999999999714,1
0,0.9999996054062934,0
0,0.9999930998710866,0
0,0.9999978179128597,0
0,0.9999999818134869,0
0,0.9999052483464722,0
1,0.9999999970994664,1
1,0.9999340117929743,1
0,0.9999996970492938,0
1,0.9999802851876336,1
1,0.9999020218257754,1
1,0.9999999822101245,1
1,0.9999985758870871,1
1,0.9999996776947286,1
0,0.9999937597714893,0
1,0.9999999866583495,1
0,0.9999881602695898,0
1,0.9999999930024681,1
0,0.9999999652081314,0
0,0.9999994482918346,0
1,0.9997539670974928,1
1,0.9999999998775686,1
1,0.999999848482715,1
0,0.9999558044113104,0
1,0.9999985984676815,1
1,0.9999999646011889,1
1,0.999999876081743,1
0,0.9998799443243112,0
1,0.999995722048564,1
1,0.9999625864499148,1
0,0.9999223847334325,0
0,0.9999836380275534,0
1,0.9999999993372368,1
0,0.9999999359199415,0
0,0.999999706603185,0
0,0.9999905178716826,0
0,0.9999645757137505,0
1,0.9997546566267916,1
0,0.999652487793163,0
0,0.9999320493067889,0
1,0.9999819332911971,1
0,0.9999997694173545,0
0,0.9999330586275897,0
0,0.9999951948713063,0
0,0.9999999629805623,0
1,0.9999999656759996,1
0,0.9999947769291209,0
1,0.9999980718736352,1
1,0.9999999931190271,1
1,0.999999964077743,1
0,0.9999938653509103,0
0,0.9999999983092698,0
1,0.9997475026140207,1
1,0.999999989275436,1
0,0.9999999510218698,0
1,0.9999620843461441,1
1,0.9998824534284049,1
0,0.9999983280347585,0
0,0.9998353607699617,0
0,0.9999828774240536,0
1,0.9998924926466786,1
0,0.9994712043336282,0
1,0.9998959855997157,1
0,0.9999561494848214,0
0,0.9999681261013906,0
1,0.9997460319754768,1
0,0.9999999518344447,0
0,0.9999954034841729,0
1,0.9999290123330634,1
0,0.9998097838945021,0
0,0.9999999024562138,0
0,0.9999999225339422,0
1,0.9999999636957244,1
0,0.9999048428294143,0
1,0.9999999999997993,1
0,0.9999998808612282,0
0,0.9999876639830381,0
0,0.9998994025063987,0
1,0.9999999855831081,1
1,0.9999986332114861,1
1,0.9999994079361522,1
0,0.9999325558268708,0
0,0.9998244291584757,0
1,0.9999992684001572,1
0,0.9999915782186056,0
0,0.9998357096784599,0
0,0.9999781982905523,0
0,0.9999554972391504,0
0,0.9999932548349548,0
0,0.9999816635951049,0
0,0.9998928670651315,0
1,0.9999958927325044,1
0,0.9999962282572789,0
1,0.9999999890377521,1
0,0.9999956375626331,0
0,0.9998587476446676,0
1,0.9999994202427532,1
1,0.999925913583103,1
0,0.9999997602668317,0
0,0.9993102701857375,0
1,0.9998000941107313,1
1,0.9994761879173536,1
0,0.9999457341088526,0
1,0.9999511634413926,1
1,0.9999999341647451,1
1,0.9999996996219763,1
1,0.9999230252437926,1
1,0.9999999999946352,1
1,0.999961864070479,1
0,0.9999025993230228,0
1,0.9999390812306788,1
0,0.9999987417801179,0
1,0.9999947532352507,1
0,0.9996912368737192,0
1,0.9999933907952817,1
1,0.9999918022498518,1
0,0.9999994532108419,0
0,0.9999999985926457,0
0,0.9999925662680975,0
0,0.9999930645698415,0
1,0.9999981061656286,1
0,0.9998719242516112,0
0,0.9999791919229214,0
0,0.9997870253318961,0
0,0.9996110056713242,0
1,0.9998957171086991,1
1,0.9999968914762265,1
1,0.9999160585357183,1
1,0.9999999761862147,1
1,0.9999633032158524,1
1,0.9999999579737462,1
0,0.9999537359019136,0
1,0.999999942805157,1
0,0.9999147825499038,0
1,0.9999999842415053,1
1,0.999999369552091,1
1,0.9995305864127123,1
0,0.9999953574614876,0
0,0.9997264990234861,0
0,0.9995634226978977,0
0,0.9999877038792834,0
0,0.9999997162152982,0
0,0.999972964236217,0
1,0.9999996949745396,1
0,0.9999999346294403,0
1,0.999972451923681,1
1,0.9996418668352877,1
0,0.9999645364229965,0
1,0.9999999996820261,1
0,0.9999999810320767,0
1,0.9999999920867025,1
0,0.9999988476775448,0
1,0.9999981830082142,1
1,0.9999999997546476,1
0,0.9999974292597642,0
1,0.999998195050235,1
1,0.9999995509779114,1
0,0.9999999949339593,0
0,0.999999661047043,0
0,0.9996707450858934,0
1,0.9999999238867401,1
1,0.9999999471393154,1
0,0.9999818451058089,0
1,0.9999999863621807,1
1,0.9999616431067877,1
0,0.9998392532303025,0
0,0.9990384562587084,0
0,0.999997192646612,0
0,0.999999958462833,0
0,0.9999970667733609,0
1,0.9999901327673733,1
0,0.999981382353365,0
1,0.9999999962981931,1
1,0.9999999999682239,1
0,0.9999999064432533,0
1,0.999969022563389,1
0,0.999999984759815,0
0,0.9999992883360574,0
0,0.9999941285108732,0
1,0.9999842183415745,1
1,0.9999981986858808,1
1,0.9999999994286151,1
1,0.999953420002182,1
1,0.9999846196764607,1
0,0.999983731195584,0
0,0.9999653883750013,0
0,0.9999986436671918,0
0,0.9999908375675143,0
0,0.9999998554986345,0
1,0.999968534430102,1
0,0.9998975461774448,0
0,0.9999484252881782,0
0,0.9998323103763945,0
1,0.9999846599161764,1
1,0.9996345817909154,1
1,0.9999999980925192,1
0,0.9999988423742157,0
0,0.9999997766439208,0
0,0.9999994192739629,0
1,1.0,1
0,0.9999998663756333,0
1,0.9999998668277827,1
1,0.9999468075687321,1
0,0.9999992728456785,0
1,0.9998960987620454,1
0,0.9999999909071787,0
1,0.9999965462342347,1
0,0.9999966919716657,0
0,0.9999998449501045,0
1,0.9999999832698422,1
0,0.9999999972380135,0
0,0.9999993302603418,0
1,0.9999999999999942,1
1,0.9998411283340612,1
1,0.9999997325547145,1
0,0.9999220142818827,0
1,0.9997119580588696,1
0,0.999741031200997,0
1,0.9999975681498576,1
1,0.999954273179534,1
0,0.9999999999767826,0
1,0.9999628115167104,1
0,0.99998596502226,0
0,0.9999989265115649,0
1,0.9999995951513787,1
1,0.999962533183607,1
0,0.999999837581785,0
0,0.99999637062332,0
1,0.999999699618371,1
1,0.9999990916060101,1
0,0.9999996814026166,0
1,0.9999313664824121,1
0,0.9999999669511404,0
1,0.9999970423798977,1
0,0.9998770649942664,0
1,0.9999999971098499,1
0,0.9999998758935058,0
0,0.9999999995346099,0
0,0.9999994750830496,0
1,0.9999961976585331,1
0,0.9999697525451167,0
1,0.999999947268741,1
0,0.9999995947472631,0
1,0.9999994324055701,1
1,0.9999985334423208,1
0,0.9999900791262165,0
1,0.9999968357991036,1
1,0.9999999744598294,1
1,0.9999829764305708,1
1,0.9999997783471027,1
0,0.9999999869224344,0
1,0.9999280241435007,1
0,0.9997987335359729,0
1,0.9999947639919883,1
0,0.9999747196980434,0
1,0.9998450788816324,1
1,0.9986628609173551,1
1,0.9999746766699575,1
0,0.9999753975424513,0
0,0.9999403118608002,0
0,0.9999999862201054,0
0,0.9999579483661926,0
0,0.999999959556912,0
0,0.9999993245128047,0
1,0.999949455844086,1
0,0.9999955269291242,0
0,0.999811264931547,0
0,0.9999997916329456,0
0,0.9999997582598943,0
1,0.9994959589275607,1
0,0.9999988859584964,0
0,0.9999396323129778,0
1,0.9996413105424548,1
0,0.9999755805620846,0
0,0.9999999884571595,0
1,0.9999999952091592,1
0,0.999998397408878,0
0,0.999992316713945,0
1,0.9999996987434073,1
1,0.9998228409747332,1
1,0.9999996150004914,1
0,0.999998525418857,0
1,0.9999627444814488,1
0,0.9999987139305659,0
1,0.9999995891450437,1
0,0.999920829302265,0
0,0.9999951531253451,0
1,0.9999999995531836,1
0,0.9996297095563496,0
0,0.9996759872028276,0
0,0.9999999821058584,0
0,0.9999999967316425,0
1,0.9996157847535334,1
0,0.9996461199947089,0
1,0.9998973581607309,1
0,0.999933595427955,0
1,0.9999996590313346,1
0,0.9999968499641395,0
1,0.9999995488528491,1
0,0.999999986949379,0
1,0.9999871388899041,1
0,0.9999996128010521,0
0,0.9999977471192932,0
1,0.9999998353262247,1
0,0.9999999985355555,0
0,0.999999866036198,0
1,0.9999875956250326,1
0,0.9999938011992011,0
1,0.999999994368697,1
1,0.999999347610534,1
1,0.9998951719486862,1
0,0.9999999961496235,0
0,0.9999999066520979,0
1,0.9998631951069257,1
1,0.9999074860797227,1
1,0.9999995536167011,1
1,0.9999985783244326,1
1,0.9999837682575485,1
0,0.9997801087518168,0
1,0.9998074292923488,1
1,0.9999978891679598,1
1,0.999996601917289,1
0,0.9999997208639076,0
0,0.9999942507838443,0
1,0.9999999560712497,1
0,0.9999978877976532,0
1,0.999994540417244,1
1,0.9998827440606254,1
1,0.9999281350218676,1
0,0.9999936111379264,0
0,0.9999999948057021,0
0,0.9999982713120739,0
0,0.9999955439117056,0
1,0.9999999995777737,1
0,0.9998759619473137,0
0,0.9999992976523798,0
1,0.99999989590532,1
0,0.9999481320664919,0
0,0.999989489011624,0
0,0.9999971096355403,0
0,0.9999999982766477,0
0,0.9999999974954212,0
1,0.9998024118350158,1
1,0.9998910123651958,1
0,0.9999850305770351,0
1,0.9997501710264165,1
0,0.9999980822221708,0
0,0.9999985772310043,0
0,0.9996523517092231,0
1,0.9998768504096094,1
0,0.999529969854969,0
0,0.9999996330659159,0
1,0.9999292805018438,1
0,0.9999989276219996,0
1,0.9999999896018675,1
1,0.9999136516219643,1
0,0.9999994256143413,0
1,0.9999588457871416,1
1,0.999997064701782,1
1,0.9998773461224363,1
1,0.9999996708876453,1
0,0.9999854730661709,0
1,0.9999989804421757,1
0,0.9999771273175216,0
1,0.9999955976246502,1
1,0.9999998300860886,1
1,0.999999989243109,1
1,0.999999572853972,1
1,0.9999999482157118,1
0,0.9999991194094462,0
0,0.9999398060256746,0
0,0.9999999373942972,0
0,0.9999966240356806,0
1,0.9999987675641545,1
0,0.9999975960637307,0
0,0.9999997504432381,0
1,0.9999999912784882,1
1,0.9999630695491197,1
0,0.9999416138345708,0
1,0.9999651889955776,1
0,0.9999953750492967,0
0,0.9998817740079134,0
0,0.9999848318587552,0
0,0.9999892609995064,0
0,0.9999979782837654,0
0,0.9999999899949966,0
0,0.9999984611510492,0
0,0.9999834172248047,0
1,0.9999958022077408,1
1,0.9999999935460404,1
0,0.9999303602140887,0
1,0.9999999978862459,1
1,0.9999974209666166,1
0,0.9999999824645461,0
0,0.9997528430495394,0
1,0.9999603363515576,1
0,0.9999998832295256,0
1,0.999999987933882,1
1,0.9996419346081237,1
1,0.9999999990773958,1
0,0.9999580029285299,0
1,0.9995549171231256,1
1,0.9999495589680947,1
0,0.9997469266789046,0
0,0.9999951135111095,0
0,0.999997262896589,0
0,0.999999595148056,0
1,0.9999996470456998,1
0,0.9999952666836252,0
0,0.9999999719569072,0
1,0.9999912471245783,1
0,0.9999998411938791,0
1,0.9999999997219149,1
0,0.999999863086187,0
1,0.9999958934074965,1
1,0.9999999409779846,1
1,0.9999990255136667,1
0,0.9999999944372524,0
1,0.9999999751083346,1
1,0.9999999363827827,1
1,0.9996294114753644,1
0,0.9999968286216632,0
0,0.9999658106832909,0
1,0.9999999999921987,1
1,0.9999999996009312,1
0,0.9999999995389115,0
0,0.9999999943607407,0
0,0.9995308495645038,0
1,0.9999999578164107,1
0,0.9999953501735185,0
0,0.9999784073392843,0
0,0.9999994599831918,0
0,0.9999999894693552,0
0,0.9999988380978332,0
1,0.9999995881543478,1
1,0.9999996227813055,1
1,0.9999990125111201,1
0,0.9999995934890945,0
1,0.999759889412556,1
0,0.999999978370589,0
0,0.9999025933670217,0
1,0.999999495004832,1
0,0.9999999965085586,0
1,0.9999999480529354,1
0,0.9999999792273339,0
0,0.9999811707749412,0
1,0.9999833588786652,1
0,0.999883398218217,0
0,0.9999999790716034,0
1,0.999996818696132,1
0,0.9999514514113603,0
1,0.999941107900302,1
0,0.9999822880196505,0
1,0.9999352046028749,1
1,0.9999752057286861,1
0,0.9999997785397328,0
0,0.9999940450843766,0
1,0.9999999845932404,1
1,0.9999875223768906,1
1,0.9999953805221818,1
0,0.9997643485883408,0
1,0.9999998977261075,1
0,0.9999962361511422,0
0,0.9999887235078305,0
1,0.9999919425036071,1
1,0.9999987439369252,1
1,0.9999995886228827,1
1,0.9999661488577507,1
1,0.999999999818252,1
1,0.9999999906022269,1
0,0.9999886349932027,0
1,0.9999999989646309,1
1,0.999980871925696,1
0,0.999999999937094,0
0,0.9999920382273484,0
1,0.9999972535835064,1
1,0.9999999250126493,1
1,0.999907335058109,1
0,0.9999999981627041,0
0,0.9999999414508611,0
1,0.9999992454711522,1
1,0.9999885429298966,1
1,0.9998337651972241,1
1,0.9994433365396937,1
0,0.999999815311227,0
1,0.999982724847759,1
1,0.9999949858050644,1
1,0.999998734604901,1
0,0.9999908205251107,0
1,0.9999999727580725,1
1,0.9999984531488044,1
1,0.9997980639185121,1
1,0.9999999732598865,1
0,0.9999998321311049,0
0,0.9999999781404736,0
0,0.9999987288569688,0
0,0.9999201095159465,0
0,0.9999904731034419,0
1,0.9999999988782187,1
0,0.9999951896700493,0
0,0.9999999997734179,0
1,0.999997631967862,1
0,0.9999985184953251,0
1,0.9999999992283204,1
0,0.9999883709988518,0
1,0.999999266551565,1
1,0.9999339813562992,1
1,0.9999999608383456,1
1,0.9999999858184367,1
1,0.9999999999828761,1
1,0.999998972106599,1
1,0.9999809651452092,1
1,0.9999582773423124,1
0,0.9999971917798278,0
0,0.999959228295073,0
1,0.9999985760138912,1
1,0.9999823445560536,1
0,0.9999935123970624,0
1,0.999997064701782,1
0,0.9999997255624565,0
0,0.9999387386714015,0
1,0.9999998778438539,1
0,0.9999527461053607,0
0,0.9999999970402264,0
1,0.9999899671003717,1
0,0.9999882605419635,0
1,0.9999999475449727,1
0,0.9999999995110209,0
1,0.9999998621627703,1
1,0.9999999582579102,1
0,0.9999989162175832,0
1,0.9999986604251055,1
1,0.999999999722526,1
0,0.9999981959379703,0
1,0.9999999912145084,1
1,0.9999783576560896,1
1,0.9999999668116035,1
0,0.9999783438622932,0
1,0.9999845539292321,1
0,0.999940448029012,0
0,0.9999999822785098,0
1,0.9998457623247631,1
1,0.9999999999988392,1
0,0.9999412965615608,0
1,0.9999965926729658,1
0,0.9999992251996299,0
0,0.9999937958724244,0
1,0.999934007838664,1
0,0.9997891061535906,0
0,0.9997424688876583,0
0,0.9999736185763696,0
1,0.9999273189516131,1
1,0.9995114542369807,1
0,0.9999976045965266,0
1,0.9999999998968867,1
0,0.9999034108409015,0
1,0.999999912763125,1
0,0.9999999897386006,0
1,0.9999997988238437,1
0,0.9999979315602061,0
1,0.9999970526698998,1
0,0.9999998519011183,0
1,0.9999015777261676,1
1,0.999989345717083,1
0,0.9992771675842199,0
1,0.9999776100109942,1
1,0.9998728147074513,1
1,0.9999999871181674,1
0,0.9999992349637945,0
1,0.9999460586547977,1
0,0.9999995027190874,0
1,0.9999558386525625,1
1,0.9999999426798527,1
1,0.9999998800741772,1
1,0.9999936414778848,1
0,0.9999999947019494,0
0,0.9999997701929483,0
0,0.9999962345684746,0
0,0.9999888142840266,0
0,0.9999652444668602,0
0,0.9999990094001244,0
0,0.9999990659768612,0
0,0.9999376877269349,0
0,0.9999992243764401,0
1,0.9999999137966621,1
0,0.9999998213261814,0
0,0.9999243923575425,0
1,0.9999922064457875,1
0,0.9999866982809553,0
0,0.9999999803402907,0
1,0.9999979303424276,1
1,0.9999999954449905,1
0,0.9999999871089744,0
1,0.9999999984547201,1
1,0.9995346393022212,1
1,0.9999983072374321,1
1,0.9999999940191586,1
0,0.999868844453793,0
1,0.9997121570768235,1
1,0.999999999795409,1
1,0.999999998373923,1
1,0.9999989155541694,1
0,0.9999952216645385,0
1,0.9999987685487971,1
0,0.999906382932379,0
1,0.9999999856879831,1
0,0.9999990371390974,0
0,0.9999963485607993,0
0,0.9997547149237561,0
1,0.9999996845553767,1
0,0.9999998925649028,0
0,0.999999995523736,0
1,0.9999997199675916,1
1,0.9999999040560344,1
1,0.9999999948000475,1
0,0.9995768963181474,0
0,0.9999994049553489,0
1,0.9999976516794032,1
1,0.9999647301978037,1
1,0.9999128108963625,1
1,0.9999997767519798,1
0,0.9999997907329201,0
0,0.999999987850175,0
0,0.9999995733062358,0
1,0.9999950646341121,1
1,0.9996512055204606,1
0,0.9999797966816225,0
0,0.9999964239321728,0
0,0.9999997671145731,0
0,0.9999999753186366,0
0,0.9997441697272169,0
0,0.9999969614183756,0
0,0.9999724230224457,0
0,0.9998436983763316,0
1,0.9999987820268648,1
0,0.9998834633014385,0
0,0.9999984557166969,0
0,0.9998604476554344,0
0,0.9999936547959679,0
1,0.9999999360910691,1
1,0.9999995705567947,1
1,0.9999972615637897,1
1,0.9999752513024505,1
0,0.9999999964010134,0
1,0.9999897004178142,1
0,0.9999800886162846,0
1,0.9999991284363676,1
1,0.9999767013773497,1
1,0.9996399310728548,1
0,0.9998531508050517,0
1,0.9999988087687137,1
1,0.9999820097457623,1
1,0.9999049110314049,1
0,0.9997536456629076,0
1,0.9999999947295137,1
1,0.9999939832925396,1
0,0.9999994153267762,0
1,0.9999999993563056,1
1,0.9999972696662265,1
0,0.9999998276387357,0
0,0.9999997547369905,0
1,0.9992119521639501,1
1,0.9999992660396135,1
1,0.9999434505476532,1
0,0.999974030349261,0
0,0.9999991158397195,0
1,0.9999987153648915,1
0,0.9999997820138367,0
1,0.999906147675473,1
1,0.9999997819102253,1
1,0.9996948724825511,1
0,0.9991148110094349,0
0,0.9999878297488373,0
0,0.99998977952344,0
0,0.9998429823985425,0
0,0.9997552380577259,0
0,0.9997386410889101,0
0,0.999996951305251,0
1,0.9999856191709589,1
0,0.9999880895432823,0
1,0.9999988483937107,1
0,0.9999998926470589,0
0,0.9997829646496494,0
0,0.9999504699449118,0
1,0.9999999995871929,1
1,0.9999999994992799,1
0,0.9999999944489016,0
1,0.9999815858437047,1
0,0.9996663597567845,0
1,0.9998931655373683,1
0,0.9999998595610851,0
0,0.9998240442033147,0
1,0.9999999999810543,1
1,0.9999988801489164,1
0,0.9999997297658171,0
0,0.9999008228549635,0
1,0.9999557845074923,1
1,0.9999999900266671,1
1,0.99984107592622,1
0,0.999961946906985,0
0,0.9994502760845971,0
1,0.9999837893748518,1
1,0.9999999920172601,1
0,0.9999976337576164,0
0,0.99997763458194,0
0,0.999997679668666,0
0,0.9999971599201345,0
0,0.9999999945259123,0
1,0.999997603396639,1
1,0.9999999998079165,1
0,0.9999950833389145,0
1,0.999974656800513,1
0,0.9999988363817247,0
1,0.9999999996722881,1
0,0.9999935849776352,0
0,0.9999997286037932,0
0,0.9999977008053864,0
1,0.9998732143688466,1
1,0.9999901279461102,1
1,0.9998101748594214,1
1,0.9999995373741972,1
0,0.9999880563775487,0
1,0.9999999940960953,1
1,0.9998148452351265,1
0,0.9999168267196339,0
1,0.9999888698174616,1
0,0.9999759261773886,0
0,0.9998787716064239,0
1,0.9999961371245949,1
0,0.9999999994337532,0
1,0.9999999990830972,1
1,0.9999999984263914,1
1,0.9999911347858823,1
0,0.9999998841695809,0
1,0.9999931269211824,1
0,0.9998759971085605,0
0,0.9999999999473195,0
1,0.999990367963674,1
0,0.9998950816124346,0
0,0.9999987065851179,0
1,0.9999347326162233,1
0,0.999960976995461,0
0,0.999741656710245,0
0,0.9999999384789462,0
0,0.9999992267885862,0
1,0.9994873966158099,1
1,0.9999498457886284,1
1,0.9998644371084155,1
0,0.9999114080178086,0
1,0.9999984754439214,1
0,0.9999921645436181,0
0,0.9999999756777689,0
1,0.99999992547446,1
0,0.999991044700668,0
1,0.9999995933833751,1
1,0.9999604229785547,1
0,0.9999999998061182,0
0,0.9999999979785801,0
0,0.9999378800670221,0
0,0.9999997296814799,0
0,0.9996954594332699,0
1,0.9999989618166922,1
0,0.9999996921949781,0
1,0.9999999999127758,1
1,0.999999875427382,1
0,0.9999998521598751,0
0,0.9999999998026657,0
0,0.9994519335185474,0
1,0.9999999953054834,1
0,0.999994417532273,0
1,0.9999860444774655,1
1,0.9999999970422901,1
1,0.9999628264987246,1
0,0.9999999162738641,0
1,0.9999590856385038,1
0,0.9999998980203928,0
1,0.9999982323189552,1
0,0.9999840611229197,0
0,0.9999999450621038,0
1,0.9996934332172476,1
0,0.9998935460921042,0
1,0.9999999977961924,1
0,0.9999919576203639,0
0,0.9999999084887695,0
0,0.9998978103889395,0
0,0.9999994699742109,0
0,0.9999981361100039,0
0,0.9999997470399451,0
0,0.9999831446160722,0
0,0.9999969140254443,0
1,0.9999979253151117,1
0,0.9997298230755942,0
0,0.9999886943723292,0
1,0.9999877016889271,1
1,0.9999952354218827,1
1,0.9998039645322605,1
1,0.9999995410315278,1
0,0.9999998368103244,0
0,0.9999977423883882,0
0,0.9999570849696509,0
1,0.9999999980376413,1
0,0.9998377042056958,0
1,0.9999969006922363,1
1,0.9999778670314413,1
1,0.9999904321793769,1
1,0.9999939601826772,1
1,0.9996528422150276,1
0,0.9999942066423144,0
1,0.9998633057279456,1
0,0.9999994775914705,0
0,0.9999948385494339,0
0,0.9999638128430499,0
1,0.9999999999982576,1
1,0.9999998776228661,1
1,0.9999995432869405,1
0,0.9999999996568681,0
1,0.9999961922427514,1
0,0.9999970511666788,0
1,0.9999990203774076,1
0,0.9999980360020791,0
1,0.9992635268479718,1
0,0.9999936328783977,0
0,0.9999999829880174,0
1,0.9999971250548276,1
0,0.9999996273833982,0
0,0.9999995151140554,0
0,0.999834261229749,0
0,0.9997377245336992,0
0,0.9997037597997539,0
0,0.999960976767219,0
1,0.9999999932691508,1
0,0.9999997925609749,0
1,0.9999584880487206,1
1,0.9999169474560463,1
1,0.9999962981506751,1
0,0.9998444885321157,0
0,0.9999787403552065,0
1,0.9999970666005464,1
1,0.9999983981670039,1
0,0.9999757502489176,0
1,0.9999982170889612,1
1,0.9999832054430895,1
1,0.9999074485639189,1
1,0.9999945634124351,1
1,0.9999743366409433,1
1,0.9999962343647099,1
1,0.9999986015966531,1
0,0.9998901676363977,0
0,0.9999999951692803,0
0,0.9996321465750739,0
0,0.9999985228049072,0
1,0.999932281701324,1
0,0.9999991793241528,0
0,0.9999999996518913,0
1,0.9996087771224461,1
0,0.9999973140450904,0
1,0.9999881958641822,1
0,0.9999965671624533,0
0,0.9999449785019171,0
1,0.9999993537028216,1
1,0.9995671566694446,1
0,0.9999998269394108,0
0,0.9999298881923321,0
0,0.9998809083149781,0
0,0.9999969337654878,0
1,0.9999707219499642,1
1,0.9999967049098953,1
1,0.9999593530419222,1
0,0.9999986276614379,0
1,0.99998822134811,1
1,0.9999964083072486,1
0,0.9999838896408036,0
1,0.9997925722923904,1
0,0.9999730836348509,0
0,0.9999396212512313,0
0,0.9999989888810322,0
0,0.9999997250393723,0
0,0.9999993420039458,0
1,0.9999620332823483,1
0,0.9999995241978408,0
1,0.999050898571906,1
1,0.9999999848327619,1
0,0.9999995061469518,0
1,0.9999945675389458,1
0,0.9999995933413921,0
0,0.9998041440809741,0
0,0.9999249984020072,0
0,0.999999875308044,0
1,0.99999999922799,1
0,0.999957750908892,0
0,0.9999846950353602,0
0,0.9999999753332941,0
1,0.9999998515730779,1
1,0.9999999999653819,1
1,0.999794606993399,1
1,0.9996191288708606,1
0,0.9996497572659061,0
1,0.9999999949640845,1
0,0.9998439127102556,0
1,0.9998939267073209,1
1,0.9999999439853635,1
0,0.9999999863178057,0
1,0.9999999995564859,1
0,0.9999727161229246,0
0,0.9999395716243973,0
0,0.999999877130411,0
0,0.9999999959104192,0
0,0.9999075147892643,0
1,0.9999474558192393,1
1,0.9999999104974291,1
0,0.9999979402140808,0
1,0.9996250758253761,1
0,0.9995279368968293,0
1,0.9999999825513451,1
1,0.9998215953686355,1
0,0.9999994186027286,0
1,0.9996746022729134,1
1,0.9999999965006314,1
1,0.9998631411729131,1
0,0.999990999275591,0
0,0.9996842889857341,0
1,0.999984138377186,1
0,0.9999999999112531,0
1,0.999706557125615,1
0,0.999995255639764,0
0,0.9999992096203443,0
0,0.9999997624313868,0
0,0.9999999021002358,0
1,0.9994649456407053,1
1,0.9999999955413008,1
0,0.9999393130462494,0
1,0.9999999984320078,1
0,0.9999999785845637,0
0,0.9999610650605679,0
1,0.99998691627153,1
0,0.9996427271311921,0
0,0.9999977532893112,0
0,0.9999998825369916,0
0,0.9999872681160701,0
0,0.9999996967539585,0
1,0.9999193659622442,1
0,0.9999088308061171,0
1,0.9999999205363362,1
1,0.9999999967746476,1
0,0.9999660510302921,0
0,0.9999690178176177,0
0,0.9999885444397619,0
1,0.999969076112958,1
0,0.9999999635199303,0
0,0.9999964002912118,0
0,0.9999996745499248,0
0,0.9999773499020141,0
1,0.9998061975272073,1
0,0.9996587226150699,0
0,0.9999995652919147,0
0,0.9999993434698805,0
1,0.9998911051882331,1
1,0.9998938918380325,1
1,0.9996595748919609,1
1,0.9999998849251953,1
1,0.9999748414973828,1
0,0.9999947328459144,0
0,0.9999933490829322,0
1,0.9995152275647661,1
1,0.9999950048165239,1
1,0.9999998995978271,1
1,0.9999542764988071,1
0,0.9998817307737653,0
1,0.9999275865916857,1
1,0.9999998307096218,1
0,0.9999949050035225,0
0,0.9999992415047265,0
1,0.9999064305386891,1
1,0.9999999992747635,1
1,0.9999929584943169,1
0,0.9999315649222618,0
1,0.9999950382317943,1
1,0.999939041000238,1
1,0.9999999932170771,1
1,0.9999992176958057,1
1,0.9999992028789587,1
1,0.999999982241709,1
0,0.9999545806843415,0
0,0.9998931157082512,0
0,0.9999964934405418,0
1,0.9998150697746754,1
0,0.9999892504341924,0
1,0.9999984905384446,1
1,0.9999999996252045,1
0,0.9997655154574151,0
1,0.9999990221024403,1
1,0.9999995275208905,1
0,0.9998625934998875,0
1,0.9999959792155196,1
0,0.9997128566194606,0
0,0.9999999943855823,0
0,0.9997895097406784,0
1,0.999823862620494,1
1,0.9999780481431652,1
1,0.9999999468003521,1
0,0.9999896210715388,0
1,0.9999999999960762,1
1,0.9999984368934117,1
1,0.9999860526780279,1
0,0.9999970151198411,0
1,0.9999957223122371,1
0,0.9999956630719151,0
1,0.9999999991333506,1
0,0.999964806147859,0
0,0.9999997626692295,0
0,0.9999999688383033,0
0,0.9999968429111603,0
0,0.9999123373292272,0
1,0.9999999901143607,1
1,0.9999979060279447,1
0,0.9999999844148666,0
0,0.9999888082727487,0
0,0.9999987040660848,0
1,0.9996194008206553,1
0,0.9999674759637782,0
0,0.9999973962818546,0
0,0.999999167677996,0
1,0.9998687111617149,1
1,0.9999992144153805,1
0,0.9999881428482318,0
1,0.999995254074569,1
0,0.9999981648870018,0
1,0.9999991611581647,1
0,0.9997964451316854,0
0,0.9999766481636251,0
0,0.9999999254886518,0
0,0.99972300741919,0
1,0.9997217849531725,1
0,0.9999826638486001,0
0,0.9999999972001202,0
0,0.9999310484992707,0
0,0.9999999297687086,0
0,0.9998129652098647,0
0,0.9999535155802626,0
1,0.9999999284080303,1
0,0.9999026571298442,0
1,0.999999963764808,1
0,0.9999795396315462,0
1,0.9999999595650332,1
1,0.9999939951733957,1
1,0.9999998306034661,1
1,0.9999135547969507,1
1,0.9998588298220655,1
0,0.9999985207039579,0
0,0.9999999996950008,0
0,0.9999639383279465,0
0,0.9999973727181124,0
1,0.999985081617787,1
1,0.9999974023903723,1
0,0.9999999511708757,0
0,0.9999990688198396,0
0,0.9999625759234034,0
1,0.9999905736993215,1
1,0.9999993611038008,1
1,0.9999976818922037,1
1,0.9999999983475512,1
0,0.9999260366313061,0
0,0.999999691329132,0
0,0.9999952422428031,0
0,0.9999845074030341,0
0,0.9999947645395644,0
0,0.9999967060538161,0
0,0.9999988397536419,0
1,0.9999983176802181,1
1,0.9997605799294456,1
1,0.9996966420840014,1
1,0.9999969937646287,1
1,0.9999899645261313,1
1,0.9999983743094686,1
1,0.9999999999867819,1
1,0.9999999998693967,1
1,0.9999807375061168,1
0,0.999846629730606,0
1,0.9999930513722136,1
1,0.9998405439232563,1
0,0.9999999205112104,0
0,0.9999992667123827,0
1,0.999929711749599,1
0,0.999729796475755,0
0,0.9999997477622663,0
0,0.9999921493767855,0
1,0.9999999999656566,1
0,0.9999796549892892,0
0,0.9999098427053995,0
1,0.9998999121450115,1
0,0.9999999297902517,0
1,0.9999693444249595,1
0,0.9999999357834398,0
0,0.9998745008810955,0
1,0.9999999941362807,1
0,0.9999932520375829,0
1,0.9999984327438813,1
1,0.9998997048329016,1
0,0.9999582468156949,0
0,0.9999993896362603,0
1,0.9999999860323663,1
0,0.9999996069173662,0
1,0.9999015373324128,1
1,0.9999999680903299,1
1,0.9992820334276977,1
0,0.9999761141662503,0
0,0.9999998963718725,0
0,0.9999979543242787,0
0,0.9999107310432691,0
1,0.9999364648827025,1
1,0.9998902736192827,1
1,0.9999999962078039,1
1,0.9999999979228025,1
0,0.9995004472145039,0
0,0.9999999947600007,0
0,0.9999997325641413,0
0,0.9999998307675476,0
1,0.9999538361794392,1
1,0.9999712235577852,1
1,0.999952745662436,1
0,0.9999991443513402,0
0,0.9999987437820932,0
0,0.9999997607878086,0
1,0.9999999654865767,1
1,0.9999999520312087,1
0,0.9995344416042672,0
0,0.9999452770450105,0
0,0.9999983201494261,0
1,0.999999711928652,1
1,0.9999789604002303,1
1,0.9999639734451754,1
0,0.999999864836093,0
1,0.9999996400091847,1
0,0.9999878789688809,0
0,0.9999985187655972,0
0,0.9999364094234612,0
1,0.9999998467555218,1
0,0.9999935282146787,0
0,0.9999999713093609,0
1,0.9999999970326241,1
0,0.9999023927533103,0
1,0.9999804136558211,1
0,0.9999405200731446,0
0,0.999959679538418,0
1,0.9999999998651383,1
1,0.9999870716764726,1
0,0.9999597710511482,0
1,0.9999926436504754,1
0,0.9999989047694018,0
0,0.9999998659240152,0
1,0.9997428674263436,1
0,0.9999977230930565,0
0,0.9999999696740063,0
1,0.9999997371306257,1
0,0.9999999912417419,0
1,0.9999636984960177,1
0,0.99999955822674,0
1,0.99999955406095,1
1,0.9999999839350162,1
0,0.999916434071538,0
0,0.9999922968800545,0
0,0.9999827782229679,0
0,0.9999993298859141,0
1,0.9999999997176183,1
1,0.9999135774501152,1
0,0.9999987325075296,0
0,0.9999965321876022,0
0,0.9994218677035809,0
0,0.9999983031244086,0
0,0.9999970652010374,0
0,0.9999973668823787,0
1,0.9999999999596958,1
0,0.9999997099739478,0
0,0.9999999999850573,0
1,0.9995232052580275,1
1,0.9999999942946229,1
1,0.9999821260093446,1
1,0.9999990029963629,1
0,0.9999989948156164,0
0,0.9996847164021488,0
0,0.9999995706966892,0
0,0.9999640820814958,0
0,0.9999999999820351,0
0,0.9999046291820548,0
1,0.9999999382434979,1
0,0.9997410074803591,0
1,0.9999990718014071,1
0,0.999986246441541,0
1,0.9999984100823457,1
1,0.9999999999982505,1
0,0.999999873005473,0
1,0.9999989202715572,1
1,0.9999118143970852,1
0,0.9999993972760672,0
0,0.9999999223235263,0
1,0.9999392144238124,1
0,0.9999542896135805,0
1,0.99999999948606,1
0,0.9997623690743697,0
0,0.9998018106579754,0
1,0.9999975378522278,1
1,0.9999792757450342,1
1,0.9999964248093964,1
1,0.9999999999496323,1
1,0.9999977436496151,1
1,0.9999761092208852,1
1,0.9999314964483058,1
0,0.9999953439020439,0
0,0.9999978464024654,0
1,0.9999999999475477,1
0,0.9999999082872442,0
1,0.9999999856448236,1
1,0.9999903375253542,1
1,0.9999995300705805,1
0,0.9999999998772369,0
0,0.9999999399235259,0
0,0.9999987053978483,0
1,0.9999800894889178,1
0,0.9999521913949245,0
0,0.9999718831959161,0
1,0.9999538345820886,1
1,0.9999997815254429,1
0,0.9999984207074171,0
0,0.9990103540743351,0
0,0.9998797893559191,0
1,0.9993849093679865,1
1,0.9999989913132934,1
1,0.9999077583872037,1
0,0.9999973905517203,0
0,0.9999996673026208,0
1,0.9999998401972792,1
1,0.9999997086671475,1
1,0.9999993245058165,1
1,0.9999395250539475,1
1,0.9999379249776709,1
0,0.9997515674203372,0
0,0.999958427249279,0
0,0.9999998945469705,0
0,0.9999290754486793,0
0,0.9999995983012658,0
0,0.9999999694050616,0
1,0.999999895392078,1
0,0.9999969167621197,0
1,0.9999779438455838,1
0,0.9999997108784516,0
0,0.9999999576533496,0
1,0.9999999997983224,1
1,0.9999986824321674,1
0,0.9999984535785178,0
0,0.9997400911490624,0
0,0.9999966882388858,0
0,0.999998955874003,0
0,0.9999988419590701,0
1,0.9998258869045048,1
1,0.9999621620112744,1
1,0.9999999999994984,1
0,0.9999999444285956,0
0,0.9999994601531871,0
1,0.9999999907772709,1
1,0.9999995202142155,1
0,0.9999371499585205,0
0,0.9997294605992186,0
0,0.9999999488764332,0
0,0.9999997763689459,0
0,0.999999392074988,0
1,0.999942786982669,1
1,0.9999577935129509,1
1,0.9997892013821154,1
0,0.999994603542999,0
1,0.9998934476588794,1
0,0.9999999398129262,0
1,0.9999841759912789,1
1,0.9999998539365011,1
1,0.9999991943967486,1
0,0.9998127149903948,0
1,0.9999431358140036,1
1,0.9998134563356215,1
0,0.99999999935615,0
0,0.9999971039351118,0
1,0.9998289712399558,1
0,0.9999988152257657,0
0,0.9998612336024965,0
1,0.9999715615626799,1
0,0.9999982171110884,0
0,0.9998442582577824,0
1,0.9999994672632018,1
0,0.9999999990753226,0
0,0.9999999845724464,0
0,0.9999999996554229,0
0,0.9999714957299386,0
0,0.999999999954445,0
1,0.999983699067019,1
0,0.9999999736629381,0
1,0.9988341218164045,1
1,0.9999999744461101,1
0,0.9999998038653436,0
0,0.9999326785840568,0
0,0.999997743667611,0
1,0.9999713715350252,1
1,0.9998649701563286,1
0,0.9999446339649745,0
1,0.9999999992921254,1
1,0.9999999992032174,1
0,0.9999564859124069,0
0,0.9999998850037056,0
0,0.9999999981805456,0
0,0.9992088200654621,0
0,0.9999995871117106,0
0,0.9999689836795964,0
1,0.9999999869584784,1
1,0.9999928368394039,1
1,0.9999999999852074,1
1,0.9999999944638445,1
0,0.9999999931194505,0
1,0.9992346185784435,1
1,0.9998201784837113,1
0,0.9999989504997131,0
1,0.9999672468262387,1
0,0.9999254841126948,0
0,0.9999997745869473,0
0,0.9997812141873785,0
1,0.9993849905398581,1
1,0.999437286223891,1
0,0.9999947334730793,0
1,0.9999997488277481,1
0,0.9999933483257925,0
1,0.9998685886408503,1
0,0.9999906335466456,0
1,0.9999999859928614,1
0,0.9999994111319042,0
0,0.9999967023530918,0
1,0.9996172335025346,1
0,0.9999999989145258,0
1,0.9999999708533847,1
1,0.9999999999971507,1
0,0.999999529903572,0
1,0.9997505358959401,1
0,0.9999741904426316,0
1,0.9999999975529437,1
0,0.9998896913571348,0
1,0.9999986402910964,1
1,0.9999999999979923,1
1,0.999985065814783,1
0,0.9999989677946765,0
1,0.999998397184372,1
1,0.9999999999944029,1
1,0.9999903032278865,1
0,0.9999999976089211,0
1,0.9998739108088722,1
1,0.9999745355094025,1
0,0.9997262283204494,0
0,0.9999964412323907,0
0,0.9999961028143141,0
1,0.9999938129628315,1
0,0.9997714201754783,0
0,0.999999981976906,0
1,0.9999997694645314,1
1,0.9998061001867078,1
1,0.9999999891920747,1
1,0.9998953993332247,1
0,0.9999857046886831,0
0,0.9999999907550217,0
