prediction,probability,label
0,0.5367382971797734,0
1,0.5066676849325246,1
1,0.9589478937137529,1
1,0.9639295945124404,1
0,0.929944152839605,0
0,0.6844303401478276,0
0,0.924180091028838,0
1,0.8287350937103233,1
1,0.6804488806338412,1
0,0.6082807219813916,1
0,0.7897736927559191,0
0,0.688519840826606,0
1,0.8511769902196877,1
0,0.6468657488787388,0
0,0.9373682397834001,0
1,0.7528340374881263,1
0,0.5457338263425447,0
1,0.7133422447217633,0
0,0.8638068141771433,0
0,0.8486931489853442,0
1,0.6721945876103701,1
0,0.6642436949843904,0
0,0.7973624009935651,0
1,0.5341142589851587,1
0,0.8211638989886427,0
1,0.8648408900633288,1
1,0.6660103622347321,1
0,0.702821892349743,0
0,0.8002424211291067,0
0,0.7503582493370172,0
1,0.7023625072408101,1
1,0.8088097065443848,1
1,0.6232749282387796,1
0,0.7046728155772258,0
1,0.5188638430537734,0
0,0.9245731580373018,0
1,0.5640050637557519,1
0,0.8575874093414685,0
1,0.8609292371049557,1
1,0.7229536503661396,0
0,0.8165182979429346,0
0,0.9670000265043656,0
0,0.7690524880719408,0
1,0.8500790727078686,1
0,0.9440762153489778,0
1,0.6519859483553753,1
0,0.9113947080443173,0
0,0.9004314606087161,0
0,0.6937578735226533,0
1,0.7545993093577701,1
0,0.7762036872769812,0
0,0.8990901126809652,0
1,0.6457435639815021,1
0,0.9145690509647972,0
0,0.9304830193559253,0
1,0.7445486620371634,1
0,0.7173223261062122,0
0,0.721862157928042,0
0,0.5358983590523568,0
0,0.7879721010567499,0
0,0.8027959291218325,0
0,0.7496487218211706,0
1,0.7260766572668712,1
1,0.5454721406672866,1
0,0.8889082532239875,0
0,0.9108621808993868,0
0,0.9179220164462265,0
0,0.8951666027701326,0
0,0.6288568227337635,1
0,0.5670347880290169,0
1,0.7901731943816621,1
1,0.687797302857935,1
0,0.7471965951028947,0
1,0.5569808266450393,1
0,0.7220423630114456,0
0,0.8311748405747569,0
0,0.6850119309523355,0
0,0.6629535240245045,1
0,0.9649178159946155,0
1,0.9139203443599229,1
1,0.7368663529123926,1
1,0.6891923428193868,1
0,0.7929987276882972,0
0,0.8637475232078556,0
1,0.9622350439388656,1
0,0.9269518908615544,0
0,0.6311689839420963,0
0,0.8578369397971116,0
0,0.8507852890302634,0
1,0.8072126305950457,1
1,0.8520881494356376,1
0,0.8052881193969597,0
0,0.5106382440944526,0
1,0.8904605000907201,1
0,0.8705780200108366,0
1,0.7269049983023126,1
1,0.8059364553140781,1
1,0.8054150847707535,1
1,0.8514692765065873,1
0,0.8385125502779419,0
0,0.8578375710718027,0
1,0.8347331893896028,1
0,0.5369416746065331,0
0,0.7766540670643174,1
0,0.7546536220565163,0
0,0.858493049966075,0
1,0.7630563889888357,1
0,0.912149781778208,0
0,0.6133665691794286,0
0,0.9844558064602852,0
0,0.8495060657627482,0
0,0.9377373355985045,0
1,0.6483200654516384,1
0,0.7451033391679212,0
0,0.5337836988898185,1
1,0.6774323407344857,1
0,0.7232441017702352,0
1,0.818355137289806,1
0,0.8585482987070663,0
0,0.7673613241054543,0
1,0.7225634233240934,1
0,0.8992536820430868,0
0,0.8079573294465443,0
0,0.9645823019508016,0
1,0.5837890079003777,1
0,0.7513556552596586,0
0,0.6753212717483557,0
0,0.5625565648103622,0
1,0.8084329897509017,1
0,0.585269702967569,0
1,0.6821573798205783,1
1,0.6504055053464572,1
0,0.8933322588037579,0
1,0.536395035685776,0
0,0.6747885524616427,0
0,0.7512205735510903,0
1,0.7504824289638237,1
1,0.6196515897454634,1
0,0.850283908853571,0
1,0.5404995948766138,1
0,0.8925932450740559,0
0,0.9602832115510895,0
0,0.7788588563505893,0
1,0.7719988027955402,1
1,0.7036529611600505,1
0,0.6564878251368751,1
1,0.7902198867894565,1
0,0.8336828758624056,0
1,0.6140338679305865,1
0,0.544784073602057,1
0,0.7831881601334953,1
1,0.768465183666724,1
0,0.9556860125984831,0
1,0.7972991706708685,1
1,0.6614519385232566,1
1,0.7431138907042476,1
1,0.6997406092070878,1
1,0.6240260189452337,1
0,0.5545360539813141,0
0,0.5905142961687017,1
0,0.8204491610183193,0
1,0.737483029636219,1
1,0.5524317217627339,1
1,0.8410154568388768,1
0,0.8294532444833757,0
0,0.6404335241114806,0
1,0.5543201419931524,1
1,0.8751652054051692,1
0,0.8728492765190025,0
0,0.8981036223325354,0
0,0.9766138842796647,0
1,0.8816841033272614,1
0,0.8937686752976631,0
0,0.6858358977643187,0
0,0.5887601159167244,0
0,0.7902980278296351,0
0,0.9033316801810294,0
0,0.8622070688485903,0
1,0.6191254211328902,1
1,0.8242407557341006,1
0,0.8395900844263137,0
0,0.8017485154912066,0
1,0.7418118615244551,1
0,0.7681155470205876,0
0,0.690872379306181,0
1,0.6411368265127447,1
1,0.7332280059591467,1
0,0.905279660381902,0
1,0.898893802793499,1
0,0.8140940432156379,1
0,0.7146068824998996,0
0,0.5812673274334927,0
1,0.6607362440494531,1
1,0.5564461940976572,1
1,0.7961067474920607,1
0,0.7540948572377519,0
1,0.7438117058338024,1
1,0.7950347980023419,1
0,0.8136078713011105,0
1,0.5852855616628878,1
1,0.7946060450978376,1
1,0.831518805520352,1
0,0.5234231527402682,0
1,0.9108989164610033,1
1,0.9621531592998086,1
0,0.9396994234500838,0
0,0.6389087075964227,0
0,0.6917026638074726,0
1,0.8343812126885246,1
1,0.8692952956424989,1
1,0.6089588174698896,1
0,0.5481431187686505,0
1,0.7651662347001483,1
0,0.8652936598644064,0
1,0.7362424864759572,1
0,0.8316710696145367,0
0,0.519768123673565,0
0,0.7347298556523215,0
0,0.8535397960461573,0
0,0.671824864142098,1
0,0.5798812082948229,0
1,0.8248306636258608,1
1,0.6161350091264346,1
0,0.7715452044450126,0
1,0.7597144856873649,1
1,0.8485515433417499,1
0,0.8408187240274132,0
1,0.6214116315955807,1
1,0.5651300114647669,1
1,0.6924814307348756,1
1,0.8727500618378234,1
1,0.8321643811760264,1
1,0.533194706815414,1
1,0.5129335739501162,1
0,0.7356197652389461,0
0,0.8298096561777345,0
1,0.5453828905615353,0
0,0.7992436639775835,0
0,0.9184342728516344,0
0,0.7943477183418212,0
0,0.741262169012728,0
0,0.7899098359411371,0
1,0.6385602638815085,1
0,0.5492846310990805,0
0,0.8662049034761659,0
1,0.638730394642893,1
0,0.6459719228583843,0
1,0.5653189246387933,1
1,0.5004701032954813,1
0,0.8666192181241218,0
0,0.8629974787096777,0
0,0.8851558926587036,0
0,0.6058450338099731,1
0,0.8478425725607012,0
1,0.8472625475087224,1
0,0.8279353793786021,0
0,0.7526583527888198,0
1,0.5633555220587393,1
0,0.6861907758797157,0
1,0.7515290218737399,1
0,0.5145306413504331,1
0,0.5310635271207796,0
1,0.6125675630492792,1
0,0.9811604092990825,0
1,0.6413446797682391,1
0,0.9285652435625936,0
0,0.6529543879982247,0
1,0.7032693683898869,1
0,0.684487971432866,0
0,0.6782494627449113,0
0,0.8382277335314081,0
0,0.5375234093612582,0
1,0.8763864335728755,1
0,0.865287452200588,0
1,0.8272235935785722,1
0,0.9839197010911143,0
1,0.8125807973148829,1
1,0.836749203262073,1
0,0.7855340569110048,0
0,0.7816323529488085,0
0,0.8216745872868719,0
1,0.5776783874631896,1
1,0.6021200137574871,0
0,0.9042422229165091,0
0,0.8675990761235193,0
0,0.7842388210950265,0
0,0.8229037463863458,0
1,0.7513863990698322,1
0,0.8694071135748472,0
1,0.5797211966982793,1
1,0.7739300808079044,1
1,0.8791939464356064,1
0,0.5708343373511734,0
1,0.6627807791462997,1
0,0.5032118932188828,1
0,0.7296932594174043,0
0,0.7629762821774987,0
0,0.7020346514946635,0
1,0.507672197466507,1
0,0.5269011632996076,0
0,0.8832395721103105,0
1,0.682155366394557,1
1,0.6957618973380066,1
1,0.6983799811272151,1
0,0.8623388332057054,0
0,0.9253625916936206,0
1,0.8452491801748174,1
1,0.8513907171672728,1
1,0.8618465160638497,1
0,0.5874774623910445,0
0,0.6656810508757943,0
1,0.7777198736002234,1
0,0.8272357944709295,0
0,0.9506433827953821,0
0,0.7873059558782147,0
0,0.7426010300006465,0
1,0.9588633723536262,1
1,0.8737496165386953,1
0,0.7793870221098669,0
0,0.886346981379543,0
0,0.5511116967461017,0
0,0.7440507145857039,0
1,0.8276090988658537,1
1,0.9269439079595253,1
0,0.9047381495554367,0
0,0.7293808076881958,0
0,0.6387862638593513,1
0,0.730320894142631,0
1,0.9422930509334148,1
0,0.9170214622504939,0
0,0.7243560947500496,0
1,0.6881639083891471,1
0,0.8987428328595525,0
0,0.690577063230456,0
0,0.8086823978378875,0
0,0.5443078426954733,0
0,0.611404382820118,1
1,0.6881510772748625,0
1,0.7974101654885889,1
1,0.5045330653073035,0
0,0.9095547074165586,0
1,0.7857683608971034,1
0,0.883988112712268,0
1,0.8753309444545253,1
0,0.8924551268609066,0
0,0.6757267802079112,0
1,0.6759338253488508,1
0,0.6321729701922795,0
0,0.5807760259853882,1
1,0.8668076966828223,1
0,0.8109918299632338,0
0,0.9161602101006715,0
0,0.6776568258342,0
1,0.6344660032686313,1
0,0.6922518506866343,0
1,0.8703172143070764,1
0,0.9523359009934587,0
0,0.9002054542556706,0
0,0.9788609968155534,0
1,0.8937283143042709,1
1,0.8354672871163207,1
1,0.836868707733593,1
0,0.5495401725315684,1
1,0.8551472943246713,1
0,0.8814026165703591,0
1,0.7184169298184447,1
0,0.7445384314334478,0
0,0.7870199443002777,0
1,0.7833246493484523,1
1,0.6212865639638682,1
1,0.8100079035366136,1
0,0.6215202565289404,0
0,0.9140779891045122,0
1,0.5175346225499176,0
0,0.71065939365971,0
1,0.886929446720513,1
0,0.5095190462885164,1
0,0.6000662939550564,1
1,0.5504034705402842,1
0,0.5856072386403848,1
0,0.5403745081660875,0
0,0.7822216308073846,0
1,0.8856253370229091,1
0,0.7748302329489913,1
1,0.8190155954998727,1
1,0.7595970103725922,1
0,0.5101585292777564,0
0,0.7214028565805913,0
0,0.7900401093214224,0
1,0.6280903266481335,0
0,0.9590517653904238,0
1,0.5952985190823437,0
0,0.8075645506749058,0
1,0.6964413405289785,1
1,0.6278479196312137,1
0,0.7763987124552565,0
1,0.5774262242484601,0
0,0.9113179213524106,0
1,0.7621733542419771,1
0,0.9269350270061982,0
0,0.775004694088235,0
1,0.9077946050654432,1
0,0.5678022529747095,0
1,0.8630765654278673,1
0,0.6468591005296351,0
1,0.5680898236575465,1
0,0.7022760478110931,0
0,0.8378520598622594,0
0,0.5144556143421322,1
0,0.7142381106589085,0
0,0.6198646604911399,0
0,0.8939216084532592,0
1,0.8528524698978754,1
0,0.5034998937044161,1
0,0.7240401479165762,0
0,0.8574420608357869,0
1,0.9295451282512115,1
1,0.8781096147486792,1
0,0.8208994239852303,0
1,0.8792417416683115,1
0,0.7444285524133295,0
0,0.9416038898862097,0
0,0.7961212033494921,0
0,0.8324131500860079,0
0,0.7938754914833906,0
0,0.6466688734706573,0
1,0.7057136896633075,1
0,0.919811568522273,0
0,0.7179136008577042,0
1,0.6967503063435323,1
1,0.6740527500536347,1
0,0.6549358895658927,0
0,0.786095459305862,0
0,0.6528538711864659,0
1,0.6226254491712047,1
1,0.9232700079989589,1
1,0.707059536172297,0
1,0.9210211114088427,1
0,0.7929932207640459,0
1,0.8170152824232528,1
1,0.5721687053595572,0
1,0.8801435468826857,1
0,0.8293595627705818,0
1,0.8407195933978256,1
1,0.8877776517371626,1
1,0.9152625165882783,1
0,0.8307575685483007,0
1,0.7285378068623096,1
0,0.8176969975755592,0
0,0.7385729790079592,0
0,0.8355760154388956,0
0,0.7869772302202109,0
1,0.887526336963413,1
0,0.5351694652227901,1
1,0.8401589424898915,1
0,0.7181952891787289,0
0,0.7300189865045371,0
1,0.9577284215218141,1
1,0.6157734899854622,0
0,0.8084181006970084,0
0,0.8704193765566323,0
1,0.6775746087550562,1
0,0.8305396194798973,0
0,0.8869546803378798,0
1,0.815120066715551,1
0,0.9175244510225203,0
0,0.6061516783445882,1
1,0.876097795722109,1
0,0.7860460112098323,0
1,0.78833614767914,1
0,0.8934541877976275,0
1,0.6468289017392029,1
0,0.8424309213857472,0
1,0.819770225193033,1
0,0.6590654266832662,0
0,0.5999079937077602,1
0,0.8965118927842671,0
1,0.8231416937246387,1
0,0.6602564022684079,0
0,0.5210517501406233,0
1,0.9032115044080716,1
1,0.8972020204659369,1
0,0.6195383450642367,0
0,0.8453333977117241,0
1,0.9543666239977495,1
1,0.7867514511260004,1
0,0.7408208274329184,0
0,0.8589448374506825,0
0,0.9120104402740249,0
0,0.886380880960415,0
0,0.7602698065604423,0
0,0.861545209810386,0
0,0.9369526247587411,0
0,0.9523097611603236,0
1,0.7233325476486951,1
0,0.8043187907822238,0
0,0.8267270264628641,0
1,0.594819028444592,1
0,0.9405994047147893,0
0,0.8236903093325201,0
1,0.7720650774499087,1
1,0.7418915294910868,1
1,0.5108050708844756,0
1,0.5533751539159583,1
0,0.5560653869646455,1
1,0.8720474949040211,1
0,0.7271110748481175,0
1,0.7447700645559509,1
0,0.7259674143458634,0
0,0.8780108699711403,0
1,0.7829622300761058,1
1,0.8382451938515361,1
1,0.7550401813240075,1
1,0.8328377003735374,1
1,0.7000225771288421,1
0,0.8372222430029067,0
0,0.9232795144063377,0
1,0.8727108393884139,1
0,0.7501418091511672,0
0,0.7424809930446514,0
0,0.8248338996126985,0
0,0.8848427124662744,0
0,0.839289705569199,0
1,0.8462407075049563,1
1,0.7957751651213784,1
1,0.7321994865116779,1
0,0.8328516116214912,0
1,0.7391274511860524,1
1,0.8211282568417451,1
0,0.81499144306101,0
0,0.8699213305967194,0
1,0.7564470309933178,1
0,0.9372307524045717,0
0,0.5437618271870787,0
0,0.5440841029529615,1
1,0.8548646259366584,1
0,0.7855085419806668,0
0,0.692733038415131,0
1,0.9692689210281282,1
0,0.8659317548645441,0
0,0.7670324165288368,0
1,0.638233669596054,1
0,0.7839220731354419,0
0,0.8258861137277386,0
0,0.8780615114803909,0
0,0.7541408181588876,0
0,0.857448499215699,0
1,0.8453966487584529,1
0,0.6288523903727896,0
0,0.9274886792375082,0
0,0.6759537795933702,0
1,0.6586554026768648,1
1,0.6576799916654527,1
0,0.6652729829112349,0
1,0.6785840918225132,1
1,0.7100866910738358,1
0,0.6295187544132566,1
1,0.6324628154866365,0
1,0.6431079448398486,1
0,0.8692780859608857,0
0,0.94987738802594,0
0,0.9751131891675912,0
0,0.6994600701466183,0
1,0.8005372450774914,1
1,0.8195565552416177,1
1,0.5909523331573003,1
1,0.5768113921204048,1
0,0.8531246890514634,0
0,0.8428636911432101,0
1,0.7307352636338846,1
1,0.5269052429837492,1
0,0.6584661345392641,1
1,0.9170279101532571,1
0,0.9006007824522154,0
0,0.6860868039288798,0
1,0.9088753099846482,1
0,0.792580151700947,0
1,0.9062709066379795,1
0,0.9084570573354134,0
0,0.5595041978903773,0
0,0.6904317058201624,0
1,0.8164036249041777,1
1,0.8857950838681876,1
1,0.7245592008498718,1
0,0.7456380791157913,0
0,0.885691365114032,0
0,0.9657328640889344,0
1,0.9589979613153785,1
1,0.7859224326884529,1
0,0.8620905234360154,0
1,0.7896678162252904,1
1,0.5502013493357859,1
0,0.7933518793501334,0
0,0.7656086026758995,0
0,0.958160129597858,0
0,0.6123901265624496,1
1,0.8258046524567719,1
1,0.8544910320720344,1
0,0.9004691079705247,0
0,0.8799732467355492,0
0,0.7134737182174697,0
1,0.9427925234272027,1
1,0.7962980743467476,1
0,0.8736573680415652,0
1,0.5889687358752691,1
1,0.6191643143114757,1
1,0.8335032356203882,1
0,0.8514155027300181,0
0,0.7066815810285773,0
0,0.8103490938056019,0
0,0.9365307038102877,0
0,0.5845851323372231,0
0,0.8077717445009029,0
1,0.774050902710573,1
0,0.7417879427173518,0
1,0.8495506086634439,1
0,0.7416222198406901,0
0,0.8768541970462747,0
1,0.7405192510463761,1
0,0.849185667053822,0
1,0.6321574794399016,1
0,0.6806873867479931,0
1,0.78807266166535,1
1,0.5485771654132562,0
0,0.8312787109721457,0
0,0.9062396276943171,0
0,0.779960842174236,0
1,0.8370223827020509,1
0,0.9647866831810591,0
0,0.8083499982876771,0
0,0.9168419039027904,0
0,0.7625456542486229,0
0,0.6105776675581607,0
0,0.6935377349065176,0
0,0.6041336020745725,0
0,0.7293445679003954,0
1,0.8751004427550837,1
0,0.7771264633736145,0
1,0.7564493170618881,1
1,0.6681942437996389,1
0,0.5340983979465839,0
0,0.8173645966980436,0
1,0.716168020572272,1
0,0.652670118773895,0
0,0.7327772109082358,0
1,0.9318882558653783,1
0,0.6670612348571063,1
1,0.6749072412687046,1
0,0.6878220169580246,0
1,0.9318943393536341,1
0,0.6084165119695647,0
1,0.5572412896968659,1
1,0.9241657266918784,1
0,0.9092274515678892,0
1,0.6585464457426726,1
1,0.6296510740619302,1
0,0.7676090457418573,0
0,0.8704005497783956,0
1,0.7560255256219476,1
0,0.7171369522600415,0
1,0.8004554967582335,1
0,0.9081059330416784,0
0,0.5956090388517317,0
0,0.8812549158831865,0
1,0.7115324702399433,1
0,0.8272773557661368,0
1,0.7916784994616954,1
0,0.7522180458911291,0
0,0.8392993356813759,0
1,0.7848697658647326,1
1,0.8170055854673007,1
1,0.8346686845886251,1
1,0.7226771271252604,1
1,0.6383184337181649,1
0,0.7467298591437274,0
1,0.7837304876746406,1
1,0.7721787160525099,1
1,0.6537192421760131,1
0,0.8095582697347237,0
0,0.7735456434541662,0
0,0.9471972081139367,0
0,0.5451886031920778,0
0,0.6088358393895618,1
0,0.9117841976752596,0
1,0.6423026014102378,0
1,0.6673383655736528,1
1,0.5853402916464758,1
0,0.887984208158707,0
0,0.5191573197979441,1
0,0.7233858916537411,0
0,0.7880886827497036,0
1,0.5060613373640617,1
0,0.7120981983271077,0
0,0.848308135981319,0
1,0.6958260451754199,1
1,0.7908386614512918,1
1,0.6271184489862707,1
0,0.8885580218003779,0
1,0.9199090682279003,1
1,0.6517358860418014,1
1,0.5497688530668463,0
0,0.5859664147455981,1
1,0.8830330189888563,1
1,0.5637390861194356,1
1,0.6402510786849211,0
0,0.9618877163249944,0
1,0.6745546008991681,1
0,0.7705674256503441,0
0,0.8725344266620957,0
0,0.7403572532513442,0
1,0.6837996207773842,1
0,0.9111201756723757,0
1,0.8576297420698575,1
0,0.6520173400167729,0
0,0.939513091104233,0
1,0.6813027802170936,1
0,0.894835056880152,0
1,0.9134572544902476,1
0,0.9449264691755005,0
0,0.8035850713141843,0
0,0.7641017296878648,0
1,0.5862158573856439,1
0,0.8006544005331641,0
0,0.6600920591843309,0
0,0.8916916836116213,0
0,0.7723389186320455,0
1,0.7730240069150762,1
0,0.8695569695029575,0
0,0.8731187791756748,0
0,0.833212066932513,0
0,0.9271389339602855,0
1,0.5097544039065268,0
1,0.5502372644518323,1
1,0.7699425364758694,1
0,0.9798676487128898,0
1,0.8491770080646954,1
1,0.7104251919203074,1
0,0.5971506500033018,0
0,0.773461064457345,0
1,0.872195923932808,1
0,0.731707834519512,0
1,0.7652616527002645,1
0,0.9128874338754466,0
1,0.5845157067488063,1
0,0.6437778846429595,0
0,0.6610562418092276,1
0,0.7975204182528438,0
0,0.8633037531527344,0
0,0.9124327195317704,0
1,0.7230236041264374,1
0,0.8322454731722649,0
0,0.8778421469336838,0
0,0.8287444748295477,0
1,0.6041433828860706,1
0,0.5131047342242805,1
0,0.8932335133884403,0
1,0.8054134415553386,1
1,0.869918614371832,1
0,0.8406574955792562,0
1,0.7032278600260685,1
0,0.7714081793232218,0
1,0.8483391523903265,1
0,0.6504068511172946,0
0,0.7438648480387318,0
0,0.8677412799417631,0
0,0.5300027762599671,0
1,0.7250323628117347,1
1,0.7471188506585674,1
1,0.6009142661935856,1
1,0.7603010423238831,1
0,0.8360043695437847,0
0,0.9775913644576152,0
1,0.838437960795791,1
1,0.7671553706995927,1
1,0.8382425286889962,1
1,0.7886891275096861,1
0,0.709648835493658,0
1,0.5514192081181631,0
1,0.9398602455083155,1
0,0.8687113449260168,0
1,0.893653509713997,1
1,0.8079858585106686,1
0,0.5625264681881254,1
1,0.7651545888781691,1
1,0.5394656731627294,0
1,0.5362995761052112,1
0,0.8279913660606055,0
1,0.9227020477206903,1
0,0.9024337773376521,0
1,0.8413104444546846,1
1,0.8020737431463878,1
1,0.7499555157786537,1
0,0.8715545068792866,0
0,0.7383443192762591,0
0,0.5032951781555006,0
1,0.8860249588413927,1
1,0.8166468727788481,1
1,0.7183151256040106,1
0,0.5105885724145348,0
1,0.6811089243467865,1
1,0.8280521884829393,1
1,0.6573459097356463,1
1,0.8906514326982778,1
1,0.6436590116780532,1
1,0.8333534982907412,1
0,0.6922559867527144,0
0,0.7720754064643929,0
0,0.822220722377792,0
1,0.7534492032629074,1
0,0.8219067927084012,0
0,0.8729218095560175,0
0,0.6788629698435817,0
1,0.5649965077878492,0
0,0.9059766477233823,0
0,0.910809139446193,0
1,0.6063273510818958,1
0,0.5356111791402273,0
0,0.5619334865813843,0
0,0.7851080097086318,0
1,0.7706623161968637,1
1,0.7389810605279719,1
1,0.6291532131233921,1
1,0.682000640607745,1
1,0.6021844927550732,1
0,0.8056665676240743,0
0,0.7011838816747993,0
1,0.6283111045543219,1
0,0.8230833638926539,0
0,0.6264733737092535,0
0,0.850427835064497,0
1,0.8619441346597516,1
1,0.8982011656354401,1
1,0.5563940418886936,1
1,0.8517692270184045,1
1,0.8217085782017426,1
0,0.890945642969866,0
1,0.9690981168391064,1
0,0.8805249697041748,0
0,0.5404173796774007,0
0,0.8717499113192303,0
0,0.88132262080354,0
1,0.7007797346037041,0
1,0.7013502838947319,1
0,0.846830374832516,0
0,0.9354388861441505,0
1,0.7348424124806969,1
1,0.6458807500074608,1
1,0.6488999635280326,1
0,0.8953837035726837,0
1,0.5858184625172499,1
1,0.5365001649255312,1
1,0.8565727385872851,1
0,0.857805494300726,0
0,0.8919828662889234,0
0,0.9476566162242814,0
0,0.9638836896126031,0
1,0.5340721237965911,0
0,0.5482491188139583,0
0,0.8051300065491693,0
1,0.9079600337019079,1
1,0.9245943397863711,1
0,0.6876903441875478,0
0,0.6446241271508004,0
1,0.7909686627183643,1
0,0.8269144128669165,0
0,0.5348142834590127,1
0,0.7404711040824213,0
0,0.8966286407131192,0
1,0.9168653466864298,1
1,0.7459267606910939,1
0,0.6310558094356036,1
0,0.6870936127725465,0
0,0.6536435559533551,0
1,0.7230847025924944,1
0,0.8932329842210418,0
0,0.7628698973791197,0
0,0.7663795951842999,0
0,0.9150527840405982,0
0,0.8339214737622622,0
1,0.7771340736485856,1
0,0.86214204953012,0
0,0.7444583617515695,0
0,0.60695592719532,0
1,0.7932080644739847,1
1,0.805766119486465,1
1,0.7122210887819583,1
0,0.8853800510210412,0
1,0.815203698536186,1
0,0.5048394481023316,0
0,0.5969941370787698,0
0,0.5210576587056485,1
1,0.6913094835197504,1
0,0.7565455523749934,0
1,0.9477862388450643,1
1,0.814473063660743,1
1,0.8989381125486149,1
0,0.5801744055937745,0
0,0.8522645307756245,0
1,0.8352341196643939,1
1,0.8616236711214093,1
0,0.7279373774460673,0
0,0.7125732882713418,0
0,0.8484729343563688,0
0,0.7983428111340903,0
0,0.7623710161289445,0
0,0.8959095059007378,0
1,0.8479424704963764,1
0,0.5465011320625105,1
0,0.5434863208271619,0
0,0.7316015884062602,0
0,0.765594262245382,0
1,0.8257908276719865,1
1,0.8459160571739814,1
0,0.9777294682688056,0
0,0.5428954483389242,1
0,0.8245453133076805,1
1,0.662887846403147,1
1,0.8913638284249124,1
0,0.5549215709327746,0
0,0.5945301696413466,1
0,0.627893388344364,0
0,0.9154158062642295,0
1,0.9066025396203418,1
0,0.8450146845069522,0
0,0.6068211391999194,0
0,0.8552698728494172,0
0,0.9280006369435048,0
0,0.9157181546811736,0
1,0.5190823894436083,1
1,0.8530658265151981,1
0,0.7139181559963178,0
0,0.7878417989813711,0
0,0.8060824046925233,0
1,0.8951808894961569,1
0,0.796231707609439,0
1,0.7409351958421889,1
0,0.7028242197647494,0
1,0.7957980388716022,1
0,0.6866016693078997,0
1,0.5914319325031631,1
0,0.5643064532642492,0
1,0.6985796228462121,1
1,0.5605045970495691,1
1,0.902088253050149,1
0,0.6654751979378826,0
1,0.7049845687202208,1
1,0.7716164254885237,1
1,0.7962454459999936,1
0,0.5007876568634421,0
0,0.7272554364340108,0
0,0.8715469281142236,0
0,0.5986178167500881,0
1,0.8714562216800261,1
1,0.7060891342572085,1
1,0.6219450098884574,1
0,0.7865474733832608,0
0,0.6389828403192096,0
1,0.7573464211512391,1
1,0.5781975055208773,1
1,0.5185380455383891,1
0,0.7694329919960554,0
0,0.8400048063431923,0
1,0.6246212242294203,1
0,0.8231712946468772,0
1,0.7002585935069265,1
1,0.8913280535016187,1
0,0.9572038459777981,0
1,0.5465309231429526,0
0,0.9600982821898564,0
0,0.6458409697615864,0
0,0.7788692461756546,0
0,0.7271131201163512,0
0,0.9551559369178635,0
1,0.6565555735644336,1
1,0.7449469782355408,1
0,0.828781477981062,0
0,0.9356324979631452,0
1,0.7680910639638536,1
1,0.7544557969435358,1
1,0.7163142870391184,1
1,0.7800536528872387,1
0,0.7575840066084791,0
1,0.8195366336863515,1
0,0.769955125916552,0
0,0.8314516657179309,0
1,0.5313060068972971,1
0,0.9022895526929958,0
0,0.8856519817444498,0
1,0.7362143306174209,1
1,0.73368429037171,1
1,0.7247526786472495,1
0,0.8576178199111643,0
1,0.5776170587268791,1
1,0.862154481999196,1
1,0.7658017900945107,1
1,0.8488298210454076,1
0,0.8014544991781581,0
0,0.9368082442437907,0
0,0.6579186847255796,0
0,0.7722835792236603,0
1,0.5246250227210446,1
1,0.7794923867464997,1
1,0.7161405862598541,1
1,0.7671275045415455,1
1,0.6571638499244744,1
1,0.7638289704619385,1
1,0.7017396391333435,1
0,0.8303590539535928,0
1,0.7194736002496063,1
0,0.7017010741341532,0
0,0.6242846386454252,0
0,0.6485590064783204,0
0,0.6871193595946538,1
0,0.6607094391630176,0
1,0.5169802499133509,1
0,0.7812146052053429,0
1,0.8980927600751821,1
1,0.8305787846944866,1
1,0.8112583596384689,1
1,0.7194100133265113,1
0,0.8479047423947477,0
1,0.8341781518287789,1
0,0.9173026593879527,0
1,0.9131466806734579,1
1,0.8475404825538146,1
1,0.6758310194014642,1
1,0.834772024075173,1
0,0.8916007258896849,0
0,0.8658702281390428,0
1,0.6595789444846636,1
0,0.857852385919478,0
1,0.8348081786520705,1
0,0.8590758440102019,0
0,0.7612308689872932,0
0,0.9406350133825843,0
0,0.5902574489880522,1
1,0.838646214031003,1
0,0.9022425432473671,0
0,0.9576738938573535,0
0,0.62612889218377,0
1,0.8456995324312865,1
0,0.8290697191458924,0
1,0.7193769386706568,1
1,0.6633393882175395,1
0,0.6240336436736007,0
1,0.8334152085632961,1
1,0.703050852599659,0
1,0.5829975006046285,1
0,0.5361702167963173,0
0,0.765452862055257,0
1,0.6050613807178308,1
0,0.5163594127450135,0
0,0.6778150740044779,0
0,0.9616371722988897,0
0,0.9376702971926739,0
1,0.5620571232915619,0
1,0.7759078151651375,1
0,0.6688634413064336,0
0,0.6775568873734378,0
1,0.758013932248713,1
0,0.8114113380863762,0
1,0.854721060482275,1
0,0.9359888693764248,0
0,0.685640825661633,0
0,0.9755292662705478,0
0,0.8512953280910007,0
1,0.5915308701050144,1
1,0.8140499732033682,1
0,0.906259948923274,0
0,0.8256567088728207,0
0,0.7772434751954469,0
0,0.7591786238399414,0
1,0.8294334810711091,1
1,0.6823551677295537,1
0,0.7021916148617711,0
1,0.8903044633332731,1
0,0.7938862116206904,0
1,0.5327309556575405,1
1,0.6242281760396525,1
1,0.7406078672915056,1
1,0.8317696615197246,1
0,0.935232356309335,0
1,0.8808371412382534,1
1,0.5704658101153446,1
0,0.6422957882565523,0
1,0.6318530714095139,0
0,0.8800339197835476,0
1,0.7299560685234844,1
0,0.9135732493651805,0
1,0.7873742928465474,1
0,0.6456027071235164,0
0,0.862101431176364,0
0,0.8382628605424101,0
1,0.7046162815517919,1
1,0.5860440140904871,1
0,0.8817208116752848,0
0,0.8778180475338503,0
1,0.912955648214553,1
0,0.5237316992759585,1
1,0.917019315604799,1
1,0.8365277745393414,1
0,0.8489819549707585,0
0,0.7997426888058901,0
1,0.6267782266844583,1
0,0.8933553662550582,0
0,0.9191865517568722,0
1,0.6327572516122185,1
1,0.7288711769216912,1
1,0.5023869233895139,1
0,0.5418640592066333,0
1,0.7797309243982501,1
0,0.6808493146424435,0
0,0.8707857039306561,0
0,0.9606169661653244,0
0,0.7119092194420007,0
1,0.8913731595893692,1
0,0.8221644976641471,0
0,0.7356787248733112,0
0,0.5648334644940013,1
0,0.5835756785653642,0
1,0.8685036054060101,1
1,0.6951547212823658,1
0,0.749885683941536,0
0,0.8297435015350373,0
0,0.736423696560337,0
0,0.8383659297914476,0
1,0.8562678591385301,1
1,0.7165515677350887,1
1,0.8584553713450056,1
0,0.9672098326980809,0
0,0.7334335885553953,0
0,0.58544351241856,0
1,0.7711313212455609,1
0,0.5578090723828659,0
0,0.9191864368984338,0
1,0.618430008660029,1
1,0.5512963643278126,1
1,0.725334261098966,1
1,0.5866445407808513,1
0,0.914774692740067,0
0,0.832272920792725,0
1,0.8217304309745878,1
1,0.8111853963497584,1
0,0.9319980258530642,0
1,0.6871676452382274,1
0,0.768012041499842,0
1,0.8318373653833069,1
1,0.8330045493918784,1
0,0.7887118399759281,0
0,0.9091328545562234,0
1,0.8725833809239717,1
1,0.5736222677915146,1
1,0.7321078923670353,1
0,0.7620247606505447,0
1,0.7312295630347888,1
0,0.9279632810316348,0
0,0.685022073203652,0
1,0.8881202008482383,1
0,0.9110334498376687,0
1,0.8139992526724018,1
0,0.8696131405213468,0
0,0.5023147838940143,0
0,0.9478984814378928,0
0,0.6040077434449083,0
0,0.9501276379861054,0
1,0.9536857179661865,1
1,0.5337066900030326,0
0,0.7713541956538709,0
1,0.8419498857731265,1
0,0.6609912149074335,0
0,0.6599467465629199,0
1,0.5670724549183044,1
0,0.7802223929739014,0
1,0.7296355213360065,1
1,0.6807565477230579,0
0,0.9329539449917014,0
0,0.8515659465280709,0
0,0.8953583416527051,0
0,0.8930412555275609,0
1,0.6809396704880079,0
1,0.8214131166080323,1
1,0.7640842985986851,1
0,0.6606346842960689,0
1,0.6109657299725594,1
0,0.7087083372412486,0
1,0.7171595981809877,1
1,0.9009505457176287,1
1,0.7923743832910035,1
0,0.9106058882005579,0
1,0.6421279474650762,1
0,0.8449738842777031,0
0,0.8914010724195309,0
1,0.904368317538717,1
0,0.8519051531490478,0
1,0.6742032859417716,1
0,0.8258232485145457,0
1,0.8086017433063524,1
0,0.8200831197281379,0
0,0.9507307983859693,0
0,0.7486429872996689,0
0,0.9055145473552366,0
0,0.9227009166492554,0
0,0.6631353936278893,0
0,0.8902914387821763,0
1,0.7673692222218581,1
0,0.5824010156946069,0
0,0.7844603388867089,0
0,0.8680900592382444,0
0,0.5946734427167456,0
0,0.5130644929112231,1
1,0.590510031458184,1
0,0.9495670432287642,0
1,0.5450135199615058,0
0,0.8623309159714295,0
1,0.5932499602578732,1
0,0.7913426390117395,0
1,0.6133564257261996,1
1,0.9211293847635268,1
0,0.8185252297350378,0
1,0.5639601379139559,1
1,0.662610685785551,1
0,0.7291029275008046,0
0,0.5552617033120639,1
0,0.6196507004478651,1
1,0.8450764023301939,1
0,0.825584036776787,0
0,0.702481123945525,0
0,0.7198760862392477,0
0,0.9147543208652374,0
1,0.6048691056970591,1
1,0.6746289086781456,1
1,0.5530733228201345,1
1,0.654230480650648,1
0,0.7378951541602783,0
0,0.8602164156541886,0
0,0.8681864314610598,0
1,0.5566162022187755,1
1,0.9670820564389211,1
0,0.8393435267950473,0
1,0.8121192314856392,1
0,0.8820071897238467,0
1,0.5638915290365936,1
0,0.7212809298321653,0
1,0.8253458974509367,1
0,0.9810317580794988,0
0,0.6329688437604005,0
0,0.7937105866948442,0
1,0.9081235923600669,1
1,0.6745811298712334,1
1,0.830313341110916,1
1,0.8659072858598043,1
1,0.8660330146757562,1
1,0.8207933379351802,1
1,0.8801912912703833,1
0,0.7078371453915693,0
0,0.7377305225146826,1
0,0.7674726932729783,0
1,0.7940838671804363,1
0,0.5100745090383576,1
1,0.9003660722467723,1
1,0.5401502897960252,1
1,0.7404561028578559,1
0,0.9382571219893845,0
1,0.9166059989016898,1
0,0.8062520314317333,0
1,0.5007378019949801,0
1,0.7265159388720221,1
1,0.8072529438473238,1
0,0.7730221566086954,0
0,0.6732863559213774,0
0,0.7891648845868702,0
1,0.6244993274760613,1
0,0.6661040862406411,0
0,0.7166283578513584,0
0,0.8787302974123852,0
0,0.9262196583146117,0
1,0.8999985852520048,1
0,0.5626087281234995,1
0,0.8410458519905997,0
1,0.6973687214302197,1
1,0.9044431130876591,1
0,0.8956475367692256,0
1,0.5753313880281135,0
1,0.8615418291961798,1
0,0.6998238475105238,0
0,0.8313665228310332,0
0,0.9732191603313335,0
1,0.7933552754487981,1
0,0.7271019980902687,0
0,0.5038987460110987,1
0,0.7781683003334446,0
0,0.9496001158919996,0
0,0.924114862219015,0
1,0.7877196689081013,1
1,0.8351226689909481,1
0,0.7314093446778279,0
0,0.8087997234941098,0
1,0.7029543607191774,1
1,0.6046326269380751,1
0,0.9499673624287238,0
0,0.9240431389104357,0
0,0.575469159526092,0
1,0.7728058686511257,1
1,0.7565695375971188,1
0,0.7430436354432767,0
1,0.7894656186449164,1
0,0.5096767313485336,1
1,0.86806951633308,1
0,0.9515662501127963,0
1,0.8674419873191979,1
0,0.9523304467806117,0
1,0.7936209575156944,1
1,0.8160106597534076,1
0,0.7899738416100512,0
1,0.6700133344099101,1
0,0.6214757785955798,0
0,0.8688801925616315,0
0,0.9323757129080797,0
0,0.5066203050616074,0
0,0.6447779815212519,0
0,0.8346497261758666,0
1,0.7366135642394294,1
0,0.6652511514535413,0
1,0.6131915678068214,1
1,0.8076785299831145,1
1,0.7103028713639707,1
0,0.6064436768920528,1
1,0.7586806416794387,1
0,0.8194211020511082,0
1,0.5118104498535748,0
0,0.875256691607897,0
0,0.5654595052404853,0
1,0.7506677085988374,1
0,0.5079005928982633,0
0,0.946041523638408,0
0,0.6583838623259053,0
1,0.7474380018334345,1
0,0.7603127272794834,1
0,0.8611585747656781,0
1,0.7642348486798209,1
0,0.9695617750555562,0
1,0.8034260050541686,1
0,0.5336726499684936,1
0,0.8886085504022635,0
1,0.6531058008006575,1
0,0.5359994848705192,1
1,0.680714487569072,1
0,0.8812841766063038,0
0,0.606691721405865,0
1,0.6354201612019895,1
0,0.8858206942725532,0
0,0.6590925200038369,0
1,0.8334895092828012,1
1,0.7038176468238689,1
1,0.9290806662227867,1
0,0.6325029680855291,0
1,0.7645785038612234,1
0,0.7250766047373282,0
1,0.7474923776812069,1
0,0.6768234917612562,0
0,0.8502419718358717,0
1,0.8856734050063803,1
1,0.6081857929284101,1
0,0.8712482510303873,0
0,0.8205862938843437,0
0,0.5815134940638719,0
0,0.8543228783699367,0
1,0.5745566320654084,1
0,0.7871724210384179,0
0,0.7411251324593453,0
0,0.5507124294007716,1
1,0.5861095406000497,1
1,0.835237027274876,1
0,0.9623063346072372,0
0,0.7543256679191177,0
0,0.8373167126243737,0
0,0.6764848172954812,0
0,0.7677413144278976,0
0,0.7261641647181423,0
0,0.9455300125274616,0
0,0.8744384156162707,0
1,0.5370866923088606,1
1,0.6720821176178053,1
1,0.5339214817350915,1
0,0.8431557471573008,0
0,0.9312026915540764,0
0,0.9246592144017175,0
1,0.7309355212475019,1
1,0.6326098552630014,1
0,0.815592776908516,0
1,0.5472566305836521,1
0,0.8972064114817204,0
1,0.5898010706348237,1
0,0.8674298997501011,0
0,0.7054965980417219,0
0,0.8046105450180376,0
1,0.6869524195175876,1
1,0.5860492473639581,1
1,0.834865045076228,1
0,0.8327244095900138,0
0,0.7475374463340907,0
1,0.6081049195103289,1
1,0.7952957764791434,1
1,0.8206700564153818,1
0,0.841778573543082,0
1,0.812300380864998,1
0,0.6869701901553338,0
1,0.6258924867120794,1
1,0.7245661180910424,1
0,0.7771568891713078,0
0,0.9303020250463364,0
0,0.7749063888651334,0
0,0.8258736857787694,0
1,0.7617494947874771,1
0,0.81655696300627,0
0,0.9261342951633814,0
1,0.8850040602170641,1
1,0.7919573448188065,1
1,0.7522563030298531,1
0,0.8976776488234924,0
1,0.7715016183010418,1
0,0.9421971502742198,0
0,0.8821085582722887,0
0,0.8046129069272304,0
1,0.8840715403907256,1
1,0.8684724128005014,1
0,0.6756722913419257,0
1,0.5617533708966767,1
0,0.6284767249013693,0
0,0.9473335667668003,0
1,0.8401948518963819,1
1,0.6456862218293145,1
0,0.7938966361715436,0
1,0.7317078398273039,1
0,0.8825173236841896,0
1,0.9208684115205695,1
0,0.9484698667910862,0
0,0.9372748898486463,0
1,0.7814810097002218,1
0,0.9040501832010722,0
1,0.6553511875561705,1
0,0.76436434144629,0
1,0.9130810862551999,1
0,0.6216944615648362,0
1,0.8586912712687554,1
0,0.9379775266580457,0
1,0.5642508861457652,1
0,0.8268095631880391,0
0,0.6763204214845864,0
0,0.841305312093333,0
1,0.8054855480082092,1
1,0.806747390046411,1
0,0.5938920097151856,1
0,0.7007287430886424,0
0,0.5280056276119115,1
0,0.8304545215108309,0
0,0.8888141587301401,0
1,0.8564090478528036,1
1,0.5145397090562459,0
0,0.7968047863103838,0
1,0.5737601497357,0
0,0.7095198882600496,0
1,0.5573884244932827,1
1,0.6967552964771099,1
1,0.9295126374731357,1
1,0.7879835220722479,1
1,0.8538737856805096,1
1,0.8160951458154858,1
1,0.9141469888559597,1
1,0.7017524874805574,0
0,0.8937577779317192,0
1,0.8979489272936558,1
0,0.8644039734020187,0
1,0.5253268341967402,1
1,0.8795552395649382,1
0,0.9634895163595201,0
0,0.726361674382233,0
0,0.779473928151019,0
1,0.6862676359815088,1
1,0.7418388402367642,1
0,0.8762132630463413,0
1,0.7734310894470435,1
1,0.6679325406428852,1
1,0.762264292579393,1
1,0.702319665534022,1
1,0.7547096853127989,1
0,0.5140658941467128,1
1,0.6858647151729704,1
0,0.9310902960321905,0
1,0.80808847918671,1
0,0.9424647701480262,0
0,0.7826572941855147,0
0,0.9339295932180849,0
1,0.7768083193735915,1
0,0.5105921331136035,0
1,0.731720454868332,1
1,0.5078579508856891,1
1,0.5442376640568033,1
0,0.7989401638334526,0
0,0.8891375446353061,0
1,0.7563267668216364,1
0,0.580764867626786,0
0,0.5158794573037474,0
0,0.7422837160095219,0
1,0.8877429292728958,1
0,0.9061964276237492,0
0,0.872278872777284,0
0,0.9201013481160635,0
1,0.7031518074323972,1
1,0.6082215781935421,1
0,0.8316772648714558,0
0,0.7732172788659584,0
0,0.867933068366009,0
1,0.9308682864519319,1
1,0.7167745840575102,1
0,0.9227934053756599,0
0,0.7318875340855417,0
1,0.5711503345500931,0
0,0.5549253964534306,1
1,0.5863287799214849,1
1,0.8447186587658524,1
0,0.8754065946533939,0
0,0.5448134603696441,1
0,0.5864269921090327,0
0,0.9081994616647863,0
0,0.7550375880904426,0
0,0.640516492879078,0
1,0.6692412640026015,1
1,0.8839068905217671,1
1,0.5781466498074169,1
1,0.7208906644103039,1
0,0.6456049448929785,0
1,0.9613988209808957,1
0,0.785148360996885,0
0,0.6818241997128076,0
1,0.8836434144750109,1
1,0.8439307283224687,1
1,0.8615981713595481,1
0,0.7545212968337125,0
0,0.7722860701636373,0
0,0.930620337863286,0
1,0.7664478162650826,1
1,0.5658531974693137,1
1,0.8555613445147755,1
0,0.5813394322755404,1
0,0.5158760974500219,1
1,0.9338372724769974,1
0,0.845036955618183,0
0,0.9769449244260064,0
1,0.8144724793760655,1
0,0.8891194484837563,0
0,0.8012889072020943,0
0,0.7294699060530985,0
1,0.8803173932719845,1
1,0.7602040442315652,1
0,0.6587134845316515,0
1,0.8581775856981759,1
1,0.6881526647687422,1
1,0.892961946019984,1
1,0.8245940858324713,1
0,0.6974349034749501,0
0,0.9603565281792348,0
0,0.8667178471565996,0
0,0.9462488159453969,0
0,0.854807431954021,0
1,0.8210534296105674,1
1,0.6746188582948079,0
0,0.8705235229770427,0
0,0.764967652923354,0
0,0.9178912587857346,0
1,0.61849535579233,1
1,0.7925400282869874,1
1,0.8590848500121866,1
0,0.8826526411617307,0
0,0.8886681617253261,0
0,0.6773212397914246,0
0,0.8023691570618879,0
0,0.8779493429681466,0
0,0.9617533061187072,0
0,0.8718550909030981,0
0,0.9332176982975698,0
0,0.86150847581983,0
0,0.8992347614054097,0
1,0.6473797948172648,1
0,0.5905129998077846,0
1,0.8611353477387885,1
0,0.9308245235339154,0
1,0.9002180254365755,1
0,0.8184888587291875,0
1,0.6369556945829675,0
1,0.6500411057788422,1
1,0.6399584711910157,1
1,0.8637809812803077,1
1,0.6703106357354294,1
1,0.7870315366968978,1
1,0.746187319822876,1
1,0.8021698876099553,1
1,0.6575867100476598,1
0,0.9100040288778612,0
1,0.7880179152598438,1
0,0.6984539003862824,1
1,0.8462626889544284,1
1,0.7610928901698732,1
1,0.8245565423039218,1
0,0.9179612923079666,0
0,0.5364778296496588,1
0,0.5554919988774264,0
0,0.5122946858786935,0
1,0.7253505375755087,1
0,0.8633337304929476,0
0,0.7134197201562633,1
1,0.571669807217507,1
1,0.7793874676784658,1
0,0.8539819665180359,0
1,0.8336618640452415,1
1,0.8665084439075205,1
0,0.7414275893123421,0
0,0.6182742453842782,0
0,0.5995442378573296,0
0,0.8818292418766333,0
0,0.8727092947086503,0
0,0.7329335403879514,0
0,0.7651262471069642,0
0,0.6538959232113594,0
0,0.7770711468107298,0
1,0.7771580279791247,1
1,0.7242499321410694,1
1,0.7050108468510214,1
0,0.5639599007775249,1
1,0.837259230302406,1
1,0.756356058634539,1
0,0.778729018264221,0
0,0.7744846931328404,0
1,0.8811140355940766,1
1,0.7951447600047212,1
0,0.94316861740345,0
1,0.7237529137393832,1
1,0.5172181565732955,1
1,0.8480159437769849,1
1,0.8363916539595109,1
0,0.7523324436447175,0
1,0.83276677868443,1
0,0.9048624890019984,0
0,0.6641265679338494,0
1,0.8302914976070813,1
1,0.8556605515157862,1
1,0.7909111382158395,1
0,0.7243623803933471,0
0,0.6799724873499287,0
0,0.9199962668040108,0
1,0.8186915357192117,1
0,0.6920786822683278,0
0,0.7673984584051582,0
0,0.7860749670999819,0
0,0.7406891721840514,0
1,0.8541979195626618,1
1,0.6640632934650975,1
1,0.6155557477352048,1
1,0.545998779328977,1
1,0.5806288926050146,0
0,0.6278850042836818,0
0,0.7569941624783326,0
1,0.5404288482176972,0
0,0.9200400064767926,0
1,0.5182311437659386,0
0,0.5614846434194012,0
0,0.7448844148840971,0
1,0.7645277155290222,1
1,0.7163149027114173,1
1,0.6849085492229808,1
0,0.852297507609875,0
1,0.7153317041120089,1
1,0.6954541446046024,1
1,0.8906177708109275,1
0,0.5760040680482754,0
0,0.7376621877499078,0
1,0.677488061460741,1
1,0.9268563466342472,1
0,0.570732100802683,0
0,0.5102069692420476,0
0,0.8597931852857527,0
1,0.5358717963724788,1
1,0.6405473135810476,1
1,0.5078803044581475,1
0,0.7408993121808182,0
0,0.702118483578332,0
0,0.8213552538781556,0
0,0.7730843229995827,0
0,0.8984755599443733,0
0,0.6624441401871953,0
0,0.8196359153812258,0
1,0.6747136552858818,0
0,0.6747393767150821,0
1,0.5620788036703789,1
0,0.8645352260521835,0
1,0.6541945753860409,0
0,0.6538599728929235,1
0,0.8484419124181953,0
1,0.8908124426806382,1
0,0.8184951536477658,0
1,0.7147401640422526,1
0,0.8751829964717582,0
1,0.6041254352689415,1
0,0.8534045276263661,0
1,0.9080937074935286,1
0,0.7624113369655708,0
0,0.6009346720241268,1
0,0.9396041689745002,0
0,0.8634592079077937,0
1,0.8271141419176388,1
1,0.7181801983091849,1
0,0.5148381073994056,1
0,0.5974701596821325,0
0,0.7756471850250014,0
0,0.915927181314341,0
1,0.8048216890776209,1
1,0.8592654874192425,1
0,0.7803728203808203,0
0,0.671471480819332,0
1,0.7373149304139808,1
0,0.9502222022646742,0
0,0.971917592904418,0
0,0.5999033927496455,0
0,0.9235051740143955,0
1,0.8551587322370018,1
0,0.7383383657468496,0
0,0.7812770806945376,0
0,0.5512476033672837,0
1,0.8641411058967532,1
1,0.5084798369562523,0
1,0.8093274970463171,1
1,0.8015367338836968,1
1,0.6936837001720946,1
1,0.8550212335863225,1
0,0.8877380087093354,0
1,0.5273668452065682,1
1,0.780085655378692,1
0,0.92428385694386,0
0,0.6204594701292403,0
0,0.550518446510324,1
1,0.6422471593305527,1
1,0.9132545777049733,1
1,0.7335235668835595,1
0,0.8642114831833122,0
0,0.7377960936187976,0
0,0.61867965408311,0
1,0.810141217515265,1
1,0.7389428822812626,1
0,0.8143195838583633,1
0,0.6020899229624634,1
1,0.6515853729141767,1
1,0.8547272841300664,1
0,0.9389206167614386,0
1,0.6635227287562128,1
0,0.8746221497609802,0
1,0.7511786817954225,1
0,0.6519676509753948,0
0,0.7371498773942866,0
0,0.5268318307878479,1
0,0.7982155104712325,0
1,0.9321321155141242,1
1,0.7980167427151701,0
0,0.7014995020117699,0
0,0.5046259553636603,1
0,0.6801292177698599,0
1,0.8610012548191062,1
1,0.9474322175003591,1
1,0.7941404626401074,1
0,0.5895378323358014,1
1,0.610055698609039,1
0,0.7971401803221206,0
0,0.5032301001736618,1
0,0.8747165505733923,0
1,0.6872724221253501,1
0,0.7166467324134943,0
1,0.555632693771342,1
0,0.787894013886833,0
0,0.8471186523443377,0
0,0.8542368659420343,0
0,0.8533348231956893,0
1,0.5712426088561119,0
1,0.7303403068767191,1
0,0.730787176509565,0
0,0.6605477375479593,0
0,0.8312090768830763,0
0,0.7387058342878975,0
1,0.680092299206317,1
0,0.860280530490347,0
1,0.7110072748369468,1
1,0.8942497020152889,1
1,0.8115206559264374,1
1,0.6210149810360733,0
0,0.7098592771738984,0
0,0.71191377689169,0
0,0.8712577599812823,0
1,0.7620029853537617,1
0,0.5823123435349018,1
1,0.8942158552420628,1
1,0.6780161925654169,1
0,0.7599837440584136,0
0,0.6272490031897472,1
1,0.7185595696038954,1
1,0.7486743348086071,1
0,0.7490695578482571,0
1,0.7381217649977879,1
0,0.6724812100087643,0
0,0.6737705752126907,0
0,0.9310879729875381,0
0,0.5918230711153905,1
1,0.590644367387797,1
1,0.835746721775659,1
0,0.7495420376934837,0
0,0.5654830759618752,0
1,0.7346879099702632,1
1,0.5762846431155405,1
0,0.9270292677695752,0
0,0.7214369573434715,0
0,0.5721672319828358,0
0,0.6160286853521761,0
0,0.8685024714788767,0
0,0.5148663671053042,1
0,0.7956496138142188,0
0,0.7401367371888091,0
1,0.7696533655655304,1
1,0.5754013483616359,1
1,0.9265285568342838,1
1,0.616697208671251,1
1,0.8487268680902411,1
1,0.5289706314605168,1
1,0.8061987555786176,1
1,0.7671714911792421,1
0,0.6434763009802896,0
1,0.8884963243427398,1
0,0.985082927982742,0
0,0.8921334217911829,0
0,0.7875038358039183,0
1,0.815108762923219,1
0,0.5984246543978483,0
0,0.6201479641765827,0
1,0.7884303421891783,1
1,0.9463169409441846,1
0,0.756575077795001,0
0,0.6805793464135061,0
1,0.7088522072212122,1
0,0.7508716701004556,0
0,0.7998594540078284,0
0,0.7037599481894589,1
0,0.9298474877004836,0
1,0.7580324452573707,0
0,0.7255646620017141,0
0,0.8057936465799568,0
0,0.8670091412439718,0
0,0.6612217366766322,0
0,0.7012988532755828,0
0,0.8291123272213073,0
1,0.6651542424595746,1
0,0.790493872661534,0
1,0.7722873030158633,1
0,0.7438466511640219,0
0,0.6625650133431629,0
0,0.9628191418843488,0
0,0.9045235240481392,0
1,0.5615046385196152,1
1,0.8737371602789591,1
0,0.5922302455399957,0
0,0.6510389942755694,0
1,0.8426080795591253,1
0,0.6100777215325842,0
0,0.7309224210670865,0
0,0.5426212002608904,0
1,0.658017699209122,1
0,0.6533873428480237,0
1,0.9066057501375673,1
1,0.6906886309568055,1
1,0.5849286994377271,1
1,0.6219781470997076,1
1,0.783753357060445,1
1,0.6717792167716984,1
1,0.9221271361666645,1
1,0.9724882350360332,1
1,0.8042375255749981,1
1,0.8443361790427668,1
0,0.6940815512433108,0
0,0.8619300439426638,0
0,0.7838138703007905,0
0,0.7041554073380218,0
0,0.8910465189329829,0
1,0.5948889734422849,1
0,0.955226990006886,0
1,0.7929322214557389,1
0,0.8257798378402506,0
1,0.7431651244788368,1
1,0.7311198358169851,1
1,0.8199536239048268,1
0,0.7003626049302971,0
0,0.6516934159346337,0
1,0.8558578919089617,1
0,0.86057671909475,0
0,0.7145941689412634,0
1,0.5679912151013111,0
1,0.8003134938278275,1
1,0.9220395623608689,1
1,0.5423816338480035,0
1,0.8386462516322831,1
1,0.5338227361666106,1
0,0.5044188620994926,0
1,0.6012319562640137,1
1,0.682458227754144,1
1,0.7450811409027208,1
1,0.6706543150315015,1
1,0.8014957028812587,1
0,0.778080365834418,0
1,0.8460115974800745,1
0,0.7625209191763066,0
1,0.7399649209224678,1
0,0.5378709142524184,0
0,0.7522929023811824,1
1,0.6173256434584062,0
1,0.696384730391152,1
0,0.8515345194387058,0
0,0.7177247053242214,0
1,0.7814568599558644,1
0,0.7709842974538375,0
1,0.5966426070076732,1
0,0.7901722104216556,0
1,0.7164301103097063,1
0,0.5614512528452782,1
1,0.817725986571156,1
1,0.5289788651811121,1
0,0.9060652027136041,0
1,0.894381931453437,1
1,0.677340947934632,0
0,0.7753568612475142,0
0,0.6821304936290469,0
1,0.732782400030049,1
0,0.8145362259331492,0
0,0.8641358397652085,0
1,0.7090090081598429,1
1,0.6763261043239713,1
0,0.7916996844583821,0
0,0.6851640505171395,0
1,0.8850206070663353,1
1,0.525983546697938,1
0,0.9122504847814564,0
1,0.8133247969265165,1
0,0.7188883984456255,0
0,0.8161658831324701,0
0,0.7643847914173109,0
1,0.574993898940564,1
0,0.684477634354476,0
1,0.9021699024627611,1
1,0.8153360692436344,1
1,0.8090886965022196,1
1,0.9073351839654006,1
1,0.8558398564607108,1
0,0.8441904641739344,0
1,0.8406483213197475,1
1,0.7190344960950298,1
0,0.9164688223176232,0
1,0.6660420485087765,1
1,0.5832326688893418,0
1,0.5255373812268135,1
1,0.8009887282501954,1
0,0.6380464168523823,0
1,0.7530608041797381,1
1,0.5227183274272079,1
0,0.8857188928314234,0
1,0.8742576922559864,1
0,0.7031094954460766,0
0,0.8228002284396428,0
0,0.8922254606732879,0
1,0.9306028683448876,1
1,0.7181827810718013,1
0,0.8348190924963803,0
1,0.5775695835741337,1
1,0.7699910525778939,1
0,0.8204505935026307,0
0,0.8102136506058587,0
1,0.8822416816073089,1
0,0.9226879018530968,0
1,0.6085868208388044,1
1,0.6433106938614408,1
1,0.609887888018276,1
0,0.9043094882435493,0
1,0.7831823497821485,0
0,0.8656252758242324,0
0,0.5694672651185785,1
1,0.9043765177260207,1
0,0.6316437221352955,0
0,0.7339668282431309,0
0,0.8636338612880216,0
1,0.5022956561968421,1
1,0.7534827208885881,1
0,0.8211490045616268,0
0,0.8104121498656351,0
1,0.7109083199151897,1
0,0.9573337715831471,0
1,0.8140374292471364,1
0,0.6680041824879343,0
0,0.8074657300270259,0
0,0.8878673559719444,0
0,0.7747368023358714,0
0,0.5089766986169376,1
1,0.5200074581569348,0
0,0.8041226708777675,0
0,0.790002069825725,0
1,0.5540355091927341,1
1,0.7995084359874894,1
0,0.9346372484418837,0
0,0.5082988376171097,1
0,0.8725280725747223,0
0,0.810930201307449,1
0,0.5937280028671227,0
1,0.7569333053400829,1
0,0.7067094153062222,0
1,0.5355973151381215,1
0,0.7512764305505342,0
0,0.9863105425712322,0
1,0.587705463200881,1
0,0.8056141890917263,0
1,0.701525125569284,1
1,0.9207042406749107,1
1,0.7137105969063172,1
0,0.8494196239635636,0
0,0.5945253241247894,0
1,0.7260267983300729,1
0,0.6504266076529028,1
0,0.8328560498801186,0
0,0.7578627115137877,0
0,0.6702528333996645,0
0,0.7102651208393473,0
0,0.8841493208132712,0
0,0.6163879797052723,0
1,0.5036073152017668,1
0,0.5947640567556347,1
0,0.6106654994159266,0
0,0.7776282913234601,1
0,0.6145145891042961,1
1,0.5262208713585083,1
1,0.5044112428610074,1
0,0.8834966772009902,0
1,0.9679642183756102,1
1,0.5417769418164148,1
0,0.9003784807236521,0
1,0.8787019499509204,1
0,0.7838780238418287,0
1,0.7022983301632011,1
0,0.7919674852166334,0
1,0.7983627232134017,1
1,0.7152078957248437,1
0,0.8437681104427966,0
1,0.9195125161153094,1
0,0.892157479998383,0
1,0.6254773007363357,1
1,0.8301529381993908,1
1,0.8048021025512883,1
0,0.8350400989555107,0
0,0.783400871563533,0
0,0.7960602961847546,0
1,0.7881274136267363,1
1,0.7822884419169052,1
1,0.741736177750823,1
1,0.8728561693701474,1
0,0.8959879148137354,0
0,0.6303458029860781,1
0,0.7677630824387219,0
0,0.8923576675031824,0
1,0.5380617009852733,1
0,0.9212833937631159,0
1,0.7832621914711966,1
0,0.7954903116194798,0
0,0.6031822772135776,0
1,0.7825715811589015,1
1,0.6696252757442798,1
1,0.566463741074523,1
0,0.5289042755773127,1
0,0.9353708577276239,0
1,0.5159073269853276,1
0,0.8849242282711516,0
1,0.941198783320459,1
0,0.790680390949523,0
1,0.6647280305646397,1
0,0.9673266778785772,0
1,0.8609609109312935,1
0,0.7223555591468432,0
1,0.8732684933577842,1
1,0.6583277475031162,1
0,0.7684755434625908,1
0,0.8464725204158876,0
0,0.7303630350150772,0
0,0.717870253057343,0
1,0.7865076635206631,1
1,0.7565380395027107,1
1,0.8510372842857538,1
0,0.838484417446649,0
1,0.8040797918531584,1
1,0.548858604846407,1
0,0.6236809869918664,0
1,0.758043016611296,1
1,0.7266720113853641,1
1,0.5209536213980893,1
1,0.7322062551130273,1
1,0.9003602951351899,1
1,0.7870019794567827,1
0,0.9836185870300745,0
1,0.7730707349548146,1
1,0.5765745000112453,1
0,0.8775656468980211,0
0,0.7257934073522777,0
0,0.7802836738491314,0
1,0.9489168484498433,1
1,0.6732177544667942,1
1,0.5306880393129518,1
1,0.735780951489959,1
0,0.8517130468417556,0
1,0.5212126577093146,0
1,0.903112775019516,1
0,0.9113827802858929,0
0,0.8947728821756206,0
1,0.9135315604835971,1
1,0.6335679849842685,1
0,0.7662052400991417,0
1,0.5661317772936512,1
0,0.9308578565219587,0
1,0.7152025152997246,1
1,0.5674443994888396,0
0,0.9529746329788139,0
1,0.8399875769490028,1
0,0.6248822853341425,0
1,0.872973603687142,1
1,0.9199258752989858,1
0,0.9459229023519743,0
1,0.729341014930792,1
1,0.5769990185538798,1
1,0.7812126828920772,1
0,0.5600981159413024,1
1,0.8935523849789168,1
0,0.6189316980435995,1
0,0.8704433605010772,0
0,0.8523195769347226,0
0,0.9090762488478011,0
0,0.9469424951743304,0
0,0.7900953657018835,0
1,0.9134041516512766,1
1,0.5720420184099544,1
0,0.7688426876007108,0
0,0.8414934603249812,0
1,0.770081540545896,1
0,0.7099172759226766,0
1,0.6207436029938379,1
1,0.6402908750742328,1
1,0.7861252892522201,1
0,0.8554329401834307,0
1,0.8655575049551367,1
1,0.9225166708991827,1
1,0.8343140734915747,1
0,0.7044531567706477,0
0,0.7379377905746425,0
1,0.7332030423373397,1
0,0.7645585731904527,1
0,0.5095025973988501,1
0,0.8813240311729839,0
0,0.5895128618169465,0
1,0.7080582672492427,1
0,0.8485846198378115,0
0,0.7497763373071408,0
0,0.54170370525599,1
1,0.840079585256169,1
1,0.5993976914196341,0
0,0.7516937464236344,0
0,0.7049697266735198,0
1,0.821058494746294,1
1,0.778595388756834,1
0,0.888852588099836,0
0,0.9836572641577572,0
0,0.9595149401159525,0
0,0.6472761038084166,0
1,0.5675384675389326,1
0,0.8303962641694306,0
1,0.956897662343613,1
0,0.6568603340802136,0
0,0.6815872189972741,0
0,0.6171096272951808,0
0,0.6258047651275621,1
1,0.6278645126927095,1
0,0.8060337893297903,0
0,0.5624147315347204,1
1,0.5367252245778441,1
0,0.9294062541694373,0
0,0.6491078880597958,0
1,0.9210923548134433,1
0,0.6625572332679005,0
0,0.8539688055658162,0
1,0.6202408859661623,1
0,0.9537427731210133,0
0,0.848731448479302,0
0,0.7291622480132878,0
0,0.7308585193988295,0
1,0.7588191598160339,1
0,0.9271520106885557,0
0,0.8175605431041989,0
1,0.7923878993671605,1
0,0.8690350068042999,0
0,0.9364263488695987,0
0,0.8895339103123848,0
1,0.6483112866255301,1
1,0.6879144858295191,1
1,0.8903783828239464,1
1,0.8160489941914746,1
0,0.8704051685260545,0
1,0.7512524094577067,1
1,0.8292302208132436,1
0,0.5563582445945068,0
1,0.7321991657531782,1
0,0.5595748106915256,1
1,0.5119983701834897,0
0,0.8393882038732519,0
0,0.9106813415356017,0
1,0.65580395436249,1
1,0.9317277902060991,1
1,0.7404451819134574,1
0,0.6871447754089521,0
0,0.905967974089678,0
1,0.830126803549408,1
1,0.7588182838642293,1
0,0.5524290532743446,0
1,0.7849337679282703,1
0,0.8827801255322181,0
0,0.772830898221551,0
1,0.8422168150178466,1
1,0.8374999412287378,1
1,0.6331683911929692,0
1,0.818274711052802,1
1,0.7876762304842858,1
0,0.7480367482607942,0
0,0.9032627133611373,0
0,0.6890305755888464,0
0,0.7028606745078442,0
0,0.5179035022886675,1
0,0.8825803643276179,0
1,0.9116845934360869,1
1,0.5871190474408116,1
0,0.7745432112403173,0
0,0.8458785678517722,0
0,0.8025717740788163,0
1,0.594698527959843,1
1,0.6707473537728803,1
0,0.8390417441178177,0
0,0.7865263140893466,0
0,0.9358135273518212,0
1,0.7629148143247916,1
1,0.64783167236142,1
1,0.725516553035962,1
0,0.9381013966544822,0
0,0.8177276206555841,0
0,0.6156213173295849,0
0,0.5355714648653923,1
0,0.7306801013526131,0
0,0.8658073121125792,0
0,0.8359294520872579,0
0,0.7934524654682561,0
0,0.9461978584537993,0
0,0.9188782333794911,0
0,0.7039854148721697,0
0,0.8195022580633856,0
0,0.70173378633213,0
0,0.9055199688326719,0
1,0.8113434504624,1
0,0.7456532396064619,0
0,0.8890148936292791,0
1,0.8162667226722214,1
1,0.5499075630368893,1
0,0.8272223286051648,0
0,0.9411098413064721,0
0,0.7339296544628352,0
1,0.8210594006171078,1
0,0.902309668906071,0
1,0.7423759700789627,1
1,0.9123436805606585,1
1,0.6775440103392065,1
1,0.5128474284069757,1
0,0.6553300674266382,1
0,0.6778638260614362,0
0,0.7747628962892725,0
0,0.8596547517149323,0
1,0.8038236873960034,1
0,0.944298133770049,0
1,0.515132260593743,0
0,0.6755299741952031,0
1,0.6557067713237986,1
1,0.6410242577678699,1
0,0.8974439366061364,0
1,0.5736880628524661,0
1,0.8245405565650074,1
0,0.5661571130798995,0
1,0.5802165201459982,1
1,0.8073002119060452,1
0,0.8001408236676005,0
1,0.657804579233531,1
0,0.8358413888297377,0
1,0.5538475616259367,1
1,0.857081951300551,1
0,0.7054612648638162,0
1,0.8205270461811354,1
1,0.9152780087706042,1
0,0.9817817014684996,0
0,0.9059083808730793,0
0,0.8010945962503364,0
0,0.7696765471722897,0
1,0.6197972152544482,1
1,0.8757031213768367,1
1,0.8694575264860124,1
1,0.7702355869301776,1
0,0.8912635730949935,0
0,0.7071777376070892,0
1,0.8811845353451485,1
1,0.5746525792055267,1
1,0.7513524309371513,1
0,0.5451426578633176,1
1,0.9276675891113457,1
1,0.8262887642933523,1
1,0.8815335709332691,1
1,0.7861134235707671,1
0,0.9512032120605463,0
0,0.7317030201612266,0
0,0.9060518450501553,0
0,0.8141224053889304,0
0,0.8085146140267407,0
0,0.7685398509662855,0
1,0.8734545188121703,1
1,0.6528150422357526,0
1,0.8945119644054145,1
0,0.8349513621266708,0
1,0.8218815745437943,1
1,0.8186972389638402,1
0,0.8750467016070786,0
1,0.6824323122173503,1
1,0.8684909168716946,1
0,0.8763877921159435,0
1,0.732045851297581,1
1,0.6519234978161701,1
0,0.8521855903230422,0
1,0.6739394603539219,1
0,0.8982436937698011,0
1,0.8667377609572541,1
0,0.7214874692087057,0
0,0.6226131760168477,0
0,0.8070536928248977,0
1,0.7130411257568094,1
1,0.8906824311674294,1
0,0.8844865767627488,0
1,0.8002663061076267,1
0,0.553107599026061,1
1,0.6766276756200605,1
0,0.8773138268432542,0
1,0.8898336779323671,1
1,0.6757787097355137,1
0,0.8768034122312629,0
1,0.6769843940613468,1
1,0.9467912729358906,1
1,0.6250108352246049,1
1,0.6726985065134502,1
0,0.9387975834105639,0
1,0.8322352496720481,1
1,0.8028805612050035,1
0,0.6022882430778403,1
0,0.8004217066461725,0
0,0.8049072639527386,0
1,0.8198123559983156,1
1,0.8438310010174355,1
0,0.5997580951054682,1
0,0.5144551260570585,1
1,0.7651985053438166,1
1,0.6247783601403163,1
0,0.7665679807892541,0
0,0.847907291649677,0
0,0.885546122237005,0
0,0.9461865304003227,0
0,0.8917376127292889,0
1,0.7899738760095728,1
0,0.9510060055571611,0
1,0.8446922054133683,1
1,0.6282016675302017,1
0,0.9280264068169135,0
0,0.7130561273888234,0
1,0.7228958170184245,1
0,0.7561889071215869,0
1,0.6970189268362952,1
1,0.8554438336481824,1
1,0.7640190202237773,1
0,0.8081709207386779,0
0,0.7385072273242888,0
0,0.9492751266501303,0
0,0.6141004177833678,0
1,0.7201761806996496,1
0,0.8894156767923438,0
1,0.5423286529249776,1
1,0.8640677207546572,1
0,0.7807103291644378,0
0,0.9373682397834001,0
1,0.6958293197083035,1
0,0.6070458801510745,1
1,0.7102327573950372,1
1,0.5738369601120435,1
1,0.8027399621159688,1
0,0.7615683313648137,0
1,0.8724432959848519,1
0,0.7201409230608045,0
1,0.6468197710734189,1
1,0.6585711927067927,1
0,0.9123833826164581,0
0,0.7094483228807177,0
1,0.7732478526462856,1
1,0.8532795695675579,1
0,0.8174145449752404,0
1,0.8011063437319885,1
0,0.9509849158967254,0
0,0.7486516771537486,1
0,0.8767707061329797,0
1,0.6340492008264783,1
1,0.6928804089557601,1
1,0.6325776500821835,1
1,0.5761534498020655,1
0,0.9062538717201973,0
1,0.6786497791928034,1
1,0.8752832110274746,1
1,0.5304969862629343,1
1,0.8821062040090057,1
1,0.6606839419148991,1
0,0.8511466718849171,0
1,0.5370545910928617,0
0,0.8479833188903642,0
0,0.6505322031429719,0
0,0.5552288839312521,0
0,0.9411033033670093,0
0,0.9054845635245798,0
0,0.8272898719767207,0
0,0.8437159508350673,0
0,0.9763811899519067,0
1,0.7465805994011294,1
0,0.8069689234347661,0
0,0.6656727272123532,0
0,0.5686689705769663,1
1,0.8957849328827915,1
0,0.9453910103972278,0
1,0.7940307742749916,1
1,0.5311701086433006,1
0,0.5684611388814844,0
0,0.8412691036155944,0
0,0.822821542048046,0
0,0.659660063913221,0
1,0.906753333678709,1
0,0.5862941521336188,0
0,0.9039296450415522,0
1,0.7522952952042132,1
0,0.9202712871614223,0
0,0.61109115841373,1
1,0.7882890474226885,1
0,0.8781580749488692,0
1,0.7631476806782618,1
0,0.8744102591729511,0
1,0.6937220881925031,1
1,0.5820643959308169,1
1,0.8303587348814049,1
0,0.6090422587932242,0
1,0.7152458155362583,1
0,0.6721962119292315,0
1,0.726989667650558,1
0,0.8356813999364106,0
0,0.8190636371506238,1
0,0.769010452525849,0
0,0.8611762177147555,0
0,0.7589876341996035,0
1,0.6938873239649804,1
1,0.8601041500955515,1
1,0.556296921825134,1
0,0.9094848624801067,0
0,0.5950415078102456,1
0,0.9372698848161811,0
1,0.6531852855048756,1
0,0.8831924847459589,0
0,0.7498295955418072,0
0,0.9498540940065529,0
0,0.5287158451449003,1
0,0.8705119675830532,0
1,0.5892408696632032,1
1,0.7489261741546893,1
0,0.8482994838469947,0
0,0.8223786234920497,0
0,0.5706907751628045,0
0,0.8696363419655357,0
0,0.7610353786833008,0
0,0.5255684801401009,1
0,0.6742612190736212,0
1,0.5029347509458311,0
0,0.8499798957794455,0
0,0.8827989451942867,0
0,0.8420630899142614,0
1,0.6246504043256194,0
0,0.5205792978396944,1
1,0.8879808491813388,1
1,0.9022394875960815,1
0,0.9373470826577953,0
0,0.914118152583888,0
0,0.8464663517228229,0
0,0.9358104246939659,0
0,0.6136180990913803,0
0,0.871576660346821,0
1,0.6024650405596328,1
1,0.5748149776904247,1
0,0.7886754956844467,0
1,0.6197219313089014,1
0,0.5592974889032256,0
0,0.6105082356350274,0
0,0.8436417383525043,0
0,0.7605002107249361,0
1,0.6881861253840423,1
1,0.7452815210650509,1
1,0.5421004278714179,0
0,0.8843764716178777,0
0,0.6468258438006499,0
1,0.7180188459224803,1
1,0.7008771014054991,1
1,0.8261596129963856,1
1,0.7483742567539998,1
0,0.8161664248542132,0
0,0.5773939915785508,1
0,0.9799082087699531,0
1,0.8305583225045694,1
0,0.7027764257067985,0
0,0.853037995829481,0
1,0.9047521788885452,1
1,0.7731927896547444,1
0,0.8161936197657623,0
1,0.9303183445354761,1
1,0.54557866679283,1
1,0.5710914904786035,1
1,0.780414601629814,1
0,0.664244031292017,0
0,0.7644122453558863,0
1,0.9286276842159078,1
0,0.8709768844847995,0
0,0.7192874876840649,0
1,0.5928132765198881,1
1,0.7168644386173513,1
1,0.6474546353869459,1
1,0.7702334394046022,1
0,0.9230591850040359,0
0,0.7993048540046156,0
0,0.6208037061025554,1
1,0.7599206913361423,1
0,0.9069589673265208,0
0,0.7377360962983898,0
0,0.7622262483113593,0
0,0.8153783856383744,0
0,0.8887247747430627,0
1,0.6199397251927484,1
0,0.7315412300012727,0
0,0.775297889727155,0
1,0.8577526786282509,1
0,0.7564092501229929,0
1,0.8546114651579719,1
0,0.6667532931849127,0
0,0.7645219275156693,0
0,0.7749726895283766,0
0,0.7776194539851192,0
1,0.643764393711353,1
1,0.7028020791752861,1
1,0.9060419777571287,1
0,0.803233302448507,0
1,0.940772302052227,1
0,0.926650914926609,0
1,0.8972253650952414,1
0,0.8991792457677893,0
0,0.9410200555209782,0
1,0.671523216088845,1
0,0.9248640157115351,0
1,0.8144779085786154,1
0,0.5123682685422126,0
0,0.9735470732762127,0
0,0.8961379094112766,0
0,0.6579187168107,0
1,0.9397282583368861,1
0,0.6577162018011504,0
0,0.8393516863237299,0
1,0.9325522094399852,1
0,0.948553621768675,0
0,0.5923147766399749,0
1,0.7891610559731762,1
0,0.7200278476746824,0
0,0.8329729547338516,0
0,0.7174953100756919,0
0,0.7256985672199933,0
0,0.653151908841056,1
1,0.8865520460871081,1
1,0.8377372255222862,1
1,0.8581380869012067,1
0,0.512695143878064,0
0,0.6112753257238346,1
0,0.7646734989492313,0
1,0.7268079999566521,1
1,0.8727386234210945,1
0,0.7936071486843908,0
0,0.8662586840204157,0
1,0.6114357692357814,1
1,0.8973127675941934,1
1,0.7196248820993117,1
1,0.5693095605805967,1
1,0.7978072850667915,1
1,0.6067748179904662,1
0,0.7346744603085547,0
1,0.6796481406568116,1
0,0.7070538335640095,0
1,0.8365591364770719,1
1,0.7155443852133263,1
0,0.7157154747651041,0
1,0.80488074663847,1
0,0.8718801646975283,0
1,0.821464688923102,1
1,0.8869193753952207,1
0,0.6439013883609365,0
1,0.9284732723855649,1
1,0.8165962626530088,1
0,0.7789551046340664,0
0,0.929374009207178,0
0,0.5908093027538373,0
0,0.797946418984498,0
1,0.5376954649015088,1
1,0.6900459272646349,1
0,0.7820150592608934,0
1,0.8323698671565709,1
0,0.6236261030729973,0
1,0.6306487122659139,1
0,0.7536608095596937,0
0,0.8528784083700671,0
1,0.7858482665995882,1
1,0.6988267518382841,1
0,0.7762741855263809,0
0,0.8376255057077424,0
0,0.8694533037482598,0
1,0.9045240139760857,1
1,0.8582796584270851,1
0,0.8941101355642637,0
0,0.8636099160998109,0
1,0.6134915995226259,0
1,0.8544732729223572,1
0,0.7745176881756862,0
0,0.5727329874433241,0
1,0.8185232158087297,1
1,0.8341988697094179,1
1,0.5540442572689439,0
1,0.5392522228955897,1
1,0.7847218437891236,1
0,0.6805379055918216,0
1,0.8858131239558189,1
0,0.8572365797639988,0
1,0.7548851068161284,1
0,0.959340720354589,0
0,0.8606092291087974,0
0,0.5421346939491255,0
0,0.6880378537554029,0
0,0.9037827721405003,0
0,0.8485872254053247,0
0,0.8919588264935097,0
0,0.8527503276175148,0
1,0.5036990073618256,0
1,0.9230012192038642,1
0,0.7177914883003012,0
1,0.9199830618028169,1
1,0.9535018720328249,1
1,0.6380746402609624,1
1,0.6010300007417926,1
0,0.7198902496605958,0
1,0.9011982930916645,1
0,0.9586449450839035,0
0,0.7940730808946289,0
1,0.7944241963472923,1
1,0.757319517384773,1
0,0.8986232788465223,0
0,0.5085920026867443,0
1,0.8194457309115023,1
1,0.9040749911571417,1
1,0.8983209547909126,1
0,0.6919145298492555,0
0,0.869087733070023,0
0,0.8503896884110435,0
1,0.7270106776562384,1
0,0.8426371752013369,0
0,0.6276473507751825,0
1,0.9376326672727314,1
1,0.7883563258496009,1
1,0.7423338050788615,1
0,0.7995904964586144,0
1,0.8745837723348586,1
0,0.651176987300081,0
0,0.9345496151076265,0
0,0.8572579536750328,0
1,0.6256718452285858,1
1,0.7300241380557975,1
1,0.8831181369861457,1
0,0.9428002343290626,0
0,0.598136745883181,0
1,0.9052045621716707,1
1,0.9393219937532293,1
0,0.6688161402744944,0
0,0.8411746568004761,0
1,0.7359246935952951,1
0,0.725367373524352,0
1,0.7652565726366093,1
0,0.9193262649501929,0
0,0.7170338393224235,0
1,0.7029445399071393,1
1,0.9083930843028272,1
0,0.6525609066115639,1
1,0.538972699871365,1
0,0.9142478539031654,0
1,0.696301339799732,1
0,0.6626853199571083,1
0,0.922000230746281,0
1,0.6220299352727604,1
0,0.7386342992574246,0
0,0.9766138842796647,0
0,0.9406729967210571,0
1,0.8082815797051083,1
1,0.5466880591915864,1
1,0.7775748126625451,1
1,0.6511710296608099,1
1,0.9581829454187041,1
0,0.9483989961577656,0
1,0.7906058309417016,1
0,0.7448521550852679,0
1,0.588636226397323,1
0,0.6897498710015417,0
0,0.8023490113988692,0
0,0.7625662371210657,0
1,0.8854234388876189,1
1,0.8323721034791275,1
1,0.6450639439579705,1
1,0.8491848545855631,1
0,0.5410023499536286,0
1,0.8059812570290026,1
1,0.5866454035584608,1
0,0.5265312139824039,1
1,0.943614850066675,1
0,0.6152348232661327,0
1,0.764143279285345,1
1,0.6630219022597458,1
1,0.8220019835191207,1
0,0.7059191068325131,0
0,0.958603079842036,0
0,0.694279387697518,0
0,0.6197337556189406,0
1,0.8956347271850201,1
0,0.7571402877571464,0
1,0.6646474779653486,1
1,0.7497003443754738,1
0,0.8510548835136905,0
1,0.8320409709068933,1
0,0.9265451933569214,0
1,0.8455838258903936,1
0,0.8744413097947241,0
1,0.7857344638064755,1
1,0.8019300612449541,1
0,0.8252640430366748,0
0,0.8898290491724038,0
0,0.5998827896235159,0
0,0.580932638913088,0
0,0.5679513060589828,0
1,0.5673336612968628,1
0,0.6823049364166541,0
0,0.7352653429839728,0
0,0.9380221074885661,0
0,0.5822400761709601,1
1,0.8851703548702117,1
0,0.8088984224205545,0
1,0.6618545082931842,1
0,0.830181639480347,0
0,0.773174946180204,0
0,0.5683756937617122,0
0,0.8576076842841704,0
0,0.514742542665808,1
0,0.7323173738242583,1
1,0.7459569302481034,1
1,0.8666759517970344,1
0,0.9112743316514972,0
0,0.7165627097152372,1
1,0.9500499101701577,1
1,0.9612158502310664,1
1,0.6628636935573463,1
1,0.741120186681254,1
1,0.7927633889583203,0
0,0.7118430863155075,0
0,0.8367197462269399,0
1,0.6450169171397432,1
1,0.5026725926677102,1
1,0.7466833101730141,1
0,0.5641736784649197,0
1,0.7424099604608452,0
1,0.7252770698027622,1
1,0.5192214164985137,1
1,0.8814969768579334,1
0,0.8600504290669269,0
1,0.5729603067991187,0
1,0.6365636929394412,1
1,0.7985063636024035,1
0,0.5734504101221997,0
0,0.5305564212067865,1
0,0.7101263174832895,0
0,0.8986953891588977,0
1,0.7674918716098662,1
1,0.7423192985343725,1
1,0.6682487935163628,1
0,0.5632203487191886,0
0,0.7921973720729046,0
0,0.7712146872048048,0
1,0.6693448116206641,1
1,0.8213727339720318,1
0,0.9063019016023596,0
1,0.6447220683751158,0
0,0.7460839215191462,0
0,0.9008314984472703,0
0,0.809387676120409,0
0,0.8839974344954579,0
0,0.6723686288796308,0
0,0.7920047224924098,0
1,0.807135020821336,1
1,0.7570268566941111,1
1,0.8673748883592883,1
1,0.6827903714298877,1
0,0.5070388751780622,1
1,0.8523593463481055,1
1,0.6740345250800003,1
1,0.6521875405978858,1
0,0.8702848453848278,0
0,0.7647125504111284,0
0,0.6215762273091832,0
1,0.8175206369890292,1
0,0.6060352521069133,0
1,0.7614668294852509,1
0,0.6808618108158452,1
0,0.8062225453064281,0
0,0.788976309852616,0
0,0.7585666051326353,0
1,0.8164123126460379,1
0,0.8141392720445424,0
0,0.7232291298191322,0
1,0.7003328721130341,1
0,0.9476981947997407,0
0,0.535876266746474,0
0,0.7667676774643497,0
0,0.5113123945139657,0
0,0.814334456171504,1
0,0.7343652501951702,0
0,0.856790226398039,0
1,0.5565987140324867,0
1,0.9138955054868978,1
0,0.8246433380980578,0
0,0.8153694872438487,0
1,0.7567149546633682,0
0,0.664682254165231,0
0,0.8911033414405548,0
1,0.5961384210878478,1
0,0.9732650291563909,0
1,0.7502184634346659,1
1,0.9506235830098095,1
1,0.8058213883170467,1
0,0.5048523298463565,0
0,0.7509814171989526,0
0,0.8360878309796638,0
1,0.6171878092739173,1
1,0.5703102499123017,1
1,0.8136520280859729,1
1,0.835202788541713,1
0,0.7455941391997325,0
0,0.8827045595799733,0
0,0.6550440827341265,0
1,0.7321438244766473,1
0,0.6956731686397998,0
0,0.7867516176349391,0
1,0.7987651500392354,1
0,0.5809347436834912,0
1,0.7728377271105799,1
0,0.7843024142432391,0
0,0.6583220978819266,1
1,0.9333322404140382,1
1,0.9483228398562804,1
0,0.8967640560604269,0
0,0.5630045893483863,1
1,0.701289058800089,0
1,0.8052065481079178,1
0,0.7067549734157205,0
1,0.6304013724296259,1
1,0.7377371984346248,1
0,0.9044247184337626,0
1,0.6898922440794129,1
0,0.9000073609672622,0
1,0.5528871967843079,1
1,0.5771319711966997,1
1,0.7143502156700129,1
1,0.7074656252886258,0
0,0.8344202060575686,0
1,0.7528058753251907,1
1,0.780608403900438,1
1,0.5204322299498966,1
1,0.8108772798613562,1
1,0.8473808381597022,1
0,0.577209125626891,1
0,0.8603245852643602,0
0,0.836275370706394,0
0,0.5822920960872581,1
1,0.6836707603071447,1
0,0.6318209835159724,0
0,0.9271276185629621,0
1,0.8098483539947725,1
1,0.7024128846836651,1
1,0.8147755257074701,1
1,0.6182315751202737,1
1,0.8965114096291387,1
1,0.7913190510339984,1
0,0.6897284881216094,1
1,0.8970216020521941,1
1,0.828878776204515,1
0,0.7894540797988957,0
1,0.8867838633594824,1
0,0.7004107883040129,0
0,0.7754900431643955,0
1,0.8771165733614997,1
1,0.7988446737568462,1
1,0.7365518465206934,1
1,0.6702745445791531,1
1,0.7940851118204065,1
0,0.6404367804032225,0
0,0.7159223026172233,0
1,0.9093001410062295,1
0,0.7579013336458915,0
1,0.7027903269366899,1
0,0.8842721096706155,0
0,0.8983146398064673,0
0,0.913606731293223,0
1,0.774280049586213,1
0,0.8189058351683273,0
0,0.8135218250252085,0
0,0.694002400588632,0
1,0.8395087206092812,1
0,0.7216952117464064,0
1,0.7024460218624696,1
0,0.5925721174363393,0
0,0.6873703332326366,0
1,0.5237249251607125,0
0,0.8298951157322704,0
1,0.6735383368742555,1
0,0.7880344808740029,0
0,0.9146884682216312,0
0,0.7704572581280542,0
1,0.6433134481502906,1
0,0.5888153470154146,0
1,0.5365091576907511,1
0,0.6709535990277572,0
0,0.7362508649933198,0
0,0.839522305221033,0
1,0.54349892226883,1
0,0.9710673141383018,0
0,0.5749786402901559,0
0,0.8987036565974543,0
1,0.7045182167930518,1
1,0.5568807572953076,1
0,0.7761779990842604,0
1,0.8675618821330442,1
1,0.9065008527740016,1
1,0.5476153035504305,1
1,0.7856898611313168,1
0,0.6431595567300098,1
0,0.644158936974892,0
0,0.7569558446834024,0
1,0.9432698157047648,1
0,0.6072087327406477,1
1,0.7733946919657102,1
0,0.8070492384981084,0
1,0.7285652394477978,1
0,0.6714497906241083,0
0,0.7211537749088102,0
0,0.8922212541952692,0
0,0.759406701077481,0
0,0.7101130410826493,0
0,0.6947867752945135,0
0,0.8858573349266646,0
1,0.8288511559519439,1
1,0.6273278993221716,1
1,0.738454658866313,1
0,0.7568763827520553,0
1,0.8201138053553706,1
0,0.8541524474672074,0
0,0.67976062552683,0
0,0.5686565346620472,1
0,0.7184460061546446,0
1,0.5667137033897849,1
1,0.5921809750912933,1
0,0.916580061912387,0
1,0.7364735600158472,1
0,0.6152371227005502,0
1,0.6576800981457217,1
1,0.5844240843925574,0
1,0.6410662552940444,1
0,0.9080270595145902,0
0,0.6677332648357922,0
0,0.9010477995843627,0
0,0.8754846874372353,0
1,0.9089693837695257,1
1,0.6111570625948131,1
1,0.6935567292326924,1
0,0.7684970454224211,0
0,0.7749156570706046,0
1,0.6802494732064945,1
1,0.540018003522521,1
0,0.8200873864493466,0
1,0.844058881273979,1
0,0.9398136536904848,0
1,0.52761038427561,1
1,0.9165032686465259,1
0,0.7262933899843661,0
1,0.8653038705795494,1
0,0.8825649919172632,0
0,0.7174366730067476,0
1,0.7513434077553987,1
0,0.8098293920561813,0
1,0.6985927180065878,1
1,0.665996134295859,1
0,0.8592714253227585,0
1,0.9095581755695392,1
1,0.6438564380841583,1
0,0.8045073493858503,0
0,0.8247240266035113,0
0,0.8579938606384653,0
0,0.766636437414603,1
0,0.8681695870591478,0
0,0.6811045612211841,0
0,0.5935303211262778,1
0,0.8113026253176582,0
1,0.8255216117260672,1
1,0.6219422429125224,1
1,0.8075320157766493,1
0,0.8656792804393179,0
0,0.5604937848130475,1
1,0.5833001655793418,0
1,0.6219300823886381,1
1,0.7735845965725798,1
0,0.6591621444600878,0
1,0.6673042178979105,1
0,0.6818922590665215,1
0,0.6166185967059387,0
0,0.9238426967067195,0
0,0.720002947699105,0
1,0.7786859166404978,1
0,0.6611792886259166,0
1,0.8196923737586359,1
1,0.6703221023470449,1
0,0.7573196165801515,0
0,0.9328760852144531,0
1,0.7676398435207918,1
0,0.7360119961148373,0
0,0.6479265745167375,0
0,0.6878216337567157,0
0,0.6614820930333734,0
1,0.6097868941600378,1
0,0.7468794686455522,0
1,0.9197135506318682,1
1,0.5155730091206121,1
1,0.7239117299423972,1
0,0.7241517510917163,0
0,0.5010511898526562,1
0,0.6573780709362431,0
0,0.8601713909097445,0
1,0.753833731814722,1
0,0.8684106162674261,0
0,0.711686223280651,0
0,0.7945382760752839,0
0,0.5567690187363649,0
0,0.5428328670758934,0
0,0.9397126750363214,0
0,0.9164668444240682,0
1,0.6977040905862553,1
1,0.8028415504253088,1
0,0.7565445254486635,0
0,0.6845711986516672,0
1,0.6361224288755761,1
1,0.6045179262036717,0
1,0.8212943849285715,1
0,0.7971895770406463,0
1,0.7741162602027328,1
1,0.8312869506182612,1
1,0.8338324285265971,1
0,0.9365435826216336,0
1,0.9373841845421823,1
0,0.9260759872548913,0
0,0.7385023178335595,0
0,0.713301525740978,0
1,0.6127000326711611,1
1,0.6482681886612521,1
1,0.83809926684607,1
1,0.6522446179056793,1
1,0.5669245684965748,1
0,0.5930194528828334,0
0,0.8576412130254225,0
0,0.8283500985400445,0
0,0.5144983854053918,1
0,0.8481321012509094,0
1,0.7422312270934945,1
0,0.9372188225553507,0
1,0.713054426674592,1
0,0.8867359591563722,0
0,0.8056622956954953,0
0,0.7162065265668396,0
0,0.8178763862856624,0
0,0.540259355401968,0
1,0.7722817333716003,1
1,0.7930276072736369,1
0,0.6327349581224242,0
0,0.9225488497383962,0
1,0.8698318030121258,1
1,0.6337635541618603,1
0,0.7795110731098083,0
1,0.8149881816347784,1
0,0.6354254521634194,0
0,0.8696999292678808,0
0,0.9225405297317987,0
1,0.6994852852443669,1
0,0.8221348966836606,0
1,0.7133476936335669,1
0,0.8971731790430402,0
0,0.9101633584238321,0
1,0.7798879133395228,1
0,0.9466300038273404,0
0,0.8706392607076653,0
1,0.8860448503912145,1
1,0.8333355617264131,1
0,0.7472887893892546,0
1,0.5672414554540112,1
0,0.8651195583949746,0
1,0.8230891227730126,1
1,0.5172098657164264,0
1,0.5901631584792989,0
0,0.894711031697089,0
0,0.9619341999376543,0
1,0.8093809754908551,1
1,0.637486951859911,1
0,0.5072948029899103,0
1,0.6392462329736608,1
0,0.6598747611882123,0
1,0.7943639498412205,1
0,0.7201082938749167,0
0,0.8306775520228835,0
1,0.7364985842135345,1
0,0.6802041152038775,0
0,0.7698167414941707,0
0,0.9001504069255732,0
1,0.5077930008196704,1
1,0.7857266338595706,1
0,0.6658256060159919,0
0,0.8263718051722165,0
1,0.7460083460370827,1
0,0.6851241357269251,1
1,0.8883583815161519,1
0,0.8951508520321418,0
0,0.6593511217749617,0
0,0.9062141706149294,0
1,0.8917763250174108,1
1,0.9347577276635164,1
0,0.716658785794054,0
1,0.8663990316839262,1
0,0.6942624585104834,0
0,0.8422533902554085,0
1,0.831080288039911,1
0,0.7282202289417388,0
0,0.9610290990529842,0
0,0.7931115848642758,0
1,0.890530115748277,1
0,0.9043219814679706,0
0,0.8972792120457179,0
0,0.8144817667771626,0
0,0.7531545906361334,0
0,0.8560645346922607,0
0,0.6911520435609747,0
1,0.6497753987962684,1
0,0.8568076971382148,0
1,0.745968032672314,1
1,0.6757061552356275,1
0,0.7939752026694145,0
0,0.6820522204199206,0
0,0.67911038654184,0
0,0.6193193871249063,0
1,0.7832737542691852,1
1,0.833551594355891,1
1,0.6420060605119469,1
0,0.8219845086858771,0
1,0.809616919865973,1
1,0.6345383258578603,1
1,0.7211651528203284,1
0,0.8862377521413821,0
0,0.9388365307246497,0
0,0.8702700640021972,0
1,0.9066022068238261,1
0,0.8631859026103534,0
0,0.8334635682935808,0
0,0.8840557008705574,0
0,0.7227915119278874,0
0,0.9274778848044372,0
0,0.5217267718302988,0
0,0.6510091540389998,1
1,0.7796107654044009,1
0,0.6634534642239082,0
0,0.7777499124257813,0
1,0.8163798939476126,1
0,0.9637125545792556,0
0,0.9508225337371413,0
1,0.871492616737755,1
1,0.939299339011982,1
0,0.5343212142900525,1
0,0.770759222993675,0
0,0.6977408674014519,0
0,0.9475593680370156,0
1,0.8632936924596394,1
0,0.8844585725593987,0
0,0.673348948074485,0
0,0.9191067210197215,0
0,0.6696138848056233,0
0,0.8672694205998658,0
1,0.7361284019137129,1
0,0.7324204660916188,0
0,0.7379355504788675,0
0,0.895346571119071,0
0,0.670691492063749,0
0,0.8045960758334313,0
0,0.7589091874634453,0
1,0.8415857160181364,1
1,0.9358796263358323,1
0,0.6390822984992484,0
0,0.583582400748067,0
0,0.5283461416167662,1
0,0.5777664824150441,1
0,0.8690474056751397,0
0,0.5419296234668242,0
1,0.7739031509309006,1
0,0.8383080837490136,0
1,0.767194408472367,1
0,0.9422950634216826,0
0,0.8180953013052066,0
1,0.7663803588245102,1
0,0.8719990412993722,0
0,0.6543589821472624,0
1,0.5017358687620067,1
1,0.5755709967153295,1
1,0.7564472718144526,1
1,0.5886089322609013,1
0,0.7822244485958578,0
0,0.8523971162133275,0
1,0.839437022257347,1
0,0.8052465229179715,0
0,0.9124398341917699,0
0,0.9485591497464949,0
0,0.8610462895877979,0
0,0.6195034771452148,0
0,0.9124601508034821,0
1,0.8845191420675586,1
0,0.7252996275305112,1
0,0.9117244480668393,0
0,0.9077650412146921,0
0,0.8593640100094175,0
1,0.874661771062214,1
1,0.6127005139689907,1
0,0.5918070450670547,1
1,0.6495146710430588,1
0,0.6640983210778836,0
1,0.5932205843749466,1
0,0.8134749146601116,0
0,0.6564633503184579,0
1,0.8533574850555569,1
1,0.8566157509036728,1
0,0.9391307493363591,0
0,0.858979578376266,0
0,0.5204058295594801,0
1,0.9261093772934264,1
0,0.5792844194694169,0
1,0.9564654342293555,1
1,0.7134504321734587,1
0,0.847950484513535,0
0,0.844500051310921,0
1,0.6822685358110941,1
1,0.6958110233876984,1
0,0.5531819963277163,0
0,0.7854434116003753,0
0,0.8920879028420013,0
0,0.9213241705302362,0
1,0.8129226058255481,1
0,0.7860928502810445,0
1,0.6027381757890367,1
1,0.776811942962256,1
1,0.8816507859030676,1
1,0.8580137738196005,1
1,0.7912559053780186,1
1,0.7953565465082996,1
0,0.9701126974327445,0
1,0.5952480139037554,1
1,0.7823097428554315,1
1,0.6658919655108437,1
1,0.873862594776772,1
0,0.5814494452300769,0
1,0.658100354583105,1
1,0.7984211014607229,1
0,0.8423800881896212,0
0,0.8139900898760608,0
0,0.9462518411814356,0
0,0.9123924885253627,0
1,0.6380019250812036,1
0,0.855584936500147,0
0,0.9520418805547071,0
0,0.9661029232594034,0
0,0.8262984194449637,0
1,0.7781286020561783,1
1,0.5272094680694316,1
0,0.7612963815051157,0
0,0.9252345399796554,0
0,0.7862952591846235,0
1,0.9352426713583848,1
0,0.8735366758207461,0
0,0.8599745080468548,0
1,0.5560917368116337,0
1,0.7748254059740932,1
0,0.66439130304779,0
1,0.967596384568273,1
0,0.7338233652523569,1
0,0.8816910097627664,0
0,0.8603667816766456,0
0,0.6085227631685872,0
0,0.8920086661959944,0
0,0.8823186043125075,0
1,0.9254359589736818,1
0,0.5682552561888549,0
1,0.6678999078236738,1
0,0.551035074751611,0
0,0.8742598010614748,0
0,0.9255123896429486,0
1,0.827366656752593,1
0,0.8021002734022736,0
1,0.7358443738340502,1
1,0.8863163809977205,1
0,0.7610693172160924,0
0,0.7132504703448557,0
0,0.7604056588080319,0
1,0.6929183143414201,1
0,0.5865001514383382,1
0,0.8572512187986864,0
1,0.917631130228513,1
0,0.7036732524444526,0
0,0.768144884964229,0
1,0.6537785572348036,1
1,0.6750552948299142,1
1,0.8586683734694436,1
0,0.5207405036536084,0
1,0.7518520263254864,1
1,0.673838765516737,0
1,0.587751942648214,1
1,0.7691569770929022,1
1,0.7421453091936168,1
1,0.5393268450919064,1
0,0.9234863954875864,0
0,0.8360144159614844,0
0,0.9345362832237233,0
0,0.8270799022460833,0
0,0.9148921296555558,0
1,0.6669634935365957,1
0,0.8214186474568426,0
0,0.5777719199857128,0
0,0.5185113998514581,1
0,0.6479239645585125,1
0,0.7915206173887592,0
1,0.5835903905862018,0
0,0.6420269996033106,0
0,0.679419900458805,0
1,0.5604101208177905,1
1,0.748422994934463,1
1,0.8161910470681114,1
0,0.5606626212460037,1
1,0.7382041782075183,1
1,0.7218770759425465,1
0,0.7332392135962653,1
1,0.9560396708253592,1
0,0.5105838354002595,1
1,0.8228205730246777,1
0,0.948845004030742,0
0,0.8350511478354974,0
1,0.6513601353630043,1
1,0.7739627323902416,1
0,0.7255682889596932,0
0,0.9732985185356274,0
0,0.9578065747773595,0
0,0.9370441510506219,0
1,0.7251721758744392,1
1,0.6098561773890553,1
0,0.6569292560861849,0
1,0.7721469248331472,1
1,0.8260949148326736,1
0,0.8867581783054047,0
1,0.8096327963832247,1
1,0.9359528523608388,1
0,0.8259649733375328,0
0,0.8785750783946805,0
1,0.9051840114703273,1
1,0.5939795746258204,0
0,0.7324056401194244,0
0,0.8787416994173027,0
0,0.9220725011880293,0
0,0.6674349176640689,0
1,0.7667935006973733,1
1,0.5698123627368793,1
0,0.67829579625636,0
0,0.7831087554021113,0
0,0.6871894643161855,0
0,0.7903627946897708,0
1,0.6983155795275852,1
1,0.5684942664678259,1
0,0.8586197763209058,0
1,0.914193949808845,1
1,0.9158283726157852,1
1,0.8106203583816054,1
1,0.889598565866327,1
0,0.8821675532300246,0
0,0.679062560103254,0
0,0.943278263783175,0
0,0.8560859943396409,0
0,0.7270094465632679,0
0,0.5610328766695671,1
0,0.6129835200159736,0
0,0.5928258432894543,1
1,0.8680462940611916,1
0,0.7326122769527073,0
0,0.9456559766703238,0
1,0.8075705005161714,1
1,0.5857698157497452,0
0,0.7099258953499319,0
1,0.6376580492630297,1
0,0.7165857147298389,0
1,0.512508623240132,1
1,0.9325166170333611,1
1,0.7680433862464637,1
0,0.8491446471214429,0
0,0.9627541161012572,0
0,0.8168992962452302,0
0,0.802912881928668,0
1,0.8534321104091314,1
1,0.5577343104029754,1
0,0.6565617017077156,0
0,0.7871270207973388,0
0,0.8506659774087241,0
1,0.7771684278250715,1
1,0.8595732913515441,1
1,0.7598945665957062,1
1,0.6750777796594198,0
0,0.7664906749073174,0
1,0.5937889232229809,0
0,0.5521064196130754,1
1,0.8198709921165961,1
1,0.8818557148488366,1
0,0.555017086361411,0
0,0.8879981258748628,0
0,0.8582495234734089,0
1,0.5535139225076148,0
0,0.6889118524731052,0
1,0.8357980191016086,1
1,0.8489084176986332,1
1,0.6702836137721564,1
0,0.5737861624814815,0
0,0.8110478641298858,0
1,0.8148459138442203,1
0,0.8049660017760645,0
1,0.793816305873041,1
0,0.8883542306202865,0
0,0.7282195096827911,0
0,0.5340907607264533,1
0,0.6837506015692014,0
1,0.7761556486133379,1
1,0.5948336041319663,1
0,0.706863789386924,1
0,0.787423075439712,0
0,0.6901075410886851,0
0,0.5356368229407263,0
1,0.547616571508734,1
1,0.9216488459443137,1
1,0.900000428296308,1
0,0.8004879084146759,0
1,0.5453819829287896,0
1,0.8019465483272256,1
0,0.7914550607118794,0
1,0.7816823415476476,1
0,0.8758077312623941,0
1,0.8134819575960933,1
1,0.5228963162016319,0
1,0.5343703008913471,1
0,0.83683273449764,0
1,0.6917160484693561,1
0,0.8044961446968636,0
0,0.8426891435337481,0
0,0.872481615383822,0
1,0.5713799292180407,1
1,0.8757047234631474,1
1,0.7778958781386779,1
0,0.6044351347905221,0
0,0.8471898665931511,0
0,0.898445901053949,0
0,0.6491103601735643,1
1,0.7363892670806094,1
1,0.6556721564242123,1
0,0.9188981424187392,0
1,0.6111384961345875,1
1,0.8061862585263512,1
1,0.7517897865445989,1
0,0.5309121829172406,0
0,0.7276730469336575,0
1,0.7679782111616241,1
0,0.7679486073605251,0
0,0.9088318990212207,0
0,0.7838878518212921,0
0,0.7034149962458323,0
1,0.8844679771245235,1
1,0.5463591499071128,1
0,0.7501066050604467,0
0,0.7774150191067772,0
0,0.6946406523709668,0
0,0.7601056745389505,0
0,0.6046028379225385,0
0,0.748486896651551,0
1,0.9055544542689693,1
1,0.8097106060655099,1
1,0.8712603870124379,1
1,0.6146838349291329,1
0,0.9176476759071374,0
0,0.881229055009879,0
1,0.5662494836814858,1
1,0.7158013008490028,1
0,0.6670450250572243,1
0,0.5995925616627896,0
0,0.6703404348161526,1
1,0.8377904791565083,1
0,0.7662461905657965,0
0,0.8072033136273611,0
0,0.9472256142824457,0
0,0.6314167875149587,0
1,0.5909954713431808,1
0,0.8522528351552773,0
0,0.6920896610655528,1
0,0.6833085358159686,0
0,0.5173973986076814,0
1,0.652232354995301,0
1,0.688634433502553,1
0,0.6185418043660559,0
1,0.8810895873834327,1
1,0.6165708080227242,1
0,0.8055705710392218,0
0,0.8502293863993495,0
1,0.7435095361186794,1
0,0.9670883534468666,0
1,0.6192295702588102,1
0,0.531733287463053,0
0,0.6322726505241955,0
0,0.616015973064193,0
0,0.7944152233644713,0
0,0.574085763143936,0
1,0.7383025227138537,1
1,0.7603833588586302,1
1,0.767960394202594,1
1,0.7193530551836704,1
0,0.5908896214708816,0
0,0.850050221214379,0
1,0.8395660348066862,1
1,0.780045808499668,1
0,0.8881632865927743,0
0,0.9191798507073604,0
0,0.5242866963098893,0
0,0.8943976822553967,0
0,0.7102765695371148,0
0,0.7790289037361817,0
0,0.5643341190834055,1
1,0.7292704158591976,1
1,0.8496464223457675,1
1,0.6702561868697677,1
0,0.6255076990185534,0
1,0.5540637518422109,0
0,0.9722344212561058,0
0,0.6520172967241468,0
0,0.9583490169861946,0
0,0.8562153151765501,0
1,0.7825407616582049,1
1,0.5685791595246281,1
0,0.767979836234021,0
1,0.633309355465288,1
0,0.9725510620890273,0
0,0.7811784894647426,0
0,0.7980175530130659,0
1,0.748055594630035,1
0,0.807143020664601,0
1,0.5642672180675625,1
0,0.8448071169671949,0
0,0.7618892536586799,0
0,0.5364853566874517,1
1,0.8301546528341164,1
0,0.8842835958516593,0
1,0.6092409303382114,1
0,0.5209838316434385,0
1,0.9116000898955292,1
1,0.5325339262731589,1
0,0.7162918147212884,0
1,0.9046883280027632,1
1,0.6820060088401567,1
0,0.7117211828668619,0
0,0.6295187544132566,1
1,0.8334311083279695,1
0,0.6627212206511499,0
1,0.8308823678011142,1
0,0.6534270117140674,0
0,0.6668626126915264,0
1,0.8025516326965784,1
1,0.7375508922751829,1
1,0.7558894014551464,1
1,0.5398662355438911,1
1,0.5641060859990512,0
0,0.9289260354853173,0
1,0.732062881842954,1
0,0.5744833331412035,0
1,0.6733867221025498,1
0,0.787157058145002,0
0,0.8077989573200788,0
0,0.8294915768565184,0
0,0.6391453881017106,0
1,0.7200979267214302,1
0,0.8793201129896119,0
1,0.8610901004596507,1
1,0.7282140744938436,1
0,0.8232404058901608,0
1,0.8688405921109784,1
0,0.8172377784609905,0
1,0.8154097814914133,1
1,0.957362378489737,1
1,0.5578056444315972,1
0,0.7518575622268246,0
0,0.7703717867933572,0
1,0.8435269437552309,1
0,0.8892274085391051,0
0,0.5896642963088048,1
0,0.9056709860555132,0
0,0.6729572361201113,0
1,0.7824391483610669,1
1,0.7027409634922233,1
1,0.524802312471042,1
0,0.6267390218930905,0
1,0.6195104371974643,1
0,0.8651475551274582,0
0,0.827744637176307,0
0,0.9784705948280987,0
1,0.938421793198251,1
1,0.7542738136532239,1
1,0.6092395055881661,1
0,0.978379402554117,0
1,0.6727473579798035,1
1,0.8512648312284585,1
0,0.6228437983509255,1
0,0.8214902032907101,0
1,0.7934935340393406,1
0,0.8933523485466206,0
1,0.6746296577677228,1
0,0.8387686092805868,0
1,0.8503571529056355,1
0,0.6027732062726554,0
0,0.5950564689645838,0
0,0.5438418263201258,1
0,0.8319282845751591,0
0,0.8955242142762296,0
1,0.8296543941480652,1
1,0.6425390575197037,1
0,0.7272237528550952,0
0,0.7483314129893877,0
0,0.7209887528226101,0
1,0.7236474925456196,1
1,0.8453185638093349,1
1,0.6109902079887094,1
1,0.6588287193640789,1
1,0.7598476545173399,1
0,0.8257978305593187,0
0,0.9077134672441534,0
0,0.8045314786971013,0
1,0.7736015171706627,1
1,0.7312680812780343,1
1,0.6919796151140313,1
1,0.684273196077322,1
0,0.8806843129690259,0
0,0.7410104677443248,1
1,0.6689063287647958,1
1,0.8672647050679768,1
1,0.9268173580467198,1
0,0.7692520000710383,0
0,0.9098617331,0
0,0.7958750355924848,0
0,0.9162016040377238,0
1,0.9373933802402779,1
1,0.8117971788036363,1
0,0.8604217950097287,0
0,0.825046834633868,0
0,0.8079609530719305,0
0,0.7933623234026174,0
0,0.8660248088718498,0
1,0.7509736548220626,1
1,0.7275644824401253,1
0,0.7337418846902607,0
1,0.7247802300022792,1
0,0.8376752557831653,0
1,0.8463266942358632,1
0,0.6351588496382599,0
1,0.7583780482986553,1
1,0.733346968723838,1
1,0.6130105755549996,1
1,0.6891887054632534,1
1,0.6424438686389756,1
1,0.7462658049348478,1
0,0.8277460029980626,0
0,0.8525108322944867,0
0,0.8229879206090407,0
1,0.8875699140324833,1
1,0.6346037762532493,1
0,0.819049352889731,0
0,0.6661880220962376,0
0,0.8966911677165371,0
0,0.9212125615409658,0
0,0.8649944265587344,0
1,0.6692352646304437,1
1,0.5509018083959212,0
0,0.8382861269967737,0
1,0.8455699794112426,1
1,0.9058826665201999,1
0,0.8314817971615771,0
0,0.7513466252879203,0
0,0.8767379897343595,0
0,0.8414418529896721,0
0,0.7368012071904737,0
1,0.6315286450499475,1
0,0.5642742236378736,0
0,0.5434265241602111,0
1,0.778661311323295,1
0,0.932462611092146,0
1,0.8718773524190009,1
1,0.7272980788743005,1
0,0.8711413449363523,0
1,0.6653412495044982,1
0,0.7632431691052602,0
1,0.7921140141960457,1
1,0.6874731202512336,1
0,0.7430541327853241,0
0,0.8355714627936321,0
0,0.7669288047865863,0
1,0.755243797550443,1
1,0.9498997904929071,1
1,0.7542091785270663,1
0,0.8944540305264588,0
0,0.8349225487604346,0
0,0.9354620685415488,0
1,0.6166674728518687,1
0,0.742808059418822,0
0,0.9069503212806374,0
1,0.8285452861765474,1
1,0.8522751489219571,1
1,0.8655304008742875,1
1,0.6195499812091818,1
1,0.7884762763891267,1
1,0.7013670567559206,1
0,0.7757444930276192,0
1,0.8653290306683182,1
0,0.7537021050633911,0
0,0.5763973814608311,0
0,0.5351949083084412,0
0,0.6155445776181797,0
1,0.538199279746065,1
0,0.5753175446842889,0
0,0.8213530998234309,0
1,0.8175405111133889,1
1,0.6024491815891184,0
1,0.9107911970497626,1
1,0.6582542107521657,1
0,0.8606404639066572,0
1,0.6083139650704595,1
0,0.8970547649278144,0
0,0.9379462144375628,0
0,0.8550071084065012,0
0,0.8779851619074529,0
0,0.893261672411793,0
0,0.7282467373008298,1
1,0.7562475405660297,1
1,0.8474693018683436,1
1,0.8534117537532732,1
0,0.8536007674318391,0
0,0.6347627519430386,0
0,0.8470646797576102,0
1,0.5177568465176887,1
1,0.6199627291179757,1
1,0.7962380218501679,1
0,0.8142594852053422,0
1,0.751497389237491,1
0,0.8830522082624989,0
1,0.8464826920109085,1
1,0.6476446189667043,1
1,0.7861077469965633,1
0,0.6375416192661051,0
0,0.5007718181563889,0
1,0.5867152703005822,1
1,0.5616438849849344,1
0,0.671193837305552,0
1,0.8039744138572811,1
1,0.7123283844842462,1
0,0.8044032444052958,0
1,0.9101946259855473,1
0,0.8690874267185539,0
0,0.5712597248477086,1
0,0.944065403239741,0
0,0.8332136824208479,0
0,0.6914148304014409,0
0,0.8810610336303925,0
0,0.6096849634512034,0
0,0.8330627600662953,0
1,0.7001746510194723,1
0,0.6533725280927832,0
1,0.5196366602502266,1
0,0.8236894119674828,0
1,0.8686608637754965,1
0,0.8192415168207436,0
0,0.900246852823497,0
1,0.8758365650634609,1
0,0.6248200830532908,0
0,0.8800328505692494,0
1,0.9142879700144411,1
1,0.7629015698126356,1
1,0.5728814353377807,1
0,0.9330916662490735,0
1,0.8710778982692396,1
0,0.7705420461215002,0
1,0.7885342869035937,1
1,0.7393182163596241,1
0,0.8538824365808844,0
1,0.8294531327669383,1
1,0.8864834384481134,1
1,0.8995992588370642,1
1,0.5247554639413103,0
1,0.7352930784527005,1
0,0.7768414918945726,0
0,0.9333667365990689,0
0,0.9219686456906361,0
1,0.8096327963832247,1
1,0.7722476155348714,1
0,0.8042901843916475,0
1,0.8134947268450267,1
0,0.6549405543965623,0
1,0.679669300788533,1
0,0.8465925515934211,0
1,0.7872870357763299,1
1,0.8649896935414654,1
0,0.7080703235509337,0
0,0.6943600877730666,0
1,0.6361141822725305,1
1,0.8362370551315428,1
0,0.8755849062183766,0
0,0.7997484982425858,0
0,0.8446558550512255,0
1,0.7782411396961653,1
1,0.6295045817880338,1
0,0.7032326528188967,0
0,0.5368792029926048,0
0,0.8860068196888247,0
1,0.8987602151415424,1
0,0.7859157210563684,0
0,0.724907426687578,0
0,0.7669206632617194,0
0,0.540870712023837,1
1,0.847599998495209,1
0,0.7768040929497722,0
0,0.9527875270905486,0
1,0.806416495339037,1
0,0.8536288146995936,0
0,0.9613836445743285,0
1,0.7704265595277824,1
1,0.829117047995444,1
1,0.633952164961568,1
0,0.5179011796065461,1
0,0.7221063367136951,0
0,0.5167369921523194,1
1,0.6394683979740144,1
0,0.7695795048139025,0
1,0.8602037594931261,1
0,0.7518141646297444,0
1,0.8746154576036115,1
0,0.7100067667577111,1
1,0.7215891531781372,1
1,0.6135589746598047,1
1,0.5954717384210959,1
1,0.5674226783829318,1
1,0.6553664187213782,1
1,0.6865487631193834,1
1,0.5207101772704943,1
1,0.8122917717360777,1
0,0.5840059301064309,1
1,0.7893135351980851,1
0,0.6185474206602087,1
1,0.8881945199346312,1
0,0.8756724561378326,0
1,0.7230929087878606,1
0,0.9584055806551705,0
1,0.6827696177582877,1
1,0.7400342323064262,1
1,0.7335510630744821,1
0,0.7405601003292226,0
1,0.867265086686226,1
0,0.5345414383031565,0
0,0.8363045117154956,0
1,0.829363122455595,1
0,0.8576454728810295,0
1,0.8681898664382074,1
0,0.7456357805082915,0
1,0.7627697666350902,1
0,0.7719991766817237,0
1,0.9407333348136336,1
0,0.8491143571317266,0
1,0.5552217374511809,1
1,0.8845337812178693,1
1,0.8132018540383084,1
0,0.5918287335100217,1
1,0.8855591068783017,1
1,0.818656795514706,1
1,0.8605039810800875,1
0,0.9328809132092446,0
0,0.8955102033830862,0
1,0.8168440755504212,1
0,0.8390336234467546,0
0,0.8543877778878395,0
1,0.6979293841698477,1
0,0.5484643598763621,0
0,0.7863697083225,0
1,0.9537504249298329,1
0,0.7239113914562864,0
0,0.6949144273484048,0
1,0.5811382753632098,1
0,0.8978207974703452,0
1,0.9199304352353703,1
0,0.8305594056171183,0
1,0.9010868888108766,1
1,0.6124268991606862,1
0,0.8505268223697632,0
0,0.9038709378330094,0
1,0.6509258132378067,1
1,0.6807645082247891,1
1,0.8307546382636154,1
1,0.6585709180228063,1
1,0.5426280842737004,0
0,0.8839282364630423,0
0,0.5390028997726756,1
0,0.7810179648207993,0
0,0.7160260152604129,0
0,0.9090301723023491,0
0,0.8163678615295087,0
0,0.8530625192404273,0
0,0.8718936797003861,0
0,0.771898176568907,0
0,0.7400319581103793,0
0,0.5809876090496222,0
1,0.5267529156389908,1
0,0.7529604782511861,0
0,0.6735283119018618,0
1,0.5810061647962627,0
0,0.53614197128027,0
0,0.8576790714877891,0
0,0.5428975053765378,0
1,0.71781654763531,1
0,0.677519664314977,0
0,0.8158500767308143,0
1,0.8454420669147684,1
0,0.6286087034017633,1
1,0.8102318807737634,1
1,0.631866207491193,1
0,0.8395298732225922,0
0,0.7374464181351112,0
0,0.9578964625069161,0
1,0.7670984964910981,1
1,0.5767545910657192,1
1,0.7380073197438497,1
1,0.7191365938531056,1
1,0.5904905122128581,1
1,0.5115197021074022,1
1,0.7747215193388601,1
0,0.8780504184077069,0
0,0.6788221183509159,0
0,0.904333655620503,0
1,0.7436861815784606,1
1,0.779000536197714,1
1,0.7207960400035744,1
0,0.6445783467446636,1
1,0.856897628950945,1
0,0.7257956169578285,0
0,0.7543171554515372,0
1,0.701954980987037,1
1,0.5272030962999703,0
1,0.6883925867691497,1
0,0.7165788594488516,0
0,0.7155424478032458,0
1,0.8746565412401236,1
0,0.5947859742294745,0
1,0.56599791624858,1
0,0.7782117363028747,0
0,0.8845074257966132,0
1,0.8537579808838955,1
0,0.5742842931915024,0
1,0.8510910614809738,1
0,0.7940396234474096,0
0,0.977740837776395,0
1,0.9214196926159891,1
1,0.56778718854363,1
0,0.7359046889359196,1
0,0.8045848838856413,0
1,0.698284251984945,1
1,0.9157843488010201,1
0,0.9296316583748615,0
0,0.9452237664377596,0
1,0.7373194762112655,1
0,0.5559847251094738,0
0,0.7360787574672218,0
0,0.6280433313272139,0
0,0.9683236448172865,0
0,0.5152525665027512,0
0,0.9665391363224667,0
1,0.6463766007890497,1
0,0.8480726462061398,0
0,0.8444619383656076,0
0,0.886532749985645,0
0,0.5796127936203346,1
1,0.8475390780802489,1
0,0.8169087814017524,0
0,0.5519388924745314,0
1,0.7732450502479704,1
1,0.692313470837735,1
0,0.7873314070257462,0
1,0.6333221010447317,1
0,0.6658115356537073,1
0,0.7138882177829085,0
0,0.5705431039292164,0
0,0.7913543015882362,0
1,0.857903363924876,1
1,0.6566851591803614,1
1,0.7697095795414405,1
1,0.709799524216057,1
0,0.7293076240153082,0
0,0.6066077625264863,0
1,0.8766697413457794,1
1,0.7711876822491738,1
0,0.8757450455473308,0
0,0.7171353861591658,1
1,0.8461599765875693,1
1,0.8046351916847312,1
1,0.6354370155918391,1
0,0.7580369949889912,0
1,0.8291064535795224,1
1,0.7834952355631216,1
1,0.8701179456583342,1
1,0.762488389565559,1
1,0.7818525222955582,1
1,0.8662991362406556,1
0,0.5125910080437837,0
0,0.8509718584328383,0
1,0.553954060153012,1
1,0.9639295945124404,1
1,0.812623398871873,1
0,0.5203378677113045,1
0,0.928928521180663,0
1,0.9017073692118038,1
0,0.8069252750274254,0
0,0.875654056136593,0
1,0.7884633844994263,1
1,0.9551678886902709,1
0,0.6568538642880344,0
1,0.6858885316164804,1
1,0.8262997506308482,1
0,0.7587451858769859,0
1,0.6937366173707324,1
0,0.8022993404831186,0
1,0.7816678574053828,1
1,0.7461206416419772,1
0,0.8132135482650338,0
1,0.5641992390443749,1
1,0.8207317960825432,1
1,0.6579025244588331,1
1,0.6000006133556993,1
1,0.588628491232856,1
1,0.5446462638144672,1
0,0.764406418277863,1
0,0.7360027783841495,0
1,0.8419264562344848,1
0,0.6618143227778404,0
1,0.858049590224164,1
0,0.8907439037095976,0
1,0.5785515054253416,1
0,0.5052784039981814,0
0,0.6485529833061802,0
1,0.500256239869076,1
1,0.7675514858514976,1
0,0.8655447932294372,0
0,0.6998999136175982,0
1,0.5470588629667573,0
0,0.9232542004571286,0
0,0.7310553442629887,0
1,0.8626334959867246,1
1,0.5306634202213022,1
1,0.8544787192262391,1
0,0.6772899461301869,0
0,0.8642755096267007,0
0,0.8899630767653497,0
0,0.8648605762955851,0
1,0.7607831541837419,1
0,0.7221377397302611,0
1,0.7793874676784658,1
1,0.7419381185345449,1
0,0.6096953189568545,1
1,0.9123531792263435,1
1,0.5747438826716824,1
1,0.8934340152300966,1
0,0.9615925445936764,0
0,0.8333615775574901,0
1,0.5957438487347495,1
1,0.8545119416258243,1
0,0.7227596279919846,0
1,0.871656648843788,1
0,0.6410617477467221,1
1,0.856880821125031,1
0,0.537774289351851,0
0,0.8420133531180288,0
1,0.6086224699165602,1
0,0.8946647913064766,0
0,0.7756484487305545,0
0,0.8936049452012955,0
1,0.8835207359154591,1
0,0.9354794930131931,0
0,0.6501021979551183,0
1,0.816364010080922,1
1,0.7121688662241191,1
0,0.5780740965858396,0
1,0.9017792833835435,1
0,0.6529633886065572,0
1,0.791236206655203,1
1,0.9152168492549178,1
1,0.5483763298311504,0
0,0.6994160958294081,0
0,0.776949708316419,0
0,0.8786753893174659,0
1,0.828529155781076,1
0,0.7292984094861589,0
1,0.6568473842769788,1
0,0.791595832827043,0
0,0.8580014186339548,0
0,0.6423621771696701,0
0,0.9134075575388164,0
0,0.8198710081386404,0
0,0.7147376618250315,0
0,0.8455111392306812,0
0,0.8172136158864581,0
0,0.8122279496521051,0
1,0.8803000079665767,1
1,0.5723714198982043,1
0,0.9391472429766982,0
0,0.8054155419722515,1
1,0.6629736784271607,0
1,0.7188200098193821,1
1,0.816361329426117,1
1,0.555322797212177,1
1,0.6649043799129051,1
1,0.8333421823538016,1
0,0.5562915968721678,0
0,0.8716940780555292,0
1,0.8104477761431529,1
1,0.8538040236610962,1
0,0.6768597130613019,0
0,0.5866277677999616,1
0,0.6492126830831191,0
0,0.7547385726327591,0
1,0.5246951421998473,1
1,0.8021674341656332,1
0,0.748763394372479,0
0,0.9147888848501817,0
0,0.8231061320666075,0
0,0.9147538549220008,0
1,0.7562353624379667,1
0,0.6906929396423466,0
0,0.9208477283688945,0
1,0.6440358718467402,1
1,0.9014460737363088,1
1,0.5840593970610917,1
0,0.8571911518786716,0
1,0.8015672646647343,1
0,0.8865758672263236,0
1,0.6587489598583832,1
0,0.8421538631660064,0
0,0.5318423474803046,1
1,0.5449444196645746,1
0,0.9012442501572768,0
1,0.8711855289307685,1
0,0.8985173750433308,0
0,0.903923909591182,0
1,0.7993044751789639,1
0,0.769173927480747,0
1,0.7476378317780106,1
1,0.9041915414680552,1
0,0.8292579953229391,0
1,0.7312863490880086,1
1,0.7116541698885799,1
1,0.8214569211683982,1
1,0.7970481518535188,1
1,0.8923101067824553,1
0,0.6000761852953682,1
0,0.5429487090290137,0
1,0.516000664555592,1
0,0.9087805724272411,0
1,0.6548793578303782,1
1,0.8114837767546245,1
0,0.7149510904222879,0
0,0.5966822910248618,0
0,0.6981127516677359,0
1,0.6945892846935435,1
1,0.696976377922515,1
0,0.6543726954016671,0
1,0.6920596678114292,1
0,0.6109081873052338,0
1,0.9566962390353536,1
0,0.5308417026752895,1
0,0.8299368415241162,0
1,0.7831479836909999,1
1,0.7277505975643508,1
0,0.5137360614074186,1
0,0.7943011330895354,0
0,0.766721108147535,0
0,0.7457401796187201,0
0,0.7816620393171186,0
0,0.660411671220917,0
0,0.7875661926187192,0
1,0.844708301276171,1
0,0.7658613173899591,0
1,0.6519038859363533,1
1,0.8052563326669164,1
1,0.9157953041692166,1
1,0.7973105346025499,1
0,0.5921369211958992,0
0,0.6119585819890354,0
1,0.5294090371393758,1
1,0.8036461034495235,1
0,0.7033170100171654,0
0,0.8625891340682453,0
0,0.801165332453689,0
0,0.8057416072892701,0
0,0.6480555038147027,0
0,0.9247884154398489,0
0,0.8196990795190428,0
0,0.8518377630647207,0
1,0.6448255055434251,1
0,0.9174522653601453,0
1,0.563869823596657,1
1,0.7415930104764857,1
1,0.7021541304043325,1
1,0.8588466044263215,1
1,0.6753312310920442,0
1,0.6167586620688966,1
0,0.8056728668693223,0
0,0.829114646906512,0
1,0.7706967498135371,1
1,0.5565753051582385,0
0,0.8115387632519805,0
0,0.8301907108951934,0
1,0.5612057222511381,0
1,0.6639081290175142,1
1,0.8206963078874191,1
0,0.6805480493159939,0
0,0.8929744403154741,0
1,0.8261724876864438,1
1,0.8888293047927138,1
0,0.7318101260637198,0
1,0.8582161720451114,1
1,0.7414910750672168,1
0,0.9066526837861798,0
0,0.9718048857403818,0
1,0.916219136294381,1
1,0.7058459972070439,1
0,0.5465175978371172,0
1,0.5657818105409232,0
0,0.8908384356344412,0
0,0.895979714217447,0
1,0.7270925317898026,1
0,0.7807230314803799,0
1,0.8515420757170864,1
0,0.6717636829736074,0
0,0.7536639078557722,0
1,0.854331550523265,1
1,0.7106640441198989,1
0,0.7067320104678467,0
0,0.6710508880780011,0
0,0.9057513099980874,0
1,0.5946187100252258,1
1,0.6993982596515834,1
0,0.886692237798612,0
1,0.7617780578558775,1
1,0.7757622584378651,1
0,0.5877774346214382,0
0,0.790953305160824,0
1,0.7518549051040878,1
0,0.8937002886441191,0
1,0.6059630719008012,1
0,0.8642166075990223,0
1,0.6974244471161697,1
0,0.8507637777345967,0
1,0.5215606387399754,0
1,0.7737865798045033,1
0,0.9563701197141392,0
1,0.9002307354438432,1
1,0.5052532811132335,0
0,0.714792664086852,0
1,0.6173164255370703,1
0,0.7386368381698968,1
1,0.6329404022251159,1
0,0.7033464932911124,0
1,0.8548034479094956,1
0,0.6755583492752597,0
1,0.7881973800145808,1
0,0.963701860309133,0
0,0.5212227786413096,1
0,0.9167826254224376,0
0,0.6917426265258687,0
0,0.8197472596470822,0
1,0.5180452711446999,1
1,0.573062442712727,1
1,0.6147613936469956,1
1,0.6269015219878419,1
1,0.7124558682082827,1
1,0.5025872508669553,1
1,0.8499758520871201,1
0,0.7794964788275477,0
0,0.867292903139706,0
0,0.554120868506063,0
1,0.8226422666977878,1
1,0.588548538794918,1
0,0.8708796671022789,0
1,0.5864476177018549,0
0,0.8112324014550707,0
0,0.6696300515866748,0
0,0.7112739998348376,0
0,0.8243887054304689,0
1,0.6127586574803985,1
0,0.5649191454243642,1
0,0.5869572426027492,1
1,0.7827472397849708,1
1,0.6617987187746369,1
0,0.7890821048870288,0
1,0.7930271254789384,1
0,0.7167286746887546,0
0,0.7776111011513089,0
0,0.6321783797316454,0
0,0.7320932404981363,0
1,0.7777099958542079,1
1,0.8845629231661348,1
1,0.5354021823002603,1
1,0.7825587289435786,1
1,0.8113243073065186,1
0,0.6555454412040969,0
1,0.6932125612494053,1
0,0.7020638158445991,0
0,0.8093746706110185,0
0,0.6597519184030518,0
1,0.5023601154794209,0
0,0.9169284889737661,0
0,0.667236916158587,0
0,0.8709866807631752,0
0,0.9407149227444602,0
1,0.6611692499690704,1
1,0.9667985228688318,1
0,0.7064718119165777,0
0,0.9691912228572738,0
1,0.6960358023656441,1
0,0.7617909867613761,0
1,0.9781813491350555,1
0,0.6830309024717373,0
1,0.78400561361973,1
0,0.7908977747232352,0
1,0.770263143685977,1
0,0.8860458426375111,0
0,0.5395275528623507,1
0,0.7288472895640915,0
1,0.7522934028976684,1
1,0.6483047804929438,1
1,0.8612693402801423,1
0,0.8777214647282688,0
1,0.710992183777742,0
0,0.7936871216565999,0
0,0.63060816235901,0
1,0.6287967993478185,1
1,0.8919642157034074,1
1,0.9329515709546441,1
1,0.6871827289758552,1
0,0.8486017722824781,0
0,0.7439754381511247,0
1,0.9154294238584916,1
0,0.5873722528235465,0
0,0.7177766815802474,0
0,0.501315494413393,0
0,0.7554401743864315,0
0,0.874124398670461,0
1,0.5880874915609052,0
0,0.836205598221214,0
1,0.8089768561035918,1
0,0.8083424941622319,0
0,0.84774712100615,0
0,0.878413885581302,0
1,0.9092241733868235,1
0,0.6755854439241089,0
1,0.8678939026531234,1
1,0.6398777735545057,1
0,0.9404298641290529,0
0,0.8094864643514611,0
1,0.820223337820235,1
0,0.822234156185211,0
1,0.9506943124406824,1
1,0.5848846845453928,1
0,0.8200182832731775,0
1,0.6331516856451029,0
0,0.7816484444523688,0
1,0.8850148254168475,1
0,0.5482348036732159,0
1,0.8858967246782509,1
1,0.7287485518374227,1
0,0.7974898461068747,0
0,0.5574556429127439,0
0,0.6761764688561535,0
0,0.8512373079876736,0
1,0.8913530750814053,1
0,0.9265232987150536,0
1,0.6294198688872734,1
1,0.5102470324297436,1
1,0.9419393744752455,1
0,0.5301999882539812,1
1,0.6812392808882709,1
0,0.8961820327539279,0
0,0.734724978628454,0
1,0.6364586628761901,0
1,0.8592128878400016,1
1,0.9589301919359038,1
1,0.8125629187739513,1
1,0.5383043658490088,0
1,0.7130392571282159,1
0,0.8797134215600552,0
1,0.7155331967928916,1
1,0.5651880826748285,0
1,0.8148273816841374,1
0,0.7468267692810213,0
0,0.6585688754207598,0
1,0.6355125317759829,1
0,0.6595280049963351,0
1,0.7864764909272877,1
1,0.5674031949292231,1
0,0.7580370654332281,0
0,0.6561615605374935,0
1,0.8123542919546715,1
0,0.7369112128472559,0
0,0.8950083969221285,0
0,0.9029385574519019,0
0,0.8326969223648311,0
1,0.741198450073913,1
0,0.7598956227459642,0
0,0.6691963868848165,0
1,0.6535182621553041,1
0,0.8958878516030799,0
0,0.8941272476085002,0
0,0.7494516326974214,0
1,0.8812869291089153,1
0,0.7507321856997583,0
0,0.7138966515154346,0
1,0.8934731138163221,1
0,0.967635900098819,0
1,0.6780718481680662,1
0,0.6553853913085577,0
1,0.8778592339523213,1
0,0.9399370402073055,0
1,0.7472287524792931,1
0,0.9703173300547036,0
1,0.7697325726426439,1
1,0.745989667275846,1
0,0.6230122955105466,0
0,0.8403896512360948,0
1,0.7378935943562193,1
0,0.8784850704070395,0
1,0.7496343791093064,1
0,0.5676976250186347,0
0,0.693827955008331,0
0,0.6376483640883968,0
0,0.5963188198199763,1
1,0.8254440645714703,1
0,0.82023839895378,0
0,0.6901428126917908,0
0,0.6931081168026407,0
1,0.8528675150178521,1
0,0.7108347108592032,0
1,0.6857521866361221,1
1,0.7857892885750745,1
0,0.9219991470219887,0
0,0.8935842620215175,0
0,0.6869458459181847,0
1,0.6351677968420995,1
1,0.6656919484458952,1
0,0.5210590464921205,1
0,0.5370373299771098,1
1,0.8251430612273576,1
1,0.7090854642257828,1
1,0.6073312041614969,1
1,0.7352903644194769,1
1,0.8298916858808362,1
0,0.8037086752799527,0
1,0.7426755170602397,1
1,0.7375345433736707,1
0,0.6900669824994211,0
1,0.73964140197991,1
1,0.5178395959457287,1
1,0.7654510697953419,1
0,0.6399003288954792,1
1,0.8131072320784954,1
0,0.5921579249943585,0
0,0.8117472426318338,0
0,0.9401930351927495,0
0,0.8282464889721409,0
0,0.81771150003598,0
1,0.8075094286667565,1
0,0.8836098107757635,0
1,0.7251304290207474,1
1,0.7120520950301009,1
0,0.7829221827634941,0
0,0.9296877322987762,0
0,0.8453239185477793,0
1,0.8703717663203617,1
0,0.8631832844402236,0
1,0.8642913343663413,1
0,0.9190256471929064,0
0,0.867117896077055,0
1,0.7068699595428607,1
0,0.7613711081214035,0
0,0.8954197524678792,0
0,0.5903045860755805,0
0,0.6260577360982669,0
0,0.9565462919268164,0
0,0.8202950163671716,0
1,0.7096517036276693,1
1,0.5952664191438076,1
1,0.6449595851785107,1
0,0.7561661539217883,0
1,0.7845650367603887,1
1,0.602447068898844,1
1,0.8981294142661869,1
1,0.5582467451197521,1
0,0.9005758852444778,0
1,0.6347208876855346,1
1,0.6030937581781834,1
0,0.8782810116537141,0
1,0.7423644020589036,1
0,0.6259273844629479,0
0,0.8973299560163379,0
1,0.8395079996606745,1
1,0.8435847101843329,1
1,0.6299056454790362,1
0,0.9440349150435018,0
0,0.8026503080888286,0
0,0.8117463357585184,0
0,0.6794468696480884,1
0,0.7475345885060034,0
0,0.7739927232237203,0
0,0.8645607726848903,1
1,0.6122245013900097,1
0,0.9234635734464197,0
1,0.6579807976439607,1
1,0.7567690335218181,1
1,0.5189460000076418,0
0,0.9245120595058344,0
1,0.5135431267491446,0
0,0.8452363248222706,0
0,0.9178075973392742,0
0,0.7831564041207251,0
1,0.6597088937382686,1
0,0.6694002789785259,0
0,0.7216741775285341,0
0,0.5743610960751601,0
0,0.6115005959372434,0
0,0.678427973770146,0
1,0.5708941428596568,1
0,0.5916498077766031,0
1,0.7390417657402881,1
0,0.8005095776577241,0
1,0.8566378897398284,1
0,0.8862309949796756,0
0,0.8329947485955033,0
0,0.7503052667908043,0
0,0.5426715115409646,1
1,0.8907835315492718,1
0,0.7587194667803628,0
0,0.6826279202090978,1
1,0.8001584886030275,1
1,0.6384838612855255,1
0,0.8010641633229793,0
0,0.8136982256884877,0
0,0.9204922767294667,0
1,0.7878853119490645,1
0,0.5187371329637808,0
0,0.6982826812154365,0
1,0.8623363645932942,1
0,0.7837915965470306,0
0,0.6841914685273079,0
0,0.8350922434957782,0
1,0.5577792656870558,1
1,0.8529096541334241,1
0,0.5979070655341362,0
1,0.7920327304560547,1
0,0.6328065792984414,1
1,0.6918055048972229,1
0,0.5226268200496873,0
1,0.8112142223215029,1
0,0.8241186770785308,0
0,0.6649885426997957,0
0,0.7152636000192505,0
0,0.6918668491688761,0
1,0.9228532024914444,1
0,0.6142043235489321,0
1,0.7195209481135789,1
1,0.7519383402687935,1
0,0.6663044749609571,0
1,0.9013607966605365,1
1,0.9011746601713648,1
1,0.6027903945920532,1
1,0.9259699123617858,1
0,0.6476279195299851,0
1,0.7921967424216118,1
0,0.807250456384276,0
0,0.8041893351354032,0
0,0.7440778101085044,1
1,0.7437890870173336,1
0,0.677093967641178,0
0,0.6887150537036493,0
1,0.6691502961333952,1
1,0.5634577953409086,1
0,0.5661647634389483,0
0,0.9356777967450254,0
0,0.7673884459728205,0
1,0.5617727593735227,1
0,0.9454393520771381,0
0,0.5933746614965886,0
0,0.7931613687290673,0
0,0.9158993577817185,0
0,0.5786823724888708,0
0,0.8753613605139714,0
1,0.9163281927288595,1
0,0.7955576436955544,0
1,0.5557532977945893,1
1,0.7192802668420504,1
1,0.7925558654765148,1
1,0.8584027401060986,1
0,0.5228592844350191,1
1,0.7528459664980488,1
0,0.7887262291073016,0
0,0.8819154368210083,0
1,0.6019929236262389,0
1,0.7850983056705816,1
1,0.58612091853607,1
1,0.6942860529501259,1
1,0.8890268963765304,1
1,0.5850956465818251,0
1,0.7717013399765364,1
0,0.8915588547641786,0
0,0.7863902972017762,0
0,0.9054043903388013,0
1,0.7969882106245213,1
0,0.850472180426066,0
0,0.7887579283073896,0
0,0.8565503425883776,0
0,0.6990198204746303,0
1,0.9191387959495854,1
1,0.7788828388344611,1
0,0.8680274002868111,0
1,0.943676733648948,1
0,0.6413859706980433,0
0,0.795064481095878,0
1,0.8794240298636171,1
1,0.7818137247923761,1
0,0.9426784883460343,0
0,0.8696163435399017,0
0,0.8280489613462325,0
1,0.9261661285076637,1
0,0.6359366331671308,0
0,0.6746505133931997,0
0,0.7706765270204761,1
0,0.7648708229366147,0
0,0.788214702157555,0
1,0.8794111023749679,1
1,0.6276921206218304,1
1,0.7430538730270045,1
1,0.6449214646398964,1
1,0.8303001809714546,1
1,0.6002647476159967,1
0,0.9050258811026389,0
0,0.9542532330851301,0
1,0.8247840594794493,1
1,0.5126430025871473,0
1,0.5574042415796444,1
1,0.5968197208298484,1
1,0.5423731409936567,1
0,0.6523316244647359,0
0,0.5736533890735245,0
1,0.6943090583461674,1
1,0.866214759177332,1
0,0.5151431263520084,1
1,0.6844299720176974,1
0,0.9160020977227626,0
1,0.7186683415137151,1
0,0.6944584780186387,0
1,0.6379090378816287,1
1,0.9326472697773156,1
1,0.9115388489352,1
0,0.8399867973207699,0
1,0.6127098957863376,1
1,0.8597731478230574,1
0,0.8346351947805155,0
1,0.81931089456537,1
0,0.7362609521711617,0
1,0.8644728216555582,1
0,0.9433204321214205,0
1,0.730537428165308,1
0,0.8999553960768758,0
0,0.9149573201769944,0
0,0.6965401361215123,0
0,0.676543594352094,0
1,0.920547071245909,1
0,0.9391388278354497,0
0,0.7300641253761802,0
0,0.6683311685322837,0
0,0.7598834582222337,0
1,0.7421565609474423,1
0,0.8904725369183255,0
1,0.8866369263808178,1
1,0.7736642167616156,1
0,0.8754611290841894,0
0,0.749614263283401,0
1,0.9154794928380529,1
0,0.5197529281607257,1
0,0.7004463343583557,0
1,0.7612800695671021,1
1,0.5183844525099899,1
1,0.5700598953760077,1
1,0.8344002644775251,1
1,0.8088092544864777,1
1,0.7118864849048552,1
1,0.8131526713576345,1
1,0.537980023344476,1
0,0.7906649900791639,0
1,0.9331532738126722,1
0,0.9356466293848581,0
0,0.8140624078141264,0
0,0.8426485315756106,0
1,0.563477932570583,0
1,0.8343239007327141,1
1,0.8150002365756628,1
0,0.5459485959190479,1
1,0.8117256498327576,1
1,0.7888833369843278,1
1,0.8812886215229527,1
1,0.6688004242568096,1
0,0.7360107692823638,0
1,0.793474596166195,1
0,0.9000950408877857,0
1,0.6929972966271977,1
1,0.5716504037054051,1
1,0.8250262491678494,1
1,0.6344845151874191,0
1,0.6152908899598201,1
1,0.7075878621417936,1
0,0.8262034210365118,0
0,0.8499715056902669,0
1,0.7886345283023567,1
0,0.8976146125591674,0
1,0.5796342872024262,1
1,0.7325528547377785,1
1,0.6860739730542769,1
0,0.6707889962383103,0
0,0.8968666880282316,0
0,0.809128673220875,0
1,0.8182410616155806,1
1,0.605435059647531,1
0,0.8533877625867267,0
0,0.533460693026449,0
1,0.8273387702317007,1
1,0.7118376651347144,1
0,0.8483553870402404,1
1,0.859933365221242,1
0,0.7459387334155069,0
1,0.6456223853145736,1
0,0.6098177601291677,0
1,0.7810585437765016,1
1,0.5775856725352557,1
0,0.7048641040399432,0
0,0.8166158707911542,0
1,0.535918219863681,1
1,0.7344689267684045,1
1,0.9574754998520868,1
1,0.5063956513594611,1
1,0.6567229293244543,0
0,0.6265301229133742,0
0,0.6670048738646536,0
1,0.8026003043908035,1
1,0.7546358279734916,1
0,0.6819097652611352,0
0,0.7462877208748813,0
1,0.7972630567813511,1
0,0.8277455813396277,0
0,0.820577151516606,0
1,0.7600011088578351,1
0,0.7796088743217174,0
1,0.7871268645651124,1
1,0.7549038746888872,1
0,0.8306425234963623,0
0,0.5452480705001472,1
1,0.8795275253285432,1
0,0.8263768856314674,0
0,0.7908455023052584,0
0,0.7337191932626418,0
1,0.6271458599381069,1
0,0.6864543818181238,0
0,0.8502833870991996,0
1,0.8832219810048816,1
1,0.5904915753542012,1
1,0.856393662161394,1
1,0.8201023185051564,1
1,0.6959324795439498,1
1,0.6143171512058903,1
0,0.8822010565983535,0
1,0.5940643358996702,1
0,0.8966450518582026,0
1,0.8070024012834197,1
0,0.8591609526114831,0
1,0.9681205797089495,1
0,0.8946452781206345,0
0,0.8251463592117603,0
1,0.6477744719985014,1
0,0.6353497308201962,0
0,0.8208280711400779,0
0,0.7738778162371885,0
0,0.7048827923136216,0
1,0.6996452536389131,1
0,0.9105812656913354,0
0,0.6287650808661921,0
1,0.7176905007853036,1
1,0.8662761892414035,1
1,0.750555911129249,1
0,0.9006261806512689,0
0,0.6198297424908783,0
1,0.7780158200050352,1
1,0.5371533923314845,1
1,0.8414424216405366,1
0,0.7027170202322318,0
1,0.5794105246414273,1
0,0.8645827820717349,0
0,0.9175232443810892,0
0,0.8504147458737977,0
1,0.6560671823489851,1
0,0.6076878735548326,0
1,0.7785309198134257,1
1,0.6114642366790161,1
1,0.5881284126072073,0
0,0.8652411655260853,0
1,0.6846023711372655,1
0,0.9046332098892901,0
1,0.7317928448747848,1
1,0.8465686860085699,1
1,0.8465595891494171,1
0,0.6615285806673205,0
1,0.8496526863919072,1
0,0.6466132953629128,0
1,0.6661344958891741,1
1,0.9252384646105285,1
0,0.8559797518820016,0
0,0.8313802042427998,0
0,0.9271482680433382,0
0,0.75042873718928,0
0,0.5210172886413905,1
0,0.5358142685637355,1
0,0.649350888480799,0
1,0.5502185187884348,1
0,0.6554614193323199,0
0,0.6777240128553567,0
1,0.6644511897431157,1
0,0.6931529075041699,0
1,0.5111341432752875,1
0,0.8164567571239821,0
0,0.6446796591331315,0
1,0.859270769832335,1
1,0.6016712223133056,1
0,0.8410904457737757,0
1,0.700182761901239,1
0,0.827651361985101,0
0,0.7578575113726329,0
1,0.7440262645122335,1
1,0.8234455709617327,1
0,0.6378531237552327,1
0,0.5631956902664754,1
0,0.6047970591072582,1
1,0.666438043678852,1
0,0.6314162204401857,0
0,0.8472023224950671,0
0,0.7222299043031771,0
0,0.777867951157204,0
0,0.7750531405652361,0
1,0.8065695440776568,1
1,0.8012781515732921,1
1,0.756814733977887,1
1,0.7281281701500647,1
0,0.596774455556185,0
1,0.7407508254633771,1
0,0.8698577957649981,0
1,0.7469614371010274,1
1,0.5988373282874427,1
0,0.8886414259474626,0
1,0.7387902388394025,1
0,0.8442924362933235,0
0,0.6497387223896018,0
0,0.975718594940043,0
1,0.5176793453923068,1
1,0.7296722959755343,1
0,0.5901857904678297,0
0,0.8816888988272534,0
0,0.7667568230643688,0
1,0.7377360815790315,1
0,0.7327587626460856,0
0,0.9696494703863754,0
0,0.5703298587192549,0
0,0.8723731994824281,0
0,0.659532443482265,0
0,0.7021963631127409,0
0,0.7606605421116824,0
0,0.6394776990440473,0
0,0.6426637959206937,0
1,0.8839095316936922,1
1,0.7986874141253113,1
1,0.9305205425009682,1
0,0.8543270941487019,0
1,0.6229525113837543,0
0,0.8074137115510069,0
1,0.7573090425995157,1
0,0.7745383832793801,0
1,0.944096778042315,1
1,0.9226828717745208,1
0,0.707479433413499,0
0,0.9443502509016767,0
1,0.8942010709816376,1
0,0.6936475388234968,0
0,0.7894925969122996,0
0,0.7724817414336153,0
1,0.6524516889957828,1
0,0.7873688239796581,0
1,0.7722065448482243,1
0,0.8237176589401909,0
1,0.8943693856185773,1
0,0.9074426415756638,0
1,0.8928562690872254,1
0,0.8165981954949941,0
0,0.8430592750505668,0
0,0.6061622601656473,1
0,0.8438966480892348,0
0,0.8320075623977757,0
1,0.591899823742428,1
0,0.8128117501783398,0
1,0.5249672175612307,1
0,0.7092798263068656,0
0,0.854353976317926,0
1,0.8663523916360499,1
1,0.8405790414904283,1
0,0.8645775143533513,0
1,0.8065243101324769,1
1,0.7098021096171329,1
0,0.8281589673788199,0
0,0.8101858125210336,0
1,0.6536456890172206,1
0,0.8446434028528449,0
0,0.5865607265196099,0
1,0.851544727922405,1
0,0.7383497923898845,0
0,0.9142474272563846,0
0,0.6894823616231895,0
0,0.9207791202636357,0
0,0.5471370621183902,1
0,0.8687178010016423,0
0,0.8625479210942235,0
0,0.9402847056246687,0
0,0.895098360935742,0
0,0.5109265514530017,1
0,0.6216656692745794,0
0,0.7319858710975103,0
1,0.7623353359573736,1
1,0.7396772581197432,1
1,0.6062875915660701,1
1,0.8747735721827428,1
1,0.57369023748084,0
0,0.9571047361452749,0
1,0.822165960014406,1
1,0.8954613817721158,1
1,0.7546831631501806,1
0,0.8681655148919389,0
0,0.5364406823289851,1
1,0.848589672910594,1
0,0.8481062576238003,0
0,0.9171533609191701,0
0,0.7707847833114061,0
1,0.6905793174419654,1
0,0.8606775059336839,0
0,0.8174210351872274,0
1,0.8920911067061261,1
1,0.9122519222261889,1
0,0.6184443099233247,1
1,0.8905197061710463,1
1,0.6410722865325901,1
0,0.5832288799791995,0
0,0.7422682599862815,0
0,0.8216879415391262,0
1,0.8832741308419099,1
1,0.6855571761564971,1
0,0.8367154560114469,0
1,0.8922909530064791,1
0,0.7856950239818556,0
0,0.829323004250725,0
1,0.7010841886589199,1
1,0.7862810015759079,1
0,0.5233606785446995,1
1,0.5004301581296603,0
1,0.7488775621120979,1
1,0.6917310111971801,1
0,0.9153162986091196,0
1,0.9054789308373871,1
0,0.924079480735875,0
0,0.5244715615347214,1
1,0.9131717429888743,1
0,0.8748637137420431,0
0,0.8230304831680761,0
0,0.8784823956621988,0
0,0.794587200366447,0
0,0.9050257777412115,0
1,0.5825899873572135,1
1,0.6820442247159215,1
1,0.7889876689321743,1
0,0.9561414180964097,0
0,0.7918037794055721,0
1,0.6795218309159626,1
1,0.7490487736300254,1
0,0.5405566391290042,0
1,0.8502291399198035,1
0,0.8576734020484574,0
1,0.9363329653909338,1
0,0.9444937087952436,0
1,0.5851396035410146,1
0,0.7493827434732776,0
0,0.6811990810016164,0
1,0.7024943832396048,1
1,0.7105956128091883,1
0,0.5598322116643563,1
0,0.7931020166498004,0
0,0.872448959358898,0
1,0.7582835400733254,1
0,0.5986981838612208,0
0,0.6529514217885832,0
1,0.6774571060347692,1
0,0.6141464873812839,1
0,0.8815998687245815,0
0,0.5843082995155431,0
1,0.7666222441137948,1
1,0.5870935712733996,1
1,0.5336770412773061,1
0,0.9466802831617769,0
1,0.5926357700266314,1
0,0.96659339104799,0
1,0.9128435064936804,1
1,0.9050947136584707,1
0,0.7410364784012484,0
0,0.8283442852606505,0
0,0.7374335556734005,0
0,0.7709664636564969,0
0,0.9347699205230022,0
1,0.8691451649291804,1
1,0.8986229180048957,1
1,0.7434135981197386,1
0,0.9675947826719762,0
1,0.6988036281396882,1
1,0.9441348719245184,1
1,0.8443895419559114,1
1,0.6832170925687922,1
1,0.9167082982571507,1
0,0.789639230765187,0
0,0.7593245410124435,0
1,0.5060558821010899,1
1,0.9801269118849119,1
0,0.9003092008642641,0
0,0.5246878477625627,0
0,0.8518331084882231,0
1,0.8345661208295889,1
0,0.8359929366116249,0
1,0.73986925466437,1
1,0.9331074196554124,1
1,0.810417439210742,1
0,0.8488147401821503,0
1,0.8607705374907919,1
1,0.6188467155904231,1
1,0.5678684660148194,1
0,0.5888361138224164,0
0,0.8954039223811708,0
1,0.7983072233236547,1
1,0.7569221355961301,1
0,0.7891053210097295,0
0,0.9446368032930996,0
0,0.595303346932335,0
1,0.8767585713046205,1
0,0.8153807465199667,0
0,0.7005551706925359,0
0,0.726764223323953,0
0,0.8066370709843212,0
1,0.6623171909401668,1
0,0.7861087700661681,0
1,0.6178868513249628,1
1,0.8928913536001812,1
0,0.8420977886627701,0
0,0.6604878943996088,0
1,0.7765555268822892,1
0,0.7821593265987263,0
1,0.8617452041991794,1
1,0.851937799249108,1
0,0.5940824532393891,0
1,0.892847037127539,1
0,0.7488422543009113,0
0,0.7369803183840363,0
1,0.7819977084872363,1
0,0.8590540803841525,0
1,0.832892475213231,1
1,0.7156544923109619,1
1,0.5975467068842233,1
0,0.677946307014264,0
0,0.8577271266391877,0
1,0.7489358793663952,1
0,0.8543364184789503,0
0,0.6614711669034169,0
0,0.9145887551647598,0
1,0.5106034301539576,0
1,0.6194592243135253,1
1,0.8829328046784357,1
1,0.8926509530738901,1
0,0.9009737161389011,0
0,0.8763980884745592,0
0,0.6809421091124965,0
0,0.9594548141593434,0
1,0.7504741177844066,1
0,0.6496048947276872,0
0,0.6625529615757861,0
0,0.5389427059065572,0
0,0.5854466254078303,1
1,0.7538441192937774,1
0,0.8752681596862515,0
1,0.8567423651261291,1
0,0.628706506027931,0
1,0.8376294229472119,1
0,0.8934549882256091,0
1,0.9629838600200898,1
0,0.807863224229928,0
1,0.7728596003487334,1
1,0.8650693385422318,1
1,0.6308398644790886,1
1,0.8639781114032049,1
1,0.8015177442279116,1
0,0.8527822655426244,0
1,0.9299272244738551,1
1,0.885146908221958,1
1,0.9490863841729562,1
1,0.801335180986968,1
1,0.7234106992024234,1
1,0.7547461143975766,1
1,0.9037149857570449,1
1,0.5745497782549988,1
0,0.7382824846599709,0
0,0.748353592671748,0
0,0.8924746461888141,0
1,0.7444905415531176,1
0,0.7802667042455914,0
1,0.5355322141892538,0
1,0.5309608620241785,1
1,0.6946285701240167,1
1,0.596326691746804,1
0,0.8912782322841513,0
1,0.839136997954821,1
1,0.7728451122856942,1
1,0.7529123668319094,1
1,0.7217362461193131,1
0,0.542451210831101,1
1,0.8225894825102561,1
1,0.5490566127100432,1
1,0.8060190639540492,1
0,0.9111957034372463,0
0,0.687012539495781,0
1,0.9173016154500286,1
0,0.6442468389816914,0
0,0.7865580988988848,0
1,0.7108880459885024,1
1,0.7730924504893056,1
1,0.8536779501682699,1
1,0.8663707701819502,1
0,0.5164144468799019,1
0,0.8000015107772446,0
0,0.6465657362752766,0
1,0.5309946126963906,0
1,0.5201405199907622,1
0,0.8811796953460327,0
0,0.8928653294982726,0
0,0.7381667110275081,0
0,0.8275428148310118,0
0,0.7696368533805169,0
1,0.9025262693833868,1
0,0.5900387056081663,1
0,0.8607775191879264,0
1,0.7303319885882031,1
1,0.7910829723993509,1
0,0.7159281308788862,0
0,0.5633271497089454,1
1,0.8883116211559174,1
1,0.5234071210370058,0
0,0.8180516184821218,0
0,0.6277225201596808,0
1,0.8552740873126297,1
1,0.7369288649894572,1
0,0.9384406003483572,0
0,0.941928847590662,0
0,0.6425196516318107,1
0,0.6822102548295521,0
0,0.8716567965104169,0
0,0.755343480670585,0
0,0.6300023612958411,0
0,0.7945818098354352,0
1,0.8459939943307444,1
0,0.9321549361707816,0
0,0.740364155976489,0
0,0.662143223760354,1
0,0.9470600522310048,0
1,0.8911405218948919,1
0,0.8372700363041738,0
0,0.8841570896541067,0
0,0.9238443319653303,0
0,0.8405527191947892,0
1,0.7401696849926896,1
0,0.7368825607054591,0
0,0.8156980861883814,0
0,0.7585214591106862,0
1,0.7255572250578022,1
0,0.8353209418519504,0
0,0.6839781383069593,0
0,0.7430713403342554,0
1,0.6525735075283018,0
0,0.7620393672464181,0
1,0.8085649765205738,1
0,0.7381452334928478,0
0,0.9643674158883311,0
1,0.6654656445282768,1
0,0.9594798756538667,0
1,0.8663963004146871,1
0,0.7189035004240257,0
0,0.8836771209354679,0
0,0.8038972563515268,0
1,0.8511523204870942,1
0,0.6169836173087042,0
1,0.7948553445673678,1
1,0.8270834390366729,1
0,0.8026505371899216,0
1,0.5268838116148628,1
0,0.807912827571724,0
1,0.7659336589977871,1
1,0.8120255502026159,1
1,0.7959534555349286,1
0,0.9244060695774017,0
0,0.8045390843637583,0
0,0.6369641468115109,0
1,0.7212855164858142,1
1,0.7424067884542769,1
0,0.9549920357548856,0
0,0.5578925056326762,0
0,0.5284509681513777,1
0,0.7694080951516298,0
0,0.9453685904571744,0
0,0.7075973837333391,0
0,0.5720023091101989,0
0,0.7317210316257057,0
0,0.6450189939340867,0
0,0.5428905907177376,1
1,0.9390871259702274,1
0,0.7994548442327143,0
0,0.589859582878986,0
0,0.8620552139732698,0
0,0.7794407376034593,0
1,0.8899357394079531,1
0,0.6570011323131894,0
0,0.677664294560553,0
1,0.7199784406081323,1
0,0.8943025123731073,0
1,0.6168340702439002,1
0,0.7762163338047124,0
0,0.7338825180331571,0
0,0.8557549234608459,0
0,0.8089636771136351,0
1,0.8547405506214178,1
0,0.6569412220533066,0
1,0.7410911538112963,1
0,0.8813083500487019,0
0,0.9459602087866472,0
0,0.890015094162907,0
0,0.571449566878727,0
1,0.863914080264841,1
0,0.8607917157177423,0
0,0.6676064788645341,0
0,0.8759222080313398,0
1,0.6354527088881698,1
1,0.6631747009633,1
0,0.7617273701531043,0
1,0.7359298046005016,1
1,0.5596269383542615,0
1,0.5761645565739992,1
1,0.564027615495688,1
0,0.6868681169620429,0
1,0.8884660543326846,1
1,0.7566109352170708,1
0,0.8609578654888211,0
0,0.8107013906905478,0
0,0.6230074139934745,0
1,0.6602617575763836,1
1,0.7959652520134771,1
1,0.8312491253849887,1
1,0.5166496583400283,1
0,0.7503065155896077,0
1,0.7483338555174012,1
0,0.8613110231118213,0
1,0.552316693629959,1
1,0.6850421890634691,1
1,0.6517615418772601,1
1,0.669788144351012,1
1,0.7649949065018772,1
1,0.7452471999640112,1
0,0.9229124006337176,0
0,0.7297664343004173,1
1,0.5068787211225572,1
1,0.6677416792148448,1
0,0.8255491474687544,0
0,0.8391001513874506,0
0,0.8867376071637711,0
0,0.7394696246391091,1
0,0.5394621477455632,0
0,0.8062208567710049,1
0,0.6194876274370174,0
0,0.6113791487860161,1
0,0.7705562142943794,0
0,0.5682128672289412,0
0,0.8705640200393978,0
1,0.6395111591873529,1
1,0.6613650588717322,1
0,0.6936053523484781,0
1,0.7822205619724004,1
0,0.676751431517109,0
1,0.8394757856546484,1
0,0.5618628311241427,1
1,0.5039047979583646,0
1,0.9049732218272394,1
1,0.895954413375533,1
0,0.9114618171929963,0
1,0.5945829376075088,1
0,0.8724098960657025,0
0,0.741735000604511,0
1,0.8768279547611578,1
0,0.8181177690167555,0
1,0.7129401463059218,1
1,0.8517055632950475,1
0,0.862272240825239,0
0,0.7023377348456517,0
0,0.8490428876383609,0
0,0.7307024158209692,0
1,0.7443900824484639,1
0,0.860138933342009,0
1,0.9142415106073544,1
0,0.6484833417376262,0
0,0.6801486561638983,0
0,0.8607736606361438,0
1,0.602601875891946,0
1,0.8748556120078324,1
1,0.6423059465962129,1
1,0.7761152563599197,1
0,0.7908589358326642,0
1,0.7308457840527639,1
0,0.6571752316564929,0
1,0.9060419777571287,1
1,0.8195130472056174,1
1,0.8222307595995623,1
0,0.8182136135344702,0
1,0.7950053344976725,1
0,0.8928972048633685,0
0,0.7595274948970907,0
1,0.927321577355483,1
1,0.7924284118766705,1
1,0.9154218158042511,1
1,0.8700168894530425,1
1,0.6874804647793765,1
1,0.5580113950270643,0
0,0.7047033968176397,0
0,0.748473617774325,0
0,0.936782687032234,0
0,0.9032978995416578,0
1,0.5099549548613939,0
0,0.9127765918016983,0
1,0.8078699806830748,1
0,0.5045789853473812,0
1,0.7168073776989822,1
1,0.8305787846944866,1
0,0.6712614088550023,0
0,0.8145222069194841,0
0,0.7565477770268174,0
0,0.835529437315792,0
0,0.8834287252393321,0
0,0.8895817140136638,0
0,0.8890427362983399,0
0,0.7844031100534538,0
0,0.6696672019653861,0
0,0.794824833106499,0
0,0.7547787554256739,0
1,0.6172444600470995,1
0,0.9336566252373651,0
0,0.8552798232031782,0
0,0.8629000911973167,0
1,0.8477327755853654,1
0,0.9229148038950872,0
0,0.9068804181478471,0
1,0.5196810781364609,0
0,0.7835157951184646,0
1,0.7791494313033075,1
0,0.8614332928104886,0
1,0.7156124981245301,1
0,0.7961123974522145,0
1,0.5755084025291293,1
1,0.714845912952276,1
1,0.5676790184917936,1
0,0.7853371643194776,0
0,0.8087542549212269,0
1,0.6282097267088594,1
0,0.6857458802412087,0
0,0.9402587543749974,0
1,0.6609772102483836,1
0,0.7968426631757757,0
1,0.7433224591842598,1
0,0.5149438518223042,1
0,0.7839674734185913,0
0,0.9025910843711017,0
1,0.7958845851632036,1
0,0.538482822980154,1
1,0.5763845303866942,1
0,0.8439088579343601,0
1,0.5716951745623566,1
0,0.5324124852098573,0
0,0.5549569708571012,1
0,0.8126264884128995,0
1,0.7296282795460597,1
0,0.8512883924097828,0
0,0.6912730201453822,0
1,0.5670618377878693,1
0,0.6509465316099563,0
1,0.7607623973102683,1
0,0.9286875600196737,0
1,0.8739366616246742,1
1,0.5540221081089026,0
0,0.5330777439930974,0
1,0.665187304767155,1
1,0.5262703136481819,1
0,0.6688930495383368,0
1,0.9473053043747426,1
1,0.9519438932124672,1
1,0.7135572777242075,1
1,0.6298276667127626,1
1,0.7856637369541529,1
0,0.8518580903138954,0
0,0.9125509391399509,0
0,0.5374797673160645,0
1,0.6829425794271985,1
1,0.756731225762907,1
0,0.8150162582905287,0
1,0.8834479554577012,1
0,0.8492622712001033,0
1,0.5967861312973213,1
0,0.686689953936474,0
0,0.9162102031212542,0
1,0.6359437477620171,1
1,0.8339382491671133,1
1,0.7883289116861373,1
1,0.8483434174691981,1
0,0.8760386341906332,0
0,0.68505824267492,0
0,0.8804211095677217,0
1,0.6959565044758315,1
0,0.5997282003266916,0
0,0.9747970404809612,0
0,0.8494258282976752,0
1,0.7345444532481539,1
1,0.8366014100074589,1
1,0.6837194446590837,1
1,0.780466860070773,1
1,0.7972456555873076,1
0,0.9074939277363806,0
1,0.5502504541723808,1
1,0.944231712082274,1
0,0.792701030715149,0
1,0.8611951250672024,1
1,0.9522462746663262,1
0,0.7443434147209556,0
0,0.9357121979921056,0
1,0.9747818430083188,1
0,0.8023622642189548,0
0,0.7315828373579405,0
0,0.8737019982247967,0
0,0.6745304097822333,0
0,0.8337504304158361,0
0,0.7662032511973202,0
1,0.6026356502748594,0
1,0.6716521938253757,1
0,0.5398580926972752,1
0,0.8853973568959319,0
1,0.8251217986955218,1
1,0.7854503516368851,1
1,0.7341065101185404,1
1,0.834462690198607,1
1,0.7314001947825229,1
1,0.6253599149231124,1
0,0.6524654339675713,0
1,0.7435327435988088,1
1,0.6896937321015685,1
0,0.5018459379173765,1
1,0.5414985081976108,0
0,0.5421735579271111,0
0,0.9448425427671324,0
1,0.6609201304412105,1
0,0.7341482382688586,1
1,0.594886122526975,1
0,0.7757535025739867,0
0,0.8868942578011375,0
1,0.9624863592165136,1
0,0.7642615999850227,0
1,0.6980148049726375,1
0,0.7060549865272068,1
1,0.5302997560977581,1
1,0.6083686222842781,1
0,0.8465172371515046,0
0,0.9555745239714345,0
0,0.9040176405416044,0
0,0.805874250848371,0
1,0.5945144642533122,1
0,0.8693553580543673,0
0,0.7769205112352712,0
0,0.7786364553902992,0
0,0.6133924941804356,1
0,0.5323004042717389,0
1,0.5926181569672369,1
0,0.922785424646341,0
1,0.890754780562701,1
1,0.7147912164964205,1
0,0.8998071224905438,0
1,0.7451368874353429,1
0,0.8994259964508888,0
1,0.5659245777422207,0
0,0.7577487197390662,0
1,0.66188166964295,1
0,0.8324789172167848,0
0,0.7831800656183787,0
0,0.9080750222172526,0
1,0.6743054471120853,1
1,0.8642154395246803,1
0,0.7631596880454987,0
1,0.773826496041314,1
0,0.9716242350181743,0
0,0.8757880023583601,0
0,0.9303386142120826,0
1,0.7876804946105086,1
0,0.7150625628554764,0
1,0.7095385880268228,1
0,0.846917369509902,0
1,0.6633813525829853,1
0,0.860178792353221,0
0,0.5578337022792461,0
0,0.7167495484122073,0
1,0.7951088313992171,1
0,0.9132662863558589,0
1,0.8245743636850421,1
1,0.7274112335702901,1
1,0.5461055912438275,0
0,0.5740092508010569,0
0,0.8628036388353467,0
0,0.6920902704887315,0
1,0.612123879213874,1
0,0.7753482954237771,0
0,0.6151678209705029,0
0,0.8650106564556688,0
0,0.6756850877284603,0
0,0.5875473067064304,0
1,0.8932970306656568,1
0,0.6868835466046876,0
0,0.5725243792475238,0
1,0.6575469787785133,1
0,0.6106174444832924,0
1,0.6677401415008374,1
0,0.8743784858290299,0
0,0.7227209255370196,0
1,0.7445372622122142,1
0,0.889999752093322,0
1,0.6442949939482605,1
1,0.5317031028738846,1
0,0.6260388041616871,0
0,0.7538831920818739,0
1,0.8347498417823066,1
0,0.8108102868692808,0
0,0.606493531328694,0
1,0.8869719646245943,1
0,0.7601728608803776,0
1,0.698339487117098,1
0,0.9056478052702163,0
0,0.642559879607807,1
1,0.7106687855458033,1
0,0.7796612046681625,0
1,0.5871817984032276,0
1,0.8888293157324471,1
1,0.9054359007288361,1
1,0.8544269405860409,1
1,0.7314175896750396,1
0,0.6700741185812129,0
1,0.5783311741564241,1
0,0.8134427375880076,0
0,0.5601908579995545,1
0,0.7480720746908275,0
0,0.5343169446472561,0
1,0.7262083817589444,1
0,0.8841266893587175,0
0,0.5891862429921906,0
0,0.8777034162606501,0
0,0.8592526572893225,0
0,0.7427145737901152,0
0,0.8762611836362993,0
1,0.6767590930164735,1
0,0.7277353706143489,0
1,0.7658338217646836,1
1,0.8509926988221675,1
0,0.8710685063882564,0
1,0.7831668074024325,1
1,0.519083957822924,1
1,0.5826179065945469,0
0,0.8774931841641591,0
0,0.8909462659004069,0
1,0.5566712450240048,0
0,0.7743954448406747,0
0,0.8607476005141109,0
1,0.81417362708692,1
0,0.8303391861314604,0
0,0.7996830711032299,0
1,0.6718589727893696,1
0,0.9196310292973306,0
0,0.8710223534683961,0
1,0.827093597261748,1
1,0.8486696037808262,1
0,0.5202736374345921,0
1,0.8442225997158073,1
1,0.6172483672439921,1
0,0.9030068555151659,0
0,0.7269725357793391,0
1,0.5104611552793699,1
1,0.64789782645058,1
0,0.8466256218573077,0
1,0.9016307733446074,1
1,0.891658353881024,1
1,0.7218596759902588,1
0,0.5650230159818407,1
1,0.5826530704694955,1
0,0.8553833006349894,0
0,0.5673145556267423,0
0,0.8249488149327706,0
0,0.7840639242882764,0
0,0.8905954168939054,0
1,0.5679251215860543,0
1,0.5860361425226501,0
0,0.9651445791155318,0
1,0.7934404682548805,1
1,0.7313155933691485,1
0,0.5491698712894363,1
0,0.7935501135494748,0
1,0.813031305136985,1
0,0.9111261721640604,0
0,0.5963000300449897,0
1,0.7610373875522534,1
0,0.8566225227005564,0
1,0.7613535862538279,1
1,0.7336708997328335,1
1,0.9055418421731636,1
1,0.6356378649746568,1
0,0.939037026607631,0
0,0.5818076909452408,0
1,0.6510181213021516,1
0,0.7268249573110787,0
1,0.5063240974759878,1
1,0.7480991712622976,1
1,0.9620710139504379,1
0,0.5791016397664235,0
1,0.7464471473827322,1
1,0.663840783956551,1
0,0.7648138861989793,0
1,0.6475042362015467,1
1,0.8080089132469274,1
0,0.9297955801326802,0
1,0.8086561523394548,1
0,0.8649164960289182,0
0,0.741863695682234,0
1,0.739527912508281,1
0,0.8956948639135536,0
0,0.5511041398599885,0
1,0.8810895873834327,1
0,0.6717464657721973,0
0,0.8858945315103555,0
0,0.8221710745221822,0
0,0.7429272022557891,0
0,0.939543150666845,0
1,0.8193056978150655,1
1,0.8581055207269479,1
0,0.5183051322987519,1
0,0.7966292444786837,0
0,0.9506433827953821,0
0,0.7063318229294873,0
0,0.9498849377624249,0
0,0.9648799399710716,0
1,0.8343842827590859,1
1,0.8782620673738091,1
0,0.6669683594693218,0
0,0.6362561642739379,0
1,0.9311411947665507,1
0,0.8040553761390656,0
0,0.5384463331272784,0
0,0.5386261451577242,1
1,0.7466778018144123,1
0,0.9371332937861926,0
0,0.8210289060147841,0
1,0.7175072163658022,1
0,0.8780448136305293,0
0,0.7410585371321505,0
0,0.9116304812900761,0
0,0.6670856712319266,0
0,0.8692830684945969,0
0,0.8075150740124031,0
0,0.8501859900869617,0
0,0.7659840188602522,0
0,0.869352034558457,0
1,0.6539756583746852,1
1,0.5265550440718577,1
1,0.9080637597501493,1
0,0.8502255442296582,0
0,0.7947334592438297,0
1,0.8695619706713404,1
1,0.7354675667687286,1
0,0.7948692742974462,0
0,0.7681488497113512,0
1,0.5632139252387474,1
1,0.9135203573924144,1
1,0.9007437576416786,1
0,0.8214278372416093,0
0,0.7434936086491759,0
0,0.7569783395937318,0
0,0.7852283329285051,0
0,0.6229446228021317,1
0,0.7431147779908092,0
1,0.842458644247507,1
0,0.8942910074358884,0
0,0.8962877768973522,0
0,0.9599709125722037,0
1,0.5520991043533016,0
0,0.6939227492927122,1
1,0.7935454965828247,1
0,0.7996242801819898,0
0,0.7129504313452419,0
0,0.6034540356833679,1
0,0.5958979500829008,1
0,0.7651715237454298,0
0,0.5426646055517179,1
1,0.7715424741563006,1
0,0.7376035002172334,0
0,0.6446746104925494,0
0,0.6963951274214002,0
0,0.6984264762170741,0
1,0.5845615034260767,1
0,0.836911788363753,0
1,0.600751757994628,0
0,0.8211321554645697,0
0,0.6072905896465547,1
0,0.9221314965227568,1
0,0.954144051794457,0
1,0.8008791482409543,1
0,0.7782981353590603,0
0,0.5718969682190872,1
0,0.7664658536983305,0
1,0.5215809973293121,0
0,0.9030001222260716,0
0,0.824501729544625,0
1,0.8576341646032923,1
1,0.7076718375949452,1
0,0.7552036735072195,0
0,0.7471070532015063,0
1,0.8924692342310475,1
1,0.7423986228833065,1
0,0.7976607654302347,0
0,0.6551345909506968,1
1,0.7361045875202452,1
0,0.8205682884757282,0
1,0.8084272751768906,1
1,0.6497586236191039,1
0,0.867170169236185,0
1,0.715712912147826,1
0,0.5580589091256405,0
0,0.8251278455982571,0
0,0.7249530350454095,0
1,0.7230031369570602,1
1,0.9205091218045055,1
1,0.8823561094949972,1
1,0.8540470513401452,1
1,0.9719727446140993,1
0,0.9138846277291128,0
0,0.7784184035902945,0
1,0.8526846989590133,1
0,0.7237338221468127,0
1,0.8858135932698425,1
1,0.5390647906188126,1
1,0.603352989793668,1
1,0.5998515393559933,1
1,0.826593414067466,1
1,0.6111276384073047,1
1,0.7751876135644291,1
0,0.7222449520327293,0
1,0.6743767255112547,1
1,0.9082122578730628,1
1,0.8971859355766996,1
0,0.6225116049667322,1
0,0.6532047848996625,0
0,0.710898523309678,0
1,0.8700854619680785,1
1,0.7356000397736865,1
0,0.8077152020617079,0
0,0.9335040720764017,0
0,0.7868140719819987,0
1,0.9344204180735816,1
1,0.7837157786678739,1
1,0.5772809869568002,1
1,0.7001422764241859,1
1,0.8794546868239058,1
0,0.5153639673352052,0
0,0.8216787346000259,0
0,0.7546246223864335,0
1,0.9664039906707075,1
1,0.8275502867948813,1
0,0.8638506434282014,0
0,0.632912067700722,0
0,0.6353797670883407,0
0,0.8064370242752052,0
0,0.8461270272663729,0
1,0.5481042926152256,0
0,0.7959968274657324,0
0,0.8929717475805599,0
0,0.5255486149711751,0
1,0.8320254396855365,1
0,0.8940770358587289,0
0,0.8154516104853013,0
0,0.6832046274458768,0
1,0.8946611592706959,1
1,0.7937567906468092,1
1,0.905475660610921,1
0,0.5892007959573974,1
1,0.606604045386731,1
0,0.5738200171415079,1
0,0.9357525597134952,0
0,0.7706371114272245,0
0,0.8187383077038797,0
1,0.7627944651024435,1
0,0.8331650676149598,0
1,0.8769213133272878,1
1,0.7400157506220615,1
0,0.9019935740653278,0
1,0.9052887394032326,1
0,0.73527287748585,0
0,0.7013852972650909,0
0,0.8303705983088268,0
0,0.7330944333929132,0
1,0.6077221633926994,1
1,0.8292823591755324,1
1,0.8347395955110792,1
0,0.8676983418348401,0
1,0.8439018750332313,1
0,0.7376168577586675,0
0,0.5477832802835914,1
0,0.53063266080665,1
1,0.7998914781279679,1
1,0.8400711518209484,1
1,0.8339675223552346,1
0,0.8017894538674976,0
0,0.927009291912434,0
1,0.5477470557726972,0
1,0.6129158248237242,1
0,0.7039411158200184,0
0,0.7260539381147793,0
1,0.5568652305171209,1
0,0.717570474997822,0
0,0.8412487312457914,0
1,0.5472435694918492,0
0,0.8552966752652308,0
0,0.8705687107872683,0
0,0.7780881722510145,0
0,0.8278550294123248,0
0,0.6913409110031515,0
1,0.8227298366359552,1
0,0.645690034984151,0
0,0.8349826260932803,0
1,0.7575567395749235,1
1,0.808702740750491,1
1,0.8478178137648673,1
1,0.6957778518699762,1
0,0.7323159944854374,0
1,0.5052835010440858,0
0,0.5410625025582815,0
1,0.87348548805962,1
1,0.7652569465010569,1
1,0.5000252616580431,1
0,0.9759952506837115,0
1,0.7437265770079702,1
1,0.5445907673588543,0
0,0.7896865799576238,0
1,0.8950592248099151,1
1,0.6799893033440338,1
1,0.5206867159012275,1
1,0.712084909351692,1
0,0.5763072187429383,1
0,0.7195060187247796,0
0,0.5472519754609871,0
0,0.5719684132920402,0
0,0.7059262289097583,0
0,0.7965678274182857,0
0,0.8170952864784685,0
0,0.8978887885054504,0
0,0.5482600671479007,1
1,0.8658915513301859,1
0,0.8585129960264327,0
0,0.8839393495261634,0
1,0.839073785076538,1
0,0.8424066446982933,0
0,0.9463002327874075,0
1,0.8031236719077585,1
0,0.7813304026764215,0
1,0.7480211898423099,1
1,0.5470241127326542,0
0,0.6040204090192361,1
1,0.812546546494659,1
1,0.8906560145745244,1
0,0.6153364518282026,1
0,0.7734981883428625,0
0,0.5612388815944921,1
1,0.7923752069109073,1
1,0.8630214205403968,1
1,0.6318573685497484,1
0,0.8943804121480873,0
1,0.5674280519793138,1
0,0.9579137303289151,0
0,0.8248218795190179,0
1,0.6737178608287984,1
1,0.8218061810728335,1
0,0.8886243760275783,0
1,0.7224514930782017,0
0,0.955577294006305,0
0,0.9536683636114534,0
0,0.8673502506088852,0
1,0.8429905031680561,1
0,0.7899419794310576,0
0,0.7301749100328966,1
0,0.7241932485147734,0
0,0.8708445076784277,0
0,0.811006286488471,0
0,0.6107183678008019,0
0,0.5246159332461222,0
1,0.868599170442113,1
0,0.7767929857211838,1
0,0.7122584486566346,0
0,0.7601330800765578,0
1,0.8581589512860244,1
0,0.8713445159608867,0
1,0.5881032758264512,1
0,0.7554292091472564,0
1,0.9223966848376904,1
1,0.6660683869169481,0
1,0.5696735755715674,1
0,0.8541433786840684,0
0,0.8804451413486486,0
0,0.9638087026839025,0
0,0.8329373243769166,0
0,0.8801316141425254,0
1,0.7093108952162241,1
0,0.7471705457520027,0
1,0.8243497729869915,1
0,0.6018724615918682,1
0,0.8990413380357862,0
1,0.5767738711903153,1
0,0.9554500210232421,0
0,0.9212652431981615,0
1,0.7941917787435825,1
1,0.5869462562890956,1
0,0.811775041515285,0
1,0.7908043005666201,1
0,0.8930621026332717,0
1,0.7037190469016305,1
0,0.8383823249713631,0
0,0.8889288017807894,0
1,0.8600489014462368,1
1,0.8982673187839021,1
1,0.8038612194087484,1
0,0.5764776693833117,0
0,0.7688066745358337,0
0,0.6849186037987376,0
0,0.7751919340068825,0
0,0.7204810398964766,0
1,0.5798073174348489,1
0,0.9041964744566079,0
0,0.5671183201879716,0
1,0.9745465910679432,1
1,0.6900661995369558,1
1,0.7630375446372721,1
1,0.6436791593150556,1
0,0.7061229790328303,0
0,0.5298678493641308,0
0,0.5526934507327171,1
1,0.9246678735749807,1
0,0.8398001806624091,0
0,0.8460302414828302,0
0,0.8461386315159942,0
0,0.7386869625372385,0
1,0.7375322415020279,1
1,0.6539921740394163,1
1,0.6725487518611198,0
1,0.8947137384823016,1
1,0.7181478972303265,1
0,0.7534281707332492,0
1,0.7914858118277888,1
0,0.8446208569485972,0
1,0.7463548742870364,1
1,0.7826863527268312,1
0,0.9271531347952601,0
1,0.8158887829679238,1
0,0.9820882368173712,0
1,0.8058819756327038,1
0,0.6563669228739674,1
0,0.8534068850413274,0
0,0.9428762914434262,0
1,0.6159574497377347,0
1,0.8989918835754857,1
0,0.9110004078985975,0
1,0.976431365205147,1
1,0.7231959412719624,1
1,0.6249919119788051,1
0,0.9854988929317501,0
0,0.8543437634328275,0
0,0.7706020690947355,0
0,0.519260793298771,1
1,0.8654472877848327,1
1,0.7716177006639937,1
0,0.7529294137971,0
0,0.8433039088665002,0
1,0.8032116221880796,1
0,0.5997511078353602,1
1,0.7410455963392644,1
1,0.741499405763078,1
0,0.789551872778137,0
0,0.7979354366512575,0
1,0.6497308114778252,1
1,0.7737149232407108,1
1,0.8344651214265376,1
1,0.6497927372083245,1
0,0.6317485276553086,0
0,0.8715055748863816,0
0,0.8006478353917795,0
1,0.7270165130305164,1
0,0.8867516122182422,0
1,0.6916580198125696,1
1,0.8110586938045432,1
0,0.7735306640192201,0
1,0.5052118240658735,1
0,0.5330785638449235,0
0,0.964508415832586,0
0,0.9024201481909297,0
0,0.8091261716321498,0
0,0.8496084085676929,0
0,0.8910043630840213,0
1,0.9361424244795822,1
1,0.7047380855786708,1
1,0.5534800032439469,1
1,0.700537499373404,1
1,0.7616321852384005,1
0,0.7818113167035603,0
1,0.8516427582521595,1
0,0.8495453775649037,0
0,0.5838909079104612,0
0,0.9473464107446463,0
1,0.9157953041692166,1
1,0.6810806477785428,1
0,0.6305015644661554,0
0,0.9778092234457042,0
1,0.8364285634195626,1
1,0.7688281465857596,1
1,0.8997252624461812,1
0,0.5809419380810468,1
0,0.9247483637181078,0
1,0.8729330319145029,1
0,0.8490900792808947,0
0,0.9508840370183278,0
0,0.6864118533653681,0
0,0.8321135559829623,0
0,0.549463526268343,0
1,0.6007209419798022,0
0,0.5302972726023747,0
0,0.792304974843897,0
1,0.7223723279273983,1
0,0.700577639148387,0
1,0.9256168094378784,1
0,0.6728429502946425,0
1,0.7459191505523822,1
1,0.8567596197565491,1
0,0.8159485013363313,0
0,0.9396324720696358,0
1,0.6587420866846936,1
0,0.6997944952820937,0
0,0.8662954996949342,0
0,0.950140164407326,0
1,0.6799479218492944,1
1,0.7927331598922961,1
0,0.535160288536327,0
1,0.7439196856117721,1
0,0.5630689193629915,0
1,0.924468342353571,1
0,0.5444910281083644,0
0,0.9393151471408286,0
0,0.5858608637558618,0
0,0.863875498149841,0
0,0.6794750887431057,0
1,0.6572726695624648,1
0,0.556317372095351,1
1,0.7851497628177317,1
1,0.9280807110717193,1
1,0.5794476014145628,1
1,0.8316247916767023,1
0,0.9606231746146381,0
1,0.8490952705264396,1
0,0.9885051908394846,0
1,0.699546151742743,1
1,0.7798575599019738,1
0,0.8520319047410583,0
0,0.7619986757639707,0
1,0.8954293628686962,1
0,0.9356503606739769,0
1,0.7635870273502197,1
0,0.8770090549888636,0
0,0.5473820383465908,1
1,0.5529977760418157,1
0,0.8844357153166541,0
0,0.9499823314952889,0
0,0.5986389087266666,1
1,0.5198161872585302,1
1,0.8984779561610116,1
0,0.8867018201623009,0
1,0.657350085008464,1
0,0.5731651180448831,0
1,0.7089991484582718,1
0,0.9003411827643744,0
0,0.6828419111241365,0
0,0.8513801444685779,0
0,0.7846525244406599,0
0,0.6944312792206098,1
0,0.5045619472180161,1
0,0.7681367499095707,0
0,0.7329330958438683,0
1,0.7646643338692992,1
0,0.6022095191946119,0
1,0.8515559765068574,1
1,0.7107626608808291,1
1,0.8706576649151813,1
1,0.860176243848351,1
0,0.6483221338247682,1
0,0.5168897483446838,0
1,0.6825544930710096,1
0,0.6610855401932313,1
0,0.7474321915527573,1
1,0.7305419920146446,1
0,0.6027454654754715,0
1,0.8652372394133091,1
0,0.803105242893343,0
1,0.5100189476814952,1
0,0.8981209764453659,0
1,0.6412116348651821,1
1,0.854448332168065,1
1,0.6827684138385649,1
1,0.5392534739750053,1
0,0.5492903577661303,0
1,0.7254890509423648,1
1,0.7829894620791357,1
1,0.9130709431445555,1
1,0.8249392852518169,1
0,0.8158994923298034,0
0,0.576644355539393,0
1,0.6859323581069109,1
1,0.8310970416127658,1
0,0.7294851921862363,0
0,0.8939132867459147,0
0,0.6845047105396929,0
1,0.7720109145366217,1
1,0.7945109944762921,1
0,0.5543154881748291,0
0,0.9138332022895821,0
0,0.568089595752746,0
1,0.5953109095672569,1
0,0.8563159746874792,0
0,0.7950104384110988,0
0,0.5577865517981372,0
1,0.684363560896925,1
0,0.7183707099924049,0
0,0.6630087695289794,0
1,0.7679141217679314,1
1,0.8143125697808864,1
1,0.7799020790677141,1
1,0.7623665345420527,1
1,0.6467421045988277,0
1,0.5577426225453679,1
0,0.8151882548913338,0
0,0.7538947460361487,0
0,0.8752378278195617,0
0,0.893604532487261,0
1,0.683429374182759,1
1,0.5340449704675648,1
1,0.9685158890388342,1
0,0.7735110362935248,0
0,0.8522094863247541,0
1,0.9709329118646312,1
1,0.6886762900754306,1
0,0.7780257772854563,0
0,0.5737667395240493,0
1,0.6931605607803781,1
0,0.8843929157574748,0
1,0.7423123862409609,1
0,0.8403523590186148,0
0,0.8607279753392371,0
0,0.6215190079982735,0
0,0.8585033490717716,0
1,0.8134075197949275,1
1,0.5230010306153743,1
1,0.6688199151064564,1
0,0.8854420442325899,0
0,0.9243783950818546,0
0,0.7064587636894764,0
0,0.5434475334897494,1
0,0.6639714570669195,0
1,0.8463545750994454,1
1,0.6548637930624612,1
0,0.7118109038268198,0
1,0.834474298056145,1
1,0.7054423332751019,0
0,0.8985141377050234,0
1,0.6724426738774643,0
1,0.8672893646253697,1
1,0.7403610910984071,1
1,0.8311456964168471,1
0,0.706856159833862,0
1,0.6123858399810256,1
0,0.8019664069164498,0
0,0.5084750326602828,0
1,0.6387191903581116,1
0,0.7447324361699145,0
1,0.9164961937213506,1
1,0.7131331706974411,1
1,0.5437003391737923,0
0,0.8997668709499647,0
1,0.7981661462649942,1
0,0.7885782927685406,0
1,0.8149586373525203,1
0,0.9226352188514035,0
0,0.9500146521579791,0
1,0.5599225625964853,1
1,0.8244901931243147,1
1,0.823612184042412,1
0,0.9339794403844063,0
0,0.7700512472732701,0
1,0.7679459245686537,1
0,0.839914274934142,0
1,0.5508911150039139,1
0,0.9803548938941671,0
0,0.5174426572853481,0
0,0.6642942807021115,0
1,0.6943929028913313,1
0,0.8615899544993035,0
0,0.9510406573240482,0
0,0.5998588977930588,0
0,0.7859947074011167,0
1,0.8596105632018384,1
0,0.7086116577774448,0
1,0.8152452635295,1
1,0.8524701615453422,1
1,0.6532896874568256,1
0,0.8953272450653423,0
0,0.857077915105691,0
0,0.8555988595350448,0
1,0.8118965399428517,1
1,0.6545397734767122,1
1,0.7620494468363604,1
1,0.7246094558805518,1
0,0.7774076216452896,0
1,0.7845909551957749,1
1,0.5291715989351795,1
1,0.6995191316573136,1
1,0.9187788873809699,1
1,0.7006022901478556,1
0,0.8826572272604637,0
0,0.7860154889540326,0
0,0.7613659050189882,0
0,0.5136697789592778,1
1,0.860692808623904,1
1,0.6961023901097435,1
0,0.9632431376162054,0
1,0.6055913407698705,1
0,0.7982862795887378,0
1,0.5439003366224894,1
0,0.847538455438124,0
1,0.697303847833147,1
1,0.5449455589745107,1
1,0.8109433355860508,1
1,0.9475890444519863,1
0,0.9291315444270063,0
0,0.9120460021876006,0
1,0.7706253017863527,1
0,0.9246470462684444,0
0,0.814129448176919,0
1,0.6408619664794576,1
1,0.820842544895273,1
1,0.8201242252011047,1
0,0.6616616909998857,1
0,0.8697843790225748,0
0,0.6675478947543265,1
0,0.6122701229162277,0
0,0.8506110235840879,0
0,0.8717569124943871,0
1,0.7155630679600589,1
1,0.5074093425603255,1
0,0.5488597820917542,0
1,0.9519078768046606,1
1,0.826471669388443,1
0,0.6719276168302176,0
1,0.8732325681988147,1
1,0.7805966477499701,1
1,0.5183662512873305,1
0,0.8847800402781406,0
1,0.881685248502496,1
1,0.7363009698761173,1
1,0.616806296554265,1
1,0.5838356377388438,1
1,0.9168268582516552,1
0,0.7573168821263685,0
1,0.730025162324954,1
1,0.8869254196805981,1
1,0.9191536642458096,1
0,0.8976661525651731,0
1,0.6844202739224063,1
1,0.6089978964901738,1
1,0.8549213404730079,1
0,0.9021542417890845,0
1,0.8922736931354859,1
1,0.8766700234304887,1
1,0.6845314343112678,1
1,0.6980047998048935,1
1,0.9238918104475432,1
0,0.6167620445565672,0
0,0.8863224195129913,0
0,0.9870573296638507,0
1,0.7400138207680825,1
0,0.6537626491418156,0
0,0.7249999291480723,0
0,0.9008724732150807,0
1,0.8861454141405553,1
1,0.6374453381370995,1
1,0.6770057553580818,1
0,0.8289268195488209,0
0,0.9275443272932301,0
0,0.5137718435242804,1
0,0.908966182719016,0
1,0.8589870336452157,1
1,0.6282874968603419,1
0,0.7750904123962771,0
0,0.5994362854156323,0
0,0.6290053674230638,0
0,0.8933457910203755,0
0,0.7251255716273871,0
0,0.8655063327777179,0
1,0.7161185466324931,1
0,0.8148275226337297,0
0,0.8314479278394794,0
0,0.79660401436885,0
1,0.8655306286192758,1
1,0.8881945199346312,1
0,0.7312457170508287,0
0,0.6860236227865021,0
1,0.7786066264835411,1
1,0.695751051628071,1
1,0.9058225613575805,1
0,0.6293662115990664,1
0,0.7804294285720856,0
1,0.5365464519932847,1
1,0.5469172215953763,0
1,0.8511043022527915,1
1,0.6884809875694617,1
1,0.8810542657924999,1
1,0.6789462973580161,1
0,0.8391625182522062,0
0,0.7785219829837637,0
0,0.8125448464054276,0
0,0.5877770924939905,0
0,0.6562157975176869,0
0,0.5546850408997767,0
0,0.7377420561452466,0
1,0.5531381591619268,1
1,0.7512479591508101,1
1,0.6712692927937454,1
1,0.8416049408405636,1
0,0.6864494794355245,0
0,0.8260361987818503,0
0,0.8889250129029242,0
0,0.5259852773362942,0
1,0.731674320843742,1
0,0.7294212832825614,0
1,0.928062531567843,1
0,0.7456258619749275,0
0,0.7734554599900824,0
0,0.7900918817776184,0
1,0.7324560685783192,1
0,0.9091102834681628,0
1,0.7918851050399676,1
0,0.9341968486100505,0
0,0.8388916969207381,0
1,0.7327436231869016,1
0,0.8178974438466625,0
0,0.8477465777609849,0
0,0.8080261721428282,0
0,0.874380147659645,0
1,0.5622435894796697,1
1,0.847056582328124,1
1,0.6502750837434441,1
1,0.6963870236422102,1
0,0.923963020581166,0
0,0.7752464839898451,0
1,0.7857655934460601,1
1,0.530579528478559,0
0,0.8027138749816483,0
0,0.839561664804373,0
0,0.608091747815188,0
0,0.6359064209115165,0
1,0.8592048576298211,1
0,0.801784415200879,0
1,0.7033176107274051,1
1,0.7248822543874479,1
1,0.8653885719960308,1
1,0.722988427229194,1
0,0.8907158881604921,0
0,0.5053169601257105,1
0,0.8746991321984688,0
0,0.565033865172778,1
1,0.5989672602486773,0
0,0.7352470243399665,0
0,0.590249375386582,0
0,0.7071435809690555,0
1,0.8598209061397885,1
0,0.8417993763927069,0
1,0.6203953799493117,1
0,0.9494261609674278,0
0,0.7153239233924633,0
0,0.8068320010121681,0
0,0.9434995773364185,0
1,0.605315368213833,1
0,0.6032982292856857,0
1,0.6323313312208694,1
1,0.517321695957713,0
0,0.601983010013974,0
1,0.5788721782061195,1
0,0.7035768830766076,0
0,0.7481523338579933,0
1,0.9392079198278733,1
0,0.864531732018285,0
0,0.8032746152128276,0
0,0.6303140117952132,0
0,0.8497486591747083,0
1,0.79186386665077,1
0,0.7967263183310208,0
0,0.7531580220274928,0
0,0.8157517351309718,0
0,0.964176704811134,0
0,0.6916636041647366,0
0,0.9653189046872528,0
0,0.9167555691692708,0
1,0.8638055272743319,1
1,0.8336795425564036,1
0,0.7683949242245802,0
1,0.8695777909352506,1
1,0.6901451261548742,1
1,0.8410969026503863,1
0,0.7729736819808899,0
0,0.8437573066689362,0
1,0.8756193990621056,1
1,0.7998353349381442,1
0,0.9516624472811126,0
1,0.8783138988701008,1
0,0.8858962128499697,0
1,0.9094341277563083,1
1,0.750555911129249,1
1,0.7787771781350054,1
0,0.899164958470228,0
1,0.5711670544517066,1
1,0.7433384374793807,1
0,0.6708299846576999,0
1,0.8804389374094098,1
0,0.8950625008746147,0
0,0.8461922793496918,0
1,0.5823825047628041,1
0,0.8322874545092692,0
1,0.8343148062337409,1
1,0.7562122515520162,1
0,0.864867587607733,0
0,0.8408356385825793,0
0,0.8441714340165629,0
0,0.864832732591692,0
1,0.9111952344379995,1
1,0.8816402486220507,1
0,0.8441496674265241,0
1,0.9477506770140726,1
1,0.706995156548739,1
0,0.7784502132849296,0
0,0.7847799835347673,0
1,0.7362861724507211,1
0,0.8938947677852818,0
1,0.590351999104347,1
1,0.7625131172214911,1
0,0.7088051180551342,0
0,0.8863186314339607,0
0,0.7438226217264984,0
1,0.7703109404665907,1
0,0.7931188342369598,0
1,0.6966003989831558,1
1,0.5415810573529306,0
1,0.6344033486135636,1
1,0.56135296200325,0
0,0.6578911729524507,0
0,0.9380553954454813,0
0,0.5995198352535144,0
1,0.8791347979468939,1
0,0.7150376878127745,0
0,0.7839938403490362,0
0,0.6782542042777466,0
0,0.9350891110554612,0
1,0.6416534075385764,1
0,0.9327531637016747,0
0,0.7584730323048606,0
0,0.9649595633573619,0
0,0.796073801997841,0
1,0.9025790962859096,1
1,0.7940044327124487,1
0,0.6935993922284945,0
0,0.8316933096060238,0
1,0.7336832368565752,1
0,0.6475215694507066,1
0,0.941855982112928,0
0,0.7392004091215247,0
0,0.8518875477092708,0
1,0.850322604980475,1
0,0.7517407133468578,0
1,0.662652023468254,1
1,0.9494141449762836,1
0,0.9046779455638104,0
0,0.5164532363035815,1
0,0.7831291901616333,0
0,0.931525956265694,0
1,0.6616640835705335,1
1,0.6629586687805766,1
1,0.7736810443220865,1
0,0.7282468703116404,0
0,0.7447252021560437,0
1,0.7995541968829041,1
0,0.5069488498123237,1
0,0.5742635688376013,0
1,0.5040376559154496,1
0,0.8105935335448081,0
1,0.7503656287050756,1
1,0.7215704181273618,1
0,0.6858265752654656,0
0,0.8964102464259737,0
1,0.9210788058956488,1
1,0.7448746593070862,1
1,0.7550771907777586,1
1,0.8604161710049615,1
0,0.912139194691868,0
0,0.908985392521943,0
1,0.8539485664774713,1
1,0.9137984682836932,1
0,0.8306752753394242,0
0,0.7189906613747086,1
1,0.5814775810650367,1
1,0.7560062297254285,1
1,0.6927718185082256,1
0,0.8434038300697609,0
1,0.7008899196046124,1
0,0.6262198083382192,0
0,0.8652543966073555,0
0,0.7845643065465397,0
1,0.8687084649566378,1
0,0.7632720606560127,0
0,0.7586559437470872,0
0,0.7312709690390984,0
0,0.8438455620571663,0
1,0.7594514156420734,1
0,0.8688560788592362,0
0,0.7340860373029774,0
0,0.6354188383561417,1
0,0.7850769892745012,1
1,0.5091359757891821,0
1,0.9430099305253202,1
1,0.6696358291647154,1
1,0.5900521639635482,1
1,0.7133422139364242,1
1,0.8744195638144562,1
1,0.646804364808955,1
0,0.5744673010784982,1
1,0.7989038589813866,1
1,0.8017439522634734,1
1,0.7862246200425809,1
0,0.5244216140116638,1
1,0.7188908671558946,1
0,0.7752610857789747,0
0,0.9436001630826689,0
1,0.8967204285132875,1
0,0.8883568714851559,0
1,0.9123650308085568,1
1,0.5684486752535718,1
1,0.632415655426403,1
1,0.6874368540664324,1
1,0.6778239338926124,1
1,0.6788653960145156,1
0,0.8572217754449452,0
1,0.5072625562566385,1
1,0.6385608193240342,1
1,0.721455168287472,1
0,0.9106881682038589,0
1,0.7642841388633549,1
0,0.8774190775836402,0
0,0.5951036984586162,0
1,0.9693324239477532,1
0,0.9208683536834806,0
0,0.5459485959190479,1
1,0.83569456470274,1
1,0.507105570522488,1
0,0.7324263945223523,0
0,0.5744105973901571,0
0,0.690238815490293,0
0,0.706678286300258,0
1,0.7496771403934925,1
1,0.852489150899262,1
0,0.8098291112939366,0
0,0.541018642407231,0
0,0.6391904617508595,1
0,0.7431524353866344,0
1,0.5420573410275192,1
0,0.5949483971234873,0
1,0.6354109254235872,1
1,0.683951826805103,1
1,0.5109612575577451,0
1,0.6945569461131592,1
1,0.6240151846409282,0
0,0.7352195492356199,0
0,0.6186449393871901,0
1,0.8409281734338367,1
0,0.8368647679214484,0
0,0.7973561315904696,0
0,0.6540847229172443,0
1,0.7453599431254325,1
1,0.7230550672727092,1
0,0.6650193839084978,0
0,0.7671408517344793,0
1,0.6386866142115777,1
0,0.9660046755863997,0
1,0.8471406468841243,1
0,0.7271338138999572,0
0,0.6694869460960832,0
1,0.8287950903403412,1
0,0.9609409765237522,0
1,0.9819176657338439,1
1,0.6286724826773588,1
1,0.683454883912646,0
1,0.7915143843227164,1
0,0.8114201609577637,0
1,0.8568628044473021,1
0,0.7998511672226525,0
1,0.7189726575605497,1
1,0.7828066187908582,1
1,0.718042488449337,1
0,0.7620739268232458,0
0,0.8571298314539418,1
0,0.925693367282322,0
0,0.6794672294569922,0
0,0.9331969802611756,0
0,0.7816800182534618,0
0,0.5482786925336077,0
1,0.8973265801409765,1
1,0.7125448493728854,1
1,0.8064823534515023,1
0,0.741229463717768,0
0,0.6319621009121908,1
1,0.6662314611021298,1
0,0.8615982629673228,0
0,0.746896030852775,0
0,0.8803674959726483,0
1,0.8060802960658928,1
1,0.6108469295535401,1
1,0.8517248002444151,1
0,0.8974734008472021,0
1,0.5328463867063962,1
1,0.7296265836122223,1
0,0.8058007106149523,0
0,0.9361435347843233,0
1,0.8796147055977135,1
0,0.8761495025689191,0
1,0.6737792177757123,1
1,0.5422875682431855,1
1,0.6499670093208235,1
1,0.7864555636228555,1
1,0.7804915597349099,1
1,0.5592041596498948,1
1,0.648459528353134,1
0,0.7168427524401467,0
1,0.8019270437790812,1
1,0.9465545813525387,1
1,0.8987829437457974,1
1,0.682145570681513,1
0,0.6447413277093942,0
0,0.7732032857111413,0
0,0.8458434259033271,0
1,0.7924335109731384,1
0,0.6952245639034347,0
0,0.6798379115865374,0
0,0.7653572163254699,0
1,0.6352547513104894,0
1,0.7472732520709949,1
1,0.7003750628846905,1
1,0.7553449726947515,1
0,0.5914626145891443,1
1,0.640477815647246,1
0,0.6172526507520544,0
1,0.6862585060324545,1
0,0.918783850939972,0
1,0.7531253939829192,1
0,0.7163576489226942,1
0,0.6529687938950723,0
0,0.7902993226038062,0
1,0.8355155836238032,1
1,0.8896998913955059,1
1,0.7160006989459953,1
0,0.7572560588051827,0
0,0.8272302795072715,0
1,0.6766984476755789,1
1,0.6365034893154385,0
1,0.599728701244133,1
1,0.5278880373593591,1
0,0.8196393154436057,0
0,0.7783931576148881,0
1,0.8472688381788406,1
0,0.6648106360241359,0
0,0.9042602227055958,0
1,0.5892770407187559,0
1,0.864387356816204,1
0,0.9204060283345682,0
0,0.8339282178990614,0
0,0.6947261673290213,0
1,0.8150449881063377,1
1,0.7979013613888752,1
0,0.6026407449581035,0
1,0.8496446413129844,1
1,0.5225946136248982,0
0,0.6615340432942035,0
0,0.9075429693035028,0
0,0.795881006427332,0
1,0.9531003534296228,1
1,0.6451413097891583,1
0,0.65283662346727,0
0,0.8211843634896709,0
1,0.8240226842251968,1
0,0.7724220169636346,0
0,0.633604073245803,1
0,0.678932446904524,0
0,0.8587177758274269,0
1,0.8635911908705721,1
0,0.8483630471370206,0
0,0.5719722994637954,0
0,0.8774597371192969,0
1,0.7018453396759936,0
0,0.7217512871531262,0
1,0.6420328609644798,1
0,0.7978162932883818,0
1,0.7079928941837939,1
0,0.8134548070890261,0
1,0.8777494015221126,1
1,0.783494175071765,1
1,0.5147331752992963,0
0,0.6622470767902486,1
0,0.8595368907918617,0
1,0.7829082896473065,0
1,0.6750600223034997,1
0,0.5281904427493459,1
1,0.7927845476260804,1
1,0.8216373147607625,1
0,0.8705146690454003,0
1,0.6508015114108935,1
0,0.6811494356082887,0
1,0.8233423851526933,1
1,0.5059351466886358,1
1,0.7106620608095516,1
1,0.9643747236443106,1
1,0.805078822233215,1
1,0.6011367654218158,1
0,0.7546176163043934,1
0,0.7839295703018426,0
0,0.9464894710635245,0
1,0.756377575437984,1
1,0.9240029697412989,1
1,0.6577845202373866,1
0,0.9090317312428344,0
0,0.858319394200158,0
0,0.7734471561276273,0
1,0.9571914396818967,1
0,0.5400389465185038,1
0,0.792968546076006,0
0,0.9619800406300019,0
1,0.8301714226244062,1
1,0.6865089966361346,1
0,0.9431995934361775,0
0,0.7296148993883709,0
0,0.8122957358726669,0
1,0.5658057150478125,1
0,0.917991195926715,0
0,0.7828616615753998,0
1,0.6867156368340666,1
1,0.7418063795110346,1
0,0.5090533013292999,1
0,0.5816627702328118,0
1,0.7410884774272062,1
0,0.900748648005727,0
1,0.7302696696292675,1
0,0.7308352960478021,0
1,0.5060963942171232,0
0,0.7718911622332432,0
0,0.8749279378043436,0
1,0.8014837653575603,1
1,0.7423123862409609,1
1,0.6995823506519367,1
1,0.8765876319299357,1
1,0.5678420326699715,0
1,0.7383051101857594,1
1,0.8044962281419845,1
1,0.6476360008087373,1
1,0.7156483466484922,1
1,0.7818836622187342,1
1,0.7234271400484092,1
0,0.841549828096567,0
1,0.9330491167325525,1
0,0.6488383099821623,0
1,0.9470607228001126,1
0,0.8885903451297458,0
1,0.7646780358851871,1
1,0.7051776278591755,1
1,0.5345535720570684,1
0,0.7291736318078753,0
1,0.5363913978119982,0
0,0.869173348146288,0
1,0.5636265373327459,1
1,0.8498615544766315,1
1,0.8356653149499482,1
0,0.775535789617997,0
0,0.5004980060759521,0
0,0.632052525960349,0
0,0.8173274467368091,0
0,0.5937033210768812,0
1,0.5883956310331068,1
0,0.5903048571499232,0
1,0.6136111792230462,0
0,0.6823259612865384,0
1,0.8622381196518353,1
1,0.5660734205541352,1
1,0.9472864227682405,1
1,0.7814254918977777,1
1,0.7640235434015564,1
0,0.8448821834668548,0
0,0.8283524811547801,0
1,0.8676879832875426,1
0,0.8852922058826188,0
1,0.727631297256431,1
0,0.9095006719738151,0
1,0.8797437856025139,1
0,0.6169153548508219,0
1,0.6658193034822293,1
0,0.8425600544905322,0
1,0.5970098124361909,1
0,0.6293343825993286,0
0,0.907181514313843,0
1,0.8212783610290931,1
0,0.9408051196752936,0
0,0.5771808337263252,0
0,0.9304262707312316,0
0,0.6760138082911117,0
1,0.7518248966471304,1
1,0.6802795608690559,1
0,0.6838065539761857,0
1,0.827494501455951,1
1,0.9340928737722606,1
1,0.6799784028158327,1
1,0.6743798802406502,1
1,0.6497719867130136,1
1,0.9010752361061685,1
1,0.8901011357198976,1
1,0.5069152840432964,0
0,0.5637958972662154,0
0,0.84387893281277,0
0,0.8777584132968156,0
1,0.7774009112135221,1
0,0.7899480796173802,0
0,0.6820801887400145,0
0,0.7984466673311009,0
1,0.5822779786497374,1
1,0.8011667318206681,1
0,0.9360651325107152,0
1,0.9162947183110159,1
0,0.8895136239833075,0
0,0.9443944053761688,0
1,0.8384241910410066,1
0,0.7336301174903326,0
0,0.6937436877750095,0
0,0.818750118015654,0
0,0.8716158356524432,0
0,0.8167111852045558,0
1,0.9544359107852122,1
0,0.7175021476617056,0
0,0.6385588059030699,0
0,0.5758142514273537,0
1,0.8905615990675649,1
1,0.8505528290175088,1
1,0.7297322831520574,1
1,0.8221872073812206,1
0,0.663925394491622,1
0,0.8917236373981388,0
0,0.8987274428744982,0
1,0.7949556956328455,1
0,0.5997338961899457,0
1,0.7367444225961034,1
1,0.7437879059813534,1
1,0.5648382016629354,1
1,0.7718594945643104,1
0,0.9295051787868295,0
1,0.8545358424010704,1
0,0.8940724425098318,0
0,0.541730615730136,0
1,0.5666682407780551,1
1,0.7977837409299653,1
1,0.9323678472677828,1
1,0.7451957819247559,1
0,0.9219756658422383,0
0,0.6678472828265073,1
1,0.8541644471420013,1
0,0.8934611060342845,0
0,0.7815666656259573,0
1,0.6104775818908571,1
1,0.8542002785644581,1
0,0.7403036450464858,0
0,0.7944255093806835,0
0,0.8215849054609597,0
0,0.8611281094254088,0
1,0.5655189280966004,1
1,0.6734806561839297,1
1,0.6966778412436467,1
0,0.8635398443652949,0
0,0.5587935537014275,0
1,0.5958167784389922,1
0,0.9447361658766942,0
1,0.6253847074958493,1
0,0.8084948207548273,0
0,0.7739122362236646,0
1,0.6784140231597104,1
0,0.7289430621298347,0
0,0.8801591052629447,0
0,0.6785916710013616,0
0,0.6349506894149395,1
0,0.7344630978974191,0
0,0.7460740415142834,0
1,0.8018548306985142,1
0,0.9561742792753399,0
0,0.5385795709442868,0
1,0.6899911069366195,1
1,0.5887009257225132,1
0,0.9089214838040283,0
1,0.7802588185098316,1
0,0.5923454664311409,0
1,0.7589615283159529,1
0,0.593069989596763,0
0,0.8774103320651957,0
0,0.6929761810695247,1
0,0.7550232877338011,0
0,0.6283854890629135,0
0,0.5911472103166665,0
1,0.6356336509283615,1
1,0.5047315567287922,0
0,0.6242300587302261,0
1,0.9094105978150708,1
0,0.89139833087354,0
1,0.5038121293153436,1
1,0.7265421786458596,1
1,0.8570613819059685,1
0,0.7099377915452769,0
1,0.7592775041179662,1
1,0.6865079672853901,1
1,0.7884999452631932,1
0,0.9103393486378125,0
0,0.5625074763118127,0
0,0.9182483873903884,0
1,0.8337798107858815,1
1,0.5843185025160165,1
0,0.6620062794645059,0
0,0.8915222351800894,0
0,0.8015508882530261,0
0,0.7977257295899607,0
0,0.7576691404184316,0
0,0.8585355227116875,0
0,0.8574480999621582,0
1,0.5567212281211353,0
0,0.9073631548458048,0
1,0.7444528962523654,1
0,0.7550080475298852,0
0,0.541291386455004,1
0,0.9004884589336596,0
1,0.5934982093204586,0
1,0.754231858549982,1
1,0.6399052449830372,1
1,0.6760266903264325,1
0,0.7567225481444109,0
0,0.7708215085784481,0
1,0.5914793303647056,0
0,0.7152802925416988,0
1,0.6514962965573021,1
0,0.8839159300476865,0
0,0.903058431182462,0
0,0.6080202744313112,0
1,0.7921094430036101,1
0,0.7154802213457612,0
1,0.7164832340258018,1
1,0.9609484229486398,1
0,0.8032260410659869,0
1,0.8666081286584225,1
1,0.8583754570544174,1
1,0.6579708604659397,1
0,0.8180433985966913,0
0,0.8265484991467785,0
0,0.8955362462515041,0
1,0.9342287513155564,1
1,0.9408528362511507,1
0,0.8669165334166649,0
1,0.8078910792117576,1
0,0.7704045340014638,0
0,0.8604607397459798,0
1,0.9201730315938922,1
0,0.846818401176559,0
0,0.6409603691934153,0
1,0.918841486297551,1
1,0.605904694620815,1
1,0.8080409694346123,1
1,0.5002884326611787,0
1,0.9340772613588296,1
0,0.6866693603666044,0
0,0.678272876205909,1
0,0.6841517027484385,0
1,0.5897450786860178,1
1,0.8559786869667682,1
0,0.5564650160320811,0
0,0.8508981009244508,0
1,0.626348393259088,1
0,0.8858857973776751,0
1,0.5074484248830053,0
0,0.6062068089483837,0
1,0.8057493310817223,1
0,0.7299571796192477,0
0,0.7028823416368419,0
0,0.9009622490132879,0
1,0.8839039747173278,1
1,0.5002898015844988,1
0,0.7707472864215444,0
1,0.6214257019370139,1
0,0.7452259666629245,0
0,0.8226878601812166,0
0,0.613682715402487,1
1,0.6331149101032764,1
1,0.9101826816088054,1
1,0.9021054033782662,1
0,0.712365163048931,0
0,0.5129404693942798,1
1,0.7690827801997621,1
0,0.9694814646116123,0
0,0.850753857452007,0
0,0.6937405666373082,0
0,0.9060764319229124,0
1,0.7771619755095792,1
0,0.8627478696960021,1
1,0.7996119678192631,1
1,0.9010742911434426,1
0,0.5961281892095642,0
1,0.8305904246517222,1
1,0.8461140175335851,1
1,0.6865319181939977,1
1,0.789506739014188,1
1,0.7673336835225013,1
1,0.6689690724683395,1
0,0.7528836755096815,0
0,0.9258013018419057,0
0,0.7762719927716379,0
1,0.5173922483505861,0
1,0.620441922294152,1
0,0.792598538907723,0
1,0.8268364970824492,1
1,0.6218019188046924,1
1,0.6391929958628109,1
0,0.9568258503169984,0
0,0.9416435679878216,0
0,0.5172259118573982,0
0,0.9532369951089075,0
0,0.8795418199549672,0
0,0.8189673523932788,0
1,0.9657154787926416,1
1,0.8412318282941615,1
0,0.8186058843854802,0
1,0.7714043903528998,1
0,0.7198784853329054,0
0,0.5348125736648318,0
0,0.5192186348575708,1
1,0.7264391312628934,1
0,0.8157098522951217,0
0,0.9384486890385711,0
0,0.8153173226030387,0
0,0.7675716436284572,1
1,0.9071200363094382,1
1,0.8636227117557697,1
1,0.517052592636667,1
0,0.5115810486777665,1
0,0.7561337712983132,0
1,0.5195948933575594,1
1,0.7786899388359614,1
1,0.7748163738908924,1
0,0.8424708809192951,0
0,0.8768275972652905,0
0,0.7872385847486294,0
0,0.8740081527590267,0
0,0.8158688413018766,0
1,0.8124818845635721,1
1,0.8061288895742486,1
0,0.8311140500074832,0
1,0.8301109453927913,1
1,0.6105245966348208,1
1,0.8112142223215029,1
0,0.8050249775283007,0
1,0.8534262558091877,1
1,0.9275866930277983,1
1,0.8018469757350943,1
0,0.7802532315192321,0
1,0.8200284455712926,1
0,0.7944840186334963,0
1,0.9650188728324667,1
0,0.8127604591460179,0
1,0.7208022424291977,1
1,0.5817968791260899,1
0,0.9373682397834001,0
1,0.7948486864191014,1
1,0.5835982017107952,0
1,0.8138724415495926,1
0,0.6801047489725255,0
0,0.5267879623836025,0
1,0.717469907236815,1
0,0.9352248195019374,0
1,0.9589107368463251,1
0,0.9562625906397202,0
0,0.6217864372936361,0
0,0.6359656644460105,0
1,0.8469827800867975,1
0,0.5785890034909125,1
0,0.8117546738955924,0
0,0.8126782676286698,0
1,0.7037752025000478,1
1,0.7707934059737067,1
1,0.8863767942516392,1
0,0.6893850286407339,0
1,0.8056829569344074,1
0,0.7277149757663094,0
1,0.8738499739287339,1
0,0.758357830889309,0
1,0.823870934499238,1
1,0.7453647544606667,1
1,0.5666929315682018,1
0,0.6436432816557521,0
1,0.6173691204920838,1
0,0.6541018376129959,0
0,0.5902839314729308,0
0,0.8858591298699222,0
0,0.5453514285664636,1
1,0.8625070680058484,1
0,0.5391826074021258,0
0,0.9403771809446945,0
1,0.5985459247844583,1
1,0.7809338610789116,1
0,0.8847805459021896,1
0,0.9578924757830235,0
0,0.5702973022474983,0
0,0.8749376538645749,0
0,0.7459901848132742,0
0,0.9662349868559839,0
0,0.5489768302349987,1
0,0.687026674126765,0
0,0.6101305949874689,0
0,0.6244681987763522,0
0,0.7078674504168891,0
0,0.8077413791720173,0
0,0.6557422116576765,0
0,0.9087671735553997,0
1,0.5511123993528765,0
1,0.7125471735640574,1
1,0.5953429048653901,1
0,0.532083045303864,0
1,0.8623384498595017,1
0,0.8470549420801446,0
0,0.9164005619229538,0
1,0.5405968217589378,0
0,0.7549515506586073,0
1,0.7829775362368431,1
1,0.7362088002762008,1
0,0.7121024964818891,0
1,0.6942565412641557,1
0,0.6274626519659686,0
0,0.8083377581700564,0
1,0.5822719698428289,1
1,0.6399114395187013,1
0,0.8300048454157287,0
1,0.8058585619116583,1
1,0.8207560896718926,1
0,0.839245183558473,0
1,0.6144969894139197,1
1,0.5089377461197573,0
0,0.7103371826619861,1
0,0.705793966789142,0
1,0.8712607022861965,1
0,0.73615171740092,0
0,0.5944571562521418,0
0,0.8091888339355506,0
1,0.8767537370475393,1
0,0.7849489227992594,0
1,0.8379126066775598,1
1,0.7840102644399174,1
0,0.7539591538249417,0
0,0.9013988450828627,0
1,0.8516503583653097,1
0,0.5400029184069821,1
1,0.7198508059225537,1
0,0.8426975674590451,0
0,0.553016792971624,1
0,0.7267168743653575,0
0,0.9263136500897665,0
1,0.5862091469708852,1
0,0.5392043304920583,1
1,0.6369310046226218,1
1,0.79180652533961,1
0,0.8437588908970701,0
0,0.7560016912109799,0
0,0.9295533227159279,0
0,0.8523406779338588,0
0,0.7100342267416168,0
1,0.7139403136463006,1
1,0.9177961101230252,1
1,0.9184677789286735,1
1,0.6493601731625759,1
1,0.8579774573740999,1
0,0.7266845388601876,0
0,0.9048626098150865,0
0,0.7041081966140095,0
0,0.7099788988057001,0
0,0.7920391342413722,0
0,0.6685191845595319,1
1,0.9034314232380423,1
0,0.6349103342935608,0
1,0.8448501116660758,1
1,0.892442779678897,1
1,0.5883519834644835,1
0,0.7615537406378365,0
1,0.6409183574986194,1
1,0.5419731762241572,1
0,0.5854131622044019,0
1,0.8378144180576066,1
0,0.9666601633852397,0
1,0.6001928061877658,1
0,0.9192554441438496,0
1,0.5717256282889273,1
0,0.7925406304712419,0
0,0.9490606315041501,0
1,0.9149564195142914,1
1,0.6961527798585853,1
1,0.6539507814540357,1
0,0.8468422176007897,0
0,0.8211291643426931,0
0,0.6369840968934242,0
0,0.7631668820250631,0
0,0.8326749063202147,0
0,0.8240171253591836,0
1,0.9350496448872702,1
1,0.8648408900633288,1
1,0.8640470466014282,1
0,0.8594567840784426,0
0,0.7191899674192035,0
1,0.5688299774271609,1
0,0.7368915884705903,0
0,0.9028889542719586,0
0,0.6145613440385999,1
0,0.7210579189725581,0
0,0.8127782877166944,0
1,0.7806565256062744,1
0,0.7299471743603604,0
1,0.8427601645459265,1
0,0.6603222404752138,0
0,0.7853640758298113,0
0,0.6391142979761627,1
0,0.9737449664701578,0
0,0.5794471246805443,1
1,0.835575596702357,1
1,0.7783942574127457,1
1,0.8779668439042279,1
1,0.6819545776436537,1
0,0.953699949984917,0
0,0.8612602968775841,0
1,0.8417838973920819,1
0,0.8762339255407906,0
1,0.699956105074385,1
1,0.7333182795471506,1
1,0.7109202618763714,1
1,0.6974810435538504,1
0,0.6647644750809345,0
0,0.8346579303010334,0
0,0.8253681185662368,0
1,0.7896335947712956,1
0,0.7196054192278217,0
1,0.5954042466342938,1
1,0.8545049414873561,1
1,0.9451504794241163,1
1,0.5295000674631272,1
1,0.8909810766830109,1
1,0.6498215275695034,1
1,0.7421718687504325,1
1,0.5642755965711302,0
1,0.7938848199064023,1
1,0.6640888749212561,1
0,0.8240857307353348,0
0,0.5653519984764428,1
0,0.9693887978963295,0
1,0.565007643605459,1
1,0.862808103372517,1
1,0.8770032443012423,1
1,0.7026932484433427,1
1,0.7513826275227994,1
0,0.8091064978344217,0
0,0.9095171006462042,0
0,0.7711666456351985,0
1,0.6689070361057919,1
1,0.7797638848577949,1
0,0.9129238576167741,0
1,0.8162270292069723,1
0,0.7599387326210704,0
1,0.7843406198590321,1
1,0.914065532039616,1
1,0.7725699976145588,1
0,0.7347752022337514,1
0,0.6289869783910758,0
0,0.9443380066400634,0
0,0.6420463744653482,0
0,0.7013623048522792,0
1,0.5560499504336736,1
0,0.5635943674350324,1
0,0.8701960233873375,0
0,0.7023757582371981,0
1,0.8403634568219871,1
0,0.9229982795806739,0
0,0.7792809540354539,0
1,0.8919057911683453,1
0,0.7717032652057249,0
0,0.5278027071768713,0
0,0.5894360267223813,0
0,0.9446994812564437,0
0,0.8674704992200294,0
1,0.6099830459184034,1
0,0.6923760625313267,0
0,0.7283100903312122,0
0,0.7147743381449396,0
1,0.5971452762300081,1
0,0.8398132547109808,0
0,0.8899081793776892,0
0,0.687044497619684,0
0,0.6774214597713558,0
1,0.9154982885640569,1
0,0.8988953783368225,0
0,0.5341358453616601,0
0,0.6164900679511841,0
1,0.5762220399272522,1
0,0.7324901952289014,0
0,0.8040136763976417,0
1,0.789569745630708,1
0,0.9417436934965169,0
0,0.8058682149875369,0
1,0.7420121205957054,1
0,0.8154906440995705,0
0,0.8156949007493182,0
1,0.5520941114801887,1
0,0.8759749594241036,0
1,0.6744399234010963,1
1,0.597462470434339,1
0,0.8116519850649636,0
1,0.8283436875595341,1
1,0.7282564624748245,1
0,0.8830284114406876,0
1,0.5915134368770864,0
1,0.8746102951563645,1
1,0.628178055890775,1
0,0.913402599769386,0
0,0.9092096598022656,0
1,0.7376702077585228,1
0,0.7088021034200566,0
0,0.8145842022374503,0
0,0.795179920709969,0
0,0.7761260796902666,0
1,0.8879240491955741,1
1,0.814756564418838,1
1,0.7054162890569899,1
0,0.8247598978218889,0
1,0.8468152867567273,1
0,0.7262255829882507,0
1,0.9470243536123774,1
1,0.5550496487988621,1
1,0.5625835256567892,0
1,0.8536620652667734,1
0,0.7399085237646467,0
1,0.9633471607541123,1
0,0.6076966587620841,0
1,0.8205250102216923,1
1,0.6450955016174631,0
1,0.7953852703376784,1
0,0.5812866033466595,1
0,0.9429957897855189,0
1,0.5957225514764257,1
1,0.8621425742895716,1
1,0.7350477965917643,1
0,0.8835600548405582,0
0,0.6664405064671057,1
0,0.7802329995439319,0
1,0.7323281985006798,0
1,0.6093195683529573,1
1,0.763496562780933,1
1,0.7490992194527181,1
1,0.8624318997476678,1
0,0.6770595511422735,0
1,0.7302467215184536,1
0,0.7929625876379104,0
0,0.5212683317324441,1
0,0.568643637448882,0
0,0.8088751719124684,0
1,0.7038043698844483,0
1,0.8217690402250754,1
0,0.5356250726401292,0
0,0.8063179539322842,0
1,0.7106080191422086,1
1,0.7204701657067818,1
0,0.8971777186184345,0
1,0.8280581638188991,1
0,0.8131202930585087,0
1,0.8096168503599225,1
0,0.6375102511899119,0
0,0.5530452279670889,1
0,0.9375782567404614,0
0,0.6973483921832275,0
0,0.7936560599270482,0
1,0.78566230878543,1
0,0.5721598523928014,0
0,0.8349160567301578,0
0,0.906278982201561,0
1,0.5040482446172542,0
0,0.552345636910652,0
1,0.886006551455454,1
1,0.7570875313211121,1
0,0.6569244193231643,0
1,0.6335308895443826,1
1,0.9252575979149872,1
1,0.653643374678172,1
1,0.8186834288239779,1
1,0.6496442291698851,1
0,0.9123683640183243,0
1,0.5947339423769976,1
1,0.6753766441204327,1
1,0.729718563856208,1
0,0.7030727465862883,0
0,0.7445950008201452,0
0,0.6590565206824311,1
0,0.5835803908275163,0
1,0.6871684256205621,1
1,0.6779447864224635,1
1,0.9064451069887848,1
0,0.5865922207034535,0
0,0.8824930130705662,0
0,0.6620044123129112,0
0,0.7224134432726073,0
1,0.9072209901311398,1
0,0.7793604085156915,0
1,0.9267190057498832,1
0,0.9308457760745541,0
1,0.878181540939598,1
1,0.9040662116545822,1
1,0.8450308041859574,1
0,0.7292690930442861,0
0,0.5697899241978881,0
1,0.885627634935317,1
0,0.5489866038949384,0
1,0.9432821358462626,1
0,0.7100333215158066,0
0,0.6529824312802816,1
1,0.7926455830304454,1
0,0.780894807561437,0
0,0.8612160909194525,0
0,0.9014970772388533,0
0,0.846342750014387,0
1,0.5202917379410006,0
0,0.9077780939813583,0
1,0.7238766470072513,1
1,0.6158263722548345,1
1,0.5009418027406882,0
1,0.8853321492821122,1
1,0.857866563047445,1
1,0.7120200151675524,1
0,0.8741419990405229,0
0,0.8238563308493618,0
1,0.6072744807369486,1
0,0.8741267027127528,0
1,0.6745438392301238,1
0,0.7628130078895577,0
0,0.8735158148208517,0
0,0.8237169080421777,0
0,0.8721739492594414,0
1,0.7389696820274095,1
1,0.5536384366722816,1
0,0.9328684121631831,0
0,0.5566554127330273,0
0,0.7337632767562757,0
0,0.9636291710168261,0
0,0.7779842138328774,0
1,0.7837199326206908,1
0,0.7743298723860788,0
1,0.6136193349363833,1
1,0.827114645250445,1
1,0.5689985929742909,1
1,0.8480449964467172,1
1,0.6082591878888277,1
0,0.8183719438856446,0
0,0.5766543732861893,0
0,0.8961399470690427,0
0,0.8171578886700174,0
0,0.6963377661714005,1
1,0.6204072483335321,1
1,0.8023039953931902,1
1,0.7951523859388968,1
1,0.8260170100507594,1
1,0.915409357242802,1
0,0.6138214053947796,0
1,0.8829397053937452,1
0,0.9582806170304399,0
0,0.7780658429065046,0
0,0.946252877853339,0
1,0.7514892219255901,1
1,0.9500588495527559,1
1,0.7138236579886273,1
0,0.8527416470157775,0
0,0.9186939037334454,0
1,0.7322928029455724,1
1,0.6712893701907595,1
0,0.8662749136715332,0
0,0.9052473661144439,0
1,0.7543297570285775,0
1,0.514537332485012,0
0,0.9723985944277517,0
1,0.8812062421684147,1
1,0.7463197466390769,1
1,0.8031271202723677,1
0,0.9412988210751101,0
0,0.7096211590403099,0
0,0.8396122158281351,0
0,0.8568029204248088,0
1,0.6499548252469244,1
1,0.8789230691493202,1
1,0.8900904747436592,1
0,0.716042961302681,0
0,0.6152994069024281,0
0,0.6040171535754741,1
0,0.8306599490952564,0
0,0.9006163997428626,0
1,0.9386894663592545,1
0,0.6358177278020984,0
0,0.7892535301624055,0
1,0.6621095973767177,1
0,0.5808534034825139,0
1,0.7519221783633546,1
0,0.7034968803040216,0
1,0.630323928058252,1
1,0.689095317176933,1
0,0.8341580003447031,0
1,0.9467480747803527,1
1,0.7734526456957204,1
0,0.7819821234606685,0
0,0.9699025908379674,0
1,0.649475226918784,1
1,0.7607641216664179,1
0,0.5565247352528103,1
0,0.6250462275564205,1
0,0.8085787828639699,0
0,0.5761673436746158,0
1,0.5999789003081861,1
1,0.6814814460775105,1
1,0.8458969465625622,1
1,0.5023638109143651,1
0,0.5051908747321876,1
1,0.879072615051252,1
1,0.7389391357914703,1
0,0.6565154803576368,0
0,0.6393993795484327,0
1,0.5994747176715859,1
0,0.6243321823677573,0
0,0.7007302537186965,0
0,0.9199680807681292,0
1,0.9135472209763109,1
1,0.7227073295880672,1
0,0.7917366561652686,0
0,0.5388196151147808,1
1,0.779430579678989,1
1,0.820726677820186,1
1,0.7623524677736568,1
1,0.7337082060052716,1
1,0.788683527152807,1
1,0.9202729521861682,1
0,0.8140963905294167,0
1,0.5726360343117022,1
1,0.6855627807710896,1
1,0.9495052109147162,1
1,0.5532574757426008,1
0,0.8155514408514346,0
0,0.6354953443874901,0
1,0.6860790409215686,1
1,0.694842417739361,1
0,0.5026859669632803,1
0,0.5804516499712792,0
1,0.8249732613305502,1
0,0.5494367520904487,0
0,0.734593585472113,0
1,0.8045114485220474,1
0,0.8996864165889948,0
1,0.5388025277183219,1
0,0.784640786557038,0
0,0.7785202170912912,0
1,0.5723257503492374,1
1,0.8602804888230043,1
0,0.7831669441340552,0
0,0.8022234837520139,0
0,0.7677991291569257,0
1,0.7079107179574404,1
1,0.6264692959602564,1
0,0.9152214062051865,0
1,0.7102877277536265,1
0,0.6323123149403803,0
0,0.783444767103173,0
0,0.9025619172762029,0
1,0.7088820960786965,1
1,0.8313687999203564,1
0,0.9016032981101708,0
1,0.5688566296252685,1
1,0.9516977646113258,1
1,0.5668552026910039,1
1,0.9476265283883812,1
1,0.745435823791135,1
1,0.612532183379749,1
0,0.7909806048478312,0
1,0.8976167770658181,1
1,0.8668172729305744,1
0,0.7760920151315288,0
1,0.8627230523774724,1
0,0.683234169870904,0
1,0.8929825683625292,1
0,0.8715329013276286,0
1,0.8422352488490475,1
1,0.6424727686810745,1
0,0.8554915062341336,0
1,0.9572228855252535,1
0,0.8769740312829449,0
1,0.748595833808203,1
0,0.7920026980604205,0
0,0.6258180089165145,0
0,0.7344245415424346,0
0,0.9485341913492663,0
1,0.7649329414746879,1
1,0.702434725081679,1
1,0.7229836676009791,1
0,0.7782325785103333,0
1,0.7510994965640687,1
0,0.7291488638277117,1
1,0.7000519364717104,1
0,0.7703458612422831,0
0,0.5573667797068461,0
1,0.689868016859391,1
1,0.7078851390805428,1
0,0.9338498745336057,0
1,0.8551124616075076,1
0,0.8624433149766806,0
0,0.8979171042080702,0
0,0.7940326420689584,0
0,0.7631207153713352,0
0,0.5199731630919507,1
1,0.8581925279621179,1
0,0.8475174736324343,0
1,0.5625222655528125,0
0,0.8754296776218076,0
0,0.6868117112381206,0
1,0.7206378220600526,1
1,0.8050127043815762,1
1,0.7058877462065467,1
0,0.9398839453633431,0
0,0.6555861501545415,1
1,0.7201154551105328,1
1,0.6166526585584282,1
0,0.8697352521871713,0
0,0.7442867022909714,0
0,0.7956064694467252,0
0,0.5590989803958382,0
1,0.5857498963845759,1
1,0.7570839587545803,0
0,0.742605467356468,0
1,0.8004332832220299,1
0,0.896087025942133,0
0,0.6986817963210198,0
1,0.7797686519575052,1
0,0.9529168174636228,0
0,0.6394443026294852,0
0,0.6383302352044794,0
0,0.8146455114549974,0
0,0.912710917520798,0
1,0.5919129367239975,1
0,0.680712856102631,0
0,0.7339517152597173,0
0,0.8251973487918907,0
1,0.8924296971590231,1
1,0.6464931279182674,1
1,0.716235621261234,1
0,0.9532368205589202,0
1,0.8183338504378909,1
0,0.6673780700531253,0
0,0.6376820208863553,0
1,0.8296443931013496,1
0,0.7590091682312232,0
1,0.825392606901551,1
0,0.612780660863633,1
1,0.7040995920756017,1
1,0.656261973714056,1
0,0.9722033049822304,0
0,0.8835670911485054,0
0,0.8549773606266223,0
1,0.8977724062777293,1
1,0.8611480362395592,1
1,0.8506275708250268,1
1,0.6901920178157556,1
0,0.7867150493545023,0
0,0.8429364115107915,0
0,0.9757702909819523,0
0,0.8154657843305166,0
1,0.9014628603278572,1
1,0.7307709673142615,1
0,0.814163941812831,0
0,0.8253872831456361,0
1,0.8529312440915626,1
0,0.9486927039036656,0
0,0.8587121741948489,0
1,0.5745276168125991,1
0,0.7929582922226567,0
1,0.7591689960322682,1
1,0.5725941520606561,0
1,0.6515803336809411,0
0,0.8228593227875047,0
1,0.7702555303443366,1
0,0.5391133516713119,1
0,0.8717285779157863,0
0,0.8060788424565128,0
1,0.7630053570832519,1
1,0.7072120468337441,1
1,0.7410663712777045,1
1,0.5148803237981807,1
1,0.6477455957887275,1
1,0.6934917902599587,1
1,0.5905635450267693,1
1,0.653963268192623,1
0,0.7974319041850771,0
0,0.8703903320850935,0
0,0.9269088171944228,0
0,0.6146485944550258,1
1,0.5521068125967894,0
0,0.7083079710603987,0
1,0.7387811093822406,1
1,0.85987135457881,1
0,0.5015882326070435,0
0,0.8867212108179204,0
1,0.7924896147557176,1
0,0.8843374841101975,0
1,0.7080970060646827,1
1,0.6923280432161121,1
0,0.5606978148026224,1
1,0.5832746666851417,0
1,0.7986200646577675,1
0,0.7530460251796933,0
1,0.8881945199346312,1
0,0.6715139430431135,0
1,0.6915737389074997,1
1,0.7454534492759634,1
1,0.8584612364160397,1
0,0.7959955979990394,0
0,0.6811423602010142,0
0,0.6375721282118166,0
1,0.9356524979368328,1
0,0.8232086729782058,0
0,0.8931613044867017,0
1,0.9087512096170165,1
1,0.5686343706943132,0
0,0.9199420000296974,0
1,0.754388347715151,1
1,0.7792741846446026,1
1,0.9178589413120662,1
0,0.8984250550368286,0
0,0.8001447976270263,0
0,0.6327025101830182,1
1,0.5768295320245767,1
0,0.8112401454165897,0
1,0.5112489701724889,1
1,0.6306060794423594,0
1,0.8768004897986114,1
1,0.7374322520046944,1
1,0.7476930307700171,1
1,0.9033062404719714,1
0,0.9417313686100549,0
1,0.9042606387188278,1
0,0.8342879297962914,0
0,0.593652461809798,0
1,0.5482784720740664,1
0,0.9066705206705737,0
1,0.87281424899756,1
1,0.8026524102433035,1
1,0.7422887715825041,1
1,0.6765436753649123,1
0,0.817071589465685,0
0,0.9017890452977664,0
0,0.7016949276188035,0
0,0.6486360994379703,0
1,0.6451927181770181,1
1,0.798919003642209,1
0,0.7501900311673864,0
0,0.794836477557004,0
0,0.7578664816984512,1
0,0.6761909595264549,1
0,0.8132369280874525,0
0,0.920404037392257,0
0,0.746993643799932,0
1,0.588531032715711,1
0,0.6899310181908613,1
1,0.6478381309435055,1
1,0.6851768059352707,1
0,0.7871809674525623,0
0,0.6991478997709603,0
1,0.7912006696405681,1
0,0.7442909256065653,1
0,0.7529332229991466,0
0,0.7526085954808494,0
0,0.8401628775409812,0
0,0.8586155586627979,0
0,0.7092449084530139,0
0,0.5898944420433042,1
0,0.9504732959215813,0
0,0.9618233118921984,0
0,0.6132263528815873,0
0,0.8577613422966512,0
0,0.6520535978800039,0
0,0.5497410130786468,1
0,0.5249703401130644,1
0,0.7345809371274539,0
0,0.8157929892306128,0
0,0.9310731114406335,0
0,0.919111440856343,0
1,0.6519424848428333,0
1,0.7730193384254653,1
0,0.7686037640388177,0
1,0.7593527198508172,1
0,0.7271117482064203,0
1,0.5518746680695019,0
1,0.57812779164899,0
0,0.902803133801748,0
0,0.8188514160248245,0
0,0.7145115573911597,0
0,0.8066945909967184,0
0,0.8480749432691307,0
0,0.7438201660403776,0
0,0.9412264120445413,0
0,0.8116414112900538,0
0,0.8615325540375169,0
1,0.6828453870630433,1
1,0.7033642000248039,1
1,0.6653470153901664,1
1,0.5067188868299662,1
1,0.7702507234342898,1
1,0.6039946769388483,1
0,0.9268798417408266,0
1,0.548242789599776,1
0,0.5598033158037826,0
1,0.9089721590192477,1
1,0.8157076066682809,1
1,0.6981339604456956,1
1,0.7853052999302029,1
1,0.9083938055622831,1
0,0.698299465128916,0
1,0.7009222305385769,1
1,0.921736888318632,1
1,0.6299226074065084,1
1,0.7420558608319108,1
0,0.851026902027171,0
1,0.8993037764683139,1
0,0.8101481051466676,0
1,0.819658870987375,1
0,0.5281180452916728,0
0,0.8946038807328809,0
0,0.6770508277250317,0
0,0.8319236560173677,0
1,0.6975394727414531,1
0,0.6988339698415132,0
0,0.6278768468846155,0
1,0.9057709251479107,1
0,0.6704276742589281,0
0,0.9244970203485184,0
0,0.8150117796887006,1
0,0.6623695581722616,0
0,0.5194974108887719,1
1,0.5327137365539087,1
0,0.9609373124372211,0
1,0.6475381700003099,1
0,0.644721439546391,0
0,0.8830717035313849,0
1,0.8118722666311711,1
1,0.8957951611662532,1
1,0.7337885422194083,1
0,0.742386221986151,0
1,0.8383499319721046,1
0,0.7199426529215904,0
0,0.8215519252942914,0
0,0.8375611270021273,0
0,0.9373058210204904,0
1,0.7508296030376278,1
1,0.9084392447796686,1
0,0.5638395968617667,0
1,0.5468112675654294,1
0,0.8490944480206566,0
1,0.5396025242868013,1
1,0.6155039203718344,1
0,0.9126763925846008,0
1,0.8627260176813177,1
1,0.5814540793035423,1
0,0.7826952086127584,0
1,0.8711023856619207,1
0,0.8574930237371619,0
1,0.8777293609180868,1
0,0.9566259382556833,0
0,0.9120604544897921,0
1,0.7260478167191725,1
1,0.526285736936558,1
0,0.8512788985464678,0
1,0.7820824302229429,1
1,0.6284749437607605,1
1,0.7433707034502098,1
0,0.7256294596208729,0
0,0.6255262138614754,0
1,0.7457907736546784,1
0,0.9271674293158975,0
0,0.92296694096134,0
1,0.811994560152481,1
1,0.8830906768981326,1
1,0.813833484996054,1
1,0.8108780617847653,1
1,0.7746170422388804,1
1,0.749162555005604,1
0,0.8573513880145348,0
0,0.7860186069067193,0
1,0.7792618313873262,1
0,0.5545483056728651,0
0,0.5233032728207847,0
0,0.8720140888168041,0
0,0.8892502976829167,0
0,0.6842382534854987,0
0,0.6592035576269489,0
0,0.7721812603504392,0
0,0.7569809642206188,0
1,0.5247131923959678,0
0,0.9144448789771112,0
1,0.6445884545112793,1
0,0.8602388667040807,0
0,0.9180943594470081,0
0,0.5583667241093078,0
0,0.7178548127104579,0
1,0.7931835281309604,1
1,0.8790398967724886,1
1,0.804539216727302,1
1,0.8459633283248744,1
1,0.7222462415501336,1
0,0.8100762623694244,0
0,0.7836096052845982,0
1,0.556062114493727,0
1,0.7878824054048807,1
1,0.8352360956450037,1
1,0.7131293990486179,1
0,0.5014397586360273,1
1,0.7279679625124494,1
0,0.5686077204056564,1
0,0.5633005855258744,1
0,0.7225560488653731,0
0,0.7118688638992164,0
1,0.8652319528819612,1
1,0.6709122512849023,1
1,0.7347645213466619,1
1,0.7411036676100363,1
0,0.8800941847755809,0
0,0.9803081465179561,0
0,0.5001462740186697,1
0,0.7728320968535977,0
1,0.840816770772761,1
1,0.6535257779817024,1
1,0.8570705790813306,1
0,0.7380426757755573,0
0,0.8276307480375769,0
0,0.6676696799135593,0
1,0.5052578122909503,1
0,0.6488301653139376,0
0,0.838092435569211,0
0,0.5465427210586308,0
0,0.5139690018793969,1
0,0.7598761140848533,0
0,0.8861581925171544,0
0,0.744153667346713,0
1,0.8063773045023543,1
0,0.8394382355846283,0
1,0.5044254313792,1
0,0.8396267428863997,0
1,0.9436403667011696,1
0,0.771435035325218,0
1,0.948561572778102,1
0,0.9364250293950622,0
0,0.708379741487414,0
0,0.5288139266140033,1
1,0.5896085925319572,1
0,0.5913908163593905,1
0,0.7152379904906568,0
1,0.8631375095842865,1
1,0.6846393945149092,1
1,0.5556780269925935,0
0,0.569816947726892,1
0,0.5010521534218599,0
1,0.8577438513917416,1
1,0.8248434252666785,1
1,0.7180240287036398,1
1,0.8838043256596911,1
0,0.7726005512021441,0
1,0.8631502251966682,1
1,0.8568079694056067,1
0,0.6178530260016466,0
0,0.8233096892289453,0
1,0.7397440722103703,1
1,0.6044385349950527,1
0,0.812697965631373,0
1,0.6929867855148687,1
1,0.7046919535774094,1
0,0.7905382525509087,0
0,0.5039302068052943,1
0,0.5379086036175401,1
1,0.872858966172079,1
0,0.8430309460193485,0
0,0.6938436647107847,0
0,0.5329182458017471,1
1,0.6718230868249897,1
1,0.5986280062065981,1
0,0.6837378990420385,1
1,0.7269061988805186,1
1,0.8552949055594088,1
1,0.5781756647701084,1
0,0.7632870842283699,0
0,0.5769304315957209,0
0,0.6579047495522445,0
1,0.5341450690849692,0
0,0.5764927360551484,0
0,0.7523231950475879,0
0,0.8897929832550376,0
1,0.5044315113402518,0
1,0.758682618048752,1
1,0.9029480839268892,1
1,0.5446432025832003,1
0,0.8517747175384774,0
0,0.8552223044381101,0
0,0.8465897644466583,0
1,0.7036484735492596,1
1,0.7330043334056338,1
1,0.7170756688575941,1
0,0.9131256472100587,0
1,0.9092151849004619,1
0,0.8849886601874087,0
1,0.7149707329518609,1
1,0.7157912817433125,1
1,0.6504043400677788,1
0,0.8691721107587453,0
0,0.6851238340749088,0
0,0.7290068429582346,0
1,0.7344257993868936,1
1,0.7526487508450943,1
1,0.9332309778630795,1
0,0.7454464734124566,0
0,0.7421228464586128,0
0,0.9277099734553576,0
1,0.8643997209429145,1
1,0.8514516531553239,1
1,0.5790724514598536,0
0,0.5455760469150541,1
1,0.8170097853262237,1
1,0.7973547251434372,1
1,0.5653429040856527,1
0,0.6844997410256282,0
1,0.8925239843801906,1
1,0.7893672911310111,1
0,0.9187419946103486,0
0,0.9020071126918728,0
0,0.7855214313649533,0
0,0.5324924815850147,1
1,0.5495495396303725,1
0,0.7225770968952153,0
0,0.8741857729905455,0
1,0.5008882421303273,1
1,0.6287967632162265,1
0,0.5279736810359502,0
0,0.830732454436199,0
0,0.6948236462641098,0
0,0.5298086942206811,0
1,0.8782531871228,1
0,0.7461740836434246,0
1,0.828105373175056,1
0,0.5773842607848799,1
1,0.9535725473292046,1
0,0.7272826782157168,0
0,0.8267227110963664,0
1,0.6326144898607492,1
0,0.6051511210577255,0
0,0.9024935544751139,0
1,0.8442620254936237,1
1,0.8279270432033515,1
1,0.5519543509123377,1
1,0.5223799697837591,0
0,0.7258734235086685,0
0,0.7561866961834587,1
1,0.7577708515571728,1
1,0.5267346284010137,0
0,0.8727209344209514,0
1,0.8834308954829072,1
1,0.5326124928777353,1
1,0.6218211704885233,1
0,0.8554887565565626,0
0,0.6277916877199147,0
1,0.8575798041311575,1
1,0.6766604636470296,1
1,0.6428649114999513,1
1,0.7043249364119706,1
1,0.870352786583373,1
1,0.8429458559359271,1
0,0.7834294936253383,0
1,0.8899477851297328,1
0,0.747116280825001,0
0,0.9181784701508557,0
1,0.8089721159737155,1
1,0.7832232075296128,1
0,0.8613475929252398,0
1,0.8751985624622673,1
1,0.9587420998448287,1
1,0.8555549963712773,1
0,0.8960210097619036,0
1,0.5842611491100994,1
0,0.8573093455655513,0
1,0.6923561066536005,1
0,0.6027746578883925,0
0,0.9132714985852267,0
0,0.8770468575489697,0
0,0.5519100637671509,1
0,0.8396034061371044,0
0,0.7503037105079964,0
0,0.8081545106443132,0
0,0.7202104761027115,0
1,0.75892805340718,1
1,0.6903425272484803,1
0,0.9178442377619012,0
0,0.8917833569309344,0
1,0.6834111232263557,1
1,0.78855745924674,1
0,0.6908349145779628,0
0,0.8170249686305998,0
0,0.8067271126671981,0
1,0.8405598767612956,1
1,0.8618431225240981,1
0,0.9157567229395951,0
0,0.868557004306312,0
1,0.8207827692385278,1
0,0.8390064971250379,0
1,0.619284564623836,1
0,0.6239142696450624,1
1,0.8787525288252379,1
1,0.5045000497893503,1
1,0.5443290265857786,1
1,0.7500495772045778,1
1,0.752063023882936,1
1,0.7765015818130196,1
1,0.8969756378997608,1
0,0.5372487790875332,1
0,0.8624281039864379,0
0,0.808770859331604,0
0,0.892270821354511,0
1,0.5682225328414356,0
0,0.8255306204535299,0
1,0.5202591662275727,1
1,0.78677074184265,1
0,0.7305909153888862,0
0,0.9021118868835936,0
1,0.8668407295208628,1
0,0.7885716240277589,0
0,0.7965924825217942,0
1,0.7722936498447959,1
1,0.6083776533342529,0
1,0.6496050439496728,1
1,0.8248690476448266,1
1,0.6735554299363532,1
0,0.7884587639107445,0
0,0.7276327094160691,0
1,0.6390968608886335,1
0,0.8745246155221449,0
0,0.6274085243495208,0
1,0.7114227225034575,1
0,0.8687883307555866,0
1,0.9548520967418115,1
1,0.6205246671820748,1
0,0.8051611534721018,0
0,0.8604302938187045,0
1,0.7816108754976753,1
0,0.6879633029392731,0
1,0.761731142969235,1
0,0.5287711426900128,1
1,0.571266038837855,1
1,0.8430418347438204,1
1,0.726271404971143,1
1,0.572904014306667,1
1,0.7708767339133286,1
0,0.9309293102300649,0
0,0.8622501150465406,0
1,0.9429582601787823,1
0,0.8747310498385195,0
0,0.5272949926369378,1
1,0.6529715005599623,1
0,0.8865651199362372,0
1,0.663730032214968,0
0,0.9585798257479043,0
0,0.733805049722268,0
0,0.5756636291875209,0
1,0.5651630000257097,1
1,0.8945948877088769,1
0,0.6646834420353692,0
1,0.8760421620516645,1
0,0.5017033116218733,1
0,0.9563290378831036,0
0,0.5874276578876843,1
1,0.6178073212938306,0
1,0.7806694774476832,1
1,0.7090235955166054,1
1,0.8803948667565001,1
0,0.9049795786437983,0
1,0.5610155444470246,1
0,0.797577451022523,1
1,0.7273932138617608,1
1,0.8368121914875774,1
0,0.8082282069966882,0
0,0.8719510924340559,0
0,0.8857195337847285,0
1,0.7937682816785211,1
1,0.7849771977884232,1
0,0.8266790627707629,0
0,0.8311084801091427,1
1,0.5265514545064928,1
1,0.6597662747065749,0
0,0.5546879243478683,0
1,0.6581283146120896,1
0,0.6774721333168408,0
0,0.852507579560124,0
0,0.8001884248829434,0
0,0.953022871393797,0
0,0.5802876890530347,0
0,0.6674094156259479,1
1,0.9301291139539161,1
1,0.6212194826390601,1
0,0.8481323671139387,0
0,0.7582808139044983,0
0,0.9280606064391003,0
0,0.939126944071741,0
0,0.9313259231977821,0
0,0.5578509451055119,1
1,0.8837863497154569,1
1,0.637236958886217,1
0,0.7652714398357423,0
0,0.8332738502849838,0
0,0.8361774903934397,0
0,0.8419800151336374,0
1,0.8534795818684378,1
1,0.712061363810524,1
1,0.8480398019749393,1
0,0.7316569454956995,0
0,0.9537029821694565,0
1,0.8319092754539762,1
1,0.6951676770696849,1
0,0.7357966276085315,0
1,0.5630852930985947,0
0,0.7988330799749589,0
0,0.9499828831303744,0
0,0.8174035619861035,0
1,0.7483905671475677,1
0,0.738424693023076,0
0,0.8151623282006005,0
0,0.7181363176127378,0
0,0.5034231589069813,0
0,0.9283215427185972,0
1,0.6766331784896905,1
0,0.8309052471022863,0
1,0.5510974753685719,1
0,0.8567174360624316,0
1,0.8031108057283679,1
0,0.9276578945156939,0
0,0.6470395210714128,0
1,0.900868684769855,1
1,0.7916493757484225,1
1,0.5206556425270408,0
0,0.5357601003757033,1
0,0.8986720387001181,0
0,0.934789247464854,0
0,0.5750662878280408,0
1,0.7248544168120378,1
0,0.7250716765007451,0
1,0.7969223441072472,1
0,0.8302723090497451,0
0,0.8637172004520937,1
0,0.6033004292583446,0
0,0.5173733413636113,0
0,0.9710265219837277,0
1,0.8541451693481711,1
0,0.9647999981588307,0
0,0.5809664109247078,0
1,0.943938064964891,1
1,0.8487614066158315,1
0,0.9818438954839169,0
1,0.6088953598520811,1
0,0.8804180028926756,0
0,0.6777997971638152,0
1,0.8243874502959184,1
0,0.8257527784916964,0
1,0.8712133966637033,1
1,0.5010665936914681,0
1,0.8722569294936453,1
1,0.5986685846014613,1
1,0.7657663696178459,1
1,0.7496488904207046,1
0,0.8499774631910283,0
1,0.9297493773971774,1
1,0.5276747411001884,1
0,0.8497446525591503,0
0,0.7419607740225875,0
0,0.6922012594041439,0
0,0.87735221352608,0
0,0.6585841002140196,0
1,0.8161478797780537,1
0,0.8906025861782235,0
0,0.9326421628542021,0
0,0.6220820137537415,0
1,0.8162037032337265,1
1,0.6353558809588223,1
0,0.9006136772020042,0
1,0.7287330542631807,1
0,0.5164939354608995,0
0,0.8837824794451034,0
0,0.8271002174571268,0
0,0.844547218638024,0
0,0.712828411628195,0
1,0.7422594036394149,1
1,0.7770489844578752,1
1,0.762498493547915,1
1,0.5286985050141222,1
1,0.814138541421687,0
1,0.5327028336725146,1
0,0.766575489023103,0
1,0.5984976367209218,1
1,0.6007614010965087,0
1,0.8907999051247287,1
1,0.8383481423970638,1
0,0.5987510945773578,1
0,0.7706681349859438,0
1,0.6797643677351376,1
1,0.6891178538583432,1
1,0.8172764868202179,1
0,0.7980780752469804,0
0,0.5210975364433925,0
1,0.6312838460198124,1
0,0.9010009508576055,0
1,0.7477034142452221,1
0,0.7235342109200329,0
0,0.9374103905527881,0
1,0.6934829356698994,1
0,0.7987073963221585,0
1,0.7340738750296587,1
0,0.8699140662704196,0
0,0.9042449983725992,0
1,0.5770673280459577,1
0,0.8285849515917844,0
1,0.8580468666032678,1
1,0.5813867268492785,1
0,0.8423596240971531,0
1,0.5986630570608611,1
1,0.7845898901188277,1
0,0.9401356101167754,0
1,0.7122776995863612,1
0,0.9413018195981848,0
0,0.666763345081961,0
0,0.7385653487762588,0
0,0.5275754370935674,1
0,0.9019584430469543,0
0,0.7683376792431026,0
0,0.6090514418441197,0
1,0.5874675475677626,1
1,0.7819084798223384,1
1,0.50046396837875,0
1,0.7353029937459121,1
1,0.734986849385088,1
1,0.8450949632814145,1
0,0.8385229955267731,0
0,0.8087403364338523,0
0,0.6762387716166516,0
0,0.757846766009884,0
0,0.8786008608884469,0
1,0.5995854141368498,1
1,0.7441160630073884,1
0,0.8499550907671575,0
1,0.7149208111880571,1
0,0.5050489722735957,0
1,0.6774864422468606,1
0,0.8857289409840299,0
0,0.8826205848055596,0
0,0.7664314215729127,0
0,0.8329983044879608,0
0,0.7590615635035767,0
0,0.8436018242682671,0
1,0.5623136742463455,0
0,0.675826729754663,0
0,0.8290740668231643,0
0,0.7592836531061904,0
1,0.6378092228847154,1
0,0.7906666285271036,0
0,0.8272300039765423,0
1,0.6313751479878011,1
0,0.8657079248574412,0
0,0.7533818631305599,0
0,0.9162528977759983,0
1,0.7528090047586337,1
0,0.5327809010078877,1
0,0.8270470574983112,0
0,0.7434478577477763,0
0,0.7551578088293392,0
0,0.9726471389921156,0
0,0.7520659259605026,0
0,0.6772366607969156,0
1,0.689390564364088,1
0,0.7844168432892908,0
0,0.8277480298052238,0
1,0.6597155737931778,1
1,0.8055637686141955,1
1,0.9416793924214887,1
0,0.7535635047545817,0
0,0.8850317439357418,0
0,0.7427426746290849,0
1,0.8451536747522341,1
0,0.8412567036509963,0
0,0.9129561478279005,0
0,0.7180636887694071,0
0,0.8969899015115769,0
1,0.8997151802339243,1
1,0.8588883609196665,1
0,0.6359647524241551,1
0,0.9303928746972409,0
0,0.8538877778827203,0
1,0.6619268986445447,1
1,0.8623931576389117,1
1,0.6323163573248313,1
1,0.8615063124573202,1
1,0.8280549465993571,1
1,0.7939599522567306,1
1,0.81290464826126,1
1,0.7218475649234615,1
0,0.883194415601559,0
1,0.6740530288421293,1
0,0.6806962000411054,0
1,0.6639212395312748,1
0,0.9020660227911288,0
0,0.8289375821295144,0
1,0.6658935886661939,1
1,0.8905197061710463,1
0,0.7416736240415143,0
0,0.9030277265962933,0
1,0.9133078822849999,1
0,0.7883308793368707,0
0,0.7698018295577796,0
1,0.9027982162253319,1
1,0.8655522057494694,1
0,0.8427561616128932,0
1,0.6166567764167481,0
1,0.8942371522734797,1
1,0.6096392635899345,1
0,0.8428122367077089,0
1,0.7316722252002829,1
0,0.7785113532611591,0
1,0.5752734203483373,1
1,0.5626259994653183,1
0,0.7046144304092208,0
0,0.8712633064248873,0
0,0.9040807360540316,0
0,0.9219414377261524,0
1,0.673379294753443,1
0,0.7222828561900252,0
1,0.7793215669425249,1
1,0.9049468997893783,1
0,0.7784555621071914,0
1,0.6988144657674983,1
1,0.7765986121305005,1
0,0.8615590056267091,0
1,0.681089299086447,1
0,0.9307517264218984,0
0,0.6881744883054511,0
0,0.8401533917074736,0
0,0.7475680103013356,0
1,0.7041932305026657,1
1,0.9100502570254522,1
1,0.7879463009255465,1
0,0.6433052452297723,0
1,0.744160096797804,1
0,0.8273572406894876,0
1,0.7924395555307396,1
1,0.5118519632452356,0
0,0.6724703292913373,0
1,0.7388635763973234,1
1,0.592663584495419,1
1,0.7882238315570609,1
0,0.7503185796570403,0
1,0.7964803072288509,1
0,0.527019269611169,1
1,0.6791847668110168,1
1,0.5328871437567195,0
0,0.628341392338884,0
0,0.7766885997526586,0
0,0.6328091686873344,0
0,0.8428390372979346,0
0,0.7759347733037861,0
0,0.5427426665008616,1
1,0.5645861979924107,1
1,0.9094142023179366,1
1,0.8558604116842823,1
0,0.7662059016014661,0
1,0.5479434320921909,1
0,0.9185955523115676,0
1,0.5380684869025355,1
1,0.7532865049346081,1
0,0.9571967854366377,0
1,0.620225288474011,1
1,0.7676856188795563,1
1,0.7352677937793536,1
1,0.8344667334822029,1
1,0.8255921403322679,1
1,0.7060618809687953,1
0,0.8339276909346652,0
0,0.8635922124173718,0
0,0.5622837052080741,0
1,0.7106306800923934,1
1,0.6288449514752246,1
0,0.8116665949045069,0
1,0.7242108596308108,1
0,0.8097752596717652,0
0,0.9108151233015426,0
1,0.5850984476040059,1
0,0.7021918042616048,1
1,0.5173247685982091,1
0,0.8378650408707307,0
0,0.8192377359955978,0
0,0.9451633554419372,0
0,0.9523862024285505,0
1,0.8519866769926036,1
0,0.9120857045006476,0
1,0.9151358166000542,1
0,0.5902706918723207,0
0,0.8873721658340983,0
1,0.8129387812904252,1
0,0.8645391469112127,0
0,0.8185772449520172,0
1,0.5483203050150253,1
1,0.8568939116038533,1
1,0.5006451992585994,0
0,0.6239005318529337,1
1,0.815107033393207,1
0,0.5591192251822497,0
0,0.7551885078452729,0
1,0.7353106907825285,1
0,0.7133175883191032,0
1,0.8290198672230138,1
0,0.8673496263585803,0
1,0.5492540359803181,1
1,0.7482493416395413,1
1,0.7332931211927942,1
1,0.5956093712762941,1
1,0.5281570959590857,0
0,0.8151244921997969,0
0,0.7767271508166214,0
0,0.8073907773451788,0
0,0.5327957071017857,1
0,0.5809547690895345,0
1,0.5670128740862956,1
1,0.8289187380533748,1
1,0.6163204529494821,1
0,0.886692660876747,0
0,0.5609912412344619,0
0,0.8161783440484057,0
0,0.6278402126083065,0
1,0.8109043923863805,1
1,0.8248393077522238,1
0,0.8043210106233856,0
0,0.653590290152517,0
0,0.6762760890486591,0
0,0.8774289958087469,0
0,0.8520170107690415,0
0,0.7757964699582315,0
0,0.6816255741069394,0
0,0.6026080089949954,0
1,0.8918590488694706,1
0,0.886548901155147,0
1,0.7831015158736914,1
0,0.6894998074609539,0
1,0.896133969249128,1
0,0.7379522082343828,0
0,0.9132701533057812,0
1,0.7765894715960892,1
1,0.9512117127365065,1
0,0.8521401777594266,0
0,0.9617284787781707,0
0,0.7200193927181537,0
0,0.6701953133539366,0
1,0.6616708196417549,1
0,0.6945721729535936,0
1,0.8451110802461266,1
1,0.89888540105252,1
0,0.9818592540485412,0
0,0.7629475737154761,0
0,0.691387807481937,0
1,0.882132851501593,1
0,0.8731498318151792,0
1,0.622676458822712,0
0,0.8928772577142173,0
0,0.5037065909729382,1
1,0.8134743820515792,1
0,0.9447290184334739,0
0,0.8604957088081749,0
0,0.7665908894499259,0
0,0.9374566233403481,0
0,0.8123387053028949,0
1,0.8690943697219411,1
1,0.8447319496961092,1
1,0.8054513067981933,1
1,0.6681558536397646,1
1,0.5888828036284618,1
1,0.8665317123483411,1
1,0.8120242650147199,1
0,0.9332503346739637,0
0,0.6055400116273402,0
0,0.7855117098135106,0
1,0.6871496328324336,1
0,0.9264012834379733,0
0,0.7055967273533703,0
1,0.921431798248613,1
0,0.9352200483086216,0
1,0.6774085184064456,1
0,0.7984992107037243,0
1,0.8223384049239567,1
1,0.6756423433342622,1
0,0.8254532375459334,0
1,0.77448106606695,1
1,0.6555938352298499,0
0,0.6888196510656056,0
0,0.7955234577663821,0
0,0.596491195677231,0
1,0.900192574281306,1
0,0.868382734237692,0
0,0.748390458857423,0
1,0.8295382916561974,1
0,0.9189484677617885,0
0,0.8342636283440438,0
0,0.7286153086622152,0
0,0.9518092009384801,0
1,0.7519179857405857,1
0,0.9372732272664175,0
1,0.7224927863688758,1
1,0.8173832029960184,1
1,0.8021259665258508,1
1,0.6173164255370703,1
0,0.7363296916989245,0
0,0.914084725668246,0
1,0.6421387176588503,1
0,0.8732120394764725,0
1,0.8097860738767055,1
0,0.6240749149320469,0
0,0.7415691936368956,0
0,0.6842887737010602,0
0,0.7245816397095295,0
1,0.6556721564242123,1
0,0.5461218415918807,0
0,0.611821001855962,1
0,0.8407192371670933,0
0,0.8579485942468764,0
1,0.9515706421461528,1
1,0.8941914691294166,1
1,0.9186871284036485,1
0,0.6166621060941826,0
0,0.7525863849317178,0
0,0.9148100747334631,0
0,0.8342805697611136,0
0,0.822297760924796,0
0,0.8453657790366477,0
1,0.6508648789965984,1
0,0.8072151826423539,0
1,0.65279484065171,1
0,0.740383742878515,0
0,0.5960536004907023,1
0,0.7967906646835736,0
0,0.8364470316249092,0
1,0.8255907368556088,1
0,0.8317632756275698,0
0,0.5103869594230713,0
0,0.9186160027432714,0
1,0.921816373304188,1
0,0.8097447863943592,0
1,0.7869916666540646,1
1,0.7149314034409036,1
0,0.9623553375248083,0
0,0.5160720598520091,0
0,0.8144610959969163,0
1,0.7616208429776965,1
0,0.7455663851576139,0
1,0.7435108090430678,1
0,0.9755206009957705,0
1,0.9105084273251975,1
0,0.5971780822947567,0
1,0.8106132910383548,1
1,0.7830742436250664,1
0,0.5510947292159406,0
1,0.6722721508402058,1
1,0.8790398967724886,1
1,0.6207570779808278,1
0,0.896656017133818,0
1,0.6513808461854932,1
1,0.9389982395514462,1
1,0.7567906489897454,1
0,0.9520731808357531,0
1,0.5778288963671441,1
0,0.8552095583654206,0
1,0.8256227812623864,1
0,0.9239120577431532,0
0,0.799136659736058,0
0,0.6709022523237087,0
0,0.8783279209606177,0
1,0.6292649556125669,1
0,0.611461176225913,0
0,0.8389820344108497,0
1,0.7595350325422047,1
1,0.7491559922451865,1
0,0.8364823278961545,0
1,0.6981836996980717,1
0,0.7700994825395545,0
0,0.5107705585529381,1
1,0.8885883286124145,1
0,0.636719898969134,0
0,0.846064369429517,0
0,0.9497192728072483,0
0,0.7816296857048216,0
1,0.7655190541004171,1
0,0.6288360059865706,0
0,0.7462278102675504,1
1,0.5821185989250842,1
0,0.6466940520131756,0
0,0.9052383812854847,0
1,0.7697580714322119,1
1,0.6540517276125432,1
1,0.7885539747665461,1
1,0.8479026860891103,1
1,0.8012120042887985,1
1,0.7185665707625533,1
0,0.8102757087519481,0
1,0.8544621997479469,1
1,0.8847798832597837,1
0,0.7719504911576782,0
0,0.9127592572720294,0
1,0.5393051706884486,0
0,0.8509930195261974,0
1,0.5606776380474306,1
0,0.8511419350768675,0
1,0.7896912620682207,0
1,0.8131072320784954,1
1,0.8376190871641063,1
0,0.5012264250811277,0
0,0.6617879717707089,0
0,0.8718404431228949,0
0,0.6105430245246624,1
1,0.7900385859886371,1
1,0.6900740424460564,1
1,0.8952748724504713,1
0,0.8404951403654307,0
1,0.6491467570602448,1
1,0.5181039163260323,1
1,0.8437183484073442,1
1,0.7218462374194575,1
0,0.6724425068658222,0
1,0.9218159404493325,1
0,0.864378252412484,0
0,0.8700545339709364,0
0,0.6288286007726566,0
0,0.8453266030744084,0
1,0.7824575282480088,1
1,0.5935808029275982,1
1,0.7208162363961256,1
0,0.5477021787705725,0
0,0.943853357993065,0
0,0.9731817404136615,0
0,0.8589039634723736,0
0,0.9365515234742444,0
1,0.8037236157668012,1
1,0.5863315376059772,0
1,0.9569320213845941,1
1,0.8090546940313096,1
0,0.7182944581763899,0
1,0.8341478147314774,1
1,0.5087926925204171,0
1,0.937266162481905,1
1,0.5506924503765949,0
0,0.7709974593173404,0
0,0.5036626511298921,0
0,0.5500603080304475,0
1,0.7135621640414999,1
1,0.7073795491244033,1
0,0.8127242582124449,0
1,0.7058606877143884,1
0,0.5316143910606632,1
0,0.9329063428560533,0
1,0.9280694108450875,1
1,0.8870537029148564,1
0,0.7055974585911287,0
1,0.603539094930742,1
0,0.8145777298416698,0
0,0.7342505966541277,1
0,0.8202148652504189,0
1,0.7828364438107143,1
1,0.8253600806934827,1
1,0.8695758522789542,1
1,0.8156845960207295,1
0,0.7803527680464881,0
1,0.6597978151326449,1
1,0.5121204714165302,1
1,0.6831327283033208,1
0,0.6816409251492018,0
0,0.9266600798837371,0
1,0.822714964861072,1
0,0.6118200454623484,0
0,0.8606019711684523,0
0,0.8709198836408316,0
0,0.7838357173025794,0
0,0.8120517144974116,0
0,0.6054285266395373,0
1,0.8046090054921478,1
0,0.8037067504460006,0
1,0.7964366624707798,1
1,0.5350416631347856,1
0,0.8754979074132798,0
1,0.592210720558933,0
0,0.7446269121920088,0
1,0.7404191720504211,1
1,0.5780250124679912,1
0,0.9538656989645389,0
0,0.8669164492692204,0
0,0.5510585312574396,0
0,0.6488135673429714,0
1,0.8589478139332475,1
0,0.8758648808070301,0
1,0.958634701535734,1
1,0.7041957090747533,1
0,0.8592927774341158,0
0,0.8978994181007545,0
1,0.8708334771525263,1
0,0.9623853730792065,0
0,0.5413059707683251,1
0,0.9654250306460452,0
0,0.7871261685143964,0
0,0.5890640761411081,0
1,0.8010363815905926,1
1,0.6833297138932086,1
1,0.7274836171657015,1
0,0.7943087368810079,0
1,0.7380966245298396,1
0,0.8511910748381374,0
1,0.8181941952869558,1
0,0.8861531663752895,0
1,0.7226404734638041,1
1,0.6082318402539622,1
0,0.8472024580189317,0
1,0.5687425746760347,1
0,0.9428895403394133,0
0,0.6452159511915586,0
1,0.8894446804831538,1
0,0.7656570949365233,0
0,0.5176365659051378,1
1,0.6852879036888619,1
0,0.7058389476520855,0
1,0.8201653814665916,1
0,0.5073169022193248,0
0,0.8953015863285173,0
1,0.8738394634613292,1
0,0.6194570780344225,0
1,0.8347812911410878,1
0,0.7586240254913076,0
1,0.7181266559986211,1
0,0.8286491355727194,0
0,0.887825358047876,0
0,0.8741222363646937,0
1,0.8415070544785328,1
0,0.9008816896839896,0
0,0.8950795607308442,0
0,0.8926321310851175,0
1,0.9272738315612997,1
1,0.9148890620141327,1
0,0.7341253794234744,0
0,0.5632761302910169,1
0,0.8373645582444492,0
1,0.7759613795730926,1
0,0.8919621368214826,0
0,0.5523623235724511,1
0,0.7077220302335544,0
1,0.7218289406795702,1
0,0.9428097849274775,0
0,0.6751436070494902,0
0,0.8081369892912333,0
0,0.7407478140702767,0
0,0.9826396901615579,0
1,0.7453901113583853,1
0,0.9511998419279224,0
1,0.7584183591203937,1
1,0.7935413348932223,1
0,0.9220455517499385,0
1,0.6445181980948529,1
1,0.6002492968061538,1
0,0.9471343097337049,0
1,0.6132243067239297,1
0,0.621102085484974,0
1,0.7853704477754447,1
1,0.5681736933793818,1
0,0.54294496977557,1
0,0.7965142538659447,0
1,0.8528526013030143,1
1,0.9358765415269639,1
0,0.6324031522675995,0
1,0.7622180129555257,1
0,0.6104229617607911,0
0,0.8513493566897061,0
0,0.9352874864982389,0
0,0.8845997543158515,0
0,0.7506426697059906,0
0,0.9598634668664956,0
0,0.7353535518189026,0
0,0.7711923911580871,0
0,0.8099306889455022,0
1,0.5142338849999274,1
1,0.9055100847750706,1
0,0.7546494566257851,0
0,0.7878615937989012,0
1,0.7891564102232349,1
0,0.6901257582282289,0
0,0.851667159516465,0
1,0.8173170307850564,1
1,0.5348226570333053,0
1,0.845196621989786,1
0,0.983573259318664,0
0,0.9090697226150144,0
0,0.8560452266428266,0
0,0.5169279961975093,0
1,0.8359140696400965,1
1,0.6889744281603062,1
1,0.5244529105715607,1
0,0.6460134799665507,0
1,0.5676191238316545,1
1,0.7824027826078152,1
1,0.5155513671782282,1
0,0.6060826533934127,1
1,0.7734467539819538,1
0,0.6375522055913792,1
0,0.9039917447072979,0
1,0.8327703207956502,1
1,0.6281058555155479,1
0,0.5170492503945417,0
1,0.5297671276861974,1
0,0.8833874757501258,0
1,0.9249470418514101,1
0,0.5001151783007066,0
0,0.7759820524229586,0
1,0.5855626766110268,0
0,0.9277399495968572,0
0,0.7869734344711077,0
0,0.7124559071407787,0
1,0.7911815317268304,1
0,0.7930145530664011,0
0,0.7360422113801551,0
0,0.7019691315573702,0
1,0.7823356723696315,1
0,0.8643920086939598,0
1,0.7288699298513279,1
0,0.6840437466745972,0
1,0.7211394576658797,1
0,0.8678224438458267,0
0,0.8087057132547157,0
1,0.805341687785329,1
1,0.9220531412885029,1
0,0.8984284627493759,0
1,0.5314500812804128,0
0,0.6941071836810908,0
0,0.5235433659483115,0
1,0.7560871079986061,1
1,0.8618689736632998,1
1,0.7837052545979336,1
1,0.6725764449490594,1
1,0.7821272710226862,1
0,0.5991335629421426,0
0,0.853710543213565,0
0,0.750460561403316,0
0,0.8373802297513477,0
1,0.6414027795298922,1
0,0.8638131449119306,0
1,0.8167906505281536,1
1,0.8745715528448563,1
0,0.624357637987682,0
0,0.7856270421320811,0
0,0.6323242097554069,0
0,0.5013759622325106,0
0,0.7279721828317923,0
1,0.8629755153631882,1
1,0.5728360850582034,1
0,0.8061625326721217,0
1,0.68691046485684,1
1,0.7171068329996707,1
0,0.6177774555426004,1
0,0.7380966714928952,0
0,0.9134889463898602,0
0,0.7962817438149212,0
1,0.8266318169862251,1
1,0.9164007621215863,1
1,0.8580523024414458,1
0,0.8737761777152366,0
0,0.9868907987335619,0
0,0.9764501944851647,0
1,0.8764893588024208,1
1,0.6258677875961228,1
0,0.7483224734874131,0
1,0.7655316692886229,1
1,0.6661372801946307,0
0,0.9207437745512372,0
0,0.7604642892316933,0
1,0.7138878285011208,1
0,0.8515518358466676,0
0,0.8326619968946961,0
1,0.7239859279101458,1
1,0.8070927608087812,1
0,0.643970524357029,0
0,0.93012103280375,0
0,0.7528805087098822,0
1,0.6448293812626813,1
0,0.8255503632500714,0
0,0.6435182943722652,0
0,0.7673004380316648,0
0,0.9029537982177581,0
1,0.555796309687962,1
1,0.7178829772874391,1
0,0.8928186168601917,0
0,0.7469928149943487,0
1,0.841636508176132,1
0,0.8416153753842313,0
0,0.8032433908945277,0
1,0.9044938637642974,1
1,0.7730830059577186,1
1,0.7211446738965404,1
0,0.8903390704540387,0
0,0.7824159044195722,0
0,0.9318492100214627,0
0,0.7049135977094227,0
0,0.8494796302981527,0
0,0.9192904758851966,0
0,0.6443941759252294,1
1,0.9107870544087796,1
0,0.717035801080862,0
0,0.9037195034837627,0
1,0.6147104062960558,1
1,0.9890661816399405,1
1,0.5196912683093328,1
0,0.9451167068498942,0
0,0.8602399840139726,0
0,0.7304125753944403,0
0,0.5424364140582459,1
0,0.7913978543042566,0
1,0.5773058593184809,1
0,0.5575014896514617,0
0,0.7637888106037409,0
0,0.5539993815477399,1
0,0.5650612939050388,0
1,0.8799019771833276,1
1,0.5131342801617041,1
1,0.8155865557877006,1
0,0.8925989530714592,0
0,0.8543099300123882,0
1,0.6018304137786336,1
0,0.8918601732453165,0
0,0.7621444852479756,0
1,0.6078291131163696,1
1,0.8072532185383122,1
0,0.8249804136801714,0
0,0.8992137768669948,0
1,0.5783826239354989,1
1,0.7118510416426254,1
1,0.8857254933510934,1
0,0.514487902340116,0
0,0.9468106648342377,0
0,0.8507023729203005,0
0,0.6443100288551957,0
0,0.6613439599885186,0
0,0.8595322046567664,0
0,0.8866224807241899,0
1,0.8864985093009741,1
0,0.8750860633045074,0
0,0.5757837143438972,0
1,0.6642600222302453,1
0,0.5549277061001122,1
0,0.6262165495675344,0
0,0.9077330890508153,0
1,0.6758389537122388,1
1,0.8496950788004802,1
0,0.7235607432893276,0
1,0.606184230571462,1
0,0.7369487189386082,0
1,0.7398797502158766,1
0,0.6644353213495916,0
0,0.8499031259176745,0
0,0.8708630716443415,0
1,0.890825072696943,1
0,0.8441906767259139,0
0,0.8002410934978763,0
1,0.8595401919960391,1
0,0.7750751467550606,0
0,0.8328354082864536,0
0,0.8318662324736651,0
0,0.7827661836583003,0
0,0.5101344319588978,1
1,0.8801511597835617,1
1,0.524664892549129,1
1,0.7190338160966127,1
0,0.8746989947231826,0
0,0.5989779795181583,0
0,0.8034914044127812,0
0,0.7708869951989472,0
1,0.5955855969443813,1
0,0.7868773331738336,0
0,0.8656178294247625,0
1,0.6185357430954753,0
1,0.8216385245842337,1
0,0.8392394600944713,0
0,0.8460654804631977,0
0,0.6877945753261306,0
1,0.7820105121382709,1
1,0.6001155059380922,0
1,0.8878057709048485,1
1,0.5277431113748232,1
0,0.7772602106542905,0
1,0.8498732569279527,1
0,0.5814267254457097,0
0,0.9039166456166571,0
1,0.8988057184568943,1
0,0.8812174114229845,0
1,0.7774334346742254,1
0,0.7076394139591756,1
1,0.7504345868600184,1
1,0.7001334568144227,1
0,0.858552057060778,0
1,0.8428888147670627,1
0,0.8254100722742618,0
0,0.5978988872259505,1
1,0.8398884135802729,1
1,0.7881178147442016,1
1,0.8158952664723496,1
1,0.7846127509943395,1
0,0.8081568772344904,0
1,0.7527529065553625,1
0,0.8669559306780994,0
1,0.7354961189791083,1
1,0.609720906661226,1
0,0.9119543053170696,0
1,0.9083167260295119,1
0,0.8135713541860091,0
0,0.5247589781116225,1
0,0.6851863832692694,0
0,0.6439304534936192,0
0,0.9220913566920858,0
1,0.7902238020389669,0
0,0.5791317350103972,1
1,0.7741862613005246,1
0,0.925457214339767,0
0,0.9501484156327495,0
0,0.6563594682692404,0
0,0.578355177395266,0
1,0.8573085376328139,1
0,0.5452454236617805,1
1,0.8759290941842249,1
0,0.8370486074738078,0
1,0.7333033390458585,1
1,0.8725828306820811,1
1,0.6371550149164956,1
1,0.7978310182182594,1
0,0.8864326410404236,0
1,0.8143295207333114,1
1,0.7490108045560995,1
0,0.8471809325796519,0
1,0.6047981586298534,0
0,0.7851496102186648,0
0,0.5811835723555614,0
0,0.7999478535502367,0
1,0.6037493773452568,1
1,0.8580017568696762,1
1,0.8923153533669975,1
0,0.6487121119484727,0
0,0.6676527035713381,0
1,0.7778257030341934,1
1,0.893064928061415,1
1,0.8143566519843971,1
0,0.8174602490240857,0
0,0.6815413662185436,0
0,0.8509876487082354,0
1,0.7509091052057256,1
0,0.8752481498628272,0
0,0.5614516072130865,0
1,0.8601627930484328,1
1,0.8062151909155513,1
1,0.6890727900491326,1
1,0.6308228339932055,1
0,0.6260815053361853,0
0,0.9313413570162439,0
0,0.8622855278537398,0
0,0.7257487569068699,1
1,0.680011738525889,1
0,0.5188580896851507,1
1,0.9627226574341279,1
0,0.731471671948726,0
0,0.8549495421606883,0
1,0.9107381653135803,1
0,0.9766138842796647,0
0,0.9393299609319933,0
1,0.7322547559658215,1
0,0.8642724029381054,0
0,0.5302619535252722,1
1,0.9011954543596882,1
0,0.8343834315365615,0
0,0.510902780623623,1
0,0.5324133521584594,1
0,0.6057171193731519,0
1,0.5843454535398377,1
1,0.6849249878666687,1
0,0.6501566728568879,0
1,0.8910930549858576,1
1,0.6606588457085805,1
1,0.6892962174780201,1
1,0.9601331638293887,1
0,0.6967859855010263,0
1,0.6895171499023016,1
1,0.784564947786271,1
0,0.8780788525585638,0
0,0.9422210814057278,0
1,0.7360886332193592,1
0,0.6234971987314931,0
0,0.7796208366024528,0
1,0.6221919707337962,1
1,0.7681238253404528,1
1,0.7211937456160926,1
0,0.7283040570957897,0
0,0.8458391337735542,0
0,0.9403374236719605,0
0,0.6174290966571169,0
1,0.7805528297877016,1
0,0.9576930327292802,0
0,0.8900703278183384,0
0,0.730372709159044,0
1,0.731317008353805,1
0,0.9606201947458345,0
0,0.9388987130487706,0
1,0.6926300737039879,1
0,0.8394920000264128,0
0,0.8713900134312932,0
0,0.5944749163828961,0
0,0.6954993165887192,1
0,0.7318843537549571,0
1,0.7633284609035942,1
1,0.536846623932959,1
1,0.7728452745587094,1
0,0.8155776967466128,0
0,0.7314546689612537,0
0,0.8943209866131586,0
1,0.6313869196878935,1
0,0.5372543116894697,1
1,0.82800953839717,1
1,0.5895991534992601,1
0,0.951612844710008,0
1,0.7672208029154888,1
1,0.7013898371175595,1
0,0.8341448623026544,0
0,0.8732876773062324,0
0,0.8925659570318868,0
1,0.539164384009821,1
0,0.7919902453567129,0
0,0.8199647356655573,0
1,0.8738950618018957,1
1,0.8962457337131844,1
1,0.7342482872934918,1
0,0.6435193244308361,0
0,0.5580294229536334,0
0,0.8339458000220048,0
1,0.6307068963994771,1
1,0.8740317581365507,1
0,0.9127697998079484,0
0,0.7481917599455257,0
1,0.7306089228505307,1
0,0.8171309002995953,0
0,0.7504196131382903,0
1,0.5768657877127628,0
0,0.8759863999538047,0
1,0.7973425031687663,1
1,0.7959541030595438,1
1,0.6082441493665568,1
0,0.8348509172971436,0
1,0.763585605619018,1
1,0.7642843849632606,1
1,0.8228096960054848,1
0,0.9014559463426234,0
0,0.8984194485821542,0
1,0.6345879733680743,1
0,0.8590303510294502,0
1,0.8342143586435334,1
1,0.7326036144763879,1
1,0.8297184871684196,1
0,0.8818576815080824,0
1,0.6876500600321601,1
0,0.844091111314116,0
0,0.7829661157722959,0
1,0.8891758883496568,1
1,0.6799633422179511,1
0,0.6935780186944367,0
0,0.9002109771977224,0
0,0.6387177877324024,0
0,0.8207771398448277,0
1,0.8144270636172214,1
1,0.7706209617624983,1
0,0.8777578797245631,0
1,0.8548045537603319,1
1,0.8028191047136457,1
0,0.7993161680576867,0
0,0.8214496924833944,0
0,0.9531863325413399,0
1,0.9047040061451429,1
0,0.7198966259254036,0
0,0.8077089347474649,0
0,0.7945882927830816,0
0,0.7049666752590094,0
0,0.6198471505077489,1
0,0.7373485730839455,0
1,0.9400737324900499,1
0,0.7454585605199855,0
0,0.9000821394144444,0
1,0.8281928826962197,1
1,0.527191942755495,1
1,0.6512099840317533,1
0,0.8014264129018879,0
0,0.7237546681310753,0
1,0.9148611580586261,1
0,0.504874179726089,1
1,0.7190400071383699,1
0,0.5683885547960744,0
0,0.7428971472018994,0
1,0.8022128805311071,1
0,0.655667946479808,1
0,0.7980284247559507,0
0,0.8635206530018199,0
1,0.865383534797494,1
1,0.6593155938508237,1
0,0.7024917605204015,0
0,0.7325455020433909,0
1,0.6655498345909243,1
0,0.6724671875758335,0
0,0.8607295442255299,0
1,0.5757491091939528,1
0,0.7100853736629136,0
0,0.8644184280205981,0
0,0.6867389685713778,0
1,0.894600954977281,1
1,0.8800007339086224,1
0,0.9734346983441079,0
0,0.8911768338015535,0
1,0.9265738047380305,1
0,0.6133215253702686,0
0,0.8875083399005811,0
1,0.6640512635584592,0
1,0.6940583289856922,1
1,0.6611254581390935,1
1,0.959357264501805,1
0,0.6992048535750478,1
0,0.8382330886500138,0
0,0.6012742363850722,0
0,0.7461291180357318,0
1,0.5721357100871455,1
0,0.8287348467452649,0
0,0.6871837311509558,0
0,0.8560721197185991,0
1,0.8183968267668417,1
0,0.6547983450140432,0
1,0.5504556333753633,1
1,0.7460102876062515,1
1,0.5065959215447753,0
1,0.9615039176513009,1
1,0.8146879060045292,1
1,0.866063439909119,1
1,0.8463684783440012,1
0,0.8629612135407974,0
0,0.7647457712772343,0
0,0.974807609723521,0
0,0.769433533081121,0
1,0.5072249286881078,1
0,0.8245737964372913,0
1,0.7408743192273917,1
1,0.6903542349212527,1
1,0.5961529641544011,1
0,0.8244510621532026,0
0,0.6970038362374343,0
1,0.6898185653110739,1
0,0.8824017983236736,0
0,0.5504090765257156,1
1,0.5340647798128912,0
1,0.8195736525253818,1
0,0.739039368541108,0
0,0.9412333593990971,0
0,0.8740985111663842,0
0,0.8281927660325922,0
0,0.7453626312789768,0
1,0.8604330143668539,1
0,0.9259402962826713,0
1,0.773244222676747,1
0,0.7318703219137481,0
1,0.7179630621789683,1
0,0.7845840636563687,0
0,0.8634411962768195,1
0,0.7666325963859814,0
1,0.7535519724809707,1
1,0.7957340084505585,1
0,0.8930168323134424,0
0,0.8442029254893693,0
1,0.9107405443851058,1
1,0.8493324762028879,1
1,0.537038428243986,0
0,0.85788026196353,0
1,0.7302179935698103,1
0,0.7363564748578936,0
1,0.6891563790175907,1
1,0.6869009243454034,1
0,0.7276206954681974,0
1,0.5293287072093867,1
1,0.8894316118557922,1
0,0.8154501082065018,0
1,0.8327288529517987,1
0,0.7917575604805874,0
0,0.9385205619921435,0
0,0.6028138784506192,0
0,0.8312086870841019,0
1,0.5878514884758141,1
0,0.8830688316450666,0
1,0.7214787092954243,1
0,0.7794914182109474,0
0,0.6412210791504974,0
0,0.6014027440691193,0
0,0.6534015871839262,0
0,0.8624230679789275,0
0,0.6787436292899091,0
1,0.895591176629107,1
0,0.5847836693349023,1
1,0.8608128368533482,1
0,0.7697210104174992,0
1,0.7016519860719151,1
0,0.6624647381823041,0
0,0.9420599897146126,0
0,0.8861583839738478,0
0,0.9212956143583281,0
1,0.5513829194766386,1
0,0.9159327772619892,0
0,0.6618062466332295,0
0,0.5401781739920613,0
0,0.9379834593470624,0
0,0.9617643648764503,0
1,0.8432094226940677,1
0,0.8912232092072466,0
1,0.5548701260276344,1
1,0.9088173803039672,1
1,0.9165910600707712,1
1,0.7732776779514828,1
1,0.8662741159870958,1
1,0.9260452100613846,1
0,0.8606147442899649,0
0,0.7001661156830777,0
0,0.6689604797117924,0
1,0.8201865813242106,1
1,0.795225844593059,1
1,0.5979629665872055,1
1,0.6038638497294758,1
1,0.7759965650964743,1
1,0.7186867591278778,1
0,0.6168424809365723,0
1,0.7666045594260936,1
1,0.8364321213585649,1
0,0.5788429469685904,1
1,0.9083774306329847,1
1,0.7608339226073783,1
1,0.6000500762542814,1
1,0.8788496065202154,1
1,0.5314702944925328,1
1,0.7284729739633083,1
0,0.9177356539853674,0
1,0.8269684268064259,1
1,0.9199876487441822,1
0,0.9424577101635988,0
1,0.8139688061206368,1
0,0.7700038577655249,1
1,0.5955117614958583,1
1,0.791607075164962,1
0,0.9741227516874921,0
0,0.9347694161870193,0
1,0.5526392765616975,1
1,0.5315766381791749,0
0,0.9377811551664764,0
1,0.8360513949365144,1
0,0.804633131059736,0
1,0.672390092920916,1
1,0.7760298761336574,1
1,0.5546654118432605,1
0,0.9322313478072667,0
0,0.5786442784421597,1
0,0.7033753563721992,0
0,0.8838113259144734,0
0,0.8819883707580494,0
1,0.8365958452357497,1
1,0.7108278589053056,0
0,0.6638086695904168,0
1,0.8847222485140646,1
1,0.5446974300868896,1
0,0.66850384171696,0
0,0.7622299576219267,0
1,0.56143559968122,1
0,0.8693174321836857,0
1,0.85464307847103,1
1,0.706949688776206,1
0,0.8957274126190632,0
1,0.7166208724396516,1
0,0.7054148171078292,1
0,0.6892188101828455,0
0,0.6571018096521491,0
1,0.5545018978238097,1
1,0.8102101151199838,1
1,0.7386320486575789,1
1,0.9127821181728474,1
1,0.6459435151891452,1
0,0.9006735453690511,0
0,0.8082099955972819,0
0,0.9319962898738571,0
0,0.8169294855507075,0
1,0.9775598142145947,1
0,0.7354909814262044,0
0,0.9128236670262515,0
0,0.9026917503267015,0
1,0.6276451168305491,0
0,0.6793538845098362,0
1,0.7765317691061555,1
1,0.8665097142605546,1
0,0.5748237886077453,1
0,0.8052423066810478,0
1,0.5819382964596553,1
0,0.8249488639310664,0
1,0.8891702292179506,1
0,0.9143553405955589,0
0,0.5012221670459548,1
0,0.9239486326725972,0
1,0.9076903686036171,1
0,0.9275065453733844,0
1,0.7567603458066527,1
1,0.8003911521074821,1
0,0.9643103779799924,0
1,0.8538589390888067,1
0,0.8188667412643373,0
1,0.5328287711766031,1
1,0.900576392533631,1
0,0.6184763593265787,0
0,0.6871461824204672,0
0,0.5338028859096247,1
0,0.6226648856437003,1
0,0.8669158944661918,0
0,0.565239907494956,1
0,0.8868453097059009,0
0,0.6975473066769657,0
0,0.934314524501597,0
0,0.72926150243191,0
1,0.5602405288378874,0
0,0.6781653475704703,0
1,0.7108428001074771,0
0,0.8154394379135532,0
0,0.5005958587294506,0
0,0.5717194834340907,0
0,0.5135586558502697,1
0,0.872601032250004,0
0,0.7677169679737852,0
1,0.5690099681176464,1
0,0.7193235243368112,0
0,0.5850939230345115,0
0,0.5181328537888639,1
1,0.9320219376946217,1
1,0.6288285884055614,1
1,0.8443254780638155,1
0,0.8899361239310123,0
0,0.5961915724019733,1
0,0.5632227717730411,1
0,0.8462703127233866,0
1,0.6633665221977854,1
1,0.6648001940576808,1
0,0.5255387983931659,1
0,0.8179872121208293,0
1,0.7584036857031359,1
1,0.8253742387370234,1
0,0.8383337808890219,0
1,0.7873223776056766,1
1,0.8134493764811693,1
0,0.6055060242142655,0
1,0.692499390111099,1
1,0.9521454011425996,1
1,0.7918765863624395,1
0,0.6901398278619089,0
1,0.651980157289265,1
1,0.6955761478672131,1
0,0.6876704028040966,0
0,0.7372050589759382,0
0,0.8506596894497708,0
0,0.5945301696413466,1
1,0.5607747234312781,1
0,0.8912259066155324,0
0,0.9770944503564652,0
0,0.8389050054048888,0
1,0.6055722587475926,1
0,0.6382935785966071,0
0,0.6676819084084232,0
0,0.8182427988392522,0
1,0.6091347781956234,1
1,0.737148435618079,1
1,0.6872076768173551,0
0,0.7342252497410888,0
1,0.7476866306715172,1
0,0.7609487905186364,0
1,0.6004565210897375,0
1,0.7332717059280706,1
0,0.8332264237300544,0
0,0.8479027162288479,0
0,0.7378768164368439,0
0,0.6168045302380843,0
0,0.8872303777667495,0
0,0.7792829415246286,0
0,0.7250062019224459,0
1,0.8125228132898937,1
1,0.786976503545711,1
0,0.6561760343231884,0
1,0.5512447654125499,1
0,0.6459610633682388,0
1,0.7658697877298518,1
0,0.8943278431917039,0
0,0.928819942483948,0
0,0.658690742338671,0
1,0.8840574085896122,1
0,0.6383772925107675,0
1,0.8892841085563526,1
0,0.9106711303439048,0
1,0.8625448415157525,1
0,0.8747982519054971,0
1,0.7683465629588518,1
1,0.7453333881537485,1
1,0.5652777340019364,0
0,0.6965961002373203,0
1,0.8348743427266437,1
1,0.8895418730255994,1
1,0.7236769455740878,1
0,0.7872426120127366,0
0,0.6584807185984842,0
0,0.7018820874737655,0
0,0.8471392377096598,0
0,0.5590072864420413,0
0,0.7035082495054834,0
1,0.8681532140489423,1
0,0.830394751408589,0
1,0.8519405180323959,1
1,0.7380202386682733,1
0,0.8826029777727534,0
0,0.8551484230149902,0
0,0.7661536765801742,0
0,0.7451269360731744,0
0,0.7429231866275176,0
0,0.6964270065378338,0
1,0.6695318248813805,1
0,0.8391451751278645,0
0,0.5338260880924479,1
1,0.70487645036262,1
0,0.9258644632360244,0
0,0.8263994014069391,0
0,0.6136676590501744,0
0,0.9373682397834001,0
1,0.7036048541711265,1
1,0.8656820657279427,1
0,0.5204907453776194,0
1,0.7085278994398329,1
0,0.89211412529514,0
0,0.5563472855626864,0
0,0.8353722077911302,0
1,0.5561714313706474,0
0,0.5267243566527195,1
0,0.8365297709186725,0
1,0.790029326470831,1
1,0.9151701931089039,1
0,0.541691210641359,1
0,0.6630784176602305,0
0,0.790833017462774,0
1,0.8831736862134398,1
0,0.7241029609769494,0
1,0.6719222645636719,1
0,0.9047178262480453,0
1,0.9683920290839219,1
1,0.6112292254908568,1
0,0.7750779050284223,0
1,0.6658729550092466,1
1,0.7173159328346306,1
0,0.6762711058254823,1
0,0.5571221660960762,0
1,0.8762277653754351,1
0,0.7296346295099543,0
1,0.8336315729712158,1
0,0.6863631860167495,0
0,0.9360541320509865,0
1,0.7644246316937731,1
1,0.7812724559700379,1
1,0.6810200914513606,1
0,0.6712738368108476,0
1,0.7900662515062336,1
1,0.6927202324352678,1
0,0.9055497122180327,0
0,0.8456805382696098,0
1,0.8905307972617197,1
1,0.7154211485942699,1
1,0.9240520852653826,1
1,0.8409875347406757,1
0,0.6306324334437517,1
0,0.6141961294140891,0
0,0.8172284976775996,0
1,0.5888875985426058,1
1,0.784336078826342,1
0,0.8905406002765858,0
0,0.6572050416188222,0
1,0.6187342214679027,1
0,0.8605582431808972,0
1,0.8328727620161266,1
1,0.6336239240128176,1
1,0.8288655330950316,1
0,0.9064544116803724,0
0,0.6917471740588316,0
1,0.5670826442762099,0
1,0.7065706596171262,1
1,0.6499680572884026,0
1,0.720617879830554,1
0,0.8772770056523612,0
0,0.8556262160211757,0
0,0.8486863499698669,0
0,0.8112227050483939,0
1,0.9047003380477228,1
0,0.7118191602754403,0
0,0.8374445068124017,0
1,0.8515011682948452,1
0,0.8119320347693146,0
0,0.9404050886401982,0
0,0.7050117423720311,0
1,0.877556959656113,1
1,0.677636982238681,1
1,0.729641748684197,1
1,0.8276311301914894,1
1,0.628731561649574,1
1,0.6741946573979437,1
1,0.7951204244079049,1
1,0.6329607486246376,0
0,0.951982961064721,0
1,0.7338062499882744,1
0,0.9107560847960955,0
0,0.9303175171468083,0
0,0.6864811052669075,0
0,0.9058010493471068,0
1,0.5762654686137453,1
0,0.6126782794556449,0
0,0.7266293455139536,0
1,0.6341428143384837,1
1,0.7151410414719175,1
0,0.9729502868622787,0
1,0.8326277647436031,1
0,0.8639048389934157,0
1,0.8632702601655526,1
1,0.7257481750558528,0
0,0.8338429870260339,0
0,0.6478014409718181,0
0,0.6278439910244125,1
1,0.5985665548084285,1
1,0.7284943449533132,1
1,0.7984035293367397,1
1,0.842845318743535,1
0,0.7990539035910867,0
0,0.7209043397851533,0
0,0.8175380287878453,0
1,0.5619678578733398,0
1,0.8828912965251762,1
0,0.9376046674029882,0
1,0.8956637941011969,1
0,0.5042306574392035,1
1,0.8397574207394052,1
0,0.6524732513302043,0
1,0.7782139049871004,1
1,0.8229321437302225,1
0,0.6457013360000872,1
1,0.6814709179878846,1
0,0.6611776326329007,0
0,0.5353757884451483,1
0,0.8868489031606213,0
0,0.9220849316416097,0
0,0.935051006924913,0
1,0.6970755496561987,1
0,0.8561810545171329,0
1,0.811508125758817,1
1,0.6736003618301154,1
0,0.7264834869319602,0
0,0.8052771856708018,0
0,0.6658043910293941,0
0,0.9343211741410152,0
0,0.8479640508779566,0
1,0.8580524379488095,1
0,0.745174351356118,0
1,0.8564805484664068,1
1,0.7965776539790573,1
0,0.8351512390708992,0
0,0.9371263302298476,0
0,0.5916116367705498,1
1,0.7170204232705143,1
1,0.8344981198255862,1
0,0.8011300264547998,0
1,0.5557949784879191,1
1,0.5351154309547842,1
1,0.8891033105366117,1
0,0.7405341766296913,0
1,0.5609791042175623,1
1,0.8406981259876014,1
0,0.5271068880816058,0
0,0.8280151025203528,1
0,0.740616078386228,0
0,0.5521084523275577,1
0,0.7557735655472445,0
0,0.5101674792181902,1
0,0.8254403214846753,0
0,0.5981955047962253,1
0,0.8713743587243069,0
0,0.8234749200254566,0
1,0.9589560994315721,1
1,0.8691801824418989,1
0,0.9194547863031225,0
1,0.8339718174562969,1
0,0.8339966909010565,0
1,0.7232700348121778,1
1,0.5822024874599773,0
1,0.8343367694985894,1
1,0.8726224120353034,1
1,0.6741183281780501,1
0,0.8439433799039561,0
1,0.5751509577964884,1
0,0.7821095144968715,0
0,0.7474629883355998,0
0,0.7364557689583114,0
0,0.6764857702266106,1
1,0.7449716278292924,1
1,0.8501198864864312,1
0,0.6116260675810888,0
1,0.6272271309617203,0
1,0.8074404268133948,1
1,0.5147231546535903,1
1,0.920508041395879,1
0,0.746794825282992,0
1,0.8402044561941838,1
0,0.876704744637756,0
0,0.7770144957072143,0
0,0.7576967641325058,0
0,0.5345272878377928,0
0,0.7071187555213919,0
1,0.8161253177724267,1
1,0.7861376197936225,1
1,0.9086416369056777,1
0,0.5562053273967347,0
1,0.7749032796255062,1
1,0.7245086593145224,1
0,0.8168094378674866,0
0,0.7758282558101179,0
1,0.6315403064203935,1
0,0.8598940743801662,0
0,0.8343069542340977,0
1,0.8284931600525816,1
0,0.8846002142406553,0
0,0.9676884798658121,0
1,0.8010624010373925,1
0,0.7356989206296038,0
0,0.799050119559504,0
0,0.8670963818238511,0
1,0.6164766238003109,0
1,0.6344780459572593,1
1,0.6511510171895847,1
0,0.7301604676006844,0
0,0.8499343714399291,0
0,0.5859696311762804,0
0,0.9286106695537525,0
1,0.7256613860393997,1
1,0.9046818950037332,1
0,0.6539499763768251,0
0,0.665940818556895,1
1,0.7233592226166965,1
1,0.6350493354424455,1
0,0.71280040410135,0
1,0.9305183345754389,1
1,0.5673192626219059,1
0,0.6016569914663855,0
0,0.8400876482017056,0
0,0.8952186448808369,0
1,0.8391004287514895,1
0,0.6728143113713253,0
0,0.6969440092208375,0
0,0.8054066817643816,0
0,0.5739162539510557,1
0,0.8541820879613157,0
0,0.636082047827732,0
1,0.7685322417706435,1
0,0.9744299342170771,0
0,0.5703563061289318,0
1,0.780925679596178,1
0,0.6805396675640005,0
1,0.9101480127593544,1
0,0.8936208261408922,0
1,0.5018460816266911,1
0,0.8587701467069877,0
0,0.6721247801689482,0
0,0.9806100189534284,0
0,0.9471041490768292,0
0,0.7761123020797774,0
0,0.5455077363914174,0
0,0.9577445892876615,0
0,0.933397241984085,0
1,0.7160478874809054,1
1,0.6058290993109662,1
0,0.735652989686878,0
0,0.9310818515669785,0
1,0.6137923110428709,1
1,0.7071506363035595,1
1,0.6475381700003099,1
1,0.5127615533752948,1
1,0.8793816970054389,1
1,0.7826717488132191,1
0,0.8849497279046994,0
1,0.766813399301181,1
0,0.7647697693488349,0
0,0.8444283642494925,0
0,0.8599019460774056,0
0,0.8735567442220284,0
1,0.902345084446451,1
0,0.7811001090346789,0
1,0.9037080548843611,1
0,0.536460043714514,1
1,0.6861829805377029,1
1,0.5615596758534672,1
0,0.6045256760052928,0
0,0.9171423582687968,0
0,0.5573082245321247,0
1,0.7519599080366437,1
1,0.7170983707607941,1
1,0.7271482187363386,1
0,0.8046534764415827,0
1,0.9276591170713157,1
0,0.5655452289226581,0
0,0.8426974091171006,0
0,0.7083193898371435,0
1,0.8979113011679968,1
0,0.742488049313692,0
1,0.8699280034848298,1
1,0.7399730327921302,1
0,0.6710231290442827,0
1,0.7099929070584742,1
1,0.8370797269694982,1
1,0.7751099483795929,1
0,0.5172372220997348,1
0,0.9087465855518481,0
0,0.8692702084275161,0
1,0.7111559135275142,1
1,0.890082311559729,1
1,0.6891674347423663,1
0,0.591664570214728,1
1,0.7793014297411703,1
1,0.5778593727489645,1
0,0.7959671284737033,0
0,0.8408846769125127,0
0,0.8867624125287732,0
1,0.886262702086427,1
0,0.841527412595946,0
0,0.8129714794518966,0
0,0.7448930176575973,0
0,0.6233064964060028,0
0,0.636660271964237,0
1,0.818376457964267,1
1,0.7318181944889506,1
1,0.8340156600254895,1
0,0.9306100941974306,0
0,0.9448767826088692,0
1,0.879365085089406,1
1,0.6366864013349905,0
1,0.6927916438287287,1
0,0.7647124846623538,0
1,0.6187199924939549,1
0,0.7265405072641301,0
0,0.8797428642125122,0
1,0.7663598941812803,1
0,0.8728341696447792,0
1,0.7840537515321331,1
1,0.8046283452410886,1
1,0.6279100808035395,0
1,0.8623595613692063,1
0,0.7268779891289672,0
1,0.8202461015607581,1
0,0.6245750024592729,0
1,0.7410803420647161,1
0,0.7215700176124109,0
0,0.7027506152613652,0
1,0.7168787141378429,1
0,0.6377265307597757,0
1,0.9074610734914734,1
1,0.7933253921440017,1
0,0.853915083780899,0
0,0.6869763333930545,0
0,0.8121406805329089,0
0,0.9506949378260257,0
0,0.9168134145407353,0
0,0.7145058259266915,0
0,0.6738783424780251,1
0,0.8574191233239373,0
0,0.8932446999291798,0
0,0.703064058468844,0
0,0.6496480816038342,0
0,0.8716844145404823,0
0,0.635277765349323,1
0,0.8689862707538704,0
0,0.9765181251670744,0
0,0.7269218450943762,0
1,0.7406668695033087,1
1,0.77122622879358,1
1,0.8018926383089435,1
0,0.6813947753948887,0
0,0.8748581641657207,0
1,0.7308220759054865,1
0,0.795447203125507,0
1,0.555632693771342,1
1,0.8884725838011005,1
1,0.7744601893104055,1
0,0.9080928003808822,0
0,0.5728413077422002,1
1,0.7358822646561985,1
0,0.9645930422815606,0
0,0.8201864807801238,0
0,0.5037046798656939,0
0,0.7108738497791122,0
1,0.6301132884444158,1
1,0.757076382534942,1
1,0.8294025397273573,1
0,0.6403086977486571,0
1,0.689651721791725,1
0,0.8737725108185388,0
0,0.8978937966639977,0
0,0.8518102666872698,0
0,0.8440650690735193,0
0,0.8799150884594493,0
0,0.5177831951049079,1
1,0.7174084292631958,1
1,0.8412570477636506,1
0,0.8174851106522183,0
0,0.5653669965717807,0
0,0.900728119728847,0
0,0.8002482967436692,0
0,0.6610120964589832,0
0,0.6582852734009168,1
0,0.9716061748059279,0
1,0.8350171059191246,1
0,0.6489675996601267,0
1,0.8093256285444859,1
0,0.6606481437300368,0
1,0.8515641710481704,1
0,0.7110926171071393,0
0,0.9167277077187589,0
1,0.5906760212109352,1
1,0.6404929768382674,1
1,0.8926261933304678,1
1,0.6018493255870769,0
0,0.9491975771814053,0
0,0.6061826875385333,0
0,0.9015447739319417,0
0,0.856197484138248,0
1,0.5647506772171839,0
1,0.7559009459849049,1
1,0.738963808189871,1
0,0.789824490745788,0
1,0.695207947644278,1
1,0.6764024982358005,1
1,0.510440471323965,0
1,0.5241337223621404,1
0,0.9718661577845219,0
0,0.6887206795791941,0
1,0.8507879369721373,1
0,0.8162898045749876,0
1,0.8846881298382722,1
0,0.6526833904644875,0
0,0.5216829402258464,0
0,0.5600339491277512,1
1,0.6354731527312967,1
0,0.7837661711634691,0
1,0.8311091722237346,1
0,0.8383928716079166,0
0,0.7449547390710752,0
1,0.9069732727572032,1
0,0.7614908160518141,0
1,0.8592825085229424,1
0,0.7363820901920436,0
0,0.7385711874713684,0
1,0.7875102166335037,1
1,0.6412229317119365,1
1,0.5428762520062241,1
0,0.6517380235964597,0
0,0.6614578562290607,0
1,0.7331225652763707,1
0,0.9228228565352963,0
0,0.7456969988349084,0
1,0.545433462748905,1
0,0.7596289544974845,0
0,0.7481603230732694,0
0,0.7849055705718387,0
0,0.6700161493850237,0
0,0.7111832486073053,0
0,0.6477539057255449,0
1,0.762532213262346,1
1,0.8522946505344015,1
1,0.8131951188638782,1
1,0.8974125530827762,1
1,0.6765769626827333,1
0,0.5865794197704651,1
0,0.5067886600579226,1
1,0.9031107260827216,1
1,0.5276695477550312,0
0,0.9046296619251284,0
0,0.705942667332849,0
1,0.8808034367706862,1
1,0.5768491997018632,1
1,0.608514112359733,0
1,0.881729795359074,1
0,0.6975325212041422,0
0,0.8808506795593964,0
0,0.7618987626449732,0
0,0.6255326479434886,0
0,0.8006697358502438,0
0,0.7567077352831311,0
0,0.8532335640492678,0
1,0.7005031316857973,1
1,0.792854772318222,1
1,0.9315945584133002,1
0,0.6610579559423575,0
1,0.8821201933375209,1
1,0.5229342714596366,1
1,0.5727940972034185,1
1,0.5620417374973198,1
0,0.7841833343026556,0
1,0.5086198588189068,1
0,0.5494611731670055,0
0,0.8517693938967409,0
0,0.7009835868086213,0
0,0.922337937312341,0
1,0.6619907816439353,1
0,0.9266534030003553,0
0,0.8296061484634305,0
1,0.5852354885355859,1
0,0.78872682259292,0
0,0.8554595963195576,0
0,0.9003692526540777,0
1,0.6985488122812846,0
0,0.694603396134321,0
0,0.8731554767498068,0
1,0.9503203328270508,1
0,0.8641037951942219,0
1,0.6308138119228577,0
0,0.8012134110399752,0
1,0.9297534079163096,1
0,0.8407900496817505,0
0,0.6193295024532236,0
0,0.5778720165357827,1
0,0.9035854281280274,0
1,0.7426442358113251,1
0,0.8822843357156096,0
1,0.9513962188488323,1
0,0.7904407369123041,0
0,0.807871662446173,0
0,0.642281305269989,0
1,0.6433134481502906,1
1,0.8371845737132139,1
1,0.6125305582759837,0
0,0.9230000864799636,0
0,0.9206097145506302,0
0,0.763551824533305,0
1,0.867461717954471,1
1,0.8059187299179188,0
0,0.7630552791045864,1
0,0.8066595685059035,0
0,0.5821578422143671,0
1,0.893191312950067,1
0,0.5564297061439856,0
0,0.9215353195847111,0
0,0.9057842490230649,0
1,0.639581231462411,1
1,0.5181128683654422,1
1,0.5891878753039919,0
0,0.7893503922068482,0
0,0.8635542589801735,0
0,0.7276900515347646,0
1,0.6532857480470329,1
1,0.7634561569918693,1
1,0.7844446477525951,1
1,0.5284403056002159,0
1,0.8514649111743704,1
1,0.5083563501756501,1
1,0.5712757314466208,1
0,0.7561869007278741,0
1,0.7187769863480141,1
0,0.8791329645701628,0
1,0.9220138412125075,1
0,0.7555444215869607,0
0,0.7932427339858,0
0,0.5407953339405942,0
0,0.8435347500986923,0
1,0.8652576725147896,1
1,0.8194865135385683,1
0,0.9166531895757074,0
1,0.7512052610797646,1
1,0.5767099687797527,0
0,0.5257067598839901,0
1,0.8589420122206995,1
1,0.551753867226415,1
1,0.7611553042586421,1
0,0.7348396892573802,0
1,0.8919935961331829,1
0,0.5530158883984759,0
0,0.925745080917561,0
1,0.8825064564023669,1
0,0.9104634248921264,0
1,0.6520761740139428,1
0,0.5785187317760441,0
0,0.678749813900569,1
1,0.65233608851478,1
0,0.8181535812603287,0
0,0.8351695953882332,0
1,0.8645898509246219,1
0,0.8799561665028716,0
0,0.9351953815175381,0
1,0.7476388191744971,1
0,0.6831306080612964,0
0,0.7569282344667599,0
0,0.6829604468846135,0
0,0.7228027162246251,0
0,0.7478301361288954,0
0,0.7840498681436823,0
1,0.5276470874243592,1
0,0.7240210299443529,0
1,0.5870271158851845,1
0,0.6926855158637937,0
1,0.657105455263113,1
1,0.683882858638787,1
0,0.9148859786423853,0
0,0.8503004506147563,0
0,0.6550129608310467,0
1,0.7939002939887642,1
0,0.6242013131726901,0
1,0.9011845155787227,1
0,0.7711157966012967,0
1,0.6631033892446329,1
0,0.8367788507668721,0
1,0.894261812489099,1
0,0.7677805942124257,0
0,0.908280561849914,0
0,0.8331047070084332,0
0,0.5641473747882675,1
0,0.8275730153210962,0
0,0.7196222431070132,0
1,0.7154592110261493,1
1,0.7833677651116211,1
0,0.5890352336114487,0
0,0.5916435105819813,0
0,0.952839904050642,0
1,0.8241837307053433,1
0,0.8020265319447254,0
1,0.8453525732258201,1
1,0.9588059324550546,1
0,0.778655157243614,0
1,0.8206451163909485,1
0,0.9138794088335824,0
1,0.7097376881498335,1
1,0.5594008227517492,1
1,0.7545048247050945,1
0,0.5966245539575293,1
0,0.8021026655278746,0
0,0.8546556712248192,0
0,0.7272767274738803,0
0,0.8381815229642327,0
0,0.6952911380558885,0
1,0.9191639375818902,1
1,0.6496009598609256,1
1,0.9015762891598187,1
0,0.8738869739583538,0
0,0.8796089358162436,0
0,0.8417730191847858,0
0,0.6818070065589859,1
0,0.8137270465278769,0
1,0.7055423746239563,1
0,0.5437902633250459,1
1,0.8382387055250459,1
0,0.5118961219496855,1
1,0.7647324208000849,1
1,0.6933922498769587,1
1,0.6124589485629062,1
0,0.7249868059509798,0
1,0.8279234330534488,1
0,0.5339302508821433,1
1,0.8069389162230381,1
1,0.761035730048672,1
0,0.8698486094510248,0
0,0.8033159487981246,0
0,0.804972865474096,0
0,0.8988719514246652,1
1,0.6623292213749725,1
1,0.635524303749385,1
0,0.7802774610109794,0
1,0.7562021550868122,1
0,0.8184683975057729,0
0,0.7916999541894093,0
0,0.9354603362447927,0
0,0.6276453272213411,0
1,0.7912451594829102,1
0,0.6700365964024168,0
1,0.6894916771081393,1
0,0.8528006271087705,0
0,0.851257994739731,0
0,0.7389802753465339,0
1,0.7490400552272726,1
1,0.503398552613522,1
0,0.8618630128752474,0
1,0.62392639358882,1
0,0.8059071198553853,0
0,0.8270466840542516,0
0,0.8517624045164021,0
1,0.7761686344174578,1
0,0.5310250389052553,1
0,0.506371784335106,1
1,0.7312884990571288,1
0,0.769456723609022,0
0,0.552467256118616,1
1,0.6191565833813089,1
0,0.8453205111020609,0
0,0.5958674889907064,1
1,0.6964779692711031,1
1,0.5629079755428247,1
1,0.7736036778084507,1
0,0.509090167421107,1
1,0.577014169240388,0
1,0.5468572925622704,1
1,0.7949694966963274,1
0,0.9258293519802109,0
0,0.8144199166633278,0
1,0.6249509616835333,1
0,0.5151099993606506,1
0,0.7010243693339291,0
0,0.7332486253535331,0
1,0.7911814759153323,1
0,0.7894584508372345,0
1,0.7934041006628465,1
0,0.704135764909317,0
0,0.9385012673677382,0
0,0.6618411777350028,0
0,0.9021297053064707,0
0,0.9156397993831453,0
0,0.8231569447119805,0
1,0.5743948268444814,1
0,0.8323745759858091,0
0,0.7989113911061797,0
0,0.7407900004059425,0
0,0.5456150995969161,0
0,0.9143502299548855,0
0,0.8129432257622871,0
0,0.7253450826362389,0
1,0.5440568529069703,1
1,0.6215285646724715,0
0,0.749754271233031,0
0,0.8427671414488191,0
0,0.8626414809447183,0
1,0.7798404117019618,1
1,0.7583893136545473,1
1,0.9261972469929763,1
0,0.6359908792401426,0
1,0.7373430198695308,1
0,0.6379974284667165,0
1,0.8477858655066645,1
0,0.7068493486509585,0
0,0.9373682397834001,0
0,0.890050153099217,0
1,0.8288016197302761,1
0,0.8399749281341286,0
1,0.6057413676683818,1
1,0.6585490434779707,1
1,0.6821841618985397,1
1,0.8997001812235056,1
0,0.8825066334685826,0
1,0.7922743915675503,1
0,0.8260029971592057,0
1,0.6411154443893948,1
1,0.84424890487104,1
1,0.7582370784881705,1
0,0.7861890339538089,0
0,0.7397958451219341,0
0,0.7363056983745093,0
1,0.8479126757976367,1
0,0.8522489707094474,0
0,0.5726513136661001,1
0,0.7997789208324817,0
1,0.6401082259926075,1
1,0.6422121055597649,1
1,0.7445060714592112,1
1,0.5093797599881958,0
0,0.835588010345162,0
1,0.6090423328740973,1
0,0.6935452270933968,0
0,0.7611366176172555,0
0,0.9126659819375547,0
0,0.9745644892036768,0
0,0.9302348586825692,0
0,0.9217959929797326,0
1,0.7452420726912491,1
0,0.6766473999630506,0
0,0.7959246121929534,0
0,0.6775038935989314,0
0,0.9305912467795513,0
0,0.8978593717590003,0
1,0.6878104449192944,1
0,0.9579089360552737,0
0,0.6431656217130829,0
0,0.9138749511151668,0
1,0.7893690330739483,1
0,0.6736444135106756,0
1,0.8097520488271412,1
0,0.8200873134918163,0
1,0.6687463058336924,1
1,0.665394232723206,0
0,0.6652702868607377,0
0,0.9509007028762574,0
0,0.5407676673656836,1
0,0.6378111948994363,0
0,0.8551306712676262,0
0,0.9499343522894025,0
1,0.8684111271592224,1
1,0.6790381143330976,1
1,0.6019564880796037,1
0,0.8527169142947217,0
0,0.5481697366260404,0
1,0.7395021018539011,1
1,0.9194936340539422,1
1,0.5340134486042075,1
0,0.8034835553229497,0
0,0.5768375411299297,1
0,0.8294383765422305,0
1,0.7905782968852685,1
1,0.8163764429370651,1
0,0.8384247064766689,0
1,0.6198757653679243,1
1,0.7540380672710354,1
0,0.928430529484512,0
1,0.883077163378153,1
0,0.8218874135535814,0
0,0.5070199168607222,1
0,0.9071949151773053,0
1,0.6692593459325241,1
0,0.8891866863383364,0
0,0.6181614134958697,0
1,0.704381643229329,1
0,0.8577784014755427,0
1,0.8270941462887301,1
1,0.7949833718003785,1
1,0.8706887059856248,1
0,0.8098177675616692,0
1,0.7962345006196693,1
0,0.5664265258874255,1
1,0.8231721554335782,1
0,0.7158918413389607,0
0,0.7422149910776908,0
1,0.5891122629983232,1
0,0.8424058322544269,0
0,0.9388750657532241,0
1,0.6573760472751268,1
0,0.714342531877636,0
1,0.6209095900911098,0
0,0.5242527772617803,0
0,0.8619083696527171,0
1,0.8978153200128332,1
1,0.6917046260874486,1
1,0.5916871249471469,1
0,0.8674410324146411,0
0,0.8867806611119402,0
0,0.8887624943532818,0
1,0.6236277680662081,0
0,0.8499624114624684,0
0,0.8355413360185622,0
0,0.7542588121810219,0
1,0.8721490378041019,1
0,0.96944103448358,0
1,0.9510420166839111,1
1,0.750733370972559,1
1,0.7134678373662482,1
1,0.7973991159091965,1
1,0.7035193996056768,1
0,0.5904370219686426,0
1,0.8006413926582073,1
0,0.5301892694345374,1
1,0.8107839450798773,1
0,0.903582139896763,0
1,0.610844690413668,1
1,0.78733607455746,1
0,0.8005625912237138,0
0,0.816803683761913,0
1,0.7985653550521594,1
0,0.9412996537868019,0
1,0.741752611311108,1
1,0.7130773581552712,1
0,0.5050065938354212,1
1,0.7524218210163115,1
1,0.584326410028474,1
0,0.6735837194183366,0
0,0.7398846745173222,0
1,0.8304018093825655,1
0,0.8420109541156436,0
0,0.5720673989714392,1
0,0.8729852131690413,0
1,0.8164009784225559,1
0,0.7431997595875878,0
1,0.7698622828679349,1
1,0.7894475117993175,1
0,0.8008427371021032,0
1,0.8358352277067838,1
0,0.6089745244802229,0
1,0.564160506956679,1
0,0.769434973360432,0
0,0.8373324923954828,0
0,0.9557392832850401,0
1,0.7199155937924038,1
1,0.7331779394176384,1
0,0.8353796201896615,0
0,0.7598303685170981,0
0,0.7371231573382945,0
0,0.9250508730852774,0
1,0.7882608350457233,1
1,0.623578872254939,1
0,0.8260451638022439,0
0,0.6163737278919001,1
0,0.7987182514609268,0
1,0.7773179303296743,1
1,0.536917271623074,1
1,0.8730884762978455,1
1,0.7614814028835742,1
0,0.6938292497191185,0
0,0.8410930724844267,0
1,0.8839757867186208,1
0,0.8369283168639263,0
1,0.9031502543018003,1
1,0.6925560922086548,1
1,0.9449520249946447,1
1,0.859946210806212,1
0,0.7808993788531855,0
1,0.5351462912711524,1
0,0.5855373430043436,1
1,0.6472915570370784,1
0,0.8725457119889897,0
1,0.8608657335011414,1
0,0.8042905338393374,0
1,0.8553312760360985,1
0,0.8675192539216343,0
0,0.7615522680482366,0
1,0.6178592828594787,1
0,0.826363621184137,0
1,0.6118950033018251,1
0,0.7424267838363197,0
0,0.7810629646547647,0
0,0.9090864943525476,0
0,0.8057882117769617,0
1,0.6475212149591784,1
1,0.5074721051428427,1
1,0.7177503601087281,1
1,0.6720212711822672,1
0,0.7101790903398687,0
0,0.7051232909296288,0
1,0.8106331184406979,1
1,0.7948458176437257,1
1,0.8683484253341397,1
0,0.5691792275509419,1
0,0.9283590875177377,0
0,0.7237589169455629,0
0,0.637477936836572,0
1,0.8894661167725625,1
1,0.5333187751464692,1
0,0.8910059964146476,0
1,0.555632693771342,1
0,0.5975800287920181,1
1,0.9362165055750848,1
0,0.7577511035646736,0
1,0.5772093270354784,0
0,0.7975906090102837,0
1,0.8830180389140364,1
0,0.9479759824325968,0
1,0.6532193276751518,0
0,0.935059190622976,0
1,0.8198649407627744,1
1,0.844205868580622,1
1,0.8160512430471538,1
0,0.8320020662345416,0
1,0.8265741896778113,1
1,0.6204953719936621,1
1,0.7338406585133219,1
0,0.8492144801743968,0
0,0.5614911803360219,1
0,0.5874500198279985,0
1,0.8188198497180096,1
0,0.8908605628926229,0
1,0.9284483470684397,1
1,0.5719472850820827,0
0,0.8427281199628998,0
1,0.810275484158866,1
0,0.577217466003405,1
0,0.9241973395973361,0
1,0.8638937528598092,1
1,0.7242115778772412,1
0,0.5719072428474531,0
0,0.8809461885124987,0
1,0.903597161561637,1
1,0.8729787295751433,1
1,0.6503691196008152,1
1,0.7402842270678159,1
0,0.8367118059357955,0
1,0.762093536558986,1
0,0.8121441028656116,0
1,0.8368122732924125,1
0,0.7832782961790161,0
0,0.8554774740537715,0
1,0.7578739193231413,1
1,0.5461349373081248,1
0,0.9130409750407221,0
1,0.7160787349108696,1
0,0.5775448816076127,0
0,0.753485249409903,0
0,0.5425817248643247,0
1,0.8231689400726662,1
0,0.7640129270341718,0
0,0.6597625594249105,1
0,0.5279094287233422,0
0,0.7814246077000486,0
0,0.7505552435258989,1
0,0.9474944982111435,0
1,0.8344970475740601,1
1,0.7134346321948012,1
0,0.8716169504325889,0
1,0.516488282848142,1
0,0.8690146753825528,0
1,0.9361617185831281,1
0,0.9084845302271262,0
0,0.5306188201097197,1
1,0.8575656169778432,1
0,0.7101060872912776,0
0,0.7386407132087199,0
0,0.9057166242894117,0
1,0.8058801203339403,1
0,0.8707556444243975,0
0,0.9344999094854204,0
0,0.594201426189563,0
1,0.768062137996653,1
1,0.6640911820356229,1
0,0.8725712368675059,0
0,0.7370843249641332,0
0,0.9253873032235966,0
1,0.8974392068892816,1
0,0.5608487708517523,1
0,0.9537276676126931,0
0,0.7925083824517866,0
0,0.9319083541970316,0
0,0.6951254202608748,0
0,0.865452113670691,0
0,0.9437359359966586,0
1,0.6386432426449667,1
0,0.6022614508541052,0
1,0.715989470778984,1
1,0.5432627352387768,1
0,0.837186663469529,0
0,0.5937242573404998,0
0,0.8586922831623828,0
1,0.8453102420368243,1
1,0.7951057525084038,1
0,0.7905386587476992,0
1,0.7591660276090727,1
0,0.5321875751482539,0
0,0.6694331246509655,1
0,0.7740581662414043,0
1,0.6549123887051989,1
1,0.816844350539096,1
0,0.5563018053553348,0
1,0.780819003506758,1
1,0.8236854623725303,1
1,0.7974692370076398,1
1,0.8193850127464997,1
0,0.9288701901128164,0
1,0.6345312352674793,1
0,0.6148217022328625,0
1,0.7255737791644269,1
1,0.8197894786262706,1
0,0.7412860778097425,0
1,0.6254169310380743,1
1,0.5136445680572447,1
0,0.8202723574003407,0
0,0.7454520629712105,0
1,0.8641265362273828,1
0,0.8281539562166124,0
0,0.8408848315445115,0
0,0.8326752016207207,0
0,0.817253106697101,0
0,0.7228218043039367,0
1,0.8078264786816398,1
1,0.7407747024508807,1
0,0.8248947656828727,0
1,0.7634407519107856,1
0,0.5803169239437277,0
0,0.6717294097804206,0
1,0.6740599543708987,1
1,0.8757131596181652,1
0,0.5925931833839894,0
0,0.9761123639690532,0
1,0.7324235131524393,1
1,0.8220013311737766,1
1,0.8845758618938865,1
0,0.8459253048587583,0
1,0.9297967302091401,1
1,0.7977479329625365,1
1,0.7472133645097857,1
1,0.7049711449132385,1
1,0.6305240951660788,0
0,0.6265745869900824,0
1,0.5806419148034715,1
0,0.6445969648288125,0
1,0.9421774029640132,1
0,0.6192783057350552,0
1,0.9131300652395566,1
1,0.7931562712561667,1
1,0.5094781945539276,1
1,0.7789164898709215,1
0,0.9122462767460751,0
0,0.918683498380879,0
1,0.7317430754495478,1
1,0.5952729543579324,0
1,0.7980465811046447,1
1,0.8536259505564303,1
0,0.6146601177133034,0
1,0.7912094016873403,1
0,0.9559120399719114,0
0,0.6341878774919438,0
0,0.8041614109698121,0
1,0.7916165420541119,1
1,0.7879045300782371,1
1,0.6885041170377343,1
1,0.7029445399071393,1
0,0.9631502397492033,0
0,0.5770918053221314,1
0,0.5388102811917428,1
0,0.8336854030915896,0
0,0.7118654570444053,0
1,0.5036874724749957,0
0,0.9031792407716359,0
0,0.7909318566860348,0
1,0.7876580266880796,1
0,0.7401797974133353,0
1,0.5058447566711294,0
1,0.9367112331650299,1
0,0.5443349775880097,0
1,0.8575954384893905,1
1,0.5116110128219985,0
1,0.8682110539835558,1
1,0.8993812411889474,1
0,0.7260968826681544,1
1,0.9140009472923726,1
0,0.8284243866997792,0
0,0.8445708509566842,0
0,0.5819805521378909,0
1,0.7791412137472639,1
0,0.8974316191301943,0
0,0.5704738326541233,0
0,0.6662280539174055,1
0,0.9088218060064034,0
1,0.8430056975345501,1
1,0.9506967058455524,1
1,0.7113041098587171,0
0,0.781680590387664,0
1,0.5771261979556652,1
1,0.8303243129450725,1
0,0.7354080080529699,0
1,0.6397875741566814,0
1,0.7159632531241135,1
0,0.5272627308360407,0
1,0.9032815879367413,1
0,0.6245689030685199,0
1,0.668580493946555,1
0,0.665627039393632,0
1,0.7271963734905207,1
1,0.8486635694309572,1
1,0.5345276094444802,1
0,0.8238365627387084,0
0,0.8592861097480471,0
0,0.8061437792773443,0
1,0.8091138263761015,1
0,0.8314025465317718,0
1,0.8978494017913023,1
1,0.7625128098780805,1
1,0.9211503374805311,1
0,0.860618375443638,0
0,0.8150164531852359,0
1,0.8062330906226443,1
0,0.6679027033232428,0
1,0.7024745203654813,1
1,0.842995810910645,1
1,0.5416080409973899,0
0,0.8099051969435053,0
1,0.5074721051428427,1
0,0.861321676432056,0
0,0.8007018293693263,0
1,0.6854936795262029,1
1,0.6101923461401034,1
1,0.7472378398614065,1
0,0.7174088554584517,0
1,0.8347731054241886,1
0,0.8580959401011818,0
0,0.736193717412637,0
0,0.7526629745964274,0
1,0.696806652479645,1
1,0.8181812944475224,1
0,0.6880702183323844,0
1,0.8957159191296721,1
0,0.9001335237626039,0
0,0.683194727715502,0
1,0.8657313587864706,1
1,0.8667690381389015,1
0,0.8686772744755433,0
1,0.8055849126129921,1
0,0.924533912754074,0
0,0.9290709743320892,0
0,0.8810609631064111,0
1,0.6215028428966415,1
0,0.9518109182138024,0
1,0.6155258089156695,0
0,0.6494470259017479,0
1,0.930034728532543,1
1,0.8455629759548178,1
0,0.8103137649106219,0
1,0.6938759360776141,1
1,0.8825658740275006,1
1,0.821033239586091,1
0,0.52248547089459,1
1,0.5427337840206217,1
1,0.7668774815647011,1
0,0.8672183396780749,0
1,0.8619544788558527,1
0,0.5576819047073851,0
0,0.7754939179696634,0
0,0.8797511444884611,0
1,0.8920277431576531,1
0,0.6259507542146222,0
0,0.6721477021269693,0
1,0.5759474787895311,1
0,0.8005754257803107,0
1,0.817500731034835,1
1,0.6333347057282743,1
0,0.9498547899194153,0
0,0.6377618825072208,0
1,0.8089891751003792,1
1,0.6792726550602561,1
0,0.572053444718349,0
0,0.5290931946864867,0
0,0.915491884967895,0
1,0.7643289704989795,1
1,0.5770627962360472,1
0,0.8785466848362401,0
0,0.6313450070259239,0
1,0.67580805829667,1
0,0.9006973666951716,0
0,0.7082338756487923,0
1,0.7707287089208805,1
1,0.5991716724074176,0
0,0.7028947585645013,0
1,0.6746533404764399,1
0,0.790087477162912,0
1,0.8426108893765206,1
0,0.782225638206245,0
0,0.765135421591731,0
1,0.8531387826292782,1
0,0.7786260084039172,0
1,0.9276434684542095,1
1,0.7840611563248234,1
1,0.8319092754539762,1
1,0.7548754472759918,1
0,0.8697463532700339,0
0,0.5991649254469312,0
0,0.7304129394151658,0
1,0.5316933810962106,0
1,0.705288848588363,1
1,0.6560378833579292,1
0,0.5550544380135239,0
1,0.8404891793443048,1
0,0.8944650048680935,0
0,0.8245968992556912,0
1,0.7999624054024758,1
0,0.7607342469635947,0
1,0.833370674985066,1
0,0.8728140359075084,0
0,0.5980814168096175,1
0,0.6047979601844861,0
1,0.8730220073109524,1
0,0.8585741634838483,0
0,0.8463866587164027,0
0,0.8152308304360022,0
1,0.6093777785994728,1
0,0.6646248991889208,0
0,0.7744163713707212,0
1,0.7895266335648795,1
1,0.7307321075929739,1
0,0.8595547237520591,0
1,0.8523133880235689,1
1,0.7433461966704028,1
1,0.7822115227969471,1
1,0.7740445789164921,1
0,0.775334493845031,0
1,0.8841207134320628,1
1,0.8045790497091364,1
1,0.9127227966513204,1
0,0.9201413922121473,0
1,0.6248287962946316,1
0,0.6226515842429216,0
0,0.8606908045734021,0
1,0.804651235867674,1
0,0.8124217623278984,0
0,0.8637788072173261,0
1,0.9059672182119803,1
0,0.8904924685116842,0
0,0.5931670415054839,0
1,0.9479833787992227,1
1,0.6613384016794251,1
0,0.8053565396479473,0
1,0.6987718186318478,1
0,0.907971780488179,0
1,0.7599134489745141,1
1,0.8648834791068665,1
0,0.7477564351393629,0
0,0.8391863459062577,0
0,0.5908644750517079,0
1,0.8189973469172142,1
1,0.7385795964653035,1
0,0.6385988521582779,0
0,0.666156807428383,0
0,0.5159976790512412,1
0,0.6530427767944719,0
0,0.6546138028772189,0
0,0.8441006618917716,1
0,0.8314964922423663,0
0,0.5056858871045186,0
1,0.6561142302214621,1
1,0.8947568523005244,1
0,0.7461272813980935,1
0,0.7077528163795596,0
0,0.975718594940043,0
0,0.8765270336883039,0
1,0.8443091933222321,1
0,0.9239631526916692,0
0,0.5253300080432091,0
1,0.7514044005178656,1
1,0.5314915884683993,1
1,0.7925725970132821,1
0,0.8860007866443211,0
1,0.6568722123788966,1
1,0.7602837544346742,1
1,0.799761703149672,1
1,0.7910788949824202,1
0,0.948857507583628,0
0,0.9204557451076117,0
0,0.6978843778117717,0
0,0.7466578456861463,0
0,0.6199610814542761,1
1,0.8116730353929391,1
1,0.6852771101340909,1
0,0.9589445117948319,0
0,0.943028588671078,0
1,0.8763689241700501,1
1,0.6475435516216725,1
1,0.7058751310067067,1
0,0.9220695227503654,0
1,0.5724749349831388,1
0,0.6824342830735401,0
0,0.7460284785771386,0
1,0.8025894388434615,1
1,0.8133976769349617,1
0,0.8007299304832762,0
1,0.8625364657198427,1
0,0.9482405658619534,0
0,0.8311047814621993,0
1,0.7963885469488645,1
0,0.8613333822875,0
0,0.8161340733724195,0
1,0.9232119747684788,1
1,0.8501722236564992,1
0,0.798496185792534,0
0,0.8094765544178995,0
0,0.6873083842854135,0
1,0.650417998047051,1
0,0.7218966537326786,0
0,0.5730009191294455,1
0,0.8325509290855454,0
0,0.6699317465908604,0
0,0.6324709178871712,1
1,0.8589553456185713,1
0,0.7382806322740059,0
1,0.7719712027146479,1
1,0.7358968783881829,1
1,0.650640970444381,1
1,0.766832383447285,1
0,0.7903844695808523,0
1,0.730008953357182,1
0,0.5915708646448402,0
0,0.8346911332859633,0
0,0.7674839027439685,0
0,0.9331878166131973,0
0,0.7073600434310816,0
0,0.6525134798832812,1
0,0.748504635673032,0
0,0.6170167913547917,1
0,0.7518292975862428,0
0,0.9069777917751292,0
0,0.9088632261091195,0
0,0.7931682607130468,0
0,0.8860473336289507,0
1,0.5264656703447216,1
1,0.705122985281348,1
0,0.8166523718466777,0
0,0.6781638003300763,0
0,0.9382088090325008,0
1,0.5352220752837276,1
0,0.6804738065576461,0
1,0.5418988319504011,0
1,0.6503124530921581,1
0,0.8327881885062088,0
1,0.5589849376441716,1
1,0.5770369664589239,0
1,0.5124609302607781,1
1,0.8565095391430513,1
1,0.702643675948236,1
0,0.7445926243656993,0
0,0.6490209108988477,0
1,0.8409604752532414,1
0,0.6263886754093438,1
0,0.9176333469922981,0
1,0.6654638862380503,1
0,0.6306490898249331,0
0,0.8582803684360444,0
0,0.8914248146097974,0
1,0.8996002460806507,1
0,0.5498369898851534,0
0,0.8905420957513089,0
1,0.8417137472022611,1
0,0.7648474490885152,0
1,0.5893536602974697,1
0,0.7715166871420778,1
1,0.6233019145707163,1
1,0.7831331248422565,1
0,0.8635655936540448,0
1,0.7879774054105088,1
1,0.6140408191388572,1
0,0.8875214969029749,0
0,0.5381678812359716,1
0,0.7822462865747751,0
0,0.8267046835257648,0
1,0.8030723575297635,1
0,0.9200400622354661,0
0,0.8760061321652174,0
0,0.9122607134759588,0
1,0.861344512368365,1
0,0.7690541807181067,0
1,0.7976082149594419,1
1,0.8788582309543116,1
0,0.7247760051038132,0
1,0.6725312143194168,1
0,0.9240343364078301,0
0,0.9867340662680388,0
1,0.5571610305750181,1
0,0.658890482554835,0
0,0.8718171244792217,0
0,0.5776146633148671,1
1,0.5505379837942993,1
0,0.7873246111844514,0
0,0.880128350283135,0
0,0.7212321987099302,0
1,0.6791260114837454,1
1,0.810265608982114,1
1,0.7804174992207332,1
0,0.6818623246162594,0
0,0.5485404426805657,0
1,0.7785432022018489,1
0,0.8035038936787924,0
1,0.9144077613280476,1
1,0.8833676631954697,1
1,0.6742411850473996,1
0,0.7061010831741712,0
0,0.5537263148318962,0
0,0.7547600438434775,0
0,0.8228434569748397,0
1,0.5869563941379274,1
1,0.818855372004856,1
1,0.6883890751027597,1
1,0.7563448628309968,1
0,0.7980069269086801,0
0,0.5757457870555166,0
1,0.7942524019893331,1
1,0.6351277141448618,1
1,0.8611498142719076,1
0,0.5355999840266281,0
0,0.5228235445893963,1
1,0.5401116695747438,1
1,0.59334906561578,1
0,0.7952475922531913,0
0,0.8614468043295191,0
1,0.8029856715786077,1
0,0.7391626649689103,0
1,0.8122245248479385,1
1,0.8030597459080892,1
1,0.8618252470721811,1
1,0.8373378859812958,1
0,0.8614871794704085,0
0,0.601954386824862,1
1,0.7888927959864862,1
0,0.8971904894737512,0
0,0.8474160491238394,0
0,0.8048249101173987,0
0,0.8913721551950188,0
0,0.5637667790631063,0
0,0.9176766497155902,0
0,0.8484492368347125,0
1,0.9031441465184341,1
0,0.8014703550044692,0
0,0.7024785149734066,0
0,0.8524103502366097,0
0,0.8888390587070867,0
0,0.7901341154176534,0
0,0.6169752247441508,1
0,0.9462142145796042,0
0,0.8029546075278291,0
0,0.5655901183473117,0
1,0.6860467445534816,1
0,0.895068037721049,0
0,0.7892418183218199,0
0,0.8337804106154325,0
1,0.9023523064861992,1
1,0.904599410483022,1
0,0.8975651491108808,0
1,0.959423345847096,1
1,0.7674581962740077,1
0,0.7441149695834147,0
1,0.8743421986632879,1
0,0.8730373145264262,0
1,0.704845803487222,1
1,0.8905271864131635,1
1,0.6047622210665355,1
0,0.6123122254587592,1
0,0.8529510963766495,0
0,0.9332919915364313,0
0,0.9772111709461023,0
0,0.861984560526147,0
0,0.635550235258795,0
0,0.72236441919862,0
1,0.7597764614032216,1
0,0.8936676947721207,0
0,0.8546012263081086,0
1,0.8009226519693313,1
0,0.6498913985029147,0
1,0.7024737630754209,1
0,0.8686966632170516,0
0,0.872605717947222,0
0,0.7865684854801229,0
1,0.6593145460732032,1
1,0.8733935845775469,1
1,0.796027999905339,1
0,0.8659146174957342,0
0,0.9501362236774086,0
0,0.960159286510791,0
0,0.855585558086861,0
0,0.6606686339394697,0
1,0.8917630142716944,1
0,0.8550223107361574,0
1,0.718038098661516,1
0,0.9588175211008101,0
0,0.84691898796303,0
0,0.9353817009467309,0
0,0.7950581809463286,0
0,0.86866798528812,0
0,0.6896221826245394,0
0,0.765264086259019,0
1,0.669840187746492,1
0,0.6856125188141913,0
1,0.6414586203937928,1
1,0.5922022067708584,1
1,0.7603127613963337,1
0,0.769756554604617,0
1,0.6083771586743444,1
1,0.5290713549776523,1
0,0.7300758641695365,0
1,0.5090705205931223,0
1,0.786746623823934,1
1,0.9231747757587161,1
0,0.6539538167534881,0
1,0.6787008521776616,0
0,0.9174077320853156,0
1,0.6210491415211111,1
0,0.8180735282440473,0
0,0.8290411439307057,0
0,0.8568044382683121,0
0,0.7913606700577753,0
1,0.5252054402226588,1
1,0.6043863492049423,1
0,0.5193810867841929,1
0,0.9026976339074263,0
1,0.9451217853526075,1
0,0.8614404064460751,0
0,0.7105675956441244,0
1,0.824986955867062,1
1,0.6367846239493624,0
0,0.7022753521609559,0
0,0.8768459681968154,0
1,0.6700268513617281,1
1,0.8842708543906592,1
0,0.8619399294708773,0
1,0.8125672711160293,1
0,0.5180665418764987,0
0,0.7055861611059067,0
0,0.697975574260199,1
0,0.8699143055597518,0
1,0.8116381671778345,1
1,0.5828966866171552,0
1,0.8836434144750109,1
0,0.8297869528487813,0
1,0.7415019369777031,1
1,0.7417931703552832,1
0,0.8869023437693755,0
0,0.7213886603316686,0
1,0.7692878787594296,1
0,0.895671785138327,0
1,0.7716258961610335,1
0,0.8373010883733193,0
1,0.7396406051508387,1
1,0.7080630810712171,1
1,0.8979907590741031,1
0,0.9069426326927079,0
1,0.8294916011774731,1
1,0.7047842500984465,1
0,0.7162683155544621,0
1,0.9253045314243066,1
1,0.7456043507542116,0
1,0.9029611424461714,1
0,0.8817628728389869,0
0,0.5063213784113545,1
0,0.6077715750520872,0
0,0.8365627373788769,0
1,0.8367553929367515,1
1,0.5818350844070221,0
0,0.7752441055278794,0
0,0.899869145525807,0
0,0.5366107768075894,1
1,0.7949444904759709,1
0,0.5804077745363759,0
0,0.6864469456305079,0
0,0.7720540664040215,0
0,0.7756004735680959,0
0,0.9412774289648249,0
0,0.8153706696800919,0
0,0.9537795964483217,0
0,0.6631662969364489,1
1,0.8519334059596104,1
0,0.8127384065818364,0
0,0.5223186183736054,0
0,0.6187400520436501,0
0,0.5905939285386632,1
0,0.8014868303727527,0
0,0.8948614820113576,0
1,0.8030918408444491,1
0,0.9393637370039162,0
0,0.8129984659916744,0
1,0.8295598579517961,1
1,0.8363015706669951,1
1,0.5310070111459597,0
1,0.9700380049632898,1
1,0.9194142419403246,1
0,0.7989956322006951,0
0,0.7701970121946308,0
0,0.7389937271787468,0
1,0.5581958893534382,1
0,0.6195381962157522,0
0,0.8137271059872077,0
1,0.6194255657459562,1
0,0.7328630869356566,0
1,0.7991326301871261,1
0,0.7020201747137848,0
1,0.8361515456376211,1
0,0.5201918495911666,1
1,0.6581729629350471,1
0,0.5849085622255482,1
1,0.8840170353016443,1
0,0.7075653286412424,0
0,0.6650458482555298,0
1,0.7604626681571042,0
1,0.9039602554771932,1
0,0.7967510138206557,0
1,0.7543579563568011,1
1,0.6695328903381389,1
1,0.7800452056882486,1
0,0.8416823807516759,0
1,0.8827170920839327,1
0,0.9184225265381674,0
1,0.6995156202161604,1
1,0.7014909316453277,1
0,0.906914178540649,0
1,0.7061131807395392,1
1,0.8421235559058271,1
0,0.9125550361658477,0
0,0.726541075343052,0
0,0.8107287601013986,0
1,0.8651955266451192,1
1,0.7098908253847349,1
0,0.6997448519781572,0
0,0.8582649923395136,0
0,0.9158767130682992,0
1,0.6886816810335427,1
0,0.6417336035372838,0
1,0.7252163765749517,1
0,0.6647480722671406,0
0,0.7166140233522469,0
0,0.5163175005841675,0
1,0.5473062126642946,1
0,0.8517224387070155,0
0,0.9322230029910173,0
0,0.9118271898480105,0
1,0.7185700315483942,0
1,0.8985316166938403,1
0,0.7641260134155721,0
0,0.7061134745066149,0
0,0.8836617626794069,0
1,0.6654273050143401,1
0,0.90544847757893,0
0,0.8200093246945296,0
0,0.8799988289927889,0
1,0.6460859576946579,1
1,0.5528859817975587,1
1,0.5615294805617739,1
1,0.8628189507576649,1
0,0.7370567122394651,0
1,0.9297178249665814,1
0,0.5156480694522986,1
1,0.9403156216257157,1
0,0.7785876823807507,0
0,0.6556831745789475,0
0,0.7671176463805609,0
0,0.8680481980557863,0
0,0.6143756928475609,1
0,0.6825080003241107,0
0,0.8150177212673126,0
0,0.8647286480703814,0
1,0.8327910988370661,1
0,0.6272476848242718,0
0,0.6483448095022071,0
0,0.8368098239605882,0
0,0.9626643085575586,0
1,0.703416031726399,1
1,0.8040642399111094,1
0,0.8219243338551037,0
0,0.5916882508288419,0
0,0.6136050416362734,0
1,0.6729604217586108,1
1,0.8811774680186018,1
1,0.5302233834635616,1
1,0.986240530138262,1
1,0.6710091325364379,1
1,0.6559538345984703,1
1,0.9326448751742793,1
0,0.8465948419395284,0
0,0.7014830368588422,0
1,0.827019919007216,1
0,0.7052332390340339,0
0,0.8677734731345388,0
1,0.7282057874617245,1
0,0.6852069237962162,0
1,0.7403797196722295,1
0,0.7647586041913282,0
0,0.9541445164921515,0
0,0.8843217459815427,0
0,0.5834974366267964,0
0,0.6486499230607519,0
1,0.7201900711048286,1
1,0.8187686778029013,1
0,0.7966998694660491,0
0,0.83631894153171,0
0,0.6568455064799232,0
1,0.5849142506375512,1
1,0.8413533821649811,1
1,0.7877421389980538,1
1,0.9527700879265221,1
0,0.7806848833887743,0
1,0.8286599210197351,1
0,0.5351592356514289,1
0,0.7137315258662527,0
0,0.8813134973576306,0
0,0.8088170401509427,0
1,0.7025711740964165,1
1,0.9258029996320801,1
1,0.6344333277669233,1
0,0.8125942923587985,0
0,0.8429484205672911,0
1,0.7833820317999932,1
0,0.7768597603341995,0
1,0.9012384295077132,1
1,0.5223891169455432,0
1,0.8151641783568113,1
0,0.9261968972935024,0
0,0.7630155807193156,1
1,0.6853368447038156,1
1,0.8400686289605036,1
1,0.73097422259948,1
0,0.6003661150623272,0
0,0.633410693509432,1
1,0.8338994880751892,1
1,0.8039171383970856,1
0,0.6085675655241397,0
1,0.8188586339023559,1
0,0.7121131815742201,0
0,0.8676280867995207,0
1,0.8068322920792245,1
1,0.6672374339594139,1
1,0.7155409515717348,1
1,0.8177144876909216,1
1,0.8697202481257689,1
1,0.645956645812757,1
0,0.7528124605825456,0
1,0.8006207378020698,1
0,0.855601933807333,0
1,0.5537003617531988,1
1,0.7472833741840579,1
0,0.8375368526102803,0
0,0.7241167096500685,0
1,0.863138097697125,1
0,0.5428437560212217,0
1,0.7542394936228551,1
0,0.6296752995035286,0
1,0.6635357445126114,1
1,0.934494462453968,1
1,0.9261097193845128,1
0,0.8008030839346993,0
1,0.637266575600131,1
0,0.9578372119120518,0
1,0.7496759266158382,1
0,0.9248210051818062,0
0,0.7187275642078481,0
0,0.7949997789495779,0
1,0.91057599691079,1
1,0.6775343926660274,1
1,0.7460166651274777,1
0,0.7351790465566027,0
0,0.6956154273278666,0
1,0.9234944174784631,1
0,0.7663503753725166,0
1,0.7804923193474781,1
0,0.691709318010202,1
1,0.8941086051081018,1
1,0.8439528609253875,1
0,0.7703611335948631,0
1,0.6232041521268503,1
1,0.6427878061651652,1
1,0.9000644225822038,1
0,0.605718701236728,0
1,0.7766083126144729,1
0,0.8741183711685938,0
0,0.6727531453004703,0
1,0.8390158966951875,1
0,0.9620043757197355,0
1,0.7370976494183263,1
0,0.7139038834886202,0
0,0.9292440740211289,0
1,0.7913468782707507,1
1,0.6983534530418894,1
0,0.813522610281589,0
0,0.5509706598997307,0
1,0.8397333472317494,1
1,0.7406214091163843,1
1,0.6809205160221684,1
0,0.6288172948397162,1
1,0.7721257075118881,1
1,0.8790469048170975,1
0,0.8084314699724399,0
1,0.7039709011241564,0
1,0.9390584712505634,1
1,0.8629832716886965,1
1,0.7431103158719052,1
1,0.722802814650674,1
1,0.6831572082363546,1
1,0.840217107543434,1
1,0.8660932048297797,1
0,0.7430273427142738,0
0,0.8132304969628186,0
0,0.7820139582841251,0
0,0.598903704508886,1
0,0.5277488431462619,1
0,0.913989380840407,0
1,0.6266768653662288,1
1,0.589342348878796,1
1,0.5401543482595941,1
0,0.9077793680896471,0
1,0.7899832072859375,1
0,0.6705841674625075,0
1,0.8179226142485262,1
0,0.8509943295366869,0
1,0.838438341237657,1
1,0.7569765293997014,1
1,0.7527023872635099,1
1,0.5536257609878834,1
0,0.7794925204452807,0
0,0.7107999039325823,0
0,0.9197788020104826,0
1,0.7411062882748919,1
0,0.9774722669460445,0
0,0.8398119279940492,0
1,0.5912334328313391,1
0,0.5111846226410244,0
1,0.8783768241525431,1
1,0.5065166495576802,1
0,0.8959798123479791,0
1,0.5566510353254804,0
1,0.8103120260879499,1
1,0.7363204062581916,1
1,0.6688730733044305,1
0,0.6813222087487333,0
0,0.5638167378005203,0
1,0.8278853268700727,1
0,0.9140562662961109,0
1,0.6836651992662948,1
0,0.8204699452795798,0
0,0.9110228265540741,0
0,0.7223790191271439,0
1,0.7251603880426424,1
0,0.7714937927980171,0
0,0.7848221378370288,0
0,0.617152260501326,1
0,0.7444318689458662,0
0,0.9378663943301065,0
0,0.7688766880947768,0
0,0.598258522628153,1
0,0.7999203501993255,0
1,0.7090171865302739,1
0,0.8661584148668797,0
0,0.8473931248248936,0
0,0.591115489667693,0
0,0.9202471321956829,0
1,0.8058281863527552,1
0,0.8176526968790373,0
1,0.6292946370296718,1
1,0.8209505138774815,1
1,0.9188901546933139,1
1,0.8477665192527369,1
0,0.5114394562150075,0
1,0.7275702305382974,1
1,0.5530252414602077,1
0,0.5994032165849676,0
1,0.7579857876404992,1
1,0.7122747484413529,1
1,0.8926039297451581,1
0,0.9531709366853336,0
1,0.8016095296316631,1
1,0.7777326471384738,1
0,0.7915012002658017,0
0,0.5836540890538031,1
0,0.9367289955346013,0
0,0.6255793226084918,0
1,0.5675453716948538,1
1,0.8169065187609595,1
1,0.7350103678588199,1
1,0.810232480469858,1
0,0.6128945610575407,0
0,0.9219881521893638,0
0,0.6195501976418474,0
1,0.6578082489403126,1
1,0.6347464230653167,1
0,0.7286031154348473,0
1,0.5391235628024201,0
1,0.6232094446856868,1
1,0.6374383468057946,1
1,0.8305290812292991,1
1,0.8011326580891736,1
0,0.7357099517312867,0
1,0.7053169980376744,1
0,0.7591982294444618,0
0,0.6023327340995898,0
0,0.8759927182718115,0
0,0.6450692987903712,1
0,0.8882987584155487,0
0,0.6263165032744912,0
1,0.6353915237485855,0
0,0.6451912907696961,0
0,0.8560316933985809,0
0,0.8117153680581211,0
1,0.7310620446104473,1
0,0.7087874473116095,0
1,0.8454085408042324,1
1,0.6538530593464681,1
0,0.7462043435501576,1
1,0.7535374205535618,1
0,0.7386342463812149,0
1,0.6590723095217829,1
0,0.78592410378247,0
1,0.8419038735607841,1
0,0.7761704138621712,0
1,0.5085595414357705,0
0,0.5048459989789209,1
1,0.7436596607896252,0
0,0.8110255616752037,0
0,0.8668889013552026,0
0,0.857312817946718,0
0,0.776462610006149,0
1,0.6517425198499498,1
0,0.9404134306654998,0
1,0.8206503305171129,1
0,0.8120258567242603,0
0,0.7564639380759853,0
1,0.596969668016663,1
1,0.7456265881935429,1
1,0.808251855897192,1
1,0.577018625461794,1
0,0.9364773797445819,0
0,0.9399256176468854,0
1,0.7889137066112516,1
1,0.548789245991786,1
0,0.8996422212332513,0
1,0.8084843934603332,1
0,0.9522431812173217,0
0,0.9259197322085383,0
1,0.7564637717370801,1
0,0.7484874885025061,0
0,0.6562429496378333,0
1,0.8532078343205232,1
0,0.5723017298081332,1
0,0.8481309588093245,0
0,0.6459037648064933,0
0,0.5849877630966005,0
0,0.7584195759917416,0
1,0.6623390515996745,1
1,0.8004439066830024,1
0,0.7971740551007828,0
0,0.8344688749653498,0
1,0.8170087368194794,1
1,0.7904130740961527,1
1,0.693414185323251,0
1,0.6039381841986587,1
1,0.6640154463096051,1
1,0.9243806825544815,1
1,0.7295001599020966,1
0,0.7606842741138846,0
1,0.8251410728567695,1
1,0.5123956664826647,0
1,0.8377907657131328,1
0,0.8652865016979989,0
0,0.6783219288798817,0
1,0.6207997698439289,1
1,0.5698486818277018,1
0,0.860035575789922,0
0,0.8475889512393303,0
1,0.9132228027709083,1
1,0.9277320001668518,1
0,0.860619497258076,0
1,0.7510583437270428,1
1,0.9720869534401504,1
1,0.6171891540746581,0
0,0.8526505448228003,0
0,0.5727384435040348,1
0,0.8792685168811208,0
1,0.8787260296206375,1
0,0.8827119720409081,0
1,0.6114934135998277,1
1,0.7568940755306277,1
0,0.7630697062556783,0
0,0.953747899864226,0
0,0.6612303513143721,0
1,0.7378251110199986,1
1,0.730152494201658,1
1,0.5386994163599843,1
1,0.8405633878536553,1
0,0.9106621482500572,0
0,0.833061056924523,0
0,0.8589301805330026,0
1,0.8833076428055554,1
0,0.6318669141130444,0
0,0.6874386774229011,0
0,0.6579723390033976,0
1,0.7851400650574176,1
1,0.8881945199346312,1
1,0.8631515983855989,1
1,0.5614245505286466,1
1,0.7108323772678173,1
0,0.9744842752016184,0
0,0.7040796800406341,0
0,0.5375760403937461,0
1,0.718513231640294,1
0,0.8529176720347322,0
0,0.9047976700559474,0
1,0.7160239976415944,1
0,0.7779505675282145,0
0,0.820112779624153,0
1,0.7214595528120925,1
0,0.8022375793475546,0
1,0.6048953070837504,1
0,0.8560700864009321,0
0,0.8257052102022019,0
0,0.9138712061642786,0
1,0.503863688811704,1
0,0.8700217716866301,0
0,0.7695613073151457,0
0,0.874671549535488,0
1,0.9070029332304999,1
0,0.7939736756473723,0
0,0.7059427487697194,0
0,0.8173676662943183,0
0,0.9528696292572313,0
1,0.7807899077677295,1
1,0.8041063970264344,1
0,0.827757448856496,0
1,0.7634456341927377,1
1,0.5649418146238087,1
0,0.7894787960055881,0
0,0.7092827230846983,0
0,0.8658078177712737,0
0,0.5875086525298682,0
1,0.5196832732044167,0
0,0.8247211197635196,0
1,0.5313206410459874,0
0,0.8779314007939724,0
1,0.7127690434718629,1
0,0.9453967274886699,0
0,0.6880017443012152,0
1,0.8460122097876356,1
0,0.7921559039601349,0
1,0.6293549664161031,1
1,0.7807110595637159,1
0,0.8559961274314426,0
1,0.5869464892015237,1
0,0.8639916879103248,0
1,0.6283469478426972,1
1,0.757526536729526,1
1,0.6125020769017214,1
0,0.8590841495882376,0
1,0.5054036517503819,1
1,0.7477708879786642,1
0,0.8491874525120482,0
1,0.5545427652369684,1
0,0.5394087113618411,1
0,0.789874873891768,0
0,0.7459237441158679,0
0,0.8757500639264374,0
0,0.6925965630215909,0
1,0.6089518139830906,1
0,0.7088079042044598,1
0,0.8889614035798411,0
1,0.5928129944663441,1
0,0.8031584055668296,0
1,0.917064560533584,1
0,0.7931764358568331,0
1,0.744612540072609,1
0,0.8499790468096425,0
1,0.6404194545758809,1
1,0.7410251436092613,1
1,0.5048172434103912,1
0,0.7159190174556959,0
0,0.725866833782005,0
1,0.8793576588537226,1
1,0.6964346036703453,1
0,0.5141147413158296,0
1,0.8580577192425674,1
1,0.9097767758226954,1
1,0.820497898872951,1
1,0.7694372368330077,1
1,0.7206448046755836,1
0,0.5129614471071519,1
0,0.9386155244442188,0
1,0.5344170668890039,0
0,0.6628172108189107,0
0,0.6356851256444963,0
1,0.5664883696020505,0
0,0.8485723417366418,0
0,0.6898020066714362,0
0,0.7196782843979305,0
1,0.9138254140521382,1
0,0.7437574370296219,0
0,0.8494936657918601,0
1,0.9076957125246602,1
1,0.8938122823815476,1
1,0.805813997854468,1
0,0.7268866553079937,0
1,0.7259551675104012,1
0,0.7508243809515264,0
1,0.8835337681365575,1
0,0.7489600420544926,0
1,0.5411170196705066,0
1,0.7481264292868472,1
0,0.6439133244473295,0
1,0.9409129561211862,1
1,0.615115854640864,1
1,0.8114568305605289,1
0,0.7101438704297615,0
1,0.8057404435597137,1
1,0.8514379483296226,1
0,0.5501197793152504,1
0,0.7405763553440353,0
1,0.7929254560163886,1
1,0.8960291245337372,1
1,0.7353571973779262,1
0,0.9116201404592841,0
0,0.8980836865627424,0
0,0.7365499834491537,0
1,0.8805814527495742,1
0,0.8128414200165764,0
0,0.9355039081997152,0
0,0.527601656419537,0
0,0.7719178618452429,0
1,0.869678665456987,1
1,0.9069094691313212,1
0,0.7118057606061783,0
1,0.8348881736370511,1
0,0.7981750348133207,0
1,0.6265970594994776,1
1,0.5608980022780253,1
0,0.8449418382222976,0
1,0.6061631883528602,1
1,0.9065955778912497,1
0,0.5723812653586473,1
0,0.6205250957432397,0
1,0.8995896797488726,1
0,0.8294988908445586,0
0,0.5128945675064354,1
0,0.6668364379060905,0
0,0.7540361479090384,0
0,0.9169134173963228,0
0,0.7132779128081284,0
0,0.9001422757492987,0
1,0.7185632529380955,1
0,0.5018914739173261,1
1,0.5073253132173843,1
0,0.8448069361781041,0
0,0.7513193299308906,0
1,0.8918160141338838,1
1,0.9256069680036788,1
1,0.8731117826240141,1
0,0.8115406811548063,0
0,0.783038631704229,0
0,0.8008408245499012,0
0,0.637243718972153,0
1,0.7932927968638794,1
1,0.7758943467296929,1
0,0.8043136654936763,0
1,0.7846023076569082,1
0,0.8342534522629361,0
1,0.5672936517477684,0
0,0.979603470281358,0
1,0.901332011067161,1
1,0.5667940418364585,1
1,0.6693130224404872,1
0,0.7268694306574353,0
1,0.6341864466767846,1
1,0.655961703392157,1
1,0.8919735993044354,1
1,0.8660941538077535,1
1,0.7017524591391617,1
0,0.9233527575470291,0
0,0.7473395679276715,0
0,0.6768073017389259,0
0,0.8455444814297772,0
1,0.5123818701524444,1
1,0.7971977675086959,1
0,0.7796344248410538,0
1,0.5005368827624369,1
0,0.7444757929164325,0
1,0.8936358718288401,1
1,0.728736596697446,1
0,0.7226618625939956,0
1,0.8509575748117056,1
0,0.950047968356807,0
1,0.9470531604308956,1
0,0.7356679818762092,0
0,0.8480391221196104,0
1,0.7947681155835763,1
0,0.7247153380115767,0
1,0.6600489986520509,0
0,0.777243180295235,0
0,0.6495393356229308,0
1,0.5720633126270201,0
1,0.7816360029190382,0
0,0.6821094448475022,0
1,0.8517100588672082,1
0,0.9484513858356494,0
1,0.6767424812107264,1
0,0.515501153825542,0
0,0.5915946223332301,0
1,0.7767170876917326,1
0,0.7816426680228031,0
1,0.7398995760326603,1
0,0.8807536513006409,0
1,0.9521390206807178,1
0,0.9611092767836517,0
0,0.85246332991437,0
0,0.6435529874495325,0
1,0.8583284452464307,1
0,0.8646116004109852,0
0,0.6322918791500222,0
0,0.8581050391803456,0
0,0.8237428925506367,0
1,0.7943257587062011,1
1,0.7584483937675371,1
1,0.8750234512620315,1
1,0.8081016485846589,1
1,0.8562673607673615,1
0,0.9685170767476744,0
1,0.663860492014374,1
0,0.8579054267358251,0
0,0.7432416364793506,0
1,0.7364760130759083,1
0,0.9100823763621242,0
0,0.8000664968005136,0
0,0.9487418221263366,0
1,0.7169100173029731,1
1,0.9417045308812431,1
1,0.6641984917346488,1
1,0.6126675465067343,1
0,0.6187885740616246,0
1,0.5732996319854012,1
0,0.8523978800461633,0
0,0.5998936980110604,0
0,0.8889443426365217,0
0,0.7419157274251774,0
0,0.6634875182204001,1
0,0.8913842783964274,0
0,0.9012385694357288,0
1,0.6098613708076324,1
1,0.6014221889356022,1
0,0.916287083492007,0
0,0.7212179818663402,0
1,0.8314389521960779,1
0,0.9154537735500291,0
1,0.7196824305029179,1
1,0.7798938817264903,1
0,0.6281158125620936,0
1,0.7859332983458208,1
0,0.6983744956206426,0
0,0.5418725689651763,0
0,0.7880364900454057,0
1,0.8550940987710902,1
0,0.890243161953552,0
0,0.7731221378063988,0
1,0.6510858506398403,1
0,0.7620322147149368,0
0,0.6036380386790211,0
0,0.923936627740619,0
0,0.5015755732513837,0
0,0.7512220392868841,0
0,0.713889560177495,0
1,0.7715797901331125,1
1,0.870617329529828,1
0,0.8448936104851497,0
1,0.9046116541260322,1
0,0.8169792212942254,0
0,0.6480731913616521,1
0,0.9330450592867194,0
0,0.7050207461536487,0
1,0.6686737643655379,1
0,0.6922192877591541,0
1,0.5921767909719015,1
0,0.9112952239911299,0
1,0.8016258810289097,1
1,0.7924437725141461,1
1,0.8828993103555233,1
0,0.725892384115399,0
1,0.6317205685745041,1
1,0.9017111367913412,1
1,0.8545275806128924,1
1,0.5829213218319996,0
0,0.6178293573764119,0
0,0.882114634506715,0
0,0.8818062712166495,0
1,0.8673626471992651,1
0,0.9806782999961163,0
0,0.9304830193559253,0
0,0.8635112609439717,0
1,0.587384688042505,1
0,0.7314713454104959,0
0,0.7721785152254778,0
1,0.9303993694046289,1
0,0.548469742933607,1
1,0.732944082963109,1
0,0.7575236727636754,0
0,0.6541900684451349,1
0,0.7506449986053431,0
0,0.5104939012605678,1
0,0.6345025862573006,0
0,0.7966397460256772,0
0,0.9532997936517797,0
0,0.8901116631345457,0
0,0.7232498598329581,0
1,0.6571089077719721,1
0,0.5159489918322998,1
1,0.5312697161350142,1
1,0.9301940819531183,1
0,0.6954108796153365,0
0,0.8595700980474241,0
1,0.5755691822483329,1
1,0.708948794381925,1
0,0.8115898687773603,0
0,0.6789804224757642,1
1,0.7657488440266439,1
0,0.8260508671438443,0
0,0.7782222950901034,0
1,0.9029797073118734,1
1,0.7149531430525579,1
1,0.6147772942680848,1
1,0.713035847361237,1
1,0.9177270372761913,1
1,0.835667756516508,1
1,0.8441963574456686,1
0,0.921174362136178,0
0,0.7476127959348813,0
0,0.7360004408157417,0
1,0.7969874069051619,1
0,0.739212115826859,0
0,0.7752001700505511,0
0,0.9029466727429569,0
1,0.86070052666563,1
0,0.8634590347268962,0
0,0.9041791199265826,0
1,0.5200573145254286,1
0,0.63906353917142,0
1,0.8347709832565542,1
1,0.8026864313026058,1
0,0.8512506047057175,0
0,0.915415346855566,0
0,0.7533809709709473,0
1,0.75189101685624,1
0,0.7317897921142262,0
1,0.7083377830467913,1
1,0.8058129886266521,1
0,0.8432595065829094,0
1,0.8757420259758186,1
1,0.6118287576088202,1
1,0.9292977714430484,1
1,0.5336819364803046,1
1,0.559850348438448,1
0,0.6102933700141893,0
1,0.5554204730130815,0
1,0.5759454032371873,1
1,0.7301196249692367,1
0,0.5184610785260227,0
0,0.9265009191926409,0
0,0.5936690604897531,1
0,0.8747494605250434,0
0,0.9232231972004405,0
1,0.9182840404612829,1
0,0.8523002978067539,0
0,0.7641377808764178,0
1,0.9639295945124404,1
1,0.5489077919156213,1
0,0.8254528786776654,0
1,0.5621677970697643,0
1,0.7371070801263249,1
1,0.9051134354871829,1
1,0.6261459135863724,1
1,0.6413494572461091,1
1,0.5275908842956727,1
1,0.8320829693283431,1
0,0.8773104737421308,0
1,0.5763808974634143,1
0,0.9131869788366033,0
0,0.6185074432719462,0
0,0.7459994379189123,0
1,0.6527626269294418,1
0,0.9168778351893216,0
0,0.8039966419926967,0
0,0.8594502321612109,0
1,0.7564622225870266,1
0,0.7897168999073276,0
1,0.6922904760650924,1
0,0.83461155235405,0
1,0.7363034043946413,1
0,0.9338388974366425,0
1,0.7297234998931605,1
0,0.515937019899095,0
0,0.6785167819072772,1
0,0.6493464877162823,0
1,0.528800882250387,1
0,0.8221965590184299,0
0,0.6206111450172344,1
0,0.8271336342508504,0
1,0.6906830303333037,1
1,0.7494906735082292,1
0,0.9155769132864771,0
0,0.8530382463979934,0
0,0.8327140594087564,0
1,0.6712064867130126,1
1,0.6814270363129892,1
0,0.5153306596687869,1
1,0.8196587896167415,1
0,0.94091107324804,0
0,0.8184695217389321,0
1,0.868276305102755,1
0,0.7865509211228481,0
1,0.7101756831040726,1
0,0.8475950956115865,0
0,0.9469412573953337,0
1,0.668330284810079,1
0,0.7641289796639309,0
0,0.6493241645478938,0
1,0.8394782928369187,1
0,0.9611507177683182,0
1,0.758183384054361,1
0,0.6460064602320961,0
0,0.6585895038511695,0
1,0.812974108193631,1
0,0.5247399442571618,1
0,0.8106335703901235,0
1,0.700560739703876,1
0,0.9766138842796647,0
0,0.655603756439006,1
0,0.8181345585886256,0
0,0.7875021469117949,0
1,0.823694702073475,1
1,0.8687703218011362,1
0,0.7975535731284217,0
0,0.9412084211363453,0
0,0.8382330886500138,0
1,0.7859824828443255,1
1,0.6961781588177338,1
1,0.6249380290040522,1
0,0.5612556615590282,0
0,0.9054964904982618,0
0,0.8283279586783227,0
0,0.9722792011600623,0
1,0.5604397144149925,1
1,0.7383855128347231,0
0,0.5270092240847697,0
1,0.8084263412365784,1
0,0.8449561107203996,0
1,0.7616630803747195,1
1,0.9043845152954516,1
1,0.848258165728797,1
1,0.8879736848281263,1
0,0.736733355799376,0
1,0.582642603174853,1
1,0.9039459796509758,1
0,0.8066298856900078,0
1,0.7159429208935235,1
1,0.8172597240052282,1
0,0.7524031913893756,0
0,0.9745732842967681,0
1,0.6514559286231466,1
1,0.7449484805007285,1
0,0.6721026750758813,0
1,0.8504695944548721,1
0,0.6797542200249651,0
0,0.809897348466915,0
0,0.5024286893333644,1
0,0.6814420318833516,0
0,0.7202423378929853,0
1,0.7167351557559487,1
1,0.694749975140606,1
0,0.8561560352912749,0
0,0.9265584287743219,0
0,0.6952144521317879,0
0,0.8667169648705727,0
0,0.794392362285732,0
0,0.831607046760932,0
1,0.7742555970439822,1
0,0.7105723899857127,0
1,0.8272902155973111,1
1,0.8074248236103594,1
0,0.7440279697250812,0
0,0.9218831291626118,0
1,0.7771270694175174,1
0,0.6761500191738912,0
0,0.6435617766508054,0
1,0.8754347632031343,1
0,0.6544465634443455,1
1,0.7368418737887065,1
1,0.7605838495487512,1
1,0.6270864349174863,1
0,0.7145832090085881,0
0,0.754261053325315,0
1,0.6825269599623021,1
0,0.5072160198690546,1
1,0.7006836211135967,1
1,0.7985189801283124,1
1,0.6810689058834392,1
1,0.8846340569474928,1
0,0.782206859424518,0
0,0.7902299543638248,0
1,0.5755391166580364,0
1,0.5382457820860029,1
1,0.6272183322419409,1
0,0.8425394644948451,0
1,0.7056823549051718,1
1,0.6304578822821473,1
1,0.7354322503836387,1
1,0.738504816855572,1
1,0.845056954043281,1
0,0.7081075032989418,0
1,0.5343928834344458,0
1,0.7529155298741942,1
1,0.7111676700291085,1
0,0.672547010386029,0
1,0.7833085616202382,1
0,0.8672836540523124,0
1,0.7318708310196561,1
0,0.8037341777564627,0
0,0.9438092469842233,0
0,0.8989594903042865,0
1,0.5381714353500066,1
1,0.9824073830639489,1
1,0.929483724895227,1
0,0.8603616603692567,0
0,0.7449307825947312,0
1,0.818587848282516,1
1,0.9146634530923274,1
0,0.8121679709030566,0
0,0.5003962059796317,1
1,0.9016595588597766,1
1,0.7405617282007472,1
0,0.7740301415619135,1
0,0.8224637794142033,0
0,0.8400753122955589,0
1,0.7060111536450884,1
0,0.7078752958074783,0
0,0.6452774848072811,0
0,0.5274276928519962,1
1,0.613153541416199,1
1,0.8044468950115451,1
0,0.8801240362820412,0
1,0.6801040764827837,1
1,0.8233903994045014,1
1,0.7597372485815264,1
0,0.8748093496887431,0
0,0.8201143276539036,0
1,0.7092709587631202,1
1,0.8199292257103606,1
1,0.8342381950681211,1
0,0.8252372451677371,0
0,0.6912753368895317,0
0,0.7348411819356576,0
0,0.565510105507432,0
1,0.8332978721027484,1
0,0.7819092414249327,0
1,0.584565269931767,1
1,0.8121390715229817,1
0,0.7368613147839914,0
1,0.8152423115536493,1
0,0.5200130704803547,1
1,0.6211690204445872,1
1,0.779127215739537,1
0,0.8307130096002721,0
1,0.8772986059993154,1
1,0.6121770890075883,0
1,0.8973092542819027,1
1,0.6927476612987173,1
0,0.6927398114048458,0
1,0.6814229940150405,1
0,0.7390925677550034,0
1,0.557468302465367,0
0,0.7555203298927474,0
0,0.8432941299471899,0
0,0.7520726436511257,0
1,0.8675807569965505,1
1,0.7479219771915913,1
0,0.9553747517913946,0
1,0.7454815066175643,1
0,0.6725096014575321,0
0,0.9163293644157661,0
1,0.9141431937789231,1
0,0.5495224683103667,0
0,0.6492430907965054,0
1,0.7106349484651027,1
0,0.7029397995788813,0
1,0.6185695940486388,1
0,0.6630202934678529,0
1,0.6567851384303379,1
0,0.5230573962484424,1
0,0.76196612377465,0
0,0.95138612446368,0
0,0.8121234805900083,0
1,0.6643936483424073,1
1,0.77782799277105,1
1,0.7249068141973033,1
0,0.7757192570635076,0
1,0.7305814036816182,1
0,0.7714376080596794,0
1,0.6689785481548329,1
0,0.8851737737146024,0
1,0.969777692979034,1
1,0.8361174137499444,1
0,0.9168616418755428,0
1,0.9053129069777511,1
0,0.7520312141978366,0
1,0.8569368816767624,1
1,0.9286294930634,1
0,0.6367152577872004,1
1,0.6043199293713334,1
0,0.7262915890406361,0
1,0.7060764906781224,1
1,0.6943692310972512,0
0,0.8455585758188174,0
0,0.908894831008812,0
0,0.8410124858118635,0
1,0.8538387904481515,1
1,0.894849653657637,1
0,0.8280694567862532,0
0,0.6631638933139496,0
0,0.8282174532746478,0
0,0.7258339796870718,0
1,0.8529836242750469,1
0,0.8002900305787808,0
0,0.7363217301830156,0
0,0.7601189345269024,0
0,0.6937773835055999,0
0,0.688067908689664,0
0,0.667818158738507,0
0,0.7797135645859224,0
1,0.5260160129760643,1
1,0.9592964426037871,1
1,0.8320985279077971,1
0,0.9570819420372334,0
1,0.6928961671472491,1
1,0.8037767074694969,1
0,0.7319442524711491,0
0,0.8651344556516636,0
0,0.8994250900905055,0
1,0.9643173522719781,1
1,0.8774825859930895,1
0,0.9573888144709153,0
0,0.8091137439996992,0
1,0.7046238377202789,1
1,0.7949246006879731,1
1,0.7314684088635448,1
0,0.7502273303743665,0
1,0.8278261199939806,1
0,0.6596751668213238,0
1,0.8246010048442257,1
1,0.855334088508551,1
1,0.5151917908043153,0
1,0.6919325913070502,1
0,0.9023385185679823,0
0,0.9130058079438067,0
1,0.6492339768565094,1
1,0.967596384568273,1
0,0.8813258449633334,0
0,0.9588708305590122,0
0,0.6832244610286219,0
0,0.521613405157295,0
0,0.8451171792531049,0
0,0.5680734078766775,0
1,0.7696514564784485,1
0,0.6436265861694067,0
1,0.5963180267588888,0
0,0.921330869721506,0
1,0.8313876613638712,1
0,0.9063129690004947,0
0,0.6603614176398304,0
0,0.6701194223969859,0
0,0.7578809939869193,0
1,0.697602845798046,1
0,0.6124695132905924,0
1,0.776627122757043,1
0,0.7592545614650237,0
0,0.9421965136316421,0
0,0.8550656835818685,0
0,0.8888389535080404,0
0,0.6303816765220842,0
1,0.7356692708426216,1
1,0.6981969979088151,1
1,0.9015188023138949,1
0,0.7078733613673059,0
1,0.5940219822103562,0
0,0.7089510417739215,0
1,0.9537984929599207,1
1,0.5688148269412406,1
1,0.7415625795324808,1
0,0.6434247076889431,0
1,0.8643753987575119,1
1,0.8845423269169549,1
1,0.7571817664091965,1
1,0.8094124804737073,1
1,0.5468221314045514,0
0,0.6260989933640343,0
0,0.7464969053228325,0
0,0.5804968633511257,1
0,0.7471701451773077,0
1,0.7117866217780512,1
0,0.7417445330935889,0
0,0.7067497707917202,0
0,0.658600244035427,0
1,0.5444460930695614,1
1,0.719136033424559,1
0,0.8015040345353837,0
0,0.6995142082303117,0
1,0.7286662440480016,1
0,0.8693417278951283,0
0,0.8294863749398441,0
0,0.9358009098147859,0
0,0.9415448024396732,0
0,0.5874955466613713,1
0,0.8627183559630588,0
0,0.7369382841879404,0
1,0.8987196508945582,1
0,0.8648328730828623,0
0,0.6690507583174133,0
0,0.721603080813836,0
0,0.9292334933408345,0
1,0.6947734324616486,1
1,0.7269727158893834,1
1,0.8380338472566756,1
1,0.7393110262321598,1
1,0.8482379231840165,1
0,0.909092890129848,0
0,0.8141991621254374,0
1,0.8048657171194127,1
1,0.8375694020810369,1
0,0.6187946019661799,0
0,0.9214797350950877,0
0,0.5504694607327437,0
0,0.7885018724766999,0
0,0.8664272325694616,0
1,0.8840964745328882,1
0,0.8624190156633651,0
1,0.8460082386811077,1
1,0.8786386154105649,1
1,0.8947749894955466,1
0,0.713795647116575,0
0,0.8148582808092518,0
1,0.8432210230706052,1
0,0.8315647311828013,0
1,0.7238376343894692,1
0,0.645884639090952,0
1,0.7384441548767275,1
0,0.8638105637676939,0
0,0.5737981213608206,0
0,0.9645423263743372,0
1,0.8621972190422952,1
1,0.8077943882399734,1
1,0.9019604236881248,1
0,0.8160805963922783,0
0,0.9477082779110717,0
1,0.7469927825255632,1
0,0.9296348326790724,0
0,0.8886060745503193,0
1,0.9257590263722749,1
1,0.7453986152764425,1
1,0.7442653782669076,1
1,0.9360265909734445,1
1,0.8828011666604657,1
1,0.7902298945164391,1
1,0.7790251405784432,1
1,0.8659576874314555,1
1,0.7957855846681191,1
1,0.9338631173395906,1
0,0.8198507033913428,0
0,0.6315863058960622,0
1,0.8321574037668213,1
1,0.8882939306801512,1
0,0.9432236311483156,0
1,0.8189338298776615,1
1,0.9004601018715183,1
1,0.7175004537337835,1
0,0.8226334783646477,0
1,0.5588549676494589,1
0,0.7342894905901178,0
1,0.526877873620548,0
1,0.9265932835932515,1
0,0.7648862944607813,0
0,0.9581599208749125,0
0,0.6310484482844317,0
1,0.5352754777677378,1
1,0.8500230326715761,1
1,0.9260837988988047,1
1,0.9171408011961558,1
0,0.688590094430688,0
1,0.7435581205781208,1
1,0.9246931657117999,1
1,0.9071403786574593,1
0,0.8607511804047905,0
0,0.7116791545884597,0
0,0.671115733336652,0
1,0.8369650144055872,1
0,0.8102085932544915,0
1,0.8114823282979778,1
0,0.8283318328651528,0
1,0.8368158625064813,1
0,0.8696961227904185,0
1,0.8365632010647431,1
0,0.9245334612870835,0
1,0.5324379792194509,1
1,0.8813034616091706,1
0,0.7860779523034773,0
1,0.575607945765629,1
0,0.7497759133701873,0
0,0.6424345150482563,0
1,0.7953250377380511,1
0,0.8054750399073815,0
0,0.7841195023052459,0
1,0.7303894347015423,1
0,0.831635256573671,0
1,0.8412522324169432,1
0,0.7434957325417781,0
0,0.740779795858015,0
0,0.9073191846709624,0
1,0.8644747650009973,1
1,0.9018587467743898,1
0,0.840105468124695,0
0,0.7874030816772616,0
1,0.8232175340192381,1
0,0.774257379084168,0
1,0.6439170643608659,1
0,0.927235332351962,0
1,0.6799641038950027,1
1,0.6538203707592638,1
1,0.6289624915741654,1
1,0.573381442668773,1
0,0.8416976927158778,0
1,0.7950953324982135,1
1,0.589552762856181,1
1,0.913607497678964,1
1,0.9377879369718736,1
0,0.8023150220010765,0
0,0.8468788677030413,0
0,0.793083621971319,0
1,0.736749602613609,1
1,0.8277869017569186,1
0,0.7577249905668114,0
1,0.7781601636075399,1
1,0.9191536239275296,1
0,0.7861816071744564,0
0,0.6582714994232713,1
0,0.6639106005242678,0
1,0.8457080432088996,1
0,0.5036201440068225,1
0,0.6679417339761832,0
0,0.6350247205036006,0
0,0.9044491141648356,0
1,0.9309291798414498,1
0,0.7670837267407606,1
0,0.8060184224202789,0
1,0.5714359246345359,1
1,0.7360299169903209,1
0,0.6763767765007505,0
0,0.5446818561265075,0
0,0.8430966826399036,0
1,0.7128747502316182,1
0,0.796252964265002,0
0,0.7324392204082719,0
1,0.5128110388584298,0
1,0.7654368057657845,1
1,0.6862877094913952,1
0,0.8648033022749315,0
0,0.5544898909312714,1
0,0.619149801178382,1
1,0.5407079198154555,1
0,0.659072898603784,0
0,0.5254549263273456,1
1,0.7265646127581015,1
1,0.6153731640021655,1
1,0.6531299905989127,1
0,0.8795560626919103,0
1,0.7712874744268354,1
0,0.8770937877289751,0
1,0.78206148787737,1
1,0.8625339606431025,1
1,0.723407879963188,1
1,0.7347920407617389,1
0,0.8508108373314518,0
0,0.9012404037290959,0
1,0.8772017502917171,1
0,0.616388763442211,1
0,0.7396273831500506,0
0,0.9571390445420975,0
1,0.7916866446266047,1
0,0.7825691331199446,0
1,0.6960957031388711,1
1,0.8692421776843494,1
1,0.7148797684624315,1
1,0.9000965762960427,1
0,0.7174688676732404,0
1,0.8185440363746777,1
1,0.5802591835398788,1
0,0.9191999885068668,0
0,0.7959655237206417,0
0,0.9088598865914504,0
0,0.8011881085683447,0
0,0.8351412531993427,0
0,0.8259961680052731,0
0,0.8996437407170182,0
0,0.7210497382564667,0
1,0.7619628129903508,1
0,0.7406559717872611,0
1,0.9002368693768851,1
1,0.7924800009800942,1
0,0.5524925035600733,1
0,0.8712698141998221,0
0,0.7363371199300042,0
1,0.6347933267899226,1
1,0.5743373325570469,1
0,0.7475991126871142,0
0,0.8137538007512197,0
0,0.6225103449460836,0
0,0.7674887622170106,0
0,0.7122869700612103,0
1,0.8840385451555584,1
1,0.8874378914041648,1
1,0.7081426889415693,1
1,0.8487641994254634,1
0,0.7829786816201064,0
1,0.7156804048237461,1
1,0.685615043954712,1
0,0.5966900352236021,0
0,0.809523083676402,0
1,0.6087751477670704,0
1,0.7861759343862561,1
1,0.5975705661325307,1
1,0.5602803271604535,0
0,0.8011154986015203,0
1,0.8611019234513564,1
1,0.8603364912266764,1
1,0.8437586690667549,1
1,0.7575863756540329,1
1,0.7051819904023217,0
0,0.8108144707330064,0
1,0.7393631816950101,1
0,0.7432552926406162,0
1,0.6892380755786026,1
0,0.9135879113774082,0
0,0.7223361921124339,0
0,0.6253846038170785,0
1,0.9220905374505529,1
1,0.8565316886145218,1
1,0.8854689550851235,1
0,0.8675808789304635,0
0,0.6513998922910136,0
1,0.8374996713286743,1
1,0.9409725491492462,1
1,0.813652962414659,1
1,0.8175384776087853,1
1,0.9427666787814329,1
0,0.7501096636730472,0
0,0.7623784149765259,0
1,0.7160949223796746,1
0,0.814338455189819,0
0,0.8015072346324098,0
0,0.55522152416337,1
1,0.8836077951442944,1
0,0.8324067931685296,0
1,0.7069808822909824,1
0,0.5303361953262685,0
1,0.836748442734603,1
1,0.866970026189669,1
1,0.7514733099642474,1
0,0.8335592102750703,0
0,0.8691828933119841,0
0,0.8795924864724989,0
1,0.8989570505461002,1
0,0.8096647090901319,0
0,0.8065394317619101,0
0,0.8591809857107179,0
1,0.683671147436965,1
1,0.5265351146268286,1
0,0.9667214636568475,0
0,0.6917314011603843,1
0,0.6027064886802777,1
0,0.5650642040312883,0
1,0.6836972224815367,1
1,0.5044112428610074,1
1,0.6298329969942205,1
1,0.8214965867280332,1
0,0.7893925905300342,0
1,0.6663203964134645,1
0,0.5370098861488944,1
1,0.9290025813620868,1
0,0.5891164796301465,0
0,0.6645576050106974,1
0,0.6055637931949375,0
0,0.6523250476558167,0
0,0.7581227191172814,0
0,0.9485786457138363,0
1,0.5661193080288872,1
1,0.7081570546262569,1
0,0.6812614133829336,0
0,0.9355898271749441,0
1,0.8096698245868661,1
1,0.6134722073810815,0
1,0.895786258579187,1
1,0.8019026442349001,1
1,0.7804588813035793,1
1,0.658167362598118,1
1,0.5875712966287833,1
1,0.5788681085313521,1
1,0.7127866483653278,1
0,0.9577379268102928,0
0,0.8611534702093203,0
0,0.768607062062026,0
0,0.6060588896841751,0
1,0.8406746483515664,1
0,0.7481786143928698,0
0,0.560278218049215,0
1,0.7730190586554571,1
1,0.6763234066581337,1
0,0.5161325990019264,1
0,0.5751928655682448,0
0,0.7085419603181946,0
0,0.6718020936483248,0
0,0.7110669469923483,0
0,0.9564242876246172,0
1,0.9594191164701849,1
0,0.7574955934442001,0
1,0.5754506386392204,1
1,0.7846836603010096,1
1,0.8134235995098075,1
0,0.538175301740267,0
1,0.9395376273696665,1
0,0.7507319210305653,0
0,0.9222596831518267,0
0,0.8069856519672421,0
0,0.6854993437456125,0
1,0.8713175719057641,1
1,0.718902464205505,1
1,0.8153160295366861,1
0,0.6828628667448903,0
0,0.8478731785311497,0
1,0.8046302906559967,1
0,0.8612651758167286,0
0,0.6562959171594226,0
0,0.8065609406055486,0
0,0.8744991121747342,0
1,0.8469813185035852,1
0,0.6051912669743317,0
1,0.829959277612279,1
1,0.8219758870333543,1
1,0.7353322117279619,1
0,0.8411535398229795,0
0,0.6022442877667592,0
1,0.773995675400493,1
0,0.785559855340023,0
0,0.7853885466941294,0
0,0.8912164182507499,0
0,0.6636422131107966,0
1,0.8971345023145734,1
1,0.8007664345653952,1
0,0.6182882202721186,0
0,0.8378868159802565,0
0,0.60389541230661,0
1,0.5812907246593152,1
0,0.7561793564131066,0
1,0.804861512944026,1
0,0.5806227955911825,1
0,0.9276862548626353,0
0,0.7386199173090746,0
1,0.8741045306408659,1
0,0.6229541169453605,0
0,0.9132038056203139,0
1,0.7884972412044217,1
1,0.8335949591718165,1
0,0.6801701189174557,0
1,0.5049790178580331,1
0,0.9555236509085798,0
0,0.7796229866438028,0
0,0.5668996327259007,0
0,0.686852615756008,0
0,0.8773279502121244,0
1,0.7640417159369378,1
0,0.8552292647167358,0
1,0.8607653308362295,1
1,0.6777969437136454,1
0,0.7879150653400897,0
0,0.7245412856832765,0
1,0.6545910367407388,1
1,0.8587535892107,1
0,0.9386958860433348,0
0,0.8289054086669818,0
0,0.829492981665141,0
0,0.8976056318659253,0
1,0.9452276760360063,1
0,0.6303112042646193,1
0,0.9273387178305176,0
1,0.5109110339350943,0
1,0.6877963799262843,1
0,0.6721276975407263,0
0,0.798102746885427,0
1,0.5439349501618539,0
1,0.8779503242215674,1
1,0.933210412683192,1
0,0.8145878242880087,0
1,0.5808043829729211,1
0,0.5571363819768795,0
0,0.8845872659344216,0
1,0.6039593116176333,0
1,0.7205717638258361,1
0,0.7267644836560317,0
0,0.7382340399718137,0
1,0.6137398870782308,1
0,0.9488748661629655,0
1,0.7883998882278949,1
1,0.6911392452925359,1
1,0.5624747349377722,1
1,0.7216235825335187,1
1,0.6072164203884217,1
0,0.8754885315539057,0
1,0.7014064135530873,1
0,0.7672858294030801,0
0,0.8948360976284787,0
0,0.7320295697471784,0
0,0.7836014075809823,0
1,0.9480969281742662,1
1,0.6096316212163787,1
0,0.9046986783568904,0
1,0.8425270064646783,1
0,0.5261203686230786,1
0,0.7545000676949928,1
0,0.575376485487467,0
1,0.8326504510387759,1
1,0.9044637666497087,1
0,0.7751991246211211,0
1,0.707419898511681,1
1,0.6289466544481698,1
0,0.5592345366799556,1
1,0.7156041493893577,1
1,0.9615564368924204,1
1,0.5303371999629347,1
0,0.5696896247840297,0
0,0.8112710732479284,0
1,0.8536647962953585,1
0,0.8346447988994876,0
1,0.6780093209674378,1
0,0.9268245114175094,0
1,0.7694684559601843,1
1,0.8706589254218898,1
0,0.9398736562434321,0
1,0.7515339053513572,1
1,0.8654357087821094,1
1,0.6419079462039569,1
1,0.5259412134870817,1
0,0.8093589173322661,0
0,0.8253820256920972,0
1,0.8749048383487948,1
0,0.7951827937773963,0
1,0.7931704604496631,1
1,0.6694272747056295,1
1,0.8681798159197115,1
1,0.6052719262443869,1
1,0.8752370544560566,1
1,0.7297608469493901,1
0,0.5893529316099034,0
0,0.8463126736897572,0
0,0.8501025623706358,0
0,0.8234613031564444,0
0,0.7874283916867187,0
0,0.5016602632862265,0
1,0.7847010791382264,1
0,0.7033758593902766,0
1,0.9227760661200397,1
1,0.5976928727933739,1
1,0.7821095458778732,1
1,0.7576436855326051,0
0,0.7757751563040395,0
1,0.557460107571423,1
0,0.8003094770823949,0
0,0.850978581190765,0
0,0.695148677837464,0
0,0.5857981767873831,1
0,0.8337356776461762,0
0,0.6756995544023628,0
0,0.6466238413338413,1
0,0.7005726399368939,0
1,0.8382300441849684,1
0,0.6142471182684741,0
0,0.8106063935853639,0
0,0.8965455365870907,0
1,0.8458961038512625,1
0,0.9021366624304211,0
0,0.8226829854375665,0
0,0.8828427397443626,0
1,0.7990822671123339,1
0,0.8527132947460246,0
0,0.9746026606019988,0
1,0.8601698542897027,1
1,0.6942224826074056,1
1,0.7821186454353554,1
0,0.8335758376833479,0
0,0.8711022295202132,0
0,0.6366975129510881,0
1,0.8681788790432095,1
0,0.89904826340504,0
0,0.5074500591313613,1
1,0.8999158642612347,1
0,0.8765916469060876,0
0,0.8078813769118284,0
1,0.6788477234318562,1
0,0.5843331825221627,0
1,0.6875005956153564,1
1,0.8203192611741349,1
1,0.5094990020354176,0
0,0.7912687757815389,0
0,0.8456682569201331,0
1,0.8770474908613872,1
1,0.9134891338769009,1
1,0.8299092452499325,1
0,0.7396476588682785,0
0,0.8316172547965783,0
0,0.7441119375690237,0
0,0.7839283563004903,0
1,0.5379617837219968,1
0,0.8240661118610103,0
0,0.9574907295082657,0
0,0.6373854636004943,0
0,0.8226080961921456,0
0,0.7232321734683741,0
0,0.8225446153834631,0
1,0.750533818970977,1
1,0.878070306249459,1
1,0.8021028997633101,1
0,0.666324154735543,0
0,0.8061589813542571,0
1,0.8345026843137872,1
0,0.8489623450556014,0
1,0.8754984166978268,1
0,0.9531588624186327,0
0,0.7019928287556342,0
0,0.5236607288578322,0
0,0.882900499707369,0
0,0.5372439725408482,1
1,0.5257102982326896,1
1,0.8311492222985067,1
1,0.8515521153557123,1
1,0.6531574714905499,1
1,0.7619673346911799,1
1,0.5248687125286033,0
1,0.8755562840257045,1
0,0.8163146222057908,0
0,0.7947869429279958,0
1,0.6522036867189648,1
0,0.9005108145689846,0
1,0.616362963449686,1
0,0.7526744579439957,0
1,0.9444275587786704,1
0,0.9590803650892314,0
0,0.6500778038078967,0
0,0.9227988057909687,0
1,0.639619721965832,1
1,0.8782540204220226,1
0,0.6557182565191978,0
0,0.964549908847284,0
1,0.5281852953595874,0
1,0.5374134818150446,1
0,0.7962897116165507,0
0,0.7855308657524229,0
1,0.730110193226241,1
1,0.8609699185762776,1
0,0.8318750445014588,0
1,0.7485377421735866,1
1,0.5230184212093021,1
1,0.517113280369677,0
1,0.701464158430365,1
0,0.8040217466321559,0
0,0.7978802777614473,0
1,0.7862249122489813,1
1,0.6988416292704356,1
0,0.9347778767493643,0
1,0.7145012382493743,1
0,0.7017256471489985,0
1,0.7821911934185231,1
0,0.8922655760002136,0
1,0.5015844362507987,0
0,0.8041578062495862,0
1,0.7899580481669385,1
0,0.792374132735109,0
1,0.6976996294272798,1
1,0.6281380563848268,1
0,0.5844420707248646,1
1,0.7931389787862194,1
1,0.5747202884696452,0
0,0.7934585446075861,0
1,0.8206679343499634,1
0,0.8534716041154898,0
0,0.8290380788691059,0
0,0.6583870614137518,0
1,0.8154385705305478,1
0,0.725187663360123,0
0,0.7330154439981557,0
1,0.5228263193322343,0
0,0.7845432261222907,0
1,0.6350921564962476,1
1,0.5549011052499171,1
0,0.8562883271056051,0
0,0.5872178152442863,0
0,0.8355617698735616,0
0,0.9350111148522069,0
0,0.5575501940171864,0
0,0.6097828847515554,1
1,0.8485509444950713,1
1,0.9462908631054214,1
1,0.5720038934654005,1
0,0.6543245239517359,0
1,0.8358630559722017,1
0,0.8156141764316477,0
1,0.6339484856796717,1
0,0.9164823361519577,0
0,0.8097873535182929,0
1,0.8337414239953584,1
0,0.815488818886663,0
0,0.610242948125562,0
0,0.8720849985011333,0
0,0.8923782885058069,0
1,0.7397579434571807,1
0,0.858538345316645,0
0,0.5604998033732734,0
0,0.8147790688534475,0
1,0.6395963178666685,0
0,0.5955709553004794,0
1,0.6600220224588118,1
1,0.6867582823016891,1
0,0.9344865268698057,0
1,0.8781232756937475,1
0,0.6443326112154548,1
0,0.7531751908145082,0
1,0.6827958709531097,1
0,0.8973689898125231,0
1,0.8649634938922353,1
1,0.9589060036142699,1
0,0.8430201986933662,0
1,0.8244679750226037,1
0,0.87878734289276,0
0,0.908990209910163,0
0,0.5072122654209056,0
0,0.9161158210641226,0
0,0.5615472038586936,0
0,0.94223781341686,0
1,0.8500011025063644,1
0,0.8870553833601793,1
0,0.8253661089632834,0
1,0.903862193861401,1
1,0.7160292382403232,0
1,0.8697202481257689,1
0,0.9071255390089874,0
0,0.7703952281382764,0
0,0.7550000940205052,0
1,0.7514728001590832,1
1,0.8384936651504472,1
1,0.9132917574237327,1
1,0.8013092175729264,1
0,0.5673849771700274,0
1,0.9569303284575783,1
0,0.897874330689645,0
0,0.8238745311578578,0
0,0.9484713393173427,0
1,0.8110006756070923,1
1,0.6945018090679221,1
0,0.8211911957916691,0
0,0.9365261910017336,0
1,0.6878982058801795,1
0,0.7974142570979078,0
1,0.6643543510166595,1
1,0.5818760330557561,1
1,0.7512344812650567,1
1,0.805630132270084,1
0,0.7172340396900279,0
1,0.8362509904581236,1
0,0.7631219412026328,0
0,0.8137552779007271,0
0,0.9392225907079501,0
1,0.833643266319227,1
0,0.5874652848380142,1
1,0.9283853852336674,1
0,0.8140272328073369,0
0,0.8157873354706046,0
1,0.6594020836636288,1
0,0.8635817988084029,0
1,0.9346370494048373,1
1,0.7104059352320181,1
1,0.6088275795016859,1
1,0.7066467337941369,1
1,0.7010991703983734,1
1,0.8580381772578402,1
0,0.706099857018536,0
1,0.910411079004544,1
1,0.8879625195438294,1
1,0.8622411019139277,1
1,0.7031363718728972,1
0,0.775739971680489,0
0,0.8229808802705992,0
0,0.8064201768952548,0
1,0.5960247592258802,1
1,0.841225853717299,1
1,0.6384607936219094,1
0,0.8063877792365296,0
0,0.8771988377279943,0
0,0.7441997637245061,0
1,0.7449830622884156,1
1,0.7283499741180721,1
1,0.8051951050221815,1
0,0.7513586610544981,0
1,0.5002822168506559,1
0,0.8141143183546015,0
0,0.7682115734960199,0
0,0.787735097332334,0
1,0.6583178441038361,1
1,0.8406305755594372,1
0,0.7061950355658642,0
0,0.6873865767141526,0
0,0.8874844284977211,0
0,0.7900998421196453,0
0,0.8738140428292265,0
0,0.7121598637520147,0
1,0.8083908531356873,1
1,0.5893376133694379,1
0,0.7032269077862352,0
0,0.9363780857775562,0
1,0.7939575454292678,1
0,0.8677304421832744,0
1,0.7397427464202435,1
0,0.5012848460263083,1
1,0.6575792081872791,1
1,0.821626943528112,1
0,0.7443431569406234,0
1,0.5723490449742924,1
0,0.7727356410990593,0
0,0.8207417766046897,0
0,0.7845682091861355,0
1,0.5964856084197534,1
0,0.7206216693216889,0
1,0.6910354848901614,1
0,0.7155571815625643,0
0,0.7713762291594186,0
0,0.7382186591931041,0
0,0.7378431041095254,0
0,0.8363746044916911,0
0,0.8889624382325101,0
1,0.9197819749818552,1
1,0.8612744121723174,1
0,0.7269915140110824,0
1,0.8735379714310408,1
0,0.5758451104574559,0
1,0.7919722478667618,1
0,0.6831756644308404,0
1,0.7535061646411062,1
1,0.7525758103578313,0
0,0.7012165070107681,0
1,0.9278295727152474,1
1,0.598564634396317,1
1,0.894116228911487,1
1,0.5823066050814625,1
0,0.9281590813307387,0
0,0.8793579874279631,0
1,0.7290472506175635,1
0,0.5246259156424812,0
0,0.8276112799700298,0
0,0.820946395479201,0
0,0.6858423798847192,0
0,0.5439482733579226,1
0,0.9327348373678106,0
0,0.7849235575448537,0
1,0.9527479158468287,1
1,0.8104849171057298,1
0,0.6070661334029018,0
0,0.8612875821384228,0
1,0.6138986428412818,1
0,0.8987315045450899,0
0,0.5141473103048821,0
0,0.9101434185182267,0
1,0.6988958461330625,1
1,0.8251262725247772,1
0,0.640297602846498,1
0,0.520073321327846,1
1,0.8630225806094445,1
1,0.5825397774279336,1
0,0.806822353051602,0
0,0.8597335422975476,0
0,0.8669974669948671,0
1,0.585564301723136,1
1,0.8132290992912596,1
1,0.8892601444863543,1
1,0.6915005043170659,1
0,0.856038889709903,0
1,0.8800006228003138,1
0,0.6804827631236574,0
0,0.5008780224477491,0
1,0.8440483610359168,1
0,0.7878224479974434,0
0,0.872889642860915,0
1,0.7767600163648474,1
0,0.8915914944599435,0
1,0.8509687249505382,1
1,0.7314969389073158,1
0,0.5243922579337161,1
1,0.7937254227244881,1
0,0.9121031360670242,0
0,0.5922499870121413,0
0,0.7395582103440099,0
0,0.8940039435656343,0
1,0.5271994974300779,1
1,0.6358978233051743,1
1,0.7410281542021405,1
0,0.6972880678756139,0
1,0.8747802990990723,1
1,0.7001083715877675,1
0,0.6790170199114973,0
1,0.8499745926577283,1
1,0.6604742191758466,1
0,0.8481961169859862,0
0,0.90945543681777,0
0,0.9371059124561326,0
0,0.5726150631833823,1
1,0.753379556252031,1
0,0.6847912159231685,0
1,0.5689922940421445,1
0,0.6880833071767983,0
0,0.5681013805336608,0
0,0.9088544929521559,0
1,0.9432465678348675,1
0,0.9020252815809889,0
1,0.7869636821873013,1
1,0.7848176734215847,1
0,0.8235239537289581,0
0,0.7838034967824421,0
0,0.9224884406347539,0
1,0.655851785107059,1
0,0.5671661017430775,0
1,0.6060136792482542,1
0,0.7318428983570842,0
1,0.5157023880585903,1
0,0.8732685128356616,0
1,0.8637142705411567,1
1,0.5559403208030883,1
1,0.517530729560942,1
0,0.8606293691620378,0
1,0.7306305249914912,1
1,0.6484054984230678,0
0,0.879251195213135,0
1,0.8059523485180534,1
1,0.6033873633399851,1
0,0.8413370002336154,0
1,0.7113699157986704,1
0,0.6184324752469762,0
1,0.7432618000151632,1
1,0.568065568137772,1
1,0.787577127930869,1
0,0.7700044416675916,0
0,0.6158741394590761,0
0,0.8830342119242084,0
1,0.6648242595094911,1
0,0.5620733142089808,1
0,0.926248940983623,0
0,0.5444025265597326,0
0,0.9817790839773435,0
1,0.6864301602897446,1
1,0.8329554168551904,1
0,0.6759885191590446,0
1,0.762877429236085,1
0,0.63620462005776,0
0,0.8918236382313478,0
0,0.7338920839782704,0
0,0.6830562116893509,0
0,0.5936043265899589,1
0,0.9380178779714452,0
1,0.7940586605569679,1
1,0.6609068801002858,1
0,0.8736579797345099,1
0,0.8570483043410464,0
0,0.948421062765191,0
1,0.5565314750899721,0
0,0.8539390077684803,0
1,0.7576124749499613,1
0,0.6893226293815031,0
0,0.8034879855318436,0
0,0.5068629558493641,0
1,0.9077451157676337,1
0,0.653106803895595,0
0,0.848463088088471,0
1,0.8441247260974769,1
0,0.8190646178572245,0
0,0.5602330161648095,1
1,0.6789616118612541,1
0,0.8532840482933493,0
1,0.8863186488335645,1
0,0.7286740119129991,0
1,0.6815910658844628,1
0,0.7607533946881697,0
0,0.9157391142492567,0
1,0.8526035908923089,1
1,0.8574681230598806,1
0,0.6934130728982819,1
0,0.522407976892878,0
1,0.9505069685857493,1
0,0.9438014108937768,0
1,0.8831326604376235,1
1,0.6104973521792956,1
1,0.9441201409847882,1
1,0.5826747806482719,1
0,0.9207555002031349,0
0,0.6959986865219187,0
0,0.8316876705419779,0
0,0.6348072125635026,0
0,0.8307235679651184,0
1,0.8504045780016105,1
1,0.8276676115214683,1
1,0.5272143446953268,0
1,0.8386328443698166,1
1,0.7716047537080925,1
1,0.8087227897334133,1
0,0.8596434108639394,0
0,0.7931899391424009,0
1,0.8596187436901357,1
0,0.8104638029291242,0
0,0.7260868436801076,0
1,0.5052862192723353,1
0,0.5426523469240392,0
0,0.8260278683135163,0
1,0.6660415787708315,1
1,0.7285663239610558,1
0,0.690525394962506,0
1,0.5705529399682359,1
1,0.544767384887568,1
1,0.7255528368273927,1
1,0.7137838140207328,1
1,0.6520172791094283,1
0,0.8852826455387903,0
1,0.9027086967150281,1
1,0.7073962897520969,1
0,0.5922229420091891,1
1,0.5225718178529417,1
0,0.6096630682716365,0
1,0.7325472158888505,1
0,0.92268305093883,0
0,0.7015815642471158,0
0,0.9038547519838657,0
0,0.8676837561302901,0
1,0.729538543542219,1
1,0.7662685198975998,1
1,0.8542733529062982,1
1,0.7787681742947323,1
0,0.8554444551396481,0
0,0.7411679442300922,0
0,0.8283782744912301,0
1,0.8741036958726668,1
1,0.8500036551588888,1
0,0.8176501284069173,0
0,0.6055003716388729,0
0,0.8981716160527681,0
0,0.7811765739298433,0
1,0.6920554402694257,1
0,0.8187132835066455,0
0,0.9115640699884129,0
0,0.6604338776992685,0
0,0.815123274262032,0
1,0.7864115134177534,1
0,0.9195165878418111,0
0,0.9420320802260288,0
1,0.9189368068768217,1
1,0.7825665692408118,1
0,0.8845268999387542,0
1,0.8978997075382041,1
0,0.869510103111222,0
0,0.843535440079398,0
1,0.7188149627981553,1
1,0.9367261355485981,1
1,0.6278375557751393,1
1,0.5316238725713899,1
1,0.8621304794155685,1
1,0.7340842551891107,1
0,0.7895019592110493,0
0,0.86498751370649,0
0,0.5130560552110341,1
0,0.8910224144553698,0
1,0.9559856026814526,1
0,0.6368952601952784,0
0,0.5340441875522712,1
0,0.6363938937411849,0
0,0.8682586392006189,0
1,0.8584647268973105,1
0,0.6830294645114283,0
0,0.5719595949147005,0
1,0.6797697067734934,1
0,0.9020481256246775,0
1,0.5202646645886337,1
1,0.6716597271480055,1
0,0.9217095507842173,0
1,0.9497503831680574,1
1,0.5446395505345558,1
1,0.6577071701873822,1
0,0.7801552291989744,0
0,0.6975786682806568,0
1,0.7168464495942609,1
0,0.8076766199141805,0
0,0.8902922499539505,0
0,0.7221600208351224,0
1,0.7403159650451426,1
0,0.8590489397689351,0
1,0.8512063261158764,1
1,0.866665378257145,1
0,0.8329786270494236,0
0,0.5938690843439487,0
0,0.8492950703435335,0
1,0.9158790426810053,1
0,0.7624384783101706,0
0,0.5161430184322462,1
0,0.6938307202762641,1
0,0.7937042777806274,0
0,0.809762126068472,0
0,0.8435977932724069,0
1,0.7597636112152023,1
1,0.7071254812492316,1
1,0.542042868310052,1
0,0.7025539197679292,0
0,0.8026163962109741,0
1,0.6322730645872988,1
0,0.7285482404643114,0
1,0.7867427056519649,1
1,0.8010393077352158,1
1,0.5391774231872596,1
0,0.6871485090280007,0
0,0.5944069228666399,0
1,0.8664419470229582,1
1,0.8606135576562594,1
0,0.8300216237732135,0
1,0.5923201211613047,0
1,0.8136121523306493,1
0,0.8824336157241046,0
0,0.8266857212246012,0
1,0.6389878666658139,1
0,0.5833987270547694,0
0,0.7183014480149084,0
0,0.93119421646648,0
0,0.9383355373885629,0
0,0.8819841831714534,0
0,0.6616935268965217,0
1,0.6850020808061884,0
0,0.8706042352384369,0
0,0.8341486768048729,0
1,0.6711735537436642,1
0,0.9114786437002214,0
0,0.6153625735200647,0
1,0.8412245610613663,1
1,0.7736443428385643,1
0,0.9159891513019656,0
1,0.7621527975425659,1
1,0.6289407505018364,1
0,0.5050532983288819,1
1,0.9379187273906631,1
0,0.5427469888727597,0
1,0.5076388741963432,1
0,0.9307384804810536,0
0,0.9169218126532842,0
1,0.8576297420698575,1
1,0.5147515027643565,1
1,0.9286598655913466,1
1,0.6022278088739124,1
0,0.5051721428621158,0
1,0.8922680903236814,1
0,0.8946811127091933,0
0,0.6782911040084949,0
0,0.7178943142546872,0
1,0.5255249912339223,1
1,0.7736219681219131,1
1,0.7573017720193954,1
1,0.5258566306356022,0
0,0.623562285616291,0
0,0.7905973520002887,0
1,0.7805814485779717,1
1,0.5746665290010327,1
1,0.5710144190215906,1
1,0.7626597737550111,1
0,0.8993559783452042,0
1,0.912084248831313,1
1,0.6774231595023344,1
0,0.8399485408603948,0
0,0.8574891600893365,0
0,0.6091472705917608,0
1,0.8176046374741741,1
0,0.8559745547971614,0
1,0.5730071268763135,1
0,0.7970233548081747,0
0,0.7802562727648029,0
1,0.8568918984593333,1
0,0.8605537201453384,0
1,0.735683564517474,1
1,0.5059553014478162,1
1,0.7266036245116204,1
1,0.6858262219035175,1
0,0.9198608929909871,0
1,0.802322074236957,1
0,0.8803845031706801,0
1,0.7883640583377899,1
1,0.833328616852676,1
1,0.7979875631343902,1
0,0.5974191662820318,1
1,0.6558064359163991,1
1,0.8463235184129501,1
0,0.548700996134107,0
1,0.8566793584502157,1
0,0.7221100440943967,0
1,0.775775542865025,1
1,0.8179276877077284,1
0,0.7762473634289714,0
0,0.8549074048042443,0
1,0.9550050320394383,1
1,0.8779817324760913,1
1,0.8764184434429299,1
0,0.8163196171828918,0
0,0.882957440810437,0
1,0.9110709042491503,1
1,0.9080244290351462,1
1,0.6585921627815425,1
1,0.709797707395718,1
0,0.8910067814469937,0
1,0.9121182616194727,1
0,0.853160843274466,0
0,0.5570198687148806,0
1,0.8089308658025903,1
1,0.6955216325406206,1
0,0.6708237269139841,0
0,0.8514774874717388,0
0,0.6805517069527083,0
0,0.76254046902288,0
0,0.8873288624119857,0
1,0.756515261020207,1
0,0.6834505578487183,0
1,0.6447704029680523,0
1,0.8233360427212376,1
0,0.5912442164971885,1
0,0.7409313269077584,0
0,0.6869702717374431,0
1,0.7792469055293667,1
1,0.8515860837170639,1
0,0.5660171534453998,0
0,0.6350280371390711,0
0,0.8283761363695898,0
1,0.6440874234338851,1
0,0.7319383813484531,0
0,0.6735827847526717,0
1,0.8764271321680095,1
0,0.5389471951727927,0
1,0.6978513844517439,1
1,0.7730177448932605,1
0,0.85616284609264,0
0,0.8774200642963361,0
1,0.8010667107401748,1
1,0.6645824957817866,1
0,0.8266246762661601,0
0,0.7800337748028667,0
0,0.7604411923276896,0
0,0.7924199679263861,0
0,0.7343407913229897,0
1,0.7019958718158034,1
0,0.8419360063713475,0
1,0.9363346075894429,1
1,0.5560190381876201,0
0,0.9096911105853844,0
0,0.529793779603038,0
1,0.6683293052557033,1
0,0.7555841378247133,1
0,0.8329497903452795,0
1,0.7477139170899328,1
0,0.9664065101992646,0
0,0.8593698938944306,0
1,0.793228828093335,1
0,0.8063009076680397,0
0,0.8849249527427875,0
0,0.7314104656760123,0
0,0.508248888894926,1
1,0.5634354477471111,1
0,0.6079447411766028,0
0,0.7623224986981593,0
0,0.8631282608832637,0
1,0.7411175929406556,1
1,0.8840018968513806,1
0,0.8601913342298596,0
0,0.7869868273694892,0
0,0.7536107470033343,0
0,0.8804894968158343,0
1,0.8522405228161024,1
1,0.7121016157153238,1
1,0.7760143893041475,1
0,0.8757796765153691,0
0,0.6091178945132159,1
0,0.9072529854729549,0
1,0.6853150773888339,1
0,0.7889249531240446,0
0,0.8738868497076107,0
1,0.8968303813308348,1
0,0.7736907291694991,0
0,0.9335199759682894,0
0,0.8778434211014063,0
1,0.8201974054585721,1
1,0.7127934077766891,1
0,0.7699082005673145,0
0,0.5193721516836526,1
1,0.6331640535251675,1
1,0.7006832683717202,1
1,0.7402426571662389,0
1,0.6473877553098565,1
0,0.8624411593214675,0
1,0.8236287501644664,1
0,0.7981519969224873,0
0,0.8960450402857296,0
0,0.5375724265699148,1
1,0.5235033024106707,0
0,0.5909304924438077,0
1,0.7523780647818568,1
0,0.9235313283095977,0
0,0.9144530554299345,0
1,0.7648046838926638,1
1,0.7903638986971777,1
0,0.7855553718102062,0
0,0.8133430295877058,0
0,0.7183325352832572,0
0,0.9467248265782131,0
0,0.7693455716257074,0
0,0.9190884907841815,0
0,0.726870580957301,0
1,0.6665473272646191,1
0,0.6385344935384445,1
1,0.8263096192758664,1
1,0.5263258168668525,0
0,0.5077839846085943,0
1,0.5523517027947583,1
0,0.7819803541371584,0
0,0.5227850391580495,0
1,0.7159335456492245,1
0,0.8729802320001041,0
1,0.7615785251926871,1
0,0.5658926604541153,0
1,0.5924540508701784,1
0,0.8551095891010488,0
0,0.8455307762089823,0
0,0.9646149512874064,0
1,0.6769391229305544,1
1,0.7570956164437345,1
0,0.9282530354821316,0
1,0.8182937222293021,1
0,0.571826037653852,0
0,0.7299252962276112,0
0,0.835704756800073,0
0,0.8933747756827577,0
0,0.737103204570512,0
0,0.8417325077688248,0
1,0.6388291210677305,1
1,0.9145063588354148,1
1,0.8096327963832247,1
1,0.7966712157264099,1
1,0.7424986455998389,1
0,0.7391747411093815,0
0,0.747512712103175,0
0,0.8452145295976993,0
1,0.8893288693607374,1
0,0.7470261622389124,0
0,0.6406854978672378,0
0,0.7425373191615331,0
1,0.8528180303739055,1
0,0.7251338268617225,0
1,0.9081414347912845,1
1,0.5952876118075516,1
0,0.7497289377618476,0
1,0.6262243337274876,1
0,0.8550386287798479,0
0,0.7742398835943587,0
0,0.5473422031600765,1
0,0.8204733103822588,0
0,0.7331087616929357,0
0,0.7240564899323355,0
0,0.7351531618897877,0
0,0.806890437449913,0
1,0.5282652205158748,1
0,0.7851820956756492,0
0,0.7924062916313849,0
0,0.798456015320327,0
0,0.6630216196793274,0
0,0.8039318389421025,0
1,0.8807281208995893,1
1,0.9320926739658617,1
1,0.7753545375959178,1
0,0.782622459585745,0
1,0.6247679801123823,1
0,0.7255371247627831,0
1,0.6415272629303259,1
0,0.7461298012134089,0
0,0.7265395781104623,0
1,0.7708373399304348,1
1,0.6667426244089811,1
0,0.8328001268876307,0
1,0.670526810860349,1
0,0.5959596606692029,0
0,0.8169730013449269,0
1,0.6198390560023664,1
0,0.9058554722407648,0
0,0.8790751313409976,0
1,0.5047185620938661,0
1,0.6572341255840436,1
1,0.8518633792832816,1
1,0.690622006419233,1
0,0.8292334373293434,0
1,0.8056033952369126,1
1,0.7156126132192113,1
0,0.8136867545830601,0
0,0.7677305510803379,0
1,0.8550594945867459,1
0,0.5900935506314875,0
0,0.8872731026468137,0
1,0.7436519166925555,1
1,0.6953898994512172,1
0,0.9509641826291084,0
1,0.9616315508652337,1
0,0.8022118193343895,0
1,0.8155860803579136,1
0,0.5674952014774642,0
0,0.7881369852387432,0
0,0.9596887702390254,0
0,0.6966475682066574,0
0,0.6822885522231249,0
1,0.6906297271793705,1
0,0.5528766876637827,0
1,0.8598699584227614,1
0,0.8259987819975249,0
1,0.7318977418733179,1
1,0.8162888894719986,1
0,0.7964824381905722,0
0,0.670772171065484,0
0,0.8744244429646366,0
0,0.7791985137585663,0
0,0.5168585621295356,1
1,0.5717516945066441,1
1,0.7568308934552509,1
1,0.7731509231517812,1
1,0.6129017831233387,1
1,0.5969077331440077,1
1,0.6806182940998834,1
0,0.8924059812132952,0
1,0.5820258796040741,0
1,0.7607088192360829,1
0,0.7047627368598872,0
0,0.87108629891519,0
0,0.6339208870016834,0
0,0.9474918912340348,0
1,0.6762053494365872,1
0,0.9856684365706392,0
1,0.7567797495282708,1
1,0.8168031232503762,1
0,0.8179054979057954,0
0,0.693259469196596,0
0,0.7296164783183702,0
1,0.6777154660958331,1
0,0.6999712074530435,0
1,0.7053585348727037,1
1,0.600927026583632,1
0,0.6971547375364054,0
1,0.8326883575454571,1
0,0.8537872176416937,0
0,0.7692748596318358,0
0,0.7230191181731246,0
0,0.871083661468351,0
1,0.6766373936192022,1
1,0.7303017990782488,1
0,0.7376803578935727,0
1,0.6676921187626605,1
0,0.7501075160831209,0
1,0.8164315364271789,1
0,0.8639154641963525,0
0,0.7289954313363654,0
0,0.7805780217396358,0
0,0.8469649515428122,0
1,0.5348326459383834,0
1,0.6009015870500072,1
0,0.7985828330592531,0
0,0.906422761370185,0
1,0.8561467391525376,1
0,0.620360605540541,0
1,0.5375093640779542,0
1,0.6796435226034359,1
1,0.5072084894632355,1
1,0.7040160581864201,1
1,0.5832734953583683,1
1,0.8951503865971817,1
0,0.8148206604442517,0
0,0.9092026355510522,0
0,0.6762183983799073,0
0,0.940876897989163,0
0,0.5838681061117239,0
0,0.865272409104389,0
0,0.867308583889771,0
1,0.6274714957689379,0
0,0.8822117563977807,0
1,0.8656225395335079,1
0,0.8367149492035049,0
0,0.6967857623688349,0
1,0.8732863759392705,1
1,0.6091991175876704,1
1,0.70339807500773,1
1,0.8894816739301292,1
0,0.9393773967392427,0
0,0.8956247224157121,0
1,0.7573220896910658,1
1,0.7448328918402242,1
1,0.6938988511769235,1
0,0.5183423547386365,1
1,0.8584689259145137,1
1,0.6862549334319605,1
1,0.9005080921090437,1
1,0.8168383422772746,1
0,0.6667306468314088,0
1,0.7274743693458304,1
1,0.7994967992040907,1
1,0.9476158836146612,1
0,0.8980139820832184,0
1,0.914181148099495,1
0,0.9100936789692226,0
1,0.559451311072733,1
1,0.7620551549387362,1
1,0.7812666821759309,1
1,0.7310634270830713,1
1,0.91063035552314,1
1,0.8663621904270358,1
0,0.6997685372324368,0
0,0.8291741267157621,0
1,0.8031748433971063,1
0,0.541686365146021,0
1,0.8225770500630415,1
0,0.6197893210949313,0
0,0.5445373781815334,0
0,0.9381905936769469,0
1,0.5068787211225572,1
1,0.8167822373370871,1
1,0.5320096004091117,1
1,0.5025063703437951,0
0,0.7105578287785855,0
1,0.7895251600945686,1
0,0.7169908045219437,0
0,0.7932616901109333,0
0,0.9218720075749997,0
0,0.9071613401461353,0
1,0.863753502676874,1
0,0.8862381030673142,0
1,0.7958945964067095,1
1,0.8279070921337626,1
1,0.7224825784628496,1
1,0.7317089887607706,1
0,0.7668858025872071,0
0,0.627362951309469,0
1,0.9164160312929216,1
0,0.903309693263597,0
1,0.7810661422141353,1
0,0.9503802085767893,0
1,0.5575390035329935,1
1,0.9035447514188673,1
0,0.5544066421221844,0
1,0.6598659482729337,1
1,0.6466820567139934,0
0,0.5259831414626979,1
1,0.7808359104739869,1
0,0.7186006963569725,0
0,0.5847763112535325,0
0,0.738284460307053,0
0,0.9213879282016543,0
1,0.6723187419311509,1
1,0.8839070657127004,1
0,0.808297750129019,0
1,0.5493981365738939,1
0,0.8532757036791304,0
0,0.6422211742491599,0
0,0.6214699920792511,0
1,0.8816198601030478,1
0,0.803794273975168,0
0,0.6442348770108206,0
0,0.8666413639525636,0
1,0.8745950974508669,1
0,0.9766138842796647,0
0,0.5041035616459707,1
1,0.8965125593798909,1
1,0.7181202327170142,1
1,0.8454010849019173,1
1,0.7888901924767633,0
1,0.6306390998405311,1
0,0.9113934166954534,0
0,0.8506479472645782,0
0,0.5047297345272861,0
0,0.8575094113261043,0
0,0.5642846955917424,0
0,0.9539636330179903,0
1,0.866607822158074,1
0,0.7311754766353514,0
1,0.504050948605291,1
0,0.5590900568012799,1
0,0.8896571860256172,0
1,0.8899696211602961,1
1,0.8373894576615671,1
0,0.8850747215182603,0
0,0.8291231449829497,0
0,0.7473510537872864,0
0,0.8462322858310758,0
1,0.8689110162683411,1
1,0.6891568921985167,1
1,0.6115524126576252,0
0,0.8423433205626039,0
1,0.5480786204344017,1
1,0.914329752957348,1
1,0.5210153286692102,0
1,0.8720974955873355,1
0,0.7231874632184785,0
0,0.740136118630349,0
1,0.5732231291369981,1
0,0.7943937861373381,0
1,0.738683063844337,1
1,0.6958896645114107,1
1,0.6687088479791639,1
0,0.7336917580798618,0
1,0.5515359981420881,0
0,0.8040245897543796,0
1,0.933597304108973,1
0,0.8983782285195155,0
0,0.7811918403437661,0
0,0.8941784835350061,0
1,0.813209412685657,1
0,0.9354248578402706,0
1,0.8130555176540772,1
1,0.7175065045401378,0
1,0.5387075421048296,1
0,0.6027866682934426,1
0,0.5784332867178313,1
1,0.7527183946529085,1
1,0.8837541765899273,1
1,0.8891986807727331,1
0,0.7317316858999616,0
0,0.7841879914701837,0
1,0.6214519911547766,1
0,0.9533963133742397,0
1,0.7475323865264545,1
0,0.8903391199754007,0
0,0.8870389948953469,0
0,0.827624938316933,0
1,0.5344532770262103,1
0,0.8092906905122249,0
1,0.8642160426080296,1
1,0.6555138671286226,1
0,0.7601518068096653,0
1,0.6024331977780026,1
0,0.9067955631527097,0
0,0.6666703092333219,0
0,0.7901736720458414,0
1,0.6320837421331995,1
0,0.5029159033104477,0
0,0.7763051718148204,1
1,0.672844596048742,1
1,0.8797019808694004,1
1,0.664973495485173,1
1,0.7039919282345853,1
1,0.7381709042751409,1
0,0.7805101680047385,0
0,0.7134406584584556,0
0,0.6551737234187862,0
1,0.6957448492940956,1
0,0.8482012650249998,0
0,0.9324281390655419,0
1,0.8154860263774599,1
0,0.630152442933145,0
1,0.7288500615272383,1
0,0.9818315224918012,0
1,0.7031734773973295,1
1,0.5038706970245345,1
1,0.685715370786225,1
0,0.9636688362949949,0
1,0.5498408498876695,1
1,0.6641564721478501,1
1,0.6146405710704979,1
1,0.9334287567932702,1
1,0.9092852344284873,1
1,0.5007474014645279,1
1,0.5953442511268684,0
0,0.6779433855212582,0
0,0.8367125324994181,0
0,0.7110215321515319,0
1,0.6859558203356028,1
1,0.7253653877168748,1
1,0.6410058062577054,1
1,0.6115942769377246,0
1,0.9567724996805111,1
1,0.7284274940023973,1
0,0.9204859643910838,0
1,0.615715940717335,1
0,0.7889159603657049,0
0,0.6645015042815252,1
0,0.797160161944099,0
1,0.7288948778450648,1
1,0.768765215746129,1
0,0.8958001069912049,0
0,0.8103832840874309,0
0,0.8560577883505752,0
1,0.8594586172814364,1
0,0.5923111565712241,0
1,0.5628285901478838,1
0,0.8460535352844188,0
1,0.8798935644200753,1
0,0.729885683200483,0
0,0.7901446737256116,0
1,0.6968562722546228,1
0,0.6255917349699712,0
0,0.8287922181537352,0
0,0.8396575472855715,0
1,0.7837848247769806,1
1,0.6925986054049748,1
0,0.7185176211863905,0
1,0.8819095875975155,1
0,0.8291951858060106,0
1,0.8028067497633543,1
0,0.8606152740832264,0
0,0.6023114954232847,1
0,0.9231706565925554,0
0,0.6672537048494083,0
0,0.807001384447183,0
1,0.9737592555265485,1
1,0.6436519645150276,1
0,0.6421378752099032,0
0,0.9230138349513147,0
0,0.6360309973115071,0
1,0.9540092205284044,1
0,0.7735176234937727,0
1,0.8672451992232354,1
1,0.7394172691227008,1
1,0.6849821668603068,1
0,0.7830331407817614,0
0,0.8877962907438004,0
0,0.517790165819966,0
0,0.894230575345,0
0,0.8430523465390175,0
0,0.8089691623802353,0
0,0.8474077817464516,0
1,0.6435932421688035,1
0,0.636033782778422,0
0,0.5171730087090609,1
1,0.6402525144993206,1
1,0.609061725412884,1
1,0.8448806485380422,1
0,0.8132381812994907,0
1,0.8552319861554812,1
0,0.5017675111916213,1
0,0.8063271715890942,0
0,0.7889822132976086,0
1,0.8002467836998474,1
1,0.6702564863117061,1
1,0.7191724668623914,1
0,0.5196411616276597,0
0,0.8687351190716973,0
0,0.6996783550161857,0
1,0.9164969782743666,1
0,0.7653868349536809,0
1,0.6910591084477812,1
1,0.6704402256443969,1
0,0.835175569932014,0
0,0.7997910321073909,0
0,0.7955361882432761,0
0,0.8636869192842905,0
1,0.9405582775360465,1
0,0.8779273648196819,0
0,0.8898919935186582,0
1,0.7710539460300706,1
0,0.840955313869836,0
0,0.9217401819563811,0
1,0.9013627884524629,1
1,0.8079886188155441,1
0,0.6628191772083994,1
0,0.973893199399807,0
1,0.819979813283708,1
1,0.8738446023983507,1
1,0.5473549775373645,1
0,0.8944922386379885,0
0,0.7141972274100428,0
0,0.6452705079302334,0
0,0.7056798730668483,0
0,0.8119675972778451,0
0,0.6328274005362526,0
1,0.8338534845604629,1
0,0.8870181012394875,0
0,0.6159964152748665,0
1,0.8108224879457157,1
1,0.5918923519137362,1
0,0.7274662752326383,0
1,0.9744722104057513,1
0,0.7945579599681962,0
1,0.6849776215132716,1
0,0.7762638761851781,1
1,0.6147276213420934,1
1,0.827504652867364,1
0,0.9440083697769155,0
1,0.6115035567722019,1
0,0.6712779243781285,0
0,0.897301138463573,0
0,0.8151013757915663,0
0,0.817886373599174,0
0,0.7697294998193986,0
0,0.7373501966119589,0
0,0.9100181257671986,0
1,0.651620441044006,1
0,0.8849812574204478,0
1,0.832140842831819,1
1,0.548619297104675,1
1,0.8030112499417865,1
0,0.6609537664524219,0
1,0.8422302990121374,1
0,0.6558985012392018,0
0,0.6161023771988126,0
1,0.70603104303392,1
1,0.8935625683216178,1
1,0.7812447473038553,1
1,0.7202160450033296,1
0,0.8133392964797553,0
0,0.8483705792614392,0
0,0.6459188398433051,0
0,0.9716957090536127,0
1,0.6668464640975258,0
0,0.8672238726532011,0
0,0.7987326485392158,0
0,0.5554670878004813,1
1,0.8003344931400256,1
1,0.8215809715990001,1
1,0.6988341710689105,1
0,0.8714594880118495,0
0,0.563721085199906,0
0,0.6403220082800136,0
0,0.9235592242112514,0
1,0.7111647770405947,1
0,0.621523878983875,0
1,0.9079594439620883,1
0,0.8338562146757055,0
0,0.8881953962824932,0
1,0.8224453645235807,1
1,0.576184137738439,0
0,0.7600066096303718,0
0,0.8609389368313805,0
1,0.8001885859449673,1
0,0.8767875957853536,0
1,0.7056942124793351,1
0,0.784510054097771,0
1,0.7023051589942667,1
1,0.8872472867894606,1
0,0.6552457021630362,0
1,0.8259729445354566,1
0,0.5987354364669945,0
1,0.9071586002616325,1
0,0.6505594739257368,0
0,0.7688623241427481,0
1,0.6961374918877925,1
1,0.5644753932979304,1
1,0.6862118516763364,1
1,0.9421963016370547,1
0,0.7619323270875524,0
0,0.9471735423876303,0
1,0.787783908900243,1
0,0.6711199269976102,0
0,0.8827112018435508,0
1,0.7554868886146495,1
0,0.55988898083182,1
0,0.6770155697066444,0
0,0.9286645351687365,0
0,0.6822384483142562,1
0,0.8673434634137283,0
1,0.6711930916730211,1
1,0.7057576144142701,1
0,0.7224407120493228,0
0,0.6669314201895379,0
1,0.6133876012413599,1
0,0.8690742545943169,0
1,0.8082654989702673,1
0,0.8935396615410521,0
0,0.5436460282885873,1
0,0.7546174183564477,0
0,0.8525768209960906,0
0,0.592789909849896,0
1,0.701886125243612,1
0,0.6898161367687543,0
0,0.8657144427443396,0
0,0.7101859548412989,0
0,0.8805904991688391,0
0,0.669423490492212,1
0,0.8718230613989894,0
1,0.8871246024466619,1
0,0.7630758779533633,0
0,0.6692775927782412,0
0,0.9372910784704963,0
1,0.5543859408946548,1
0,0.5428152759754861,0
0,0.80074515729558,0
1,0.5263005667395341,1
0,0.889868159500642,0
1,0.8784052076194887,1
0,0.6270290195963745,1
0,0.9141160453761044,0
1,0.7762149135466877,1
1,0.639704228383933,1
0,0.7513665793034422,0
1,0.7523642305644901,1
0,0.8930640955490863,0
1,0.5508661133832659,1
1,0.5380041984244803,1
0,0.9347342782101035,0
0,0.8673467795411612,0
1,0.761425331642407,1
0,0.5616771898214465,0
1,0.6964649694084363,1
1,0.6533599625959962,1
1,0.8767770111450429,1
0,0.9538584882728214,0
0,0.9109656801403483,0
1,0.7380245035516146,1
0,0.9568177482083359,0
1,0.64645944574272,1
1,0.7395834499276716,1
0,0.5612630306763355,1
0,0.5126935224986865,1
0,0.7172491142539577,0
0,0.5588746265872331,0
1,0.8881945199346312,1
1,0.5102003034017937,1
0,0.7280376478294631,0
0,0.9268602483126812,0
0,0.9221211651047665,0
1,0.5434763720977536,1
0,0.9168436979190303,0
1,0.7409186029364049,1
0,0.8256382843570865,0
1,0.6624016407712345,1
0,0.7528981303555738,0
1,0.8351135361127306,1
1,0.86631312892764,1
1,0.5945920502690127,1
1,0.8294583275005224,1
1,0.6193464155350727,1
1,0.7537128573682732,1
1,0.7426288190735703,1
1,0.7564495107101967,1
0,0.7453487113148858,0
1,0.6396307755268104,1
0,0.7201679470804218,1
0,0.5564816728984172,0
0,0.9128121685915301,0
0,0.7896206516990072,0
0,0.6284612568270495,1
0,0.8677887520604762,0
1,0.6143988011237941,1
0,0.806135314448057,0
1,0.7384305218567346,1
0,0.7296190035215574,0
0,0.6173880687256572,0
1,0.8534154297942381,1
0,0.8717299505361352,0
1,0.792190180806304,1
0,0.5480614654175996,0
0,0.8656713827611414,0
1,0.7681808588173484,1
0,0.5978647317827974,1
0,0.6918589062955056,0
0,0.743722747147775,0
0,0.8551928023335963,0
0,0.5010300948837965,1
1,0.7941620684889678,1
0,0.6338955881952729,0
1,0.9038347514377624,1
1,0.8747158523450169,1
0,0.9192807014491386,0
1,0.5773972928044783,1
1,0.7984409740631662,1
0,0.7722756721452025,0
0,0.603069784433247,0
0,0.5870775009808042,0
0,0.8966699828893374,0
0,0.9509789493933509,0
1,0.8050560733554204,1
1,0.7750801664431576,1
0,0.8155701859090819,0
0,0.8740820913737853,0
0,0.6888530018949286,0
1,0.8353487667824373,1
0,0.9019080210381293,0
1,0.8389917255960749,1
0,0.8842038846645364,0
1,0.8451613152929784,1
1,0.7339144248899144,1
0,0.7858053014980745,0
1,0.7615086821372696,1
1,0.6461930960215669,1
1,0.7567149979299348,1
1,0.8005452248770213,1
0,0.7214684386545581,0
0,0.6007735975613979,0
1,0.808150363200978,1
1,0.8858360581959938,1
0,0.5712518729707264,0
0,0.8751248661227702,0
0,0.6654507689916437,0
0,0.8577484887607637,0
1,0.8620667892740352,1
0,0.8308512716363603,0
0,0.8031420221109222,0
0,0.7261858286971085,0
0,0.6721887183582538,0
0,0.8002211382702756,1
1,0.7786360042814043,1
1,0.7950763730588769,1
1,0.8657422281987691,1
0,0.8564754635172838,0
1,0.8261116273863207,1
0,0.7084067572796997,0
1,0.9119601817319668,1
0,0.8272645566960621,0
0,0.6183227570965077,0
0,0.7338078754329979,0
0,0.8455003017313634,0
1,0.7514190828679984,1
0,0.8055752327710359,0
0,0.5227737526474975,1
1,0.902995429841635,1
0,0.6635795064745222,0
0,0.7987330754846375,0
1,0.7626523565015664,1
1,0.8172492397762466,1
1,0.7602060635962633,1
0,0.6119939516731143,0
0,0.7985217296783885,0
1,0.7559198916501058,1
1,0.8566378897398284,1
0,0.9183022174712283,0
0,0.5812052239115074,0
1,0.8929211792833747,1
0,0.9263106521992707,0
1,0.8341373629249764,1
0,0.6957327911233144,0
0,0.6174706894922154,0
1,0.7293379416704997,1
0,0.6157834150951227,0
1,0.7731902202406835,1
0,0.7448603702794354,0
0,0.505687161699446,1
0,0.733675632151284,0
1,0.6479913541650815,1
0,0.7522594502684123,0
1,0.7519634883347193,1
1,0.8367327432755974,1
1,0.7702506204503667,1
0,0.7339444099960488,0
0,0.7843699480261963,0
0,0.7364513240875414,0
1,0.8291786412903752,1
1,0.6170118633739835,1
0,0.845415163843855,0
0,0.8506250553833321,0
1,0.7436158029575448,1
1,0.7713190259308798,1
0,0.6022956647610113,0
0,0.8236982696942158,0
0,0.8738331769123199,0
0,0.7773579451709536,0
1,0.7762595708272915,1
0,0.5155124105120897,1
1,0.9020811996141413,1
0,0.7217740723134617,0
0,0.6433914237022677,1
0,0.8186389642470804,0
0,0.6968519024041248,0
0,0.8379986812753945,0
1,0.5325390277043074,1
1,0.7481614535954909,1
1,0.8528982059041368,1
1,0.8879469801157039,1
0,0.7078680997073071,0
0,0.8569823104316804,0
0,0.9293712144532373,0
0,0.8098543625550999,0
1,0.834659580680531,1
0,0.8240453309318053,0
1,0.6996928436840656,1
1,0.8603729756969672,1
1,0.7543421917105971,1
1,0.5863887705594736,1
0,0.843112330137448,0
0,0.6549895223081621,1
1,0.7769475651469885,1
1,0.7923253686142799,1
0,0.8049081118721669,0
0,0.7480109396073436,0
0,0.7706591273996234,0
0,0.896511849964557,0
1,0.5360993152074747,1
0,0.9025275760416577,0
0,0.5248205405391144,1
1,0.8983814608067684,1
0,0.8038056119997196,0
1,0.5829016907491279,1
0,0.6911484943215751,0
1,0.522948163804004,0
0,0.7543869780306176,0
1,0.7160007683829521,1
0,0.571877071514222,1
0,0.5874515266382357,0
1,0.6779691112540752,1
1,0.5742834081817786,1
0,0.81547398827547,0
0,0.6663486463300514,1
0,0.8360058498800785,0
0,0.5621139723704137,0
1,0.6390670056230074,0
0,0.7122553738052947,0
1,0.7944605038104688,1
0,0.6140055293482959,0
1,0.9301940819531183,1
1,0.8268268955237162,1
0,0.9648001188724371,0
0,0.8565954336278987,0
1,0.8320456602159216,1
0,0.685796107168554,0
0,0.7669566510849088,0
0,0.6544180401773558,0
1,0.7762540778108432,1
1,0.7938453528036548,1
1,0.5024698173311933,1
1,0.8859325190797076,1
0,0.9598723342261533,0
1,0.6679414824822375,1
0,0.767993513510508,0
1,0.7718793556181808,1
1,0.7349501334904147,1
1,0.9263293075854705,1
0,0.7455089240712338,0
1,0.8137977922238969,1
1,0.6795281458453856,1
0,0.7632438458944292,0
1,0.6692413003674699,1
0,0.816577800432321,0
0,0.7060721104504126,0
1,0.8281909157360594,1
0,0.7858224901150614,0
0,0.7071716606601188,1
1,0.7346337405776934,1
1,0.7644152629229978,1
0,0.7095268073022423,0
0,0.7803484240824119,0
0,0.8886362742791349,0
0,0.9129480838683594,0
0,0.8349905537951218,0
0,0.8891966956517974,0
0,0.854583284445905,0
1,0.845394934917242,1
0,0.8625503302556332,0
1,0.7218184758370718,1
0,0.7815395230610058,0
1,0.7339969550713316,1
1,0.6884118049180031,1
0,0.8198086842643292,0
0,0.8764745146627347,0
0,0.5131106756827861,1
1,0.6242371279122553,1
0,0.6426849957037861,1
1,0.8177077164484899,1
0,0.7550563533495793,0
0,0.8403183009322133,0
1,0.8840101293409072,1
1,0.8440913594827174,1
1,0.9111971929687774,1
1,0.6615849280985934,1
0,0.7866235564373115,0
0,0.7795361822374115,0
1,0.9311580530005925,1
0,0.5363776035483265,0
1,0.7496923281565359,1
1,0.7830666543271102,1
0,0.8247869855483329,0
0,0.5916126881040685,0
0,0.7595349795204397,0
0,0.8476669474470552,0
0,0.6198724860064513,0
0,0.7401705015017652,0
1,0.5226323499492244,1
1,0.5983502012802937,1
1,0.6436246287366231,1
0,0.938067215962058,0
0,0.7301927848822684,0
1,0.8289665049364681,1
0,0.5605790053649564,0
0,0.8798489215495015,0
0,0.8145421351886475,0
0,0.8053783002359068,0
1,0.723032859757354,1
0,0.7433361653948567,0
0,0.618496985471168,0
0,0.8483484160327549,0
1,0.7498599976544795,1
0,0.9029724348960599,0
0,0.8001978048889693,0
1,0.7428808790767949,1
1,0.7572705547796583,1
1,0.6922345026431442,1
1,0.7301170280896753,1
0,0.5878122257267067,0
0,0.8985775002261085,0
0,0.895982794628286,0
0,0.7003269976860594,0
0,0.7810502664453163,0
0,0.8654601556727392,0
0,0.8781825082053326,0
0,0.7700081425879047,1
1,0.5963268183527799,1
0,0.8541073112734103,0
1,0.8219686075677304,1
1,0.5692901761363895,1
1,0.7026051845633929,1
1,0.5926970381898781,1
0,0.7483455353787087,0
0,0.8053293571995467,0
0,0.5741354653208102,0
0,0.8987321935005491,0
1,0.7936546525935552,1
0,0.8176180826890311,1
0,0.5394099977238631,1
0,0.7728486335001944,0
1,0.8623087573460146,1
0,0.8184197248940982,0
0,0.7735752341074422,0
1,0.8663336510221026,1
1,0.742652250503389,1
0,0.6704842723455346,0
0,0.8237440353163559,0
0,0.821443536365965,0
0,0.9247757905351998,0
0,0.8250736924821156,0
0,0.6618956775344004,0
1,0.8205439720978442,1
1,0.791019241498476,1
1,0.893039857252101,1
0,0.8281914008555576,0
0,0.9230673539535373,0
0,0.8571825136622537,0
0,0.7813681861681017,0
1,0.7586162099580225,1
0,0.7922915622187121,0
0,0.9211532845705893,0
0,0.6327975947806896,1
0,0.6889787486285294,0
0,0.8316838433738497,0
1,0.8500418233713856,1
1,0.7016496286875031,0
0,0.7172361365853502,0
1,0.8688504209414484,1
0,0.9707841569084066,0
0,0.8910925045296596,0
0,0.6736148022535027,0
1,0.5571080622327647,1
1,0.8796376875285219,1
1,0.8114369481022368,1
0,0.830170386412427,0
0,0.7574372050973665,0
0,0.7510233810038687,0
1,0.5639649873175199,0
0,0.7539747169862494,0
0,0.9267951691813429,0
1,0.8223308055876348,1
0,0.7815444597328393,0
1,0.5229148431901853,1
0,0.5443609993705847,1
0,0.8034558714469223,0
0,0.7913837680632698,0
1,0.9446591245900433,1
0,0.567206345930404,0
0,0.7176894947868186,0
1,0.7111131514578871,1
1,0.7608666925982807,1
1,0.5205798003809424,0
1,0.906639269803803,1
1,0.8362613479485755,1
0,0.7993612046839355,0
1,0.7273707618396011,1
1,0.6964510235004678,1
0,0.71642081851045,0
0,0.9733259500794227,0
1,0.6124546498606641,1
1,0.6927767012528239,1
0,0.5644441375555441,1
0,0.7222466865870771,0
1,0.8461919625031082,1
1,0.8272763395101321,1
1,0.8988971943030967,1
0,0.6707787899451314,1
0,0.7812640931112116,0
1,0.854380306281074,1
0,0.8021043653316936,0
1,0.8444999248661018,1
0,0.5543902223078263,0
0,0.6363506468224687,1
1,0.7431369842812142,1
0,0.7276492179145608,0
0,0.8001198455674119,0
1,0.8437688576878881,1
1,0.799126968159152,1
0,0.5142382803809055,0
0,0.856607791181262,0
1,0.6607096186385797,1
0,0.8656352614843213,0
0,0.6735261770553326,0
0,0.7636531428397659,0
1,0.82748758866207,1
0,0.6519209478115386,0
1,0.5439677509848491,1
0,0.8085862341391725,0
0,0.5601201623828499,1
1,0.8606405446270196,1
1,0.8523512892617495,1
0,0.8058816298494206,0
1,0.6706313084037582,1
1,0.6646507622912199,1
1,0.6820325835142367,1
0,0.5648519599441332,0
0,0.8116204991177496,0
1,0.7966839414330611,1
0,0.807462404273723,0
0,0.5735529947231812,0
0,0.8205804756925523,1
1,0.8503690020124899,1
0,0.766359073211465,0
1,0.5106227457839099,1
0,0.6733634155391248,0
0,0.9251956384635173,0
0,0.5620456854795824,0
1,0.5419328114621457,0
1,0.5976576443508599,1
0,0.7230272700833581,0
1,0.878825286478466,1
0,0.8179328553977111,0
0,0.8750187505049093,0
1,0.6483747745399885,1
1,0.9086604622022558,1
1,0.8079922477413383,1
1,0.8887115418114626,1
0,0.9104695973807815,0
1,0.963347332383521,1
1,0.8362330830481002,1
0,0.7710945239018194,0
1,0.7433150444159776,1
0,0.809813447933541,0
1,0.8476299061459751,1
1,0.7421721796642925,1
0,0.7928002734620107,0
1,0.7026997877024755,1
0,0.6435072465511931,1
0,0.7749937280525254,0
0,0.7557157256607756,0
0,0.8371011650165529,0
0,0.7176357707717467,0
1,0.6747589490401077,1
1,0.5991984184394074,1
0,0.9738497919703691,0
1,0.6617990878212988,1
0,0.8090296283997696,0
0,0.8061964327179262,0
0,0.9025155808767058,0
0,0.9164773941623459,0
1,0.8947576611874783,1
0,0.6162816113260767,0
1,0.686760336125896,1
0,0.5040600511575466,0
0,0.6038997518230989,0
1,0.9177582426613504,1
0,0.9462259848543327,0
0,0.6561059169218606,0
1,0.7518568033962175,1
1,0.8144094443059708,1
1,0.7788348929203162,1
0,0.7788225433782412,0
0,0.8824923483981996,0
1,0.8831706269019372,1
0,0.7244968054123645,0
1,0.6028828989594184,0
0,0.8230130042541891,0
0,0.819326989803287,0
0,0.852010101665626,0
1,0.6766109993533783,1
0,0.8985689461782354,0
0,0.9222564176068245,0
0,0.760484682763762,0
0,0.8850382814441775,0
1,0.7716674507937987,1
1,0.6547486000105601,1
0,0.6669614013106092,0
0,0.6577897046520573,0
1,0.6861402421656755,1
1,0.8475372497860213,1
1,0.6701100431008503,1
0,0.677102087646442,1
0,0.717006406871065,0
1,0.6379735616857864,1
0,0.7566065598459156,0
0,0.7447147418448485,0
1,0.5857448512194907,1
0,0.8939504363087623,0
0,0.6749861933748954,1
1,0.8938954000431973,1
0,0.9149012384596584,0
0,0.9633317001215007,0
1,0.5143316993881839,1
0,0.7613775419433023,0
1,0.78835044311415,1
0,0.6791681981365185,1
0,0.7743299496265825,0
0,0.9020512575656167,0
0,0.7817335027583906,0
0,0.7796875710396005,0
0,0.7881362659079382,0
1,0.802222749229086,1
0,0.8562190458000591,0
0,0.7556953594972895,0
0,0.8143946496570713,0
1,0.6193486771377761,1
1,0.6315658770602006,1
0,0.5240310527842954,0
0,0.9038484338770544,0
1,0.6869166418099776,1
1,0.7688782756553145,1
1,0.8819535371871123,1
0,0.9117717934535245,0
0,0.8879032624371568,0
0,0.51434299771236,1
0,0.9384604747840468,0
1,0.8824806924026127,1
1,0.6664923132520055,1
0,0.6164463352460801,0
1,0.5402432470615021,1
0,0.825707193504722,0
1,0.635231887489461,1
0,0.8453590233239208,0
0,0.8889979445980905,0
0,0.8828176826086189,0
0,0.6804482917202621,0
1,0.7853659562459161,1
0,0.7243764394397824,0
1,0.5707147681201541,1
0,0.9474175310786283,0
1,0.5468325738702215,0
0,0.8766894927945001,0
0,0.6456977660626199,0
0,0.5623193658875447,1
0,0.6862220972185071,0
1,0.8223703004511789,1
0,0.8746004912412686,0
1,0.5913758197773885,0
1,0.9207690631363664,1
1,0.6038447778719467,1
1,0.9021792282576271,1
1,0.9272909468698257,1
0,0.6232895181735016,0
1,0.615398320352965,1
0,0.5754391682118418,0
1,0.8586860721080849,1
1,0.5334133277946362,1
0,0.6114139995666525,0
1,0.511974715364294,1
0,0.5978359435163041,0
1,0.7372815777407095,1
0,0.9235809750342949,0
1,0.7781551267631853,1
0,0.8323924012325171,0
1,0.7761240322758364,1
0,0.6186121049120852,0
0,0.6184313691461656,0
1,0.6277110796092101,1
0,0.9098927781266815,0
0,0.8799315992395866,0
0,0.8552247652150794,0
0,0.9155067430887843,0
0,0.679814337513693,0
1,0.712336421800236,1
0,0.8420632319087835,0
0,0.857883393492225,0
0,0.916288669594223,0
1,0.7715557877509864,1
1,0.7362763124687577,1
1,0.5328358809117093,1
0,0.5388095063982122,1
1,0.5939724703930548,1
1,0.8412248828199075,1
0,0.613988577209074,0
1,0.6639701946692448,1
1,0.6822584902539348,1
1,0.7091501246173996,1
0,0.6230569751848416,0
0,0.8155944191969294,0
1,0.6894301442448337,1
0,0.9552518143373718,0
1,0.5361187769541019,0
0,0.8219226402588405,0
1,0.7473548981380387,1
0,0.8105518072363339,0
1,0.8577146554977073,1
1,0.8861865316756704,1
1,0.5677484822476486,1
1,0.815091505087485,1
1,0.6821347001813463,1
1,0.800064865208791,0
0,0.8039185275979475,0
1,0.6643673088984963,1
1,0.754785466719898,1
0,0.880231183622781,0
0,0.7233352934715815,0
0,0.9142560455240311,0
1,0.8725565145748436,1
0,0.9469203077588347,0
0,0.9205190891610949,0
1,0.7643124935044243,1
0,0.7921526334554924,0
0,0.8988034758984712,0
1,0.5340366224755044,1
0,0.5215134695107271,1
0,0.5431820980821617,0
1,0.5090376326773635,1
1,0.6808266688975725,1
0,0.6460259661445519,1
0,0.6686086580215694,0
1,0.7241440266108479,1
0,0.8869456157090057,0
1,0.7396109620259296,1
1,0.5636190091306789,1
0,0.646022724208911,0
0,0.9449443409819177,0
0,0.9325625879150483,0
1,0.5323678013988414,1
0,0.8952213795831556,0
0,0.7882337624085245,0
0,0.8202157555564131,0
1,0.785821275358744,1
0,0.8546056126636347,0
0,0.8858847169152192,0
1,0.6416634404706807,0
0,0.7738045128973431,1
1,0.9188078925714176,1
0,0.8513765990236458,0
1,0.8260146710109648,1
0,0.8119320654231811,0
0,0.5011849394880982,1
0,0.9069696065472697,0
0,0.9400041511449208,0
1,0.5894356879593398,1
1,0.7808916050727012,1
1,0.9027196567016975,1
0,0.6340861596721334,0
0,0.8822721121750671,0
1,0.9329857124899809,1
1,0.5894668421370666,1
0,0.9133145887197265,0
0,0.8870614335901971,0
0,0.5722019739039923,0
1,0.7206629201638409,1
0,0.9603171734528476,0
1,0.7087628046555694,1
0,0.5648171523519928,0
0,0.6568750088931632,0
1,0.6446182594227853,1
0,0.9522147508029443,0
1,0.7336040791473695,1
0,0.8610961350825472,0
1,0.8069527628591032,1
1,0.7075054936198487,1
0,0.7003468056334194,0
0,0.6914154967370327,0
1,0.6310061376649927,0
1,0.6168301014311183,1
1,0.5313251872569685,1
0,0.7485072077545158,0
0,0.7614457499881205,0
1,0.5410015307625547,1
0,0.7952772489554759,0
0,0.8205601260982266,0
0,0.9109940238751086,0
0,0.8473312441348059,0
1,0.5131545946312093,1
0,0.7145025379315461,0
0,0.8765397036354087,0
0,0.9264045728575077,0
0,0.806272826184939,0
0,0.8898840597817341,0
0,0.7709276651118739,0
0,0.858365583458478,0
0,0.8169445040306444,0
0,0.6307979164777145,0
0,0.8964319355471314,0
0,0.8309705938924771,0
1,0.6710738443758433,1
1,0.519006898795844,1
0,0.8509959386775373,0
0,0.8323975115923162,0
0,0.7527939510733027,0
0,0.8645363797825029,0
1,0.734761804455238,1
0,0.663982698011134,0
1,0.885578043025681,1
1,0.7769323645991076,1
1,0.6274209468354867,0
0,0.6411462785520842,0
0,0.5346496536534073,1
1,0.6748336297328507,1
0,0.8239109443335629,0
0,0.8314610558648154,0
1,0.6824821551252749,1
0,0.7058500307015422,0
0,0.5151220495010347,0
1,0.5155944589109577,1
1,0.934733495994881,1
1,0.64050721800303,0
1,0.7824041960409067,1
0,0.6286339822061,1
0,0.6063880670552031,1
1,0.6831401588779152,1
1,0.7756134607735122,1
0,0.689849539838158,0
1,0.8058153402040998,1
1,0.8291195477042759,1
0,0.8194197918003339,0
0,0.9104786219017963,0
0,0.8464745837324588,0
1,0.7610432898353762,1
1,0.805592928328373,1
1,0.5356841345841903,0
0,0.8290877554068398,0
0,0.6548386022450112,0
0,0.6159870814203079,0
0,0.8370826978371273,0
0,0.8939541007906904,0
1,0.6578670716774021,1
0,0.713941893737047,0
0,0.5736667785296385,0
0,0.8255595598216394,0
1,0.9258875184000529,1
1,0.7885164466605247,1
0,0.8145879450182721,0
0,0.8927082557014743,0
0,0.7485996638318246,0
1,0.7550518893423414,1
1,0.7900148721112698,1
0,0.5566054877588813,0
1,0.5776439156100597,1
1,0.6274059563927916,1
1,0.72498949957498,1
0,0.7142086693454365,0
0,0.6325349655677075,1
0,0.5804927117136514,0
0,0.7480989720560977,0
0,0.5498273079760989,1
1,0.7826169566484755,1
1,0.8770474908613872,1
0,0.546355230880002,1
1,0.6605485398928224,1
0,0.8214099825894191,0
1,0.9075365311418827,1
0,0.6056045585091092,1
1,0.8794714338374866,1
1,0.8617727361104924,1
0,0.79933686417932,0
0,0.8026634221197848,0
0,0.9640149779480441,0
1,0.639828385127334,1
1,0.9379608033030002,1
0,0.6923052388565598,0
1,0.6479095060490163,1
1,0.7282941627996011,1
1,0.9556346977182941,1
0,0.6052531642534837,0
0,0.8959835794055077,0
1,0.5346945025221392,1
1,0.762525310880123,1
1,0.6419019900440586,1
1,0.6076437608450096,1
0,0.8601716887872758,0
0,0.8902465491659382,0
1,0.8226630306683471,1
1,0.5444123895433004,1
1,0.6258637865543577,1
1,0.6022047047669321,1
1,0.7997498657905017,1
0,0.9208546141044724,0
0,0.7535627861786356,0
0,0.8681926086184084,0
0,0.5063234990617788,1
0,0.8435720238756373,0
0,0.5470383670868433,0
1,0.6291167413338816,1
1,0.8562590954721592,1
0,0.7260671366022377,0
0,0.9499503022520753,0
1,0.8221443352108141,1
1,0.8007637677850313,1
1,0.7657727954445117,1
1,0.8400690133003732,1
0,0.8348951657274875,0
0,0.5688934536034999,0
0,0.9161307787799999,0
1,0.790855261945508,1
0,0.8119117650991146,0
1,0.6932242175909206,1
1,0.6245298897053017,1
1,0.7014541237648032,1
1,0.6911734703213653,1
1,0.655536554771607,1
1,0.8357736096160712,1
0,0.5957279423718069,0
0,0.8162347579330004,0
0,0.5808670146525546,0
0,0.8157008925788929,0
0,0.5739455999424854,0
0,0.5936569970332716,1
0,0.6014029251963743,0
0,0.5685811929524601,1
1,0.541421262828987,1
0,0.7203002399321632,1
0,0.6941829849211778,0
0,0.978967108939114,0
1,0.6448822714743736,1
0,0.9340722766870673,0
0,0.7667022598506693,0
0,0.7578498010954786,0
1,0.6875079440049283,1
0,0.7147029473208901,0
1,0.9550394239874751,1
0,0.5930368411343079,0
1,0.674336873332894,1
0,0.6837229090365051,0
1,0.6011679662920049,1
1,0.8812564541516099,1
0,0.9211071600115208,0
0,0.7549124666087302,0
0,0.8309021805219358,0
0,0.8239396058908642,0
0,0.6780075143562357,0
1,0.9297236066760147,1
0,0.7597333254016747,0
1,0.7868801599968478,1
1,0.7413924782711566,1
0,0.7899311852270329,0
0,0.5217459055142446,0
1,0.8035734279630055,1
0,0.7591190822435612,0
0,0.8471216231874579,0
0,0.8354448532659562,0
1,0.7603535919915753,1
0,0.7377530323259838,0
0,0.5158664679973634,0
0,0.6444651806401896,1
0,0.7459287920888638,0
0,0.7820598473922447,0
1,0.5259583322421308,1
0,0.7352471397194541,0
0,0.8658411152404527,0
0,0.9384868886133343,0
0,0.8146551798175768,0
0,0.6660949287311115,1
1,0.8519443646610204,1
1,0.7186333839185397,1
0,0.9152016075147441,0
0,0.5507321367778767,1
0,0.5591247567933181,1
1,0.7097841525455837,1
1,0.8950912973607773,1
0,0.977842540997185,0
1,0.8145657227908576,1
0,0.5253544920921798,0
0,0.7982406895852653,0
1,0.7664686702662724,1
0,0.958127475176592,0
1,0.8138668055513951,1
1,0.7216577012234423,1
1,0.6235158254958182,0
0,0.79961862474479,0
1,0.777325806818106,1
0,0.906513715166706,0
0,0.9371849727171427,0
1,0.8065417205138362,1
0,0.8389774430475496,0
0,0.7448172616456031,0
0,0.6791110361342169,0
1,0.7677810266158587,1
1,0.7201762477449969,1
0,0.7814925879563168,0
1,0.6383608400897836,1
0,0.9038461867475838,0
0,0.5852649766214391,0
0,0.7327486261946,0
1,0.8429991195618272,1
1,0.5953611303828507,1
0,0.645911783503257,0
0,0.561543275211863,0
1,0.8258932361781303,1
0,0.888525215000175,0
1,0.8829734943293124,1
0,0.8260287427063172,0
1,0.7714471448540503,1
1,0.5837567471642504,1
1,0.9059208360480524,1
0,0.9431653180792443,0
1,0.8190938553277349,1
1,0.900101856922891,1
0,0.8889120868394371,0
1,0.8526799904711478,1
1,0.5684976872165708,1
1,0.7578635851730156,1
0,0.7651676075712088,0
1,0.950381849924396,1
0,0.7483489536881119,0
0,0.8807875353008787,0
1,0.7853501692740259,1
1,0.8327274029476484,1
1,0.5256756111532277,0
0,0.5976935477222118,0
0,0.9228951570579449,0
1,0.7125821454532407,1
0,0.7885435891846221,0
0,0.9201077899936251,0
0,0.7853574681993655,0
1,0.5397559403074735,1
1,0.8275773033912297,1
0,0.7004429681603049,0
0,0.94648986552207,0
1,0.8387496658584016,1
1,0.7682123869200778,1
0,0.9569876594671776,0
1,0.5791952053176953,1
1,0.531250743398597,1
1,0.7547336955546675,1
0,0.782020125430951,0
0,0.7557860759818155,1
1,0.7021975781891883,1
1,0.8241876179655728,1
1,0.7600437545200843,1
0,0.7980044740614117,0
1,0.8255518984912547,1
1,0.8033777252033716,1
0,0.7990596963233101,0
1,0.749724358600046,1
0,0.7508740789989068,0
0,0.9192958915353898,0
0,0.9335903843178688,0
0,0.9070805353943879,0
1,0.8091302034691237,1
1,0.6593315505718009,1
0,0.5569387584750843,1
1,0.8801709721331588,1
1,0.7021911455422175,1
1,0.5480623968263898,1
0,0.8864528124958262,0
1,0.8062897097339493,1
0,0.8327598906903848,0
1,0.7572723894412458,1
0,0.7658589979980076,0
0,0.6579100883850844,0
1,0.7647867761383341,1
0,0.788388655699704,0
1,0.723682868836765,1
0,0.8641619643681628,0
1,0.5936742863198377,1
1,0.6380009418405473,1
1,0.9601839422848337,1
1,0.5483659062816285,1
1,0.7828068341467674,1
1,0.7122086038134144,1
1,0.7521889974775327,1
0,0.8769686112693718,0
0,0.7384298354826432,0
0,0.8387167801654557,0
1,0.8982357456410957,1
1,0.6249215411090617,1
1,0.853645619174908,1
1,0.80983253071569,1
1,0.7016160163106011,1
0,0.6876622451586102,0
1,0.5851739921583111,0
0,0.9174050220109361,0
0,0.786020687507259,0
1,0.9140217161796863,1
1,0.7572333224399226,1
0,0.9749775233414766,0
0,0.6161606165432876,0
0,0.6670884495641893,0
1,0.7620402465316862,1
1,0.5655933741284148,0
0,0.5506918330047879,1
0,0.9909714480504725,0
0,0.8048316988184799,0
1,0.7202691927621621,1
0,0.5965591581130616,0
1,0.622572706994865,1
0,0.7599841828729529,0
0,0.7851458217892547,0
1,0.9446302799145435,1
0,0.5421806356802714,1
1,0.9476272718298827,1
0,0.6133925740230729,0
1,0.792178219255677,1
0,0.6784641406389669,0
0,0.8023148557301015,0
0,0.7544750339501284,0
0,0.8178716494425526,0
0,0.9389213275510555,0
1,0.8251991108140508,1
0,0.7171831772550733,0
0,0.8113243258114882,0
1,0.7599136279219683,1
1,0.5459502372079883,1
0,0.7006140813524956,0
0,0.5468172333430755,0
0,0.8321388927962798,0
0,0.5864923517794105,0
0,0.9253130095382229,0
1,0.8431851845706991,1
0,0.8247534185198314,0
0,0.753777443535101,1
1,0.9223450088022653,1
0,0.8215826708193509,0
0,0.9320208407964272,0
0,0.8939269156942184,0
1,0.7833372060818183,1
1,0.7336550530599355,1
0,0.9015240734560309,0
1,0.5034946159066286,1
1,0.9508662481096148,1
1,0.7374741126517825,1
1,0.5734090032371157,1
1,0.6967814218349364,1
1,0.6398419580279086,1
1,0.9045140870097317,1
0,0.7861433649855771,0
0,0.9347082305149427,0
1,0.9204512991463953,1
0,0.8002660527239035,0
0,0.74694139184187,0
0,0.836338687523248,0
0,0.915687339824911,0
0,0.9403145755921508,0
0,0.8011064919158489,0
0,0.626764670850318,0
0,0.926591372722484,0
1,0.7338296340594433,1
0,0.7683807557590194,0
1,0.6801127924275412,1
0,0.8406900333704438,0
1,0.5091991274544615,0
1,0.5217157553136258,1
1,0.8829254972600581,1
0,0.6872484181170605,1
0,0.8171372887417723,0
1,0.5449488688505537,1
0,0.7626919139544827,0
0,0.5272268684663212,0
0,0.9017068405581401,0
0,0.8642070154868876,0
1,0.8930776552035693,1
0,0.591156093982736,0
1,0.9615194409704997,1
0,0.7364119382190805,0
0,0.9373682397834001,0
1,0.8676749535543412,1
1,0.8922502154146624,1
1,0.5745582462122777,1
0,0.8998532195348572,0
0,0.8092522634068628,0
1,0.8301963600471977,1
0,0.8489169795479369,0
1,0.8515430336102714,1
0,0.8286450556316228,0
0,0.8349927253693534,0
1,0.8642087518230508,1
0,0.8444454043463879,0
1,0.6766061889580862,1
0,0.6986673272996949,0
0,0.9193946697051398,0
1,0.669359723203668,1
1,0.8819042043307305,1
0,0.8364245343913282,0
0,0.7339258419962291,0
0,0.9141574349827987,0
0,0.608074660784899,0
0,0.7239195032460566,1
0,0.6834200784454865,0
0,0.8147721176617813,0
1,0.6860652076328757,1
1,0.7050891746900136,1
0,0.8493102313374978,0
0,0.8438755988079427,0
1,0.7702490548267349,1
1,0.8220206993864065,1
0,0.7128913656291014,0
0,0.8705452036693558,0
1,0.8781880225139829,1
0,0.6463855944661642,0
0,0.9171087121720668,0
0,0.8996131836744099,0
0,0.7509942132430655,0
0,0.9064823391368403,0
0,0.9174821656952833,0
0,0.8368280943204054,0
1,0.9246631886552285,1
0,0.5360216891550217,1
0,0.8589370537443668,0
0,0.7883091948399578,0
0,0.6806484978597288,0
0,0.6532108521624563,0
1,0.553491969455713,1
0,0.8323021686288362,0
1,0.7935224982445941,1
0,0.8230122177370998,0
0,0.7100478990014791,1
0,0.9194599386816943,0
0,0.8937085725614383,0
0,0.8717152309904546,0
1,0.9358490950571641,1
1,0.8434162606633621,1
1,0.8021158921473631,1
0,0.9291686121427085,0
1,0.7291450090804817,1
0,0.58774707096343,0
1,0.7219754490847627,1
1,0.86250117904457,1
0,0.8560786729650319,0
1,0.6214752315241951,1
1,0.6314183995818305,1
0,0.784809839706501,0
0,0.8158105654405443,0
0,0.7880670093633918,0
1,0.8865445598049203,1
1,0.7958713804488666,1
1,0.7665924615719529,1
0,0.7434830002935425,0
1,0.716958170555064,1
0,0.8123935927517466,0
0,0.8624694097977571,0
1,0.8017868143573125,1
1,0.8866191785602058,1
0,0.8007545650725295,0
1,0.8405651851959299,1
1,0.6804033112589302,1
0,0.9032897673653228,0
0,0.5708247680934806,0
1,0.905971658676658,1
0,0.7874168526987776,0
0,0.6974517472864651,0
0,0.8883311273529388,0
1,0.6875694538388331,1
1,0.6337412356094452,1
1,0.7990005801808346,1
0,0.7161509277272132,0
1,0.8984278276304946,1
0,0.6147622790294244,1
0,0.5996196462626187,1
0,0.9093317672957292,0
0,0.8350388906432789,0
1,0.8755023797311997,1
0,0.565698910403541,0
0,0.9934198201247999,0
0,0.846622006204771,0
0,0.7150921343929291,0
0,0.841455186266842,0
0,0.782584061322731,0
1,0.8973836806131749,1
0,0.5582216484166362,0
1,0.5330131611175389,0
1,0.6220314972988933,1
1,0.6036112140650844,0
0,0.781651906266787,0
0,0.6460716217599654,0
0,0.9406572988908325,0
0,0.9254411807701296,0
1,0.8693189457675907,1
0,0.9606439428274197,0
0,0.7897104084932638,0
0,0.8226877242352885,0
0,0.8074188823822059,0
0,0.7838693277568529,0
1,0.613301492717836,1
0,0.6716422835794232,0
0,0.6771669999444154,1
1,0.6104235252984647,1
0,0.6263705231883424,0
0,0.6530507282172499,0
0,0.7375496920272647,0
0,0.5895124516465304,0
0,0.7634804877375824,0
0,0.8157245391147261,0
1,0.8470760614983682,1
1,0.76002322755718,1
0,0.5228897191450709,1
1,0.6844668584919685,1
0,0.9453022631058979,0
0,0.7227800469907255,0
0,0.5298230168184868,0
0,0.8285996819563418,0
1,0.9427432242986648,1
1,0.8137261545545015,1
0,0.5448479370613949,0
0,0.8241891892461012,0
0,0.7134692839527162,0
0,0.6633636326800976,0
0,0.9046508004350752,0
0,0.5737287627059611,1
1,0.5695890530352439,1
1,0.7964035794738891,1
0,0.8139202078052672,0
1,0.8584424056052863,1
1,0.6893566712224842,1
1,0.8479958016451955,1
1,0.7865692060319215,1
0,0.7673202244892048,0
0,0.8097679861283058,0
1,0.8663405462915735,1
0,0.7415162549293629,0
1,0.8464308299579922,1
0,0.8695879823763677,0
1,0.8729824083363791,1
0,0.8742453159799578,0
0,0.7970302748374378,0
0,0.8035553352042608,0
1,0.6984038909712285,1
0,0.6882832612136535,1
0,0.9152305466773756,0
1,0.9146738237998426,1
1,0.9337702353478182,1
0,0.9428494329359703,0
0,0.8486919038083782,0
0,0.7860508095937808,0
0,0.670394367949475,0
1,0.8329827996993091,1
0,0.8204794157919666,0
1,0.8786959624605489,1
1,0.5138017572049589,1
1,0.7473164024861008,1
1,0.8337735253580578,1
0,0.6302118259604084,0
1,0.5498663879585066,0
0,0.7372451598359732,0
0,0.6811519327004785,0
1,0.9089802527230304,1
0,0.6610522150357154,0
1,0.8126429079081826,1
0,0.8222387472579935,0
1,0.6605075112455283,1
0,0.976661314305533,0
0,0.7288687827370663,0
0,0.8252360739920778,0
1,0.9540231411967085,1
0,0.7243111793994912,0
0,0.8541170183421792,0
0,0.7532290345754801,0
0,0.7922821496245996,0
0,0.6870201219863676,1
0,0.8761005766960245,0
1,0.8555038897715069,1
0,0.9266242814616428,0
0,0.7208477531373728,0
0,0.5835244907859879,0
1,0.8530318387530145,1
1,0.9799504360638047,1
1,0.8526858701734764,1
0,0.8769232942518181,0
0,0.6849456831929346,0
1,0.6285016109863063,1
0,0.7629423327908245,0
0,0.5817202860790243,0
0,0.5319125703104687,0
0,0.9562567946084011,0
1,0.8606346508358462,1
1,0.8321471607696423,1
0,0.8307637930207653,0
0,0.5930727921175332,0
0,0.8758571950911718,0
0,0.8580025806250237,0
0,0.83378957105044,0
1,0.6671825001349474,1
0,0.7411257714519124,0
0,0.5666987177246768,1
1,0.7397008782721076,1
0,0.8531007798364567,0
0,0.5338312074977561,0
1,0.74781934247805,1
1,0.852589755052368,1
0,0.917353824223136,0
0,0.6275316988896367,0
0,0.827166724672662,0
1,0.8117538326254724,1
0,0.9321413706954957,0
1,0.7255763508238908,1
1,0.882931777839765,1
1,0.8695644777486791,1
0,0.9174004563721034,0
1,0.8445492224232353,1
0,0.5867547846173443,0
0,0.6954122426252493,0
0,0.7254665182043036,0
1,0.5541832081386732,1
1,0.8772093760323355,1
0,0.5489316846847595,0
0,0.8389616924931368,1
1,0.8031800634218176,1
1,0.7915255226188449,1
1,0.5636637298408352,1
1,0.8854135339787286,1
0,0.7137598299745522,0
1,0.5616667343075519,1
1,0.6158985987287835,1
0,0.760806547157634,0
1,0.7391672864480845,1
0,0.7145032419121278,0
0,0.892645690679079,0
1,0.8881660406763323,1
1,0.9631071062033376,1
1,0.6803740441763605,1
0,0.894725420974645,0
0,0.794844356310059,0
1,0.5046624867226814,1
1,0.896528150862111,1
0,0.6314445247577878,1
0,0.7615153978939982,0
1,0.7603727678979214,1
0,0.9416806869427614,0
0,0.8746085652162168,0
1,0.5134422814434553,1
1,0.7743778664100964,1
0,0.7715737829083809,0
0,0.9121483855374924,0
0,0.7284606061197347,0
0,0.7600872080992221,0
0,0.5929088890578642,0
0,0.7758583923999055,0
1,0.932301918484666,1
0,0.8616379030456045,0
0,0.9150168244426838,0
1,0.7015559271043603,1
0,0.6174101088049755,1
0,0.906577869595202,0
0,0.7689551461348214,0
1,0.6383056366560036,1
0,0.5747087068813157,0
0,0.558725717775054,1
1,0.8572103290884787,1
1,0.7713992466079851,1
1,0.6662546797847059,1
0,0.6216755554173613,0
1,0.875316267132946,1
1,0.8068764611519545,1
1,0.8702490488684543,1
0,0.6880508359606002,0
0,0.518959276536097,1
0,0.9304909262826795,0
0,0.776056527368597,0
1,0.5626881409691006,0
0,0.7769854469131258,0
0,0.7507815938840421,0
1,0.9143325735549103,1
0,0.5554864117357093,0
1,0.7602270390922248,1
1,0.7307215185229441,1
0,0.904118241102057,0
1,0.8313142139327154,1
1,0.9354986878901661,1
1,0.8813514373684848,1
0,0.9041661283701626,0
0,0.6735787430781772,0
0,0.7137641495751212,0
1,0.6748733369140227,1
0,0.9174650657875705,0
1,0.7135594272610758,1
1,0.9321297764031586,1
0,0.743433570684348,0
0,0.7372840002891653,0
1,0.7440688858015236,1
1,0.8635093883416096,1
0,0.5556660100519326,0
1,0.7453279175993948,1
1,0.5288566363867582,1
0,0.5799310194960648,1
1,0.8997030362938485,1
1,0.6242255584758293,1
0,0.5213653531544578,1
1,0.9061199523330623,1
0,0.8469256223081955,0
0,0.8299301864302655,0
1,0.67206892373421,1
1,0.6431402086872423,1
0,0.7713395661570674,0
1,0.7018637514093224,1
0,0.5388731596628515,0
1,0.8870844431570566,1
0,0.7275192328672545,0
0,0.7902917856950106,0
0,0.815763596031446,0
0,0.7319518688611598,0
1,0.6443377671852871,1
0,0.8009415698953986,0
0,0.680884311264792,0
0,0.8810107485302315,0
0,0.9438972898204383,0
0,0.9801597754526197,0
1,0.5178369920489683,1
1,0.7441510739184265,1
0,0.7727494809563529,0
1,0.8372753546012687,1
0,0.7892085342094265,0
0,0.6557909484226296,0
0,0.8699921274221313,0
1,0.8043799766571019,1
0,0.9148312953950097,0
0,0.7399893109587226,0
1,0.5110799550015493,1
0,0.6905504577976632,0
1,0.782162560393926,1
1,0.8716214039387759,1
0,0.7769371624850573,0
1,0.7151723013974457,1
1,0.9095601213183777,1
0,0.6375535161983023,0
0,0.8254704040595835,0
1,0.8761131534218423,1
0,0.772078375262887,0
1,0.502078521828714,0
0,0.8127038981887381,0
0,0.7575528991075742,0
1,0.6592104882570405,1
1,0.5231649844191132,1
0,0.8234873520891257,0
1,0.853084142767688,1
0,0.9092836353054525,0
0,0.8258445480928867,0
0,0.7619762190911433,0
1,0.8607357509885526,1
0,0.858310700077286,0
1,0.7228645985208678,1
0,0.9379328736468983,0
0,0.9599982478195677,0
0,0.9015516355954931,0
1,0.8505942681665677,1
0,0.8864921222403727,0
0,0.6222116772370339,0
1,0.9152452933814174,1
0,0.8500625642637221,0
1,0.5889322205696486,1
1,0.5563190504650003,1
0,0.5312776408514066,0
0,0.9275957122542675,0
1,0.6191390806315674,1
1,0.8749889363875019,1
0,0.6870842716152596,0
1,0.8028683681758105,1
0,0.8279915702444687,0
1,0.539305948294544,1
0,0.7011014590927555,0
0,0.9166746463730064,0
0,0.5775104081867366,0
1,0.8118196326967223,1
0,0.8157326966738431,0
0,0.859975761333535,0
0,0.8143669597480262,0
0,0.7094226618758916,0
0,0.8406292751473063,0
1,0.7161472210064028,1
0,0.8633467909790286,0
0,0.9527044084694438,0
1,0.9019090410824107,1
0,0.9619532049858012,0
1,0.6308697460128404,1
1,0.6992811109970267,1
0,0.7281289486782924,0
0,0.8222880315520065,0
0,0.7987336502026456,0
0,0.6513279353212273,0
0,0.9201699142610862,0
1,0.5829017472874143,0
0,0.6716688311668758,0
1,0.8636978804890105,1
0,0.8657799466025825,0
0,0.6943035242543883,0
1,0.7339117978815861,1
0,0.8948711869333346,0
0,0.9400787029136942,0
0,0.8691376112650986,0
0,0.7302877701264238,0
1,0.7363417368480413,1
0,0.735403531226793,0
0,0.8784703558065691,0
0,0.946914253993582,0
1,0.5334274589238285,1
0,0.8551168809263872,0
0,0.751884052590147,0
1,0.5947628470055367,1
0,0.7329511455745067,0
1,0.7927065256938184,1
0,0.579340135555721,0
1,0.8541296163014158,1
0,0.8194847052617583,0
0,0.6762328083767355,0
1,0.9470523652377916,1
1,0.6866280741421981,1
0,0.8882106943808505,0
0,0.810664518653533,0
0,0.833820305361451,0
1,0.9234951611477674,1
0,0.8568094831703885,0
0,0.7554000522450036,0
0,0.7535361848796014,0
1,0.9456812930939179,1
0,0.8187216291808229,0
1,0.5755465916765882,0
1,0.6976784550882121,1
0,0.8564610607741411,0
0,0.6674396616912015,0
1,0.8832837069418211,1
1,0.5595176765546033,1
0,0.741123582545581,0
1,0.6243873719222796,1
1,0.8614201228531189,1
0,0.740220625760197,0
0,0.8940258753423587,0
0,0.6160399795340986,0
0,0.9637477773200883,0
0,0.7447968012726793,1
0,0.7131098945586183,0
1,0.663947095205375,1
1,0.8461003270728379,1
0,0.516421060004327,0
0,0.7430709393128819,0
1,0.6939198432132713,1
0,0.941584652105876,0
0,0.5335579234376533,1
0,0.8930349942396035,0
0,0.8566975802321718,0
0,0.8177477308209826,0
0,0.8089259429818668,0
0,0.5041690138583578,1
0,0.5183731576552755,1
0,0.6402628690851886,0
0,0.8471553706247421,0
1,0.7835493277614425,1
0,0.7259554454280999,0
1,0.664548050409027,1
1,0.7798814943109571,1
0,0.7786602710384724,0
1,0.8479320141531164,1
1,0.517416254562728,1
0,0.6954467325728466,0
1,0.6922958432716086,1
0,0.7240055307909921,0
0,0.8363554720630034,0
1,0.6187231582346453,1
0,0.8531794336198489,0
0,0.8999389412404044,0
1,0.7914475605432951,1
0,0.7648158824318404,0
1,0.6351798282855378,1
0,0.9222640354039575,0
0,0.7761428800879048,0
1,0.7846439005557025,1
0,0.7684175219181467,0
0,0.9530240738587246,0
0,0.7996266339385243,0
1,0.6644569595532275,0
1,0.9387741627292219,1
1,0.9473165815513479,1
0,0.9664063571555344,0
0,0.5143287264915228,0
0,0.7212183148016142,0
1,0.923978917584918,1
0,0.873977468512755,0
1,0.7279324132305993,1
0,0.8881081826678464,0
1,0.7345207584333643,1
0,0.7270183136563673,0
0,0.9133586507367617,0
0,0.80259989092265,0
0,0.6735447155578301,0
0,0.5761737698350607,0
1,0.8143314872872687,1
0,0.9329860224265726,0
0,0.5705166766169968,0
0,0.6642428941697858,1
0,0.8960150929578116,0
0,0.677003013259276,0
1,0.6497673212612839,1
0,0.530137365713949,0
0,0.7788149971491656,0
1,0.7149390654556927,1
0,0.7804802505481638,0
1,0.7795107174384523,1
0,0.6052264025251561,0
0,0.752509681852941,0
1,0.7432035601947087,1
1,0.8742131018155641,1
1,0.721407370323951,1
0,0.8776663710609227,0
1,0.7308246905056675,1
1,0.6927886599853366,1
0,0.7700902148130118,0
1,0.9204261752686774,1
0,0.8969959275646948,0
1,0.9235079183701584,1
0,0.8163719572687275,0
1,0.722783738338685,1
1,0.8115056081282792,1
0,0.7641753630345122,0
0,0.6123054666635689,0
0,0.9180573373299448,0
1,0.8299390048211758,1
0,0.5273369178447012,0
0,0.8805339005684872,0
1,0.5792143112463568,1
1,0.5464477486125076,1
0,0.8204085677828387,0
0,0.8079078211955194,0
1,0.6260280759871769,1
1,0.7424970197767575,1
0,0.9488728348806954,0
0,0.9615298355123777,0
1,0.7180018668000082,1
1,0.8149976241203628,1
0,0.9410551384924498,0
0,0.94834264545191,0
1,0.9216843614727395,1
0,0.9301534385765249,0
1,0.8066731560050975,1
1,0.89064886663808,1
1,0.8540328503475154,1
0,0.7926222929839034,0
1,0.8336102978321973,1
0,0.9267197307691957,0
0,0.6383135459445833,0
0,0.8963541750741573,0
0,0.8480749238393475,0
0,0.8691908910875121,0
0,0.5067160769199015,1
0,0.7257686096263471,1
0,0.8290039651419123,0
0,0.5146187236262824,1
1,0.7651369852317924,1
0,0.8528455454015996,0
0,0.9346181326477725,0
0,0.855199058174073,0
1,0.8403395263532702,1
1,0.9429967491073803,1
0,0.8480786718700203,0
0,0.740248768538423,0
0,0.674640239587537,0
0,0.8045531768882664,0
1,0.8576785298219448,1
1,0.6881408909537644,1
0,0.7587615103014622,0
0,0.8343363213772964,0
1,0.7300992851876824,1
1,0.7523610738911037,1
0,0.8285682455182861,0
0,0.8515261616275347,0
1,0.6620547452419637,1
0,0.8553469662513778,0
0,0.7085497827201219,0
0,0.9390466154563483,0
0,0.9232131832994257,0
0,0.646204451602562,0
1,0.8836253900764864,1
1,0.8113456167056234,1
0,0.8004587731589763,0
1,0.8927445382973672,1
1,0.5400875047076239,1
1,0.5377937814939997,0
1,0.9183871505773609,1
0,0.8706176820168989,0
1,0.8603195496988043,1
1,0.8285152364045762,1
1,0.8673325265583566,1
0,0.5183948266922797,0
1,0.8554819249817047,1
0,0.9575410551029173,0
1,0.5634342052974466,1
0,0.515801916276749,1
0,0.7805395685504658,0
1,0.774358073188704,1
0,0.8393408763944651,0
1,0.8312451181153161,1
0,0.5193104529384641,1
0,0.8232452945953438,0
0,0.8635710679561864,0
1,0.7879190991480176,1
1,0.8677293585407369,1
1,0.5992512642626304,1
1,0.7614911964362888,1
0,0.5190609376724387,0
0,0.9336738214098755,0
1,0.6461081052740366,1
1,0.579303094715929,1
0,0.7901200756537597,0
0,0.743977346754851,0
0,0.5654851599545568,1
1,0.806345181550168,1
1,0.853076240536897,1
0,0.8471677177452631,0
0,0.7142783378059616,0
0,0.632739381294424,0
0,0.6602006695695779,0
1,0.6118123916743423,1
1,0.8274539086869962,1
0,0.7249578315765566,0
0,0.5377232561402094,1
0,0.6917258900703852,0
0,0.9025568813613132,0
1,0.8633042728242338,1
1,0.7274546299863149,1
0,0.5594145137949827,0
1,0.8004142205642472,1
0,0.6255256658637786,0
1,0.6563354692612874,1
1,0.9013892653282956,1
0,0.6862794839892967,0
1,0.8306005457486819,1
0,0.6250361407662841,0
1,0.640593427521248,1
1,0.8052886790943097,1
0,0.5851064888605856,0
0,0.6954643151840832,0
0,0.8730939525648435,0
1,0.9533012086123821,1
1,0.51953311350453,1
0,0.8523719084007905,0
0,0.5411322863496388,1
0,0.841553155514657,0
0,0.5969873270726852,1
0,0.8736087736081615,0
1,0.8120797051262381,1
0,0.7398106275160459,0
0,0.7103866610851948,0
0,0.5867509248480406,1
0,0.7073095935298738,0
1,0.6871892969107596,1
1,0.8785664704179753,1
1,0.7111910156619238,1
0,0.8968662201234128,0
1,0.8189304617284978,1
0,0.7742927809228616,0
0,0.9012308819901963,0
0,0.797142094695736,0
0,0.7580471653780384,0
0,0.9543867802904877,0
1,0.8086092835272123,1
0,0.8438151295448142,0
0,0.8100944846758125,0
1,0.5406308696595831,1
1,0.8934310414001639,1
0,0.6779546423306151,0
0,0.7541034194550784,0
0,0.9546578499440268,0
1,0.7315992895382027,1
1,0.629456765363433,1
0,0.7577175234949327,0
0,0.8966759080112328,0
1,0.5591345991284151,1
0,0.775724068382948,0
1,0.6340324455611477,1
0,0.7023288362682244,0
1,0.7076183766781081,1
0,0.8847413971929845,0
0,0.7811680127452878,0
0,0.8574572629531562,0
1,0.5203705536593,1
1,0.8978806364337065,1
0,0.6098676375377823,0
1,0.9774616732366734,1
0,0.595011600395554,0
0,0.8177932041191113,0
0,0.8583052922867059,0
1,0.766907084857389,1
0,0.8568890734473423,0
1,0.8077639466256735,1
0,0.78191797778037,0
1,0.775833758480743,1
1,0.7862806941293302,1
0,0.8698855519181962,0
1,0.8604039752798975,1
0,0.8839826412264112,0
1,0.8639426930822082,1
0,0.8588108087675523,0
0,0.6409126586789521,0
0,0.7394637073860766,0
0,0.9443758294730644,0
0,0.8039722036851186,0
0,0.9378945315005062,0
0,0.8138253335602209,0
0,0.9073215828559252,0
0,0.873618601956276,0
0,0.8660787773267783,0
0,0.6574534504830056,0
1,0.6696378591393493,1
0,0.5545818712693665,1
1,0.6081145616791784,1
0,0.5905639502458356,0
0,0.8727602535580653,0
1,0.8822818436824287,1
1,0.550471888374981,1
1,0.8888200455666484,1
1,0.9567179188414617,1
0,0.6737308821827731,0
0,0.5774774761518462,0
1,0.7679012533648336,1
1,0.8021090990097005,1
0,0.5679805355250584,0
1,0.5499301653694196,1
0,0.9589416759062493,0
1,0.8093062086237667,1
1,0.8865165589963755,1
0,0.913418354043535,0
0,0.8204239282184018,0
0,0.79942418253744,0
0,0.5670679377605844,0
1,0.780285450142696,1
0,0.8958782426419487,0
0,0.8494123477823131,0
0,0.8099220149847951,0
0,0.5523915859914043,1
0,0.876710179590759,0
1,0.5472579307424265,0
1,0.7970542680671491,1
0,0.9201650004013324,0
1,0.8261803883391682,1
0,0.6770498479598924,0
1,0.890290131022391,1
1,0.6342722171279038,1
0,0.7131069764495228,0
1,0.7563565586417049,1
0,0.8067401745785793,0
0,0.6290771161733687,0
0,0.8594383510887006,0
0,0.6234386720684162,0
0,0.6340365929489742,0
0,0.8297025127775841,0
1,0.829766464527084,1
0,0.5640276538775758,0
0,0.6933480792281908,0
0,0.7710422024290385,0
1,0.8995484022523603,1
1,0.8561242778399291,1
1,0.7085853062975642,1
1,0.7076803038841923,1
1,0.511956378085619,1
1,0.8202271644075124,1
1,0.9631185307989214,1
1,0.7729652988391068,1
1,0.7712911776618242,1
0,0.8137706732376361,0
1,0.8155424908540914,1
1,0.5678817853665282,1
1,0.5649153415469657,1
1,0.6778664189759732,1
1,0.7517887158730585,1
1,0.5759808216005602,1
1,0.6355493049923119,0
1,0.7593988198633861,1
0,0.9567953861601625,0
1,0.8283989858289275,1
1,0.5816990651150775,1
1,0.6959572429543727,1
0,0.8191299869660327,0
0,0.568552916540172,0
1,0.626352379298564,1
1,0.7091771305797703,1
1,0.8488630932496639,1
1,0.8682577420398055,1
0,0.5781174085308182,0
1,0.5746381412809328,1
1,0.801802380716954,1
1,0.8672291755884906,1
1,0.682570001484877,1
0,0.7040395185291765,0
0,0.8021142264780312,0
0,0.7283661719747537,0
0,0.879082779895346,0
0,0.820449916001903,0
1,0.8213945950145274,1
1,0.6069692845521795,1
1,0.5784175024189444,1
1,0.6327216769350311,1
1,0.8928668212242621,1
1,0.7826574933810929,1
0,0.5472264252168662,1
0,0.6695243702485503,0
1,0.9188406951138383,1
1,0.533639039962585,1
0,0.9196304299815291,0
0,0.7757129200129036,0
0,0.8152580027186273,0
0,0.8448417446710073,0
0,0.576965652910378,0
0,0.8778042381499579,0
0,0.5271242774351524,0
1,0.6148679517431235,1
0,0.7480985304978023,0
1,0.8180794597256266,1
0,0.6126874125975763,0
1,0.5147091266187315,1
1,0.7182634254272059,1
1,0.632281770946475,1
1,0.6587739989178506,1
0,0.7532731635368893,0
0,0.7916729198829514,0
1,0.9214290764326472,1
0,0.7633196170862052,0
1,0.6004665413510687,1
0,0.7349604365835638,0
1,0.9667048417331088,1
1,0.6555996375438724,1
1,0.7661806651108413,1
0,0.812995957498233,0
1,0.7677340247527703,1
1,0.5742177671539368,1
1,0.8816175221681702,1
1,0.5718295641470429,1
0,0.7930170460374908,0
0,0.8004652497545031,0
0,0.8384474917172473,0
1,0.7139692829020242,1
1,0.8280479527704021,1
0,0.5281251567296381,1
0,0.7433241174779911,0
1,0.7651840843325861,1
1,0.703104331742994,1
1,0.936668991481467,1
1,0.6139010278465467,1
1,0.5201977880218737,0
1,0.8459082546734745,1
0,0.7308927539966665,0
0,0.515436208765514,0
0,0.9233818968524669,0
0,0.8019684723492296,0
1,0.7916409009803571,1
1,0.6322817430174525,1
0,0.8677466711332157,0
0,0.9426169937495807,0
0,0.8788644599082098,0
0,0.5213254374390514,1
1,0.7062907611487603,1
0,0.7048442821350018,0
1,0.8402716321468566,1
0,0.8746630467740848,0
0,0.7525094818908277,0
0,0.8193476042392148,0
0,0.7614755830229517,0
1,0.742729094308443,1
1,0.6989331455132426,1
1,0.8106355042634785,1
1,0.9330096010144819,1
0,0.8607295747704706,0
0,0.8191967135574048,0
1,0.7315321040578194,1
1,0.6220552838186069,1
1,0.8597248065176543,1
0,0.884127750102652,0
0,0.8426287793788233,0
0,0.8983561789818567,0
0,0.9469481471369517,0
1,0.6593109611621566,1
1,0.5484731151185409,0
1,0.7603137016254337,1
0,0.8053244140636253,0
1,0.6624383375722039,1
1,0.8193043062072835,1
1,0.7573199121569073,1
0,0.5992694747358414,1
0,0.8923121601922838,0
0,0.7234423320185545,0
1,0.715531861392232,1
1,0.843451505104468,1
0,0.7326725884866536,0
1,0.8267304537403463,1
1,0.8445959337416724,1
0,0.605762957119812,0
1,0.7686782463709037,1
1,0.6878562582874046,1
1,0.7625324355921026,1
0,0.5706488753113106,0
1,0.9147725759247158,1
1,0.575653133216342,1
1,0.7922644190941969,1
0,0.6925956795607305,0
0,0.8036395959429026,0
1,0.7781212938612534,1
0,0.8588283156637821,0
1,0.7622390883171009,1
1,0.882612055545504,1
0,0.7633230379090609,0
0,0.9561423261209125,0
1,0.8195480471626924,1
0,0.7281375842897349,0
0,0.8514725384512171,0
0,0.9766138842796647,0
1,0.5951454138551028,1
0,0.7985371498803346,0
1,0.8671666713665245,1
0,0.653403148347377,0
1,0.6979448567997991,1
0,0.7975857173228604,0
0,0.8168890052721999,0
0,0.7407235064567491,0
1,0.829417378656518,1
1,0.8995082013253606,1
0,0.5733087039594019,0
0,0.9225659853623978,0
0,0.7387227020706575,0
0,0.8153891805381434,0
0,0.8111958803760093,0
0,0.7915283345365237,0
0,0.8064166223275137,0
0,0.7893805717808359,0
0,0.5474788661554774,0
1,0.6966813653497403,1
0,0.7699275260284566,0
0,0.7282598864738131,0
0,0.8045754485694382,0
0,0.6461664678572394,0
0,0.9375461781639507,0
0,0.8684313496332534,0
0,0.522830527440425,0
0,0.8661307918625648,0
0,0.943176310327502,0
0,0.6352442236268023,0
1,0.623273291955098,1
1,0.5529173611621121,1
1,0.9167435562289218,1
1,0.7593784484282692,1
0,0.8607405028911039,0
0,0.8868575109458352,0
1,0.6985201187094829,1
1,0.9219801972338825,1
1,0.7013092713585782,1
1,0.6170781619232725,1
0,0.8519039306904835,0
0,0.733586227925729,0
1,0.8566240965637694,1
0,0.8793546312664605,0
0,0.7395938939292064,0
0,0.8189615057031892,0
0,0.7525949339782579,0
0,0.5420609288703991,0
0,0.6853139615214426,0
1,0.7941843861345848,1
1,0.8577775737124024,1
0,0.5178012781108055,1
1,0.7580842016665822,1
0,0.976022621569404,0
0,0.5296885838869088,1
0,0.907749698035869,0
0,0.8562951896205767,0
0,0.9081774642769743,0
1,0.6456341903414801,1
0,0.9072471879673836,0
0,0.5779784361361046,0
0,0.901436809228692,0
0,0.8949263699396134,0
1,0.9204935592135097,1
0,0.5301241050302488,1
0,0.774762246012877,0
1,0.8412282815830161,1
0,0.5007070584533357,0
0,0.8392373410305727,0
1,0.7690867827251312,1
0,0.7988376225356748,0
1,0.7440152367486029,1
1,0.6073603465206293,1
0,0.6667477607029825,0
0,0.8403619354577692,0
0,0.936595115787333,0
1,0.7847925758379904,1
0,0.8680011687795973,0
0,0.777005489740349,0
0,0.8585566164518394,0
0,0.8664881006593006,0
1,0.5714722185774989,1
1,0.6136842244783373,1
0,0.8504913323787424,0
1,0.8300476729377927,1
1,0.6677071842543608,1
0,0.7536854600556584,0
1,0.6384081803233302,1
0,0.8783535567594184,0
0,0.8172331888906885,0
0,0.7738733887193828,0
0,0.8908099367692712,0
0,0.7218433105288664,0
0,0.6434858105869257,0
1,0.7457730821773761,1
0,0.8366095916382755,0
1,0.7316725590994245,1
1,0.8492923706612009,1
1,0.9400545399680272,1
0,0.664086926960649,0
1,0.7186114853614731,1
1,0.7656134767063878,1
0,0.8783353421155844,0
0,0.9707115173923275,0
0,0.8565414833090351,0
1,0.5708067720861115,0
0,0.8839214735345123,0
1,0.7535757761254414,1
1,0.876856487597073,1
0,0.8114206467236466,0
0,0.79803232726227,0
0,0.7803247290869941,1
0,0.8648449222939394,0
0,0.7442121332390917,0
1,0.8109785152212948,1
1,0.6223947140979034,1
0,0.7988425210628322,0
0,0.5290738369644642,0
0,0.9466839927612543,0
0,0.6545474595147754,0
1,0.8451456251017831,1
0,0.7201402079410927,1
1,0.8136594639139867,1
1,0.7463663055819855,1
0,0.6473390036757647,0
0,0.7507183433885954,0
1,0.9122316737283315,1
0,0.8683504457158924,0
0,0.6786670374831603,0
1,0.7924306764858576,1
1,0.6909757309683249,1
0,0.5560316692313029,0
0,0.7870519287962486,0
1,0.5754989147511329,1
1,0.7557992510782454,1
0,0.9422727600488517,0
0,0.8254485064730288,0
0,0.8442607407858973,0
0,0.5178932553748353,1
1,0.6133457228642574,1
0,0.9483195212324332,0
1,0.7010230714041822,1
1,0.760242667371176,1
0,0.659331425177267,0
0,0.8001103946828673,0
1,0.9236733623198261,1
0,0.5303575369736824,1
0,0.7731380486405175,0
1,0.785202611625341,1
0,0.6739822787626002,0
1,0.6200161178920597,1
0,0.8481063577621633,0
1,0.7180146877001755,1
1,0.79196185658501,1
0,0.8120100884307725,0
0,0.6847409176532366,0
0,0.6517419443332836,0
0,0.9147127029405004,0
1,0.6515019886160845,1
0,0.8651605656158414,0
0,0.6269414564770938,0
1,0.9191664602475779,1
1,0.7560794659851606,1
0,0.7396281694827407,0
0,0.8936406604510376,0
0,0.8934281727336414,0
0,0.7781299080825518,0
0,0.7818070709493284,0
0,0.8833049268129098,1
0,0.8048094259681423,0
1,0.8480779421237787,1
0,0.6520425420028528,0
0,0.8154757397905704,0
1,0.6624324012582736,1
1,0.6956710555470808,1
0,0.636670115062521,0
0,0.9034646145524827,0
1,0.5968347248639766,1
1,0.9362977547513339,1
1,0.9291301734038864,1
1,0.565256823990626,0
1,0.5706370050979489,1
1,0.8945687394832128,1
1,0.5859741774722074,1
1,0.6311431264638457,1
0,0.9132543388141051,0
0,0.7692539077032056,0
1,0.8172415507434623,1
0,0.8574593720539436,0
0,0.838827118358876,0
0,0.7155625828926357,0
0,0.6284650047138586,0
0,0.7550511935984789,0
0,0.8840013448846172,0
1,0.8485408740521,1
1,0.5866690134198005,1
0,0.8490334553150372,0
0,0.7221828754741836,0
0,0.7145034752931124,0
0,0.787326931723059,0
1,0.6529374883467998,1
0,0.6107528178271439,0
0,0.8876312121938235,0
1,0.8231354067391141,1
1,0.7448887021282816,1
0,0.8021358913286848,0
1,0.7345933221808187,1
0,0.5817377004660389,1
1,0.5773943938063656,0
0,0.7853580527711905,0
0,0.828239145708978,0
0,0.8450711141889561,0
1,0.7476850241355432,1
0,0.5412001626945119,1
1,0.7098251797654532,1
1,0.854796259343865,1
0,0.9101554432977724,0
0,0.5129906632460492,0
0,0.7676524208583092,0
0,0.7688332304347645,0
1,0.7698436624704094,1
0,0.899365617211948,0
0,0.7021778679040763,0
1,0.6611549185704736,1
1,0.8849370338847838,1
0,0.778971222446606,0
0,0.8890422188495395,0
0,0.7119036438442387,0
0,0.8607972263366738,0
0,0.7424379173635661,0
0,0.7974279607138227,0
1,0.562900190803714,1
0,0.7205496068549245,0
0,0.9575989636278891,0
0,0.7260152508635596,0
1,0.693011902214985,1
1,0.5994814138717597,0
0,0.5123733651268427,0
1,0.6971999501793483,1
1,0.8432259283872648,1
1,0.6098387833157763,1
1,0.7121581580589044,1
1,0.7206554208370363,1
1,0.9490302918375972,1
1,0.7901366080254083,1
1,0.8290368427163032,1
0,0.7469170812304164,0
1,0.7406298292175468,1
1,0.6189286395770148,1
0,0.6638214531574493,0
1,0.5018239504432983,0
1,0.7884242353382682,1
0,0.8055844585702685,0
0,0.764969192323378,0
0,0.7180308562073018,0
1,0.5851084549275753,1
0,0.6865577550440037,0
1,0.6291263448872464,1
0,0.7067501142528015,0
0,0.9051464840837482,0
0,0.7534681213488866,0
0,0.9141030479008605,0
1,0.5722495202737418,0
1,0.8591696432830824,1
0,0.8228721083511922,0
1,0.6618074570444841,1
1,0.6273586541802292,1
1,0.726388851186046,1
1,0.6069135322060635,1
0,0.8024011984528714,0
0,0.5674335531589365,0
1,0.7171371418312094,1
0,0.7235810812143023,0
0,0.8597987192223528,0
0,0.6479880211512793,0
0,0.956251976637754,0
0,0.6098063744171895,0
0,0.6266431873365116,0
0,0.6186155024422179,0
1,0.7546131302857385,1
1,0.7090253575357139,1
0,0.7662464511442871,0
0,0.9541335690601114,0
0,0.7636668973271322,0
1,0.5823141304837918,1
0,0.6637037325220436,0
0,0.914487855342605,0
0,0.9410200555209782,0
1,0.9038418782012808,1
0,0.7335629661843144,0
1,0.5779863000699594,1
0,0.5176301840899296,1
0,0.8618929525645407,0
0,0.8130144234007213,0
1,0.8920796868807584,1
0,0.7811099377919496,0
1,0.5134923000981346,1
0,0.6909722824740899,0
0,0.7965714521458025,0
1,0.7700528502711248,1
0,0.845037831712619,0
0,0.5235756079860081,0
1,0.9226396995585285,1
0,0.8121110068336329,0
0,0.8508872128666263,0
1,0.8520304475640108,1
0,0.8040833368193467,0
0,0.7644780893370985,0
1,0.5029521142167298,1
1,0.6870901017941599,1
0,0.8097661419608009,0
0,0.8216710475047327,0
1,0.8856369756394739,1
0,0.7846554332643718,0
0,0.7091803407834716,0
0,0.9498430793324107,0
0,0.8455939700828322,0
1,0.6291246301800466,1
0,0.8437904765842824,0
0,0.9672059113586344,0
0,0.5065131304889409,0
1,0.8048662434801269,1
0,0.7391007930211461,0
0,0.7505515629961547,0
0,0.9587081147864388,0
0,0.7365356808801341,0
0,0.8655248568360482,0
0,0.8676296462268099,0
0,0.8709461877717445,0
1,0.915346578313326,1
0,0.5449990673987853,1
1,0.8078527404683199,1
1,0.8835466970632974,1
0,0.7025006001631128,0
1,0.6931805264580744,1
0,0.9091214956629082,0
0,0.7630804424515496,0
1,0.7334311814737275,1
0,0.8250226171874346,0
1,0.8389499156866059,1
0,0.8170294144334437,0
1,0.6812062741319279,1
0,0.9529263190131294,0
0,0.7394586163059729,0
1,0.8568368983100934,1
1,0.6558013371933248,1
0,0.9319906775386709,0
1,0.8408469427105625,1
0,0.6200394488650725,0
0,0.8488829215501386,0
1,0.623516458524174,1
1,0.6376372329597403,1
1,0.6113586110770678,1
0,0.658355050345974,0
0,0.8791398831606873,0
0,0.7029883380972571,0
1,0.653089316168726,1
0,0.6592491945421081,0
1,0.9371122144585846,1
0,0.8144446830050934,0
0,0.9032070121613215,0
0,0.9504792038050477,0
0,0.8372998389052712,0
1,0.7785960911637133,1
0,0.5592391498223412,0
1,0.5053689126182307,0
1,0.8750397038156995,1
0,0.8617446999642221,0
1,0.727869711467233,1
0,0.5279022527022049,1
0,0.9255912337641427,0
0,0.7347568037120543,0
0,0.9814817291239094,0
1,0.8344741021441061,1
1,0.8393928248416754,1
0,0.702491531252566,0
1,0.7141242423327814,1
0,0.834551775312105,0
1,0.7443394572216201,1
0,0.6985025286236074,0
0,0.6813272865353291,0
0,0.7183006610314228,0
1,0.5313603953902938,1
1,0.5704904029718175,1
0,0.9249885646202733,0
0,0.7340455954882683,0
0,0.9029774755340932,0
0,0.9761368960828076,0
0,0.700644595528639,0
0,0.7049792991063711,0
0,0.8900796777914153,0
1,0.6371313778029152,1
0,0.8120645218331979,0
0,0.7905006831951573,0
0,0.9136734859449245,0
1,0.599132108164399,1
0,0.946119530714582,0
1,0.7022140915549081,1
0,0.7187452954696104,0
0,0.8246241429555509,0
0,0.8099042891080613,0
0,0.7706725222225298,0
0,0.8216721062820168,0
0,0.7231106121261287,0
1,0.9619826661980955,1
0,0.9676763796515379,0
0,0.8895295255732034,0
1,0.7177523909659382,1
0,0.8405122700175971,0
1,0.8383494152338294,1
0,0.8409256077638738,0
1,0.8024423221652996,1
1,0.7076654695869755,1
0,0.5415271685585586,1
1,0.8446509537434698,1
0,0.8410909047544268,0
0,0.8563587415240358,0
0,0.8053768539850038,0
1,0.5145426940102843,1
0,0.8253557899595936,0
0,0.8140844764602673,0
1,0.6706803894413591,1
0,0.8221601081763062,0
0,0.7804142341390292,0
1,0.7232504989567157,1
0,0.8041345031529694,0
1,0.588315742782303,1
0,0.8282372936642456,0
0,0.8893290224025224,0
1,0.8666005556118451,1
0,0.7558285479217562,0
1,0.6651986029589984,1
0,0.6569982537227859,0
1,0.8738543654642831,1
1,0.8421355866446767,1
0,0.9094923593622308,0
1,0.6356869705655577,0
1,0.8437335213475355,1
0,0.8210559621530981,0
0,0.6471540491647708,0
0,0.7736030719351081,0
0,0.8284875236776592,0
1,0.9546245523307675,1
0,0.7881387054738036,0
0,0.6302861367734921,0
0,0.9491915306994534,0
0,0.5857746650508993,0
1,0.8894283788827033,1
0,0.6623939918798115,0
1,0.723967187016933,1
0,0.5914894447273895,0
1,0.7469868984739827,1
0,0.8506709149437515,0
1,0.5586816440881657,1
0,0.6972362568747481,0
0,0.8732284705256192,0
0,0.7623292941181801,0
1,0.5514262208526177,1
0,0.5886987340872474,1
1,0.5582265702993853,1
0,0.825540661940337,0
0,0.7539203879178614,0
0,0.8057903303970586,0
0,0.6617346935209144,0
0,0.9102799191508232,0
1,0.9144768554103041,1
1,0.6374549479560592,1
0,0.6719406503394011,0
1,0.5912258711563871,1
0,0.5730450067568135,0
1,0.5751235549237279,1
0,0.9241873288679128,0
1,0.7995314288713831,1
0,0.6480156854991515,0
0,0.726526182246115,0
1,0.7693086274586296,1
1,0.890742796111519,1
1,0.5230811793732036,0
1,0.7241657728477428,1
1,0.7702355869301776,1
0,0.8968156578700153,0
1,0.7007650837145825,1
1,0.8549143978165793,1
0,0.7441360910815911,0
0,0.7515885391926729,0
1,0.8207728009672167,1
0,0.5909668012619241,0
1,0.7201412887796963,1
1,0.7951860802958153,1
1,0.5705375757657304,1
1,0.7760018605687269,1
0,0.6714286117371575,0
0,0.7681482870040306,0
1,0.7386815696758542,1
1,0.7289482158988352,1
1,0.6741704577652077,1
1,0.5072334920618631,1
0,0.878739362305541,0
0,0.5843684765234789,1
1,0.7334118387506983,1
0,0.7362597438973213,0
1,0.8517986412865044,1
0,0.832934808172999,0
0,0.8339042493903367,0
1,0.8039004032524083,1
1,0.8012401671276581,1
0,0.9117315275611655,0
0,0.9068861262668784,0
0,0.5461425836255702,1
0,0.9083456088828321,0
1,0.9251783838285211,1
1,0.5018982899871481,0
0,0.9432627942034297,0
0,0.7568575183561481,0
0,0.7995269320630906,0
0,0.7759657131058749,0
0,0.7194986970484514,0
0,0.9120477902912454,0
0,0.9442895726694471,0
1,0.9236556433120621,1
0,0.6381834092651761,0
1,0.768009225916653,1
1,0.704241896869559,1
0,0.5415170297307955,0
1,0.8336346809800509,1
1,0.6867574134015882,1
1,0.7804857923150735,1
0,0.7823185323390782,0
0,0.8987895078814524,0
1,0.8942439174022085,1
1,0.884329217683266,1
1,0.630151317476253,1
0,0.8747462629489109,0
0,0.7383114684808663,0
0,0.7185167566794508,0
1,0.7439745713204445,1
1,0.7977201666232261,1
1,0.70940595253177,1
0,0.5666358333023853,0
1,0.8532141317409222,1
0,0.6501944759085844,0
0,0.6159157089141862,0
1,0.725666132287113,1
1,0.7087559873948743,1
0,0.6296884731976772,0
0,0.6773416726114356,0
1,0.8404195484434804,1
1,0.7617588617651165,1
0,0.754765933677227,0
1,0.5754013483616359,1
0,0.8016883292305059,0
1,0.8565485356869934,1
0,0.7034852183856628,0
1,0.5364844119493684,1
0,0.6335821042407549,0
0,0.8188360794808158,0
1,0.7137312502729128,1
0,0.6666600947713583,0
0,0.8060425700396935,0
1,0.5072305801266623,0
0,0.6809013948662527,1
0,0.9113802349336502,0
0,0.5142659273951082,1
0,0.8586550736882608,0
1,0.6876920458735492,1
1,0.5466347095994164,1
1,0.921850777791971,1
0,0.8386014255021604,0
1,0.6375549208477932,1
0,0.821461108537382,0
0,0.9770451702811522,0
0,0.812091136593529,0
1,0.6761429897107094,1
1,0.9128452278994048,1
1,0.7548523615676941,1
0,0.7207710114709487,0
0,0.7353187018301619,0
1,0.5478187572967944,0
1,0.8002006131246268,1
0,0.5688209299252734,0
0,0.6442980250871391,0
1,0.6786428258684528,1
0,0.6582796779381324,0
1,0.5606189374712927,0
0,0.8371000806011996,0
0,0.82525418506957,0
1,0.8881945199346312,1
1,0.8705753693440382,1
0,0.8614943602001623,0
0,0.8918878222165172,0
1,0.7171219740987289,1
1,0.6122519479441071,1
0,0.9047769541918583,0
0,0.9573392386780634,0
1,0.6219907014804968,1
0,0.8596010044710202,0
1,0.8078470840108672,1
0,0.8074302983072017,0
0,0.5893272928577923,0
1,0.54136153637442,1
0,0.8721774325395977,0
1,0.7252811669227618,1
1,0.5242200380673661,0
0,0.5022034583453748,1
0,0.7955606728900071,0
1,0.8211473168420093,1
0,0.9129296614230663,0
0,0.9221578725942463,0
1,0.7607760365802652,1
1,0.6203130507063848,1
0,0.7007364817987672,0
0,0.5988428093789294,0
1,0.6426620230702271,1
1,0.7956450677986057,1
1,0.8200271723050688,1
0,0.7658785569724395,0
0,0.514782487286545,1
1,0.8797539893569507,1
1,0.7414824506157586,1
0,0.800001158279077,0
1,0.6413377814009809,1
0,0.6816662407805942,0
1,0.8575520072501472,1
0,0.9007475289202381,0
0,0.9269646270724087,0
1,0.8736529131876116,1
0,0.680945933112831,0
0,0.8842705394452475,0
1,0.7971607162470188,1
1,0.5159799205950227,1
0,0.8835470254760999,0
1,0.7822094215928287,1
0,0.5667265724362608,0
0,0.539431506520781,0
0,0.6802235789508145,0
1,0.7921780432820187,1
1,0.6716020012532269,1
0,0.7820788490102529,0
1,0.7090061237682712,1
1,0.761259507219269,1
0,0.85112462153288,0
1,0.6100346707672619,1
0,0.6497084259192865,0
0,0.6117370954120659,0
1,0.6867769193692524,1
1,0.7583366955996269,1
1,0.8437647519127786,1
1,0.8684656204027871,1
0,0.5727792090860641,0
0,0.5419244191871367,0
0,0.8440136233207822,0
0,0.8680858680815543,0
0,0.6035301866877385,0
0,0.6562841593367829,0
0,0.7253970823686992,0
1,0.6277234508910479,1
1,0.7352318579388408,1
1,0.7387008693714915,1
0,0.9196191279822812,0
0,0.546832001490255,0
0,0.780671914049947,0
1,0.9671432433612281,1
1,0.5143323489762724,1
1,0.6439497272057749,1
0,0.8215636519767543,0
0,0.9150742964827956,0
0,0.7688317117777318,0
0,0.7824928130591342,0
1,0.9016630494241515,1
0,0.5213949114423843,1
1,0.6764508406449503,1
1,0.6563512779044974,1
0,0.9660956765482984,0
1,0.613697449834508,1
0,0.7622361807745954,0
1,0.8617204337058922,1
1,0.8888516108875182,1
1,0.8595278327363675,1
1,0.7716839258780368,1
0,0.6616892980263901,0
1,0.7345409114703467,1
1,0.8828976525294061,1
1,0.8522289261787457,1
0,0.8365731697326189,0
0,0.8626854017659709,0
0,0.8160712961929489,0
1,0.5772536340066645,1
0,0.6274924004595751,0
0,0.9429092323206009,0
0,0.9267127158993316,0
0,0.6950024336556012,0
0,0.8909121008681656,0
0,0.6915936963946318,0
1,0.9134848896130356,1
0,0.6533786826293971,0
1,0.7196291115127031,1
0,0.6328600234318221,0
1,0.7145973719354177,1
0,0.7779302824251532,0
1,0.59158827512439,1
1,0.8220650296285491,1
0,0.7338945655065952,0
0,0.6143460777280519,0
0,0.8489089786513225,0
1,0.5037048648956799,0
0,0.8990055983040159,0
0,0.8171037062880304,0
1,0.5028167668533553,0
0,0.8443213306210123,0
0,0.7111329293675958,0
0,0.7992400016025326,0
0,0.5491403732024815,0
1,0.6580948714315039,1
1,0.5491049351892086,1
0,0.9507535984455353,0
0,0.6210690727760647,0
0,0.706689922385139,0
0,0.5935117813606802,0
1,0.9003019645734662,1
1,0.6147699135544753,1
1,0.7848622866471479,1
0,0.9249780968312997,0
0,0.7767245019213881,0
1,0.9008713240937185,1
1,0.8720277253899623,1
1,0.5117362190574589,0
0,0.9502395336502807,0
0,0.9559201343243321,0
0,0.9345385992753776,0
1,0.7002406514471693,1
0,0.8781075963323579,0
1,0.680902819392834,1
1,0.7618327806190939,1
1,0.8450718545934408,1
0,0.7610253625752129,0
1,0.9276619314397979,1
1,0.6459904645404251,1
0,0.5868262613069494,0
1,0.8066524847022032,1
0,0.8586678230378819,0
0,0.6835525406870221,0
0,0.8642217317089351,0
0,0.8139140061869716,0
0,0.9661669961208658,0
0,0.9237685562035741,0
0,0.6605290460505794,0
0,0.8306467633052121,0
1,0.9433713985164777,1
1,0.8480332486121621,1
0,0.7600665326245614,0
0,0.6526315435739165,0
1,0.8106064662153202,1
0,0.9145399673264558,0
0,0.5915449501390482,1
0,0.9705513323825049,0
1,0.9050444646400766,1
1,0.6616761811045464,1
1,0.5539218375582261,0
0,0.786318042012337,0
1,0.7167477459049522,1
0,0.6302331074123695,0
0,0.9232503657677992,0
0,0.931299777831346,0
1,0.7215312661028269,1
0,0.8310449958716051,0
0,0.9698934016116801,0
0,0.769514124405115,0
1,0.5902791612979372,0
0,0.9405848195478345,0
0,0.8015640701578063,0
0,0.7480744441897875,0
1,0.7756005812498726,1
0,0.5973755208851376,0
1,0.6887727567600002,0
0,0.7208386118884582,0
0,0.7732001402971411,0
0,0.8244435895011459,0
1,0.816421768897629,1
1,0.5826026068707042,1
0,0.8894960179861915,0
0,0.5420688327429947,1
0,0.5683774926334535,0
1,0.7709784331087525,1
1,0.7546556035464724,1
0,0.8037262789763926,0
1,0.8450883860653382,1
0,0.5260642602504472,0
0,0.8235892513510719,0
0,0.8776329505421541,0
0,0.8583030497583115,0
0,0.5991169801070735,0
0,0.8255394106544552,0
1,0.5876863072501858,1
0,0.6503387439079955,0
1,0.9398315045992008,1
0,0.8684048008242239,0
1,0.7258514901336593,1
0,0.7958485692515744,0
0,0.8395421009483544,0
0,0.8498026188929697,0
1,0.6825608532733942,1
1,0.7782642476282424,1
0,0.6118921262289905,1
1,0.8070529991470795,1
0,0.5163432511249992,0
0,0.6394061326497841,0
0,0.6662312024991748,0
0,0.756472731609542,0
0,0.803752713563019,0
0,0.9188011844329798,0
0,0.6391173238487979,1
1,0.6032604463412368,1
0,0.7525648690823552,1
0,0.5615131702015568,1
0,0.5288757588643569,0
0,0.8603935461270125,0
0,0.7475910059094106,0
0,0.8740684062374803,0
0,0.8308134262997985,0
0,0.8080238685439965,0
0,0.6545317113801145,0
1,0.5203909561824053,1
0,0.8337475974067542,0
1,0.760691739251713,1
1,0.9224168856472426,1
1,0.6690948088817334,1
0,0.7964346712546181,0
1,0.7664228914135792,1
1,0.8771791146688185,1
0,0.8100789463860782,0
0,0.8333257995298581,0
1,0.8633470969336815,1
1,0.9438927120574312,1
1,0.8328702916117766,1
1,0.6458043288323306,1
0,0.617672380720894,0
0,0.6282039025451119,0
1,0.7531774495667823,1
1,0.9581419881277832,1
1,0.6493421792614119,1
0,0.7439619071944781,0
0,0.5242200905479736,1
1,0.609657425970408,1
1,0.5112799340355182,0
1,0.8706130499569976,1
0,0.9030813151459323,0
0,0.9101441955597964,0
0,0.8221057426631483,0
1,0.5725574660374246,1
0,0.9145715658358926,0
0,0.9048522749033372,0
1,0.8490179615902568,1
1,0.7075809318202051,1
0,0.9431303999381649,0
1,0.7056923976243797,1
0,0.556286426756835,1
0,0.9284591441984483,0
1,0.6146647845633326,1
1,0.9207358264475444,1
1,0.8607861030896621,1
0,0.53494777236215,1
0,0.7256433098190816,0
1,0.6569995347886256,1
0,0.653230220805607,0
0,0.7263588455639165,0
0,0.7999468878269137,0
0,0.6927506105119225,0
0,0.9100594154684669,0
0,0.8820951969035212,0
0,0.7207546190543364,0
1,0.786154250632932,1
0,0.798770861627327,0
0,0.802666386638339,0
0,0.9169790821262013,0
0,0.8818386606935517,0
0,0.8402647154050185,0
0,0.7111043789287933,0
1,0.873047443477196,1
0,0.8088772781046024,0
1,0.5540342472492839,1
0,0.7712616739320932,0
0,0.8017852957852828,0
0,0.9253645062276153,0
0,0.6830680900668794,0
1,0.623006636533002,1
0,0.7121438938916973,0
0,0.8977150250053848,0
1,0.6107875386862625,0
0,0.8911435652357755,0
0,0.8503924555974915,0
1,0.8699134654057927,1
0,0.5932438176721985,0
1,0.960231327608811,1
1,0.6857745589193779,1
1,0.859463711613265,1
0,0.8002829335291349,0
0,0.9286036406486632,0
0,0.837350557799092,0
1,0.7066282642881583,1
0,0.7032156089221324,0
1,0.8800583611308116,1
0,0.78443381235035,0
1,0.6977388160103725,1
1,0.732477148236476,1
1,0.658271207607909,1
0,0.7789474915212091,0
1,0.8947579660919661,1
1,0.8006544067290221,1
0,0.6324731731948329,0
1,0.8230232671148877,1
1,0.8424564971838759,1
1,0.7141924861077925,1
1,0.6844672413348026,1
0,0.8788330593243069,0
1,0.5167500247439164,1
1,0.5831029706229305,1
0,0.9067959849485372,0
1,0.664022476706136,1
0,0.6565839969258774,0
0,0.7222944741224201,0
0,0.848166221628659,0
0,0.9050497886780916,0
1,0.9021138702456498,1
0,0.9199066810209027,0
0,0.7749378912611671,0
0,0.5458389835661045,1
1,0.6802161420009015,1
1,0.8365482797167327,1
1,0.958860981480917,1
1,0.6429543807222144,1
0,0.5957892166967116,0
0,0.7784239865246118,0
1,0.8064659887561789,1
1,0.8641203624729131,1
1,0.9351159156524954,1
0,0.872664586026933,0
1,0.8210261189112878,1
0,0.575820819318317,0
0,0.9456142115709506,0
0,0.611735856303751,0
0,0.7817518605294226,0
0,0.6480274973599968,0
1,0.6202228164838333,1
0,0.9322392285313748,0
1,0.8112298505116669,1
0,0.771025143708261,0
0,0.8224615230347331,0
0,0.7786219397018561,0
0,0.5941706629623277,0
0,0.8830927520911185,0
0,0.7133387333263616,0
0,0.622264757039185,0
0,0.9190400624654177,0
0,0.826000847652234,0
1,0.7273772269783615,1
0,0.5091574177212518,1
0,0.5390642229290306,0
1,0.5604938545597811,1
1,0.577851918090345,0
0,0.6461744466077619,0
1,0.803328148897481,1
1,0.7651328041379416,1
0,0.7359563224048995,0
0,0.860681635289159,0
1,0.9117168390531721,1
0,0.8085788675615696,0
0,0.9534159631723944,0
0,0.7401304496100247,0
0,0.5792930383096132,1
1,0.8627360233404634,1
1,0.5395335716683327,1
0,0.6501607153420802,0
1,0.8137563294521031,1
0,0.552115429035921,0
1,0.5637573452816574,1
0,0.8295726823277787,0
1,0.7680877576339803,1
1,0.9124481666028977,1
0,0.654283263241386,0
0,0.6467338881713696,0
0,0.7575976089528942,0
0,0.8143503066149234,0
1,0.592249466790509,1
0,0.722964790037096,0
0,0.9491027033864292,0
1,0.8914308067791817,1
0,0.737549759445321,0
0,0.9083868708644729,0
0,0.8275874678202741,0
1,0.9394824929713074,1
0,0.8259158662740842,0
0,0.8504791377247882,0
0,0.5245523838232141,1
1,0.9236138539634577,1
1,0.90959345869715,1
1,0.896860379694654,1
0,0.9359889215300262,0
0,0.6238611807675393,0
1,0.7373214830767646,1
1,0.8231191178059242,1
0,0.8804316747725389,0
1,0.6254898121286516,1
1,0.8881945199346312,1
1,0.8241556902811481,1
0,0.7980638333260109,0
0,0.7039129691212185,0
1,0.9210730572071607,1
1,0.74484546789723,1
1,0.9616172163372938,1
1,0.6349833818115392,1
1,0.906143628860619,1
0,0.8906725663107772,0
0,0.970072228297367,0
1,0.8601868479861802,1
1,0.8200690209180019,1
0,0.6564415408374643,1
1,0.7467550335541944,1
0,0.6427566932072165,0
0,0.6431180047027103,1
1,0.6637054075834616,1
0,0.7926791865875733,0
0,0.659627390011924,1
0,0.8052861228384575,0
1,0.696722160832453,0
1,0.7628935574509886,1
1,0.631269965357589,1
0,0.7519239722880351,0
0,0.9122508691673428,0
1,0.8442732578926143,1
1,0.8326461320950344,1
1,0.6784024534959306,1
1,0.7993630584864824,1
1,0.8767590420943916,1
1,0.83166813940296,1
0,0.8574586534754065,0
0,0.5245897688243476,0
0,0.5812481623255401,1
1,0.9677899926620736,1
1,0.8660378477150138,1
0,0.8212535150150195,0
0,0.8644676356136278,0
0,0.89791522523356,0
0,0.8095232613222254,0
0,0.6409275452505442,0
1,0.9575639329102891,1
0,0.9128410123372426,0
1,0.6637406804879176,1
1,0.6265847591829673,1
0,0.90371180068963,0
0,0.5377918025381578,0
0,0.989848773291801,0
0,0.6765662912448236,0
1,0.5057917938504329,0
1,0.6068710039855889,1
0,0.703228019164572,0
1,0.8185291602732047,1
1,0.5408633279043924,1
1,0.656522167645597,1
0,0.8288721826167703,0
0,0.7739925986975507,0
0,0.6249633355622928,0
0,0.9107732212972794,0
0,0.6826034143562958,0
0,0.7375142414884962,0
1,0.588714629846675,1
1,0.725081218113872,1
0,0.7521562086542903,0
1,0.5150211728076906,1
1,0.8097808876951545,1
1,0.6698981275123673,1
1,0.6217196075580131,0
0,0.8622851209493108,0
0,0.9562745668509076,0
0,0.8626310878786305,0
0,0.6857441578193952,0
0,0.5127125438667488,0
1,0.8268760853779853,1
0,0.9711731093904798,0
0,0.5430062247029912,0
1,0.8357484570759118,1
1,0.8184241102913343,1
0,0.9245482688247592,0
0,0.523035836559658,1
1,0.5535730284423949,1
0,0.849750908808438,0
0,0.9217842060695273,0
1,0.8568566378310131,1
0,0.8547831305850987,0
0,0.5447184973615385,0
0,0.8011462274101843,0
0,0.9445343894427143,0
1,0.8418833395181091,1
0,0.760075674070675,0
1,0.9511580335616735,1
0,0.9076025392044429,0
0,0.724200536845236,0
0,0.9178353235793602,0
0,0.6051110749919987,0
0,0.7736933478173933,0
1,0.5652226445244329,1
1,0.7402492198416536,1
0,0.9203649690122021,0
0,0.5861339210478238,0
1,0.542618938809372,1
1,0.5951816658976737,0
0,0.9076243959074678,0
1,0.673723413515702,1
1,0.5334932574042878,0
1,0.8040325306496687,1
0,0.8462749910997812,0
1,0.6795621829459703,1
0,0.820412612551138,0
1,0.7106775688065452,1
1,0.6606615165597732,1
1,0.7604139593999242,1
0,0.8980174297095386,0
1,0.6944434474815961,1
1,0.9035412016043926,1
0,0.814524331401647,0
0,0.831676380627869,0
0,0.8727252617591945,0
1,0.5611145849269747,1
1,0.921996902459957,1
1,0.7010783735308969,1
0,0.877703355379362,0
0,0.7945288681485358,0
1,0.8571390516611291,1
0,0.8284717137893177,0
1,0.7231703109947313,0
0,0.779516527894129,0
1,0.7068180558995004,1
0,0.8480926428646086,0
0,0.6855556335222112,0
0,0.7693845816779994,0
0,0.6291452843610599,1
0,0.854844038536044,0
0,0.7507951467258751,0
0,0.9341235435315733,0
0,0.9690679603395838,0
0,0.7605667330064007,0
0,0.9329218033071036,0
0,0.7036967408140885,0
0,0.6186384034389206,0
1,0.831084520229905,1
0,0.8565597937698621,0
1,0.702117896025944,1
0,0.9587287077495971,0
1,0.6592907563446578,1
1,0.8397750011937831,1
0,0.6680168907102663,0
1,0.5422404424127586,1
1,0.7730715228540389,1
1,0.6503865873062716,1
0,0.5341615682347681,0
0,0.7424482297156446,0
0,0.8387377739696376,0
0,0.8971225006727835,0
0,0.9931455329119576,0
1,0.5588785059181851,0
1,0.877836533426673,1
1,0.6929922691948308,1
0,0.6016081663000161,1
1,0.9476598955831015,1
1,0.8922953853189164,1
1,0.6960902786468393,1
0,0.630022068565583,1
0,0.6633518331188285,0
0,0.8869800252243704,0
1,0.8251388375947091,1
0,0.8762809078032568,0
1,0.5217841515714806,1
0,0.7655061823731508,0
1,0.8321887650746763,1
1,0.7506607271350919,1
0,0.7191030260809803,0
0,0.9662932618732072,0
1,0.7901569830136953,1
0,0.8464211431142659,0
0,0.6444669467181273,1
0,0.6143462190758487,0
0,0.6157743376787095,1
0,0.6019484842554067,0
1,0.631170243070507,1
0,0.7412317189303504,0
0,0.7383190538223672,0
1,0.7193030436289921,1
1,0.5130916082236746,1
1,0.7235624499715057,1
1,0.743367230597425,1
1,0.724388874816646,1
0,0.5684898527977806,0
0,0.8101270055974548,0
1,0.8474927920558809,1
1,0.8244843601467384,1
0,0.8439436686397942,0
0,0.795437242668733,0
1,0.8311694288444403,1
1,0.7616411615809605,1
0,0.7092683542071003,1
0,0.6636447394162746,1
1,0.5591417490853999,1
0,0.7197664749433903,0
0,0.8247213952527515,0
1,0.6011569014242357,0
0,0.9076582020386338,0
0,0.8923617183385153,0
0,0.9417086790311782,0
0,0.596148411800796,0
0,0.9292079060588788,0
1,0.6722901680182956,1
1,0.5580361179393581,1
0,0.5275109766423797,0
0,0.9186597904140681,0
1,0.8531940946818714,1
1,0.7176524908438826,1
1,0.5508333423367867,0
1,0.8298358030329708,1
0,0.9476565116003318,0
0,0.7175781191748773,0
0,0.8665837851747032,0
0,0.6925187506924917,1
0,0.8412685251930354,0
1,0.5827126538405427,1
0,0.5878232088892968,0
1,0.5091795264204362,0
0,0.9410200555209782,0
1,0.6359291754503785,1
1,0.587290099620197,1
1,0.8010480406601221,1
1,0.6341260146491402,1
1,0.6202092067164704,1
0,0.8950358765946451,0
1,0.7095299000131858,1
1,0.8720313620598196,1
1,0.789011004294937,1
1,0.6914926432322761,1
1,0.5193761372211965,1
1,0.7236368541938002,1
1,0.7577502865716276,1
0,0.9454525382432443,0
0,0.7727322940337316,0
0,0.8364418924986396,0
0,0.9332082499777762,0
0,0.9108376738088272,0
0,0.7349497537468769,0
1,0.8284343451902176,1
0,0.9368353500435783,0
1,0.512435030083885,1
1,0.6311450776401362,1
1,0.5493691642875462,1
0,0.6533951230944823,0
1,0.6733630600284797,1
1,0.7061976963233213,1
1,0.7059955579025602,1
1,0.7634543301358544,1
0,0.875583161229945,0
0,0.7506014672084212,0
1,0.7892820545528905,1
0,0.8455988611298507,0
1,0.7637815502718024,1
1,0.7388291432797445,1
1,0.8837426528223827,1
0,0.664229699440779,0
0,0.8986362037735725,0
0,0.7944058904055791,0
0,0.5328355733242071,1
1,0.5105361089708935,1
0,0.9391265424817242,0
0,0.8794140145702463,0
1,0.7418235042763,1
0,0.8562951896205767,0
1,0.8357332808783459,1
0,0.9239286991757266,0
1,0.6501654329885506,1
1,0.8489593403602085,1
1,0.6099160549570612,1
0,0.9318192948881057,0
0,0.7777897396456124,1
0,0.7283536178915662,0
0,0.7630226246750036,0
0,0.6756626755001166,0
0,0.6706469119871674,0
0,0.8380999972939126,0
1,0.9000873283049187,1
0,0.7893578413722796,0
1,0.7580242853260479,1
0,0.9396172720474518,0
0,0.8602426840262434,0
1,0.9073291886011402,1
0,0.6841599503230169,0
0,0.9244794401815497,0
0,0.9395479158308893,0
0,0.5843461848398274,0
0,0.8228312761682393,0
1,0.7466024829071103,1
1,0.5001499462180699,1
1,0.7523593567014082,1
1,0.8904025269035568,1
0,0.7983003256735074,0
0,0.7753553451517204,0
1,0.8784399246077943,1
0,0.856930283803464,0
0,0.6559108637812818,0
1,0.7222018603535706,1
0,0.7656767543487192,0
1,0.5430929390883378,1
1,0.7722746111161481,1
1,0.6636118230236894,1
1,0.8057361532064162,1
0,0.9443792528457995,0
0,0.6747683850214458,0
0,0.5858521367594782,1
1,0.7808349835763679,1
0,0.5634194755692853,0
1,0.6227773239974407,1
0,0.6351813048298373,1
1,0.8140809651548352,1
0,0.680439916709305,0
1,0.7227265648756281,1
1,0.5349582599774857,1
0,0.9420968253240741,0
0,0.8446964688641663,0
1,0.8024786906172433,1
0,0.9140648819035582,0
1,0.9032075762684966,1
1,0.9423458404342597,1
0,0.9654894350448306,0
1,0.8471160469581605,1
1,0.8257755313209838,1
0,0.7906355335340196,0
0,0.7553729635489814,0
0,0.5241507836450122,1
1,0.6654631526263459,1
1,0.6391895630075146,1
1,0.7379581069142676,1
0,0.9755341612452467,0
0,0.551249866559775,0
1,0.6719277278828995,1
0,0.6316872196458804,0
0,0.8473613498783741,0
1,0.9359363910948848,1
1,0.6535642703568509,0
1,0.9016560493369354,1
0,0.7006035962863927,0
1,0.5824022337658591,1
1,0.8400337083994047,1
1,0.927045290364609,1
0,0.5586977689199201,1
0,0.7669348279064673,0
0,0.8502378582467495,0
1,0.7581826056092313,1
0,0.8887905079337193,0
1,0.8574658999517326,1
0,0.9252021446424645,0
0,0.649357805180153,0
1,0.5904554553298947,1
0,0.8107340469663449,0
0,0.8794007183948365,0
1,0.9001846194790334,1
0,0.5250388789048592,1
0,0.8020736381455765,0
1,0.9467839359680505,1
0,0.6785607132327057,1
1,0.7504286832676048,1
0,0.8589418029315851,0
0,0.6971706458098812,1
1,0.8862203520554742,1
1,0.7692877421203335,1
0,0.8544107371435433,0
1,0.6762763766216776,1
0,0.7713443689741963,0
0,0.778219214704031,0
0,0.9283999785836142,0
0,0.7784769438213414,0
0,0.723165638209565,0
0,0.6967544039549032,0
0,0.6036447185482067,0
0,0.5748851134871233,0
0,0.7934505281676723,0
0,0.5506743566721889,1
1,0.6038890639746327,1
0,0.8542127445134753,0
0,0.6107881562368558,0
1,0.8231608236166431,1
1,0.6930089597845353,1
0,0.8289223843906974,0
0,0.606659317359644,0
1,0.5539074714574448,1
0,0.8330962225574943,0
0,0.840541948046696,0
0,0.838669096277378,0
0,0.6564740366938401,0
0,0.8735916212085493,0
1,0.6562787657760292,1
0,0.8033144307927987,0
0,0.8867114003768177,0
0,0.7746817132961946,0
0,0.8372248495378531,0
0,0.7508066429935825,1
0,0.806317011715696,0
0,0.9778822959229375,0
0,0.8438959754652179,0
0,0.8311892697213383,0
0,0.6643265789031016,0
0,0.8574899754296924,0
0,0.8502670539236469,0
1,0.5712051883211663,1
1,0.7217286356836742,1
1,0.8813944733748443,1
1,0.5900300571359368,1
0,0.9104740653535833,0
1,0.8617490233323647,1
1,0.6173058182767924,1
1,0.6721522075925783,1
0,0.8240742421262037,0
1,0.5507300067083069,1
0,0.5788639677334559,1
0,0.8880476040143903,0
1,0.7961633134001652,1
0,0.6906005338248999,1
1,0.8141299096586756,1
1,0.6127372337845829,1
0,0.7545332982918483,0
0,0.9314121951228208,0
1,0.5407243555868629,0
1,0.6716359047429414,1
0,0.8474760942057342,0
0,0.5956711749959115,1
0,0.9716030613231021,0
1,0.9338372004868378,1
1,0.9464262417133722,1
0,0.5549680538852743,1
1,0.7609281428473779,1
0,0.8025275952278427,0
1,0.8001520780763739,1
0,0.9103793491139022,0
1,0.9374182684990937,1
1,0.7625296595189978,1
1,0.8414666124300278,1
0,0.7837656146772425,0
1,0.5129329382468217,0
0,0.5498576269821779,0
0,0.9325361148862286,0
0,0.9330001776387107,0
1,0.8579552997412594,1
1,0.899882602953965,1
1,0.5310191049562436,0
0,0.7236253768958897,0
0,0.9225192520140869,0
0,0.7763901786226667,0
1,0.9493135214381514,1
1,0.9173016154500286,1
0,0.9006294308873085,0
1,0.6104220497039495,1
0,0.783600832765537,0
1,0.8643200654175671,1
0,0.838211214553126,0
1,0.5886618238838183,0
0,0.9191910107064858,0
0,0.9255942075155542,0
1,0.5100046295912888,0
0,0.9092628233423597,0
1,0.7236584266459346,1
1,0.8597823449168537,1
1,0.6890380171201937,1
1,0.6780164683945318,1
1,0.7977814100235522,1
0,0.7155745287956679,0
0,0.7684784459881107,0
1,0.7530928865093162,1
0,0.7778159298859397,0
0,0.8021890957047345,0
1,0.7932930380546234,1
1,0.7084744890064735,1
0,0.8730798454967454,0
0,0.6915660413346382,1
0,0.8698059196205482,0
1,0.7570852183903984,1
0,0.8515764798288037,0
1,0.6512795832176083,1
0,0.5098022750284779,1
0,0.7993179406139505,0
0,0.8436836526517305,0
0,0.6704302771410828,0
0,0.7045701527028507,0
1,0.6555982863420533,1
0,0.7598412806143163,0
1,0.8153187110062825,1
1,0.953410045704173,1
0,0.8759340907586213,0
0,0.9536027398591931,0
0,0.82216656216073,0
0,0.9872022939944524,0
0,0.8998232693188343,0
1,0.7385713329927234,1
0,0.8410555384925346,0
1,0.7275220022941818,1
0,0.8693939204243419,0
0,0.9317821249065029,0
1,0.5178366644637318,1
1,0.50289772956747,1
1,0.7133502211060715,1
0,0.9224471668619436,0
1,0.5850175920590877,1
1,0.6067372959779688,1
1,0.845184735433129,1
1,0.5065720181469622,0
0,0.8969671339034331,0
1,0.8342567632611712,1
0,0.9206643198523234,0
0,0.9058757994534626,0
1,0.5907063333511594,1
1,0.6242307369014183,0
0,0.563873919881971,1
0,0.76433780283238,0
0,0.8726952679682812,0
0,0.8469062446674415,0
0,0.9617387502255585,0
0,0.8684511958954192,0
1,0.7744316323317649,1
1,0.8930404978265246,1
0,0.8249161940280892,0
1,0.7439357497692115,1
1,0.8157673282083898,1
0,0.6091132119258521,0
1,0.8830276134132071,1
1,0.919319455775565,1
1,0.9267487428215567,1
1,0.6616723189314626,1
0,0.8160420027104742,0
0,0.9040898832262101,0
1,0.8403473669581375,1
1,0.6453499558406753,1
0,0.8496754441559258,0
0,0.8040556913409471,0
0,0.9235556991276099,0
1,0.7836384624576445,1
1,0.7226358471321631,1
0,0.7348683838974921,1
1,0.6053195322833278,0
0,0.620165043078092,1
1,0.7455538930932418,1
0,0.5289530219913061,1
1,0.6107432993281051,1
0,0.8811104131760529,0
0,0.5227244274877809,0
0,0.8048122220178717,0
0,0.8338292883698534,0
1,0.7264370283939561,1
0,0.7093680707659251,0
1,0.8039128473161633,1
1,0.8238810296590952,1
0,0.8627715596550557,0
0,0.9293260305580804,0
0,0.5487408157109932,0
0,0.9582025404680761,0
0,0.7646473625243053,0
0,0.8800791584912376,0
0,0.7513481963532814,0
0,0.7286556155572983,0
0,0.7374488116701007,0
1,0.7816347301581048,1
0,0.6857527207213363,0
0,0.5261675052267376,1
1,0.7330255961778575,1
1,0.5542152273715916,1
1,0.910770415689885,1
0,0.7165023282680122,0
0,0.8850827964997968,0
0,0.8284396080706977,0
0,0.9105722699255911,0
1,0.5672422080960086,1
1,0.5838250058538862,1
1,0.8340769425237708,1
1,0.5204269236347936,1
0,0.9339987091563325,0
1,0.8784510709481168,1
1,0.6694207245835747,1
0,0.6953875298934249,0
1,0.5765397677843805,1
1,0.7208856672921068,1
1,0.707143690785616,1
0,0.7923782226294951,0
0,0.7535100255083659,0
0,0.9182901533565526,0
1,0.6461748388743652,1
1,0.5615466517262213,0
0,0.8521591433422914,0
1,0.6812973471508529,1
0,0.7603471068252392,0
1,0.7159501649944628,1
0,0.9702253152402422,0
1,0.5077773251651183,0
0,0.6454669862594965,0
1,0.8930888911373618,1
0,0.8769756975122351,0
0,0.5635251018785992,0
0,0.5598202733701136,0
1,0.8840336771851349,1
1,0.7802884153644855,1
1,0.5859622731414367,1
1,0.7835117626926635,1
1,0.7103186148550227,1
1,0.5845409337124159,0
1,0.8236631984036636,0
1,0.8623984255739161,1
0,0.8338309436966967,0
0,0.7236976652720382,0
0,0.95742755647855,0
0,0.8527013235751427,0
1,0.8571762511134343,1
0,0.8515340884892554,0
1,0.6278579752965883,1
1,0.7874213491792621,1
0,0.928442472935944,0
0,0.8160892084574262,0
1,0.7822327575456838,1
0,0.9851611002685463,0
0,0.9165668433681794,0
0,0.7558747641018072,0
1,0.9379409846329504,1
0,0.8220048734680858,0
0,0.9138329450981794,0
0,0.6024299226889088,1
0,0.5482163511400728,0
1,0.7630223236395179,1
0,0.9693371981827447,0
0,0.8537338126570363,0
1,0.9491869284425206,1
1,0.5517934858525467,1
0,0.9350823861375619,0
0,0.6070410369591458,0
1,0.9026927865502316,1
0,0.8242284141741666,0
0,0.681787883381019,0
0,0.5403791142969896,0
0,0.6428795129880599,1
1,0.6352239671136456,1
1,0.9531000648300803,1
1,0.8016553385252463,1
0,0.5384987825640656,0
0,0.5096019763268933,1
0,0.7934222593753568,0
0,0.7936481453769421,0
0,0.701894387387299,0
0,0.9440034619754184,0
1,0.5767530833379413,1
1,0.8431090944674037,1
0,0.8719871236213828,0
0,0.5617615267757102,1
0,0.627902783361391,0
1,0.8606769190997741,1
1,0.8924615689305352,1
0,0.9422395756702376,0
0,0.8337491291395726,0
0,0.8736208403522542,0
0,0.9314832333012157,0
1,0.8407816662902013,1
1,0.7332993971159503,1
1,0.5321309909339161,1
0,0.6601187240582038,0
0,0.76275841388488,0
0,0.6058912727515013,0
1,0.9085654492363141,1
0,0.837229730242776,0
1,0.596274835460574,0
0,0.6127136080455861,0
0,0.754367844346447,0
1,0.8230267659405486,1
0,0.7788764272760353,0
1,0.7208953169909805,1
1,0.8078321894555317,1
0,0.810769243521845,0
0,0.8850937112826519,0
1,0.7748383409606344,0
1,0.9190179695804684,1
1,0.7362062703618399,1
0,0.734392724752091,0
0,0.7933596430965901,0
0,0.9571156670661279,0
0,0.8830305945331013,0
1,0.8354990926186088,1
0,0.6891636246492073,1
1,0.7249770920874105,1
0,0.6162331962223715,0
1,0.5968115932423673,1
1,0.7904476635559372,1
0,0.9169032756474129,0
1,0.8739734407632459,1
1,0.877304359398045,1
0,0.7941598004122268,0
0,0.5940071578535757,0
1,0.9056318704742814,1
1,0.5162538545842866,1
0,0.6644306144673966,0
0,0.5639174850210235,0
0,0.7567426658854859,0
0,0.8886513944050376,0
1,0.7546289033306438,1
1,0.6105709796235121,1
0,0.7179933211709927,0
1,0.8778249650687359,1
0,0.8616890355317299,0
1,0.8788342041986784,1
0,0.758610175424928,0
0,0.9140545327843216,0
1,0.7159292739668697,1
1,0.6902921841928106,1
0,0.7812252803474363,0
1,0.8385079928565778,1
1,0.5677013445491448,1
0,0.7310347664713399,0
1,0.8938408070522884,1
0,0.5964077179529846,0
0,0.9072659436244994,0
1,0.838702085103676,1
1,0.6201379222019542,1
1,0.7680527327953073,1
1,0.8923335189301264,1
0,0.6355425495353043,1
0,0.7328172043678924,0
1,0.7078992439398362,1
1,0.6951849786943803,1
1,0.5918390333276883,1
1,0.8766559355866324,1
0,0.8694273574745451,0
1,0.8091740900474466,1
0,0.7614433989329028,0
0,0.8808398653639992,0
0,0.66878925422069,0
1,0.6424791738099856,1
0,0.6726048710659291,0
0,0.6232515879745508,0
0,0.7441659950657221,0
0,0.6569943642497291,0
1,0.6150165214602183,1
0,0.9292958454445939,0
1,0.7679785979672049,1
1,0.8110884281666763,1
1,0.682557645994485,1
1,0.8206847454104758,1
0,0.7802497651740019,0
0,0.9056776180562944,0
1,0.7470941905961235,1
1,0.715589357203199,1
1,0.8342467151379954,1
0,0.7662573231399818,0
1,0.9262991712563703,1
0,0.5308916626659343,1
0,0.8482576461538636,0
0,0.8726429029431815,0
1,0.7211118494105557,1
1,0.9415350193676854,1
0,0.6720910969557218,0
0,0.8976285920834322,0
0,0.866500180957719,0
0,0.8423999162392458,0
0,0.5219039821572578,0
0,0.6475590112816426,0
0,0.7929991737379563,0
0,0.6668886234014751,0
0,0.5953358096048592,1
1,0.5882319540707487,1
0,0.5637092288186287,1
1,0.756539643612255,1
0,0.7421437302312133,0
1,0.5483909794955832,1
1,0.8910741935208576,1
1,0.640793902133555,1
1,0.5633699876761786,1
1,0.831460491711853,1
1,0.7397653198191282,1
0,0.6849475670298886,1
1,0.7891938178157708,1
1,0.8753750680352712,1
0,0.8775419863417276,0
1,0.8176791640614762,1
0,0.9078384236448105,0
1,0.8798215519234569,1
1,0.5869103578596562,0
1,0.8054720729946409,1
1,0.9468922805903904,1
0,0.886033610371868,0
1,0.7704628392597884,1
0,0.7760903031678924,0
1,0.7651856902465259,1
0,0.8851999034508036,0
0,0.9636649017101244,0
0,0.7909933974558336,0
0,0.8041323892178169,0
1,0.7375582877328414,1
0,0.7045100064521846,0
0,0.8124751509582229,0
0,0.8353652121464693,0
0,0.8986280270797855,0
1,0.8972538405718574,1
1,0.7927168354912317,1
0,0.6770278214238,0
1,0.5453500200967589,1
1,0.7841035943748357,1
0,0.7006282854769572,1
0,0.5788391063834105,0
1,0.8688936313477439,1
1,0.5438259959198332,0
0,0.9098732687491676,0
1,0.6299624832643959,1
0,0.6258001156092304,0
0,0.8112852882255761,0
0,0.8194178542745981,0
1,0.7834868651478384,1
0,0.8304477067966519,0
0,0.8004977138569063,0
1,0.7881159120419303,1
1,0.843419860847916,1
1,0.8075005313513631,1
1,0.9666027166630221,1
0,0.6488687199559768,0
1,0.6718605172389033,1
1,0.7559304330850614,1
0,0.808011871769765,0
0,0.8707498948981702,0
1,0.7943074778089976,1
0,0.8423049445771701,0
1,0.7635698677712102,1
0,0.5201654538688393,0
0,0.6051172968833085,1
0,0.5735065867824398,0
1,0.8225947864792695,1
0,0.7691377070353633,0
0,0.9291233365179247,0
0,0.7159995217222115,0
1,0.570653276739335,1
1,0.7871480153804686,1
1,0.7850272167339647,1
0,0.7523485172613621,0
0,0.9179638950086212,0
0,0.826570721948326,0
0,0.5701591331072599,0
1,0.8656342795415455,1
0,0.8712257053389657,0
0,0.7711043055745663,0
1,0.6962514361753926,1
1,0.8261545881997974,1
0,0.9050950247563158,0
1,0.6395672231109573,1
0,0.748835984649152,0
1,0.6848284042991325,1
1,0.5058868717493472,1
0,0.8188932932443517,0
0,0.6936650533113808,0
0,0.5012278833175173,0
1,0.5752505700925378,1
1,0.7394668275430479,1
0,0.923363444474882,0
1,0.8231776261465842,1
0,0.8420045366732868,0
1,0.5250850910037481,1
0,0.6604387242068865,0
0,0.7221566263372294,0
1,0.8781719535971061,1
0,0.7734992195029338,0
0,0.6188369995028895,0
1,0.7521747365938957,1
0,0.8637974343186966,0
0,0.5083904571578675,0
1,0.7162313250960426,1
0,0.8830261953453156,0
0,0.9050699928160034,0
0,0.8461335134967716,0
1,0.8253644374576233,1
0,0.6958452965064866,1
0,0.6203835188019289,0
0,0.911702701803863,0
1,0.6117744774780696,0
1,0.8553362313862631,1
1,0.7533824698234084,1
1,0.7855166304647991,1
0,0.8004759617575752,0
1,0.5182633802027121,0
1,0.843442119321728,1
1,0.7966471970352018,1
0,0.779647340320633,0
0,0.9475819058120091,0
0,0.8280283443151327,0
1,0.8208597885130928,1
1,0.6459809791770711,1
0,0.9404975928412955,0
1,0.7714082036332934,1
0,0.5080134944906188,1
0,0.9409690220207745,0
0,0.7147303674227997,0
0,0.6402077056083313,0
0,0.9294205699780275,0
1,0.8051529309579283,1
1,0.9030360266085802,1
0,0.5823155151036451,0
1,0.769007707834658,1
1,0.871209984037371,1
0,0.8208717177422409,0
1,0.672937220021035,1
0,0.789093394602299,0
1,0.6829296374706417,1
0,0.880450177395168,0
0,0.6940416497259669,0
1,0.8444650804755627,1
1,0.5593825012182227,1
0,0.9073334488498983,0
1,0.853074179056074,1
0,0.7532247089794364,0
1,0.8452184815199244,1
1,0.7128613567441534,1
0,0.8793080602141102,0
0,0.7861200291646523,0
1,0.7106170663791112,1
1,0.8902155039560234,1
1,0.6588577548877967,1
0,0.8461459151551318,0
0,0.7540975795429379,0
1,0.8477306288361584,1
0,0.7100624557902288,0
0,0.9375227637467413,0
0,0.7182436899990969,0
0,0.7251012578478532,0
0,0.980447779578311,0
0,0.722511568254508,0
0,0.8387227023417211,0
0,0.7825951617001913,0
0,0.8965327402808516,0
0,0.7831175216586418,0
0,0.6998010649880607,0
0,0.6565608790506516,0
1,0.5074225180322154,1
0,0.7708666568772373,0
0,0.7284073610035925,0
1,0.8707399992645053,1
0,0.8082433800128477,0
0,0.899736860520055,0
0,0.5955083518461514,0
1,0.5565546773394293,0
1,0.713606088127966,1
1,0.6245117307303131,1
0,0.7073360721790153,1
0,0.6241525674935726,1
0,0.8315229436625425,0
0,0.6409358482512455,0
1,0.5744760694157002,1
1,0.8909206205085093,1
0,0.5735942769553559,1
1,0.7368886413076937,1
0,0.7640223645609747,0
0,0.8814860787290061,0
0,0.7908120772811247,0
1,0.932605293149096,1
1,0.5775786234514448,1
0,0.7228585975396485,0
1,0.8636436076751165,1
1,0.8348853617840647,1
1,0.7418003464128132,1
0,0.8426488228592023,0
0,0.6386610645274055,0
0,0.7827798042721379,0
0,0.6899310181908613,1
1,0.8758687461779823,1
0,0.8268574143885364,0
1,0.8487853561148954,1
1,0.9183132886172684,1
0,0.7028892231417977,0
0,0.6607475723560748,1
0,0.5033809786576721,1
0,0.8587656976870273,1
0,0.6546267071625818,0
1,0.5897801055850631,1
1,0.6150795352481903,1
0,0.8609139869849628,0
0,0.8906827286333581,0
0,0.9287445314365932,0
1,0.6229192360749526,0
1,0.7127392163588081,1
1,0.8271745463315304,1
1,0.80242410312807,1
1,0.6199409384835157,1
0,0.7028536426002872,0
0,0.6611785387860819,0
0,0.7753655154659603,0
0,0.8602647070774077,0
1,0.6447619559108386,1
0,0.6862768565402881,0
0,0.8548218033149444,0
0,0.8607285590678363,0
0,0.6850226829621785,1
1,0.6692260766942447,1
1,0.6472820655522679,1
1,0.7888704653008206,1
0,0.6390350189440093,0
1,0.7900341452633934,1
1,0.5949908159298044,1
1,0.734999697873083,1
0,0.6751146499565902,0
0,0.9125300701118249,0
0,0.878480593744546,0
0,0.5684178791431469,1
0,0.9107807260953197,0
1,0.5813278188837928,1
1,0.8382098860143025,1
0,0.9167657634397316,0
1,0.6530743565122848,1
0,0.8780918091509841,0
0,0.8168225637711602,0
0,0.8993539510831954,0
1,0.6592992182739552,1
0,0.8240656022736084,0
1,0.5683857468150306,1
0,0.7360672238657217,0
0,0.7772914912353233,0
1,0.5135514041735739,1
1,0.8297473213683533,1
1,0.7940698929412243,1
1,0.8955679451297974,1
0,0.9351239707966017,0
0,0.9316198544367761,0
0,0.5441719029453622,1
0,0.7503623027721621,0
0,0.8237689730181882,0
1,0.8554702136756555,1
1,0.7863874730696568,1
0,0.7151452837805554,0
0,0.9170591806567894,0
1,0.7729139051649975,1
1,0.6777869254235973,1
0,0.8784509256990418,0
0,0.8170248670969231,0
1,0.7403203911158766,1
0,0.8721676605365372,0
1,0.6525845816896481,1
0,0.5700117316165297,0
1,0.5136837096948462,1
1,0.9467261178359007,1
0,0.8182622971714092,0
0,0.9608257221841245,0
1,0.5033045904634588,1
1,0.8320084834776994,1
0,0.902209223545475,0
0,0.8444140691263664,0
0,0.8234806883422641,0
1,0.8810735191217163,1
1,0.7465453560408526,1
0,0.9030302047755443,0
1,0.8579386495295191,1
0,0.6722428912621269,0
1,0.8041058544089938,1
1,0.603666202935161,1
0,0.7977399806762523,0
0,0.8972707550117061,0
0,0.8859757020999824,0
1,0.925444694714276,1
1,0.9015291844859211,1
0,0.7645674985754848,0
0,0.8089935449678598,0
1,0.8663387407759323,1
1,0.8194317038568065,1
0,0.6064258447333414,0
1,0.770605056297186,1
0,0.9540977465020352,0
0,0.8292754770662703,0
0,0.8842667283552869,0
1,0.6487216323080166,1
0,0.9172510140537506,0
1,0.9079545493244452,1
1,0.7223314299662609,1
1,0.8015100752386974,1
0,0.9284457849920372,0
0,0.8778945090421276,0
0,0.8757129476002846,0
0,0.7107483228075862,0
0,0.8798564927160195,0
0,0.5264463604772879,0
1,0.7596128596774715,1
1,0.715035775573539,1
1,0.5613242735260205,1
0,0.600122770932997,0
1,0.7403108028028176,1
1,0.69022368480361,1
0,0.7076514306859709,0
0,0.8974715811451343,0
0,0.8888689665035069,0
1,0.6375747628002383,1
0,0.8393082042220874,0
0,0.7341123723141372,0
1,0.9117057459939861,1
0,0.6444572590412168,1
1,0.6784628981865747,1
1,0.5883516878747179,1
1,0.9671033920965303,1
1,0.6210599356343198,1
0,0.8703132888540106,0
1,0.6833294387873835,1
0,0.5449594076138535,1
0,0.7524354401200448,0
1,0.8049756548197903,1
1,0.6255467759361579,1
1,0.5827051124658884,1
0,0.7617519233719986,0
0,0.8613303753354058,0
1,0.7997610156162562,1
1,0.8055139170113329,1
0,0.7964617657530284,0
0,0.8605374569860799,0
1,0.8364390221819642,1
1,0.9161299606975337,1
1,0.8273614678486648,1
0,0.8815398525237674,0
1,0.5805755593762149,1
0,0.7978964183722727,0
1,0.9120666382568654,1
0,0.7980929510555776,0
0,0.8661435387931082,0
0,0.7655625483616783,1
0,0.7974781814454737,0
0,0.9261412256591937,0
1,0.7443428240397773,1
1,0.7890057306260324,1
1,0.6395734645457938,1
1,0.7557818099855209,1
0,0.7303271396897036,0
1,0.6942303373258272,1
1,0.8682004696129538,1
1,0.8403201886476876,1
0,0.6808056003746666,0
0,0.6198025606521734,0
1,0.6345282850376157,1
0,0.8838525305705732,0
1,0.8489464905382513,1
1,0.6151454689750415,1
0,0.7947613154226693,0
0,0.7598397975628338,0
1,0.8711608712280211,1
1,0.7895702017359205,1
0,0.7387713893070535,0
0,0.7640079983183401,0
0,0.6956962390254573,0
0,0.9263873784181749,0
1,0.8858106082967073,1
1,0.8152710670597149,1
1,0.8881945199346312,1
1,0.8354808933603775,1
0,0.5360097874192534,0
0,0.504261011367473,1
1,0.8005355635365498,1
0,0.7384934603359881,0
1,0.7957280670445338,1
1,0.8852691515361888,1
1,0.6066047758753567,1
1,0.611128354465018,1
1,0.5255526147493781,1
0,0.5683109773284569,1
0,0.7501269878418306,0
0,0.7848593427750248,0
1,0.724708467537263,1
1,0.8919670176861156,1
0,0.9476119150530173,0
0,0.8036967021909062,0
0,0.896542659529555,0
1,0.8002469974767519,1
1,0.8492436261477666,1
1,0.8645391143433306,1
0,0.8536721995086881,0
1,0.8497792678419015,1
0,0.6370207903419843,0
0,0.8607817893411416,0
0,0.7689177277741969,0
0,0.6871518208226536,0
0,0.6750420320694163,0
0,0.980104740051408,0
0,0.6503772091250744,0
0,0.7513823668471691,0
0,0.9609575903249785,0
1,0.6492228686171226,1
1,0.8712376076778511,1
0,0.8837212475091581,0
1,0.5162992305368467,1
1,0.5127578054784969,1
0,0.8480732182527313,0
1,0.8132866329380141,1
1,0.7842728789533675,1
1,0.8524708131397105,1
0,0.5659027215683878,1
0,0.5322016922892151,1
1,0.618326340417883,1
1,0.7354754485490848,1
0,0.9198054885971408,0
0,0.8968069057145083,0
1,0.8093651166354647,1
1,0.7591527131822411,1
0,0.5108758700339912,1
0,0.9135116836363881,0
0,0.8679877403231077,0
0,0.677447854470068,0
1,0.849480481206196,1
1,0.812223493983517,1
0,0.8774402910892861,0
1,0.7811444597200493,1
0,0.6362360216775526,1
0,0.7685331384535711,0
0,0.8952028443500477,0
1,0.8097809194781637,1
0,0.8706173872869765,0
0,0.8448058824094183,0
1,0.7429343719834182,1
0,0.9241596321714218,0
0,0.8214395228589176,0
0,0.737575019937333,0
1,0.759781848222246,1
1,0.7441726569884464,1
0,0.7705466357176468,0
1,0.5297321514624355,1
1,0.7284034819633214,1
1,0.8885369125977685,1
1,0.7688720681418805,1
1,0.5990378609389914,1
0,0.5786405240961947,0
0,0.7500171615097317,0
0,0.9842778825320576,0
1,0.6320589302921995,1
0,0.7947334251020104,0
0,0.6054114149341876,1
0,0.8726914372973298,0
0,0.912965237606683,0
0,0.8245509747089854,0
1,0.8860981329993995,1
0,0.825440805520141,0
0,0.733999585434554,0
1,0.7422865080380698,1
1,0.8302869555032779,1
0,0.9127211330149954,0
0,0.6238809788612925,0
1,0.8279033557760739,1
1,0.7618304209766795,1
0,0.8799768999921272,0
0,0.8623917798320125,0
1,0.800933567401496,1
1,0.6465961450318737,1
1,0.6546908525289309,1
1,0.8795239348691726,1
0,0.5272323320798261,0
1,0.5718696838212937,1
0,0.9456957327244359,0
0,0.8685633592091073,0
0,0.7052636404851754,0
1,0.807525339054119,1
1,0.7809014219674986,1
1,0.8338581712032945,1
0,0.8348433692707851,0
1,0.9006882875072191,1
1,0.6027683156071099,1
1,0.8613395633475802,1
1,0.9151122299374002,1
1,0.8470877252878735,1
1,0.7323972246054584,1
0,0.7304002015313623,0
0,0.8183284447453235,0
1,0.705653648516589,1
0,0.959540714894923,0
1,0.8104760670516388,1
1,0.8043286796688006,1
1,0.9034255273904308,1
1,0.91217107970012,1
1,0.6584638633536644,1
0,0.8523117596998486,0
0,0.8173799241226175,0
0,0.9763758970410521,0
1,0.6191072019352167,1
1,0.839657412381287,1
1,0.8179665204751725,1
0,0.5709258105279974,1
1,0.8716941881049446,1
1,0.8098378119515145,1
0,0.7536725793650374,0
1,0.7194370189964342,1
1,0.9156035453435951,1
0,0.8391839804794751,0
1,0.7314001947825229,1
1,0.642534560114115,1
1,0.7845278230803763,1
0,0.8243186122572591,0
0,0.9493986475021771,0
1,0.8255971520922248,1
1,0.9021322104530879,1
0,0.5785398741114625,1
0,0.6910901815755445,0
1,0.7570922522137647,1
0,0.8442831744845114,0
0,0.8126963256242875,0
0,0.9321979506696038,0
1,0.7056652808256445,1
0,0.8209705079855552,0
1,0.7250980525704375,1
1,0.8163283409250499,1
0,0.807914363551375,0
1,0.6452883066185531,1
1,0.7735104950568306,1
0,0.9438529121835735,0
0,0.8227694481210848,0
0,0.7913629772191478,0
0,0.8364761058096167,0
0,0.8105236656864959,0
0,0.7859395888331099,0
0,0.7406445016605772,0
1,0.8407296254631145,1
0,0.6950381085647039,0
0,0.6646239345290454,1
0,0.654339912736996,0
0,0.514328541027089,0
1,0.7923686899949671,1
1,0.7984133955954951,1
0,0.9630837958182547,0
1,0.8215819975429882,1
1,0.8504407952455965,1
1,0.8369002558842059,1
0,0.9239704862489372,0
1,0.737553747438939,1
0,0.6748563883433559,0
1,0.8739696041834727,1
1,0.7078936609420886,1
1,0.5364727854162514,1
0,0.5137150589388679,1
1,0.7095547154624119,1
1,0.5593235683247196,1
1,0.8601380207467804,1
1,0.8315507775064223,1
1,0.8149084537569169,1
0,0.735529371933393,0
0,0.6653933636842891,0
1,0.8359225560213289,1
1,0.5245621036691671,1
1,0.8113935362146032,1
0,0.5917434580703576,0
0,0.7868700412718976,0
1,0.7018106822796152,1
0,0.8274133853590575,0
0,0.831925559967114,0
1,0.5732245789265034,1
1,0.701649318230717,1
1,0.8310921402993081,1
1,0.7058000688512225,1
1,0.7673202909651948,1
0,0.9008433984872114,0
0,0.8587137059793304,0
1,0.8764926999634458,1
1,0.5518650334338084,1
0,0.5449693519119855,0
0,0.5274338008757151,0
0,0.5201026668830863,1
1,0.6049713447251953,1
0,0.9369299401829251,0
0,0.8254659863570425,0
0,0.855922639022893,0
0,0.8266376400027831,0
0,0.8098919042513723,0
0,0.7564934743044727,1
0,0.7957105529824747,0
1,0.6575411061746337,1
1,0.7875076585146352,1
0,0.9279891650403033,0
0,0.8782941672486481,0
1,0.6463998851748292,1
0,0.8451486652890415,0
1,0.7034183391638152,1
1,0.8552556347439388,1
0,0.6976958323313273,0
0,0.9114852928386091,0
0,0.6761960378489668,0
1,0.6527036520495519,1
0,0.6643912936630034,0
0,0.8432139290830456,0
0,0.5212528539952522,0
1,0.8754343108828991,1
1,0.5180450743776346,1
0,0.9712591529769493,0
1,0.843406817835587,1
1,0.9279712250622442,1
0,0.8687720898171294,0
0,0.5144385686458061,1
0,0.8154009220293483,0
1,0.8790974811310622,1
0,0.9061126134442808,0
1,0.6208352650364919,1
0,0.8631394518042623,0
1,0.8961615082164966,1
1,0.6251934321333721,1
0,0.6702225191822164,0
0,0.8336760955234527,0
0,0.8484076812888752,0
0,0.5667577273537959,0
1,0.771557191980877,1
0,0.7502424552237454,0
1,0.9036119374843298,1
1,0.5050560578814818,1
0,0.6534888361401014,0
0,0.8092103205634035,0
1,0.6626310838068857,1
1,0.8790644615759329,1
0,0.6752249401595476,0
0,0.7991137780933868,0
0,0.8453473453494518,0
1,0.5072111901980935,1
0,0.643949031832763,0
0,0.9046584884123355,0
1,0.7658623520099836,1
0,0.5871162321326671,0
1,0.8110159037810127,1
1,0.6855438407920821,1
1,0.5866135769550923,1
1,0.8645500448738801,1
1,0.6418202253154168,1
0,0.9112974242781074,0
1,0.6841648418816786,1
0,0.8396470849807928,0
0,0.6223659430240545,0
1,0.947075062680542,1
1,0.8610146456590193,1
1,0.790822532463518,1
1,0.832669059669323,1
1,0.8833975252427291,1
0,0.7620604835756263,0
0,0.7146347474626253,0
0,0.9195510806684544,0
0,0.7038119156534989,0
0,0.746164470122811,0
0,0.8734255846996624,0
0,0.8538919419892489,0
1,0.7920836824238758,1
1,0.8013964524317744,1
0,0.6947362180587353,0
1,0.506013121820562,0
1,0.6935477052733027,1
1,0.7620685053858437,1
1,0.7215188370754576,1
0,0.7718931716886878,0
1,0.639079660535174,1
0,0.6229977088487169,1
0,0.8384101482233658,0
1,0.572006154612844,1
0,0.7956200601255892,0
1,0.9072420167822942,1
0,0.9144906880791385,0
0,0.6680566562158472,0
1,0.7458962048202431,1
0,0.6206204772171291,0
0,0.5129073172561553,1
1,0.6023722587622294,0
0,0.9245575230997153,0
0,0.7461358468993576,0
1,0.6012289636230218,1
0,0.6562056258502641,0
1,0.8119776635737289,1
0,0.8573987728322048,0
1,0.6958793372371712,1
0,0.8597512179996079,0
0,0.6651921848101258,0
1,0.8662548382811728,1
1,0.8393012064319614,1
0,0.8562717360020333,0
1,0.596519612006618,1
0,0.8640607065696284,0
0,0.8740189324913326,0
1,0.8832006528225377,1
0,0.9363727074933228,0
1,0.7698507614112124,1
1,0.734317287857616,1
0,0.6911876035167098,0
0,0.6468513399532342,0
0,0.8645244777420026,0
1,0.7948685419696471,1
1,0.672301955130107,1
1,0.70126147119575,1
1,0.8373108589312613,1
0,0.5669617352602911,0
0,0.8630319959079474,0
0,0.675894432048378,0
0,0.826341713084725,0
0,0.8433009519329279,0
0,0.7597043710738639,0
0,0.885864185160004,0
0,0.828598852443152,0
0,0.8808664148616553,0
1,0.8983397135098972,1
1,0.7215451606890898,1
0,0.5666909768573767,1
1,0.9270365911766862,1
0,0.5567796002046855,1
1,0.9066873671062043,1
0,0.8882140821107843,0
1,0.6743463719193267,1
0,0.6741903742880596,0
1,0.877083122071874,1
1,0.8333483855073326,1
1,0.8723264384720595,1
0,0.7722426489496612,0
0,0.920114437549664,0
1,0.9359053489807979,1
0,0.7865057039453367,0
1,0.7824323830119729,1
1,0.8452528265649752,1
1,0.8367420950750185,1
0,0.8100368096920896,0
1,0.6177938135305729,1
1,0.6219955984316302,1
0,0.9442603158128002,0
0,0.8434722459228831,0
1,0.5879564982603386,0
1,0.7689623314498938,1
0,0.7118324818307845,0
0,0.9145777256204691,0
1,0.8352633859225882,1
1,0.5094655264033967,1
0,0.7536819135977446,0
0,0.8817447074678599,0
0,0.6852151545764309,0
1,0.9326919537263966,1
0,0.672727321954847,0
0,0.6255979694063917,0
1,0.6690305117930505,1
0,0.6611076923982436,1
1,0.8796809627659073,1
0,0.580197283180343,0
1,0.9245343359388745,1
1,0.6858457758883436,1
1,0.7341811855033565,1
0,0.8351006396473242,0
0,0.895276554203546,0
0,0.9845193732355131,0
1,0.5181612611155558,0
0,0.6325239900025058,0
1,0.5378383787061853,1
0,0.8069808769250734,0
0,0.6643704843155913,0
1,0.7516334947706763,1
0,0.8586403630122765,0
0,0.8434548817573101,0
0,0.569237903700853,0
0,0.9361170662863683,0
1,0.63938264569519,1
0,0.7711843958605902,0
1,0.6144805573257085,1
1,0.6050338913967079,1
1,0.8037093617298938,1
1,0.8089824613357096,1
0,0.7833372862453041,0
0,0.5957885696804335,0
1,0.5645225333302837,1
1,0.5865060763649365,1
0,0.6507047520243542,0
0,0.6704934581067011,0
0,0.5391708280861602,0
1,0.8078390211172424,1
0,0.8074042773429492,0
0,0.9238056263485641,0
0,0.7273280565381369,0
1,0.669926680856036,1
1,0.6101047686886809,1
0,0.8823004196958811,0
1,0.8786377625598265,1
1,0.6507546172493115,0
0,0.8423919806133923,0
1,0.8813293832572572,1
0,0.8901145695406988,0
0,0.6735693410642019,0
1,0.871792006709797,1
0,0.5496943355658749,1
1,0.8567148171232406,1
0,0.8287548591711899,0
0,0.5089923956770369,0
0,0.783556540561504,0
1,0.8331341000590855,1
1,0.5671461452318511,1
0,0.8567044850587632,0
1,0.9158418755977361,1
0,0.8709932115825527,0
0,0.799083416940045,0
0,0.8741812024608123,0
1,0.7553723740763552,1
1,0.832615996637296,1
1,0.5866015832675927,1
1,0.7972669437605807,1
1,0.6814270363129892,1
1,0.771881902859251,1
0,0.9094333963060574,0
1,0.7902466885211925,1
0,0.7184850573915484,0
1,0.7887693602235021,1
0,0.51538358404748,0
0,0.769210291754154,0
0,0.6985879530799265,0
0,0.7037682285861628,0
1,0.8224242924363633,1
1,0.797665659278527,1
1,0.8409961526336709,1
1,0.6296123724054041,1
0,0.7790053973177252,0
0,0.9035508385064113,0
1,0.6027481462774027,0
0,0.8638268749855192,0
0,0.8651196264356472,0
0,0.903041656838287,0
1,0.7407453558393042,1
1,0.5429133738830717,1
0,0.6266103341193133,0
0,0.7670713472669982,0
1,0.827664738160276,1
1,0.8208832958642854,1
0,0.930927388940601,0
0,0.8773457799534665,0
1,0.7557739137544338,1
0,0.8471931896224,0
0,0.6376132939285194,0
0,0.7606316348458,1
1,0.8958987860899479,1
1,0.8347625776623009,1
1,0.6450111045081762,1
0,0.6706077651626383,1
0,0.744092062224019,0
1,0.7496086313320324,1
1,0.6761609338366256,1
1,0.9412646715497929,1
1,0.9004333372880812,1
1,0.5927097913795843,1
1,0.6338831901774636,1
1,0.849492420104554,1
1,0.8223634355846858,1
0,0.9596908408045961,0
0,0.5068970890275383,0
1,0.8654843305580129,1
1,0.8133195871918114,1
1,0.8411830509005612,1
1,0.8330932676511824,1
0,0.9373682397834001,0
0,0.8188875854619662,0
0,0.7396206753800054,0
0,0.6949997455815422,0
0,0.8991464038793542,0
0,0.7355362305596133,0
1,0.7224333190266349,1
0,0.6553569558098458,0
0,0.769420914418614,0
0,0.8744648385310709,0
1,0.9078582585496143,1
1,0.8076043840500028,1
0,0.5663914001551877,0
0,0.8337149179179116,0
0,0.7567238297690101,0
1,0.8924805389632285,1
1,0.8474524030448252,1
0,0.9083054012060531,0
1,0.886915326166204,1
1,0.5930650668318653,1
1,0.7995045038185239,1
1,0.8535660942318262,1
1,0.6112307270672114,1
0,0.8882936871486026,0
0,0.8609193871203852,0
0,0.924961048880138,0
1,0.5888198528112051,1
1,0.6923854187544866,1
1,0.6307620659086339,1
1,0.890534850726315,1
0,0.6770813635290424,0
0,0.8294844076878056,0
0,0.5612383942203079,0
1,0.8065743572656858,1
0,0.6280480435243191,0
0,0.8544853228076706,0
0,0.8258575809401634,0
1,0.7749443850625979,1
1,0.8120471353570043,1
0,0.9659998806516952,0
0,0.6120366789631803,0
1,0.5021145253935657,0
1,0.9247729884610473,1
0,0.7321939981660532,0
0,0.9034376035231055,0
1,0.7429092477825868,1
0,0.8495909454590733,0
1,0.9667782300164538,1
1,0.9442502103650999,1
0,0.5606977434211867,0
1,0.8230781755434967,1
1,0.8631154142256803,1
0,0.9369322516196444,0
0,0.9009140965463898,0
0,0.892482177591251,0
0,0.8253409103220299,0
0,0.7345146088921928,0
0,0.8620033853787875,0
1,0.7497264729527269,1
1,0.7461210440006405,1
0,0.7323740861456568,0
1,0.6004363597985071,1
0,0.8872217045110787,0
0,0.9231927380676085,0
0,0.8311779984512263,0
0,0.657471906069738,0
0,0.6403372297307012,0
0,0.5291101012204709,0
1,0.9204483992756828,1
0,0.7905916107235478,0
1,0.8193638268346581,1
1,0.9310579391892899,1
1,0.7929136531503953,1
0,0.8714857311972922,0
1,0.725793463917437,1
0,0.6882363115351169,0
0,0.5730564409806194,0
1,0.559647418634237,0
0,0.8274529124748717,0
1,0.8097937387165696,1
1,0.9474936734263922,1
0,0.7960605145152705,0
1,0.8819636389095005,1
0,0.8975402281654328,0
1,0.8446470551832188,1
1,0.7518362558210587,1
0,0.5050139288709292,1
1,0.7819965869859931,1
1,0.5815821032324078,0
1,0.5241205161621784,0
1,0.8759294470495329,1
0,0.5459506151558282,1
0,0.6086020693868972,0
0,0.8881075111938169,0
0,0.9270171917974527,0
0,0.674219196683942,0
0,0.9047968523888219,0
1,0.8740220133193705,1
0,0.8232085249990142,0
1,0.8109903718722394,1
0,0.7351803885794137,0
1,0.8860735260702951,1
1,0.6789977387898841,1
0,0.8190552116020875,1
1,0.8902591965809802,1
1,0.9296392078213064,1
1,0.6959382826938714,1
0,0.5839855248853295,0
0,0.7289763594786375,0
0,0.6941903013466177,1
1,0.7208873870507142,1
0,0.9902545892160338,0
1,0.6274441516446692,1
0,0.7559650898228866,0
0,0.6180877476400254,0
1,0.7683237298017818,1
1,0.7958931635761818,1
0,0.6884969164145287,0
1,0.8534319581657549,1
0,0.594596638163087,0
0,0.7464197991215639,0
0,0.7552488770667489,0
1,0.6744370392000046,1
0,0.5517572786774455,1
1,0.6208793981904587,0
0,0.805396058792128,0
0,0.9040058512593454,0
0,0.5521071749106224,0
0,0.7970155895437795,0
0,0.613152370502804,0
1,0.8636124254601907,1
0,0.7942183960468634,0
1,0.704660708401126,1
1,0.8070441830045816,1
0,0.7461486177178484,1
0,0.8211336413033727,0
1,0.5888986259505767,1
0,0.7708361680308644,0
1,0.5531916211839308,1
1,0.6951553680675177,1
1,0.8282062394195175,1
0,0.7720678420993258,0
1,0.5754987177178951,1
0,0.6935033588072775,0
1,0.5608158024418948,1
0,0.6303446030557758,0
1,0.788526046881126,1
1,0.5831600493347556,1
1,0.5645632431022969,1
1,0.7651894703083526,1
0,0.8672791770775716,0
1,0.8869592643636118,1
0,0.6631530322380783,1
0,0.6149314431261425,0
0,0.6626375274037657,0
0,0.5055790866578068,1
1,0.6756439889026775,0
1,0.7705759962390708,1
1,0.7484219842867238,1
1,0.7392320917721601,1
1,0.6906205429853928,1
0,0.6465218057473268,0
1,0.5027954324472397,1
1,0.5407734333541545,1
1,0.7594587077889756,1
1,0.6596874071382289,1
0,0.8587477839497459,0
1,0.8030283695522537,1
1,0.6935395032309402,1
0,0.7524455870798527,0
1,0.9143686568183299,1
1,0.6257553383132975,0
1,0.5788635116048735,1
1,0.6094913289567966,1
0,0.8143124657575143,0
0,0.8548557777728771,0
1,0.8894637561978918,1
1,0.6573219554173649,1
0,0.6472223948792171,0
0,0.6510880069039312,0
0,0.623171365580094,0
0,0.8433675994856289,0
1,0.6253769664217699,1
1,0.581089056703849,1
1,0.8648917876383853,1
0,0.8865532055840522,0
0,0.6055386278351502,1
0,0.7205875658744877,0
0,0.7248643475793667,1
0,0.7856055338546026,0
1,0.7573167373032108,1
1,0.9369230963563664,1
1,0.6479436673090188,1
1,0.7308484946568686,1
0,0.5236844106161476,1
1,0.9296381574902226,1
0,0.7634294466502276,0
0,0.8125535671366568,0
0,0.9273346218086526,0
1,0.6280812371164715,1
1,0.7696290151627069,1
1,0.548765110687887,1
0,0.6057548397454423,0
0,0.841129115603691,0
0,0.709386421215487,0
0,0.565027166119822,0
1,0.8042876420306536,1
1,0.9304337461267003,1
1,0.8760769703170681,1
0,0.901508896943926,0
1,0.7219441839957145,1
0,0.8006764492365703,0
1,0.7035807832953079,1
1,0.9310919122894774,1
0,0.8912112687258307,0
0,0.7003341915439207,0
1,0.7823567431622117,1
0,0.6584396653302157,0
0,0.8512169237051818,0
1,0.8043108533505435,1
1,0.8883359107473277,1
1,0.8552295378241035,1
1,0.5433467160013209,0
0,0.8285146002053387,0
1,0.9484688662857922,1
1,0.6930783848709824,1
1,0.696071071300511,1
0,0.7640640319824892,0
1,0.850601559936418,1
1,0.568870752213915,1
1,0.524384374131869,0
0,0.7374513325995556,0
1,0.598575624961663,1
0,0.8497759059379969,0
1,0.5528458678807191,1
0,0.9331164209502365,0
1,0.8603810095841514,1
0,0.8009159723924817,0
1,0.8118588462218809,1
1,0.5782700646699676,1
1,0.742304229977236,1
0,0.5500482828226168,0
0,0.7668832109176109,0
1,0.8177862536735069,1
0,0.580685914835566,1
1,0.6755141791092311,1
0,0.9285269886392608,0
1,0.8431858791281043,1
0,0.854900978178148,0
0,0.5554150830588777,1
1,0.5611880665470096,1
1,0.7220689891851138,1
0,0.8273476317075025,0
1,0.7728834672579532,1
1,0.8297503063067857,1
0,0.9046846855270324,0
1,0.6967716881952808,1
0,0.6880068293678404,0
1,0.8322431738966192,1
1,0.7735853493465702,1
0,0.884671937416583,0
1,0.7987867418855321,1
1,0.7049101887976836,1
0,0.9609881865250002,0
1,0.5182113160239747,1
0,0.8978960762523494,0
1,0.8285152364045762,1
0,0.87373944854881,0
0,0.599333259638869,0
0,0.7966312811674312,0
1,0.8134795365888866,1
1,0.6515962256439594,1
1,0.6197477874949805,1
0,0.7964578539751087,0
1,0.7987066440675613,1
0,0.7218956557217634,0
0,0.7920551698006146,0
0,0.8461744924846744,0
1,0.8885471872513977,1
1,0.5526989481808536,1
0,0.8688727951836654,0
0,0.5210579328123051,1
1,0.9272748046806216,1
1,0.8326869985255699,1
0,0.9316287736600042,0
1,0.8873390956199941,1
0,0.6475147065269407,0
0,0.8496614983114735,0
1,0.9174646178233743,1
0,0.5376377147678375,0
0,0.5733806618464521,0
0,0.8278178261851531,0
0,0.773207882241004,0
1,0.6725261901288283,1
0,0.7917221641171729,0
0,0.9207775038252629,0
1,0.8460482369823084,1
0,0.5960096911751361,1
0,0.7774048778172776,0
0,0.5730887120085603,0
0,0.8440905801375614,0
0,0.8163039409793247,0
1,0.9513568091838408,1
0,0.7283670799910162,0
0,0.9473888427328349,0
0,0.7143249856575621,0
0,0.6674559760205018,1
0,0.7805349378533195,0
0,0.7489013056584652,0
0,0.7999891635295723,0
0,0.7409839252991882,0
0,0.8326464888570252,0
1,0.7041598551781802,1
1,0.8197701322938057,1
1,0.8571983380939411,1
1,0.6011005438446276,1
0,0.7358488560915358,0
1,0.7932566840904561,1
1,0.9056964864892892,1
0,0.5505262555603172,1
1,0.8266277160493285,1
0,0.8924291608365961,0
0,0.8147066406295147,0
0,0.905212957272897,0
1,0.6020172500170706,1
0,0.8965482794543475,0
0,0.8450455013760924,0
0,0.8565801807269183,0
1,0.6378070949802258,1
1,0.6477823222532834,1
1,0.849084632266726,1
1,0.8536221187961033,1
0,0.6699735916922847,0
0,0.8052814102327619,0
1,0.7591098669618723,1
0,0.8857676504866961,0
0,0.9033331157612537,0
1,0.8539875133090884,1
1,0.7887898771616936,1
1,0.5326964931795873,1
1,0.7569399909032641,1
0,0.7118681870551431,0
0,0.5153879330480915,0
0,0.6866904046163004,0
1,0.8355244247538981,1
0,0.7820812848881228,0
1,0.5264569784563875,1
0,0.7755649553953968,0
0,0.634707377314773,0
1,0.7922545010895328,1
1,0.725578182903218,1
0,0.6290283998017241,0
0,0.7017666279357452,0
0,0.5341977266663561,1
1,0.7532724746106046,1
1,0.6339456574096864,1
0,0.7395676089224889,0
1,0.9719727446140993,1
0,0.641703650528109,0
1,0.6786724753978386,1
1,0.6906543867226228,1
1,0.5599925538847066,1
1,0.77965641200441,1
0,0.854172922190299,0
0,0.8423560860697996,0
0,0.9179099074227809,0
0,0.7863183787406519,0
0,0.5886883651168543,0
1,0.8155376525865461,1
1,0.6829110598678986,1
1,0.7981313277614951,1
0,0.5649631103545275,0
0,0.937764854905878,0
1,0.7642054386807768,1
0,0.789666418507801,0
0,0.8616323341129385,0
1,0.5006199044697419,1
1,0.9318347805863268,1
0,0.8370998232008405,0
1,0.8601676665208243,1
1,0.6309100467252673,1
0,0.8708144524676468,0
1,0.7974951743349151,1
0,0.560731339802587,1
0,0.8517816033464055,0
0,0.7360411765459036,0
0,0.894643002027698,0
0,0.8792882169606783,0
1,0.8664571346324805,1
0,0.7753063148185277,0
1,0.725650142264594,1
0,0.7828095329314573,0
1,0.919078588643038,1
1,0.7603203849672863,1
1,0.9181351779444027,1
0,0.9180415839286012,0
0,0.7582507104816738,0
1,0.824013623865759,1
1,0.7787628704050281,1
1,0.8188371427644892,1
1,0.6636854820199842,1
0,0.8908587859167353,0
0,0.5487951699898073,0
1,0.8452255224943807,1
0,0.8594419476140881,0
0,0.947035245000142,0
0,0.7422435117846031,0
1,0.6572998313007344,1
0,0.6800997148410627,1
0,0.8097985808825479,0
0,0.9175006799391634,0
0,0.7229228060131856,0
1,0.6517213259407753,1
0,0.8447108092686969,0
1,0.8980833654967082,1
0,0.694370108193909,0
1,0.7395069373182935,1
0,0.8682833692289555,0
1,0.8314817456375948,1
0,0.5000524059636144,1
0,0.7531296469109627,0
0,0.6324234558552326,0
0,0.6210744852789095,1
0,0.7670755776641758,0
0,0.8640786495349447,0
0,0.7620572159478964,0
1,0.7712595963115376,1
1,0.6986830558872348,1
1,0.6291531171283509,1
0,0.8842990610866676,0
0,0.6155202999406484,0
1,0.622399228522243,1
0,0.865609949335397,0
1,0.8313728373664794,1
0,0.8452203849031105,0
1,0.7889028413289245,1
0,0.5290721555783615,0
0,0.8121228621999187,0
1,0.8802203579254241,1
1,0.6779347867938008,1
0,0.8053177096824883,0
1,0.8008994569275244,1
1,0.8313032927013438,1
0,0.578098601444879,0
1,0.9686003623778288,1
1,0.6719616360461286,1
0,0.5014110795527973,1
0,0.8270820457210399,0
0,0.5710188418259959,1
1,0.9046934238429707,1
1,0.536236356180106,1
0,0.7747040663539233,0
1,0.7327117909511467,1
0,0.5025362915747197,1
1,0.7903997973438718,1
0,0.8367498514934466,0
1,0.5591531760661784,1
0,0.7801816843311578,0
0,0.5336196604741352,0
0,0.8974387100232667,0
0,0.7901892464569452,0
1,0.826206553767663,1
0,0.88339506556156,0
1,0.8212795861364213,1
1,0.7930507246061372,1
0,0.7887332805777044,0
0,0.6510106305518027,0
1,0.6550513327791766,1
1,0.5376453590764809,1
1,0.6251518474486706,1
1,0.8551012910577065,1
1,0.7481642307443664,1
1,0.5727466976983594,0
0,0.9391822725872822,0
1,0.7136835312510319,1
0,0.7382237167797832,0
0,0.8165256640784709,0
0,0.8728394729521074,0
0,0.7863258342772387,0
0,0.7316621854560985,0
1,0.7130634195365598,1
1,0.6895310754660933,1
0,0.8350270096469119,0
0,0.5044074286523147,1
1,0.618146472345265,1
1,0.5935817339118357,1
1,0.766569354219257,1
0,0.7348254477424093,0
1,0.6977180834932059,1
1,0.5823950313277882,1
1,0.5545608258811163,1
0,0.6606669987358114,0
1,0.5943302090452316,1
1,0.8595111496845718,1
0,0.7901781111533818,0
0,0.9155971088562832,0
0,0.6860140984521962,0
1,0.5349294316331781,0
1,0.7248365349002215,1
1,0.5049901602719111,1
0,0.5236083807354033,1
1,0.6772639698477866,1
1,0.8064024530582166,1
0,0.9067662371527819,0
1,0.7233753049927429,1
1,0.6972627175553244,1
1,0.9492545518058244,1
0,0.9180319053018545,0
0,0.9068079014696739,0
1,0.548009744613956,1
0,0.8909470090825575,0
0,0.766380753179249,0
0,0.585034981515128,0
0,0.8463798504072138,0
1,0.746726094202611,1
0,0.8585953094505242,0
0,0.8036044496207162,0
1,0.7396989329951174,0
0,0.7915614454798021,0
0,0.9750023938676128,0
0,0.7763709355183378,0
0,0.6811452090690694,0
0,0.9163575833520756,0
1,0.7998908606201071,1
0,0.8449764186914169,0
0,0.7417338152663684,0
0,0.7438216616105945,0
1,0.6629216444616187,1
0,0.7408832848662578,0
0,0.8327332471074587,0
0,0.7965567521186483,0
0,0.8537594078709092,0
0,0.9077344656129892,0
0,0.6929814899832997,0
0,0.66378546856006,0
1,0.7020615500189169,1
1,0.6481597466804496,1
1,0.6524681424132512,1
0,0.6249383837956741,0
0,0.7629522088409758,0
1,0.6912799354074344,1
0,0.8137187022614465,0
1,0.7874351602594467,1
0,0.6429309552674718,0
1,0.6545550368424706,0
0,0.6119957947657393,1
0,0.9142190078913719,0
0,0.5506918318015904,0
1,0.8012217498177531,1
1,0.539114741853886,1
1,0.7947682070953288,1
0,0.7700226582792471,0
1,0.5563265920447712,1
1,0.7176786998108428,1
0,0.6426252145106807,0
0,0.5969871572816987,0
1,0.8014695261388692,1
1,0.7811850788950746,1
0,0.5011284383001425,1
0,0.6721739881600686,0
0,0.8528066859534696,0
0,0.7316581252667305,0
1,0.686907764938759,1
0,0.7190809525535458,0
1,0.7392672001514191,1
1,0.6079839454208907,0
1,0.7783559987514906,1
0,0.8330620690584197,0
1,0.7602324473697908,1
0,0.9049023481762057,0
0,0.8475342193861776,0
1,0.7106805433458467,1
0,0.5754877918638123,0
1,0.8155328486579838,1
1,0.8443247593394911,1
1,0.8930642939885632,1
1,0.5278434346435827,1
0,0.6030531048848322,0
0,0.7910782408345786,0
0,0.9112375552761698,0
0,0.87080654337967,0
0,0.5299414805105084,1
0,0.9092005854432024,0
0,0.9240285800198381,0
1,0.8948853071140068,1
1,0.5273558039061957,0
1,0.8639967787798596,1
0,0.5496245996037457,0
0,0.7593583810865683,0
1,0.5755689900172538,0
0,0.7220428390355601,0
0,0.9104288083704442,0
1,0.8416920280949651,1
1,0.6587505371833515,1
1,0.5881546362193063,1
0,0.5789944119941643,1
1,0.6638161568250264,1
0,0.8546363123983555,0
0,0.8332516268092649,0
0,0.8842048235101396,0
1,0.8031974581414756,1
1,0.8493247906501874,1
0,0.7606548169867349,0
1,0.5191712432041573,1
1,0.715072665180641,1
0,0.6704421654532065,0
0,0.8911223418842391,0
0,0.8796969876755627,0
0,0.6706672209034994,0
0,0.6011909217792986,0
0,0.824991780144885,0
0,0.6008644115983067,1
1,0.8787799218078639,1
1,0.8028134319480924,1
0,0.5938759989049734,0
1,0.6252510189849242,1
0,0.7540786294269922,0
1,0.706956050652009,1
1,0.5056969015352308,0
0,0.7738321904616092,0
0,0.8595683838258907,0
0,0.8682467611955063,0
1,0.5329367305157856,1
0,0.9225160981613888,0
0,0.747387414126283,0
1,0.6173427443894606,1
1,0.7892141300349169,1
1,0.7422884602395572,1
1,0.5543363307158203,0
1,0.9446606653371716,1
0,0.5417672972953018,0
1,0.697161240474562,1
0,0.9029319330414325,0
0,0.874660548764873,0
0,0.7048342397549824,0
1,0.932025340013732,1
1,0.7569007365243533,1
1,0.6027574659647442,1
0,0.5998130416570427,0
1,0.9430191409241904,1
1,0.8072603530726031,1
0,0.9407209556687148,0
1,0.8126417210185445,1
1,0.8177104589850274,1
0,0.8813838744855396,0
1,0.9584040016490715,1
0,0.7623870962955729,0
1,0.552342397963488,1
1,0.7962960957958013,1
0,0.9019156528266464,0
0,0.8776321224200034,0
1,0.9250355966449276,1
0,0.9529345423596365,0
0,0.6362736001968565,0
1,0.6204803264362002,1
1,0.8386313686683656,1
0,0.8895886662454094,0
0,0.8493093950582472,0
0,0.6923677138079898,0
0,0.7482611538100953,0
0,0.6908696684232825,0
0,0.5151671898084939,0
1,0.7503907083361225,1
0,0.9081647523560393,0
1,0.6836033493792197,1
0,0.6221718935620553,1
0,0.7953149263394906,0
0,0.6102363203793028,0
0,0.8367220789532719,0
0,0.7520718742751508,0
0,0.8066798055913383,0
0,0.6787463931325481,0
1,0.6566850365977658,1
0,0.9154603853613036,0
1,0.764925016064053,1
0,0.8948964004810082,0
1,0.7197024512536504,1
0,0.5973109202120322,1
0,0.8174480572013255,0
0,0.732596596751366,0
1,0.9645460320414696,1
1,0.7501590300146341,1
1,0.8355382158294378,1
1,0.5879576242295388,1
1,0.5198554879508664,0
0,0.8474453486841005,0
0,0.9577045539058647,0
0,0.7803637079865072,0
0,0.7083598736929305,0
0,0.9756183248361825,0
1,0.5900407372996548,1
1,0.5494185040600689,0
0,0.7793441266188543,1
1,0.750200434674547,1
1,0.7101165759027613,1
0,0.6986580310972945,0
1,0.5941838230942297,1
0,0.6665082731569122,0
0,0.7608041167075589,0
0,0.5320020695749209,1
0,0.6194209749507446,0
0,0.5554967940411778,1
0,0.7976562906807237,0
0,0.881961216730678,0
1,0.8905457939916224,1
0,0.9486937940469407,0
1,0.8464176877597095,1
1,0.809533918768016,1
0,0.8386607140095295,0
1,0.8042958440935664,1
1,0.7142492476351633,1
0,0.8846154780657975,0
0,0.7728627244087585,0
0,0.8333650394632609,0
1,0.750890591508311,1
1,0.8050038036329006,1
1,0.7417688775180552,1
1,0.8326047098759737,1
1,0.6799125330827981,1
0,0.730059808261454,0
0,0.6711484172392292,0
0,0.7275179507043891,0
1,0.7979795282864466,1
1,0.7174305601803105,1
1,0.8887558366343337,1
1,0.8599508095523744,1
0,0.8080081213334493,0
0,0.8891854551266335,0
1,0.7721634482476467,1
0,0.5323696655100092,1
1,0.9086784869851116,1
0,0.7492215247980796,0
0,0.5921256015195129,0
0,0.8423291406670553,1
1,0.8240009259924221,1
0,0.7947620826098164,0
1,0.7760420351175807,1
0,0.88472330782931,0
1,0.8015268242014014,1
0,0.728555805085645,0
1,0.7202694787962122,1
1,0.9229106262449278,1
1,0.7968242366027037,1
0,0.9691371848901773,0
0,0.6080649313570022,0
1,0.8897310434594795,1
0,0.7785037112832551,0
1,0.7310006344527116,1
0,0.95565526874797,0
1,0.8281564145286531,1
1,0.6158420811930703,1
1,0.8629826917452109,1
0,0.8920394334048158,0
0,0.7021031282188822,0
0,0.8257084476805793,0
1,0.6619058237051023,1
0,0.8482518381740297,0
0,0.8745693059024588,0
1,0.7942024983942774,1
0,0.746452204426567,0
0,0.7100528791110209,0
0,0.5782325931131805,0
1,0.8251316856820555,1
0,0.5325639867745824,0
1,0.9237775016731026,1
0,0.9388230850587034,0
0,0.7752850760085926,0
1,0.9268737910761496,1
1,0.7096451452981611,1
0,0.8166683691867295,0
0,0.8699497036410941,0
1,0.7578655444898513,1
1,0.8840904844543707,1
0,0.8958231239387211,0
0,0.7904209880152717,0
1,0.8518677094166068,1
1,0.85716660164315,1
1,0.7349470616873985,1
1,0.6202605153259757,0
1,0.7659464591934917,1
0,0.7429157495191521,0
1,0.7950022471072213,1
0,0.8264634204070469,0
0,0.7271315293992177,0
1,0.6662276551486624,1
1,0.6598607587890637,1
1,0.7720085636128634,1
0,0.8828481655973993,0
0,0.852423827584468,0
1,0.6136164525421495,1
1,0.8753900979727158,1
0,0.7507006514119985,0
1,0.5728416673338633,1
1,0.8338375168226269,1
1,0.6674160676675952,1
1,0.7843552423108268,1
0,0.7426401686936913,0
0,0.6038969776581444,0
1,0.54227094064291,1
0,0.8937102123891051,0
0,0.6133914839373116,0
1,0.930098022004106,1
0,0.9390739509302373,0
0,0.7613402970768581,0
0,0.5814474848675663,0
0,0.8932980923801015,0
0,0.5673116941968874,1
0,0.8698096691897943,0
0,0.9130146260542626,0
0,0.7825959650675464,0
1,0.8962466420773072,1
1,0.5253939523034264,1
0,0.5736455805578867,0
0,0.9212842722257653,0
0,0.7979238119238461,0
0,0.5048992666368894,1
1,0.6723084586197806,0
1,0.7521734020177943,1
0,0.8240777629410482,0
0,0.8261033688851062,0
1,0.6013342054753594,1
0,0.936397268097436,0
1,0.7952995983232835,1
0,0.8427176840970915,0
0,0.6010599136058004,1
0,0.7970877545828098,0
0,0.8273041889904835,0
0,0.8726550121787005,0
0,0.7740545139919395,0
1,0.7518187430141907,1
0,0.9025867951544361,0
0,0.7873137114889697,0
0,0.7438787135877619,0
1,0.7940562671621311,1
1,0.5141184043783468,1
0,0.8724152468943066,0
1,0.6376363048073324,1
0,0.9073293986924135,0
1,0.6256657597916623,1
0,0.8715573629430303,0
0,0.5205820537304073,0
0,0.5343296729324256,1
0,0.8078329547337169,1
1,0.8918673830795081,1
0,0.5817144234124295,0
0,0.7547097093903072,0
0,0.6819217978704227,0
0,0.5263201462064242,1
1,0.8190932237827482,1
0,0.8217346506299711,0
1,0.6367497714844562,1
0,0.8865234028247395,0
1,0.7841942743143192,1
1,0.812466248069825,1
0,0.8224636809800793,0
1,0.666845213551204,1
0,0.9722464883872933,0
0,0.7490831045402047,0
0,0.8136795701592608,0
0,0.5453503787375031,0
1,0.9275141937410453,1
0,0.9641172227030343,0
0,0.6388666366254331,0
1,0.895328823815045,1
1,0.7566668819353222,1
1,0.7486152172950136,1
0,0.8336631852174035,0
1,0.5146749464301474,0
1,0.7799388443125366,1
1,0.8504757802443996,0
1,0.798277537481839,1
0,0.9650776227105358,0
1,0.668571563784421,0
1,0.7898201596513934,1
0,0.9267058242378305,0
0,0.8991051842552115,0
0,0.8025485000219083,0
0,0.537986761542848,0
0,0.8569618896989873,0
0,0.7550156547248584,0
0,0.9295203763573839,0
1,0.8146054163788568,1
1,0.8208651370030813,1
0,0.6284341451576281,0
0,0.8587170772977654,0
1,0.7614170471566396,1
0,0.8133708078503521,0
1,0.9289913517783328,1
0,0.9295884763462211,0
0,0.8297500168325164,0
1,0.8024884989747686,1
0,0.7193774277183239,0
1,0.5876323319912495,1
1,0.8374988089732482,1
0,0.751296602835368,1
1,0.7784906757240758,1
0,0.663302536457929,0
1,0.8656190960916447,1
1,0.5765527239848455,1
0,0.867741813990026,0
0,0.810174153841868,0
1,0.8408128477894585,1
0,0.6286100254077659,1
1,0.8289548472114354,1
0,0.5727345160873402,0
1,0.6134985502644655,1
1,0.9444978869856845,1
0,0.96709401986469,0
1,0.6598886206032495,1
0,0.8024450252910208,0
1,0.5804995321261529,1
0,0.8393367455709518,0
0,0.8342656528016452,0
1,0.8766284393679274,1
1,0.7747767757146634,1
0,0.8685095392866347,0
1,0.9290073247342816,1
1,0.732440756636056,1
1,0.6748949459312485,1
0,0.6186745651097016,0
1,0.7390617506422013,1
1,0.6339265769374874,1
1,0.6960272625931951,1
1,0.8482449464149164,1
0,0.6690333743175826,0
1,0.6839987078176717,1
0,0.8482886866635301,0
1,0.6127352884999165,1
0,0.5733608369472375,0
1,0.6477074330459422,1
0,0.781872769829086,0
1,0.6762173274020276,1
0,0.8285180709785599,0
1,0.6656806778862222,1
0,0.5514257307898774,0
0,0.778242847120959,0
1,0.8081148143604872,1
0,0.6091474328215244,0
1,0.8506282920436447,1
1,0.8647830751671127,1
1,0.5595335428737012,0
0,0.8807946315423602,0
0,0.8941025622122081,0
0,0.5936851778247745,0
1,0.8157241372500792,1
0,0.9526428218167567,0
0,0.921657159177374,0
0,0.9449252744785019,0
0,0.8394206277654636,0
0,0.6635378018773428,0
1,0.6976668223165954,1
1,0.8246695269692015,1
0,0.6698427673624763,0
1,0.702484994514705,1
0,0.721392403799732,0
0,0.9235872842726933,0
1,0.6176815260429422,1
0,0.8820791337585921,0
1,0.6512684570760707,1
0,0.7421317609401848,0
1,0.9015456446884557,1
0,0.6973493541034218,0
0,0.943541030562496,0
1,0.8208123266499221,1
0,0.7578566565451313,0
1,0.7107866102245888,1
0,0.5621042074345742,1
0,0.7408479808700145,0
0,0.5927920575891609,0
1,0.7389599787689268,1
0,0.5027487758565693,1
0,0.726986759940352,0
1,0.5905256451231325,1
0,0.8782060203375163,0
1,0.6980466077660802,1
1,0.8737113688442512,1
1,0.5643424425836948,0
0,0.817034935327215,0
1,0.7923847113414954,1
0,0.8991156889601626,0
1,0.8200742516808959,1
0,0.7582081727169336,0
0,0.8864820475612925,0
0,0.7761305273776452,0
0,0.6307783536926044,0
1,0.6703341363869889,1
0,0.755521015013251,0
0,0.9028690719555859,0
0,0.7497019026288513,0
0,0.8310749282641618,0
1,0.7735701981683047,1
1,0.6112980672125199,1
1,0.8939763535653286,1
1,0.5378435519746043,1
0,0.8776860426580763,0
1,0.7797228633919193,1
1,0.6069414908333256,1
0,0.8210166550222227,0
1,0.9218797804314564,1
1,0.7773157486515845,1
0,0.7536602557294229,0
0,0.7036315436762897,0
0,0.8281111849442697,0
0,0.508243443649379,0
0,0.8334729447902862,0
0,0.7066090244228364,0
0,0.6518826168792878,0
0,0.8461457712527023,0
0,0.6379011136508526,1
1,0.745845476781782,1
1,0.8440813910181323,1
0,0.8220429443465893,0
0,0.9027816249281178,0
0,0.8744282990854714,0
1,0.850993840106543,1
1,0.7374689122321695,1
0,0.8308559364759555,0
0,0.9747385072088677,0
1,0.8626326882299663,1
1,0.9253624848648191,1
0,0.8450080809159163,0
0,0.9240505085234311,0
0,0.9567788150215362,0
1,0.6450444003018789,1
0,0.5152992931911776,1
0,0.8757281537136223,0
0,0.7114057540758445,0
0,0.8146294643448134,0
1,0.890966601594976,1
0,0.6135954459615386,0
0,0.795092366391599,0
0,0.8133889103816697,0
0,0.8112603583906184,0
1,0.6690148937772398,1
0,0.7717108141942649,0
0,0.850193725750109,0
1,0.6757565999887633,1
1,0.8737717792358464,1
0,0.697640152013615,0
1,0.6276994431483133,1
1,0.7381880972651591,1
1,0.8541533609385339,1
1,0.7096810639275011,1
1,0.6439816368107664,1
0,0.7760660149288481,0
1,0.7982098458676675,1
1,0.8119378204197528,1
1,0.5288074451137736,1
0,0.8115761543067118,1
1,0.8940799553523775,1
0,0.8410482558272268,0
0,0.8154850053365056,0
1,0.639116146956858,1
1,0.8671308293305957,1
0,0.545415462504516,1
0,0.8726176958390042,0
0,0.7527883854762476,0
1,0.9040662116545822,1
1,0.8418908723287682,1
0,0.6462792986222206,1
1,0.7512848678871371,1
1,0.8187141100081369,1
1,0.8039697182990125,0
1,0.708372210446579,1
0,0.9149745790316857,0
0,0.9053218479705724,0
0,0.7096154027161079,1
1,0.5458024904452115,0
1,0.5193142132974398,1
0,0.621151596137813,0
0,0.8620667413636482,0
1,0.5697281715271098,0
1,0.7459521427020337,1
0,0.917257480735926,0
0,0.6399808597318517,0
0,0.8240459920653351,0
1,0.6285155134963942,1
0,0.6278656187607838,0
0,0.8453259940995176,0
0,0.7730212449612472,0
0,0.6294814792300608,0
1,0.8187840745519088,1
0,0.8921408311480639,0
0,0.6674850172865868,0
1,0.9522743207450033,1
0,0.5867928761844081,0
0,0.8856950580112094,0
1,0.7544249021337354,1
0,0.8376688418052076,0
1,0.7561549939791765,1
0,0.7962283170085113,0
0,0.5715482837483373,0
0,0.5597058724476665,0
0,0.6467485950813425,0
0,0.8007145331138701,0
0,0.8942383923944903,0
0,0.9373682397834001,0
0,0.9152608618509911,0
1,0.6519727164979348,1
1,0.9597704660886507,1
0,0.7512018975634677,0
1,0.7620306446260586,1
0,0.8452442558169455,0
1,0.5507148513283102,1
1,0.7565032303635303,1
1,0.7987217619610584,1
0,0.8737151845731124,0
0,0.7282046077772862,0
1,0.8852240495827517,1
1,0.5266731046063164,1
1,0.7948288015576799,1
1,0.709088970362504,1
0,0.9183404558855868,0
0,0.9156898918051326,0
1,0.675999500274794,1
0,0.5722575958760173,0
0,0.6267950460285837,0
1,0.7293431927421048,1
1,0.5258049573088229,0
1,0.7618678348081391,1
1,0.6703465359231965,1
0,0.6683376373559888,0
1,0.6002659056561007,1
1,0.6879382318897675,1
1,0.8655021997260299,1
0,0.8647145279201267,0
0,0.8751230235136541,0
1,0.7573818202835474,1
1,0.8187283705412608,1
0,0.9386213100519003,0
1,0.9062307222740164,1
0,0.8977555387638275,0
0,0.8992786233414471,0
0,0.9133856450408551,0
1,0.6076398556228483,1
0,0.5637239966675582,0
1,0.7602295994330326,1
0,0.8853427112609416,0
0,0.7203963691175638,0
0,0.5212146406881027,0
1,0.7070894038323646,1
0,0.8395440098357023,0
0,0.5793786888214913,0
1,0.7855132693411968,1
1,0.8646665955980524,1
0,0.699325078674452,0
1,0.9176360082570909,1
0,0.9453486606357006,0
1,0.8415326431275929,1
1,0.7417708676051782,1
0,0.8820817524808329,0
0,0.7548698215109937,0
0,0.8761246989680247,0
1,0.844223105220498,1
0,0.7570079644458988,0
1,0.5031536744089053,1
1,0.678375590008633,1
1,0.5173052960694906,0
1,0.911843407182077,1
0,0.9666895858673304,0
0,0.556472979931376,0
0,0.5404803791919094,1
1,0.6486554991476059,0
0,0.5390078899537035,0
0,0.9491649151379791,0
0,0.9750240973921315,0
1,0.5605704469957242,0
0,0.8881723210389054,0
0,0.6818762558443744,0
1,0.9044972361104638,1
0,0.9702743854933931,0
0,0.6275161511493262,0
0,0.6643350560126942,0
0,0.857952018636786,0
0,0.6823398702955311,0
1,0.9159607549575064,1
1,0.563694345606601,1
0,0.8822224784460574,0
1,0.5595161791171039,1
1,0.7222275134610832,1
1,0.8635195317672406,1
1,0.8786204728973773,1
1,0.8391226806003173,1
0,0.7125354744606694,0
1,0.7500920449585984,1
0,0.732244212208056,0
1,0.9072731590624249,1
0,0.7129406113068654,0
0,0.8678006284767393,0
1,0.5227944236359496,1
1,0.7800167470113719,1
1,0.8843025132118207,1
0,0.8408590307072672,0
1,0.8422794516485314,1
1,0.8628544263505324,1
1,0.8337899737090675,1
1,0.5119776792398232,0
1,0.555270557217133,1
1,0.8080739130333214,1
0,0.8528127682394689,0
0,0.6907210933207378,0
1,0.8790118066083766,1
0,0.7092281290802923,0
0,0.8118318591602549,0
0,0.947323772884665,0
0,0.7428521886268357,0
1,0.6749946399875637,1
0,0.6915827180247602,0
0,0.7818571602148586,0
1,0.6468937176465827,1
0,0.852714499021784,0
0,0.7077813332223303,0
0,0.803523583274084,0
0,0.8447252892081079,0
1,0.8319910762100698,1
0,0.868991811029674,0
1,0.8088283741646829,1
1,0.7889429503647905,1
1,0.8854580012545498,1
0,0.7541705234634518,0
0,0.9328491589519955,0
0,0.5001207776628142,1
1,0.931982240872396,1
0,0.8630343560597645,0
1,0.5766699504314218,1
1,0.5586083257323139,1
0,0.7908636079520007,0
0,0.7524728396497419,0
0,0.776117367412367,0
1,0.5242564142360124,1
1,0.5630194243154687,0
1,0.7565304939646113,1
0,0.8238600094875492,0
0,0.883111149256536,0
1,0.6274400809159545,1
0,0.9463521167648745,0
0,0.7306270661028971,0
0,0.5423484816973767,1
0,0.6001008501475316,0
1,0.5362398545779286,0
0,0.9689042848489918,0
1,0.7083238740092332,1
0,0.7498977336693009,0
1,0.9708450945076127,1
0,0.8844670721559457,0
0,0.8827609402874964,0
0,0.755973469058769,0
1,0.888866269575718,1
1,0.845382801054204,1
1,0.7207535105161998,1
0,0.5646996883965084,0
1,0.5304867046181265,0
1,0.8835575009878511,1
0,0.8181164377080777,0
0,0.6997738829237323,0
0,0.807170121864915,0
0,0.8402351234986926,0
0,0.7856008805610798,0
0,0.8154528307760169,0
0,0.6315686448073392,0
1,0.8456829040263943,1
0,0.5459972312780179,0
1,0.8982044161695305,1
0,0.7895528418852967,0
0,0.7187003462348545,0
1,0.8002229667854972,1
1,0.679388242924057,1
0,0.7133135609962782,0
0,0.6512427660995211,0
1,0.5495034969146882,1
1,0.5365528577353865,1
0,0.7669683100684876,0
1,0.6816829644982508,1
1,0.8857495853247304,1
1,0.8306333538039227,1
1,0.828246549336197,1
1,0.9153735003715426,1
1,0.7718594926553609,1
1,0.5317521620423663,0
1,0.6306532903518178,1
0,0.8710968318952595,0
1,0.7019990868835347,1
0,0.5859516368384333,0
1,0.8079454635860854,1
1,0.6513354749869062,1
0,0.7769071950460101,0
0,0.853415268039306,0
0,0.8279012492710697,0
0,0.8929568168095809,0
1,0.8392296576926895,1
0,0.6468687052841029,0
0,0.5289327116475785,0
1,0.5922271978478602,0
0,0.5816014511579974,0
1,0.7295461542040654,1
1,0.7182553884710662,1
1,0.5321345162659744,1
1,0.8751934142280726,1
1,0.550314573319798,1
1,0.8004593503430018,1
1,0.7162163829969206,0
1,0.8615969766906627,1
0,0.7084265346561822,0
1,0.9018196534093424,1
1,0.8474520132611948,1
0,0.7123734489911647,1
0,0.5511681513644128,0
0,0.8813793658295448,0
0,0.5931428123101389,0
0,0.7639337610841942,0
0,0.8124600790244397,0
0,0.7769150940324248,0
1,0.8249325604118904,1
0,0.9431054045976999,0
1,0.5643595049334806,1
1,0.6069961442151073,1
0,0.8052843483213754,0
1,0.8971665925270546,1
0,0.8373223637345161,0
1,0.9730022998348709,1
0,0.8764420688162257,0
1,0.623433021681305,1
1,0.9470374502409317,1
0,0.6281447592868991,0
1,0.6890444054956903,1
1,0.6262292455248468,1
0,0.9092831601916594,0
0,0.8869395521128602,0
1,0.5633211198981091,0
1,0.9335013674832632,1
1,0.8851405186869061,1
0,0.8040846452323783,0
1,0.7546735562581333,1
1,0.862223199037646,1
0,0.7071731831272761,0
1,0.8133506671808578,0
0,0.8335539048153499,0
0,0.9428145587009831,0
0,0.7700189673244946,0
1,0.8347931311574227,1
0,0.790157171428904,0
1,0.8385893038749268,1
1,0.9529637470619187,1
0,0.867081007627372,0
0,0.5570357322656041,1
0,0.905599105700341,0
1,0.506673832726852,0
0,0.8294805324236313,0
1,0.5855246887047826,1
0,0.5398581867302772,1
1,0.7713298678034627,1
1,0.718937102610839,1
1,0.6080616977184558,1
0,0.5755244065215895,0
0,0.7912014368418829,0
0,0.5427695309809809,0
0,0.7619085728957726,0
0,0.9049434649677883,0
1,0.7792305665519594,1
0,0.8498642251097955,0
0,0.6014013456733888,0
0,0.6124186838276736,0
1,0.7026587951224751,1
0,0.5972696308222026,1
1,0.9295509628814217,1
0,0.8997823539874796,0
0,0.8991378680967406,0
0,0.797014929630066,0
1,0.5476961765751616,1
0,0.7110496627237208,0
1,0.7630754133201685,1
1,0.7807402206322285,1
0,0.71950578507697,0
0,0.5268894195828931,1
0,0.8825527952574834,0
1,0.6807095464213891,1
0,0.8167685708005236,0
0,0.8687752271102065,0
1,0.8730435654827379,1
0,0.9139881505996914,0
0,0.8569683934396295,0
1,0.900239455330578,1
1,0.658275936740431,1
1,0.7249917711243548,1
0,0.8103733168371638,0
1,0.5863763491729179,1
0,0.7239486138588515,0
1,0.8103127027961167,1
1,0.6157797017895444,1
0,0.9348642216633676,0
1,0.6279232455990396,1
0,0.7969761511590556,0
0,0.8702019402142392,0
1,0.7916484158371921,1
0,0.5429674752865918,1
0,0.8971340460784344,0
0,0.8253719732613234,0
1,0.9625397469172592,1
1,0.8798153407910941,1
0,0.9404326190034583,0
1,0.8470934345817872,1
0,0.8063237165414272,0
1,0.6336986686602591,1
0,0.7395654794924227,0
1,0.7893226257467576,1
0,0.9054387483466574,0
0,0.8796913215572307,0
0,0.8273321002682393,0
1,0.5833929717234265,1
0,0.811273925254392,0
1,0.5929344385621844,1
0,0.7403200385623945,0
1,0.5324074810273912,1
1,0.8108183708855357,1
0,0.7031388593870308,0
1,0.7516247142284891,1
1,0.6892738510906052,1
1,0.5560578099689256,1
1,0.6516533908205293,1
0,0.9246180809466357,0
1,0.8176975672992441,1
0,0.6303040689272047,0
1,0.7448285152668741,1
0,0.6982987417978107,0
0,0.6494470664435803,1
1,0.6432081781944501,1
1,0.8464903124309613,1
0,0.5623759635369271,0
0,0.529481407277624,0
0,0.92629982390821,0
0,0.5272536555032764,0
0,0.9271037233470397,0
0,0.8366541145065082,0
1,0.6159777054598405,1
0,0.7185544670536417,0
1,0.5114122299399709,0
0,0.7445553566087166,0
0,0.8507666236430201,0
0,0.5851092415733011,1
0,0.7859962974587873,0
0,0.8261738654893317,0
1,0.5905255890276713,1
0,0.6342049569851568,0
0,0.928234727431052,0
1,0.9412387717316816,1
0,0.7200361671087434,0
0,0.6690689752389055,0
1,0.7738056088480252,1
0,0.8013607542153195,1
1,0.788401822180134,1
0,0.8648186012359397,0
1,0.6216743479778387,1
0,0.8797305527189888,0
1,0.6906410214784999,1
0,0.5734964145606869,0
0,0.8814515962657858,0
1,0.8295401939096712,1
1,0.5410212731317963,0
0,0.6776131508181485,0
0,0.8677353623097016,0
0,0.865124836898552,0
1,0.6523722843341531,1
0,0.531320230979006,0
1,0.7171376688554341,1
0,0.7649021657895054,0
1,0.8226192588731649,1
0,0.7588112098442457,0
0,0.8181672601209778,1
0,0.7475330637333832,0
1,0.8030740853527941,1
0,0.6790385351595055,0
0,0.7097059137794975,0
1,0.7618362998733246,1
0,0.9744255544430854,0
0,0.8696855536650032,0
1,0.8216157033489835,1
0,0.8004007441536082,0
1,0.9072201206603442,1
1,0.6129592439042355,1
1,0.6771858378855766,1
0,0.8738167739948586,0
0,0.8947346264836065,0
0,0.5582450857009239,1
1,0.5439677857460843,1
1,0.8035296932380351,1
1,0.636523543662768,1
1,0.7983130402276828,1
0,0.5384188542364284,0
1,0.6082791108260156,1
1,0.7635490851614043,1
1,0.7876614132688836,1
0,0.6876633549405836,0
0,0.953661903314486,0
1,0.760688615759079,1
0,0.8317708920366133,0
1,0.7304487816859941,1
1,0.7112240101866253,1
1,0.5913917032817768,1
0,0.7971643878209809,0
0,0.8836593974850658,0
0,0.8184864186030842,0
0,0.7920551129840233,0
1,0.9274796417715023,1
1,0.5267658709297106,0
0,0.8652484165210527,0
1,0.7640224088301958,1
0,0.7128960631603498,0
0,0.7618385165770137,0
0,0.5316168927553641,0
0,0.8994126106722273,0
0,0.8951966146890264,0
1,0.5947029670309056,1
0,0.5942549595905122,1
0,0.8346650998560611,0
0,0.6952270439413812,1
0,0.6192004840459046,0
0,0.6736790127515269,0
1,0.582698871796265,0
1,0.6743844160531822,1
0,0.625859727082524,0
0,0.9346312702183592,0
1,0.6609138432843915,1
1,0.5027810097901205,0
1,0.874763690376861,1
1,0.6847377146217272,1
0,0.88499919361651,0
0,0.5307795686709893,1
1,0.8457442225697994,1
1,0.709531940208348,1
1,0.726117543421745,1
0,0.8623286000999286,0
1,0.6838420725589354,1
1,0.6702707809571108,0
1,0.8265907608088147,1
1,0.5558495070841459,1
1,0.8199192352915684,1
1,0.7403231954952056,1
1,0.7514809611397255,1
0,0.6497308564406753,0
0,0.8133842021944596,0
0,0.9152974617770382,0
0,0.7561422187562072,0
1,0.7419012506302137,1
0,0.9132604893384394,0
0,0.9091013091947041,0
1,0.9086826440134713,1
1,0.7212036217851403,1
0,0.7688048971021513,0
1,0.5836007712376549,1
0,0.7582237758214919,0
0,0.6532648543130843,0
0,0.7362435840442806,0
0,0.7593292527388371,0
0,0.7683096632800189,0
0,0.7912371773501184,0
0,0.7511468462149233,0
0,0.9172470523212181,0
1,0.7726638177202328,1
1,0.6678044765488818,1
1,0.5690028214810742,0
1,0.8232491439932832,1
1,0.8589708136352566,1
0,0.9582933332762783,0
0,0.6816310351751801,0
1,0.7369840818075498,1
0,0.9441454738909485,0
1,0.8188270419331514,1
1,0.5413758740261244,1
1,0.8198210542443127,1
0,0.5792087527268791,0
0,0.6317222839699198,1
1,0.6211004711328865,1
0,0.7064911464247029,0
0,0.7623045470579674,0
0,0.7825274025418334,0
0,0.9409572276148364,0
1,0.845860423312822,1
0,0.756892621479619,0
0,0.9087504522984533,0
1,0.7741968453120848,1
0,0.8166603284303317,0
1,0.9422128157296593,1
0,0.6976037242208368,0
1,0.6119482653960375,1
1,0.7299794890115594,1
1,0.7848317634005965,1
0,0.8211769770353663,0
1,0.7109269420435185,1
1,0.5782269542329932,1
1,0.7642702614894672,1
0,0.7861651021486507,0
0,0.6160848621660919,0
1,0.8532910685485982,1
1,0.866617265132386,1
0,0.939646078069557,0
0,0.8827093122109162,0
1,0.5169328070015192,0
1,0.7657315157460883,1
0,0.6939085657370512,0
0,0.8284458948858058,0
0,0.941336360980733,0
0,0.9247213201630079,0
0,0.7809466153113243,0
1,0.7108897857300411,1
0,0.5154983987496042,1
1,0.9053228793602774,1
0,0.8441155818234336,0
1,0.8107792050184097,1
0,0.9104848270089092,0
0,0.7942685263140524,0
1,0.7862424348142619,1
0,0.8819852529301563,0
1,0.946611878078928,1
0,0.9012539724049412,0
0,0.8330719922700247,0
1,0.6627154259017255,1
0,0.8013071713262144,0
0,0.8252942210540486,0
1,0.8624938046225233,1
0,0.7012478740509409,0
1,0.6256278219802872,1
0,0.53711825085692,0
1,0.601085606300768,1
1,0.5144697743529237,1
0,0.8490970601819012,0
0,0.8398060678008394,0
1,0.8092453493251759,1
1,0.68405108085462,1
1,0.7633494728271383,1
0,0.514760020448103,0
1,0.8881945199346312,1
0,0.6301635677698935,0
0,0.8560618844337777,0
1,0.7930621192753264,1
1,0.8293050514833443,1
1,0.8684208013310956,1
1,0.7385395199685982,1
1,0.9406361983176947,1
1,0.867143880360124,1
0,0.7559038986617045,0
1,0.8163223397552934,1
1,0.8007413538244855,1
0,0.8955909889765179,0
0,0.7640152502789382,0
1,0.5557658329512033,1
1,0.6913859821526536,1
1,0.7957139271210865,1
0,0.8678194173988036,0
0,0.8513424185867279,0
1,0.8605344870233,1
1,0.8013859858659459,1
1,0.5477304840094503,1
1,0.5313984600575999,1
0,0.867917651936632,0
1,0.7878853119490645,1
1,0.6215998716741526,1
1,0.9066417704671154,1
0,0.5815932366624192,0
1,0.79590250564733,1
1,0.8635626754710534,1
1,0.5744702849375534,1
1,0.8066553558293315,1
0,0.8874072804277768,0
0,0.7665443086543053,0
0,0.6393546268022015,0
0,0.5325284238025496,0
0,0.7812361502635563,0
1,0.8474484740684569,1
0,0.7856471993251741,0
0,0.9533554372365476,0
1,0.7509282624934331,1
0,0.7140026094869288,0
1,0.811358911513684,1
0,0.5241087394808497,0
0,0.6321054244879731,1
1,0.7988139101256898,1
1,0.6158579239491172,1
1,0.8586890046434931,1
1,0.9055089667833595,1
1,0.8829473901411333,1
1,0.6905063142090071,1
1,0.662952751797397,1
0,0.7408523991072591,0
0,0.7948996166921624,0
1,0.6693866979828161,1
1,0.6910993695480052,1
0,0.7126953928044395,0
1,0.8457442225697994,1
0,0.9310782799565407,0
0,0.8911623638653157,0
1,0.7000251261313268,1
0,0.6701059584452461,0
0,0.7752993177166398,0
1,0.8319846918520923,1
0,0.8198320425448636,0
1,0.9660522231973695,1
0,0.9258710919948853,0
0,0.518660097712731,1
1,0.8358281696052146,1
0,0.9056078475512636,0
1,0.7641866266216724,1
1,0.9164205905756616,1
0,0.7920047395726985,0
1,0.6836276007715698,1
1,0.694681671949774,1
1,0.7254504836754095,1
0,0.7883679839074453,0
1,0.700393342496257,1
0,0.6041654406261254,0
0,0.8814108476763558,0
1,0.5940924468338215,1
1,0.9553042262677899,1
0,0.5584127228833481,0
1,0.6442805403725053,1
0,0.7714417088011876,0
0,0.8756000239692402,0
1,0.6284526987898272,1
0,0.6057778916243275,0
0,0.5399832266158485,0
0,0.7432014492520957,0
0,0.545415462504516,1
1,0.7435659189207159,1
0,0.7009432926981354,0
1,0.8492406968970067,1
1,0.5928483382566944,0
1,0.8562162375332989,1
0,0.8885844246019378,0
1,0.640847206776187,1
0,0.7551441703938779,0
1,0.6344511978868649,1
0,0.8813070907891832,0
1,0.6060987114866601,1
1,0.5920260239188314,1
0,0.6165270301414947,0
1,0.7455958360199446,1
1,0.6342981204182152,1
1,0.9169576063961404,1
0,0.8337070560045685,0
1,0.7542824058496667,1
0,0.9151971705806775,0
1,0.7333061934923712,1
1,0.9048067597493532,1
1,0.9138499816420895,1
1,0.6938755751523175,1
0,0.8213821493016724,0
0,0.7196027363737612,0
0,0.8090979203014482,0
0,0.7746717177500616,0
0,0.5489247832129796,0
0,0.941167135002546,0
0,0.8271903123776724,0
1,0.603439412329789,0
0,0.7472088918051049,0
1,0.8774702747736226,1
0,0.7758530345173782,0
0,0.6714159254622202,0
1,0.703411157880928,1
0,0.5704610540129478,0
0,0.8823872774956858,0
1,0.7925768047291704,1
1,0.689280715954742,1
0,0.8545261640173226,0
1,0.9104738857760936,1
1,0.6876771922225341,1
1,0.5168270757776562,1
1,0.8602016424251464,1
0,0.7421431531839585,0
1,0.6512407884894226,1
1,0.9396954172743649,1
1,0.7622543632888947,1
1,0.9139848527074673,1
0,0.6795482928818637,0
1,0.7921348211684888,1
0,0.7650318022194699,0
1,0.9066670204717926,1
0,0.8060339514095914,0
0,0.70501515932517,0
0,0.6560064558224453,0
1,0.790710933022463,1
0,0.9326252720746913,0
0,0.9229749547207811,0
1,0.8880440688137569,1
1,0.8729932248155727,1
1,0.8891735373730408,1
1,0.6242980318733115,0
0,0.8968205864109777,0
1,0.786145355329116,1
1,0.5050316830301836,1
1,0.6107266868723424,1
1,0.8183192307582406,1
0,0.8263066641617348,0
0,0.8783179667792392,0
0,0.8450203763824908,0
1,0.6021524459741312,1
0,0.637819456271882,1
0,0.8569326590980259,0
0,0.8091415390497806,0
0,0.827058724449158,0
0,0.7456258053432958,0
0,0.6050280008041238,0
0,0.9121633422462282,0
0,0.8193869631275549,0
0,0.8029514058806301,0
1,0.8394348921177449,1
0,0.6835216937463345,0
0,0.8616246078056378,0
0,0.8975060566973204,0
0,0.6068100733081512,0
1,0.901408539778922,1
1,0.8164127789052346,1
1,0.8073748332965858,1
1,0.728011782211068,1
0,0.9623638464637978,0
1,0.781185761629452,1
0,0.8855685075362995,0
1,0.6335935846454259,1
1,0.8113175565179988,1
0,0.507003791768566,1
0,0.7794177395409787,0
1,0.6744782743945034,1
1,0.6027770011792393,1
1,0.5793049491965218,1
0,0.5792646898302433,0
1,0.8094882848243867,1
1,0.5558362650562417,1
0,0.8232798343477272,0
1,0.7967119157265047,1
0,0.5101274923847615,1
0,0.9008692051316376,0
0,0.7763818303109401,0
1,0.7646740361859405,1
1,0.8707802494095908,1
1,0.6456927690298548,1
0,0.7581728213414227,0
0,0.8880151664054985,0
1,0.6411402596265336,1
0,0.8844890664580954,0
1,0.5476054752172068,1
1,0.8652553574216877,1
1,0.6376268635602826,1
0,0.6966061807654865,0
0,0.7161790189263826,0
0,0.7889003342647413,0
0,0.829158699790012,0
0,0.626024020086608,0
0,0.625373462808582,0
0,0.8454921836615782,0
1,0.8667560969176393,1
0,0.7606476044355622,0
1,0.6915209064605411,1
0,0.8254666908890209,0
0,0.8042396800255129,0
0,0.5190357395368991,0
1,0.8159618642965648,1
1,0.9100500573316367,1
0,0.9711664551678413,0
1,0.8005815181997191,1
1,0.5122468992972398,0
1,0.5206148645894006,1
0,0.8977618343766406,0
0,0.747809288479661,0
1,0.8866306896345049,1
1,0.7521172201623442,1
0,0.729529941329545,0
0,0.6423210159094104,0
1,0.6659456062692578,1
1,0.9184086281642755,1
0,0.5854589861763475,1
0,0.7623326093966789,0
1,0.6799833100289939,0
1,0.580783718724199,1
1,0.7439021575108321,1
0,0.7958595934923497,0
0,0.6539263154856175,0
1,0.5240837640537299,0
0,0.8094610784085642,0
0,0.9351447871509949,0
1,0.8015343015870888,1
1,0.72895543966746,1
0,0.8023004902045314,0
1,0.7075004498496177,1
0,0.9268754460634056,0
1,0.8443980910658448,1
0,0.6121277386690519,0
0,0.8862212903069507,0
0,0.7670033197210782,0
0,0.5422871408368174,1
1,0.7252212650263601,1
0,0.6117499274405546,1
1,0.7743406605985618,1
0,0.8085587109539186,0
1,0.9287506940311058,1
1,0.6869178687351978,1
0,0.5902513974658645,0
1,0.7394542212985542,1
0,0.5575921288356896,0
0,0.6393045520397412,0
1,0.730999015035677,1
0,0.8589752635695,0
1,0.7982360569830005,1
1,0.8846482561953435,1
1,0.5087518690228492,1
0,0.8405053619470795,0
1,0.6426484269888564,1
0,0.6755387990633219,0
0,0.8432683565087739,0
1,0.5837711760427012,1
0,0.6605551574320556,0
0,0.7746255557859444,0
1,0.7992916437757653,1
1,0.629351204677778,0
0,0.5936672347692327,0
0,0.7314887350103231,0
0,0.7227564916459946,0
0,0.599001184225378,1
1,0.7423297025181105,1
0,0.5025039193506607,1
0,0.6812093675509763,0
0,0.6162515341163248,1
0,0.6819623841103843,0
0,0.9428078753603019,0
0,0.5954581295135417,1
0,0.6707540771415561,0
1,0.85315005326515,1
0,0.5024240192095352,1
0,0.9199909096292288,0
0,0.9304830193559253,0
0,0.6773048935135385,0
0,0.6007756725313184,0
0,0.7036433118426245,0
1,0.8861541936515853,1
0,0.9592822710058149,0
1,0.9326972624023484,1
1,0.8055139989947688,1
0,0.9319152250261962,0
0,0.9728237852324985,0
0,0.7298321656491705,0
1,0.8761630088653738,1
0,0.8265772478690206,0
1,0.6127505900511747,1
1,0.5467453987575785,1
1,0.8261904872553685,1
0,0.9314264986014796,0
1,0.6940935705691031,1
0,0.8311779984512263,0
1,0.861438385600225,1
0,0.7186619453293264,0
0,0.9378261917812106,0
1,0.6598780304770179,1
0,0.7265110794454954,0
1,0.9397073064587117,1
0,0.7370475538934447,0
0,0.7985785238899304,0
0,0.8342085236819509,0
0,0.8226517019081946,0
0,0.9559245002887087,0
0,0.8337740229719834,0
1,0.5037288074792662,0
0,0.6714217862768483,0
1,0.7944847326179147,1
0,0.5836367256292037,0
0,0.6808378099884489,0
1,0.8315063093816377,1
1,0.8264110187131403,1
1,0.6296111977188606,1
1,0.7003699128958263,1
0,0.8884413292238865,0
0,0.746351841914001,0
0,0.8725098587599781,0
1,0.9171614079961887,1
0,0.5622470253208818,0
1,0.8582513187900629,1
1,0.6781894871228141,1
1,0.6571817712507266,1
1,0.529712009637895,1
1,0.7119439929543439,1
0,0.7305168206880913,0
0,0.5235140394764586,1
0,0.8449895168149949,0
0,0.8412988015950347,0
0,0.6277089293087481,0
1,0.956745408561712,1
1,0.8503172140973847,1
1,0.7521117615855053,1
0,0.9735731067940312,0
1,0.6306707803910147,1
0,0.7849113555129843,0
1,0.724438605096572,1
0,0.6326403220914225,0
0,0.637738626072335,1
0,0.7817696393579201,0
0,0.7541223930482397,0
1,0.766809491382707,1
0,0.7247087573755283,0
0,0.919666236848959,0
0,0.6681547884231709,0
0,0.6548340397679828,0
0,0.8078698010820352,0
0,0.5250103322202817,0
1,0.7803844223645114,1
0,0.7044239231233564,0
1,0.6953954026025456,1
1,0.7127645524895767,1
1,0.7299578769181462,1
0,0.6932737242182435,0
0,0.8165804630373743,0
1,0.8192412913010485,1
1,0.7350872957127564,1
0,0.8087789603063643,0
1,0.8554199408305349,1
1,0.649972043725468,1
1,0.721701949631829,1
1,0.601841317198982,1
1,0.7729035401580645,1
1,0.8781047673618445,1
1,0.9056501514493641,1
0,0.7557588143624878,0
0,0.8007420867885828,0
1,0.5497649587545564,0
0,0.72474297987524,0
0,0.5085900888670002,1
0,0.7320664512455497,0
0,0.9482782461930688,0
1,0.6707276885589248,1
0,0.7394820347893535,0
1,0.6168174205757744,1
0,0.6078564944063206,0
0,0.7554816725420569,0
1,0.836124451816187,1
0,0.6096252483501835,1
0,0.759444235803388,0
0,0.8654871119451361,0
0,0.7114382779449605,0
0,0.9187072501930268,0
1,0.7189646707091455,1
1,0.68763375288156,1
1,0.7573725128802934,1
0,0.7629346642976317,0
1,0.6532265080965419,1
1,0.8722236925284217,1
0,0.772959856386418,0
0,0.525309839034716,1
0,0.6618483327822117,0
1,0.6644946185783138,0
0,0.8309835410427941,0
0,0.8754046901553761,0
0,0.7195228105897871,0
1,0.8054708870141404,1
0,0.7550015112053219,0
1,0.6395903043283734,1
1,0.8194614564330321,1
0,0.8506651916341754,0
1,0.7621893307639063,1
0,0.8800929219289944,0
0,0.6482384988204136,0
0,0.7636720288269798,0
0,0.8532528167749938,0
1,0.6595138523561989,1
0,0.7676920943741056,0
0,0.639545851322824,0
0,0.9410529869506475,0
1,0.8591661938621941,1
1,0.9257862908169134,1
1,0.5457192729010047,1
1,0.5254496541863789,1
0,0.6672895697502482,0
1,0.7162379648228363,1
0,0.6711365420851387,0
1,0.5584843679392171,1
1,0.7780068909331854,1
0,0.9796181301441286,0
0,0.5250283924017982,1
0,0.5853913757724774,0
0,0.5679397946090404,0
0,0.9121544840526257,0
0,0.8655477217331214,0
0,0.7818190315032983,0
1,0.612085536956586,1
1,0.8608736769281166,1
1,0.5449288630395123,0
1,0.6694782482742473,1
1,0.6020801065219283,0
1,0.8521779278384273,1
1,0.5258019903066894,1
0,0.7531468101781426,0
0,0.6278756200087482,1
1,0.8033727924945263,1
1,0.5058836968904645,1
0,0.5670600095276809,0
0,0.6221656258229633,0
1,0.6835299930346398,1
0,0.9779013431002258,0
1,0.8162763879848001,1
0,0.776330867905051,0
0,0.9324143455665868,0
0,0.901512237780335,0
0,0.9242398192793341,0
0,0.5759284140378234,1
1,0.862535664472308,1
0,0.6983412014709031,0
1,0.8893933012972381,1
0,0.8609557699732292,0
0,0.8807302024458107,0
1,0.7258507650560735,1
1,0.5583168890616598,0
0,0.9387788098800228,0
0,0.8608064692004211,0
0,0.638282667902134,0
0,0.9682398478797052,0
0,0.5756977676091771,1
0,0.7036892373635278,0
1,0.7949079847264922,1
1,0.9031293720631771,1
0,0.7698360363714511,0
0,0.8374780191281712,0
0,0.7784402337317192,0
1,0.5984976367209218,1
0,0.929734390460073,0
0,0.9030226555145281,0
0,0.9211838509482034,0
0,0.6767854486950465,0
1,0.5160332077693489,1
0,0.543544312023458,0
0,0.9063009353816882,0
0,0.8802759180067106,0
1,0.6002850000786709,1
1,0.5517071978836147,1
0,0.6399093195171338,1
1,0.7992061944954143,1
1,0.6701572544864968,1
0,0.8579572887505231,0
0,0.8590226198814455,0
0,0.7938645896241253,1
1,0.8510446756116534,1
1,0.87523505520977,1
1,0.8403074340365511,1
0,0.6990538723984845,0
1,0.8046858084058474,1
1,0.8714777159641358,1
0,0.8242446640333506,0
0,0.6426043995106755,0
1,0.6594338491232478,1
1,0.9574095399213332,1
1,0.641620220291222,1
0,0.7004820746981103,0
1,0.795090700228812,1
1,0.6923375248400796,1
1,0.8521342862031558,1
1,0.5643992039712993,1
1,0.7341542952042863,1
1,0.7719856352674086,1
0,0.7891975163265111,0
0,0.7146209605594882,0
0,0.7803869061361107,0
1,0.6430807699996594,1
0,0.9116848772410534,0
1,0.7247620237792786,1
1,0.9474882822271583,1
1,0.6232308044862424,0
1,0.5576998147505344,1
1,0.6706294845411201,1
0,0.7223079898832737,0
1,0.804517739878714,1
0,0.7111193847414583,0
0,0.9009037412041786,0
0,0.7672920566961534,0
1,0.7501551979333646,1
1,0.7996763971482237,1
1,0.734142440031377,1
0,0.5473738193732564,0
1,0.9257330476486054,1
1,0.8925734773813297,1
1,0.7600949601697534,1
0,0.7973712721305783,0
1,0.7450900244764124,1
0,0.9211868674250127,0
1,0.7646328490300123,1
0,0.8178579501565426,0
0,0.9103611119701347,0
0,0.8589210091214644,0
0,0.6933555219414631,0
0,0.7839668570309152,0
1,0.8506487827267805,1
1,0.646945981084666,1
0,0.9082048326091766,0
0,0.869662746995364,0
0,0.9311705435318388,0
1,0.5405705610295838,1
0,0.7599832707814135,0
0,0.8186558018559184,0
0,0.8505899542716655,0
1,0.5451851016727322,1
1,0.7480798104069106,1
0,0.8498415345961982,0
1,0.8242288466012386,1
0,0.8096668822858181,0
0,0.6075676638676784,1
0,0.6623693314747655,0
0,0.8519996646715815,0
0,0.7572568676491143,0
0,0.6215328012851752,0
1,0.5630001947099912,1
0,0.7032028873453979,0
0,0.9707953246581876,0
0,0.6485819764228756,0
0,0.7002925936494553,0
0,0.6961870337361524,0
0,0.6820114623922202,0
1,0.6248371185505256,1
0,0.7149119249220752,0
1,0.7720830558031248,1
1,0.5180207439186484,0
1,0.9023549021523629,1
1,0.7398867929070094,1
1,0.828082217617335,1
1,0.5963498874830193,1
1,0.5867625141495764,1
0,0.7269149992667144,0
0,0.9631809911331504,0
0,0.8141655437512907,0
0,0.7050180097926778,0
1,0.5996890437540964,1
1,0.8236049906793401,1
0,0.8687183255918693,0
0,0.6986394446338368,0
0,0.6540123803658755,0
1,0.6609794146217817,1
1,0.6641398266105206,1
1,0.8176473694512665,1
1,0.8870049198441735,1
0,0.7730463503560951,0
0,0.8182513109807773,0
0,0.7966816979375658,0
0,0.8662284686515441,0
0,0.8431154864002093,0
0,0.51215465254274,0
0,0.6927527265104487,0
1,0.6673585036460072,1
1,0.711583426231119,1
0,0.6864312435253143,1
1,0.7406171254033366,1
1,0.7437880411830505,1
1,0.7366314563103087,1
1,0.822466915153744,1
1,0.7803906932747708,1
1,0.5632839430765392,1
0,0.617231768535645,0
1,0.8391324135086129,1
1,0.6971082130838091,1
0,0.8660623204565225,0
0,0.8311348908365846,0
1,0.5998323376904038,1
0,0.8335698668461696,0
0,0.5672197043265087,0
0,0.8557849414508992,0
1,0.9088739654571746,1
0,0.9683322181202845,0
0,0.88619593110384,0
1,0.7689704959494629,1
0,0.8332877038363877,0
0,0.5753521588841998,1
0,0.7451609873678743,0
0,0.6650588856654545,0
1,0.8925915853644009,1
0,0.6994541345603804,0
1,0.8012444929017228,1
0,0.6467472425890604,1
0,0.829071809476892,0
0,0.9293267488337354,0
1,0.709133120903925,1
0,0.9515896488933587,0
1,0.6785575436294511,1
1,0.7126320668118183,1
0,0.5479365632001382,1
0,0.73281065142206,0
0,0.7039909356323053,0
0,0.7506297744235563,0
0,0.6360345336413421,0
1,0.6646908440317802,1
1,0.7158764703633348,1
1,0.8683911605407248,1
1,0.9177803185325697,1
0,0.6899712708187518,0
0,0.9400317987699794,0
0,0.8576068728401419,0
0,0.8897490363408284,0
1,0.8141866469355281,1
1,0.8746067152783977,1
1,0.7841078168386891,1
0,0.9384556512715431,0
0,0.9654105867084916,0
0,0.9242601434278122,0
1,0.8030910055742169,1
1,0.8059907640796672,1
0,0.7006993399637618,0
0,0.551800688888939,0
0,0.8445932127077875,0
1,0.7830496318762618,1
1,0.6915737389074997,1
1,0.7463304292886537,1
0,0.9198123997765405,0
1,0.8816923498405405,1
0,0.7543167303098371,0
0,0.7651022459040764,0
0,0.7825215898226563,0
1,0.6480623616328178,1
0,0.7977214806734769,0
0,0.9573058000146372,0
1,0.9393534938348652,1
0,0.7034268880210547,0
1,0.7659681773281758,1
1,0.5152668460052128,0
0,0.6054090802134573,0
1,0.9052556372935857,1
1,0.591079810430224,1
0,0.6345360423234349,0
1,0.7423016783450682,1
0,0.7447718580593364,0
0,0.9471657494632437,0
0,0.6166174059880294,1
0,0.8772343367680199,0
0,0.8552437100847484,0
1,0.6642752945901815,1
0,0.9146887581587695,0
1,0.7156708104983394,1
0,0.8237344838177124,0
1,0.740169708533651,1
1,0.8007446758410754,1
0,0.7138777090589803,0
0,0.7867398362969077,0
0,0.7992855413043243,0
0,0.8883794025787556,0
1,0.7705483262329333,1
1,0.5990781062434276,1
0,0.7803498340396358,0
0,0.5697485998714917,0
0,0.5738933352516455,0
0,0.7533851879795832,0
0,0.8161939824584501,0
0,0.8039815417637214,0
1,0.9731477988163137,1
0,0.8815127117182658,0
0,0.9738652700358951,0
1,0.5871493624081332,1
1,0.8180169705334024,1
1,0.7610949677558247,1
1,0.9398340116627791,1
0,0.7532662129679756,0
0,0.72940975739006,0
0,0.9194309620619924,0
0,0.8111520652857634,0
0,0.9145709438895996,0
0,0.8119905717441284,0
1,0.8585257026650572,1
0,0.6057685714559079,0
1,0.7730870730343753,1
0,0.6672111794250835,0
1,0.7670173508170812,1
1,0.8272998401797933,1
0,0.9311434054428029,0
1,0.8931567720434794,1
1,0.6220065786244985,1
0,0.8254414377936731,0
0,0.8958336722376302,0
1,0.6922730711641042,1
0,0.6749694588929844,0
1,0.8612239787033675,1
1,0.5805887094313078,0
1,0.5373128163457449,0
1,0.8816023230620729,1
1,0.6107627945845575,1
1,0.7978086797159692,1
1,0.9460053989956626,1
1,0.543077940616928,1
1,0.5362886493740077,1
1,0.6231945402134846,1
0,0.8626407120211933,0
0,0.6893686885230086,0
1,0.7640458475691635,1
0,0.8751475121685071,0
1,0.6973611904616744,1
1,0.5587234995543896,1
1,0.8834154348156108,1
0,0.8726388842590085,0
0,0.9261496876199465,0
0,0.8729611811841061,0
1,0.5848263710053242,1
0,0.6524944796501753,0
1,0.5401383882513473,0
1,0.8924040732657351,1
1,0.8972015776866905,1
0,0.7181561273240911,0
1,0.5580332956119869,0
0,0.5994611226366051,0
1,0.5721812631881171,1
1,0.8251312838933194,1
1,0.678231301157564,1
0,0.7864338304811568,0
0,0.8024936119771857,0
1,0.7840894533371282,1
1,0.6169771520557836,1
1,0.8888710395215372,1
1,0.6046872132274267,1
1,0.7374706923820501,1
0,0.5384705888823069,0
0,0.6766770422762926,0
0,0.8171609472263079,0
0,0.6896292806673805,0
0,0.8755254122404881,0
0,0.8712439137756052,0
1,0.5187552382514458,1
0,0.6875263085672659,0
0,0.5048258043503563,1
0,0.8516203906582976,0
0,0.8930665584280774,0
1,0.9385425828191689,1
1,0.7363798694415993,1
0,0.6945244677205047,0
1,0.5229863883300636,0
0,0.7624298773190648,0
0,0.6894506325361316,0
0,0.757436490172253,0
1,0.6303744766580259,1
1,0.8101567234982884,1
1,0.8724463296173198,1
0,0.8844133452749389,0
0,0.700183929535165,0
1,0.9249538059102967,1
1,0.897320619865024,1
0,0.7828635134949561,0
0,0.7318995603406272,0
0,0.8792764388072866,0
0,0.6782434101591578,0
0,0.706306007976232,0
1,0.513576112055026,1
1,0.5475046141282691,1
0,0.5093355082738157,1
0,0.6497824060637849,0
1,0.5801338764671351,1
0,0.9342145967160032,0
1,0.9250804133793551,1
1,0.7100141500227701,1
1,0.8934758916076625,1
1,0.5428436250598963,0
1,0.7580393211370452,1
1,0.6830990268883005,1
0,0.9605066636035774,0
0,0.7266157758740786,0
1,0.5138134078504644,1
0,0.695084185337984,0
1,0.5334966361235228,0
1,0.626487995326372,1
0,0.7750539500639709,0
0,0.5012849881055624,0
1,0.6968595735679082,1
0,0.9197408313938472,0
0,0.8365467914522933,0
0,0.9290060682098875,0
0,0.9024860157475783,0
0,0.9836927925000171,0
1,0.5926355890549364,1
0,0.8518051397742544,0
0,0.5782408532264055,1
1,0.7100321435055624,1
0,0.747056028422168,0
0,0.5545231001267966,0
0,0.76631840355471,0
1,0.6290963241997681,1
1,0.6533470114729071,1
0,0.839843893886058,0
1,0.5970458960799035,1
1,0.909594575589864,1
0,0.7851062185947563,0
0,0.9248233296311578,0
0,0.9150990876322894,0
1,0.5387135801017713,0
0,0.8519517774150005,0
0,0.724170404295293,0
1,0.6671360993889245,1
1,0.8469178122737222,1
1,0.9213407944443435,1
1,0.8814132603074186,1
0,0.9502100954455727,0
0,0.5925569803683366,1
1,0.7888412549457555,1
0,0.8254544526846788,0
1,0.7711905582803539,1
0,0.626338691263105,0
0,0.6323806593319853,0
1,0.6117211499537516,0
0,0.6843772905977453,1
0,0.711918932125475,1
0,0.7859856727369756,0
1,0.7972383073303642,1
0,0.7851997497720505,0
1,0.7446502883414627,1
0,0.7210122341133601,0
1,0.5914568660186597,1
0,0.7999484934016599,0
0,0.7078418920114786,0
0,0.5115309015968946,1
0,0.8165111720617145,0
1,0.7034465795056848,1
1,0.8457750877805622,1
0,0.8127243754001288,0
0,0.5482067786514764,1
0,0.8812515681812527,0
1,0.9455744289463445,1
0,0.8767832541920226,0
1,0.9366733489844555,1
1,0.8427860621514577,1
1,0.718201314507916,1
0,0.8850121851384214,0
1,0.8605702744621132,1
1,0.9059125285600549,1
1,0.6170200094412018,1
0,0.9353993881826441,0
1,0.6973130600271155,1
1,0.7437332718296643,1
1,0.8204854229658726,0
0,0.8513894738439882,0
0,0.7726787275586525,0
1,0.8339939430119628,1
0,0.6614501943074979,0
0,0.8836935085285972,0
1,0.7255335846296361,1
0,0.5742933316299719,1
1,0.8840218909410984,1
0,0.593828605363113,1
0,0.8212736131879681,0
0,0.9712953595684457,0
