prediction,probability,label
0,0.7603620226995229,0
1,0.8164609071484072,1
1,0.8928002765208652,1
1,0.9483759018759019,1
0,0.9631929681429676,0
0,0.8211886841100077,0
0,0.8445172105672102,0
1,0.8087694055944057,1
1,0.8022061605061603,1
1,0.8421702880452879,1
0,0.6872349705849706,0
0,0.7944027555777552,0
1,0.8284778027528025,1
0,0.8793824203574196,0
0,0.9991083333333334,0
1,0.8110500971250969,1
0,0.9244144938394935,0
0,0.6870492063492061,0
0,0.9355570679320682,0
0,0.8215237817737822,0
1,0.7961569375069371,1
0,0.8552678793428793,0
0,0.9391989649239648,0
1,0.9108032134532134,1
0,0.9097702741702741,0
1,0.9434893245643247,1
1,0.7696958652458654,1
0,0.638743229972642,0
0,0.8323865828615825,0
0,0.8875309953934954,0
1,0.7436505924630928,1
1,0.9001655372405369,1
1,0.646659969768793,1
0,0.7930648074148077,0
0,0.7863173326673326,0
0,0.8322573704073704,0
1,0.8089267954267955,1
0,0.7341638805638806,0
1,0.8840229312354312,1
0,0.6291591186591182,0
0,0.903499531024531,0
0,0.9490592379842381,0
0,0.6869326867576866,0
1,0.8813290043290042,1
0,0.890861827061827,0
1,0.8215502525252525,1
0,0.7981112914862912,0
0,0.7246827228327223,0
0,0.7105434870684869,0
1,0.7406739399489399,1
0,0.9092660589410589,0
0,0.7059423243423238,0
1,0.8040638999889002,1
0,0.9037795454545455,0
0,0.9589200632700629,0
1,0.8238423058967175,1
0,0.6213801402845521,0
0,0.7457780469530468,0
0,0.6983991536241536,0
0,0.8687343434343434,0
0,0.8687979215229213,0
0,0.8753986652236653,0
1,0.8091368284493281,1
1,0.7170669441669444,1
0,0.8043352064602063,0
0,0.8578657674025321,0
0,0.9199372599622603,0
0,0.7967339188589189,0
1,0.7981208707958706,1
0,0.7332169988508219,0
1,0.9219094382741444,1
1,0.7851030634398282,1
0,0.8029698995448998,0
1,0.7101272644022647,1
0,0.829839474414474,0
0,0.9136993034743033,0
0,0.8714696636696636,0
1,0.8493658452658452,1
0,0.9587249944499945,0
1,0.7197389305139301,1
1,0.7664217289246699,1
1,0.7749529484404487,1
0,0.9653482323232323,0
0,0.8611240009990012,0
1,0.9178330808080808,1
0,0.8864168202712325,0
0,0.867409750380338,0
0,0.9915869047619047,0
0,0.8988464896214898,0
1,0.8011448384948388,1
1,0.8991377455877457,1
0,0.9501042651792649,0
0,0.7056722263847264,0
1,0.6628347000222002,1
0,0.7791554542679542,0
1,0.7907101898101898,1
1,0.8048942723942729,1
1,0.8419998626373628,1
1,0.8371407943363824,1
0,0.8712154595404594,0
0,0.8451168618962734,0
1,0.9013704989454989,1
0,0.7982571400821402,0
1,0.8125872724497724,1
0,0.8985642496392499,0
0,0.8682877622377623,0
1,0.6960223803973807,1
0,0.8822749250749247,0
0,0.7474903513153512,0
0,0.9974551282051282,0
0,0.7993983849483848,0
0,0.823790331890332,0
1,0.739418044047456,1
0,0.8321353091353086,0
1,0.8892944916194916,1
1,0.78772587967588,1
0,0.9322430444555445,0
1,0.8194598421186658,1
0,0.7911224275724279,0
0,0.8409915334665334,0
1,0.8225641414141416,1
0,0.7744442335442332,0
0,0.8835112411281529,0
0,0.9377179292929292,0
1,0.7924371628371631,1
0,0.7783272644022642,0
0,0.8409890609390611,0
0,0.8908380452880452,0
1,0.9184431818181817,1
0,0.8630551948051951,0
1,0.7714764069264073,1
1,0.8668948939948941,1
0,0.786663064713064,0
0,0.7656734654234653,0
0,0.7809046814296811,0
0,0.8246819042069042,0
1,0.8181852869352866,1
1,0.8378869602619602,1
0,0.8602124587830468,0
1,0.7159096847596846,1
0,0.8032496864246865,0
0,0.9131839910089915,0
0,0.7592347527472526,0
1,0.762925378787879,1
1,0.8616342907092908,1
1,0.7922625735375737,1
1,0.8080109085359086,1
0,0.7774288156288157,0
1,0.8268093295593294,1
1,0.8655436757686759,1
1,0.593661213691709,1
1,0.7662760545010545,1
0,0.927387914862915,0
1,0.8738608460983461,1
1,0.7735313075813074,1
1,0.8162955905205906,1
1,0.8904307192807192,1
1,0.8290418165168161,1
0,0.7842850224938461,0
1,0.7165121891996888,1
0,0.6531199134199136,0
1,0.7626183954933956,1
1,0.7751739121989119,1
1,0.8665276584526588,1
0,0.7996956779331783,0
0,0.9445825646575647,0
1,0.729833566596802,1
1,0.9290515595515596,1
0,0.9538997863247858,0
0,0.8206881840381839,0
0,0.9885852019325705,0
1,0.8973459096459099,1
0,0.9175720973470972,0
0,0.8377312895437898,0
0,0.7751017704517703,0
0,0.9420693611943614,0
0,0.7317200919995038,0
0,0.9328916305916308,0
1,0.7218441383178223,1
1,0.7490944680319673,1
0,0.7774972222222222,0
0,0.8400726329226327,0
1,0.8177512765012769,1
0,0.9156382728382726,0
0,0.7086812326562325,0
1,0.8404242077367079,1
1,0.8423336538461534,1
0,0.8436669108669111,0
1,0.900919101731602,1
1,0.7707101440226444,1
0,0.7264300518925523,0
0,0.7409324814074819,0
1,0.7885261072261072,1
1,0.7456851630395751,1
1,0.7591822447160684,1
0,0.8408979964479968,0
1,0.7963391479435596,1
1,0.7290896936396929,1
0,0.9364670218670218,0
1,0.7752952020202019,1
1,0.9025343684093684,1
1,0.807763714063714,1
0,0.8196336247086244,0
1,0.9081502025752028,1
1,0.8469215839715837,1
0,0.8676759046509042,0
0,0.8458406732156734,0
0,0.7947702880452883,0
1,0.8082514901764903,1
1,0.8152051642801641,1
1,0.7872689754689753,1
0,0.7429881840381835,0
1,0.8748349428349425,1
0,0.9203450604950605,0
1,0.8287319652569649,1
0,0.8599175407925403,0
0,0.7924442668442669,0
0,0.6869975455100451,0
0,0.9129718156843155,0
1,0.7374932456432456,1
0,0.7037486585524901,0
1,0.8323393925518922,1
1,0.7354838716838715,1
0,0.8254427059052064,0
1,0.8544752303252308,1
1,0.9048777666777668,1
0,0.9035523115773115,0
1,0.7593806637806635,1
1,0.8946662143412141,1
1,0.7296634171384175,1
1,0.7897059357309357,1
1,0.8856440420690419,1
1,0.8665155094905095,1
1,0.740082117882118,1
0,0.6961755855255858,0
0,0.8376503024753027,0
0,0.8114765831390824,0
0,0.8251855737399856,0
0,0.88188537018537,0
0,0.7647126938421053,0
0,0.8125234534041811,0
0,0.9577551014345133,0
1,0.909734340659341,1
0,0.7717800631386156,0
0,0.8451890734265735,0
1,0.8426085053835051,1
0,0.794481585081585,0
1,0.8056110445110441,1
1,0.7862350187394307,1
0,0.8660397047397047,0
0,0.9269864524364525,0
0,0.7701831751581748,0
1,0.8163947580197578,1
0,0.8758000742721328,0
1,0.8538642679216211,1
0,0.8503993034743043,0
0,0.7757589965589969,0
1,0.7194182955932957,1
0,0.7994617965367972,0
1,0.9057158036408035,1
1,0.7876752275502276,1
0,0.7721694125319125,0
1,0.891064022089022,1
0,0.8601936299811301,0
1,0.9335252025752027,1
0,0.8386137029637033,0
0,0.7574442252192249,0
1,0.7825554695304695,1
0,0.7985288891663898,0
0,0.8065677655677658,0
0,0.8630855588855592,0
0,0.7528474331224335,0
1,0.9260102092352094,1
0,0.811021384171384,0
1,0.8438872183372182,1
0,0.9968519480519481,0
1,0.8428455988455988,1
1,0.9689419191919191,1
0,0.8259443681318683,0
0,0.8714217171717177,0
0,0.7533402985902983,0
1,0.7211255772005769,1
0,0.8103040626040626,0
0,0.8984393939393939,0
0,0.9860742063492063,0
0,0.8477696248196245,0
0,0.8672344849594851,0
1,0.9070904761904764,1
0,0.8634172480297481,0
1,0.8475193989017521,1
1,0.9141876012876013,1
1,0.9053396853146857,1
0,0.9362436396936398,0
1,0.8141023837273839,1
1,0.8871487540237537,1
0,0.8188208237668759,0
0,0.7835028860028853,0
0,0.6617291189202953,0
1,0.7517446636696636,1
0,0.8784338911088913,0
0,0.8176740806579035,0
1,0.8897930985680983,1
1,0.6111715617715616,1
1,0.8198810162060167,1
0,0.8999116883116881,0
0,0.945304231879232,0
1,0.8744044233544233,1
1,0.8705897102897102,1
1,0.8342086358086359,1
0,0.7600827935952935,0
0,0.8286518148518145,0
1,0.7288219114219114,1
0,0.8482404026529027,0
0,0.8994970890220894,0
0,0.8866878038628032,0
0,0.9248741952491949,0
1,0.7991955516705519,1
1,0.915798823398823,1
0,0.788937176712177,0
0,0.7803251276501274,0
0,0.7322479714729719,0
0,0.8504128454878453,0
1,0.945355932955933,1
1,0.8265547785547787,1
0,0.9079738372738373,0
0,0.9095853535353533,0
1,0.8172260323010316,1
0,0.8985881535131537,0
1,0.838289966977467,1
0,0.8527143217893217,0
0,0.8974042419998305,0
1,0.7622452269952267,1
0,0.8510951520701524,0
0,0.8969742562992563,0
0,0.8429650349650346,0
0,0.9002050532800534,0
1,0.6175839022089025,1
0,0.6438412248699014,0
1,0.9117319763569762,1
0,0.8525676906426903,0
0,0.9341254689754691,0
1,0.90194227994228,1
0,0.7045669284963405,0
1,0.7673861915861919,1
0,0.76397617611147,0
0,0.759788956468368,0
1,0.8574374098124095,1
0,0.8438784021534018,0
1,0.7676955768904299,1
1,0.7918098845598847,1
0,0.7356788586413583,0
0,0.9108611860361863,0
0,0.8449825799200799,0
1,0.6686759740259746,1
0,0.74522784021534,0
1,0.8289040653790647,1
0,0.8380793401043402,0
0,0.7975340714840714,0
0,0.9673685897435901,0
1,0.8392193722943725,1
1,0.8278434065934065,1
1,0.6491092296592299,1
1,0.8029976903815137,1
1,0.8805589299589294,1
0,0.8192792665667658,0
1,0.6655679189274776,1
0,0.835033241758242,0
0,0.8066195054945053,0
1,0.8668347249972251,1
1,0.8541366883116887,1
1,0.941732801348978,1
0,0.7426329254079248,0
0,0.8315949938949939,0
0,0.8498845238095238,0
0,0.9020419441669442,0
1,0.7700315725940727,1
1,0.7732396825396828,1
1,0.8096771284271284,1
1,0.8036357239982235,1
1,0.7734919594294599,1
0,0.86928127983128,0
0,0.8422739482739484,0
1,0.8067077311577311,1
1,0.7025215387553622,1
1,0.8589029295867534,1
1,0.8006743326118326,1
0,0.701375621192533,0
0,0.8729299589299593,0
0,0.9453517676767674,0
0,0.8952836302586307,0
0,0.8416864121989118,0
0,0.7398775016650022,0
0,0.7371829323454323,0
1,0.7978029803529801,1
1,0.6366151903651903,1
0,0.752360348964761,0
0,0.7716452602952599,0
0,0.9017698551448551,0
1,0.8056778239734123,1
0,0.88133774003774,0
0,0.8916172410922407,0
1,0.7826805028305028,1
0,0.9196348304473304,0
1,0.7876032772782778,1
0,0.7858522907647905,0
1,0.750391555666556,1
0,0.8641297979797976,0
0,0.7529946497946493,0
1,0.7850464854589851,1
0,0.8859450031994153,0
0,0.621860753135753,0
0,0.8177016774891777,0
1,0.8310079642579641,1
1,0.8236641733266733,1
0,0.7423982259570495,0
0,0.8355976578976584,0
1,0.9478998556998559,1
1,0.870550788100788,1
0,0.8480350280438514,0
1,0.8225313519813519,1
0,0.9411407467532469,0
0,0.9338043179043181,0
0,0.8802441405816409,0
0,0.6689779886779886,0
0,0.8377635267510272,0
0,0.7353251123876122,0
1,0.798184573759574,1
0,0.7326104789216629,0
0,0.8199665029415029,0
1,0.8527527000777,1
1,0.7158311910311911,1
0,0.8720635642135645,0
0,0.8934900613275615,0
0,0.8161415241191561,0
1,0.7415585303585303,1
1,0.8172441651485769,1
0,0.8115806471306474,0
1,0.6368244172494175,1
0,0.7715098401598403,0
1,0.7657438575313579,1
0,0.7786087456660987,0
1,0.9078162698412701,1
0,0.8380898545898549,0
1,0.8232938200688203,1
1,0.9418482683982683,1
1,0.9139997544122543,1
0,0.9660900072150069,0
1,0.8657956931956929,1
0,0.8464795701374651,0
0,0.7319029137529139,0
0,0.7650126956376957,0
0,0.9574502442002439,0
1,0.8433962481962484,1
1,0.8317903658433076,1
1,0.7680241452991455,1
0,0.8872321303696302,0
0,0.6702835927960924,0
1,0.938695496170496,1
0,0.6983687368187366,0
0,0.8571290154290157,0
0,0.8928479048729047,0
1,0.8125576784326786,1
0,0.851782165057165,0
0,0.8713245698745696,0
1,0.8651299658674659,1
0,0.8884773976023976,0
1,0.7169410187035191,1
1,0.9175778416028413,1
0,0.9522968253968254,0
1,0.7978871699379052,1
0,0.7142386419136416,0
1,0.7649371847107145,1
0,0.8772006812631813,0
1,0.6821330599955595,1
0,0.8420724816849816,0
1,0.7879078255078252,1
0,0.7102187131753698,0
1,0.7975996642246647,1
0,0.7301246586746585,0
0,0.7254891747141747,0
1,0.8309535547785547,1
1,0.7456603008103011,1
0,0.7858059024309028,0
0,0.8900558968808967,0
1,0.8643311355311359,1
1,0.7516521090021089,1
0,0.7692305541680542,0
0,0.8664086302586306,0
0,0.872305064380064,0
0,0.7857311313686312,0
0,0.9088322594072595,0
0,0.8613390886890884,0
0,0.8857541985791985,0
0,0.9669222915972916,0
1,0.8279479686979685,1
0,0.8810652777777779,0
0,0.7938503912753918,0
1,0.8110062007437004,1
0,0.8604822621822621,0
0,0.9350314074814075,0
1,0.6231966366966368,1
1,0.7871921606171609,1
0,0.7870953407703405,0
1,0.7557466533466534,1
1,0.6374847832722832,1
1,0.7470836136086138,1
0,0.6852255910755909,0
1,0.8276771227138878,1
0,0.7929959581268408,0
0,0.942816666666667,0
1,0.8392108363858359,1
1,0.8530626678876682,1
1,0.9362911976911975,1
1,0.8024030608280612,1
1,0.7999389277389274,1
0,0.907538031413031,0
0,0.8435928696303695,0
1,0.8403537296037294,1
0,0.7969014291264286,0
0,0.8668239246864247,0
0,0.7630473013098011,0
0,0.8118167346542349,0
0,0.9149735292485289,0
1,0.8862800643800647,1
1,0.7302243449361098,1
1,0.8960144910644908,1
0,0.8259847791097795,0
1,0.8234897796647793,1
1,0.7660999125874124,1
0,0.8393622322122329,0
0,0.950156304806305,0
1,0.782834240759241,1
0,0.9552924963924964,0
0,0.7983365162615165,0
1,0.7898949364962521,1
1,0.8240517232767236,1
0,0.8550198051948054,0
0,0.7684879287379288,0
1,0.7996197274947275,1
0,0.7579920246420243,0
0,0.9138210428460428,0
1,0.8084679834054835,1
0,0.9002762543012545,0
0,0.856763686313686,0
0,0.830512255799756,0
0,0.7757548382173378,0
0,0.7835726440226443,0
1,0.9486623015873017,1
0,0.7958396103896104,0
0,0.9080248043623044,0
0,0.9056111189979613,0
1,0.8095844239094238,1
1,0.754573881673882,1
0,0.7189134643134641,0
1,0.814719094794095,1
1,0.8123088417301658,1
1,0.761953738908151,1
0,0.6975526437614674,0
1,0.9069169996669997,1
0,0.8056638111888114,0
0,0.7578314990564992,0
0,0.8815645122851006,0
0,0.7443920542907383,0
1,0.8591977272727276,1
1,0.8470708277833278,1
1,0.7785858710733711,1
1,0.7983528638028639,1
0,0.8882899406149407,0
0,0.9220160089910091,0
1,0.8744990009990014,1
1,0.7123686299811298,1
1,0.7584210456210453,1
1,0.7983576798201798,1
0,0.878897854922855,0
0,0.9539579004329005,0
1,0.8275898712398712,1
0,0.7089661643911642,0
1,0.9334851676101672,1
0,0.7333618492618494,0
0,0.801361550949051,0
0,0.8002584998335001,0
1,0.7778125596625599,1
1,0.779449927849928,1
1,0.7803285622272458,1
0,0.8095906066156069,0
0,0.8438425435675437,0
0,0.9874317155067156,0
1,0.9335899961149962,1
1,0.7728256798756794,1
0,0.7459083610833609,0
1,0.7789692529692529,1
1,0.7619279545016386,1
0,0.7455670246420241,0
0,0.8083427433677435,0
0,0.799269913338296,0
1,0.7989989246864249,1
1,0.8639383479265834,1
1,0.8474736707736709,1
0,0.7371085119129238,0
0,0.7934717060717056,0
0,0.7471842324342324,0
1,0.8729531607281606,1
1,0.8779341491841491,1
0,0.8682517432730665,0
1,0.8056401895490135,1
1,0.9143172688422689,1
1,0.8675149919524924,1
0,0.8590016455766455,0
0,0.7573462021638497,0
0,0.8147286366411359,0
0,0.8737891053391054,0
0,0.7680006632256634,0
0,0.8427499417249416,0
1,0.8226238844488841,1
0,0.7924721736596732,0
1,0.5781569819069821,1
0,0.9280471861471858,0
0,0.8652538211788212,0
1,0.5266143994893997,1
0,0.8957845251970251,0
1,0.781466114441115,1
0,0.7848938440644326,0
1,0.8569057886557887,1
0,0.803042599067599,0
0,0.8440504551004547,0
0,0.7690795551670551,0
0,0.814734378121878,0
1,0.8674547508047503,1
0,0.7812934870684869,0
0,0.7087544871794872,0
0,0.7839733793983792,0
0,0.742122452547452,0
0,0.9240081696081698,0
0,0.7907244047619044,0
0,0.8324627844377845,0
0,0.8866257326007325,0
1,0.8533253857253857,1
0,0.8395940559440556,0
1,0.8607004578754581,1
1,0.7462925643800642,1
0,0.8779060189810185,0
0,0.876515181060769,0
1,0.9157219696969701,1
0,0.7990630878924995,0
0,0.8602931734931739,0
1,0.8551960206460205,1
1,0.7479364635364638,1
1,0.8407359335109335,1
0,0.8842927849927851,0
1,0.8077643546812666,1
0,0.8166541236541236,0
1,0.6932035755910759,1
1,0.8269552822177825,1
0,0.9379187673437678,0
1,0.8286280330780332,1
1,0.7886890656728897,1
0,0.8549689171939175,0
0,0.9190270174270172,0
1,0.7630917096792099,1
0,0.5990018759018759,0
1,0.8665549492174494,1
0,0.9589646381396382,0
0,0.7010793525918521,0
0,0.7922616550116552,0
1,0.8033400974025978,1
0,0.8603178488178486,0
1,0.8200737914862914,1
0,0.7006840858702696,0
0,0.9351962121212122,0
1,0.865677718115218,1
1,0.6038095557220559,1
1,0.6962747002997004,1
1,0.8280450799200799,1
1,0.8658640026640024,1
0,0.821614701964702,0
1,0.827157348207348,1
1,0.6894996772233616,1
1,0.8635540764790763,1
0,0.8547176898265137,0
0,0.7939079087579085,0
0,0.92597924020424,0
0,0.8383091297591302,0
1,0.788438073038073,1
0,0.8700936406429826,0
0,0.7129114468864469,0
1,0.8186389374514376,1
1,0.7845792429792431,1
0,0.842209034592858,0
1,0.7925840659340663,1
0,0.830648627761128,0
0,0.7981454240204235,0
1,0.7545471528471528,1
0,0.9121535797535799,0
0,0.9021922327672326,0
1,0.7826834609834614,1
1,0.8402034007659008,1
1,0.8063479242979245,1
0,0.9170254384504387,0
1,0.9354336052836054,1
1,0.781962931104843,1
0,0.724008945792769,0
1,0.7799801004551005,1
1,0.718146203796204,1
1,0.8364843878343875,1
0,0.6955963147963146,0
0,0.9432537296037292,0
1,0.7712540279165283,1
0,0.7987797757797764,0
0,0.8488617216117216,0
0,0.6906517418855656,0
1,0.7649214101258216,1
0,0.9163967532467533,0
1,0.9642309246309245,1
0,0.5866794150294152,0
0,0.9203615856365857,0
1,0.8960696560749188,1
0,0.9317423049173045,0
1,0.8098477411477408,1
0,0.6918779637029636,0
0,0.8384059460147699,0
0,0.6873065712065715,0
1,0.7345780608280612,1
0,0.9327787337662344,0
0,0.762914057347881,0
0,0.9195994200244196,0
0,0.6863929057054055,0
1,0.9120353257853254,1
0,0.7383088772338773,0
0,0.8785523837273836,0
0,0.889248842823843,0
0,0.9502340465090465,0
0,0.6595613691863693,0
1,0.668611518791666,1
1,0.8474720501720499,1
0,0.9771357864357866,0
1,0.7984749833499835,1
1,0.5875938079893965,1
0,0.7823286392529042,0
0,0.7185009670884671,0
1,0.8198583749583752,1
0,0.8137817137111255,0
1,0.8030710529666408,1
0,0.8045505476549594,0
1,0.6984796477215593,1
0,0.8256466587334235,0
1,0.7878372535960773,1
0,0.8232709595959593,0
0,0.8790677340633223,0
0,0.8663082833832834,0
1,0.8208042041292039,1
0,0.7119543650793647,0
0,0.829215331890332,0
0,0.873677403152403,0
1,0.785590519611108,1
1,0.761587654012654,1
0,0.8384300545859373,0
1,0.8118866716616714,1
1,0.8440079374272099,1
0,0.7753998307248304,0
1,0.756520854145854,1
0,0.8441365286674111,0
1,0.8188719726352077,1
0,0.7137275724275725,0
0,0.9166675685425683,0
0,0.8586497613497609,0
0,0.5674091677328519,0
1,0.8213069735819731,1
1,0.7708840603840598,1
1,0.8065509712509707,1
1,0.8093899267399269,1
0,0.6662869047619053,0
0,0.9245499639249642,0
1,0.7634396020646025,1
1,0.8838766705516707,1
1,0.7381345834720835,1
1,0.8213386974136975,1
0,0.7735982515033984,0
0,0.9348153318903318,0
1,0.8821160256410256,1
0,0.9942083333333332,0
1,0.8105852231102232,1
1,0.8476205377955377,1
1,0.7518821067821071,1
1,0.8580734640359639,1
0,0.7085299339549341,0
1,0.7939670375376257,1
0,0.7991847254053138,0
1,0.9359459928959926,1
0,0.8741257034632033,0
1,0.5582720487845488,1
1,0.8229188732019613,1
1,0.771213830613831,1
0,0.7925630138866981,0
0,0.8545497197247196,0
0,0.7943441280941276,0
1,0.8795502081252083,1
1,0.8357756021756017,1
1,0.7947386252636249,1
0,0.8861747001364648,0
1,0.6361490537240541,1
1,0.8178312659562655,1
1,0.7775211288711289,1
1,0.8681066391941397,1
1,0.7591596472971468,1
1,0.7999434940059937,1
0,0.7420577380952381,0
0,0.8756811216561216,0
0,0.9061925047175049,0
1,0.8018885568679681,1
0,0.8640688838938839,0
0,0.7729468478417008,0
0,0.6630296536796535,0
0,0.6900099844599848,0
0,0.8749729520479519,0
0,0.7674109598004334,0
1,0.7608146422205244,1
0,0.7586540473415472,0
0,0.7853473009017123,0
0,0.7849611957486953,0
1,0.780927918486742,1
1,0.8458398240648238,1
1,0.7470388528138525,1
1,0.7298849123099123,1
1,0.6668731157731156,1
0,0.8864073741617862,0
0,0.8077818292818284,0
1,0.849849147502824,1
0,0.7164110797097638,0
0,0.8004136002886004,0
0,0.8368422632922635,0
1,0.9666294982794983,1
1,0.755073727661228,1
1,0.6414864829614828,1
1,0.8566722360972361,1
1,0.793402086802087,1
0,0.7669416833166829,0
1,0.8550441197691203,1
0,0.7725382922632924,0
0,0.7861864302364304,0
0,0.5633654234654236,0
0,0.8106421772671771,0
0,0.8850553529803526,0
1,0.8095420426795427,1
0,0.8456368992118993,0
0,0.988767748917749,0
1,0.9669485847485844,1
1,0.6814916491403334,1
1,0.6592637862137867,1
0,0.8840726356976356,0
1,0.7332867160617161,1
1,0.775129559840744,1
1,0.8284178885442043,1
0,0.9325593073593074,0
0,0.864716969141969,0
0,0.883424064824065,0
0,0.8646632098895254,0
0,0.7724245906870906,0
0,0.8451270118770113,0
0,0.8848782023532022,0
1,0.8930439782439783,1
1,0.831026587301587,1
0,0.8465471889221889,0
0,0.9196330808080809,0
1,0.8553325993450995,1
0,0.741992884892885,0
1,0.7742328227328223,1
0,0.9876805555555556,0
0,0.8702737373737376,0
1,0.8351599109224106,1
1,0.7521722152847151,1
1,0.7796383893883887,1
0,0.7290900765900765,0
0,0.7506598651348649,0
1,0.9109475579975583,1
0,0.849458477633477,0
0,0.780564907314907,0
0,0.7114463439338438,0
0,0.8833215451215449,0
0,0.7407872904872909,0
1,0.7817994051699938,1
0,0.9142819680319682,0
0,0.8008833981378094,0
0,0.7734988017099859,0
1,0.8115404966378658,1
1,0.827522485847486,1
1,0.8836592907092904,1
0,0.9385474386724387,0
1,0.8659007298257299,1
0,0.7716438418607536,0
0,0.7770891566766571,0
1,0.8483623778998781,1
1,0.8808091672216676,1
0,0.7457474025974027,0
1,0.8063353763883173,1
1,0.8130296869796871,1
1,0.8168940614940615,1
0,0.7844868427324314,0
0,0.7608479423354421,0
1,0.8328390331890333,1
1,0.8481073371073365,1
0,0.8021286227661225,0
0,0.7652824393743514,0
0,0.7525156121656122,0
0,0.7704778915528911,0
0,0.8960242424242424,0
0,0.7019221506434741,0
1,0.914235606060606,1
1,0.8861213342213339,1
0,0.7118111011537483,0
0,0.7883419649794651,0
0,0.8776261530136525,0
1,0.7759482406482408,1
1,0.8211045474133705,1
0,0.8022174741924744,0
1,0.7234544344544346,1
1,0.7085047945475574,1
1,0.7306329170829176,1
1,0.9006005199049318,1
0,0.7746441294816295,0
1,0.7960486069486067,1
0,0.7407697288822291,0
0,0.8282839327339329,0
1,0.9659016573295987,1
0,0.8807763616500455,0
0,0.6737085137085143,0
0,0.723794653957154,0
0,0.9226806637806634,0
0,0.9730091269841269,0
1,0.8363443112443114,1
1,0.8477954115329114,1
0,0.8015761789680903,0
0,0.8560801412639649,0
0,0.7476680347430349,0
1,0.8240009823509825,1
0,0.8940373834498831,0
1,0.7614211760461757,1
0,0.8439136002886003,0
1,0.6775894327894325,1
0,0.815662234987235,0
1,0.7905490436034557,1
0,0.921524625374625,0
1,0.8990572261072258,1
1,0.7726199550449553,1
1,0.7491997793872794,1
0,0.8340963064713065,0
1,0.7379343989343989,1
1,0.8682499944499945,1
1,0.8928344988344987,1
0,0.8573708041958039,0
0,0.959873124098124,0
0,0.8367944083694081,0
0,0.9072254959093198,0
1,0.889093482905983,1
1,0.9104003968253968,1
1,0.9417970751470754,1
0,0.8805535242535242,0
0,0.7352142094017093,0
1,0.8435162767787767,1
1,0.8033547494172494,1
1,0.7543409174159171,1
0,0.7643048368298367,0
0,0.8070941502941499,0
1,0.7696900960150956,1
0,0.8076485264735266,0
1,0.8386923649879532,1
1,0.8511090298590299,1
0,0.9329267205017204,0
0,0.7776865273615279,0
0,0.6354625790875794,0
0,0.7931175324675325,0
0,0.8404323842823848,0
0,0.8215423770673771,0
0,0.9421416527916523,0
1,0.8257166323872202,1
1,0.8200095806970811,1
0,0.8642415535444951,0
0,0.8322348651348652,0
1,0.7737929181929181,1
1,0.7632422521922526,1
1,0.853463988788989,1
1,0.7201188117438122,1
0,0.7385589771339772,0
1,0.8252824092574088,1
0,0.7903468684093684,0
0,0.8100718138887253,0
1,0.6941624707164182,1
0,0.9151435064935064,0
0,0.7934067293817292,0
1,0.8407358762152882,1
1,0.7721255718138076,1
1,0.7921933677433672,1
0,0.8657603035853031,0
1,0.8490123459873464,1
1,0.9312982267732268,1
1,0.6676588855588854,1
1,0.8051306873681872,1
0,0.8225347763347767,0
0,0.8532202824952825,0
0,0.9125888999888996,0
0,0.8382086247086242,0
1,0.7672281024531029,1
1,0.810595307470308,1
1,0.7715513070263068,1
1,0.8972782217782215,1
1,0.732599703074703,1
1,0.765668385536032,1
1,0.7365671855921854,1
0,0.9049585137085134,0
1,0.811073801198801,1
0,0.807871753246753,0
0,0.838879892914103,0
0,0.8137244977244978,0
1,0.730741063103563,1
0,0.7946561868686867,0
1,0.7091752579292054,1
0,0.8628764763014765,0
1,0.7576583666333664,1
1,0.9113292846042844,1
1,0.8986415584415582,1
1,0.903273629148629,1
0,0.8795761377511375,0
1,0.9355856374018139,1
0,0.9178015429015427,0
1,0.7967073704073707,1
1,0.7929532356532353,1
1,0.8016042540792542,1
1,0.8091807303807302,1
0,0.8889248598623598,0
0,0.8505114774114774,0
1,0.8812297119547119,1
0,0.855410411810412,0
1,0.8543711815961813,1
0,0.8490551698301694,0
0,0.8385898088023095,0
0,0.8714889499389501,0
1,0.7522747040541159,1
1,0.8814012487512487,1
0,0.8363616383616382,0
0,0.804543841452665,0
0,0.7529111582861585,0
1,0.8255530219780219,1
0,0.8125311577311579,0
1,0.828378663003663,1
1,0.7515594572094572,1
0,0.8886030441780445,0
1,0.861615594862654,1
0,0.7370986818736819,0
1,0.8339437368187366,1
0,0.7971342676930911,0
0,0.8170771145521145,0
1,0.8374503871128871,1
0,0.7196339604839607,0
0,0.8573164543789544,0
0,0.8121375754963993,0
0,0.8795683233433234,0
0,0.8310468781218783,0
1,0.7626830447330446,1
0,0.7891919885669887,0
0,0.8140938422688424,0
1,0.9250584415584417,1
0,0.8600708236208238,0
1,0.7030412642912647,1
0,0.9310063172938171,0
0,0.7553838960875726,0
0,0.8872920393332159,0
0,0.7726621122341714,0
1,0.7328868215118217,1
1,0.8126064879564874,1
0,0.8540762293262294,0
0,0.8164747975880332,0
0,0.7465265678765679,0
0,0.9315229437229435,0
1,0.8491418942168941,1
1,0.8006689379248197,1
0,0.7011218725718728,0
1,0.7504849278172808,1
0,0.9204369796869796,0
1,0.888317293817294,1
1,0.803127713952714,1
1,0.8230772408147405,1
1,0.876072064047064,1
0,0.9228156815406815,0
1,0.9653647186147187,1
1,0.8243712301587303,1
0,0.8626352064602065,0
0,0.6312638250638253,0
0,0.9015355519480518,0
1,0.7964854034854034,1
0,0.9503449633699633,0
1,0.9226613275613276,1
0,0.6515080364080367,0
0,0.7993202672327673,0
0,0.7532919168250051,0
1,0.8493809708265588,1
1,0.9024086288711288,1
0,0.8621620018870022,0
0,0.8831067432567437,0
1,0.8799477494727495,1
1,0.9126579725829722,1
1,0.862868614718615,1
1,0.8752474136974137,1
0,0.788832135919636,0
0,0.8213817599067599,0
1,0.8260311383061382,1
0,0.8719916014541021,0
0,0.7880880989925106,0
1,0.8761497238872235,1
1,0.8948685675435674,1
1,0.7957915480718112,1
0,0.7749000485625489,0
1,0.7533675572793219,1
0,0.7892650562887406,0
0,0.8903068056943056,0
0,0.8738117327117326,0
0,0.9557696858696859,0
1,0.8648795010545013,1
0,0.8394070790320786,0
0,0.7217508047508046,0
1,0.7396113664113666,1
0,0.684743953268953,0
1,0.779178474303474,1
1,0.8856510572760573,1
0,0.8659588661338661,0
0,0.8472572019483785,0
0,0.8764136552989489,0
0,0.841832731157731,0
1,0.8065673261379145,1
1,0.7735161852036846,1
1,0.816412556887557,1
0,0.8169727577977576,0
0,0.8272073842823842,0
0,0.8054646658896654,0
1,0.7578545152559857,1
0,0.7224189678785267,0
0,0.8881246087246081,0
1,0.7839153929403931,1
1,0.8066088300588302,1
1,0.8784283979908978,1
1,0.8398270451770449,1
0,0.9199487692862697,0
0,0.8532973914973918,0
1,0.8211555666555668,1
1,0.8233703509940352,1
0,0.8446649433899434,0
1,0.7522012667887664,1
0,0.8320992507492508,0
1,0.8274309759684761,1
1,0.8020779692529695,1
0,0.918906487956488,0
0,0.8509969752469756,0
1,0.921338721001221,1
1,0.771593123543124,1
1,0.9172863700025463,1
0,0.8580344738594743,0
1,0.803810501998002,1
0,0.8505769480519483,0
0,0.877942732267732,0
1,0.8768987262737264,1
0,0.8408628482628482,0
1,0.8415084443334442,1
0,0.8207056633725747,0
0,0.8725158189033191,0
0,0.8692542632204396,0
0,0.9386119158619158,0
0,0.9014634310134307,0
1,0.8771370102120098,1
0,0.8177615204240206,0
0,0.8466028166278168,0
1,0.9191312770562772,1
0,0.6241882601059073,0
0,0.8034403744947863,0
1,0.7365048992673995,1
0,0.8386539252414252,0
1,0.7529992758875107,1
0,0.7268603461897571,0
0,0.7244365495615497,0
0,0.8104521978021973,0
0,0.9184694666444665,0
0,0.8764510350760353,0
0,0.7516403277278282,0
1,0.8130169395963507,1
1,0.8110361612802401,1
0,0.7923132645132648,0
1,0.7691105727605729,1
0,0.8203094044844045,0
1,0.8632357253857252,1
1,0.9106406482406482,1
1,0.8000541319791317,1
0,0.8947830780330778,0
1,0.7838776695526692,1
0,0.7982977772227772,0
0,0.9465743034743034,0
1,0.8221915279165275,1
0,0.7328503210841449,0
1,0.8983756521256523,1
0,0.9131189171939169,0
1,0.8677289382186438,1
0,0.8316170523920524,0
0,0.9092771284271283,0
0,0.8597914502164503,0
0,0.9387996031746029,0
0,0.8587495143745144,0
0,0.8439555500055498,0
0,0.8306913378288379,0
1,0.8241894878813998,1
0,0.7940354173604173,0
0,0.9028219114219116,0
0,0.9006324009324007,0
0,0.7414344752469754,0
1,0.83632856032856,1
1,0.7684678543678538,1
0,0.8909195082695086,0
0,0.7014412337662342,0
0,0.8947983294483295,0
1,0.8314110972360974,1
0,0.7868959193584194,0
1,0.9093427378177376,1
1,0.7725975330225331,1
0,0.79759681984682,0
1,0.827841655566655,1
1,0.8963484265734265,1
0,0.7527261401180521,0
1,0.8021705294705294,1
1,0.6303602217227221,1
1,0.8806421855921855,1
0,0.8807346819846819,0
0,0.8799442066705224,0
0,0.820252432289932,0
0,0.8904316267066268,0
1,0.8551673340548337,1
1,0.7834467818129586,1
1,0.8107741389329619,1
1,0.7848977314352314,1
0,0.8920306499056498,0
0,0.8648702214452212,0
0,0.8564259859421622,0
1,0.7714134048957579,1
1,0.8179596015096008,1
0,0.8674368779912901,0
1,0.8567676157176156,1
0,0.8195479173604172,0
1,0.7670727300477301,1
0,0.7646302627927626,0
1,0.7289582473082473,1
0,0.9722454156954159,0
0,0.9858968253968253,0
0,0.7337601148851153,0
1,0.8733214424464428,1
1,0.7252837537462539,1
1,0.8025673298923293,1
1,0.8754406149406145,1
1,0.8405381662455191,1
1,0.8494121725496725,1
1,0.7771473304473301,1
0,0.8409865551115545,0
1,0.8474602730602735,1
0,0.8500099150849156,0
1,0.7556589244089249,1
1,0.7270422619047611,1
1,0.8672597125097123,1
1,0.7633131202131204,1
1,0.7298979242979243,1
0,0.8260552947052945,0
1,0.8687681041181042,1
0,0.8651276612276606,0
0,0.8947883116883119,0
1,0.8454856143856148,1
1,0.7004906926406927,1
0,0.8931161227661224,0
0,0.7078648865023861,0
0,0.9752194444444445,0
1,0.7480095349095346,1
0,0.8556817210567212,0
0,0.8290447913197913,0
0,0.9229929209679211,0
0,0.9005348318348317,0
1,0.9076566877566878,1
1,0.8268587634587635,1
0,0.8375313311688306,0
1,0.8098053751803752,1
1,0.8521924214674218,1
0,0.9114872766122765,0
0,0.7272583777333779,0
1,0.8310927100677102,1
0,0.7732236281262593,0
0,0.8843190809190807,0
0,0.92913383005883,0
1,0.8673651695526688,1
0,0.6410055749805752,0
1,0.7639805963644195,1
0,0.7320068514818519,0
0,0.914903185703186,0
0,0.8540754051504055,0
1,0.9280268287268287,1
1,0.8391821479990595,1
0,0.9676740981240982,0
0,0.8025293192918198,0
1,0.7967797286047287,1
1,0.7161227804874862,1
0,0.8982016816516817,0
0,0.7984948384948384,0
0,0.7483520500741093,0
1,0.9215717504717502,1
1,0.8192646691758534,1
0,0.7989782800532798,0
1,0.6493737817737818,1
1,0.7510954878454879,1
1,0.9011834387834384,1
0,0.7875384199134201,0
1,0.8498847513597512,1
0,0.9187918470418467,0
1,0.7543104395604391,1
1,0.79629103592486,1
0,0.9608907647907647,0
1,0.9276529415029416,1
0,0.849542432567433,0
0,0.8996851898101899,0
0,0.9499252442002438,0
0,0.6765432151182157,0
0,0.9041944444444446,0
0,0.8649239898989894,0
1,0.8396174256299256,1
0,0.8842432761682761,0
1,0.8035602702852706,1
1,0.8508234293484292,1
1,0.7871051309801301,1
1,0.7259139541014539,1
1,0.8268483682983679,1
0,0.8603437820349582,0
0,0.8042628787878786,0
0,0.8432661754911759,0
0,0.9248817460317459,0
1,0.885841375291376,1
0,0.7020423881673883,0
0,0.7194846681096684,0
0,0.8486216977466975,0
1,0.6433085470085472,1
1,0.7294754153740995,1
0,0.7843195693195696,0
1,0.82932708957709,1
0,0.7866017722473604,0
1,0.9319325757575755,1
1,0.7696325022200016,1
0,0.7858048701298703,0
1,0.5416616033089716,1
1,0.7068575119325119,1
1,0.8079427267177262,1
0,0.8674698662448667,0
0,0.8263482711732716,0
1,0.7038993256743251,1
0,0.8295816156066156,0
0,0.721878013653014,0
1,0.816463261738262,1
1,0.7805751595626592,1
1,0.8018082764457768,1
0,0.7653928460428459,0
1,0.8562730713730716,1
0,0.8887895576645579,0
1,0.7985442046515575,1
0,0.6725881296807771,0
0,0.5383502386502387,0
1,0.7326124875124875,1
1,0.8933170634920637,1
0,0.7975084637584633,0
0,0.8624706709956713,0
0,0.77838354978355,0
0,0.7941003135753136,0
1,0.8772212884337883,1
0,0.7631949189699188,0
0,0.9766920634920634,0
1,0.8564669760794761,1
1,0.854178368853369,1
1,0.8569140637140636,1
0,0.9283637418137416,0
0,0.8951898656898656,0
0,0.9438433927183927,0
0,0.7126634231996076,0
0,0.8907382034632035,0
0,0.7350572566322569,0
0,0.9673573981573981,0
0,0.7715317821067821,0
1,0.7576071553446553,1
1,0.8318439477189477,1
1,0.7334725177600181,1
0,0.8102368534243535,0
0,0.9165943875568877,0
0,0.941544977081742,0
1,0.8670059967809969,1
1,0.7442942266067271,1
0,0.8708321511821513,0
1,0.8006481229297021,1
0,0.9450314907314906,0
1,0.7178858155733155,1
0,0.7171855727605728,0
0,0.8798172605172607,0
0,0.8275537470699236,0
1,0.8042072774447774,1
1,0.7855035187035184,1
1,0.8845951936951937,1
0,0.9592265817515817,0
0,0.8032748432123438,0
1,0.7264362540237537,1
1,0.823535649073149,1
1,0.8434875416250412,1
0,0.7564102730602731,0
1,0.7974029637029636,1
0,0.8504846292596292,0
1,0.7726070152070147,1
1,0.6749723415473415,1
0,0.8945012626262626,0
0,0.8074466569206501,0
0,0.8762465118215115,0
0,0.9694673701298704,0
1,0.8077638662807782,1
0,0.8552709235209232,0
0,0.9106355200355197,0
1,0.8693098124098129,1
1,0.8890041533629768,1
1,0.7044249056499057,1
0,0.7154798895548898,0
1,0.8210273496927905,1
0,0.8812601662226661,0
0,0.8783350760350762,0
0,0.8605548340548337,0
1,0.8015064130314129,1
1,0.8699534881784877,1
0,0.8214148976023976,0
1,0.7283071456321456,1
0,0.6960266039516035,0
0,0.7706989080364082,0
1,0.7507651434822487,1
1,0.7929744422244424,1
0,0.8077943958818959,0
1,0.8518143217893219,1
0,0.8271788433788434,0
1,0.9735618076368077,1
0,0.9216909729159729,0
0,0.9086204906204906,0
1,0.8189010739260739,1
0,0.8818431568431568,0
1,0.7159580909286792,1
0,0.7694640290265288,0
1,0.7683325618825619,1
0,0.8523306055056052,0
1,0.7407945374070369,1
0,0.9446911976911977,0
1,0.7563817377067373,1
0,0.853644178044178,0
0,0.8714289460539463,0
0,0.9764821428571429,0
1,0.7908497627372625,1
1,0.6793165848040843,1
1,0.7154969439057676,1
0,0.7924721209346206,0
1,0.802372319347319,1
0,0.9703858363858365,0
0,0.6134855255855258,0
1,0.7486148878898884,1
0,0.7615633977133971,0
0,0.804684657009657,0
0,0.782882638195138,0
0,0.8362942890442894,0
1,0.7706762987012991,1
1,0.7758335297055892,1
1,0.7324657092907092,1
1,0.803191730491731,1
1,0.8932516705516703,1
1,0.9032720099345096,1
1,0.8680535103785102,1
0,0.8719383671883676,0
0,0.8768465645465643,0
1,0.9580478715728716,1
0,0.8441744602619601,0
1,0.8696442526427818,1
1,0.9245234626484631,1
0,0.9121079975579972,0
0,0.8594914418914418,0
0,0.8412475718725718,0
1,0.679901862026862,1
1,0.7936025974025975,1
0,0.8155374389499391,0
1,0.807650455100455,1
1,0.8653846042846041,1
1,0.8132252442002444,1
1,0.8749725968475969,1
1,0.740304929384341,1
1,0.7361338744588747,1
1,0.8683184065934068,1
0,0.8039836926961926,0
1,0.8720239316239312,1
0,0.7256725080475079,0
0,0.8224048840048841,0
0,0.867043573093573,0
1,0.7154951492951497,1
0,0.8199139130477363,0
1,0.7775099650349647,1
1,0.7520044538794537,1
1,0.7264546564546569,1
0,0.7986331918081924,0
0,0.941596628371628,0
1,0.8509273878898885,1
0,0.7508074203574197,0
0,0.839181006493506,0
0,0.8560754051504054,0
1,0.8492904262404259,1
0,0.8946460425195726,0
0,0.9561981240981241,0
0,0.8337801309801312,0
1,0.805319394494394,1
1,0.7940462759462754,1
0,0.849221523492846,0
0,0.7233943611943616,0
0,0.9328569957819958,0
1,0.7684900516150517,1
1,0.7307849622599626,1
0,0.9228265387390387,0
0,0.9014089355089359,0
0,0.8616496808746809,0
1,0.7067041985791986,1
1,0.7545057512748681,1
1,0.8594380036630036,1
0,0.8925066461316459,0
1,0.5737296869796874,1
0,0.9411496697746699,0
0,0.8328580433455431,0
0,0.8856407647907645,0
0,0.610090469252969,0
1,0.7963765540015535,1
1,0.8516944583194583,1
1,0.8125129259629256,1
1,0.8170248196248192,1
0,0.8436280636030639,0
1,0.8349840964590963,1
0,0.8058334554334557,0
0,0.7282627178377176,0
1,0.9290569791319792,1
1,0.6603159562659566,1
1,0.8387448884448884,1
0,0.7694757603507599,0
0,0.8802972055722053,0
0,0.9476133727383727,0
1,0.859980566492331,1
1,0.7924324774082118,1
1,0.8872864898989898,1
1,0.6655265947502785,1
1,0.7874747086247085,1
1,0.8435955155955153,1
0,0.8765828282828287,0
0,0.8717107364857358,0
1,0.8043433982683981,1
0,0.7551137570762572,0
0,0.8104627317127318,0
0,0.847152059052059,0
1,0.8717745032745033,1
1,0.8285792374292374,1
0,0.7483793428793426,0
1,0.7970153873903872,1
1,0.7346616647241649,1
1,0.8409616050616054,1
1,0.8953026334776334,1
0,0.5864746142746146,0
0,0.9040322344322345,0
0,0.8526228465978468,0
0,0.9149848845598844,0
0,0.773924895284454,0
1,0.8081640352294768,1
0,0.6855513805638801,0
0,0.742706091131091,0
0,0.9398787712287712,0
0,0.8288761821511822,0
1,0.8453999417249415,1
1,0.8879078643578645,1
1,0.8225837010212013,1
0,0.8194692002442,0
0,0.8918001665001661,0
0,0.7335464452214451,0
0,0.7855937577944933,0
0,0.8246456089661973,0
0,0.8860878538128533,0
0,0.7484666833166841,0
0,0.8951672809216925,0
0,0.9738781746031747,0
0,0.7415862230906345,0
1,0.7911290390165385,1
0,0.7507222499722497,0
1,0.7851505702630699,1
0,0.7472134088134086,0
1,0.8067926767676771,1
0,0.5543298590298591,0
0,0.8512351426351428,0
1,0.863286743811744,1
1,0.822797885447885,1
1,0.7907214807852964,1
1,0.6610334443334444,1
1,0.7499396201021203,1
1,0.8855261682761687,1
1,0.7819207653457656,1
1,0.7665968697968698,1
0,0.9293743756243754,0
1,0.8158348595848596,1
1,0.8390325036075034,1
1,0.8972138999888998,1
1,0.7179223009017128,1
1,0.8619130092130091,1
0,0.8830890470640473,0
1,0.8119329254079254,1
0,0.6951478951603949,0
0,0.8074414169164172,0
1,0.7976684371184373,1
0,0.8901572635697635,0
1,0.6619373501498499,1
1,0.859117562992563,1
1,0.8580701076701082,1
0,0.9593277417027419,0
1,0.8153867660117662,1
1,0.7916934704184703,1
0,0.8157283688533689,0
0,0.7764895077145073,0
0,0.8034162944082062,0
0,0.8759049062049062,0
0,0.8939204129204128,0
0,0.8390328312210662,0
0,0.760312391366803,0
0,0.8105034072953186,0
0,0.8840008186258188,0
1,0.7977627899877902,1
1,0.8984566766566762,1
1,0.831003785103785,1
1,0.8185408785658782,1
1,0.829166534854035,1
1,0.8333522866022868,1
0,0.9021193112443113,0
0,0.6807232933732932,0
1,0.8120635059385058,1
1,0.837634568209568,1
0,0.844413192363192,0
1,0.8492807692307689,1
1,0.86752586996337,1
1,0.8779651473526472,1
1,0.7756704156954154,1
0,0.8040517510267505,0
1,0.7911813131313132,1
0,0.8359389388389387,0
0,0.774963986013986,0
1,0.8057911033411034,1
1,0.8685441752691752,1
1,0.8806326479076477,1
0,0.8152096625596624,0
0,0.791898279498279,0
0,0.8486741452991453,0
1,0.8371409229659226,1
0,0.9065786768786765,0
0,0.7662416305916303,0
0,0.9433062298812298,0
0,0.8867829503829506,0
1,0.8245826298701301,1
1,0.8041689602064602,1
1,0.7125058589071745,1
1,0.837059124209124,1
0,0.6699297341547339,0
0,0.7096506604506608,0
0,0.8519741896991906,0
0,0.7244647949272948,0
0,0.7319250943500946,0
0,0.7106494325119329,0
0,0.7896028241366476,0
0,0.7877349354893477,0
1,0.8463254689754692,1
1,0.7887134088134092,1
1,0.738832212232212,1
0,0.8964380119880119,0
1,0.9324782106782108,1
1,0.8582572344322345,1
1,0.8848691669441665,1
0,0.7943482600732601,0
0,0.8304777656983537,0
1,0.8332071123321125,1
1,0.8497312659562657,1
0,0.866341294816295,0
0,0.6808879037629038,0
0,0.6327345321345318,0
1,0.591490513244925,1
1,0.8504237151737155,1
1,0.8502116373822257,1
0,0.8249244838494836,0
0,0.6805054308436661,0
0,0.7463633005883005,0
0,0.901519227994228,0
0,0.7542360902985905,0
0,0.8528121313327198,0
0,0.8017938526342943,0
0,0.8248284326784325,0
0,0.7131141663891665,0
1,0.7993747877122874,1
0,0.8589060578310577,0
0,0.7945947829947826,0
1,0.8045397158397157,1
0,0.840556573981574,0
1,0.8842418567543567,1
0,0.6103496919746921,0
1,0.7626711316461317,1
0,0.8532322177822178,0
1,0.8367235014985013,1
0,0.944662579087579,0
1,0.8759885114885115,1
0,0.9201128787878788,0
1,0.7603329254079255,1
0,0.8368341686091686,0
0,0.938522691197691,0
1,0.838897483072483,1
1,0.8201542069042069,1
1,0.7277266244161747,1
0,0.9155797979797978,0
0,0.7891944357929648,0
0,0.8531536255411262,0
1,0.8340483793983794,1
1,0.8798645604395605,1
0,0.8838405594405594,0
0,0.7757146103896104,0
1,0.8973215617715616,1
0,0.8737370324120325,0
0,0.9347453740703745,0
0,0.883089973914974,0
0,0.8082641858141855,0
1,0.8325419885669887,1
0,0.9639348734598735,0
0,0.8674799062049061,0
0,0.7874614801864805,0
1,0.7341369352869356,1
0,0.7620331418581419,0
1,0.7988890470640468,1
1,0.666406299256299,1
1,0.9207343795093798,1
1,0.7432975302475304,1
0,0.8349059246309245,0
1,0.5931126984126982,1
1,0.7690737365575596,1
0,0.9285251137751137,0
0,0.5955930620033566,0
1,0.7540772116772116,1
1,0.6237391053391055,1
1,0.8596729891024013,1
1,0.8671964646464644,1
0,0.9372332944832946,0
0,0.8314465576090574,0
0,0.9091603535353534,0
1,0.7579395202020204,1
1,0.7457902815321938,1
1,0.6760115204240206,1
1,0.7127865245865249,1
1,0.8014877899877897,1
1,0.8422424242424241,1
0,0.8352759443772598,0
1,0.7704421606171609,1
0,0.937714035964036,0
1,0.8502964119214121,1
0,0.7218074564324564,0
0,0.7887273171273174,0
1,0.7966110472860473,1
0,0.8493198162948163,0
1,0.9125437376950538,1
0,0.7767921675546675,0
0,0.7940442418692417,0
1,0.7251385919635925,1
0,0.8498891476170891,0
1,0.8167967060717064,1
1,0.7856788711288715,1
1,0.7952542415917416,1
1,0.7559056037100153,1
1,0.7289977189477188,1
0,0.7014765429015425,0
1,0.811273078310578,1
0,0.9259018176268172,0
1,0.7893652874902873,1
0,0.8268050893550895,0
1,0.9431978637590483,1
0,0.8577809884559885,0
0,0.7674858946608943,0
0,0.8446886446886448,0
0,0.8873270229770228,0
0,0.7108822135380961,0
1,0.8068603027089869,1
0,0.9097055694305692,0
0,0.94372398989899,0
0,0.8488791680541681,0
0,0.6980340696884816,0
1,0.7491289973914979,1
0,0.8703377955377953,0
1,0.8537689629814627,1
1,0.7847480991230987,1
1,0.9299295704295703,1
0,0.6716663752913753,0
0,0.8511726162726162,0
0,0.9094371323121321,0
0,0.7915748556998556,0
1,0.8283020257520255,1
1,0.7249432155263035,1
1,0.8564379046392206,1
1,0.8051256503300622,1
0,0.8624202491952488,0
1,0.8120726911976913,1
1,0.8282755577755578,1
1,0.7726246919746925,1
0,0.6909309398934395,0
1,0.8688530580530585,1
0,0.7727444107363224,0
0,0.8482109304094602,0
0,0.8511971455015572,0
1,0.7477621248033011,1
1,0.6888716501635622,1
1,0.8321360417360413,1
0,0.8093796370296371,0
0,0.6263835622710627,0
1,0.781956268731269,1
1,0.872101728826729,1
0,0.8904234126984125,0
0,0.8893040404040404,0
0,0.828905658230658,0
0,0.9076560828060831,0
0,0.8198635489510491,0
1,0.7278301698301697,1
0,0.9424271284271282,0
0,0.7456720717191302,0
1,0.6942123099123101,1
1,0.8838181346431344,1
1,0.822077043789544,1
1,0.8811682022226138,1
1,0.8350165889665894,1
1,0.8095835927960927,1
1,0.8398951762289999,1
1,0.9406349567099567,1
0,0.9190591519591522,0
1,0.8031656565656566,1
0,0.9433512626262627,0
0,0.9064104007104008,0
0,0.8328342407592407,0
1,0.879689303751804,1
0,0.8594193820068821,0
0,0.8107857384445625,0
1,0.919248678119266,1
1,0.8466682720057721,1
0,0.9446426129426129,0
0,0.7869512570762566,0
1,0.7314853754905223,1
0,0.7992435592185586,0
0,0.821416702741703,0
1,0.7390586510711508,1
0,0.8561519105894109,0
0,0.7888763181263188,0
0,0.8463035242535242,0
0,0.7795546411921411,0
0,0.9191732572982572,0
0,0.8049762792762791,0
0,0.8745183524808521,0
0,0.9387816933066931,0
1,0.6979369033744031,1
0,0.855505164280164,0
1,0.7966071595071603,1
0,0.8377250305250307,0
0,0.8465728674103677,0
0,0.9069227680815913,0
0,0.7902594752469755,0
1,0.8208672383172378,1
1,0.8440699356199362,1
0,0.6058087953712951,0
0,0.7507847402597403,0
1,0.8876754495504496,1
0,0.8029588161838158,0
0,0.8399015359640362,0
0,0.8698778860028858,0
1,0.8256182040182044,1
0,0.8002263653013646,0
1,0.6986781718281718,1
1,0.8199901653901652,1
1,0.8056970196470197,1
1,0.8089779817404817,1
1,0.8441875513375513,1
1,0.832584346209346,1
1,0.8006482059607058,1
1,0.9023926295926298,1
1,0.8002675407925404,1
1,0.7680749403374401,1
0,0.7947129786879785,0
0,0.9407443001443,0
0,0.7981155465449583,0
0,0.8115599428349429,0
0,0.836917737817738,0
1,0.6952874098124097,1
0,0.7489860056610058,0
1,0.8423325785325784,1
0,0.8515770160395161,0
1,0.7691850760350758,1
1,0.9032021894771894,1
1,0.8791871212121206,1
0,0.7665059440559439,0
0,0.7246172244422239,0
1,0.8146886002885998,1
0,0.7992383602508601,0
0,0.6990410450660451,0
0,0.8002713758463755,0
1,0.8337398851148846,1
1,0.7737274836274833,1
0,0.8575425074925072,0
1,0.8677411976911977,1
1,0.792435635606224,1
0,0.7754000998829168,0
1,0.7823754301254301,1
1,0.9136973332223333,1
1,0.7345313305158896,1
1,0.7984879176379175,1
1,0.7769766081141076,1
0,0.9544120157620158,0
1,0.8567040105319517,1
0,0.90235897990898,0
1,0.817737961161645,1
0,0.6921698065823062,0
1,0.8167239149739154,1
0,0.7667051864801863,0
1,0.7994054020540862,1
0,0.8377205239205241,0
0,0.8541407578532579,0
1,0.7897216588966586,1
0,0.8787292346542347,0
1,0.8436096278721283,1
0,0.9669454365079364,0
1,0.8332122322122322,1
1,0.8012619436119439,1
1,0.7996215756465752,1
1,0.8224442488067486,1
0,0.8856384421134423,0
1,0.7866278776778775,1
0,0.7765302586302586,0
0,0.8217015762015759,0
0,0.7647717560217561,0
1,0.8652247557997554,1
0,0.7312945748695742,0
0,0.8852436877450035,0
1,0.8388784201909201,1
1,0.7479912129537125,1
0,0.651337497224997,0
0,0.7745051282051283,0
1,0.6856144355644351,1
1,0.7878128316128317,1
0,0.8173416028416032,0
1,0.7201384698634699,1
0,0.8637070221445222,0
0,0.7966451373789604,0
0,0.851164338439339,0
1,0.8382581335331338,1
0,0.8687560078810079,0
1,0.8667389332889334,1
1,0.8202685786435783,1
1,0.8689335608835609,1
1,0.8075334804084798,1
1,0.8273068750693746,1
0,0.8031343462093462,0
1,0.815476767676768,1
1,0.7753373307248306,1
0,0.8904128343878341,0
1,0.8783200410700411,1
0,0.8521165029415028,0
1,0.8026547799422794,1
1,0.8659867243867245,1
0,0.8142212870462874,0
1,0.8518187923187921,1
1,0.7391530081030079,1
0,0.8996053141303141,0
1,0.8668524059274055,1
0,0.7444045343545339,0
0,0.7864481400178764,0
0,0.9539321428571427,0
1,0.6844125171612014,1
1,0.7997152791652793,1
0,0.8027285964035963,0
1,0.8652845709845708,1
1,0.9495630952380952,1
0,0.7834125874125875,0
0,0.8742227022977023,0
1,0.8988516955266959,1
0,0.8435328407703409,0
1,0.8303268412143412,1
1,0.7809161865911867,1
1,0.7368970904095905,1
0,0.827078928016428,0
0,0.836987928737929,0
0,0.6651257617382617,0
1,0.6746277816954289,1
1,0.8206017454767454,1
0,0.9476883005883008,0
0,0.7665872446997445,0
0,0.87660346042846,0
1,0.7584507048507042,1
1,0.7663723346098347,1
0,0.9178852342102346,0
0,0.8628052059052058,0
1,0.7900481851481851,1
0,0.8850861471861475,0
1,0.8251721278721276,1
0,0.8727465839715844,0
0,0.7359485958485957,0
0,0.7560263653013651,0
0,0.8242981240981241,0
1,0.7687837814962815,1
0,0.7837728354978358,0
0,0.922387445887446,0
0,0.7451490662115663,0
1,0.7964409263938673,1
1,0.8325526223776225,1
0,0.9228612665112667,0
1,0.6473240481740485,1
0,0.7771136585636588,0
1,0.6904303696303697,1
0,0.7955337828837826,0
1,0.8319850246975248,1
0,0.8996389860139857,0
1,0.8002134218722452,1
0,0.7730073482073475,0
0,0.8728949716949715,0
1,0.8267656296318062,1
0,0.731247136197136,0
1,0.7207686951936949,1
1,0.8385324259074255,1
1,0.8069711233211234,1
0,0.9306872377622379,0
0,0.7736102411477409,0
1,0.8225727139690374,1
1,0.6479140526140524,1
0,0.9647776695526695,0
0,0.8885628413253412,0
0,0.8782719849594851,0
0,0.7809651723276719,0
0,0.8889476162726162,0
0,0.734509555722056,0
1,0.6887030770699889,1
1,0.801057120657121,1
0,0.7673293206793208,0
1,0.6997628454878455,1
1,0.788256823731824,1
1,0.8267602605727601,1
1,0.879859552947053,1
0,0.9081315351315349,0
1,0.8070601276174802,1
1,0.8654853507603508,1
0,0.8044789950245829,0
1,0.8107601121101123,1
0,0.7557117394860037,0
1,0.867463888888889,1
0,0.8727303307803307,0
1,0.8109642773892773,1
1,0.8111741813741806,1
0,0.9143432714945872,0
1,0.924599789099789,1
0,0.9043814935064937,0
1,0.8812584405790285,1
1,0.8530882964257963,1
1,0.8267198264154146,1
0,0.8380608863358864,0
0,0.7963326895326893,0
0,0.880981746031746,0
1,0.8198822483072479,1
1,0.7646582858318147,1
1,0.8954014097014097,1
1,0.8395362856914329,1
0,0.7996722971472974,0
1,0.7471476134976133,1
0,0.8662709526584523,0
0,0.707122046009546,0
1,0.8434960206460208,1
0,0.8391585872460875,0
1,0.7122023587523586,1
0,0.8571885114885112,0
0,0.7848395881895888,0
1,0.8318880119880123,1
1,0.8358432456432455,1
1,0.7969096708846709,1
1,0.9003313995644879,1
0,0.9142818542568545,0
1,0.736872263847264,1
0,0.814917013542013,0
1,0.8277313131313129,1
0,0.6712348124098125,0
1,0.7977477994227993,1
0,0.9076310495060494,0
1,0.8899798826173824,1
0,0.8259199499846562,0
1,0.9630916666666666,1
1,0.8933774753024755,1
1,0.7652181096681099,1
0,0.8770789644995527,0
0,0.8257426406926405,0
0,0.8887093795093796,0
1,0.9235556637806639,1
1,0.7980109557109556,1
1,0.8629159756909757,1
0,0.8906556762681761,0
1,0.9130387695637694,1
1,0.8771320290820293,1
0,0.9372698176823174,0
1,0.7938515928515927,1
1,0.8639974197371255,1
1,0.801880627542392,1
1,0.8395237595737598,1
1,0.816700976800977,1
1,0.7905111610611617,1
0,0.876756829281829,0
1,0.8716081363081363,1
1,0.8256411945081064,1
0,0.7302420246420244,0
0,0.7454702006327005,0
0,0.7847977799977803,0
1,0.7593303848928852,1
1,0.7179552925316856,1
1,0.7574087939837943,1
1,0.6867775141525141,1
0,0.8211257141551256,0
0,0.7808690961815958,0
1,0.7467130758130763,1
0,0.8499297230547236,0
0,0.911893276168276,0
1,0.8604986541236537,1
1,0.6758306277056273,1
0,0.8238006549006547,0
1,0.7978076728826731,1
0,0.8704093378843376,0
1,0.8896063159063158,1
0,0.8415089382839381,0
0,0.8786574925074924,0
1,0.9435856421356427,1
0,0.6558099012099018,0
1,0.9507498556998558,1
1,0.9403492604617607,1
0,0.8873570693195691,0
1,0.8133417249417249,1
1,0.7949673285048284,1
1,0.716480429292929,1
1,0.7478629148629147,1
1,0.7061537656787658,1
1,0.7016462676212677,1
0,0.8952549589299592,0
0,0.930391353091353,0
0,0.86785865939616,0
0,0.8829097791097791,0
0,0.7723996220884383,0
1,0.908587806637807,1
1,0.7212028633947758,1
0,0.8758619630369633,0
0,0.8069461205461205,0
1,0.7783028596403595,1
0,0.8331305139305141,0
1,0.8034995050700932,1
1,0.853278694916195,1
1,0.8712964896214902,1
0,0.8863385170385167,0
1,0.8130870851370844,1
1,0.8764209595959597,1
1,0.7220766122766124,1
0,0.9026886779886779,0
0,0.8843960636585642,0
1,0.8422269841269837,1
1,0.6821810944172791,1
1,0.8797832861582863,1
0,0.8107691128316121,0
0,0.6829141192141192,0
1,0.7529156926406926,1
0,0.8479117216117215,0
0,0.9563066239316239,0
1,0.7504176434676436,1
1,0.7171594072594077,1
0,0.8106419629390216,0
0,0.8360802447552447,0
0,0.8137631447800566,0
1,0.8474023434898432,1
1,0.8288980380730377,1
0,0.6281357864357865,0
0,0.7779301420801422,0
0,0.9071056637806639,0
0,0.733932994782995,0
1,0.8204871656121657,1
0,0.8233457264957259,0
1,0.7923210567210566,1
0,0.8543353485566719,0
0,0.7534266552891553,0
0,0.9181183778639659,0
1,0.7229535020535017,1
1,0.8338281478325592,1
0,0.7485179276605751,0
1,0.8194117854367858,1
1,0.7681911727161728,1
0,0.8902888833388832,0
0,0.7670915306915311,0
1,0.7792490342990345,1
0,0.954428982128982,0
0,0.6792494477744476,0
1,0.8319410436785434,1
0,0.9367535714285715,0
0,0.9244654401154402,0
0,0.7067704226329223,0
0,0.7253671522921523,0
1,0.7672340478965478,1
0,0.6802799173049178,0
0,0.8920246891996888,0
1,0.8509377317127317,1
0,0.9690309523809523,0
0,0.913208957708958,0
0,0.7987787296037295,0
1,0.8670301619433195,1
1,0.7958917082917082,1
1,0.8767867188367181,1
1,0.6437878676878679,1
0,0.8573730047730052,0
1,0.8924595321345322,1
1,0.9474489316239321,1
0,0.7917770288534994,0
1,0.8112499639249636,1
1,0.6664364246864248,1
0,0.6416976063410275,0
0,0.7833282356532356,0
0,0.9151973193473191,0
1,0.7191323723661959,1
1,0.803096454525867,1
1,0.7448768856143856,1
0,0.8794667693417693,0
0,0.8721383949383945,0
1,0.7931145881895877,1
1,0.8942270923520922,1
0,0.8047620532245531,0
1,0.83507006049506,1
0,0.6998881064197243,0
0,0.9195029109779108,0
1,0.9566349345099345,1
1,0.8146229984068218,1
0,0.7328233807858806,0
1,0.842141339216339,1
1,0.7439352790183679,1
0,0.8669938894438892,0
0,0.8952958569208571,0
0,0.8539834235209238,0
0,0.8084998751248756,0
1,0.7891191197691196,1
0,0.8883641330891333,0
1,0.8293294129846762,1
1,0.756201968864469,1
0,0.8790159188034187,0
0,0.7671751734376736,0
0,0.8558728909978911,0
1,0.7808926268176267,1
1,0.7420566794316791,1
0,0.9344779970029973,0
0,0.8235097152847157,0
0,0.8068188159063161,0
1,0.8500555014430012,1
1,0.8213202380952379,1
1,0.7820594100344102,1
0,0.9475558580308577,0
0,0.8504432595182595,0
0,0.6836132048507045,0
1,0.6736400210900209,1
0,0.7277240287490288,0
0,0.8245842983813574,0
0,0.9238300754800755,0
0,0.8665964230214229,0
0,0.7662010420135422,0
0,0.8128201215451221,0
0,0.9424802308802309,0
0,0.9519909701409701,0
0,0.8625278915528916,0
0,0.9263228493728493,0
1,0.8131270562770564,1
0,0.9512622655122657,0
0,0.9027426609939769,0
1,0.8520083287627404,1
1,0.7909777491514336,1
0,0.8710345265845262,0
0,0.8479801890919536,0
0,0.8376981546231549,0
1,0.8194645271395273,1
0,0.796887207237207,0
1,0.7924036630036634,1
1,0.6481458125208123,1
1,0.8426525002775004,1
1,0.7287173035298035,1
1,0.6950786213786215,1
0,0.6816044300470769,0
0,0.6505850316350317,0
0,0.8669317571317573,0
1,0.8695067446442446,1
0,0.9167247433122432,0
0,0.7949806998557,0
0,0.7989530192030192,0
1,0.8340003010878013,1
1,0.6678746392496397,1
0,0.8265865218115218,0
0,0.655515945165945,0
1,0.7099036519036516,1
0,0.8644503385503388,0
1,0.8194656177156172,1
1,0.8224269999608234,1
0,0.8703122349872353,0
1,0.7283033300033299,1
0,0.8420903346653345,0
1,0.7729538184038183,1
1,0.8934191364191362,1
0,0.7755058996558999,0
1,0.8194646325896321,1
1,0.8136095904095905,1
0,0.7676818736818737,0
0,0.8771520202020204,0
0,0.881452985902986,0
0,0.795443303918304,0
1,0.7785101148851152,1
1,0.8258129564879567,1
1,0.7956341602841605,1
1,0.8944005855255855,1
0,0.8463406829281829,0
0,0.884236544011544,0
1,0.8826164538076307,1
1,0.800329215229215,1
1,0.8379954739704739,1
1,0.6872297365216484,1
1,0.775837382062382,1
1,0.7620828228960582,1
1,0.8536854516398641,1
1,0.9261359695859694,1
0,0.7978899600399597,0
0,0.8727616272616272,0
0,0.7674062215562207,0
0,0.8941888389388389,0
0,0.7927395854145852,0
0,0.8900567979406211,0
1,0.8364750263625265,1
0,0.8499886974136972,0
1,0.9333262626262626,1
0,0.9230635808635806,0
1,0.8447006465756468,1
1,0.7972872988122991,1
0,0.8008181661475781,0
1,0.8864394341769338,1
1,0.8685098637473638,1
0,0.7979404115492356,0
1,0.6674283089459566,1
1,0.6802916625041625,1
0,0.8553942696192695,0
1,0.89431948051948,1
0,0.9057893180349061,0
1,0.8361450854700853,1
0,0.8618696137196137,0
0,0.7567029720279718,0
0,0.8139586524586522,0
1,0.8238906121656114,1
1,0.7851209845709844,1
0,0.8492750860250861,0
1,0.9190412004662002,1
1,0.7783375985125986,1
1,0.7856353188478193,1
0,0.8423833014208015,0
1,0.8304512140637139,1
1,0.7393846528471534,1
0,0.9650986180486181,0
1,0.8957932720057723,1
1,0.8556108932733931,1
1,0.7754408091908094,1
1,0.8696910395160391,1
0,0.8819048229548226,0
1,0.8339677211677212,1
1,0.804234714305303,1
1,0.7342046744921747,1
0,0.7378657203907204,0
0,0.9037879648129646,0
1,0.8015319402819402,1
1,0.8650861471861467,1
1,0.7100062794661481,1
1,0.7733562548562547,1
1,0.8037740749446629,1
1,0.8843850038850037,1
0,0.8240818385862505,0
0,0.8499181776556779,0
0,0.8034088855588856,0
0,0.8482385429929545,0
0,0.7349577977577968,0
1,0.8019981920856919,1
0,0.9136069624819627,0
1,0.7594173937173938,1
1,0.7347233766233765,1
0,0.868476683039183,0
0,0.7420293956043958,0
1,0.9486577200577202,1
0,0.8693246364746363,0
1,0.7014377396296512,1
1,0.8122474553224552,1
1,0.8591569985569985,1
0,0.8693367271617266,0
0,0.6925851287601291,0
0,0.7097776973026975,0
0,0.8404519101813219,0
1,0.881919463869464,1
0,0.9048458097458094,0
1,0.7563643717393715,1
1,0.933580031080031,1
0,0.7342189320483445,0
0,0.9991083333333334,0
1,0.7193640054390054,1
1,0.7318553779553781,1
1,0.8222881646131642,1
1,0.8481006327006323,1
1,0.7698758630258631,1
0,0.7520977952602954,0
1,0.7858813769563772,1
0,0.8784505924630918,0
1,0.8183239427239432,1
1,0.7890347652347653,1
0,0.885108374958375,0
0,0.8442098942723943,0
1,0.8333728216228214,1
1,0.8533859501609503,1
0,0.7561116799866798,0
1,0.8901978715728718,1
0,0.8055859404484405,0
1,0.8037476662226666,1
0,0.872175277500277,0
1,0.6878308386058384,1
1,0.8361478604728609,1
1,0.7638538711288714,1
1,0.8811271603396602,1
0,0.7970684824978946,0
1,0.7516453629703629,1
1,0.906959820734821,1
1,0.8839376012876013,1
1,0.7996434579309583,1
1,0.7702311716061716,1
0,0.9062594433344432,0
0,0.7838682301358768,0
0,0.7312650895887735,0
0,0.765820464257964,0
0,0.7145980370936256,0
0,0.8692784881784883,0
0,0.8627886557886558,0
0,0.8905405150405147,0
0,0.8671499611499611,0
0,0.9517231851481851,0
1,0.8974339382839379,1
0,0.9040170329670327,0
0,0.7723183927183929,0
1,0.821633655641744,1
1,0.839829756354756,1
0,0.936743217893218,0
1,0.8583161283161282,1
1,0.7134098429348433,1
0,0.6579653869822988,0
0,0.9454442918192913,0
0,0.9420137445887445,0
0,0.7574291569541569,0
1,0.7724228063603065,1
0,0.666244134623546,0
0,0.8942504410622057,0
1,0.8551805805305807,1
0,0.9004284760990644,0
1,0.7487243867243866,1
1,0.8577784687534691,1
0,0.8359847333222332,0
1,0.8184876706626701,1
0,0.932638234804411,0
1,0.8648253246753247,1
1,0.7793669400044396,1
1,0.8092364635364636,1
0,0.8083189282939283,0
1,0.9060389249639246,1
0,0.787003690753691,0
1,0.7242583028083026,1
0,0.9580178848928853,0
1,0.7472799700299699,1
0,0.6774523559773559,0
0,0.7762779894941659,0
0,0.8492492757242758,0
1,0.8056047526003406,1
1,0.8867826701076703,1
1,0.790904254079254,1
0,0.8941671245421248,0
1,0.7590252962723552,1
0,0.9915876984126983,0
1,0.8443800865800868,1
0,0.7787201923076926,0
0,0.7289132520257519,0
0,0.9080641885891887,0
1,0.7471830447330444,1
0,0.8529850415923945,0
1,0.6892995393495395,1
1,0.7454698981573985,1
0,0.8816785714285715,0
0,0.8352561993561991,0
0,0.9328547127708897,0
0,0.9105481906981905,0
0,0.8098398199023195,0
1,0.7160425851925851,1
0,0.8628838966588963,0
0,0.6418392995892994,0
0,0.7788272768897767,0
0,0.8491990072019487,0
0,0.9127472943722944,0
0,0.7087197413697417,0
1,0.7851596270559505,1
1,0.9236920079920076,1
1,0.7291979201354202,1
0,0.9374526098901098,0
0,0.9421758658008658,0
0,0.7599506937506941,0
0,0.7151011433011434,0
0,0.7073179598179596,0
0,0.893214710126475,0
1,0.879254154995332,1
1,0.7514123626373629,1
0,0.7439118742368739,0
1,0.8294099456099455,1
0,0.7955151917526913,0
0,0.7884761807636811,0
0,0.8271460997335999,0
0,0.880804245754246,0
1,0.8878570734820734,1
1,0.7336830697080696,1
0,0.7454518634143634,0
0,0.8511555375180376,0
0,0.808744090223502,0
1,0.8226407675657674,1
1,0.7905545759795758,1
1,0.6918482501760362,1
1,0.7803381216006217,1
0,0.8761002531781941,0
1,0.79691556082806,1
0,0.9342060911310911,0
1,0.8649735978074213,1
0,0.7265827935952933,0
0,0.799495350074762,0
1,0.8650648629148627,1
1,0.8764914160401001,1
0,0.7879018217893217,0
1,0.8372793234543234,1
1,0.8171656926406929,1
1,0.7571704011674599,1
1,0.7978061584657177,1
0,0.8102303571428566,0
0,0.7722830568124683,0
1,0.7749119559534028,1
0,0.710540423465424,0
0,0.8249332881171121,0
1,0.785154107004107,1
1,0.8705212148962148,1
1,0.7072533304114185,1
1,0.7937142607392608,1
0,0.8858992378536498,0
0,0.8469002497502498,0
1,0.7857069930069926,1
1,0.7908832112332114,1
0,0.863359532134532,0
0,0.781766139416139,0
0,0.9085866577866577,0
0,0.7518547327672318,0
0,0.8109158424908424,0
1,0.7654032634032637,1
0,0.8504414085914089,0
0,0.890088383838384,0
1,0.6154726037851037,1
0,0.8985415584415585,0
1,0.8751940725940729,1
0,0.8006051184926184,0
0,0.9129043549587671,0
0,0.839068944943945,0
0,0.8632224358974356,0
1,0.8570413891663886,1
1,0.7800503885003882,1
1,0.9244844488844487,1
0,0.8950850055173587,0
1,0.944609776334776,1
0,0.8700824508824505,0
1,0.8874964646464649,1
0,0.9145099206349205,0
0,0.9866104395604396,0
1,0.7775913392163392,1
0,0.8871842629592631,0
1,0.8653180486180484,1
0,0.7681580031080031,0
0,0.8733136353842234,0
0,0.9065299006549006,0
0,0.8136746212121211,0
1,0.8458099123099126,1
0,0.8281900723459547,0
0,0.8079257464757467,0
1,0.9134158619158618,1
0,0.8948524059274054,0
0,0.9221368548118547,0
1,0.9118026445776447,1
0,0.8225418095793099,0
0,0.8635880355755357,0
0,0.8399156857031854,0
0,0.8457283438783436,0
1,0.7706610139860137,1
1,0.8658179126429124,1
1,0.7638724469974476,1
1,0.756068272005772,1
0,0.8749551698301695,0
1,0.7435501998002001,1
0,0.8985660644910645,0
1,0.7708350066600067,1
1,0.9065266761016764,1
0,0.8219469141969141,0
0,0.8575524128649131,0
1,0.7536169663669663,1
1,0.8594856619687502,1
1,0.7656930652680655,1
1,0.7612479215229221,1
1,0.8977495532245535,1
1,0.7746166606785028,1
0,0.9414864579864578,0
1,0.712989763014763,1
0,0.8140951076701071,0
1,0.8036100427350428,1
1,0.7847595039463465,1
0,0.8429146187146189,0
1,0.8809898407148407,1
0,0.8295648684648682,0
1,0.8169191318485437,1
1,0.8881725080475084,1
0,0.8600314145821496,0
1,0.9123092601842602,1
1,0.8572079809079813,1
0,0.7617882839382838,0
0,0.8612353146853138,0
0,0.7116129245754245,0
0,0.8347479529242693,0
1,0.7342095224220222,1
1,0.8364227744477745,1
0,0.8140561115355237,0
1,0.7336045759795767,1
0,0.87429768009768,0
1,0.741715320790321,1
0,0.8463564851814849,0
0,0.8520121693665806,0
1,0.81737823010323,1
1,0.8111242923742925,1
0,0.8178768953268958,0
0,0.9160957819957823,0
0,0.8645610139860139,0
1,0.7984729187479191,1
1,0.9479796176046177,1
0,0.7902213877625646,0
0,0.8232615856365852,0
0,0.7984373099123097,0
1,0.8284099275724275,1
0,0.9456006743256743,0
0,0.7942185231435227,0
1,0.882874296536797,1
1,0.833413691863692,1
0,0.865651412476412,0
1,0.7898521603396607,1
1,0.780302886002886,1
0,0.8171731671106668,0
1,0.785185728160728,1
0,0.9330387251637253,0
1,0.8893346653346651,1
0,0.9234037333581455,0
0,0.9032847541347536,0
0,0.6352214527302763,0
0,0.779988938838939,0
0,0.9477919663669664,0
0,0.8868069444444441,0
0,0.7811029055911405,0
0,0.8506779859029853,0
0,0.7108635003885003,0
1,0.8264042911337026,1
0,0.8238393828393822,0
1,0.8960190143190139,1
1,0.8831833694083694,1
1,0.7741925879675884,1
1,0.5784592324342323,1
0,0.814043684093684,0
1,0.8627342712842709,1
0,0.9234507020757022,0
0,0.748888861138861,0
1,0.7554893883893885,1
1,0.9169822330447333,1
0,0.9460364357864358,0
0,0.7812819666444668,0
1,0.9028883116883112,1
1,0.8282365856365855,1
1,0.8222920523920526,1
0,0.7986434926184921,0
0,0.7027970279720277,0
0,0.8750219752469753,0
1,0.7798065095035679,1
0,0.7995099309187547,0
0,0.7935704351204353,0
1,0.9052182262182269,1
1,0.8517929514929513,1
1,0.7939906662781664,1
0,0.7801887889887889,0
1,0.8878841047841048,1
0,0.6603221278721275,0
0,0.8783555402930403,0
0,0.7699642098097982,0
1,0.9042954184704187,1
1,0.8363264679764677,1
1,0.9222352453102453,1
0,0.8709376345876347,0
0,0.7775970695970693,0
1,0.9157212121212123,1
1,0.8936368187368189,1
0,0.7723708152958146,0
0,0.8826583583083578,0
1,0.7515764403896757,1
0,0.6410894702519706,0
1,0.8200876484626489,1
0,0.8628915945165947,0
0,0.8523175546675551,0
1,0.9099677738927735,1
1,0.8944060653398892,1
1,0.7017409118659114,1
1,0.6650553113553112,1
0,0.8639034507159505,0
1,0.7394038489288489,1
1,0.8300334276834276,1
0,0.9616169552669553,0
1,0.7783602328227333,1
0,0.6323286435786435,0
0,0.9885852019325705,0
0,0.8791365717615718,0
1,0.78684874014874,1
1,0.8134595598845598,1
1,0.8803515678765679,1
1,0.8388498196248199,1
1,0.8687779748029747,1
0,0.937711269286269,0
1,0.8410715270840271,1
0,0.8660036519036517,0
1,0.8369192002442001,1
0,0.8970363997113993,0
0,0.8848632672882678,0
0,0.8777280441780442,0
1,0.8721857864357866,1
1,0.8072730338289162,1
1,0.7752466158841163,1
1,0.8823684491978608,1
0,0.7109741563991564,0
1,0.8661335830835836,1
1,0.7548409758542112,1
1,0.7478311785436782,1
1,0.9133397297147295,1
0,0.7512177960927964,0
1,0.823941405816406,1
1,0.8085780774780775,1
1,0.862229437229437,1
0,0.874811749361749,0
0,0.9170445915195917,0
0,0.80263248973249,0
0,0.8362933927183935,0
1,0.7930130785880781,1
0,0.9468008658008656,0
1,0.8142717171717174,1
1,0.8388543581418578,1
0,0.7868223701135469,0
1,0.8050902125652128,1
0,0.899019993894994,0
1,0.8140173382173382,1
0,0.9362465978465976,0
1,0.8656399766899765,1
1,0.7547413086913087,1
0,0.9176356157731161,0
0,0.8951207708957715,0
0,0.8995733373652491,0
0,0.9520790043290044,0
0,0.7328866883116881,0
1,0.8107525030525032,1
0,0.7603473859473854,0
0,0.5856048286680638,0
0,0.8900374375624376,0
1,0.7184939542483663,1
1,0.8891950188700183,1
0,0.8317371323121322,0
1,0.8257061327561327,1
0,0.8570434824978942,0
0,0.7446615495615501,0
0,0.8258418650793646,0
0,0.7851561258186258,0
1,0.8160604674737029,1
1,0.7874635545010545,1
1,0.8323433469308471,1
1,0.7357758824508825,1
0,0.8281051087801088,0
1,0.5568239454989453,1
1,0.9264035714285715,1
1,0.8002607836607835,1
1,0.8543984293484296,1
1,0.8182021672771674,1
0,0.7492108641358639,0
0,0.8293247141747141,0
0,0.839549245199245,0
1,0.7807251248751251,1
1,0.8041611111111113,1
1,0.7485890540015541,1
0,0.7948310189810192,0
0,0.6669616022866026,0
1,0.7385208632870405,1
1,0.8603411865911864,1
1,0.9031292618329384,1
0,0.7404816766566766,0
0,0.8353173663754543,0
1,0.6795906621156619,1
1,0.8377058140389018,1
0,0.7431373640248636,0
1,0.69081351981352,1
0,0.8002101676101678,0
0,0.8743695596070599,0
1,0.7903879319210204,1
1,0.8257453592159475,1
1,0.8988959096459093,1
0,0.7883851307189546,0
0,0.6784183954933958,0
0,0.8148207056832056,0
1,0.7486952977577975,1
1,0.7941576839826839,1
0,0.862137076812077,0
0,0.797211223906812,0
0,0.9262065823065823,0
0,0.8449270202020203,0
0,0.7919930043812392,0
0,0.7713161685536686,0
0,0.675741065878566,0
0,0.8525372141747143,0
1,0.8295222036133802,1
1,0.8464118677074556,1
1,0.868647777222777,1
1,0.7757229520479522,1
1,0.8893395188145189,1
1,0.8761475427350425,1
1,0.8789022810522806,1
1,0.8906645021645023,1
0,0.8963696248196245,0
0,0.7902381731830261,0
0,0.8603361453905577,0
1,0.9148712842712841,1
0,0.8659056415806412,0
1,0.842731213231213,1
1,0.8206062992562996,1
0,0.9149763764013764,0
0,0.8606334804084802,0
0,0.920580604118104,0
1,0.7849118347338935,1
0,0.9595474941724942,0
0,0.8769526695526695,0
1,0.8452052032934385,1
0,0.9527356199356197,0
0,0.906128538128538,0
0,0.8544556388056389,0
0,0.8195102231102235,0
1,0.917046153846154,1
0,0.9489748945498947,0
0,0.9005737345987341,0
0,0.5928837329337323,0
1,0.8438728955684837,1
0,0.759519497169497,0
0,0.8612640845265848,0
0,0.6917088467088466,0
0,0.8035811882561883,0
0,0.6820765553890555,0
1,0.8109145540733776,1
0,0.9281679861804861,0
1,0.8835349289599291,1
1,0.8392562409812405,1
1,0.8114997030747028,1
0,0.8044996225996222,0
0,0.7989478840603843,0
0,0.9245623043623045,0
1,0.7190562659562659,1
1,0.818740595515596,1
1,0.8133017159311277,1
1,0.8682321234321229,1
0,0.9275482055526172,0
0,0.8458493076368074,0
0,0.7494710816960816,0
1,0.8351737512487505,1
0,0.8936268537018537,0
0,0.7845471986346982,0
1,0.8267528487852019,1
0,0.8677068237318236,0
1,0.8697681679431679,1
0,0.7384335045673276,0
1,0.724658917982602,1
1,0.876126934176934,1
1,0.9269109126984131,1
0,0.8233919580419582,0
1,0.9076565295815298,1
0,0.7411400252525251,0
1,0.896595353257853,1
0,0.8121494033744028,0
1,0.7296711136086134,1
1,0.9316944444444444,1
0,0.8342123876123878,0
1,0.7428512330806444,1
0,0.9381122183372186,0
1,0.8100658601202716,1
1,0.8847050380175382,1
1,0.9224131923631923,1
0,0.8721364246864244,0
0,0.8505690115440114,0
1,0.7535801795426798,1
1,0.7527121600621604,1
1,0.8063324675324673,1
1,0.7333828948828948,1
1,0.7963458236208235,1
1,0.9105105949605948,1
0,0.7960419469419467,0
0,0.7541248961822495,0
1,0.689547877122877,1
1,0.9298368326118326,1
0,0.8693107073482074,0
0,0.8902648851148853,0
1,0.8216776237651235,1
1,0.7745290084915087,1
1,0.7704069218363336,1
1,0.7046558455433459,1
1,0.8265269758019754,1
1,0.8719794150294152,1
1,0.7750313963813964,1
1,0.8762245448995445,1
1,0.8490674242424244,1
0,0.7863684981684981,0
1,0.7567576035076039,1
0,0.7371245004995004,0
0,0.7011694222444221,0
1,0.8281706598956596,1
1,0.8717652763902763,1
1,0.816780000555001,1
1,0.863705858030858,1
1,0.8669472610722612,1
0,0.8005409215784217,0
0,0.7650487337224177,0
1,0.8077723415473409,1
0,0.8773643217893216,0
1,0.7424550088800089,1
0,0.6446563339438343,0
0,0.9404294622044624,0
0,0.958451465201465,0
1,0.8811315767565767,1
0,0.851002648658531,0
0,0.9209881590631592,0
0,0.8649844174831016,0
1,0.8954818209568212,1
0,0.8203556166056164,0
1,0.8227005855255853,1
0,0.833647452547453,0
0,0.8502844554138674,0
0,0.7205802725052726,0
0,0.9527737373737373,0
1,0.6865228174603177,1
0,0.9176984432234436,0
0,0.8200100399600398,0
0,0.7836215048840048,0
1,0.8819083620627745,1
0,0.7187464313464313,0
1,0.829087123987124,1
0,0.8622217032967032,0
0,0.7027799506049502,0
0,0.7332909349422504,0
1,0.8148462331785858,1
0,0.69471500999001,0
0,0.9127593005678534,0
0,0.8607967990342991,0
1,0.8489453421578422,1
1,0.7929181596181594,1
0,0.8069324064824063,0
1,0.866909040959041,1
1,0.7888002247752248,1
1,0.8035112443112445,1
1,0.8727194347319347,1
1,0.9200228382728386,1
0,0.8220690892440888,0
0,0.828664440298263,0
1,0.8135059690309686,1
1,0.782744255744256,1
1,0.8536110514485515,1
0,0.8798255439005439,0
1,0.8586466163953005,1
0,0.8316176545676547,0
0,0.6869379126592365,0
0,0.8339877150627151,0
0,0.8220524697524699,0
0,0.8398698468198469,0
0,0.6376904317904316,0
0,0.7113861493898257,0
1,0.8813355228105225,1
1,0.7856436618936613,1
1,0.9138657134532132,1
0,0.8399436535686534,0
1,0.7008780552780554,1
0,0.8798845848595845,0
0,0.9120155844155842,0
1,0.7162990162615162,1
0,0.9024426333470452,0
1,0.7755211445417325,1
1,0.9020614871239875,1
0,0.9646857531357531,0
1,0.8124291139416141,1
0,0.907295054945055,0
1,0.8253089757464757,1
0,0.8489265944839476,0
1,0.7933550310800308,1
0,0.9633156399156397,0
0,0.8486561438561437,0
0,0.8985067217096627,0
0,0.7580056360306359,0
1,0.9485461288711293,1
1,0.6980724081474076,1
1,0.8019312576312574,1
0,0.6734864413364412,0
0,0.9697683982683982,0
1,0.7208487123987117,1
1,0.8121540764790764,1
0,0.8201169608169608,0
1,0.8508106976356973,1
0,0.960980266955267,0
1,0.678213009213009,1
1,0.7929022158397157,1
0,0.8581640109890111,0
1,0.8756536199911198,1
0,0.766800755969177,0
0,0.946258644133644,0
1,0.8256654206904205,1
0,0.9391722166722168,0
1,0.837863801068213,1
1,0.8680891552891549,1
0,0.806551295926296,0
1,0.8034104520479517,1
1,0.8742365023865027,1
0,0.8934057747807748,0
0,0.7710531107781102,0
0,0.8424921134421133,0
1,0.7359846875346875,1
0,0.8758172965922967,0
0,0.9378258547008549,0
1,0.767484673659673,1
0,0.8009748695748696,0
1,0.9195591408591411,1
1,0.7929116355866357,1
1,0.794830594405594,1
0,0.8377589188589185,0
1,0.8088275821400829,1
0,0.7468820769959316,0
1,0.8296340576090571,1
1,0.843339613164613,1
0,0.7805259074259078,0
1,0.8252835192585192,1
1,0.7739104034854036,1
0,0.8108383893883895,0
0,0.7653497890997889,0
0,0.8770652375402376,0
1,0.7911423788629668,1
0,0.6798049561549562,0
1,0.8950069846819844,1
1,0.6451280636030631,1
0,0.8128816100566099,0
0,0.9100489066489065,0
1,0.7771602342102344,1
0,0.7566082278832276,0
0,0.8239112221112223,0
0,0.7706370750164874,0
0,0.9384339105339108,0
1,0.6921663808413805,1
0,0.734845092407592,0
1,0.8749922965922966,1
1,0.7981068564605335,1
1,0.8100614260739257,1
0,0.9719764957264956,0
1,0.6121374587014291,1
0,0.8157891872016874,0
0,0.8881250360750365,0
1,0.7849948683669268,1
0,0.7814028313791471,0
0,0.8006789016539017,0
0,0.9204213952713951,0
0,0.7019849802974804,0
0,0.8547926406926404,0
0,0.8675436563436567,0
0,0.8532985125985126,0
1,0.7988281690531692,1
1,0.923977208902209,1
0,0.7830850048644167,0
0,0.817103687978688,0
1,0.8059360972360969,1
0,0.7382561281855397,0
1,0.8681776223776221,1
0,0.6370643703518702,0
1,0.8523998898160662,1
1,0.6997546370296367,1
1,0.7045661283161284,1
0,0.8293978202353204,0
1,0.70554932012432,1
0,0.9290487734487733,0
0,0.9042076340326342,0
0,0.8124449120324119,0
1,0.7487460927960926,1
1,0.8173147527309296,1
1,0.9030565628815629,1
1,0.8220654151404153,1
1,0.8512880425130431,1
0,0.8763983877233876,0
0,0.8043414918414917,0
0,0.8042637192056313,0
1,0.7430129631806102,1
0,0.9054630619380617,0
1,0.7691156018001603,1
0,0.9505770451770452,0
1,0.7970202811077814,1
0,0.8725063991563993,0
0,0.8746428959928957,0
0,0.8603014971139974,0
0,0.8863126151626148,0
0,0.7435488622488623,0
1,0.8602332334332334,1
1,0.8716135928399089,1
0,0.8919609418359418,0
0,0.7294634795759793,0
1,0.7797381077256077,1
1,0.8601385281385285,1
0,0.8170838328338323,0
1,0.8318642109524459,1
0,0.8310058996558997,0
0,0.8836405053280053,0
0,0.9626140304140303,0
1,0.747344841269841,1
0,0.7496907953157956,0
1,0.8331579369160256,1
0,0.8507555250305248,0
0,0.8290979464979462,0
1,0.7280531884781882,1
0,0.9490632395382395,0
0,0.8665937229437229,0
1,0.9045881077256077,1
1,0.8709303391053392,1
0,0.8091640609390613,0
1,0.7648251952296075,1
0,0.920596608946609,0
1,0.8563811910311908,1
0,0.5987928321678322,0
0,0.6903755910755912,0
0,0.7754931401931402,0
0,0.8680673826173826,0
1,0.8197569541569542,1
1,0.8185070096570095,1
0,0.7374820693195692,0
1,0.8773088619713619,1
0,0.7399558959014839,0
1,0.936088059163059,1
0,0.9416398518148518,0
0,0.817742721167721,0
1,0.7534645326895317,1
0,0.7500665681540679,0
0,0.8248586904925139,0
0,0.8747445720945715,0
1,0.8457216339216341,1
1,0.8610958444333444,1
0,0.6727689421689426,0
0,0.848650835984621,0
1,0.7531103257853254,1
1,0.7928275530025528,1
1,0.8577539072039078,1
0,0.794785410422911,0
0,0.8290915362415361,0
0,0.9363747946497946,0
1,0.8053480158730154,1
1,0.8495887556887557,1
0,0.9049559884559881,0
1,0.8609987651237652,1
0,0.8608090687090685,0
0,0.8003930042180043,0
1,0.8946899961149962,1
0,0.8478670940170944,0
0,0.8425516414141416,0
0,0.8644413003663005,0
1,0.8449391164391165,1
0,0.7088079263873381,0
0,0.740539065101565,0
0,0.8739735347985347,0
0,0.8861039793539794,0
0,0.7102264319014319,0
0,0.6661067656200012,0
1,0.7786667471417472,1
0,0.8410417665667665,0
1,0.7509630133755131,1
1,0.7819946553446552,1
0,0.7711500463588697,0
0,0.8090540792540792,0
0,0.8034067571317572,0
0,0.824371525696525,0
1,0.8447073343323341,1
1,0.8916247835497834,1
1,0.8013870629370629,1
0,0.7406392149517151,0
1,0.8245712370962371,1
1,0.8846629389616234,1
1,0.8803263902763901,1
0,0.9334277056277056,0
0,0.7676813955652192,0
0,0.750360067710068,0
1,0.7514239159533276,1
0,0.9144555916305913,0
0,0.7583857683982689,0
0,0.9039676101676104,0
0,0.6407854452135416,0
0,0.8989573717948715,0
0,0.6510278762903767,0
1,0.6623539876789872,1
1,0.868812950937951,1
0,0.9248960678210677,0
0,0.9003470501720502,0
1,0.7133121947496948,1
0,0.8388222721722725,0
0,0.8719246836496839,0
1,0.9123287587412584,1
1,0.9184047924297921,1
1,0.8852522005772007,1
0,0.8461445089224501,0
0,0.8195541403041402,0
0,0.879788044145397,0
1,0.8834488705738706,1
0,0.8157989084444967,0
0,0.7498908461421621,0
0,0.784686437173937,0
0,0.9059149350649351,0
0,0.8803827422577424,0
1,0.9065328532578529,1
0,0.7245004745254747,0
0,0.8139958673679262,0
0,0.8275723443223443,0
0,0.9084454489954493,0
0,0.8090076978576978,0
0,0.8544272824397825,0
1,0.8318207699163584,1
1,0.8000766455766456,1
0,0.8658969696969699,0
0,0.8665450244200246,0
1,0.7586345775139892,1
1,0.9024586413586408,1
0,0.9129047591297594,0
0,0.7860629842379852,0
1,0.8423198273948277,1
0,0.9866681096681097,0
1,0.7247125596625592,1
0,0.7011542994587113,0
0,0.9097850094350094,0
1,0.8957242895992896,1
0,0.9724635281385282,0
0,0.7588603310303389,0
1,0.7764624833499832,1
1,0.7235559523809519,1
1,0.7716415570540571,1
1,0.6941747113997118,1
0,0.916780769230769,0
0,0.8886661255411256,0
1,0.8325981740481744,1
0,0.8709807747807745,0
0,0.9467708763458762,0
0,0.8815494588744586,0
0,0.8049398740148739,0
0,0.7189350899100899,0
0,0.9559646769896768,0
1,0.8232155205905203,1
1,0.7082521367521369,1
0,0.8777841824841824,0
0,0.8663290293040293,0
0,0.7787465548340544,0
1,0.7924142288267291,1
1,0.7274313131313132,1
1,0.7847827319739086,1
1,0.7770585581085581,1
0,0.7887210594960594,0
1,0.7092982808857812,1
0,0.8061408057628643,0
0,0.8012266511266507,0
1,0.763343600843601,1
1,0.9711717809967809,1
0,0.8010257825507826,0
0,0.8885872544122537,0
0,0.7185541625041626,0
1,0.8440058330558331,1
0,0.7706869810744805,0
1,0.9145022505272509,1
1,0.8311164627855802,1
0,0.9297519383394381,0
0,0.9518053668553667,0
1,0.7881985209235213,1
1,0.8432064976689972,1
0,0.9603207070707072,0
0,0.8942769175269175,0
0,0.8847286102786104,0
0,0.8961115939615937,0
1,0.8500896603396598,1
0,0.7887064574314574,0
1,0.7360605006105007,1
1,0.8434237151737153,1
1,0.7177418925845396,1
1,0.916018392718393,1
1,0.9289707431457432,1
1,0.7663635253635257,1
0,0.8966092754467756,0
1,0.7573676559551564,1
1,0.8441637992726222,1
1,0.8024205655455655,1
1,0.9341246031746032,1
0,0.6899346778221771,0
1,0.8501746392496394,1
1,0.8437474275724275,1
0,0.9037759185259183,0
0,0.9075542152292151,0
0,0.762080355755356,0
0,0.8184600649350652,0
1,0.7550345196470201,1
0,0.9355538739038739,0
0,0.8114533327783323,0
0,0.8053293636918635,0
0,0.8106383579870426,0
1,0.8644098522392637,1
1,0.7577523767898765,1
0,0.8679924422799422,0
0,0.8137339854589856,0
0,0.8854779470529472,0
1,0.8489568625818624,1
0,0.8696870537958771,0
0,0.623943111055611,0
0,0.6999326146076147,0
1,0.7326763708513712,1
0,0.9160528693528692,0
1,0.9602698384948383,1
1,0.7303640581640582,1
0,0.8523205044955049,0
0,0.8977634462759461,0
0,0.7520439921189924,0
0,0.776063060142472,0
0,0.78187875041625,0
1,0.8779845598845601,1
0,0.8848721718640836,0
1,0.8288123329285098,1
0,0.8014167970917973,0
0,0.8226425935175933,0
0,0.8435836025086029,0
1,0.7938212832918714,1
0,0.6408354784104784,0
1,0.7909029220779227,1
1,0.8282602480852481,1
0,0.8040904706404703,0
0,0.9264923049173053,0
0,0.8741417822373705,0
1,0.8631139695272051,1
1,0.7788174020424022,1
0,0.8393586538461538,0
1,0.7878780996781001,1
0,0.7851722527472528,0
0,0.8561225513049042,0
1,0.7991467088467088,1
1,0.7929535464535469,1
1,0.8665832187420418,1
0,0.8339182381344145,0
1,0.853188256188256,1
0,0.8268792790542788,0
1,0.8005323624904503,1
1,0.784341303141303,1
1,0.8227023032523032,1
1,0.8317184815184815,1
0,0.813365644078144,0
0,0.8861395382395383,0
0,0.8689452464202464,0
0,0.8074936799311797,0
0,0.7807655955155953,0
1,0.7925835747585745,1
0,0.6860895826395825,0
0,0.7506177239427237,0
1,0.7923313408813405,1
1,0.8325800699300694,1
0,0.9185772172272171,0
0,0.8694228652066889,0
0,0.7155544243338358,0
0,0.8007981310356312,0
1,0.7775440337440339,1
1,0.7558287475596296,1
1,0.82158634976135,1
1,0.8525380933394096,1
1,0.9070919427794426,1
1,0.7279363594738594,1
1,0.8173322011322013,1
1,0.7594929384942544,1
1,0.6879831043956046,1
1,0.8107766414141414,1
0,0.908506293706294,0
0,0.8748619352869352,0
1,0.7190800505050502,1
1,0.6905215082303318,1
0,0.7768354821648943,0
0,0.8492810939060941,0
0,0.9027093045843045,0
0,0.9342175296925294,0
1,0.8453276307026306,1
1,0.7238723599929479,1
0,0.8614464674214676,0
1,0.6160551531801529,1
1,0.8467856143856144,1
0,0.8331843378843377,0
1,0.9414863303363306,1
1,0.5393049450549452,1
0,0.8852040764790765,0
0,0.857186322011322,0
1,0.9567907731157732,1
0,0.6900138167388169,0
0,0.7977894997975881,0
0,0.7805881854256859,0
0,0.6825950715950718,0
0,0.8764118695030457,0
1,0.8419501332001336,1
1,0.8042489926739926,1
0,0.9106420787545787,0
0,0.7892469058719063,0
0,0.8443290972915971,0
0,0.7954266511266506,0
1,0.7458856462981468,1
1,0.860364371739372,1
0,0.9029672244422244,0
1,0.8490478785103783,1
1,0.8403097125097131,1
1,0.9051222638472639,1
1,0.8258421661671667,1
0,0.912940895215895,0
0,0.8959322982572985,0
0,0.7925930652680653,0
0,0.7461732277526393,0
0,0.8826323038073037,0
1,0.7141299728049726,1
0,0.7703991952491951,0
1,0.7503798298923298,1
1,0.8955560966810969,1
0,0.7125190204403438,0
0,0.8876086663336663,0
1,0.7708344878977228,1
0,0.7717208624708627,0
0,0.8469863997113993,0
1,0.7919424595829007,1
0,0.8778521034521034,0
1,0.801035540848041,1
1,0.7527550227550226,1
1,0.9202958874458875,1
0,0.8689156565656565,0
0,0.9033413891663891,0
0,0.8332540015540009,0
0,0.9267617604617604,0
1,0.8037484265734263,1
1,0.7619428053972173,1
0,0.8779463092463091,0
0,0.7488242951492953,0
0,0.851368497352321,0
1,0.8628990703740701,1
1,0.9318145382395382,1
1,0.7961920468420468,1
0,0.6525462658256777,0
0,0.8081809912309914,0
0,0.6679359196359196,0
1,0.7705207224148403,1
1,0.9689384448884448,1
1,0.9103021173271173,1
0,0.8025323870573872,0
0,0.9001532384282381,0
0,0.8342227550227553,0
0,0.746119513819514,0
0,0.7796714478332125,0
1,0.8948243395493395,1
1,0.8703031746031747,1
1,0.760721471583972,1
0,0.7658796869796867,0
0,0.9697565101565103,0
1,0.8282240315240316,1
0,0.7792126956376954,0
1,0.8114599265113976,1
0,0.8525917411836526,0
0,0.9147350760350759,0
1,0.83507041014541,1
0,0.6861270035520035,0
1,0.8257956820956821,1
1,0.7952493561993562,1
1,0.796297001609502,1
0,0.9097520202020207,0
0,0.7176154650904648,0
0,0.8379867493617492,0
1,0.8529563769563772,1
1,0.9142823787323788,1
1,0.8025096278721281,1
0,0.8715454170829173,0
0,0.8384906926406921,0
1,0.7950485729913359,1
0,0.9052556055056054,0
1,0.9314280276912632,1
0,0.9178288711288709,0
1,0.6942022146154497,1
0,0.8823767454767458,0
1,0.854545493395493,1
0,0.7728116115910237,0
1,0.8798346583971588,1
0,0.8719846366052245,0
0,0.8739266233766231,0
0,0.9116266844266847,0
1,0.7814720168720173,1
1,0.8019363220113218,1
1,0.907438147963148,1
0,0.8064447510822511,0
0,0.9620488233988231,0
0,0.8868705266955266,0
1,0.7322821567321566,1
1,0.7759712343212342,1
1,0.8833858474858476,1
0,0.8471976884226884,0
1,0.894247197247197,1
1,0.8342937756687752,1
1,0.8732653796925471,1
0,0.831317226809139,0
0,0.80157573162132,0
1,0.7853202561327558,1
0,0.8214360722610723,0
0,0.7905946830946827,0
0,0.7695479659229667,0
0,0.6975397297147294,0
1,0.7854334625341973,1
1,0.8983796370296367,1
0,0.8024320818070824,0
0,0.8546583152958147,0
0,0.7878663392163392,0
0,0.6504203490953491,0
0,0.721144541569542,0
0,0.6776323384948387,0
1,0.9024525335775337,1
1,0.8937694444444445,1
1,0.860467687867688,1
1,0.9776085969585971,1
0,0.8316596320346321,0
0,0.7918591075591073,0
1,0.6698107448107447,1
1,0.7664616661116663,1
1,0.7834383806552926,1
0,0.7563861416361414,0
1,0.8694581307581305,1
1,0.9365475468975473,1
0,0.760982659007659,0
0,0.9068519688644687,0
0,0.9297810051060054,0
0,0.8430527167277166,0
1,0.726089334788019,1
0,0.8979870379620377,0
1,0.6999468115218116,1
0,0.9459439366189367,0
0,0.57636588966589,0
0,0.803604451267687,0
1,0.9308045204795207,1
0,0.8161775224775226,0
1,0.8833346037734198,1
1,0.7503642635142636,1
0,0.9045027167277162,0
0,0.7771149988899992,0
1,0.7861471064882828,1
0,0.7411278707403706,0
1,0.8725732517482515,1
0,0.8719947885447886,0
0,0.7254281302031302,0
0,0.8352755411255409,0
0,0.8104016275391275,0
0,0.8269237401487399,0
1,0.8732119325119329,1
1,0.7823707986457985,1
1,0.8247661152572918,1
1,0.7843157777894617,1
0,0.8763880230880231,0
0,0.7989834221334225,0
1,0.8079007353757351,1
1,0.8368234307359309,1
0,0.9101582251082254,0
0,0.8687628066378065,0
0,0.6486929736929739,0
0,0.9090755883005884,0
0,0.7183619602619601,0
0,0.8118575702075707,0
1,0.6899730668024788,1
1,0.7143406121656122,1
1,0.8888215229215229,1
1,0.6843546245421245,1
0,0.9252267316017315,0
0,0.9032461677211676,0
0,0.8700499444999445,0
0,0.6654235264735268,0
0,0.8833235819735823,0
0,0.7898526778776774,0
1,0.8770905039405035,1
1,0.8480623293373293,1
0,0.84486659827101,0
1,0.7339778804528809,1
0,0.9446229437229436,0
0,0.8705372155622154,0
0,0.7778233558108559,0
1,0.9073897907647903,1
0,0.8401330405705406,0
1,0.6152504997453526,1
0,0.886024472749472,0
0,0.8848861194361193,0
1,0.8535549450549447,1
1,0.7640147796647788,1
0,0.8709500351987195,0
1,0.7760801337551341,1
0,0.7829603521478519,0
1,0.9210140664890663,1
1,0.7781267593517597,1
0,0.8652339299589298,0
1,0.8772285103785102,1
1,0.813428471528471,1
0,0.8804047979797982,0
1,0.7885018301143303,1
1,0.7519381091131094,1
0,0.8576152300314065,0
1,0.8239132672882675,1
0,0.790109562659563,0
0,0.8099737290487294,0
1,0.8186498891631243,1
1,0.67873094960595,1
1,0.8254576007326002,1
1,0.8033055083805082,1
0,0.7552441742897629,0
0,0.8678586580086576,0
1,0.8180484515484518,1
0,0.8319117077367078,0
1,0.7927867493617494,1
0,0.8230777639027641,0
0,0.9046079975579975,0
0,0.8987251998001994,0
0,0.9434956168831169,0
1,0.6420304431679429,1
0,0.9379809704184703,0
1,0.9622136724386726,1
1,0.7174831238206234,1
0,0.8572996031746033,0
1,0.8037011904761908,1
0,0.7949677683427686,0
1,0.8655492285492282,1
1,0.8823462481962483,1
1,0.7135483599733597,1
0,0.8978773559773561,0
0,0.6970423665386908,0
1,0.7962365662115665,1
0,0.8070691919191922,0
1,0.7527343434343435,1
0,0.964653812853813,0
0,0.8513956482844638,0
1,0.8973270257520257,1
1,0.8655645437895433,1
1,0.7923951978576979,1
0,0.7588595525389644,0
1,0.8273506188256191,1
0,0.8835313418607539,0
0,0.8461615911865912,0
0,0.842774306249306,0
1,0.8755251229162992,1
1,0.743084446109446,1
1,0.801144216894217,1
0,0.9495976967476965,0
1,0.8972761072261073,1
1,0.870057525807526,1
1,0.7757510767010766,1
0,0.8454784743034734,0
1,0.9121940725940729,1
0,0.851718450993451,0
1,0.9200887626262628,1
0,0.897584679862621,0
1,0.8601500610500606,1
0,0.7402971409309645,0
0,0.5349126873126876,0
1,0.8051249528249528,1
0,0.911454725829726,0
0,0.9347606393606394,0
1,0.7724148462648462,1
1,0.7745142668605904,1
0,0.8414924034299038,0
0,0.7738088231213236,0
0,0.8489736668560196,0
1,0.7816269258519261,1
1,0.8245522699522695,1
1,0.7794427790346908,1
1,0.7520642676767682,1
1,0.7744474469974469,1
0,0.8098242493617496,0
0,0.8735371239871241,0
0,0.913594191919192,0
1,0.9331331871345028,1
1,0.795996417471417,1
1,0.7523474053724051,1
1,0.8137223482399958,1
0,0.9779471528471526,0
1,0.731448797036297,1
1,0.8039524042950508,1
1,0.7199069273863397,1
1,0.8766717782217781,1
0,0.846759795351707,0
0,0.8649892746142749,0
0,0.9208796515575928,0
0,0.8911172077922076,0
1,0.816403345265845,1
1,0.9109073232323229,1
0,0.8363719363969361,0
0,0.8658879301254301,0
0,0.883648551448551,0
0,0.8314908591408593,0
0,0.937228282828283,0
1,0.8260980075480074,1
1,0.9049974275724273,1
0,0.915810497835498,0
1,0.7697029498279498,1
0,0.8489133200133201,0
1,0.8804970779220783,1
0,0.7986240786990784,0
1,0.8845519841269845,1
1,0.9095513847263845,1
1,0.7549231905349549,1
1,0.7544475330225331,1
1,0.70204754967255,1
1,0.7042670690420693,1
0,0.8736437395937398,0
0,0.799866144966145,0
0,0.8129587020006138,0
1,0.9019909784659784,1
1,0.8037958624708625,1
0,0.7031534354534352,0
0,0.8570366577866584,0
0,0.8675058885558888,0
0,0.6056429098679098,0
0,0.8938746905871906,0
1,0.7461621517371517,1
0,0.7454037212787208,0
0,0.7661668618962735,0
1,0.820603033078033,1
1,0.9515503607503608,1
0,0.9243249361749365,0
0,0.7355525179069294,0
0,0.8907005300255302,0
0,0.9461755411255409,0
0,0.6665997224997227,0
1,0.7385516584722462,1
0,0.8381579975579968,0
0,0.799078991841492,0
1,0.816975763125763,1
0,0.8462010128760127,0
1,0.7319562964812967,1
1,0.8011706487956484,1
0,0.787618157719474,0
1,0.7970576146076146,1
0,0.821510805860806,0
1,0.7814835298688239,1
1,0.7397708309664189,1
0,0.7702658480408476,0
0,0.786487137862138,0
0,0.8362043456543461,0
1,0.8677511377511379,1
1,0.9284873681873683,1
1,0.8628558164058165,1
0,0.824212323787323,0
0,0.7679914196914192,0
0,0.8557353576978577,0
1,0.7097385239760235,1
0,0.8547902514152514,0
0,0.8557882686757687,0
1,0.9023887695637698,1
1,0.9230408341658345,1
1,0.8195848050642166,1
1,0.7257266844266852,1
1,0.7672628663003666,1
1,0.9187600861556746,1
0,0.8325080447330444,0
1,0.8299346209346208,1
0,0.7793666500166501,0
0,0.9476881063381064,0
0,0.6974515171103407,0
0,0.8659006257631255,0
1,0.8687177475302473,1
0,0.7130725496725492,0
0,0.8421429931179933,0
1,0.7838498126873126,1
0,0.9018703934953939,0
1,0.9042364597820481,1
1,0.841138003499768,1
0,0.8326422577422578,0
1,0.7576903024263318,1
0,0.714973735578147,0
0,0.8665184204684203,0
0,0.8167058719058722,0
0,0.7750636530136534,0
0,0.9083402292152293,0
1,0.6996747405372407,1
1,0.8085424880674883,1
1,0.8315078255078256,1
1,0.969888311688312,1
0,0.8627338356088352,0
0,0.7726981129981135,0
0,0.7903333583083583,0
1,0.7618540723165724,1
1,0.7712915182040176,1
1,0.8830465714840715,1
0,0.8752915112665117,0
1,0.8839786019536021,1
0,0.7704427544677545,0
1,0.7646176906426909,1
1,0.7751378885003881,1
1,0.7840197108447106,1
0,0.846639874014874,0
0,0.7010063492063496,0
1,0.6642921966921964,1
1,0.6791761904761906,1
0,0.8300056610056608,0
1,0.8478934029420874,1
1,0.9048759379509382,1
0,0.6989366244866247,0
1,0.898237271062271,1
0,0.7484740291571174,0
1,0.8073732461982458,1
0,0.7904285742035742,0
0,0.6832097541347545,0
0,0.8362516827943295,0
0,0.8967799353424355,0
0,0.8192286727161727,0
0,0.7649566419691418,0
1,0.8071139860139862,1
0,0.8697529609279616,0
1,0.7459947834844894,1
0,0.9340293179043175,0
1,0.8477278221778223,1
0,0.7674745948495946,0
0,0.9561867965367967,0
1,0.8106082625707622,1
0,0.7785992660117659,0
0,0.6194547119547125,0
1,0.6695590048840053,1
1,0.7655495226995225,1
1,0.7475808830058829,1
0,0.912520995670996,0
1,0.7715587884337881,1
0,0.9361296675546675,0
1,0.8785493700743701,1
1,0.8368777767983651,1
0,0.9132588744588744,0
1,0.8547755855255861,1
1,0.7933297868797865,1
1,0.9012361790986787,1
0,0.7571604034854034,0
1,0.8303548590298593,1
0,0.7693493645243645,0
0,0.8768650266400265,0
0,0.8475742535242536,0
1,0.9414863303363306,1
1,0.8060153554778554,1
0,0.8236672924297921,0
1,0.8757738622488623,1
0,0.7055836274836272,0
1,0.8551823648573649,1
0,0.8970264707514705,0
1,0.8375727466977465,1
1,0.7378583610833612,1
0,0.7923738202157314,0
0,0.9296037157287157,0
1,0.7873643356643354,1
1,0.7811007215007217,1
0,0.8419441502941507,0
0,0.9140269314019315,0
0,0.8046317959817958,0
1,0.786007928182928,1
1,0.5955748876123872,1
0,0.5165316766566769,0
0,0.7356355838605838,0
0,0.8506641400266401,0
1,0.8559354395604396,1
0,0.7787389804639812,0
0,0.7861361249861246,0
0,0.8623916583416589,0
1,0.904644758019758,1
1,0.8695436517730633,1
0,0.9374832736707734,0
0,0.9731862443112445,0
1,0.8422586677211678,1
0,0.677957870887283,0
0,0.8971937839937842,0
1,0.8924303252303254,1
1,0.7439260933510928,1
1,0.7205378885003878,1
1,0.8161692918192922,1
0,0.8171554972804973,0
1,0.8759813325563325,1
1,0.7181616425241425,1
0,0.7609737199075436,0
1,0.8484500896162659,1
0,0.7213332778332779,0
1,0.8747100316350318,1
1,0.8382292596292596,1
1,0.8157680319680318,1
1,0.8061469544344546,1
1,0.5114027075865311,1
1,0.8178508685758689,1
1,0.7886288628038627,1
1,0.8125447136197135,1
1,0.8798024503274503,1
1,0.8103174339549344,1
1,0.8185618385914052,1
1,0.8330923118548118,1
1,0.6451985486735483,1
1,0.9977118575868577,1
0,0.8473262515262516,0
1,0.8160746836496834,1
0,0.935798104673105,0
1,0.8977493825618825,1
1,0.7927441447441447,1
1,0.7485681845931849,1
0,0.8574182650682657,0
1,0.8514780136530138,1
0,0.8832178349428348,0
0,0.8833906926406924,0
1,0.8044067488067481,1
0,0.9238755300255301,0
1,0.9458146464646463,1
0,0.739904094516595,0
1,0.9554090187590187,1
0,0.797763491187175,0
1,0.8316628135753136,1
0,0.7927217809967811,0
1,0.6506348121649591,1
1,0.9584420274170273,1
1,0.823056551781552,1
1,0.6207445221445225,1
1,0.675630185092685,1
1,0.8518946137196133,1
1,0.8003146728271728,1
0,0.9836891053391053,0
0,0.7204397879897884,0
1,0.8956143578643583,1
0,0.8271448151521679,0
0,0.8608710705960708,0
1,0.8050040126540127,1
0,0.7418004162504164,0
0,0.7686658216783216,0
1,0.8431475704850704,1
0,0.8001602952602951,0
0,0.6310789016539009,0
1,0.7966635503385501,1
0,0.9137599178599177,0
1,0.7731162097706217,1
0,0.8828580586080579,0
1,0.8854721972471972,1
1,0.8931538905538903,1
0,0.971377344877345,0
0,0.6674647463647465,0
1,0.863675466853408,1
1,0.8773360223110225,1
1,0.8666237817737822,1
1,0.7596905974744216,1
0,0.7413220557220558,0
0,0.8606967587967587,0
1,0.7100421203796202,1
0,0.8263599039849033,0
0,0.6691915617277461,0
0,0.9312926767676767,0
0,0.8384382756132757,0
0,0.7346631576756575,0
0,0.8829918470418473,0
0,0.8811297979797987,0
0,0.7725794866081627,0
0,0.7877357475857479,0
1,0.7765112359862362,1
0,0.7250313908313909,0
0,0.8591132617382619,0
0,0.7218223128179012,0
0,0.798187806637806,0
0,0.7961221675383439,0
0,0.9150146742146741,0
1,0.7195983336108337,1
0,0.7860263653013654,0
0,0.9217391774891776,0
1,0.7754931332556327,1
1,0.7868750083250081,1
1,0.8091761682761682,1
1,0.8626460594960599,1
0,0.6542524328612566,0
0,0.7676447496947499,0
0,0.8435736041736042,0
1,0.9417288961038962,1
1,0.837358295462707,1
1,0.8785591353091349,1
1,0.7626364496614495,1
1,0.7296789335664335,1
1,0.7980537666581788,1
1,0.8074382006882005,1
0,0.8657978854478855,0
0,0.7592930194805199,0
0,0.9299036685536686,0
1,0.8689543539793542,1
1,0.8530061105561101,1
1,0.6341135392385395,1
1,0.7560374111999111,1
1,0.9033827561327564,1
0,0.8703016233766234,0
0,0.6179989177489178,0
1,0.7946932472756006,1
0,0.8064449681897047,0
1,0.843708658008658,1
0,0.8932612193362194,0
0,0.7684137806637807,0
1,0.8755214757464755,1
0,0.8418721264846264,0
1,0.8878482323232321,1
0,0.9258038739038736,0
0,0.8363225205350204,0
1,0.8100856782106781,1
0,0.7015145632145634,0
1,0.8952174963924965,1
0,0.8761173187923192,0
0,0.8826093489843491,0
1,0.8240602675102676,1
1,0.7471719780219777,1
1,0.7589334665334668,1
0,0.8579202020202016,0
1,0.7782600613438854,1
1,0.8397296891833661,1
0,0.7909471327691918,0
0,0.9628730103230104,0
1,0.7614246364746362,1
0,0.8178283910533914,0
0,0.8845045981795977,0
0,0.6947531038406043,0
0,0.9987308802308802,0
0,0.8553415334665333,0
0,0.9391120074370075,0
1,0.8618915695415692,1
0,0.8996887889887889,0
0,0.8455880466755472,0
0,0.870774161949162,0
1,0.7380128825422939,1
1,0.796661105561106,1
0,0.9054776043401042,0
0,0.8123009934509938,0
1,0.7417568750693752,1
1,0.8070199342324342,1
0,0.8345882367632365,0
1,0.765910545010545,1
1,0.7138453995565841,1
0,0.7248793678543686,0
0,0.8211166999667,0
0,0.8463211926961925,0
1,0.9007013014763018,1
1,0.8956363136863139,1
1,0.8793167467336584,1
1,0.7918751484626485,1
0,0.8201107448107453,0
0,0.8514705669330666,0
1,0.8379446941946944,1
1,0.8517277617807032,1
0,0.718167449380685,0
1,0.6920513563234149,1
1,0.8292988761238762,1
1,0.7681856920856919,1
1,0.7261196164946166,1
0,0.8395379828504825,0
1,0.8220690087690087,1
1,0.8330911699411699,1
1,0.8925136724386725,1
1,0.8887106185481182,1
1,0.7100805463542303,1
1,0.7700116189366194,1
0,0.760619625962273,0
0,0.8273349332040509,0
1,0.8560632894882895,1
1,0.9483759018759019,1
1,0.6868356088356082,1
1,0.6216256449432919,1
0,0.9071912143412143,0
1,0.8312973554223555,1
0,0.9546628454878456,0
0,0.9104814213564213,0
1,0.79847760989011,1
1,0.9300124653124652,1
0,0.7715976273726267,0
1,0.818106589244089,1
1,0.7787135059385061,1
0,0.8597031496281494,0
1,0.7144751082251077,1
0,0.8600974927849926,0
1,0.7918197274947275,1
1,0.8178819791319791,1
0,0.8669158549783544,0
1,0.7326866322403086,1
1,0.8557117132867135,1
1,0.8377774891774894,1
1,0.8313941830228597,1
1,0.7717656985171686,1
1,0.7681294150294153,1
1,0.7082974136974135,1
0,0.9011500832500832,0
1,0.8377773310023306,1
0,0.7931870102120109,0
1,0.8710380980130981,1
0,0.8274055555555552,0
1,0.6879882895913856,1
0,0.6348841242091238,0
0,0.8753728105228108,0
1,0.7377633949383948,1
1,0.8992425962925964,1
0,0.8835343212343212,0
0,0.8714738344988344,0
0,0.744548898323898,0
0,0.8749092490842484,0
0,0.8422496642246639,0
1,0.834077405927406,1
1,0.5802966096811687,1
1,0.841055014430015,1
0,0.7138909118659116,0
0,0.7423482600732599,0
0,0.9045522616272623,0
0,0.9263263597513596,0
1,0.8277460830835832,1
0,0.9644355339105337,0
1,0.8580701076701082,1
1,0.8295410700410698,1
1,0.7584126609501611,1
1,0.9014448301698303,1
1,0.8173283785658786,1
1,0.8046476898531466,1
0,0.9105322705072707,0
0,0.9036635392385394,0
1,0.8606459360084359,1
1,0.8673675324675324,1
0,0.7227046758796765,0
1,0.8986089826839823,1
1,0.6195400329245913,1
1,0.8673961760461759,1
0,0.9310183039183038,0
0,0.9033402070152068,0
1,0.7983889300242237,1
0,0.8314615595189124,0
0,0.6896539793539793,0
0,0.8593513518344398,0
1,0.8831130730380734,1
0,0.9058872349872351,0
0,0.9466797619047617,0
1,0.8421355783105786,1
1,0.8711172077922072,1
0,0.8043581807081804,0
1,0.7761013236763231,1
0,0.691013109113109,0
1,0.8167012321012325,1
1,0.8593667360417362,1
0,0.7827457237207235,0
0,0.8765438672438673,0
0,0.8630964979464977,0
0,0.9033579406704407,0
1,0.8558525349650353,1
0,0.8720391941391943,0
1,0.8826188422688421,1
0,0.8055134448884448,0
0,0.8423547397047396,0
0,0.8467671314796313,0
0,0.9272718503718507,0
0,0.9257227133977132,0
0,0.8111110500610499,0
0,0.8472428488178485,0
0,0.7683044964839085,0
0,0.8107108225108226,0
1,0.7865065509653744,1
1,0.7955207792207791,1
0,0.9096341561216561,0
1,0.5024788499082614,1
0,0.7999792055167053,0
1,0.8415758269508272,1
1,0.8530289793539794,1
1,0.6506420135420132,1
1,0.8894437146187143,1
1,0.7456537518037518,1
0,0.8917041458541454,0
0,0.9204746447996448,0
1,0.8017735680985685,1
1,0.8347035103785104,1
0,0.8856584156040036,0
1,0.7587996447996449,1
0,0.6743694093488215,0
0,0.8459988372738375,0
1,0.7548748834498838,1
1,0.7424090603840601,1
0,0.8543066882463939,0
0,0.8579590742590739,0
0,0.9011702630702634,0
0,0.8348714479964477,0
1,0.8375298045092167,1
0,0.8773374264624265,0
0,0.925834595959596,0
1,0.8186996059496058,1
1,0.8589159035409036,1
1,0.8459905261405262,1
0,0.8622347744360902,0
1,0.8497878385503383,1
0,0.7701723984348987,0
1,0.7035731351981355,1
0,0.9191511183261181,0
1,0.7695804639804639,1
1,0.8039727411477411,1
0,0.8859337135087135,0
1,0.8358710456210455,1
0,0.8617766344766341,0
0,0.8409864260739264,0
1,0.6548824314574319,1
0,0.9391773476523475,0
1,0.6724890276390274,1
1,0.8669297646797651,1
0,0.8329582306582307,0
1,0.8169678968090733,1
1,0.814902106227106,1
1,0.884351354201354,1
1,0.8221641192141196,1
1,0.8732113969363967,1
1,0.6409944777444776,1
0,0.7331892302142302,0
1,0.8061140207015202,1
0,0.9331100788100788,0
1,0.6903528554778559,1
1,0.8248418553668555,1
0,0.8070652208902206,0
0,0.7565014846264851,0
0,0.808146511821512,0
1,0.7936504897879899,1
1,0.8334710678210677,1
0,0.8913892246642247,0
1,0.9188853896103891,1
0,0.9149609455903572,0
1,0.7645433122433122,1
1,0.753865568908216,1
0,0.8164368104118108,0
1,0.7837291888666887,1
1,0.803482165933482,1
1,0.7756575049950052,1
0,0.8970131757131757,0
0,0.9287807276057275,0
0,0.7028987345987344,0
0,0.6790700715950713,0
0,0.7291127955377954,0
0,0.8756802937258821,0
1,0.8143074259074259,1
0,0.8321456002331,0
1,0.7978520451770447,1
1,0.7263673021423023,1
1,0.9024450628619748,1
1,0.8453985857279975,1
0,0.9247200333163568,0
0,0.8548913170163169,0
1,0.7290830645661529,1
1,0.8448129981129981,1
0,0.7613940679203841,0
0,0.9094688768747591,0
0,0.8022309250690834,0
0,0.7402582986457985,0
0,0.8172821983571983,0
0,0.9247620670995671,0
0,0.7399375485625487,0
0,0.6329431734931737,0
1,0.8535042346542342,1
0,0.9476662087912088,0
1,0.799746833721834,1
1,0.8240588467088463,1
1,0.8123727078477081,1
1,0.6509204203691044,1
0,0.7470817905950259,0
1,0.7265917895829656,1
0,0.8440430430680435,0
0,0.7102771339771333,0
1,0.8102588827838828,1
0,0.7410395021645019,0
0,0.8090458975664857,0
0,0.8971755115799233,0
0,0.5494124708624712,0
1,0.7929109737484736,1
1,0.812998293373293,1
0,0.7760071493865613,0
0,0.8834385891885894,0
1,0.8893885475635477,1
1,0.8897664973914974,1
0,0.9416449938949939,0
1,0.7801508047508051,1
1,0.7830860611610607,1
0,0.8847660089910093,0
0,0.7878300155726626,0
1,0.8933449965067607,1
1,0.8912994005994003,1
0,0.7239483793983801,0
0,0.6086440943860062,0
0,0.8589610647522409,0
0,0.9461850982350982,0
1,0.8003944749694749,1
0,0.8425843226218224,0
1,0.9489161366411369,1
0,0.8467475690975697,0
0,0.8473533300033304,0
1,0.8538470496007261,1
1,0.8749421134421137,1
0,0.8401126161420277,0
0,0.8644278824117055,0
0,0.9359645132645134,0
1,0.7656290681540684,1
1,0.8143113553113552,1
0,0.8832554001553997,0
1,0.8219720668220665,1
1,0.7948789210789208,1
0,0.7681336422349583,0
0,0.8108189726939729,0
1,0.8325384476634474,1
0,0.7603816142191142,0
1,0.810458492895993,1
0,0.8230056138306137,0
1,0.8285407263488149,1
0,0.758310074647574,0
0,0.7168653971028973,0
1,0.8544385624179741,1
0,0.9690229797979798,0
1,0.8189653860028862,1
0,0.8507726467976467,0
0,0.8485560865604982,0
1,0.9045338938838936,1
1,0.550000711788212,1
1,0.8379905566655567,1
0,0.794620324120324,0
1,0.9053379870129874,1
0,0.7839249251565427,0
1,0.8329743367743366,1
0,0.855488654482772,0
1,0.7888529193029189,1
0,0.8375375097125094,0
0,0.7592469752469748,0
0,0.8986810408889352,0
1,0.8385399600399603,1
1,0.8358770146520146,1
1,0.8128066887361004,1
1,0.8714652430902433,1
1,0.876020213120213,1
1,0.656357496669997,1
1,0.957252528027528,1
0,0.8518532217782219,0
0,0.7909447732822733,0
0,0.8241769258519258,0
1,0.8527028527028528,1
1,0.8177609335109338,1
0,0.9264428793428793,0
0,0.8968108003108002,0
0,0.8977411172161177,0
0,0.6854423715173719,0
0,0.6847565628815632,0
0,0.8019159715284717,0
1,0.838709321234321,1
1,0.8095282856032858,1
1,0.7257801698301699,1
1,0.8982044122544119,1
1,0.7836260101010101,1
0,0.8800045093795091,0
1,0.8535232156732155,1
0,0.8266014901764908,0
0,0.7863080086580084,0
0,0.8238404761904764,0
0,0.8869290293040292,0
1,0.8327374209124202,1
1,0.8208022699522703,1
1,0.776421711621712,1
1,0.7341487970362972,1
1,0.6677307715976837,1
0,0.7539473165723164,0
1,0.8951883005883005,1
0,0.6341785076035075,0
0,0.8447134670884672,0
0,0.8234167610167615,0
0,0.7347105658230657,0
0,0.8314402403152404,0
0,0.87471221001221,0
0,0.8470681290931289,0
0,0.8318266788766792,0
1,0.8018904970029971,1
1,0.8790434343434341,1
0,0.8576925851925852,0
0,0.9309864718614719,0
1,0.6237810411810409,1
0,0.8011559827427472,0
1,0.8676172050172053,1
0,0.7427462495837495,0
1,0.9615676767676768,1
0,0.915101757964258,0
1,0.8331316877566878,1
0,0.8329518204018199,0
1,0.7955642094017094,1
0,0.732669517982018,0
1,0.8291740995115994,1
1,0.7973481379731376,1
1,0.7546567321567323,1
0,0.8273489066489069,0
0,0.7721574371534895,0
0,0.8037248445998444,0
0,0.8147717782217777,0
1,0.7250068709068711,1
1,0.8642723914973917,1
1,0.8024493936618935,1
1,0.9177638888888888,1
0,0.8245097111222106,0
0,0.888032566045066,0
1,0.9187423840048841,1
0,0.8979361832611833,0
0,0.80554537962038,0
0,0.7926233766233768,0
0,0.8715989334195212,0
0,0.7541172188922187,0
0,0.7388035058079176,0
0,0.953540096994509,0
1,0.8819971224853584,1
0,0.7466571817071815,0
0,0.8483232323232324,0
0,0.899791705516705,0
1,0.7079624347874341,1
0,0.7966720362970366,0
1,0.8136437395937395,1
1,0.9172245809745815,1
0,0.8749310356310359,0
0,0.7919071234321237,0
1,0.7069905067155067,1
0,0.8244664862914863,0
1,0.8382781811325926,1
1,0.8688726551226547,1
0,0.8129315684315679,0
0,0.7148956293706292,0
0,0.8757036741036742,0
1,0.8795295667782507,1
0,0.5635505244755248,0
1,0.9091967171717171,1
1,0.7763158702408703,1
0,0.7932634393384398,0
0,0.6356111208236205,0
0,0.850726343101343,0
0,0.8641961288711285,0
1,0.8260350427350431,1
0,0.780499173049173,0
1,0.7961763819513822,1
1,0.7510045523920517,1
1,0.9219454045954045,1
1,0.7178251777634129,1
1,0.6636573149073148,1
0,0.9079877733377736,0
0,0.9303684953934952,0
0,0.8912167027417025,0
1,0.8141296620046621,1
1,0.8860472624597626,1
1,0.8762564435564437,1
0,0.8218463647463647,0
1,0.7606761030636031,1
0,0.8669560868869688,0
1,0.8396895868020866,1
0,0.6670942765567764,0
1,0.8308586635586639,1
0,0.9127025890775889,0
0,0.8257878343878344,0
1,0.5070964341214342,1
0,0.9092576812076809,0
1,0.700972796647797,1
1,0.8089476218226218,1
0,0.8558068903318903,0
0,0.839457342657343,0
1,0.865533043590397,1
0,0.7312870072737724,0
0,0.863302854090354,0
0,0.9234442279942281,0
0,0.8277579115329119,0
1,0.698069960594961,1
0,0.7619771978021979,0
0,0.7171763345314816,0
1,0.7217855903900026,1
0,0.7650691794316796,0
0,0.8700152902652905,0
0,0.8175721833721836,0
1,0.7798017107075932,1
0,0.8228747433122432,0
0,0.9052395437895433,0
1,0.9001840326340327,1
0,0.8742857864357864,0
1,0.7358547508047505,1
0,0.6978446040071046,0
1,0.8439659562659558,1
0,0.8653153790653793,0
1,0.8333566098933742,1
0,0.999,0
1,0.7862554362304365,1
1,0.7796467532467533,1
0,0.7799703074703073,0
0,0.9311509657009656,0
1,0.8765729492729492,1
0,0.8014142357642364,0
1,0.9884155372405372,1
0,0.6211353812853806,0
0,0.771918351093351,0
0,0.7923979756354758,0
1,0.7397100302475305,1
1,0.8224643634143636,1
0,0.9550614496614496,0
0,0.8517425685425687,0
0,0.7306988864077099,0
1,0.8811560106560107,1
0,0.7309495643245648,0
1,0.828682864357864,1
1,0.9101226551226549,1
0,0.8106698620823619,0
0,0.9812341158841159,0
0,0.7559509032634032,0
1,0.8535589577089575,1
1,0.8917010572760572,1
1,0.7070495822203252,1
1,0.6220478563103568,1
1,0.7332975399600401,1
1,0.7224807942057941,1
1,0.7819754703629704,1
1,0.7758622280497285,1
1,0.8563599456099458,1
0,0.9102353174603176,0
1,0.8516720279720285,1
1,0.7827050865800864,1
0,0.7590512773174534,0
1,0.714621450771451,1
1,0.8725761016761013,1
1,0.7848190725940719,1
1,0.7246727772227771,1
1,0.9278419719169718,1
0,0.8364035103785104,0
0,0.7989366896991901,0
0,0.8531711328489191,0
0,0.9042215896848246,0
0,0.8576784590409587,0
1,0.648038735855648,1
0,0.8431106948606946,0
1,0.8198165913335028,1
1,0.7731027089740322,1
0,0.823670652958153,0
0,0.8814673604173603,0
0,0.7663578440565283,0
1,0.7808210927960928,1
0,0.9619166375291376,0
1,0.824881865356865,1
0,0.9018830447330448,0
0,0.8902627539127542,0
1,0.8274169182125062,1
0,0.6562611555111559,0
0,0.8473719446918748,0
0,0.9057085553335557,0
0,0.7512813969527204,0
0,0.9424996753246754,0
0,0.8753189491064491,0
1,0.8543767510267513,1
1,0.7524627150627151,1
1,0.8022025465762307,1
0,0.8271300421800422,0
1,0.9350689393939395,1
1,0.75914551975802,1
1,0.7806842005217001,1
1,0.7333915861915861,1
0,0.797001454101454,0
1,0.9347938200688201,1
1,0.8164887806637806,1
0,0.9305673881673882,0
1,0.7818258963258959,1
0,0.8759499139749143,0
0,0.8104568986568991,0
1,0.8888858641358643,1
1,0.8388492784992786,1
1,0.7934201062826061,1
0,0.8618139027639031,0
0,0.927456191031191,0
0,0.7889005355755353,0
1,0.7768823454323457,1
0,0.7708698246198245,0
0,0.7963947233322228,0
1,0.6444670593295595,1
1,0.8095040487290489,1
0,0.8745565295815292,0
1,0.8125833916083917,1
1,0.8158679015429015,1
0,0.8452040792540797,0
0,0.8493916666666668,0
0,0.7372334675128784,0
0,0.9731297979797977,0
0,0.8547298770673768,0
0,0.7534088189588187,0
1,0.8362065961815965,1
0,0.8698087343212343,0
0,0.8113353148485504,0
0,0.7653853785103785,0
0,0.6841243631368631,0
0,0.6814822171292761,0
1,0.824002736152736,1
0,0.7668149322899322,0
1,0.7866835955710951,1
0,0.859840947940948,0
1,0.9286359487734486,1
0,0.8362141219891221,0
0,0.903967352092352,0
0,0.7554034077034075,0
1,0.7539327830064665,1
1,0.8288307137307136,1
0,0.7837867021867023,0
1,0.8047103021978022,1
1,0.7962492812742816,1
1,0.7573453463203462,1
0,0.8145733058608058,0
0,0.8693431568431569,0
0,0.885945970695971,0
1,0.9377017676767677,1
0,0.7239739732489734,0
0,0.8031936531605642,0
1,0.9512869047619049,1
0,0.7485874514374511,0
0,0.7586368688501043,0
0,0.7195508616383617,0
1,0.7186861208236206,1
1,0.8701049284049281,1
0,0.8181141164391162,0
1,0.8798645465645469,1
1,0.8002185306523535,1
1,0.9216871836496835,1
0,0.8131663308913311,0
1,0.9432983544233546,1
0,0.7529970534367593,0
0,0.7306949245199247,0
0,0.7838117993117991,0
0,0.8110229613523734,0
1,0.8138153235653227,1
0,0.8172927100677098,0
1,0.9042480186480188,1
1,0.8424193088773972,1
0,0.880685853035853,0
1,0.9148040653790653,1
1,0.8557014547543959,1
1,0.8104830990088342,1
1,0.9107431568431565,1
0,0.790985411810412,0
1,0.9064746170496167,1
0,0.8231711455211453,0
0,0.6456905816405819,0
1,0.6107818334443338,1
1,0.8606615329115326,1
0,0.8993273448773452,0
0,0.8538275613275611,0
1,0.8261383880008881,1
1,0.7835399836274837,1
0,0.7454401247445368,0
0,0.8690442057942057,0
0,0.8479132423132423,0
1,0.8236551837051841,1
0,0.8827014083139084,0
0,0.8093534485122718,0
0,0.7996514596514599,0
0,0.8924958652458649,0
0,0.7364339146964146,0
0,0.860502022977023,0
1,0.8778422854922856,1
0,0.8263436077811075,0
1,0.7613102507141984,1
1,0.8566892496392499,1
1,0.8021437209848974,1
1,0.8342465326340334,1
1,0.6953210248085243,1
1,0.7676125319125319,1
0,0.938702106227106,0
0,0.9516787323787326,0
0,0.8119924686424689,0
1,0.8416234015984014,1
1,0.7566873466402875,1
1,0.7893531163281166,1
1,0.864816609697492,1
0,0.9054665528915533,0
1,0.8272595279720277,1
0,0.8788862623487622,0
0,0.7838215728715727,0
0,0.7301376429126428,0
1,0.8222891590435712,1
0,0.9529751151626153,0
0,0.7693632599426719,0
0,0.8165111444111447,0
0,0.9151331030081028,0
1,0.8838627181298233,1
1,0.7954051143301144,1
0,0.8184125749250746,0
1,0.8906789682539684,1
0,0.8373138306138306,0
0,0.8639749324205203,0
1,0.8438532939282939,1
1,0.7602869116994121,1
0,0.9501022283272285,0
0,0.8160669191919194,0
0,0.8278386280386282,0
1,0.9057368215118213,1
0,0.8505362040737043,0
0,0.6371595858389977,0
1,0.6946951127304071,1
0,0.841309554334554,0
0,0.8747412216868101,0
1,0.8304708208458209,1
1,0.835378002553002,1
1,0.7080084110334107,1
1,0.8677149156399158,1
1,0.8297454434454435,1
1,0.8028422730047734,1
0,0.7644265078059196,0
0,0.9336942113442116,0
1,0.8042373112998112,1
0,0.9412581168831168,0
1,0.8945857142857143,1
1,0.7698673770673774,1
1,0.7475482446475089,1
0,0.8258326007326008,0
0,0.8887838855588857,0
1,0.84359812964813,1
1,0.8651348623598618,1
1,0.8306701881451878,1
1,0.8216221611721611,1
0,0.9109959595959599,0
1,0.9641964285714286,1
0,0.8513276649820769,0
1,0.8121035709173869,1
1,0.8690393495393499,1
1,0.8999136363636362,1
0,0.9628976440226438,0
1,0.7815345721272192,1
1,0.8236590839715842,1
0,0.8396468004218001,0
1,0.8063137314439947,1
0,0.7617043567543563,0
1,0.873158816183816,1
0,0.9326583055833058,0
1,0.7939767843267844,1
0,0.8021842019092017,0
0,0.7515380203130202,0
0,0.8023861471861472,0
0,0.8992417388167389,0
1,0.7557479104229105,1
0,0.913811850649351,0
0,0.848968076368076,0
0,0.7698725371850373,0
0,0.8564503413253413,0
1,0.842503396603396,1
0,0.9041505855255855,0
1,0.8219739718614717,1
1,0.7617886807636809,1
0,0.807508147408147,0
0,0.8059993645243645,0
1,0.8090035484123719,1
0,0.5283123390498393,1
0,0.7647408204540557,0
1,0.8577710317460314,1
1,0.8568735930735928,1
1,0.7716278027528027,1
1,0.790837650095003,1
1,0.8577888139638133,1
1,0.7878682650682655,1
1,0.786873137973138,1
1,0.8041622214043265,1
0,0.7840877039627034,0
1,0.8864681096681096,1
0,0.8814235181485182,0
0,0.8566765151515151,0
0,0.9060458041958042,0
0,0.6175546994671997,0
1,0.9070349705849706,1
1,0.848073072760573,1
1,0.9162877816627819,1
1,0.8956189754689755,1
1,0.9022921198082965,1
1,0.8055746003996,1
1,0.8617718725718722,1
0,0.8495209831834827,0
1,0.8923155733155731,1
0,0.9194205683205686,0
1,0.8021897685647683,1
1,0.7752468376394851,1
1,0.8903663891663889,1
0,0.8577115689865694,0
1,0.8135203944748064,1
1,0.8943130563880565,1
0,0.9228208472083469,0
0,0.8822980547230547,0
1,0.843396631146631,1
0,0.7809081668331671,0
1,0.8403854645354643,1
1,0.8461057118320277,1
1,0.8332929625929626,1
0,0.8578072843822846,0
0,0.7956990727409845,0
0,0.893006825119325,0
1,0.8048777583527582,1
1,0.8090487262737264,1
0,0.8554892773892773,0
0,0.7810743682787801,0
1,0.7922717643467646,1
1,0.7374343670218665,1
1,0.6907192771281007,1
1,0.8896119434487085,1
0,0.7753101398601397,0
1,0.864530833055833,1
0,0.7715971611721609,0
1,0.8267829781329782,1
1,0.8138668831168832,1
0,0.8424718364968363,0
0,0.7823393162393161,0
1,0.7539367729492732,1
1,0.8719250027750028,1
1,0.8873686951936952,1
1,0.8416490509490508,1
0,0.7321757492507494,0
0,0.8502176739926737,0
0,0.7525230006105009,0
1,0.8514191114441119,1
1,0.7930262848262845,1
0,0.8001532601170765,0
0,0.752922725885226,0
1,0.7779345904095903,1
0,0.8235431235431235,0
0,0.9115847569097567,0
1,0.953105463980464,1
0,0.7931692779442782,0
1,0.8442846875346874,1
1,0.8178962370962374,1
0,0.9157916361416365,0
1,0.8163888777888775,1
1,0.8386282079032079,1
0,0.745932939282939,0
0,0.8267338966588965,0
0,0.883422940947941,0
1,0.7696829906204905,1
0,0.8374275141525144,0
0,0.8814101093351097,0
1,0.8568886363636363,1
1,0.7738164973914968,1
1,0.8676355283605283,1
1,0.9217722943722946,1
1,0.7856324286824289,1
1,0.6579560217560214,1
0,0.9209178821178821,0
1,0.6837591104973455,1
0,0.8672492729492728,0
1,0.8655499113631471,1
0,0.8216442030192033,0
1,0.7619665766423122,1
0,0.9347192363192364,0
0,0.8816421134421132,0
1,0.8513587745587743,1
0,0.8359503441003442,0
0,0.7338585760644584,0
0,0.6864083832833834,0
0,0.8850576035076033,0
1,0.8391911699411699,1
0,0.9251469696969699,0
0,0.877260843731432,0
1,0.8043450466200468,1
1,0.875735589410589,1
1,0.9136232323232326,1
0,0.946423149073149,0
0,0.8922328407703406,0
1,0.7862764915639914,1
1,0.8370147075147073,1
1,0.7541968004218006,1
0,0.9426012154512151,0
1,0.6981114052614046,1
0,0.9239103285603286,0
0,0.7413523403067521,0
0,0.895773676323676,0
1,0.8162650849150846,1
0,0.7698815628815625,0
1,0.7632594645550531,1
1,0.7126969336219339,1
0,0.5208033286158285,0
0,0.9216057886557887,0
1,0.8415608169608163,1
0,0.9191222388722389,0
1,0.6642233877233875,1
1,0.845482833832834,1
1,0.8325608585858587,1
0,0.702359233821734,0
1,0.6161617077367076,1
0,0.7646179070929067,0
1,0.7489136373430493,1
1,0.7717013912558035,1
0,0.8332291006379233,0
0,0.818377772227772,0
0,0.815395493395494,0
0,0.904931501994737,0
1,0.7397531776445087,1
1,0.7808647297147295,1
0,0.8659373777366427,0
1,0.757649358974359,1
0,0.7753683282403868,0
0,0.8828380054585945,0
1,0.8143691197691197,1
0,0.744783918858919,0
1,0.711966071183718,1
0,0.8728790404040402,0
0,0.8210327478077477,0
1,0.7773905021449139,1
1,0.8413269938394934,1
0,0.7568228271728277,0
1,0.8923863164613164,1
0,0.9051247613497616,0
0,0.8246512182262185,0
1,0.813528207903208,1
1,0.8097460971218328,1
1,0.7429466255966249,1
1,0.8778061299811297,1
1,0.7502025419025421,1
1,0.895542755855256,1
0,0.7166945818070817,0
0,0.8647245670995665,0
0,0.830635475635476,0
0,0.919052528027528,0
0,0.8839901376401378,0
1,0.8909981740481738,1
1,0.8889412573537567,1
1,0.7847403124653118,1
1,0.8306401570651568,1
0,0.6350170727964843,0
1,0.8034214382839389,1
0,0.7864288655788654,0
1,0.7827924589299589,1
1,0.7345925241425241,1
0,0.8977426795426795,0
1,0.777561442723943,1
0,0.7134497641247638,0
0,0.891298146298146,0
0,0.9953015873015874,0
1,0.7379651140526146,1
1,0.8769302086802087,1
0,0.9142408008658007,0
0,0.8697509906759905,0
0,0.7017566613941613,0
1,0.7554376609501605,1
0,0.7458742229992233,0
0,0.9310861763236759,0
0,0.8099106338106339,0
0,0.9150609224109226,0
0,0.8133841315547197,0
0,0.9204114135864134,0
0,0.736355838605839,0
0,0.8359548951048954,0
0,0.8121530608280607,0
1,0.9673406676656677,1
1,0.7831242895992897,1
1,0.8980068996363113,1
0,0.9259297286047284,0
0,0.7047700864494985,0
0,0.8285085941835948,0
1,0.8155029748029752,1
0,0.7623263861138864,0
1,0.8090085830835828,1
1,0.9861575396825398,1
0,0.7910194333444328,0
0,0.6818521645021642,0
1,0.9498476689976689,1
0,0.8202207320457318,0
0,0.7742958458208459,0
0,0.817083859853597,0
1,0.7072809728283411,1
0,0.7242217060717062,0
1,0.8654878565878567,1
0,0.7913214618714617,0
1,0.8913049644799648,1
0,0.8304733960483961,0
1,0.738623962148962,1
0,0.8908149378399375,0
0,0.9120465867465867,0
1,0.7779563270063266,1
0,0.8659937405731525,0
0,0.8832224858474863,0
1,0.846802299089799,1
0,0.8297987540237545,0
1,0.8275440365190369,1
0,0.8645446257990375,0
0,0.8560327741702748,0
1,0.7902815101565102,1
1,0.9753078643578644,1
0,0.8663710428460427,0
1,0.8065407434069195,1
1,0.8024605089355088,1
0,0.8913188727938735,0
0,0.8027170940170941,0
1,0.7875962561131679,1
0,0.7611029054279053,0
0,0.8773242451992449,0
1,0.8907129287379288,1
0,0.8392162476412474,0
0,0.8283787601287599,0
0,0.782190262107174,0
0,0.911345204795205,0
1,0.5917493256743255,1
0,0.8683321511821508,0
0,0.9479303030303028,0
0,0.9162544927294926,0
0,0.8534744089244087,0
1,0.773713192363192,1
0,0.852965025252525,0
0,0.8726522005772004,0
1,0.9318740259740261,1
1,0.8755032439782443,1
1,0.7195413197913202,1
1,0.6377150524913684,1
0,0.8304376799670917,0
0,0.8930160450660444,0
1,0.9213305583305583,1
1,0.8692778457653457,1
1,0.8465737753474593,1
0,0.8263665556665554,0
1,0.8345868326118325,1
1,0.8371943056943058,1
0,0.7932327672327676,0
0,0.9819432428682429,0
0,0.864525899100899,0
1,0.7317020729270726,1
0,0.869343867243867,0
0,0.6577013569763571,0
1,0.8571730842686726,1
1,0.8984026529026532,1
1,0.7939204489954486,1
1,0.9295563279857397,1
1,0.6669746980144041,1
0,0.7567168539793536,0
0,0.7548360500610501,0
0,0.9460522366522369,0
1,0.7450335224416106,1
1,0.790792023254523,1
0,0.9507682539682539,0
1,0.8098822274947272,1
0,0.8673773393273391,0
0,0.8851507381507379,0
1,0.8264247595541723,1
1,0.779277117327117,1
1,0.7115339105339106,1
0,0.823320984570985,0
1,0.9126396242646243,1
1,0.7696830040874161,1
0,0.845178026140526,0
1,0.8493492562992563,1
0,0.8031257002801121,0
1,0.8213896839271836,1
1,0.8177634559884561,1
0,0.8486288273001507,0
0,0.8538367926191454,0
0,0.8917430985680987,0
0,0.8109706848706849,0
0,0.841779478854479,0
1,0.8104367562992568,1
1,0.8021553002553,1
1,0.8945809884559887,1
0,0.9130463203463204,0
0,0.837020942945943,0
1,0.7128759715774415,1
1,0.793337851037851,1
0,0.915976370851371,0
1,0.9049951076701077,1
0,0.7359568542568542,0
1,0.8556125971250974,1
0,0.858620571095571,0
1,0.8480729978354976,1
0,0.794816378066378,0
0,0.709550192862693,0
1,0.8547118437118435,1
1,0.8357875255463492,1
1,0.9029869047619049,1
0,0.8917664613164616,0
0,0.8946020063270064,0
1,0.7456202145077147,1
0,0.7064220751470752,0
0,0.7310576173826174,0
1,0.8758956349206348,1
1,0.77835000971251,1
0,0.8199091200466202,0
0,0.7400788739038733,0
1,0.8004758241758242,1
1,0.8566130036630033,1
1,0.7628123892447423,1
0,0.7640805264180266,0
1,0.720827129406541,1
0,0.8032201835745953,0
1,0.8416887584637581,1
1,0.8612654179154179,1
0,0.8061549478299473,0
0,0.7354409433703549,0
0,0.8735181596181595,0
0,0.7770146169190285,0
0,0.8942340798090797,0
1,0.8775358068402186,1
1,0.8837792762792758,1
1,0.8173505744255747,1
0,0.9091379120879125,0
1,0.8067202935952941,1
1,0.8256085261960259,1
1,0.8230861971361976,1
1,0.8029178932178932,1
1,0.7406436979686982,1
0,0.7943052134999502,0
0,0.7600739510489513,0
1,0.7382494949494947,1
1,0.8658672244422242,1
0,0.9310623820623821,0
0,0.6410934581758114,0
0,0.7802017926517926,0
1,0.8327700410700408,1
0,0.8900762237762239,0
1,0.9520552281052281,1
1,0.7868336344211347,1
1,0.8147237734487731,1
0,0.7269165917415921,0
1,0.7654062173937174,1
1,0.8116255022755022,1
1,0.8296725829725827,1
0,0.6966021561771558,0
0,0.922611868686869,0
1,0.8139063381063381,1
1,0.8364327561327565,1
0,0.9121198598786833,0
0,0.9205186507936507,0
0,0.7371589692170574,0
1,0.8812668026418027,1
0,0.9511515762015764,0
0,0.8454892024642026,0
0,0.7269957320457321,0
0,0.5345743936618936,0
1,0.7669092435342434,1
0,0.8782787407037402,0
1,0.8097473359973361,1
1,0.9088912930207047,1
0,0.8466561938061933,0
0,0.8384742765404529,0
1,0.7010317626817621,1
0,0.8715434121434122,0
1,0.9213199050949049,1
1,0.8564235580595873,1
0,0.5606611281692163,0
1,0.8078250277500283,1
0,0.8977068376068369,0
0,0.8860909701409698,0
1,0.8134687035187034,1
0,0.8447642440892439,0
1,0.8857639388389391,1
1,0.7464708236208238,1
1,0.6039567488067488,1
0,0.8484916458541462,0
0,0.9147785062160064,0
1,0.6922961909006023,1
0,0.8744166555666554,0
0,0.941713614163614,0
0,0.7829261655011653,0
0,0.7935815198690197,0
1,0.7600782536907537,1
1,0.8340373876123873,1
1,0.8940052308802305,1
0,0.8681539106318515,0
0,0.8221184443007968,0
0,0.7505155340574455,0
0,0.9153928404928404,0
1,0.8469360528360524,1
0,0.8998932234432236,0
0,0.8244812742812746,0
0,0.698363408813409,0
1,0.7550139943389943,1
1,0.8688015873015874,1
0,0.9214195942945942,0
1,0.8619527666777667,1
0,0.7443649975024972,0
1,0.7627321123321124,1
0,0.9328820956820958,0
1,0.8374528249528254,1
0,0.8572539099789099,0
1,0.8161325396825393,1
1,0.8474144954460745,1
1,0.7760740731490734,1
1,0.8251937590187587,1
1,0.926259595959596,1
0,0.9024146825396823,0
1,0.9233401376401376,1
1,0.8536600233100231,1
1,0.8445311105561106,1
1,0.7749907134532138,1
1,0.8747599345099342,1
1,0.9812281746031747,1
1,0.826157844932845,1
1,0.7857461954711953,1
0,0.9688046176046178,0
0,0.8737989635364638,0
0,0.7871704415897139,0
1,0.9406669330669329,1
0,0.756381968031968,0
0,0.6414386363636364,0
1,0.7487213591963591,1
1,0.8525397231853111,1
1,0.8879804723054724,1
0,0.8626414710289709,0
1,0.7849743534243532,1
1,0.7922769785769783,1
1,0.6589131721219961,1
1,0.8627208069708066,1
1,0.6072569916194915,1
1,0.6694910200910201,1
1,0.7668448828948834,1
1,0.7925257353757358,1
0,0.9705668165168166,0
0,0.8651395354645356,0
1,0.9408164391164394,1
0,0.7507120157620163,0
0,0.8544191327678168,0
1,0.8517655358530363,1
1,0.815686865911866,1
1,0.8244966255966253,1
1,0.6239373162784922,1
1,0.8455978798978798,1
0,0.7271328671328668,0
0,0.8144406524031518,0
0,0.7149949631508844,0
1,0.80637031024531,1
0,0.695901781551781,0
0,0.8179660089910085,0
0,0.7712889818514819,0
0,0.915126984126984,0
0,0.8026131701631699,0
1,0.9226527084027079,1
1,0.7848366994116992,1
0,0.8440014582639586,0
1,0.8767335275835273,1
1,0.8546980983069219,1
0,0.9007550033300034,0
1,0.7899629231879237,1
1,0.8094986319236318,1
0,0.7634845589051467,0
0,0.8032600677100671,0
0,0.7993724913974914,0
1,0.7552645396270399,1
1,0.7909983863358863,1
0,0.9416928155178157,0
0,0.7374965700965702,0
1,0.8601254800754798,1
0,0.805564217726718,0
0,0.8397089880707529,0
0,0.904956851481852,0
0,0.8101817168942173,0
0,0.8897881562881563,0
1,0.8234668339830098,1
0,0.9316179348429349,0
0,0.8090097624597624,0
1,0.7391905941280945,1
0,0.7999284992784994,0
1,0.7920975191475187,1
0,0.8035197330447331,0
0,0.8517454850704852,0
0,0.9045319004524884,0
0,0.7830463702963707,0
1,0.7872459790209793,1
0,0.7609985184749889,0
0,0.8614322621822625,0
0,0.8727132421500069,0
1,0.8556598346098344,1
0,0.8443169691419694,0
0,0.8317010073260073,0
0,0.9663235847485846,0
0,0.7090881229881236,0
0,0.6783958310695151,0
1,0.7738495088245086,1
0,0.8171890040515041,0
0,0.8783926601176605,0
1,0.7574782162282168,1
0,0.8096508659641017,0
1,0.8475366855366858,1
0,0.9699547008547009,0
0,0.9285915001665003,0
0,0.8199220959595964,0
1,0.7406432525807524,1
0,0.7501607517482511,0
1,0.9825112193362195,1
1,0.8442219516594518,1
0,0.8680863636363637,0
1,0.8461053307803308,1
0,0.9424911976911978,0
1,0.8292588272838273,1
1,0.8134949550449551,1
1,0.8884785900374134,1
0,0.897546607151019,0
0,0.9217623418248421,0
0,0.8640947247197246,0
1,0.9156131923631923,1
1,0.7763970550948882,1
0,0.9058211122211124,0
0,0.8241038059163058,0
1,0.7437656317538669,1
0,0.7622134629259628,0
0,0.841370859695859,0
0,0.9419070734820735,0
0,0.7102944505657739,0
0,0.7822762723387723,0
0,0.8171313353313354,0
1,0.8309498390498384,1
1,0.7877196303696299,1
0,0.942694893994894,0
0,0.751389073426573,0
0,0.9570529109779109,0
0,0.9236390331890331,0
1,0.8203271950271948,1
0,0.9298120240870238,0
0,0.7370004514491356,0
1,0.7958985246779368,1
0,0.8671908147408144,0
1,0.8621849816849811,1
0,0.8028041541791542,0
0,0.6718514097014097,0
0,0.9144067349317352,0
0,0.8640475288600286,0
1,0.696968839493839,1
0,0.8266762709512703,0
1,0.8459769480519482,1
0,0.7580842629592629,0
0,0.913927353202353,0
0,0.8339111305361304,0
0,0.9187667804417808,0
1,0.7906138888888887,1
0,0.6857950200126669,0
0,0.913573873348873,0
0,0.7215712232212232,0
1,0.8006462232212234,1
1,0.78722393994894,1
0,0.7822850316350318,0
1,0.8279247845291965,1
0,0.8572211108336104,0
1,0.9257299062049065,1
1,0.8469638278388277,1
0,0.9029775419025415,0
1,0.8291766733266727,1
1,0.8770543789543791,1
0,0.808328885003885,0
0,0.9637560606060606,0
0,0.672130106005106,0
1,0.8211210844710849,1
1,0.7656377358752356,1
1,0.8947123570873569,1
1,0.8025591297591301,1
0,0.8642865675990675,0
1,0.8072360750360755,1
0,0.8449170755714875,0
1,0.6943459718386188,1
1,0.9283367493617488,1
1,0.7670328713769888,1
1,0.9310769869019867,1
1,0.754884457209457,1
1,0.7247553959928962,1
0,0.8580689754689758,0
1,0.8115990786990788,1
1,0.830037246087246,1
1,0.8051039821289819,1
0,0.8483269619269619,0
0,0.9410314213564216,0
0,0.8138697108447106,0
1,0.5042513597513594,1
0,0.7930896242646241,0
1,0.7000107059607062,1
0,0.8322480075480071,0
1,0.769273078310578,1
0,0.888479270729271,0
0,0.6372743117993122,0
0,0.8528202061827064,0
1,0.8983661754911755,1
1,0.7369452602952598,1
0,0.6469249875124874,0
1,0.7650453213453209,1
0,0.7887999028749029,0
1,0.8784797665784508,1
1,0.8028830627705624,1
0,0.6176984917859923,0
1,0.8966500249750248,1
1,0.8098896575646576,1
0,0.7844107753357755,0
1,0.8018217213342217,1
0,0.8590583735708738,0
0,0.7450179968724085,0
1,0.8222408803614679,1
0,0.8440606698856696,0
1,0.7328230977355981,1
1,0.827208195970696,1
0,0.8978547757797756,0
0,0.8158227633477635,0
0,0.7605598901098898,0
0,0.9284962842712842,0
1,0.7591417249417248,1
0,0.9386734529359531,0
1,0.930026551226551,1
0,0.7150371017871013,0
0,0.8076771395271398,0
0,0.8439864997747349,0
0,0.7721504578754577,0
1,0.9009042041292038,1
1,0.8009427142302148,1
1,0.882442268842269,1
0,0.7283843023204869,0
1,0.7204817807192806,1
0,0.8428359348984352,0
1,0.9244844488844487,1
1,0.9197677489177489,1
1,0.8289819819069826,1
0,0.8203158230658227,0
1,0.7371669413919414,1
0,0.8052885808635809,0
0,0.9050576270951273,0
1,0.8449790033495915,1
1,0.8482315281940283,1
1,0.8756679403929403,1
1,0.8311508796758803,1
1,0.6987080475080476,1
0,0.7351720335220336,0
0,0.8346546092796093,0
0,0.9754146825396826,0
0,0.7039451465201465,0
0,0.9448133477633479,0
0,0.8386375069375068,0
0,0.7523110987868341,0
1,0.8001692002442006,1
0,0.7219139499389503,0
1,0.8916298590298589,1
1,0.9113292846042844,1
0,0.6837982045732046,0
0,0.7165682196888079,0
0,0.780121377233877,0
0,0.8392739565989565,0
0,0.8690834665334661,0
0,0.890109718059718,0
0,0.8638465992340991,0
0,0.8496661754911756,0
0,0.76215308025308,0
0,0.8207867854367854,0
0,0.740292064471476,0
1,0.860264454989455,1
0,0.7693250568875567,0
0,0.8368674630924632,0
0,0.7099005355755358,0
1,0.9413203745600802,1
0,0.8857103049728048,0
0,0.9547790626040624,0
0,0.7680136535849766,0
0,0.8927155705405703,0
1,0.838345354645355,1
0,0.7325633838383839,0
1,0.7281741341991345,1
0,0.7472632583103176,0
1,0.8867359668109667,1
1,0.688329383116883,1
1,0.7807571936835089,1
0,0.9475363997113999,0
0,0.9233067488067483,0
1,0.8631589355089359,1
0,0.6962241522366521,0
0,0.8483686767480885,0
1,0.8254420718170716,1
0,0.9060289571539571,0
1,0.824741579907021,1
1,0.7641180902430902,1
0,0.9555567099567102,0
0,0.7400370199245199,0
1,0.8365850635475631,1
1,0.7343382934059401,1
1,0.760601005938506,1
0,0.9667612193362193,0
1,0.7530440041984157,1
0,0.8699779276279277,0
1,0.8381597430347428,1
0,0.9693464105339106,0
1,0.8395591824841822,1
0,0.8461915750915753,0
0,0.6859369755244757,0
1,0.8266860758522524,1
0,0.8302973262848259,0
1,0.8247186535686534,1
0,0.8165371156621158,0
1,0.8489297508047514,1
0,0.717918312243312,0
0,0.621250964313464,0
1,0.7975645354645358,1
1,0.7729777347652349,1
0,0.7651632506382502,0
1,0.9685799422799423,1
1,0.9380242313242314,1
1,0.7932658952158953,1
1,0.7526395188145188,1
1,0.8804449994449995,1
0,0.7604120879120875,0
0,0.8763552558552559,0
0,0.7953259591715474,0
1,0.7667501230795357,1
1,0.886240950715951,1
0,0.7856170218670208,0
1,0.8526321571402459,1
0,0.9043230408480407,0
1,0.8335388926433045,1
0,0.8230422839200702,0
0,0.7406139138639133,0
1,0.7067963467088466,1
1,0.7634116752528515,1
1,0.9102925324675324,1
1,0.8793418290043296,1
0,0.8299919191919191,0
0,0.8411395992895994,0
0,0.7014811494061498,0
1,0.8032092046842049,1
0,0.7502106367488716,0
0,0.9564849059437294,0
0,0.8633411616161617,0
1,0.8561196553446553,1
1,0.902753085803086,1
1,0.8306289460539461,1
1,0.9419510905760908,1
1,0.8347912795537797,1
0,0.8583143939393937,0
1,0.6145055682063041,1
1,0.893411963036963,1
0,0.7610287462537462,0
1,0.8851560966810962,1
1,0.8654036352536351,1
0,0.8825854451104457,0
0,0.8814032108242633,0
1,0.8962987956487951,1
0,0.8063230602730599,0
0,0.8981793942168945,0
0,0.899899802974803,0
0,0.6919214923964926,0
0,0.8863946830946831,0
0,0.7313778735153739,0
0,0.7693262459762455,0
1,0.8120591214341213,1
1,0.6763709484959485,1
0,0.8347165612165611,0
1,0.8524915972915975,1
1,0.8181724969474968,1
1,0.8636897879897881,1
1,0.7746260156510156,1
1,0.9434338827838828,1
1,0.8402465284715281,1
0,0.7568673354423351,0
1,0.7921731518481518,1
1,0.7951237831612835,1
1,0.751535487551664,1
0,0.771267927905428,0
0,0.7460892646826859,0
0,0.8330482933732933,0
1,0.87120409035409,1
1,0.8227871021951909,1
1,0.814755502830503,1
0,0.8517717865467863,0
0,0.7735070235320232,0
1,0.9313603313353314,1
0,0.8393071317571319,0
1,0.7889594405594406,1
1,0.8404228021978021,1
1,0.7694752358752357,1
1,0.7392141771627059,1
0,0.8095703352203352,0
0,0.7970531773781775,0
0,0.8382215423465421,0
0,0.779550901875902,0
1,0.8434330215536094,1
0,0.888433757908758,0
0,0.8998103507603508,0
0,0.7455050917220033,0
1,0.7788565073815067,1
0,0.7311406887445201,0
1,0.9418827349121465,1
0,0.807163708513709,0
1,0.8250900654900656,1
1,0.763346192696193,1
0,0.8582146936396935,0
1,0.8125230842686724,1
0,0.8970727008285834,0
0,0.8519094155844155,0
0,0.82702775002775,0
1,0.806349836274836,1
0,0.7968195693195688,0
0,0.8669786047286047,0
0,0.9138572080697084,0
1,0.7909926767676766,1
1,0.8023589438339439,1
0,0.854931327006327,0
1,0.8803737651237651,1
0,0.9685466949716951,0
0,0.7581023088023081,0
0,0.8332743076368081,0
1,0.7948661477411475,1
0,0.7254550463425463,0
1,0.8311586913086914,1
0,0.7804630966255968,0
1,0.781721610742199,1
0,0.8944639471639473,0
0,0.8844743437118436,0
0,0.6341792883587001,0
1,0.8566201659451658,1
0,0.7097652930402931,0
1,0.7015423326673332,1
1,0.796376554001554,1
0,0.7957563450438447,0
0,0.6321445843372313,0
0,0.8779969308469308,0
0,0.7236335747585746,0
1,0.8296492949860597,1
0,0.8607049963924963,0
0,0.7781832335792858,0
0,0.7897856240981241,0
0,0.703587261921085,0
0,0.7850016955266953,0
1,0.8966084276834282,1
0,0.7792204184704187,0
0,0.738717067654567,0
1,0.8257843739593735,1
0,0.8129567848817845,0
1,0.7298608294483295,1
0,0.8961641164391164,0
0,0.8712764698321976,0
1,0.7677200410700412,1
0,0.9798223443223442,0
1,0.8858883005883004,1
1,0.7864077783327788,1
0,0.8076513013946836,0
0,0.9238932525807528,0
1,0.8618365967365967,1
0,0.7672714466089472,0
0,0.7514780580530583,0
1,0.8136005754049872,1
0,0.6757388861138859,0
1,0.9111580641580641,1
0,0.784335705960706,0
1,0.6649558608058604,1
1,0.8472809662559659,1
0,0.7603392496392496,0
0,0.810481085581085,0
1,0.8799359973359976,1
1,0.8619505633255639,1
1,0.8541904262404261,1
1,0.884117583396995,1
0,0.9095986735486735,0
1,0.830264234376734,1
0,0.8413335803085806,0
1,0.8380423520923519,1
0,0.7717481240981239,0
0,0.7605844202581044,0
1,0.8610170329670329,1
0,0.9312752525252525,0
0,0.8226810610141494,0
0,0.9480163447663448,0
0,0.8656176948051948,0
0,0.6571593850593846,0
0,0.9366047220753105,0
1,0.6710185786435785,1
0,0.8963478354978354,0
1,0.8226841602841606,1
1,0.7746365911865912,1
0,0.7373035742035743,0
1,0.7963417166167172,1
1,0.7318574300699306,1
0,0.8632718129093129,0
0,0.877900369075369,0
0,0.8956414474414479,0
0,0.6907751748251743,0
0,0.9582465617715618,0
0,0.9229624958374958,0
1,0.8830348004936242,1
0,0.8694840548340544,0
0,0.8980483183483186,0
1,0.8886241536241538,1
0,0.7573157620157622,0
0,0.8914696421268785,0
1,0.8749757964257964,1
1,0.9212578532578531,1
0,0.7439084221334217,0
1,0.7556732572982569,1
1,0.7649821775446772,1
0,0.8593807664557663,0
0,0.7669941086691089,0
1,0.7766300269175275,1
1,0.6635722888222888,1
0,0.9010066100566101,0
1,0.8687198856698858,1
1,0.8666106116106115,1
1,0.8124105987150102,1
1,0.8179241702741705,1
1,0.828860101010101,1
0,0.9383479686979689,0
0,0.9212377955377955,0
0,0.8037786150124382,0
0,0.9193976958713801,0
0,0.7210048017342137,0
0,0.7993568855980621,0
0,0.7879602952602951,0
0,0.8697042707292706,0
1,0.7816319495863618,1
1,0.7767179625929626,1
1,0.703674665612166,1
0,0.8462445165945166,0
1,0.781247556610057,1
0,0.8277238705738704,0
0,0.7707376637251638,0
1,0.8014855847841522,1
0,0.9264537462537462,0
1,0.8631004939504936,1
1,0.7927777805527808,1
1,0.7779982989232995,1
1,0.5050945998445998,1
0,0.8749010128760125,0
0,0.8531839715839712,0
1,0.7600989288489287,1
0,0.7362442388751602,0
1,0.8296812132312131,1
1,0.8461701479076477,1
1,0.8857370018870019,1
0,0.7208217141046089,0
1,0.7720313755688754,1
1,0.7934328930873045,1
0,0.7770739538239533,0
1,0.5826942543567544,1
1,0.8097277944277946,1
0,0.9828459595959594,0
1,0.7372358724608722,1
0,0.7655963286713279,0
0,0.6776931568431572,0
1,0.7814835997335993,1
0,0.8320039377289378,0
0,0.8054500915750917,0
1,0.8833346037734198,1
0,0.6102251151626152,0
0,0.7783632934059406,0
0,0.668417088467089,0
0,0.9587259129759128,0
0,0.8576102841602842,0
1,0.7686046176046177,1
1,0.8107088342213343,1
1,0.6571748917748922,1
0,0.8492452269952265,0
0,0.8994970890220894,0
0,0.6295535751829867,0
0,0.745954945054945,0
0,0.7611399905649907,0
1,0.8451124098124098,1
1,0.8236431554556555,1
0,0.9584948412698413,0
0,0.8178141996891994,0
1,0.9153856060606058,1
0,0.9211838411588408,0
0,0.8663304757334166,0
1,0.7294884268509267,1
1,0.7734942599067598,1
0,0.9593669386169387,0
0,0.8620645091020095,0
1,0.9008415001665001,1
0,0.7475516765398339,0
0,0.8511703801315642,0
0,0.9520609973359975,0
0,0.8103008436008439,0
0,0.8943429792429793,0
0,0.7857116214667684,0
0,0.9520748556998556,0
0,0.7334025474525478,0
0,0.715352762515262,0
1,0.7751759379509379,1
1,0.7297246156621158,1
1,0.8941717893217894,1
0,0.7413204503829502,0
0,0.8596013042513045,0
1,0.8285734015984015,1
1,0.7989338689088693,1
0,0.6602585775335774,0
0,0.8049204434454436,0
1,0.8596689671439673,1
1,0.7694385336885333,1
1,0.882625105450105,1
0,0.8891229548229549,0
0,0.8912702824952827,0
0,0.8734970301757068,0
0,0.8860374486624488,0
1,0.7286069338556178,1
0,0.8569118020868023,0
1,0.7268947247197247,1
0,0.9154144189144189,0
0,0.8816520007770011,0
0,0.822476165501165,0
0,0.737266646833558,0
1,0.7225427239427235,1
1,0.8234732933732929,1
0,0.916191133866134,0
0,0.8591949855699855,0
1,0.8122817941862057,1
1,0.764458719058719,1
0,0.843040784215784,0
1,0.8897911116661114,1
1,0.847482165057165,1
0,0.9720517565767564,0
0,0.8040693334443334,0
0,0.8765115440115444,0
0,0.8669486124986125,0
1,0.7490578490953488,1
0,0.9484439532689536,0
0,0.745800419025419,0
0,0.8517799894549889,0
1,0.8673601315351316,1
1,0.6991098290598289,1
0,0.902614949919362,0
1,0.8237347291597297,1
0,0.7642259684759686,0
1,0.7481725954600954,1
0,0.9401913669663668,0
0,0.8989700632700629,0
0,0.8730056277056281,0
0,0.7935900183150185,0
1,0.7865634226884227,1
1,0.8304892385392384,1
0,0.8918395424020426,0
0,0.7841280378977741,0
1,0.9284821400821399,1
1,0.8841196151071152,1
0,0.8262127049421166,0
1,0.7386242507492502,1
1,0.8419569638694637,1
0,0.8115634540897698,0
1,0.9370133838383837,1
1,0.8639717893217896,1
0,0.9322093795093795,0
1,0.7736814352314348,1
0,0.8266317640692636,0
0,0.777050922525187,0
0,0.8288763597513598,0
1,0.8466672480297479,1
1,0.8539241785991786,1
1,0.8603699217449217,1
1,0.8254114493349788,1
1,0.8822663947163948,1
0,0.8601119269619264,0
0,0.9068674963924965,0
1,0.7644011655011657,1
0,0.7912556804306805,0
1,0.8225344405594404,1
1,0.7565656482406489,1
1,0.8193041264291266,1
1,0.8088917055167056,1
1,0.8003537101787107,1
1,0.7173848568098568,1
1,0.868364642302142,1
0,0.7014634070178188,0
1,0.8828657842157842,1
1,0.5915087662337665,1
1,0.8823924242424241,1
1,0.663462852833441,1
0,0.8308322205572206,0
0,0.8544181318681318,0
1,0.8768869047619047,1
1,0.6481781829281831,1
0,0.8600771201021199,0
0,0.7946131382506385,0
0,0.7451618104118103,0
1,0.9221053391053391,1
1,0.740683476245976,1
1,0.663340491964176,1
1,0.6149170412920415,1
1,0.8998971861471861,1
0,0.769814809373633,0
0,0.8007381895881893,0
0,0.6856458596958599,0
1,0.8669939532689533,1
1,0.9063266705516706,1
0,0.8023492571154339,0
0,0.6748047230547235,0
0,0.7405782592407593,0
0,0.8469594425182663,0
0,0.7807251970251973,0
0,0.8223187812187812,0
0,0.793837529137529,0
0,0.962804956154956,0
0,0.9706530303030301,0
1,0.8965671245421246,1
0,0.9386784271284269,0
0,0.9029159368409366,0
0,0.9010572552447553,0
1,0.8152402153402154,1
1,0.820507210844711,1
1,0.8883171550671546,1
1,0.680307650682651,1
1,0.7893958929958926,1
1,0.8893796536796538,1
0,0.8558611513486512,0
0,0.8862107142857143,0
0,0.7063511738261732,0
1,0.7543273199023199,1
0,0.834638311688312,0
1,0.8625405335677397,1
1,0.7833205776249896,1
0,0.9825487484737483,0
1,0.9172825147075149,1
0,0.7874040903540904,0
0,0.8310456230044465,0
0,0.9518357142857139,0
0,0.8361686507936511,0
1,0.7917377747252744,1
1,0.8620988816738816,1
1,0.7796753330003333,1
0,0.7638112581862578,0
1,0.8934667748917748,1
0,0.7523745337995338,0
1,0.7802587828837828,1
1,0.7567596919162713,1
1,0.8814330891330893,1
1,0.7300871156621151,1
1,0.8689541847041846,1
0,0.941640012765013,0
0,0.8386133644133644,0
0,0.8410817848817851,0
1,0.7935309967809967,1
0,0.966353823953824,0
0,0.8190340326340324,0
1,0.8315006368631365,1
0,0.8499418535712653,0
0,0.8143587898212892,0
0,0.8454495670995668,0
0,0.7657221334221336,0
0,0.9763779914529914,0
0,0.8670243756243756,0
0,0.8804912642912641,0
0,0.5630379473467709,0
1,0.8716859709734706,1
0,0.7678210039960044,0
0,0.9183006909756907,0
1,0.7854708888333887,1
1,0.8046748550469144,1
1,0.6719194916194916,1
1,0.893563913863914,1
0,0.7949413267288266,0
0,0.7486760198135196,0
0,0.6825692085692087,0
1,0.8980015678765678,1
1,0.8663039969834088,1
1,0.8005709373959374,1
0,0.8851218584047532,0
1,0.810292786380286,1
0,0.9072507835301955,0
0,0.9024610278610273,0
1,0.8640902847152845,1
1,0.9020508436008434,1
1,0.8315701215451219,1
1,0.7695328463203461,1
1,0.7026787795537796,1
0,0.7729563669990147,0
0,0.8284779803529807,0
0,0.7057527999778,0
0,0.8511850038850037,0
0,0.9261650474525476,0
0,0.8175032790738671,0
0,0.9271139110889113,0
1,0.7365130106005104,1
1,0.8329741674991671,1
0,0.9236499888999888,0
0,0.7974638419586948,0
1,0.9138147116772115,1
0,0.7161766178266176,0
0,0.945491418385536,0
1,0.8845077034077036,1
0,0.8969733100233104,0
1,0.8189090946635061,1
0,0.7520906246531249,0
1,0.8447449383949386,1
1,0.7827072913197911,1
1,0.9792400460650459,1
1,0.6768619852369852,1
0,0.7946118215118215,0
1,0.7841988608613607,1
1,0.8197677017427022,1
1,0.9047541486291489,1
1,0.8631518870018866,1
0,0.9009007081970319,0
1,0.7614480884311768,1
0,0.7819140248640248,0
0,0.7693805389055387,0
1,0.8351894105894102,1
1,0.9048536435786433,1
0,0.89634869019869,0
0,0.7656960456210452,0
0,0.8075478354978353,0
0,0.88871500999001,0
0,0.834409724120908,0
1,0.9527765234765234,1
0,0.6672940864690866,0
1,0.7536134712509713,1
0,0.9328861111111113,0
0,0.8283327367077373,0
0,0.8076179958929954,0
0,0.8722596764346766,0
0,0.7489496059496059,0
1,0.8556015521028678,1
1,0.7351990403602245,1
0,0.6682458874458878,0
0,0.8288562160062161,0
1,0.8277447524697529,1
0,0.8247272089022083,0
1,0.7519783633033637,1
0,0.8122818986568984,0
1,0.9308144910644911,1
0,0.8549689935064934,0
1,0.8127193917193917,1
0,0.912828896103896,0
0,0.8070936285936284,0
0,0.6198202935952934,0
0,0.9291935342435341,0
0,0.9765178571428571,0
1,0.8509249306249307,1
0,0.9530954545454541,0
1,0.7983289224664226,1
1,0.7694259448884451,1
0,0.863026764901765,0
1,0.8234117590742596,1
0,0.7861996864246863,0
0,0.9370841255966257,0
1,0.8793222111222112,1
1,0.6391910261522102,1
0,0.9124964452214454,0
1,0.8425814935064936,1
0,0.8534312076812075,0
1,0.7977583749583753,1
0,0.7357781010656007,0
0,0.8797961455211454,0
1,0.769424944499944,1
1,0.8542055472305472,1
1,0.7762506743256745,1
0,0.837342166167166,0
0,0.8359080086580093,0
0,0.8984198412698413,0
0,0.7645076839826837,0
0,0.8865905538905534,0
1,0.7434992729492731,1
0,0.756519012686659,0
0,0.7927258519258522,0
1,0.898500047175047,1
1,0.876535805860806,1
1,0.828560465922966,1
1,0.8106119033744034,1
0,0.8617740231990227,0
0,0.7817430180930188,0
1,0.8981701270951272,1
1,0.698007352369852,1
0,0.840950838050838,0
0,0.823798512598513,0
0,0.8361156676656674,0
0,0.7284551448551441,0
1,0.865013611388611,1
1,0.7868670690420684,1
0,0.7142279026529031,0
1,0.9452828643578643,1
1,0.7693766539016547,1
0,0.9073018467643468,0
1,0.8744918969918968,1
0,0.8028000568875566,0
1,0.834839513264513,1
1,0.8183312187812185,1
0,0.8293753024753029,0
1,0.8253045732045733,1
0,0.8410489954489956,0
1,0.755032881007881,1
1,0.775190662115662,1
0,0.9070599802974803,0
0,0.9440017066267065,0
0,0.7292473165723161,0
1,0.8657371933621935,1
0,0.8837908785658789,0
1,0.887972924706013,1
1,0.8254872294372292,1
1,0.7179621198246195,1
0,0.9145706349206353,0
0,0.9583684565434565,0
0,0.7352627455877453,0
1,0.8364304251304252,1
1,0.7872221361971365,1
1,0.7987184620934611,1
0,0.889031496689585,0
0,0.8125942945942944,0
1,0.8821777097902099,1
1,0.6334534881784881,1
1,0.8857162587412589,1
1,0.7033040742753978,1
0,0.882326601176601,0
0,0.7792878427128429,0
1,0.7332485680985685,1
1,0.8428893273393275,1
1,0.8156545444751324,1
1,0.767929503829504,1
0,0.7378195924990038,0
0,0.9416958513708512,0
0,0.9357968864468862,0
1,0.7713055555555555,1
0,0.6569721195471193,0
1,0.8159779082029083,1
1,0.778771255133755,1
0,0.9116506188256183,0
1,0.7687494126487547,1
0,0.7525698571036804,0
0,0.9667374403374401,0
0,0.7822378205128211,0
0,0.8880707940752056,0
0,0.8005803085803084,0
0,0.9091631673881674,0
1,0.8448429927099048,1
1,0.8151508600876245,1
1,0.7169115578865581,1
1,0.6723105561105556,1
1,0.8513384976134973,1
0,0.8660224913974914,0
1,0.8754678525722649,1
0,0.9367403206270851,0
0,0.6565550810300818,0
0,0.7825872946497949,0
1,0.9024450628619748,1
1,0.8173606587856594,1
0,0.6702163697413699,0
0,0.913665515040515,0
1,0.83443591963592,1
1,0.8346770895770895,1
1,0.841341810966811,1
1,0.7878950826950827,1
0,0.9434041736041738,0
1,0.8575793173329932,1
0,0.808678690856786,0
0,0.8786347263847263,0
0,0.8142722527472528,0
0,0.8271520646020645,0
0,0.8360038697413695,0
0,0.7550345109139225,0
0,0.8815162948162951,0
0,0.7752946181613365,0
1,0.8113010249554371,1
0,0.7737222880061114,0
1,0.8505860223110229,1
0,0.7949364968364963,0
1,0.7699339612185203,1
1,0.9100520285270286,1
0,0.8926614718614719,0
0,0.9120997918747921,0
1,0.8775475940725942,1
0,0.8577051753801757,0
0,0.7866207722832724,0
0,0.9605703185703186,0
1,0.8018911616161615,1
1,0.8919374125874125,1
0,0.7911913725163721,0
1,0.7275195249195249,1
0,0.7877099483849487,0
1,0.8018572316572318,1
0,0.6750576645576645,0
0,0.9303162837162836,0
0,0.6475114293601135,0
0,0.9377974025974029,0
0,0.7741868381618382,0
1,0.9113862914862911,1
1,0.6777070415695416,1
1,0.9186690476190476,1
1,0.8326386141636137,1
1,0.7261420371295368,1
1,0.7942688672438669,1
0,0.6108454267954269,0
1,0.7362701409701405,1
0,0.8576383578839462,0
1,0.8786898767898768,1
1,0.7904149517149519,1
0,0.9202843434343434,0
0,0.7474486268848105,0
1,0.8150350996225993,1
0,0.9365727855477859,0
1,0.7771667925212034,1
0,0.8322385947385954,0
1,0.7761067377067373,1
1,0.8241348411392533,1
0,0.6820825925708277,0
0,0.85875541958042,0
1,0.865720906870907,1
1,0.6723947885447886,1
1,0.9667757215007214,1
0,0.8876792513042516,0
1,0.8158869408369408,1
0,0.7898179750804755,0
1,0.7886787018537023,1
0,0.6087178502053497,0
0,0.812593484293484,0
0,0.7301309579309578,0
0,0.7189799977799978,0
1,0.6793480866355868,1
1,0.9007037674743553,1
0,0.8723815240315238,0
0,0.8310440947940951,0
1,0.7871275197025193,1
0,0.7186367243867244,0
1,0.8745049922299922,1
1,0.7604875297904713,1
1,0.8805878066378063,1
1,0.9140156093906092,1
1,0.7566286519036517,1
0,0.7844620213120218,0
1,0.829642662892663,1
1,0.8642173742923742,1
1,0.798105211455212,1
1,0.7977013791763795,1
0,0.9525638722388724,0
1,0.894500915750916,1
0,0.7251465656892123,0
1,0.7424228445531079,1
0,0.7599538295038292,0
1,0.8229006122962002,1
1,0.8183513528138529,1
1,0.7549402652902653,1
1,0.8008299866799871,1
0,0.762405572205572,0
1,0.6978667027417023,1
1,0.8355807026307027,1
1,0.8371935647685643,1
1,0.8165607905982909,1
0,0.9015369436119438,0
0,0.7823621392496387,0
1,0.6283583806716163,1
1,0.9043254329004329,1
0,0.6909376373626368,0
0,0.8794095598845596,0
0,0.8142313672438671,0
1,0.8705485431235429,1
1,0.8991647463647466,1
0,0.7261240079365079,0
0,0.7983131673881677,0
0,0.7363152579446697,0
1,0.7958023004773004,1
0,0.9188428682428678,0
0,0.7869027948358831,0
0,0.8518267205017203,0
1,0.7846594712477069,1
0,0.751146106263018,0
0,0.8350246864246872,0
1,0.9177428821178824,1
1,0.863873822582646,1
1,0.8052370421245423,1
1,0.8762209346209348,1
0,0.7524818875568876,0
1,0.8133439944859064,1
0,0.8931790247334367,0
0,0.7719442751692756,0
0,0.8079936008436006,0
0,0.8213446248196244,0
1,0.8313427849927854,1
1,0.7585498917748912,1
1,0.9390998584748582,1
0,0.7810561563436563,0
0,0.8987813818534413,0
1,0.7968593212343209,1
1,0.8209400349650345,1
0,0.8822024877899876,0
0,0.9149265298427064,0
1,0.7647415015540011,1
0,0.6714251873126873,0
1,0.9514532606282604,1
0,0.8951155705405703,0
0,0.8716519369519369,0
0,0.825681906981907,0
0,0.8461874125874128,0
1,0.792590231990232,1
1,0.6954214923964921,1
1,0.9204754800754801,1
0,0.9377819458319455,0
0,0.9521550643800646,0
0,0.6718549210593325,0
1,0.7222145146520147,1
0,0.852652442002442,0
1,0.8707297100560258,1
1,0.8896056582306578,1
0,0.8198641872016872,0
1,0.9075326118326117,1
0,0.7319363742466686,0
0,0.8503402486402489,0
0,0.7682860667110666,0
1,0.9070162198912196,1
1,0.8180955572205576,1
1,0.7359157065157067,1
0,0.8313220640470638,0
1,0.9093138639138637,1
0,0.8595776196026191,0
0,0.653490365190365,0
1,0.7642206793206794,1
0,0.7767962676212673,0
1,0.9812705627705628,1
1,0.8032189033189033,1
0,0.8061598193473195,0
0,0.8878400294150296,0
1,0.8363987512487513,1
0,0.922234013209013,0
1,0.8222255989925106,1
0,0.7350280927405928,0
0,0.916083567821068,0
1,0.7494393439893441,1
1,0.8423084498834499,1
1,0.8862643523143523,1
0,0.8949546536796535,0
0,0.7273350645269767,0
1,0.8895377335083212,1
0,0.8006199885898422,0
1,0.7794312160062161,1
0,0.7382369685869686,0
0,0.7327437649768535,0
0,0.7683527208902214,0
1,0.7575150224775222,1
0,0.6710936563436566,0
0,0.677601062826063,0
0,0.7498848964760725,0
0,0.8546935828060827,0
1,0.8685891761016759,1
0,0.880280666392431,0
1,0.8258294982794983,1
1,0.8812406010656015,1
1,0.713991211566212,1
0,0.9044401404151406,0
0,0.90046804029304,0
0,0.7935884393384393,0
1,0.8805675074925071,1
1,0.8058955461205459,1
1,0.6915894559688677,1
1,0.731277766677767,1
0,0.9282049700299703,0
1,0.8607623293373292,1
1,0.8225101287601289,1
1,0.8757674630924631,1
1,0.8130205337060601,1
1,0.7928489815739812,1
0,0.8113502247752244,0
0,0.7929816336441339,0
0,0.7797971348096348,0
1,0.7807075813075809,1
1,0.7602870476745479,1
1,0.7904828213453217,1
0,0.8782871600621597,0
1,0.7670191558441559,1
0,0.8444725895020009,0
1,0.749816978854479,1
0,0.8092513181263183,0
1,0.736142995892996,1
1,0.7404938741813744,1
1,0.865627078477078,1
1,0.9025420246420247,1
0,0.9353467171717168,0
0,0.858550141525141,0
1,0.8327363164613169,1
0,0.8688348040848041,0
0,0.8934682678432675,0
1,0.8094843147049031,1
1,0.7851778908999499,1
1,0.8332497620027032,1
1,0.6816269813519809,1
0,0.9243506021756025,0
1,0.7276983585858587,1
0,0.8019191723309372,0
0,0.8615151542901546,0
0,0.8141356365856367,0
1,0.8146722000221999,1
1,0.788241713841714,1
0,0.8190262698086228,0
1,0.9747479187479188,1
1,0.7756397546897551,1
0,0.749669320956821,0
1,0.8763763153513159,1
1,0.8218599336937565,1
1,0.7881201798201801,1
0,0.7703329809079805,0
1,0.8339188589188588,1
1,0.8421259990009988,1
1,0.7518032523032524,1
1,0.7781085053835054,1
1,0.7829458136634606,1
0,0.7686597717641831,0
1,0.790536199258258,1
1,0.8869180930180931,1
1,0.9441085497835499,1
0,0.8497105616605615,0
1,0.6449161213786214,1
1,0.8416509435009435,1
1,0.8958830169830172,1
0,0.770680448717949,0
1,0.8889240759240761,1
1,0.8814611804861806,1
1,0.8851083694083695,1
1,0.8338996753246753,1
1,0.913139357864358,1
0,0.8179951909201909,0
0,0.5339207829751949,0
0,0.7075089253883364,0
1,0.6665860125985128,1
0,0.8706232503607504,0
0,0.8195430569430567,0
0,0.8019077228327229,0
1,0.8052583971583972,1
1,0.7841305935894168,1
1,0.7824776792651787,1
0,0.9368370462870464,0
0,0.9007426157176156,0
1,0.6521691447441449,1
0,0.8907179894666735,0
1,0.8430620657120654,1
1,0.8597671495171495,1
0,0.7776819180819184,0
0,0.785439656177156,0
0,0.8807060754604868,0
0,0.8363279942279943,0
0,0.8802583874458877,0
0,0.7904206959706959,0
1,0.8082829614829622,1
0,0.8871463147963148,0
0,0.7591231518481516,0
0,0.9208031191031187,0
1,0.829162565212565,1
1,0.9977118575868577,1
0,0.8982325452325451,0
0,0.8426455100455105,0
1,0.8759906565656562,1
1,0.802337495837496,1
1,0.7997469613719613,1
1,0.7349642440892445,1
0,0.7184313880563883,0
1,0.6839718212343212,1
0,0.7576557387057392,0
1,0.9746801948051947,1
1,0.7730936396936399,1
1,0.9083799062049062,1
1,0.8577227022977023,1
0,0.8883995310245313,0
0,0.7704475219225217,0
0,0.7657843406593409,0
0,0.8712540015540017,0
0,0.71635783938284,0
0,0.7565572843822843,0
0,0.9692045926295928,0
1,0.6072871471665591,1
1,0.9858839799089802,1
1,0.8586339826839827,1
1,0.8013627483627481,1
0,0.8005981890658359,0
0,0.6849420256214374,0
0,0.9041642274392274,0
0,0.8212771783771786,0
1,0.7910948468198467,1
0,0.8279830308580309,0
1,0.8400128482628485,1
0,0.7320563422688426,0
0,0.7307570534041126,0
0,0.763677602952603,0
1,0.8852135461760461,1
0,0.9033022398353281,0
1,0.6373678321678317,1
0,0.8738839244089242,0
0,0.7469020285270286,0
1,0.7830651265401266,1
0,0.8950500416250419,0
0,0.9060444111444111,0
0,0.8627118312243314,0
0,0.9365252386502387,0
1,0.7902667443667444,1
1,0.8342531551781549,1
1,0.7422953445247565,1
1,0.8454337939837939,1
0,0.6677808608058604,0
0,0.8781356449106448,0
1,0.788615947940948,1
0,0.7797385850260852,0
0,0.8459422216672218,0
0,0.7790949161949163,0
0,0.7619697191697193,0
0,0.8228756590631592,0
1,0.9183200355200355,1
0,0.7341270673770675,0
1,0.8659697774447775,1
1,0.8230980297480296,1
1,0.8709062187812183,1
1,0.8702067765567768,1
0,0.7921644744144746,0
1,0.7577824148074148,1
0,0.9076699772449774,0
1,0.7849969003219005,1
0,0.758185785782845,0
0,0.8169321456321456,0
0,0.7764514790764793,0
0,0.7670985464097306,0
1,0.8831022089022087,1
0,0.795634587634588,0
1,0.7110805402930402,1
0,0.908756107781108,0
0,0.7342405261405257,0
0,0.6704091339216336,0
0,0.926408705183705,0
1,0.786270733025144,1
0,0.7496052771789612,0
1,0.9381961399711402,1
0,0.6723478457816693,0
0,0.8220563228438227,0
1,0.8635388639138639,1
0,0.8035902819402819,0
0,0.813819544344544,0
1,0.8773386974136976,1
0,0.8461183871683876,0
0,0.8627905760905762,0
0,0.8760561827061829,0
0,0.8543929015429016,0
1,0.9273930735930735,1
0,0.938837216704864,0
0,0.9161944638694639,0
0,0.8714488535157648,0
0,0.954765836940837,0
0,0.7798452666614433,0
0,0.9944329004329006,0
0,0.8270654845154846,0
1,0.8442437027025264,1
1,0.8715923187923187,1
0,0.7785476780572369,0
1,0.915084548784549,1
1,0.6848490384615381,1
1,0.7675918414918412,1
0,0.9627131562881561,0
0,0.8074976329226332,0
1,0.7991441197691201,1
1,0.8238550505050507,1
0,0.8328469572094568,0
1,0.8044153235653233,1
0,0.811358608058608,0
1,0.8615512737262742,1
1,0.9136232323232326,1
1,0.7983136113886109,1
0,0.8826967546342547,0
1,0.8135309718059722,1
1,0.777756962481963,1
0,0.8246988122988125,0
1,0.876286806657395,1
0,0.8356836247086243,0
0,0.7848374320124324,0
1,0.7264859362859359,1
0,0.8546109140859138,0
1,0.8010164932289927,1
1,0.8232829059829059,1
0,0.7854372946497945,0
0,0.8266128760128758,0
0,0.9290169885669886,0
0,0.8342959262959262,0
1,0.8884859848484853,1
1,0.8759585386835388,1
0,0.9846091269841268,0
1,0.8682187007437012,1
1,0.7768537476412477,1
0,0.836451971639472,0
0,0.6909223902731257,0
1,0.7676692196692199,1
0,0.9745535714285716,0
1,0.8477040681540687,1
1,0.8395322066822068,1
0,0.7790087782100935,0
0,0.7929642260517259,0
0,0.8936412587412587,0
1,0.8401477494727488,1
0,0.8822713480963483,0
1,0.7462258348677465,1
0,0.7941152115857998,0
1,0.610662597593325,1
0,0.7679974081474081,0
0,0.7477599039849044,0
0,0.868905941280941,0
0,0.7397413447663449,0
1,0.8351432236064591,1
0,0.8449737464333055,0
0,0.8900294733044732,0
0,0.7846626887001884,0
0,0.8560509379509381,0
1,0.8495795274170276,1
0,0.8395455204925794,0
0,0.694904398379398,0
0,0.8531749472749471,0
0,0.9291964701964702,0
1,0.8043983183483181,1
1,0.8496663919413919,1
0,0.9023081307581303,0
0,0.978061507936508,0
1,0.7560703241203244,1
1,0.7199745501230798,1
0,0.8325629925629925,0
0,0.841235785048285,0
0,0.7383437609775839,0
1,0.8272188196607315,1
0,0.7103543567543567,0
1,0.8206919233544235,1
1,0.7954228660228657,1
0,0.8475698745698742,0
1,0.7458716325341327,1
0,0.9039720418470419,0
0,0.85287528027528,0
1,0.7463365598453833,1
1,0.7734987470862467,1
1,0.848407738095238,1
0,0.7991382672882678,0
0,0.7815990370740372,0
1,0.7836830946830946,1
1,0.7129484705653821,1
0,0.8714016872016871,0
1,0.7632365884115883,1
0,0.6504576076701076,0
1,0.7391581701193547,1
1,0.8183521714396712,1
0,0.7873889786683909,0
0,0.7174309024309021,0
1,0.8585674963924962,1
1,0.762984196359196,1
1,0.5524162068323833,1
1,0.9013949494949492,1
0,0.6550138648932768,0
0,0.9248066267066264,0
1,0.88386461038961,1
1,0.679691697191697,1
0,0.9194798840048837,0
1,0.6828839022089018,1
1,0.7778849691974695,1
1,0.7979777417027415,1
1,0.798136593961594,1
0,0.797501196026196,0
1,0.8830278047116283,1
0,0.91508378010878,0
0,0.8369831196581196,0
0,0.825602644577644,0
1,0.8709005522255522,1
0,0.8608677836052836,0
0,0.8744832017655548,0
0,0.8346281801531804,0
0,0.9338933510933508,0
1,0.844169155844156,1
0,0.7496163947163949,0
0,0.9178674852924854,0
1,0.8198830974580973,1
1,0.7573230713730711,1
0,0.7455454600954605,0
1,0.8797857392607392,1
1,0.7165894522144524,1
1,0.844887215562215,1
1,0.8741004051504053,1
1,0.9509267454767454,1
1,0.7953436716061714,1
1,0.8357273430817544,1
1,0.8333303335553334,1
1,0.9435757409257409,1
1,0.8231756632256633,1
1,0.789302868863163,1
1,0.705966568154068,1
0,0.9106003468753466,0
0,0.9311535658785659,0
1,0.860413807026307,1
0,0.7723927748721863,0
1,0.8391068611943617,1
1,0.8184023698523701,1
1,0.7357150530025525,1
1,0.7292465201465201,1
1,0.8314606421356425,1
1,0.7922920884670887,1
0,0.8811906121656123,0
1,0.8296381868131868,1
1,0.894892499167499,1
1,0.7771146631146636,1
0,0.9228161338661334,0
1,0.8056650405150405,1
0,0.936869660894661,0
0,0.8295687284937285,0
1,0.8742343101343104,1
0,0.7510355228105233,0
1,0.9162877816627819,1
1,0.8447160672660674,1
1,0.8268093725718724,1
0,0.8779125790875792,0
0,0.7842370851370851,0
0,0.7803177045177047,0
0,0.7998647297147297,0
1,0.8457545676545678,1
1,0.8819127053502052,1
0,0.9205742063492062,0
0,0.8245432428682431,0
1,0.680703135753136,1
0,0.8073596292596293,0
1,0.7418926878676877,1
0,0.8508148171273167,0
1,0.7628036630036628,1
1,0.7413322566322568,1
0,0.7975023171273172,0
1,0.7970017898767895,1
0,0.7894919746919746,0
0,0.9342055638805635,0
0,0.8394235236985235,0
1,0.8883286186036187,1
0,0.6818862443112446,0
0,0.8030551282051284,0
0,0.7649973942723941,0
1,0.795074428349428,1
1,0.808186070873571,1
0,0.8680006937506934,0
0,0.8518760228333757,0
1,0.8450544635919636,1
0,0.9722027417027418,0
1,0.879758297258297,1
0,0.9719784437784439,0
0,0.9906764069264069,0
1,0.852826803751804,1
0,0.9069569513819514,0
1,0.7966772792566911,1
1,0.8015628343878343,1
0,0.6533350455100454,0
1,0.7350937007437007,1
0,0.8027927516927511,0
1,0.7391978288051811,1
0,0.6246683177933176,0
1,0.8846674575424572,1
1,0.8179261415055534,1
1,0.8919180846930848,1
0,0.8087285742035742,0
1,0.6771896763367349,1
0,0.8790637168387164,0
0,0.8793696553446553,0
0,0.857185314685315,0
0,0.7715971389721391,0
0,0.635656157731158,0
1,0.8315020202020205,1
1,0.8005566683316686,1
1,0.892896744921745,1
0,0.9150383338883334,0
1,0.7546016936280099,1
1,0.7264016566766566,1
0,0.9336454156954158,0
0,0.9334410811410814,0
0,0.8493962237109298,0
1,0.6948530053280053,1
1,0.8654082463288346,1
1,0.9247637445887441,1
0,0.8696884167303286,0
1,0.7183329122674709,1
1,0.8261413530913532,1
0,0.8008013722388722,0
0,0.8437655511155512,0
1,0.9463794913419914,1
0,0.9721997474747477,0
1,0.7280953601953604,1
1,0.7168298766592879,1
1,0.804329734154734,1
1,0.8566598470973471,1
1,0.8320136844150001,1
1,0.828993006993007,1
1,0.872258646908647,1
0,0.805374222999223,0
1,0.8245541264291265,1
1,0.9399991785991787,1
1,0.8273997902424371,1
1,0.8901121073371074,1
0,0.8477802239427239,0
0,0.9118283078033078,0
0,0.5197445623820627,0
1,0.9480538961038959,1
0,0.8613457903207903,0
0,0.8736712266534635,0
0,0.815629174991675,0
0,0.7183142551892551,0
1,0.8374693538487654,1
1,0.8192820041070042,1
1,0.822077938727939,1
1,0.7685971903096903,1
1,0.8353916666666665,1
0,0.907546717171717,0
1,0.8441334554334553,1
0,0.8619020530638953,0
1,0.874016330891331,1
1,0.7987384185259188,1
0,0.6832649503274502,0
0,0.8334805444555448,0
1,0.885602824952825,1
1,0.805320417082917,1
1,0.8715425768675767,1
0,0.7497758227883229,0
0,0.8309391041964571,0
1,0.8125345349095348,1
0,0.7634629261261614,0
1,0.8520350038850036,1
1,0.7929306925101041,1
0,0.7738144591519588,0
0,0.880995848595849,0
1,0.7942256160506161,1
0,0.8345351648351647,0
0,0.9676833694083696,0
0,0.8580365509490508,0
1,0.9504686535686536,1
0,0.8576626567876566,0
0,0.9276270007770006,0
0,0.8032581890331895,0
1,0.8928789849039854,1
1,0.7821057937977058,1
0,0.8551914030414031,0
1,0.8637350371850372,1
0,0.6881470535183772,0
0,0.9235161588411592,0
0,0.8544566197691197,0
0,0.9165650960150961,0
1,0.7563950244200244,1
1,0.7690503801753797,1
0,0.8502838494838495,0
0,0.8026718366600717,0
1,0.86376795010545,1
0,0.8097036768786772,0
1,0.8410169746919748,1
0,0.7517270202020199,0
0,0.9044779914529913,0
1,0.7792055749805747,1
0,0.8192235468779588,0
0,0.8037089993339993,0
0,0.9473070346320349,0
0,0.8097486707736707,0
0,0.8272655275280273,0
1,0.7147575757575754,1
0,0.7794121101121102,0
1,0.8764028096903097,1
0,0.8326484424072661,0
1,0.8786785367410365,1
1,0.8747420773670772,1
0,0.5827734737484739,0
1,0.7835121780996775,1
0,0.795838406038406,0
0,0.8280753219003222,0
1,0.5617028749028754,1
1,0.7335136419136421,1
1,0.83431741183653,1
1,0.728817796092796,1
0,0.7866740717615713,0
1,0.8129703657453659,1
0,0.7806891053391055,0
1,0.808715684315684,1
1,0.7977810273060274,1
1,0.7303437062937059,1
1,0.9681250000000002,1
1,0.8329112554112555,1
1,0.7414063644688644,1
1,0.6491823593073591,1
0,0.7209493262456502,0
0,0.8400868756243759,0
1,0.8327695573432412,1
1,0.8333038401957518,1
1,0.740152519702519,1
0,0.8122892274392273,0
0,0.9444693722943722,0
0,0.8112640997891,0
1,0.8428412420912421,1
1,0.7034945138195146,1
0,0.6662342518592517,0
0,0.8071958818958819,0
1,0.8576920274170275,1
1,0.8402272644022643,1
0,0.8091146006771005,0
0,0.9137962121212122,0
0,0.8251679043179045,0
1,0.7810517982017983,1
0,0.8403957393913272,0
0,0.8242824564324566,0
1,0.763487468495557,1
1,0.838619452769453,1
1,0.8495789072039074,1
0,0.8347690420690421,0
1,0.7771471112221116,1
0,0.9139568958818959,0
1,0.9012511127761128,1
0,0.8132234987234986,0
0,0.8091199661449664,0
0,0.9336064380064382,0
0,0.8760299672549672,0
1,0.8123687950937949,1
1,0.9514532606282604,1
1,0.941836075036075,1
1,0.8791804723054724,1
0,0.8194106421356417,0
1,0.8868033230658229,1
1,0.8631483793983793,1
1,0.8479820346320346,1
1,0.8831280247530245,1
1,0.7896602369852375,1
1,0.8140121156621157,1
0,0.9136409340659339,0
1,0.8652556193806195,1
0,0.8846183603977721,0
1,0.905460678210678,1
0,0.8493715326340326,0
1,0.8324451437451437,1
1,0.7734304723054723,1
1,0.789206887720123,1
0,0.8430374597624599,0
0,0.8966180735930737,0
0,0.8474086774336773,0
1,0.8228805278055275,1
1,0.8070200799200794,1
1,0.8410312548562546,1
0,0.7091400884246472,0
0,0.892219474969475,0
0,0.8138071262071261,0
0,0.755606668331669,0
0,0.8760563343519219,0
1,0.943600645188145,1
0,0.8550774642024644,0
0,0.8960853202353202,0
0,0.7505974580974581,0
1,0.8356417360417363,1
1,0.7380158452658454,1
1,0.8772773421023419,1
1,0.8865042207792209,1
1,0.8386033268202389,1
0,0.9355126290376294,0
0,0.7856530840074956,0
1,0.9105927655677656,1
0,0.8571707792207797,0
1,0.7664210539460538,1
0,0.8084340326340326,0
1,0.8202022349597433,1
0,0.5655273347567464,0
1,0.7914301365301368,1
0,0.7451986291486288,0
1,0.8006951687201683,1
0,0.8795372655122655,0
0,0.784970646020646,0
1,0.7779211732711732,1
0,0.9480206709956711,0
0,0.7428419608169609,0
0,0.9440450577200578,0
0,0.6891981601731593,0
1,0.8506715312465316,1
1,0.8266262959262954,1
0,0.7742478771228768,0
1,0.7695281135531132,1
1,0.8280212939837941,1
1,0.8524615310128472,1
1,0.8779304154179158,1
1,0.8215143870018874,1
1,0.8761932789432789,1
1,0.7402653693528691,1
0,0.8190872183372185,0
0,0.8848559940059941,0
0,0.8075108252858249,0
0,0.9047067848817848,0
1,0.8411423798423803,1
0,0.9540822234954589,0
0,0.8473399894223422,0
0,0.8118032245532245,0
1,0.8000188386776625,1
1,0.7719746461871463,1
0,0.9203060980685982,0
1,0.9089500083250082,1
0,0.8150905400155402,0
0,0.9083577866577867,0
1,0.9130639971139971,1
0,0.8107867715617711,0
0,0.7878632201132207,0
0,0.8500102453102454,0
0,0.8748582704876829,0
0,0.8342966858305091,0
1,0.8093748473748476,1
0,0.7488947330447333,0
0,0.9258264901764903,0
0,0.7359236440030554,0
1,0.8017662171162169,1
1,0.8436469336219333,1
1,0.7501212224050464,1
1,0.8583552891552896,1
1,0.7544477300477296,1
0,0.8626551656676658,0
0,0.9484314713064714,0
1,0.8184639846264846,1
0,0.7207012903762903,0
1,0.8771489288489288,1
1,0.8668820096570097,1
1,0.7343643075062194,1
1,0.7810364427239429,1
0,0.8713785492285492,0
1,0.8759907370407372,1
0,0.8752867562992562,0
0,0.7500356926570161,0
1,0.9004296536796539,1
1,0.8722430264180258,1
1,0.8441133644133647,1
1,0.8353559829059831,1
0,0.8747769369519369,0
1,0.8129804895268125,1
1,0.9354075757575754,1
0,0.633364654789655,0
0,0.8854484584859589,0
1,0.809510347985348,1
1,0.7408056665556665,1
0,0.8479251609501612,0
0,0.8340182095682094,0
0,0.7636879065379071,0
0,0.9150897796647794,0
1,0.8138846070596076,1
1,0.783658594183594,1
1,0.6696568580112697,1
0,0.7471082958707964,0
0,0.7888666597291603,0
1,0.7556951825951823,1
0,0.8384211899211899,0
1,0.7033095654345651,1
0,0.9218551420801423,0
0,0.7896084637584639,0
1,0.8207878676878675,1
0,0.7504485320235319,0
0,0.9114136724386723,0
0,0.815042882117882,0
1,0.7509421744921743,1
0,0.7606298784548783,0
0,0.768198321123321,0
1,0.7210680264180269,1
0,0.8337950091575093,0
0,0.6340846306471307,0
1,0.6580318126318127,1
1,0.7860192044067044,1
0,0.9230957930957929,0
1,0.7902109973359974,1
0,0.9443570346320345,0
1,0.8510975066600066,1
0,0.9271891802641804,0
0,0.9302429265179265,0
1,0.805910444947209,1
0,0.8014371073371077,0
0,0.7597115467865471,0
0,0.8468966602841603,0
1,0.803661950794304,1
0,0.7012191502941507,0
0,0.7035818653568658,0
1,0.9227403527028526,1
0,0.8814539682539686,0
1,0.801384047896548,1
1,0.8097486735486734,1
1,0.8486919663669668,1
0,0.799059050671551,0
1,0.7584028194028195,1
1,0.7600506507381506,1
1,0.8675591408591408,1
0,0.8749227884860235,0
0,0.7717006993006991,0
0,0.9519061660561662,0
1,0.8058594017094021,1
1,0.8425868825618827,1
0,0.870214108114108,0
0,0.8891085497835497,0
0,0.7904611111111111,0
0,0.9520119325119324,0
0,0.8059744699744702,0
0,0.8224808663558661,0
0,0.9308007437007434,0
0,0.5937675713175711,0
0,0.8770150654900654,0
1,0.8367219585969584,1
0,0.9424828282828285,0
1,0.851542002442002,1
0,0.8584704406704404,0
0,0.7387302128427125,0
1,0.8943779914529913,1
1,0.80926965697701,1
1,0.891632310744811,1
0,0.902867010767011,0
0,0.8949051767676768,0
0,0.8028191502941505,0
0,0.7706102111338955,0
1,0.866406585081585,1
0,0.7828960654111967,0
0,0.8668064435564435,0
0,0.7212488836327073,0
1,0.8578878121878122,1
0,0.9093755189255194,0
1,0.9069166250416253,1
1,0.7783953685203686,1
0,0.8467117812742813,0
1,0.8893327793121913,1
1,0.7361726029689265,1
1,0.7699067349317346,1
0,0.858247030747031,0
0,0.9751119658119659,0
0,0.6566166676460798,0
1,0.8732481851481853,1
1,0.8265230463980461,1
0,0.8475288720051876,0
1,0.7629544178044178,1
0,0.6742829448329452,0
0,0.8830381031550147,0
1,0.8552412200544555,1
0,0.9666083694083693,0
0,0.8175693362193363,0
1,0.7901521062271063,1
1,0.8651586580086578,1
1,0.840894746919747,1
0,0.7903694832944835,0
1,0.8004284604284599,1
0,0.8078562382062386,0
1,0.7013665501165502,1
0,0.8354895215895216,0
1,0.6870407065157068,1
1,0.9367476190476189,1
0,0.7218216002135115,0
0,0.7768545852839964,0
1,0.7618455350205355,1
0,0.9414866411366412,0
0,0.7959204684204684,0
0,0.7083607907615258,0
1,0.8973479797979799,1
0,0.7628168234543229,0
0,0.8827250314228253,0
0,0.8502018590886239,0
1,0.8038194125319127,1
1,0.7177719863469861,1
0,0.9142246753246753,0
1,0.9100443833943834,1
0,0.8788991841491842,0
0,0.8115171342546342,0
1,0.7383433501139381,1
1,0.65875206835648,1
1,0.8895939144189147,1
1,0.8152081168831172,1
0,0.8114077491952492,0
1,0.8075510989010987,1
1,0.82099816017316,1
0,0.9977563131313133,0
0,0.7654559579309582,0
0,0.878767196284108,0
0,0.9093247391497393,0
1,0.8039115182203417,1
1,0.5193516330891335,1
1,0.8201162087912081,1
1,0.7734776140526143,1
0,0.7817969724719722,0
1,0.8467681429681423,1
1,0.8189561466311467,1
1,0.7125998626373627,1
1,0.7850195942945943,1
1,0.776975205350205,1
1,0.9053571067821066,1
0,0.966447907647908,0
0,0.8417820142276025,0
0,0.8462096431346429,0
0,0.7487710190952835,0
1,0.7441449175824175,1
0,0.7112002625642329,0
1,0.8163432331557333,1
1,0.8294618520368526,1
1,0.7128047498253384,1
0,0.8888391208464734,0
0,0.8664301105756986,0
0,0.7432639711595591,0
0,0.8595502553002549,0
0,0.8495505355755352,0
0,0.8512075396825396,0
1,0.8665007201132204,1
1,0.6268205031080029,1
0,0.8679047175047176,0
1,0.6403425241425243,1
0,0.8696285880785878,0
0,0.7347291292041292,0
1,0.8292867965367965,1
1,0.8101853882228883,1
0,0.6581367826617825,0
0,0.94431804029304,0
0,0.7196564463314463,0
1,0.8523697774447776,1
1,0.7721632506382509,1
1,0.9103717241092242,1
1,0.6169030451574573,1
1,0.9320143245643246,1
0,0.9411174436674437,0
1,0.7845962648462649,1
1,0.8773266289266285,1
1,0.8616682761682765,1
0,0.8497473001886311,0
0,0.8314478438228436,0
0,0.8480001415251419,0
0,0.785129834054834,0
0,0.627691833678018,0
1,0.8319154734154731,1
1,0.787250172539878,1
0,0.7951069680319679,0
1,0.8530284632034631,1
1,0.7375303807303804,1
1,0.9432983544233546,1
0,0.8258759255450431,0
1,0.7675411024647867,1
1,0.8977709956709953,1
1,0.8091013486513484,1
0,0.8894234154734153,0
1,0.7637737734487737,1
0,0.7818860232088172,0
1,0.8597015540015541,1
0,0.847625727050727,0
1,0.9282665112665113,1
1,0.8046625568875568,1
0,0.9991083333333334,0
1,0.8819719474969479,1
0,0.9331005577755577,0
1,0.8761857933732937,1
0,0.7230532301032299,0
0,0.7396584633503752,0
1,0.8742297757797757,1
0,0.7161054140304141,0
1,0.9720403679653681,1
0,0.8967340354090354,0
0,0.7255633838383839,0
0,0.8453475385725387,0
1,0.8385299880674885,1
1,0.6561879148629148,1
0,0.7047976978903453,0
0,0.874165331890332,0
1,0.8364588272838271,1
1,0.9069441364191367,1
1,0.8929338228764699,1
0,0.8050744515288629,0
1,0.7512932595182592,1
0,0.7602306526806528,0
1,0.7344644799644807,1
0,0.8389392857142859,0
1,0.8155352342102341,1
1,0.7372115467865462,1
1,0.8924033688533689,1
0,0.7841422147297143,0
1,0.7438210345210342,1
0,0.8079232693776811,0
0,0.6969893467643468,0
0,0.8598736624486625,0
1,0.7311370911982755,1
1,0.8368860639360641,1
0,0.8399678155178153,0
0,0.8715878801753799,0
1,0.9158951659451656,1
1,0.8925498473748475,1
1,0.6126871628371628,1
0,0.9068574675324675,0
0,0.8263086922881039,0
0,0.7736934537684534,0
0,0.7558664266289264,0
0,0.8645754911754914,0
1,0.7343449930788167,1
0,0.7982332639582632,0
0,0.9124659521034525,0
0,0.7561511294261294,0
0,0.9243451233407114,0
0,0.8211287351537351,0
0,0.8822827311577309,0
0,0.6781713245088248,0
0,0.6146107309357309,0
1,0.8375970168720167,1
1,0.8672231462981462,1
0,0.6954090298590294,0
1,0.8716171189921189,1
0,0.7450930139305141,0
0,0.979515318015318,0
0,0.7256189310689309,0
0,0.8359856990231989,0
1,0.8216810966810966,1
1,0.8066714466089462,1
0,0.8526328463203462,0
1,0.7561280303030303,1
0,0.8478167124542128,0
0,0.7649273383479269,0
1,0.8887068070818072,1
1,0.6896019055505896,1
0,0.8738738428238426,0
1,0.7512521395271393,1
1,0.727288702963703,1
0,0.8501775391275392,0
1,0.8734376623376621,1
0,0.7564206109250231,0
1,0.6642338924963925,1
0,0.7598152870821988,0
1,0.8464916805416801,1
0,0.8173718725718726,0
0,0.821940367965368,0
0,0.916973162948163,0
1,0.8025118548118549,1
0,0.7747981046731045,0
1,0.7929015831390829,1
1,0.8380492729492732,1
0,0.8165956959706955,0
0,0.8213026667776672,0
1,0.8733007603507598,1
1,0.5907105366855364,1
1,0.8184273920523925,1
0,0.9189074453324453,0
1,0.8151636252636255,1
0,0.7940228590853589,0
0,0.9575610389610387,0
1,0.7100391192141188,1
1,0.7615945165945167,1
1,0.7962113455988454,1
1,0.7230511304055427,1
0,0.9019149309024304,0
0,0.829264826839827,0
0,0.845290405835994,0
0,0.8662613830613829,0
0,0.7622996503496503,0
1,0.7971984242065121,1
1,0.8334256382506384,1
1,0.9148532967032964,1
1,0.8506796120546118,1
1,0.8994970224220226,1
0,0.8289712315462313,0
0,0.7905680555555554,0
0,0.8924548673548675,0
0,0.8671009268509268,0
0,0.7638991230991238,0
1,0.7322636299373139,1
1,0.9528726911976912,1
0,0.7878633560883562,0
1,0.8685722388722387,1
1,0.9332166944166942,1
1,0.9378216394716395,1
0,0.8985434870684866,0
1,0.6961166361416361,1
1,0.8016372369460607,1
0,0.8845539918414913,0
1,0.8571652639843815,1
0,0.8096055666555668,0
1,0.7652546407840523,1
0,0.9257368326118326,0
1,0.814501137016578,1
0,0.8289101204351205,0
0,0.9309062437562436,0
1,0.8529771117771118,1
1,0.8527261904761906,1
1,0.7572837703962702,1
0,0.9271360861360862,0
0,0.9417808469308471,0
0,0.8686975607725606,0
0,0.9264791153291153,0
0,0.8211997391497392,0
0,0.8344103535353538,0
1,0.9510178932178932,1
1,0.9434893245643247,1
1,0.842740922965923,1
0,0.9442906869274514,0
0,0.6795144105894108,0
1,0.9072158341658342,1
0,0.8211407814407814,0
0,0.6496294316794313,0
1,0.7523990814740813,1
0,0.6533015179265178,0
0,0.7665306213394445,0
1,0.8282055018510901,1
0,0.9100125985125985,0
1,0.9153121420246421,1
0,0.8996219974469974,0
0,0.743326097105509,0
1,0.5406065157065159,1
0,0.7561875079169196,0
1,0.7083843129093125,1
1,0.7517344074226422,1
1,0.8577818695193693,1
1,0.782771761571762,1
1,0.8706226170887934,1
0,0.8113833888333893,0
0,0.8391971306471304,0
1,0.7757367202242204,1
0,0.8919898809523811,0
1,0.7425553654678654,1
1,0.857418303918304,1
1,0.7651079850704854,1
1,0.7978449661449661,1
0,0.9005417429792433,0
0,0.6162407065157065,0
0,0.901847222222222,0
1,0.8586484765234766,1
0,0.8758424159174161,0
1,0.7399914183039187,1
1,0.8958762903762902,1
1,0.7737780969030972,1
1,0.6842520410145411,1
1,0.8027919927294928,1
1,0.7049449467199468,1
1,0.8661381053586934,1
0,0.7636995393495392,0
1,0.8505907869907868,1
1,0.8260073010323004,1
0,0.945303354978355,0
1,0.8669145243645243,1
0,0.8451432872682872,0
1,0.7742078685203683,1
1,0.798619708069708,1
1,0.8649665057165054,1
1,0.8627615551115553,1
1,0.8260533952158952,1
0,0.92258233988234,0
0,0.9321396658896661,0
0,0.7794060042898282,0
1,0.8549176406926404,1
1,0.8260427822177825,1
0,0.8359136988011989,0
1,0.7381240148740146,1
0,0.6911427059052058,0
1,0.8904973887223888,1
1,0.8633645503189618,1
1,0.8724730306243466,1
1,0.7934141325049215,1
0,0.7165158131084602,0
0,0.9219123015873016,0
0,0.7230119723413841,0
0,0.915470238095238,0
1,0.7599198815073815,1
1,0.9108368520368518,1
0,0.9610773476523472,0
0,0.9291445138195137,0
1,0.8406536685536685,1
0,0.9387161421911422,0
0,0.9802536075036076,0
1,0.8282503496503499,1
0,0.798566985791986,0
0,0.6441484903984903,0
0,0.7174991980241981,0
0,0.8039251165501163,0
0,0.878008707958708,0
1,0.7814042110667107,1
0,0.7429649628149627,0
0,0.7254885039796807,0
0,0.8371518675768677,0
1,0.7810842241092243,1
0,0.8894437895437898,0
0,0.9185497724497724,0
0,0.7496735542235543,0
0,0.8178420079920082,0
1,0.9403765873015871,1
0,0.7714876825788589,0
0,0.743173633311134,0
0,0.8035035242535244,0
1,0.9413924131424132,1
0,0.9777428571428568,0
0,0.7734908601632288,0
1,0.8153042207792206,1
0,0.7566282347769188,0
0,0.8762892704517707,0
1,0.8832325258075256,1
0,0.766765656565657,0
0,0.917966067266067,0
1,0.8191999639249635,1
0,0.6665831901156979,0
1,0.7428465629142103,1
1,0.7482974525474527,1
0,0.897055808080808,0
1,0.8342360019065901,1
1,0.8183941461316466,1
0,0.8415984390609391,0
0,0.7145747169497169,0
1,0.8283600024975027,1
1,0.7818721167721163,1
0,0.8675252384870032,0
0,0.7829972333222336,0
1,0.8694260267510268,1
0,0.727691498778999,0
0,0.8415575285825284,0
0,0.82908286019536,0
0,0.8756094044844045,0
1,0.8658759143634142,1
1,0.7257392662892662,1
1,0.7928804150098268,1
0,0.9662521793565912,0
1,0.9358581349206351,1
0,0.8308893759018763,0
1,0.953963539238539,1
1,0.7426128538128535,1
0,0.5430164973914973,0
1,0.8206277861027861,1
0,0.9029833222333219,0
1,0.8474776140526138,1
0,0.8576540861915868,0
1,0.8626021099815221,1
0,0.7473436729936731,0
1,0.7883832917082916,1
1,0.7770932900432894,1
0,0.8162442030192029,0
1,0.8514071374703729,1
1,0.7837697506741624,1
1,0.8918710150960151,1
0,0.6887281897840722,0
1,0.8519035436785437,1
0,0.9479396464646463,0
0,0.6769700577200574,0
1,0.7657213564213567,1
1,0.7705936258186257,1
1,0.8507843739593745,1
1,0.7993956820956822,1
0,0.8281339133089136,0
1,0.86244198024198,1
0,0.7465326035076035,0
1,0.760137956487957,1
0,0.7196664927178087,0
0,0.8450305694305694,0
0,0.8502315073815074,0
1,0.7907047258297258,1
0,0.8220762210012207,0
0,0.7615337148962147,0
1,0.7950935241229361,1
1,0.7485287247839879,1
0,0.8282251803751809,0
1,0.79401176046176,1
0,0.7280504939504938,0
1,0.7003869547119548,1
0,0.8893874680874678,0
1,0.7797501137751136,1
0,0.9106047397047393,0
0,0.7287492951492947,0
0,0.7078233266733266,0
1,0.8354957181707181,1
0,0.9238200715950715,0
0,0.9079099123099122,0
0,0.7791850131894253,0
0,0.69074666999667,0
0,0.6595954009440851,0
1,0.8319846375846379,1
1,0.8341104173604172,1
0,0.965934476634477,0
1,0.8014481005106004,1
1,0.8094685692532438,1
1,0.8104094849594851,1
1,0.8330627067377065,1
1,0.7032594821844822,1
0,0.874356295093795,0
1,0.8685194000443995,1
1,0.8209728715728719,1
1,0.9008502886002884,1
0,0.7598459512709516,0
0,0.864615342990343,0
1,0.8193008297258296,1
0,0.8341622516372518,0
1,0.7759775391275392,1
1,0.6995256471469705,1
1,0.8374103896103896,1
0,0.8391777056277056,0
0,0.6276814463314465,0
0,0.8779397255522252,0
0,0.6703514485514485,0
1,0.8743725122100123,1
0,0.8463925463425466,0
1,0.8809749278499279,1
0,0.8830818792318795,0
1,0.7992305942423586,1
1,0.9421299062049064,1
1,0.8321219807969809,1
0,0.9635216991341989,0
0,0.8266516126847004,0
1,0.753277436452436,1
0,0.8148294150294151,0
1,0.8791046009546005,1
0,0.738530185092685,0
1,0.7420322094572099,1
1,0.7065714008214004,1
0,0.8992772394272394,0
0,0.7852427752802755,0
0,0.8481240717615718,0
0,0.8242664280164279,0
0,0.8691890886890886,0
0,0.8947370490620493,0
1,0.7970165861915858,1
1,0.7798168720168718,1
0,0.8058244089244088,0
1,0.8131676573426573,1
1,0.8740732350982349,1
1,0.7945443251193249,1
0,0.8739769910644908,0
0,0.966729426129426,0
1,0.901473201798202,1
0,0.8990908730158732,0
1,0.8379067571317571,1
0,0.9096982683982686,0
0,0.9211645202020201,0
0,0.8769649933399931,0
0,0.820959101601014,0
1,0.8706143661893656,1
1,0.845728690753691,1
0,0.8618740037740039,0
0,0.8224787518037514,0
0,0.9304146964146965,0
0,0.8729753431209312,0
0,0.7950846546427436,0
1,0.7859261932511933,1
0,0.9214092851592851,0
1,0.7709246003996003,1
1,0.8266881091131094,1
1,0.8028173396048397,1
1,0.8967258519258521,1
1,0.7434156204906203,1
0,0.7158932206682208,0
0,0.8203496364746362,0
0,0.8588956543456545,0
0,0.9051827450327451,0
1,0.8378408896658891,1
1,0.721212867687867,1
1,0.8650534086828201,1
1,0.8654060064935065,1
1,0.7959673695585463,1
1,0.8684533369408368,1
0,0.7640763403263403,0
1,0.9212242923742923,1
0,0.9543599900099898,0
0,0.8800760475635474,0
0,0.935221345321345,0
1,0.8360767177267182,1
1,0.9289184676434679,1
1,0.6549433788433789,1
0,0.9660765109890112,0
0,0.8205189158064156,0
1,0.8291816683316684,1
1,0.805941416916417,1
0,0.8685889610389611,0
0,0.8312544830169826,0
0,0.7093391719391721,0
0,0.7790308941058944,0
0,0.9183299672549675,0
1,0.7605637176548944,1
1,0.8097409590409596,1
1,0.8934962731712737,1
0,0.6799787601287604,0
0,0.788745337995338,0
0,0.7932459401709402,0
0,0.910939418914419,0
1,0.8681614565989563,1
1,0.8900401584526583,1
1,0.9337099705849704,1
0,0.9439555194805195,0
0,0.6716573648573645,0
1,0.7350475163725164,1
0,0.8361656315906314,0
0,0.7728114746364744,0
1,0.7643654484404486,1
0,0.8763170623494155,0
0,0.7965968142968146,0
1,0.8770602591852591,1
0,0.6512412115662117,0
1,0.8927583610833613,1
0,0.7470410866910864,0
1,0.7649643080775427,1
1,0.6832190032190031,1
0,0.7694633699633703,0
1,0.8800375124875124,1
1,0.7376339160839169,1
0,0.8992094516594514,0
0,0.9017823815073813,0
1,0.8027516358641358,1
1,0.9093643772893771,1
1,0.687867132867133,1
1,0.6483820457320456,1
0,0.9864270923520925,0
0,0.8825958985458986,0
1,0.7841630175380174,1
1,0.6990129814629814,1
1,0.7805986152736155,1
1,0.7864428821178815,1
1,0.7213224174518289,1
1,0.8158907065157066,1
1,0.8971023504273503,1
0,0.8505552919302917,0
0,0.907123896528308,0
1,0.7231947673241791,1
0,0.7492136072261073,0
0,0.7898063686313691,0
0,0.8518687368187369,0
1,0.9248417388167387,1
1,0.7520006937506941,1
0,0.7576191724941722,0
1,0.7914419580419578,1
1,0.7594944136745603,1
1,0.7348362026862025,1
1,0.6928240176490175,1
1,0.7381571081696078,1
1,0.8161082153957154,1
1,0.7841118251030017,1
0,0.7829745490620492,0
1,0.8008844128094126,1
1,0.8597054584304579,1
1,0.7973328171828171,1
1,0.820927525252525,1
0,0.8808809773559775,0
0,0.7884769508269506,0
1,0.8864381868131868,1
1,0.5900976006020118,1
1,0.8021347125097125,1
0,0.763033072483072,0
1,0.7877609723609728,1
0,0.7373092241092241,0
0,0.843861327561328,0
1,0.908368611943612,1
0,0.8383056637806634,0
1,0.8137089965589968,1
0,0.8103818820068821,0
0,0.8520123570873576,0
1,0.8222613202157324,1
1,0.9178883394383398,1
0,0.8018743276331511,0
0,0.8349133866133865,0
0,0.8688746531246532,0
1,0.8956683621933621,1
1,0.920621284271284,1
0,0.8909067400736518,0
1,0.8418433375834691,1
0,0.8810404761904763,0
0,0.8833363525363525,0
0,0.9201933261183258,0
1,0.7435540376290375,1
1,0.8740053650597774,1
0,0.9032545523920522,0
1,0.7310166083916088,1
1,0.8972911810411806,1
1,0.7136270417491006,1
1,0.8517896575646576,1
1,0.8244445804195804,1
1,0.7852487068487068,1
0,0.7451845737595738,0
1,0.8451638000888003,1
1,0.851864724164724,1
0,0.8646729284604283,0
1,0.7862879037629038,1
0,0.7277581067625185,0
1,0.8922169080919079,1
0,0.8194352425352422,0
1,0.8663988455988453,1
1,0.8659898268398266,1
0,0.9189253552003552,0
1,0.8199010420135419,1
0,0.933848953823954,0
1,0.8909342508798394,1
0,0.7127507992007991,0
0,0.6966729908979904,0
0,0.8095485722610722,0
0,0.7954454933954934,0
1,0.8091479464979464,1
1,0.8598800782550783,1
1,0.9075895548895551,1
0,0.7847145604395602,0
1,0.7867554431679428,1
1,0.7558403374403373,1
1,0.7926931263181263,1
0,0.7578901168276168,0
0,0.8408148878898883,0
1,0.8053495254745254,1
1,0.6926743141662259,1
0,0.6738436646686649,0
1,0.746096536796537,1
0,0.876367048229548,0
0,0.9211108946608947,0
0,0.8430891441891439,0
0,0.8397987014619367,0
1,0.7836463564213567,1
1,0.8222164418914422,1
0,0.866523680078092,0
0,0.7663200882450883,0
0,0.8919903069153063,0
0,0.862959249084249,0
1,0.8808285492285496,1
1,0.82572987012987,1
1,0.8660787379287378,1
0,0.9085845168720169,0
1,0.7538068064288654,1
1,0.9049780753560166,1
1,0.8467592601842603,1
0,0.739160921023421,0
0,0.6680878871128868,0
0,0.8504439407814408,0
0,0.7706934065934067,0
1,0.7496864224827459,1
0,0.7682016548810662,0
0,0.8908045981795987,0
1,0.7726759462759465,1
0,0.8288827991452994,0
0,0.9034316558441561,0
1,0.7648730297480298,1
0,0.9012457042957037,0
0,0.8555090437340436,0
0,0.8419993256743258,0
0,0.8441549478299477,0
0,0.9966083333333333,0
1,0.835343376068376,1
0,0.8455743395493395,0
0,0.8696992673992676,0
0,0.7880053224553225,0
1,0.8192742798867803,1
1,0.7686929154179156,1
1,0.629169973069586,1
0,0.8675310139421982,0
1,0.8357136072261075,1
0,0.852430183705183,0
0,0.8217538544788545,0
1,0.8874865301365302,1
0,0.8136823856698853,0
1,0.892930491730492,1
1,0.7243561577311574,1
1,0.8624970333587981,1
1,0.6770938394938396,1
0,0.8745115800865797,0
0,0.9284610861360862,0
0,0.9467214174714177,0
1,0.6278811771561772,1
1,0.8072328671328673,1
1,0.8609445110445118,1
1,0.8183551082904026,1
0,0.946641233766234,0
0,0.8305605311355314,0
0,0.9028068181818183,0
0,0.7765488095238094,0
1,0.8892123778998777,1
1,0.8550854645354645,1
0,0.7835961225049458,0
0,0.8182098765613468,0
1,0.8714245875039991,1
0,0.9173191808191812,0
0,0.8183878928261283,0
1,0.7054907039039394,1
0,0.8904003912753916,0
1,0.7380690864690863,1
0,0.7857436992745819,0
0,0.7658715934392406,0
0,0.7721469252969253,0
1,0.8552325799200797,1
1,0.8398007437007438,1
0,0.9101649850149848,0
0,0.9441590187590186,0
1,0.7940610528360533,1
1,0.7809902847152844,1
1,0.7072816239316237,1
1,0.7944146171080386,1
1,0.7563093462093461,1
1,0.8695533091908089,1
1,0.8777685213479333,1
1,0.7755328421578418,1
0,0.881671681096681,0
0,0.8876976093351094,0
0,0.8300505203130204,0
1,0.6965721903096901,1
0,0.7817147770530112,0
0,0.5732859584859588,0
1,0.7439202755577756,1
1,0.9092592712842713,1
0,0.7862979603729607,0
0,0.8275318722943723,0
1,0.7135157647907646,1
0,0.8672152819402817,0
1,0.8145026667776665,1
1,0.7344793817293815,1
1,0.599301023976024,1
0,0.6798608119219961,0
1,0.8828346570096569,1
0,0.8056229391523505,0
1,0.9977118575868577,1
0,0.7855677634457048,0
1,0.8562914684172035,1
1,0.861452528027528,1
1,0.8726714035964037,1
0,0.8719815656565657,0
0,0.7613622821622817,0
0,0.8219719243175129,0
1,0.8934973914973914,1
0,0.8272458541458539,0
0,0.7787440476190477,0
1,0.8600394522144518,1
0,0.7039116611329848,0
0,0.806334480388892,0
1,0.7055601592851591,1
1,0.8186971611721613,1
1,0.9349292957042954,1
0,0.902206265956266,0
0,0.7145416278166278,0
1,0.7650729326229329,1
1,0.8060599936011701,1
0,0.7482619630369627,0
1,0.745009580288992,1
0,0.8018698065823064,0
1,0.7679292679542679,1
1,0.831601180355592,1
1,0.871240873015873,1
1,0.8645093212343218,1
0,0.9337193598068599,0
1,0.787214343989344,1
0,0.8829761793761793,0
0,0.8301020451770451,0
1,0.7188176038014272,1
0,0.8096797341547342,0
1,0.8589982822732815,1
1,0.7915666722166718,1
1,0.8716653679653682,1
1,0.8981197635697635,1
0,0.8240847458097456,0
0,0.8379329920079921,0
0,0.8556634847178969,0
0,0.7914629537129533,0
1,0.9177669552669551,1
1,0.8951288655788654,1
0,0.8352633255633255,0
0,0.8325211677211677,0
1,0.8147197080697084,1
1,0.6162270632145629,1
0,0.9265510101010099,0
0,0.9001300394050391,0
0,0.8457542041292039,0
1,0.7342742601352897,1
1,0.8753594738594735,1
1,0.8281082029082029,1
1,0.8783434010434008,1
0,0.7869834415584416,0
0,0.7642455960705957,0
1,0.7808502997003001,1
1,0.8385225246975246,1
0,0.852319819069819,0
0,0.6887493900707135,0
0,0.8789287420912422,0
0,0.7240576243201238,0
0,0.7226423687423688,0
1,0.750273629148629,1
0,0.8347805805305802,0
0,0.9549605699855702,0
0,0.9010669302919297,0
0,0.809549605949606,0
0,0.8388548229548229,0
1,0.7975223859473858,1
1,0.7392152888777886,1
0,0.8157891275391281,0
0,0.9152742784992784,0
0,0.8934231962481965,0
0,0.954622263847264,0
0,0.711004285991786,0
1,0.7289435162060162,1
0,0.7285314491064488,0
1,0.7792569763569768,1
0,0.8100139277389276,0
0,0.6842598887223892,0
0,0.8001111138861138,0
0,0.815636208236208,0
0,0.7487960891447731,0
0,0.9100765900765898,0
0,0.9215048534798537,0
0,0.9706448412698413,0
0,0.8638450799200803,0
0,0.9107345085470084,0
0,0.7740360724243074,0
0,0.8939898490398491,0
1,0.7525906676656675,1
1,0.7524607448107453,1
1,0.7423759934509936,1
1,0.9379099206349205,1
1,0.8506095793095795,1
1,0.7936640706515711,1
0,0.7830393689643683,0
1,0.7214025280275279,1
0,0.7570019355644351,0
1,0.8486102591852592,1
1,0.6907275474525477,1
1,0.8051730424803956,1
1,0.8174417027417026,1
1,0.9134761904761903,1
0,0.7038262154512153,0
1,0.7155903324015169,1
1,0.9170315850815848,1
1,0.7783639776889777,1
1,0.7362646714396714,1
0,0.7968790802334913,0
1,0.8604044552669551,1
0,0.8636215756465756,0
1,0.8386449189699187,1
0,0.8303705988455993,0
0,0.7515793882588001,0
0,0.8215885808635806,0
0,0.8610147741147743,0
1,0.8843971833721833,1
0,0.8536828643578647,0
0,0.8561261682761683,0
1,0.8138758408258412,1
0,0.8766865967365964,0
0,0.8958287722081841,0
1,0.7618689907314898,1
0,0.7969480505605506,0
1,0.794237418137418,1
1,0.7998414585414583,1
0,0.9778849206349207,0
1,0.8850371212121209,1
0,0.7826712384837385,0
0,0.8662795593295591,0
1,0.9184889610389612,1
1,0.7079844058719059,1
1,0.8362935051060051,1
0,0.7740443889443889,0
1,0.8456828421578418,1
0,0.6401462898212901,0
0,0.8192301874595996,0
0,0.8196826164032045,0
0,0.8240529359529359,0
1,0.8470321345321344,1
1,0.8318511100011103,1
0,0.7148032245532248,0
1,0.7970942168942171,1
0,0.8544127122877122,0
1,0.8002605200355198,1
1,0.8760142718392716,1
0,0.8020208971583972,0
1,0.8561638361638365,1
1,0.8158983766233766,1
0,0.8533183491946651,0
1,0.7671911297036297,1
0,0.9632977633477635,0
1,0.8520926573426572,1
0,0.7043124014143753,0
0,0.7959714503633618,0
1,0.9035538184038188,1
1,0.7122417175961296,1
0,0.9269778027528026,0
1,0.8157062770562764,1
1,0.7327269952269955,1
1,0.9566735506323739,1
0,0.9192509407259408,0
0,0.7779084942834938,0
1,0.7603234765234766,1
0,0.9686668831168831,0
0,0.862184804084804,0
1,0.7459205488955489,1
1,0.8921789821289816,1
1,0.6999550643800646,1
1,0.8282136641136638,1
1,0.8050694000443999,1
1,0.8606187035187038,1
0,0.7976388084138079,0
0,0.8914599747474745,0
1,0.8249138042513041,1
0,0.8229939893439892,0
0,0.917878848928849,0
0,0.8885689893439891,0
0,0.8455830086580087,0
0,0.7521323149073148,0
0,0.75639227994228,0
0,0.8837764402264401,0
0,0.8242352453102453,0
0,0.7541246856944229,0
0,0.8244996253746247,0
1,0.8116639332889336,1
0,0.836895596070596,0
0,0.7591543678543679,0
0,0.8861469558219561,0
0,0.7247142982017982,0
1,0.8235299275887517,1
1,0.9241162087912087,1
1,0.7545461122211118,1
1,0.8054541718085835,1
1,0.755244341769342,1
0,0.9163892746142746,0
0,0.838965132090132,0
0,0.8796515429015429,0
1,0.8499345598845596,1
1,0.8166808830058828,1
1,0.7940161338661341,1
1,0.8283110028860026,1
1,0.7764450216450216,1
1,0.8234018897768903,1
1,0.7787671522921522,1
0,0.89752224997225,0
0,0.8842103785103784,0
1,0.8269118835412956,1
1,0.8279785589410591,1
1,0.7676241785991783,1
1,0.8564040806415801,1
0,0.95046259018759,0
0,0.7984297091797096,0
1,0.8012857864357866,1
0,0.8434636696636693,0
1,0.8265678599178597,1
1,0.8415256382506381,1
1,0.7894059634809633,1
0,0.8827958041958046,0
0,0.678403110941346,0
0,0.9052126817626822,0
1,0.7736882978132978,1
0,0.8322894272394274,0
0,0.8700565287653521,0
0,0.8157988955488957,0
1,0.8518633727383726,1
0,0.85970202020202,0
0,0.9043960594960594,0
0,0.7282605672105671,0
1,0.7392904789654794,1
0,0.8388746073371072,0
1,0.7503428710178714,1
0,0.8214250852089088,0
1,0.7604091705679938,1
0,0.9086306415806418,0
1,0.7710256981580514,1
0,0.8873169386169386,0
0,0.7657373716969308,0
1,0.7683247141747142,1
1,0.8065770868020868,1
1,0.6105694888444891,1
0,0.8976629759129758,0
1,0.8220663392163386,1
1,0.8304627927627928,1
0,0.8651348401598403,0
1,0.7798261932511934,1
0,0.717047496947497,0
1,0.8285555815099933,1
1,0.9553875541125539,1
1,0.7296353452103453,1
1,0.795443650793651,1
0,0.8041033713835182,0
1,0.8451963203463205,1
1,0.7131032703407698,1
0,0.8375266733266736,0
0,0.9204444444444444,0
1,0.8548896409146407,1
1,0.9526782106782105,1
0,0.9377326007326008,0
1,0.8731208902208898,1
1,0.8234277306027309,1
0,0.7728966339216337,0
1,0.649088799435858,1
1,0.746487842304754,1
1,0.8675552780552781,1
0,0.6089255008880011,0
0,0.8373695096570095,0
1,0.6615860153735152,1
1,0.8626348346098345,1
1,0.6820777940197063,1
1,0.8006325271950265,1
1,0.8537240759240762,1
1,0.7951790404040403,1
1,0.8304090185957832,1
0,0.8475024493480376,0
0,0.6053047049355872,0
0,0.8658692973692976,0
0,0.7598774891774891,0
0,0.8217903180153177,0
0,0.914657220557221,0
0,0.8590029498279497,0
0,0.9682455627705627,0
1,0.8702782467532466,1
1,0.8698360417360415,1
1,0.7551787296037294,1
0,0.7372132211742509,0
0,0.8872313575313571,0
0,0.8708114718614719,0
1,0.8070693473193468,1
1,0.8881407314907314,1
1,0.8474581612831614,1
0,0.9045087166101867,0
1,0.8703862984237987,1
0,0.8833822191697189,0
1,0.7581743367743367,1
1,0.7166623469667589,1
1,0.7408631285381286,1
0,0.8629629315129314,0
0,0.8710895798645797,0
0,0.8714170024420026,0
1,0.8311850395519517,1
1,0.8266140803640799,1
1,0.9756992673992674,1
0,0.8729782811486759,0
0,0.8095345682095684,0
0,0.8984718253968255,0
1,0.8468552780552779,1
1,0.8192319319569316,1
0,0.8229408426970347,0
1,0.7386885394017746,1
1,0.927514302364302,1
1,0.745529048729049,1
1,0.9236774392274392,1
0,0.7952378376740218,0
1,0.8465762015762015,1
1,0.8642638361638367,1
0,0.8529112544318429,0
0,0.8660538808413808,0
0,0.6542652000776998,0
1,0.8857152282358166,1
1,0.8058360360228004,1
0,0.8122165695415692,0
0,0.8243837606837605,0
1,0.8105594405594411,1
1,0.7876232600732603,1
0,0.8032957597957598,0
0,0.8056366855366854,0
0,0.7633170266824681,0
0,0.5982086746586749,0
1,0.8090996031746028,1
0,0.8805443181818179,0
1,0.8941894272394271,1
1,0.7722647768897767,1
1,0.8548955405705404,1
0,0.7635132339882333,0
0,0.8762009684759684,0
1,0.8661718670218673,1
0,0.8679314296814298,0
0,0.7622684468309465,0
1,0.8583008297258299,1
1,0.882788231213231,1
1,0.7507975700769822,1
0,0.7990868825618822,0
0,0.8978889388389394,0
1,0.6639850714644838,1
1,0.7715812562437565,1
0,0.7263501248751247,0
0,0.872757978132978,0
1,0.8484298701298701,1
1,0.7508062853812856,1
1,0.8780608807858812,1
0,0.8674227383727379,0
0,0.859822183045712,0
1,0.8847232794982792,1
1,0.8174565331727102,1
1,0.9312457639582639,1
1,0.7408529359529362,1
1,0.8638616938616941,1
1,0.8315525613275615,1
0,0.7697807485814837,0
1,0.8503836292792175,1
0,0.8118233720527837,0
0,0.9705971139971137,0
1,0.8764932872682869,1
1,0.7831942077530311,1
0,0.8922112526362522,0
1,0.8230218503718507,1
1,0.9204207735247211,1
1,0.8301983641358641,1
0,0.8616923269540918,0
1,0.5868937520812519,1
0,0.8995213647463643,0
1,0.7440642288267285,1
0,0.7325370213120211,0
0,0.7121753399378402,0
0,0.8646038045288041,0
1,0.7179745088245091,1
0,0.7216032550782551,0
0,0.8087604895104896,0
0,0.8314469030969028,0
0,0.9099518398268396,0
1,0.8608938727938725,1
1,0.9505347291597288,1
0,0.8577229992229992,0
0,0.8537180735930734,0
1,0.7221614496614498,1
1,0.8879841797091798,1
0,0.8521790154290154,0
0,0.8712865162615162,0
0,0.9156373590461826,0
1,0.8649178515928516,1
1,0.8079295704295703,1
0,0.8832956765456762,0
0,0.7946997141747139,0
1,0.9446076257076259,1
0,0.7897862665112664,0
1,0.7402387723387722,1
1,0.5906184329559327,1
1,0.824600355200355,1
1,0.8196664511958626,1
1,0.7518815129315128,1
1,0.9026598013098014,1
1,0.8361026098901101,1
1,0.770284471084471,1
1,0.8857151515151515,1
0,0.5051227383727384,1
0,0.835228686591187,0
0,0.7595371489621485,0
0,0.8390148601398603,0
0,0.7651573981573979,0
0,0.8584001498501497,0
1,0.7421100621600624,1
1,0.7979719946719948,1
0,0.9187984015984019,0
0,0.8765290829053984,0
1,0.8068420561464674,1
0,0.8450249417249421,0
0,0.7873068686430527,0
1,0.8509344336219339,1
0,0.8325689060939055,0
1,0.7393175214706175,1
1,0.9210881507381505,1
1,0.7332555168687521,1
0,0.860348552836053,0
0,0.7979568611943608,0
1,0.7585309412809408,1
0,0.9571342722636839,0
0,0.8122609168609167,0
1,0.866806442168942,1
0,0.6545026820401821,0
1,0.8845027208902211,1
1,0.7967547896547902,1
0,0.8229519314019311,0
0,0.8320524336774342,0
1,0.8107539127539127,1
0,0.7421592962592963,0
1,0.8083398393273392,1
1,0.7463642801642798,1
1,0.6970379218004216,1
1,0.8196403429903426,1
1,0.7743675574425574,1
1,0.7993456279831281,1
1,0.8344474525474526,1
0,0.8053801559551557,0
0,0.874121062271062,0
1,0.8634957792207796,1
0,0.8453503756047878,0
1,0.8736909812409812,1
1,0.8024144642938762,1
0,0.8117561910311909,0
0,0.7010799932094048,0
0,0.6298378441003439,0
0,0.826099161949162,0
0,0.9289698412698414,0
1,0.8373543623043622,1
1,0.8588604728604728,1
0,0.8478967143967142,0
1,0.9845554945054946,1
1,0.7596927156177157,1
0,0.92033924963925,0
1,0.7932817460317457,1
0,0.8239369991119992,0
1,0.7626801323676318,1
1,0.906715753690754,1
1,0.8747298881673884,1
0,0.9026204489954489,0
1,0.7228422771672764,1
1,0.761463342213342,1
1,0.7971836996337002,1
1,0.8188683871683873,1
0,0.8866317571317572,0
0,0.884944103119103,0
0,0.8163430000555005,0
1,0.7645674486461255,1
1,0.8141347430347426,1
0,0.8659425435675435,0
1,0.7815434815184815,1
1,0.8415662837162838,1
0,0.79489985014985,0
0,0.7897302225552219,0
1,0.7675301004551001,1
0,0.7698974081474084,0
0,0.7592323157234927,0
0,0.9166163600288603,0
0,0.7447933590102709,0
0,0.8354975857475863,0
1,0.6261114191364189,1
1,0.78025777000777,1
1,0.7933274364524366,1
0,0.8692526362526363,0
0,0.8453250111000115,0
0,0.8983744880119884,0
0,0.8374630841380837,0
0,0.8251938755688755,0
1,0.7204743506493512,1
1,0.7644847134289858,1
1,0.6384329305498418,1
0,0.8855799145299142,0
0,0.8715470029970029,0
0,0.9143364274614272,0
0,0.7892950684119807,0
1,0.8990521506271507,1
1,0.7038642604944079,1
1,0.7228103424353418,1
0,0.912018546322958,0
0,0.8419202424209771,0
1,0.9204907814407814,1
1,0.8114027536790699,1
0,0.8048727772227772,0
0,0.7034030330780328,0
0,0.8362957861582858,0
0,0.8588282412032416,0
0,0.7949069236319238,0
1,0.7119338245088249,1
0,0.7687676046176045,0
0,0.9528442557442558,0
0,0.8461582084582088,0
0,0.7429448412698412,0
0,0.910948437673438,0
1,0.913121356421356,1
0,0.8357028887778892,0
1,0.8156772866022861,1
0,0.9307666666666665,0
1,0.7091071539571542,1
0,0.7904562229437226,0
0,0.9339607004107006,0
1,0.9055059496059499,1
1,0.8623509892884893,1
0,0.8536849816849819,0
1,0.7246058608058609,1
0,0.811892984792985,0
0,0.8731095793095796,0
0,0.841839305139305,0
1,0.7685483680535149,1
0,0.8901375069375075,0
1,0.6186647021279378,1
0,0.8171573232323229,0
1,0.8057201146076147,1
0,0.8463329864579859,0
0,0.798144916194916,0
0,0.8144891525141523,0
1,0.949022802197802,1
0,0.8671759102009099,0
0,0.8459078588078587,0
1,0.8044917526917529,1
1,0.8593793456543454,1
0,0.9159707833832832,0
1,0.8934666916416916,1
0,0.9010316378066379,0
0,0.8713002997003,0
1,0.8226002664002666,1
0,0.8980035567373799,0
1,0.8317858655233655,1
0,0.7172834304584308,0
1,0.8964003052503058,1
1,0.7103082389832391,1
1,0.8390792271454036,1
1,0.8150195831945839,1
0,0.9167083166833169,0
1,0.8950329281829282,1
1,0.8452725690975688,1
0,0.86898634976135,0
0,0.9165033411033409,0
0,0.795864885114885,0
0,0.9459636363636362,0
0,0.9962666666666667,0
1,0.8575069208569206,1
0,0.6340225801975801,0
0,0.7861745514289628,0
0,0.8509759879009879,0
1,0.844739876789877,1
1,0.8536441253191254,1
0,0.7778644189144192,0
1,0.8869279165279164,1
0,0.6388010295260298,0
0,0.8865962426462428,0
0,0.7557799950049947,0
0,0.851093503718504,0
0,0.8666233904983908,0
1,0.9559111971361971,1
1,0.7493004564879563,1
1,0.7939410450660451,1
1,0.8364639277389279,1
0,0.7968322927072922,0
1,0.7700591372679609,1
0,0.8539926989676987,0
1,0.9328100011100011,1
0,0.8375254523254523,0
1,0.8777402597402596,1
1,0.8338026591056008,1
1,0.690828627908039,1
0,0.8079851148851153,0
1,0.8713104562104559,1
1,0.7839035472697241,1
1,0.8346886363636368,1
0,0.8307552669552666,0
0,0.7845508116883118,0
1,0.765827744885833,1
0,0.8839009712509714,0
1,0.9272150238650243,1
0,0.7244017760017759,0
0,0.9338706127206128,0
1,0.8689500999000996,1
0,0.9062295371295374,0
1,0.8518340437340438,1
0,0.8782215534465535,0
0,0.9093124505611346,0
1,0.8419441239316237,1
0,0.8610972999222993,0
1,0.6089341755466758,1
1,0.7555712509712506,1
0,0.9532280747030748,0
1,0.8900886280386282,1
1,0.8370400932400931,1
0,0.7690718392718394,0
1,0.786747716172716,1
0,0.9237686813186812,0
0,0.8758451243201241,0
0,0.8900910714285716,0
1,0.8211400155400157,1
0,0.8096002442002436,0
0,0.7021791958041959,0
0,0.8079805708180704,0
1,0.7426738053613052,1
1,0.8111740453990455,1
0,0.7822158896658895,0
1,0.7998419746919745,1
1,0.8341606671106668,1
1,0.911257341269841,1
0,0.8030356976356978,0
0,0.98019227994228,0
0,0.8007811494061494,0
0,0.8590298007548005,0
0,0.874903848928849,0
1,0.8521203342409223,1
1,0.9213413419913422,1
0,0.793263829226329,0
1,0.8688027430902433,1
0,0.8281477189477189,0
1,0.8080201687201689,1
0,0.9207964507714508,0
0,0.8595283771783772,0
0,0.7539949841824843,0
0,0.8366011044511048,0
0,0.9398248334998331,0
0,0.8636169053169047,0
0,0.7013117623604463,0
0,0.8711646464646462,0
0,0.7550598026973022,0
0,0.8596364024864025,0
1,0.8677764243926009,1
0,0.6959981593569826,0
0,0.851300026770615,0
1,0.8192727411477408,1
0,0.8060064491064488,0
0,0.9575813852813854,0
0,0.8368381854256856,0
1,0.8448120879120881,1
1,0.8395490481740484,1
0,0.7765283609364492,0
0,0.740611261940674,0
0,0.7539002664002666,0
0,0.8985637334887338,0
0,0.814311704961705,0
0,0.8604274668142315,0
1,0.8561122999549469,1
0,0.735460034410034,0
0,0.7647479201354205,0
1,0.866769516594517,1
1,0.792049642024642,1
1,0.9135211760461759,1
0,0.8749731518481522,0
0,0.9436398545898543,0
0,0.7071715243090246,0
1,0.7722336274836272,1
0,0.8858265540015541,0
0,0.8594528110778109,0
0,0.7989901015651015,0
0,0.8312851800976795,0
1,0.7941094461094466,1
1,0.8642637029637026,1
1,0.629610008618832,1
0,0.8511675935175941,0
0,0.6763150137444256,0
1,0.752340214932127,1
1,0.8260651320901321,1
1,0.8108224460180342,1
1,0.8135907370407371,1
1,0.9282445887445887,1
1,0.8956779692529688,1
1,0.8467820984570985,1
1,0.7656302294927297,1
0,0.8015244338994344,0
1,0.7923861000111005,1
0,0.7556765355559475,0
1,0.750570056624662,1
0,0.7955009018759016,0
0,0.8729493867243868,0
1,0.8023363247863247,1
1,0.9295563279857397,1
0,0.8552354978354978,0
0,0.9160772810522813,0
1,0.9298489926739927,1
0,0.789742715617716,0
0,0.7804087898212899,0
1,0.8811757871213752,1
1,0.8259468892218889,1
0,0.9188985209235214,0
0,0.7812647907647904,0
1,0.9198300810300808,1
1,0.7069510572760572,1
0,0.965754834054834,0
1,0.8555546398046394,1
0,0.8911396811521813,0
1,0.772169486069486,1
1,0.7773309274059272,1
0,0.737311500999001,0
0,0.7829951835745955,0
0,0.791570565545565,0
0,0.7650772677485915,0
1,0.8626261988011988,1
0,0.8311506868131869,0
1,0.8020316711066708,1
1,0.9049626609501605,1
0,0.9009888056388056,0
1,0.8147071817071818,1
1,0.7913289627039635,1
0,0.8197268675768676,0
1,0.8612003579753575,1
0,0.9126832140082141,0
0,0.8644366744366745,0
0,0.7562547443784282,0
0,0.7328549839049843,0
1,0.755313494838495,1
1,0.7663734876234873,1
1,0.8201762043512043,1
0,0.7859488664113664,0
1,0.7810333888333887,1
0,0.7707713547890023,0
1,0.7874877594627591,1
0,0.7887270050211227,0
0,0.8116875061213291,0
1,0.8184754259629261,1
1,0.7065123765123769,1
1,0.8507307276057274,1
0,0.803579903429903,0
1,0.8764689144189144,1
1,0.771029936729936,1
1,0.8322393106893107,1
0,0.7637641275391278,0
0,0.7737777750027746,0
0,0.9608789682539683,0
0,0.7346975052725053,0
0,0.9360098262848263,0
0,0.9008385170385171,0
1,0.783561297036297,1
1,0.8267151307026304,1
1,0.9052356421356423,1
1,0.9142194721944723,1
0,0.8404544802419801,0
1,0.7678744949494948,1
0,0.8726397546897544,0
1,0.7815299321593439,1
1,0.7978835303585302,1
0,0.8575437923187924,0
1,0.7196863455988457,1
1,0.7091954406704407,1
1,0.7866577117327119,1
1,0.8285673187923186,1
1,0.8341313117438118,1
1,0.7666695970695971,1
0,0.7862773939081213,0
0,0.856955864397041,0
0,0.8280734396322628,0
1,0.7972420288045288,1
1,0.7317379287379283,1
0,0.8051410062160058,0
1,0.8376460206460206,1
0,0.7773835372960378,0
0,0.919823593073593,0
1,0.7753304778554778,1
1,0.7359037407037404,1
1,0.9456338217338218,1
0,0.9109373099123098,0
0,0.7760424020424017,0
0,0.9037681651681653,0
0,0.8920087459925694,0
1,0.8556564324564323,1
0,0.8276732971277091,0
1,0.8363519702519704,1
0,0.7995737789987791,0
0,0.8470803105391339,0
1,0.8643774891774891,1
0,0.8758280747030739,0
0,0.7618151653901654,0
1,0.7847790237540239,1
1,0.7847241924741922,1
0,0.8853845432345436,0
1,0.8901008685758682,1
1,0.8217153582528582,1
0,0.7998061161061161,0
0,0.9087673937173935,0
1,0.7348528277278273,1
0,0.8550196886446887,0
1,0.9332861111111113,1
0,0.8888112498612496,0
1,0.6777220113220107,1
1,0.8665595172801052,1
1,0.8247462232212232,1
1,0.7049722249972246,1
0,0.8234483460983465,0
0,0.789515931290932,0
0,0.8049338383838383,0
0,0.8857380896880894,0
1,0.6875674339549337,1
0,0.8689096459096456,0
1,0.6886671467421464,1
1,0.8069698440448444,1
1,0.7381963564213564,1
0,0.801281046731047,0
0,0.8368663059163057,0
0,0.824211111111111,0
0,0.547993120768121,0
1,0.8338563325563326,1
1,0.8937696220446218,1
0,0.7439719225219226,0
0,0.7770641206016209,0
0,0.8289474012099008,0
0,0.8073357683982681,0
0,0.802230258630259,0
0,0.8903269980019975,0
0,0.6908395865572339,0
0,0.8085574064824065,0
1,0.8172869463869463,1
0,0.9180208125208124,0
1,0.8762361138861139,1
0,0.7605131146631152,0
1,0.930404256854257,1
0,0.8481558066933066,0
0,0.7101102999941235,0
1,0.7457563585107704,1
1,0.813235187035187,1
0,0.8014676712176715,0
0,0.7878824481074483,0
0,0.8579823135198131,0
0,0.7248858606477802,0
1,0.8350082098457097,1
0,0.9079249310330197,0
1,0.8483572705072704,1
1,0.7474423419717534,1
0,0.9161911976911976,0
0,0.7963762265512264,0
0,0.8523604978354974,0
1,0.8005908397158404,1
0,0.9761726800976799,0
0,0.6908019258519257,0
0,0.7074593592080436,0
1,0.7710556003636893,1
1,0.7997006882006884,1
0,0.9268164002664003,0
0,0.8195264443889448,0
0,0.8552716006216006,0
0,0.850592238317238,0
0,0.8924076062826063,0
1,0.8965316600066602,1
1,0.9151409396159393,1
1,0.9150847902097905,1
1,0.7723270729270729,1
1,0.8274725084555971,1
1,0.9625052669552671,1
1,0.8021933538683534,1
0,0.8437882423132421,0
0,0.883886038961039,0
0,0.8133486259655374,0
1,0.854471105283605,1
0,0.9331505244755245,0
0,0.7620005922182393,0
1,0.8444738761238758,1
0,0.9027252691752693,0
1,0.7887002122877119,1
0,0.8921070540570545,0
1,0.7943370629370634,1
1,0.8128879329004327,1
0,0.8603478743478741,0
1,0.8274697154969214,1
0,0.7670102036852032,0
0,0.8462814810189813,0
0,0.8184317665521614,0
0,0.7975753593628594,0
1,0.9225618936618932,1
0,0.954145743145743,0
0,0.9639402236652237,0
1,0.682090123765124,1
0,0.7775324453324457,0
0,0.9306732711732713,0
0,0.8772033882783882,0
0,0.8868304612054613,0
1,0.7598137265512259,1
0,0.8487191364191365,0
1,0.8520497113997114,1
1,0.8940737845487843,1
1,0.8698735209235211,1
1,0.9045338938838936,1
0,0.9636824675324674,0
0,0.9136635336885339,0
1,0.7310799797424794,1
0,0.9433134559884561,0
1,0.9044869408369409,1
0,0.6998917075614439,0
0,0.889319314019314,0
0,0.7702857128982127,0
0,0.8902548229548234,0
1,0.8833858474858476,1
0,0.5233108470777588,0
1,0.832584149184149,1
0,0.8475064407814411,0
0,0.9326604867354866,0
1,0.8509898666692781,1
1,0.8745292679542681,1
1,0.8246803002553001,1
0,0.8454622433122436,0
0,0.9309912337662336,0
0,0.8335714715839715,0
0,0.7307118580980424,0
0,0.9284118326118322,0
0,0.8843002553002549,0
1,0.8113532356532358,1
0,0.8516268120768125,0
1,0.9564228132978134,1
0,0.85869478021978,0
1,0.7832677239427236,1
0,0.6835518897768896,0
0,0.8378431235431235,0
1,0.8709575105450104,1
0,0.870470801420802,0
0,0.9191299950049949,0
0,0.7107158036408039,0
1,0.9583646103896105,1
0,0.8817821012321015,0
1,0.8890526237651238,1
1,0.7788746517371509,1
0,0.8821668498168493,0
0,0.7994569504025387,0
0,0.7399370768120768,0
1,0.7633815281940279,1
0,0.9079319014319016,0
1,0.834210148185148,1
0,0.9295797258297259,0
1,0.8698462870462867,1
0,0.8273923853923855,0
1,0.8699594655344658,1
1,0.5844122932622936,1
0,0.9051015873015874,0
1,0.9203903027528024,1
1,0.9241162087912087,1
1,0.8248326104451108,1
0,0.9339499278499276,0
1,0.827413489859813,1
1,0.9543510989010991,1
1,0.8473875900243545,1
0,0.913347283272283,0
1,0.6913703768453764,1
0,0.8111264604676369,0
1,0.7794860825449058,1
0,0.8898439324564328,0
0,0.8991376595626595,0
0,0.8105838647463646,0
0,0.7810666694416697,0
1,0.7491434509934509,1
0,0.7465558247308246,0
0,0.8888355200355201,0
1,0.8956830488955486,1
1,0.8620649933399938,1
0,0.8717412337662334,0
1,0.7384073842823844,1
0,0.9692459651459651,0
1,0.6987519619269617,1
1,0.8590458999333996,1
0,0.92184613997114,0
0,0.8623630036630036,0
0,0.9055521464646468,0
0,0.7915864108114107,0
1,0.8815795940170937,1
0,0.8243530081030082,0
1,0.73321978021978,1
1,0.8113204129204129,1
0,0.9846396464646464,0
0,0.8522463064713061,0
1,0.8936608530358533,1
1,0.7835254953379956,1
1,0.8052916139416137,1
1,0.6215008297258302,1
1,0.8386693334443336,1
1,0.6724535103785103,1
0,0.8812763014763018,0
1,0.7722021596867185,1
1,0.8327441905316905,1
0,0.9340338855588856,0
0,0.8689018065268065,0
0,0.7924470511514632,0
0,0.8053757936507931,0
1,0.7952827741702738,1
0,0.868592066267066,0
0,0.7850402977741209,0
1,0.9278419719169718,1
1,0.8431134920634922,1
0,0.8179116217116216,0
0,0.6769097430347426,0
0,0.9104617660117662,0
1,0.7258312770562767,1
1,0.8139709360084363,1
1,0.6201731865356863,1
1,0.8249945675239791,1
0,0.8951770257520261,0
1,0.799278554778555,1
1,0.7697825077700077,1
1,0.8991851828726825,1
1,0.8265372266622264,1
0,0.8787628343878343,0
1,0.8653556850012738,1
0,0.8213418137418139,0
0,0.9632255230880232,0
0,0.8706916555666552,0
0,0.8447681179931181,0
1,0.8762288322788321,1
1,0.7893955627705627,1
1,0.7073385919635923,1
0,0.7767533313908311,0
0,0.8235887945387945,0
0,0.7846234598734597,0
0,0.73433693798032,0
0,0.898196872571873,0
1,0.7340436489980605,1
0,0.8284719488844484,0
1,0.8592903429903428,1
1,0.7370109224109228,1
0,0.8221171384171383,0
1,0.8770845196470195,1
0,0.855280364080364,0
1,0.8906502636252639,1
0,0.6915956959706956,0
0,0.7471914085914083,0
0,0.8124719651263768,0
0,0.8426403735153738,0
1,0.8776773457536616,1
1,0.8548629065379065,1
0,0.780573928848929,0
1,0.6431120589377944,1
1,0.7464254162504161,1
0,0.8786551587301589,0
1,0.7252512709512712,1
1,0.9057989389695272,1
0,0.8744168979713097,0
1,0.8635786408036409,1
0,0.9372813492063493,0
1,0.7559865786990791,1
0,0.9477175696852168,0
1,0.8244045621045623,1
1,0.93406288988789,1
1,0.8441032679738558,1
1,0.8498527769615997,1
0,0.7599040348540343,0
1,0.9554134698634699,1
1,0.8136400349650343,1
1,0.8185001415251414,1
0,0.7968467060717059,0
0,0.8285971653346653,0
1,0.7294653984903979,1
0,0.7776810828060823,0
0,0.9212331030081032,0
0,0.8593765956265954,0
0,0.7239246753246756,0
0,0.7728365745365741,0
0,0.7726925109204515,0
1,0.8618046536796541,1
0,0.9193564824064822,0
1,0.9147618215118216,1
1,0.8616629342879346,1
0,0.7934354326229326,0
0,0.7897147713397707,0
0,0.9850249999999999,0
1,0.7930507242757248,1
1,0.7741622904872903,1
0,0.9342415903540906,0
0,0.6529848137973137,0
0,0.8218295732045732,0
0,0.864215583028083,0
1,0.7544627858252864,1
0,0.981106154956155,0
1,0.8675914751914751,1
1,0.8074731754356753,1
0,0.7178788156288161,0
0,0.8288395604395609,0
1,0.8036167887667887,1
0,0.8762807775557777,0
1,0.7467052419802417,1
0,0.986439285714286,0
0,0.8287663281163283,0
0,0.931693242868243,0
1,0.8000809218559217,1
1,0.8280953463203461,1
1,0.8220208735708736,1
0,0.7906219114219115,0
1,0.8619035258042612,1
0,0.8914312409812412,0
1,0.7944979917141681,1
0,0.8537362942612944,0
1,0.9144032624238505,1
1,0.7915384437457967,1
0,0.9189479159729159,0
1,0.7354708503914389,1
0,0.9702435786435788,0
0,0.8109515984015979,0
1,0.78606052003552,1
0,0.733732658028246,0
1,0.7880904258323376,1
1,0.8480132145632147,1
0,0.8586419441669441,0
1,0.8337132395382395,1
0,0.6856348623598625,0
0,0.8489280372405376,0
1,0.8437601842601841,1
0,0.7872882229913191,0
1,0.8746166868219497,1
0,0.7866542291042292,0
1,0.9768884920634918,1
0,0.7913881313131312,0
0,0.8459707098457102,0
0,0.8414165723165722,0
1,0.875956476856477,1
0,0.9508580697080695,0
0,0.8746802725052725,0
0,0.790453767637591,0
1,0.8396056128512015,1
1,0.8789824092574092,1
0,0.8865947273314917,0
1,0.8117571539571535,1
0,0.9463650793650794,0
1,0.8307406510156509,1
0,0.7098017218892219,0
1,0.7197546855921859,1
0,0.7864789682539682,0
1,0.831986263736264,1
0,0.7567254995004995,0
0,0.9008301892551894,0
0,0.7769621194165309,0
0,0.8553999639249634,0
0,0.974487037962038,0
1,0.8221005966255968,1
0,0.7732820818070819,0
1,0.8055815878565877,1
1,0.8791407953157953,1
0,0.9454134199134202,0
1,0.8763341325341325,1
1,0.7668750943500945,1
0,0.7718864246864248,0
1,0.8191331779331785,1
0,0.8065994269619269,0
1,0.8520341713841714,1
1,0.8466393828393826,1
1,0.698527537331949,1
0,0.858234351759352,0
1,0.8949621323121325,1
1,0.7680603063603068,1
0,0.8480260616017967,0
1,0.8019182817182821,1
0,0.8244249736374736,0
0,0.7670738150738151,0
0,0.849955056055056,0
0,0.8595819902319907,0
0,0.81723214546891,0
0,0.9041199772449775,0
0,0.8527253663003661,0
0,0.7413210914085908,0
0,0.893522183372183,0
1,0.7753629814629814,1
1,0.8306163780663781,1
0,0.7999221694971691,0
0,0.7531862942612942,0
1,0.9136712232212231,1
0,0.8966228160728159,0
0,0.8952789363414366,0
1,0.8937822288822287,1
0,0.6901503232878232,0
1,0.8169717032967033,1
0,0.9325747627372626,0
0,0.9345504467754465,0
0,0.9182906232656229,0
0,0.8185807858807856,0
1,0.8240129800754795,1
1,0.7984071373071372,1
1,0.803084074259074,1
0,0.8835103535353533,0
1,0.8881617243867245,1
1,0.8378635142635141,1
1,0.7866236346986349,1
1,0.9069554473304473,1
1,0.8463838203463203,1
1,0.6832654401154403,1
0,0.8805886946386947,0
1,0.8122174900263135,1
1,0.747344502719503,1
0,0.7938970335220334,0
1,0.8159905622155622,1
0,0.9380910894660894,0
1,0.8248947765684609,1
0,0.7736273421023414,0
0,0.7972669719169717,0
0,0.7566151224592401,0
0,0.8185416583416583,0
0,0.9328349234099235,0
0,0.923291835941836,0
1,0.9287615551115552,1
0,0.7721423409923406,0
0,0.8762234626484625,0
0,0.9375142347848231,0
1,0.7257623765123763,1
0,0.7854007797757797,0
1,0.7652705641580642,1
0,0.9075221001221003,0
1,0.7954371257827136,1
0,0.9397770868020867,0
0,0.7824453102453103,0
1,0.8435521103896103,1
1,0.736068967143967,1
0,0.8712667138417135,0
0,0.7383834276834276,0
0,0.630672348484848,0
0,0.8248356914327508,0
1,0.7367179986679989,1
1,0.8235932054057046,1
1,0.9122547979797979,1
1,0.822155573593074,1
1,0.896123745698746,1
0,0.7828017427017422,0
0,0.7075224864188103,0
0,0.8559772071066186,0
0,0.7934593573093571,0
1,0.837735922247687,1
0,0.8423543290043288,0
1,0.8072281995781991,1
1,0.786170851370851,1
0,0.8780753385503384,0
0,0.9078614996114993,0
0,0.6784337121212122,0
0,0.7544090576090573,0
0,0.7272214965589966,0
1,0.7293150571650574,1
1,0.8738568237318238,1
0,0.8179724747474746,0
1,0.9036001887001887,1
1,0.9313107142857143,1
1,0.6854709928959926,1
0,0.8560215187590186,0
0,0.8706296647796651,0
0,0.8510793650793654,0
1,0.8156437562437561,1
1,0.8590022061272061,1
1,0.8260617840492838,1
0,0.8820397435897434,0
0,0.9601574675324676,0
0,0.8657209290709286,0
1,0.9345146920889568,1
1,0.7849921134421134,1
0,0.896759099234099,0
1,0.6982242166330401,1
0,0.7411479853479848,0
0,0.7436667804417805,0
0,0.7282158397158398,0
1,0.8382875291375286,1
0,0.8638035686535689,0
0,0.8561592990342989,0
1,0.7914641774891776,1
1,0.7316793095793093,1
0,0.7885140942390938,0
0,0.8912146270396268,0
0,0.8228594225219223,0
1,0.8757558330558334,1
0,0.8290795204795202,0
0,0.7247316267066269,0
0,0.9110666472416467,0
0,0.8043257645132644,0
1,0.7832395618270617,1
1,0.773148221712927,1
0,0.8590909451659451,0
0,0.8335335520473676,0
1,0.8901719863469865,1
0,0.9821165584415585,0
0,0.6233963952713948,0
1,0.8183748379071911,1
1,0.7562761433011433,1
1,0.9027633838383837,1
0,0.8565375235875237,0
0,0.7797997446997453,0
0,0.8761396742146748,0
0,0.8948386641136646,0
0,0.8695046453546452,0
0,0.9849373015873015,0
1,0.7629134476634476,1
1,0.8868693958818951,1
0,0.840357772782773,0
0,0.8443695027195025,0
1,0.6975904319536675,1
1,0.8993721139971137,1
1,0.8294543123543128,1
0,0.7378342796092802,0
0,0.8686583832833833,0
0,0.7961654484404485,0
1,0.761908900413312,1
0,0.8150094572094576,0
1,0.7963502007796126,1
0,0.7520426323676319,0
0,0.8430173465423466,0
1,0.8188027000776998,1
0,0.7339117410367403,0
1,0.7571381830587715,1
1,0.7571798465423463,1
1,0.7913752025752024,1
0,0.9330452020202021,0
0,0.9632873015873015,0
1,0.7739391156229393,1
0,0.8075162837162838,0
0,0.9165730519480519,0
1,0.7815247516372515,1
1,0.8663147879897877,1
0,0.8463107836607838,0
0,0.8974771783771783,0
1,0.7282353230103229,1
1,0.7243892399267398,1
1,0.8659436258186256,1
0,0.667228994208406,0
0,0.9219702325452326,0
0,0.8338315392940386,0
0,0.8510465340215344,0
0,0.9271102897102895,0
0,0.920344316467846,0
0,0.6620244616494614,0
1,0.8579813270063268,1
0,0.9154933857808856,0
0,0.7546547674547673,0
1,0.5443208458208459,1
1,0.7583124028749025,1
0,0.7422434801309797,0
0,0.7308742743367742,0
1,0.8977822399822399,1
1,0.6757976412476413,1
0,0.9361995060495063,0
1,0.8395398906648907,1
0,0.8702560689310687,0
1,0.8048626373626373,1
0,0.7390781510156509,0
0,0.8514939227439225,0
0,0.6616315545565542,0
1,0.7949502747252747,1
0,0.8343456834831836,0
0,0.848940344377844,0
1,0.7454236319236319,1
0,0.8642811383061383,0
0,0.7434967546342545,0
0,0.8660982392607395,0
0,0.7819123293373292,0
1,0.8209468614718615,1
1,0.8980626151626152,1
1,0.817290141802642,1
1,0.7349269893505188,1
0,0.7332949272949272,0
0,0.7595030958420668,0
0,0.8361101481851484,0
0,0.8160567448890977,0
1,0.793743500943501,1
0,0.8327519536019543,0
0,0.9809934704184702,0
0,0.7825691707028783,0
1,0.9390444014319015,1
0,0.8569321854615971,0
0,0.8753710989990402,0
0,0.8190759240759244,0
1,0.7784559287934293,1
0,0.8118606712731716,0
1,0.8090485472860477,1
1,0.759777237386796,1
0,0.9460301587301588,0
1,0.8116676573426576,1
0,0.825303238428238,0
0,0.876179323454323,0
1,0.7976258796758797,1
0,0.7660964063714064,0
1,0.833105303030303,1
1,0.5424969260314854,1
1,0.8509880332086215,1
1,0.8002330101271284,1
0,0.7456315406815401,0
1,0.8592447219447217,1
0,0.8431609737484732,0
1,0.8911186979686981,1
1,0.7243044455544454,1
1,0.8461169372294366,1
1,0.872044320956821,1
1,0.8368172952047952,1
0,0.8629360564272334,0
1,0.7737317640692644,1
0,0.7020325611522978,0
1,0.8358683732933736,1
1,0.833773881673882,1
0,0.8495494352869355,0
1,0.9059426601176601,1
0,0.840165662115662,0
1,0.753104155566656,1
0,0.872631747419247,0
0,0.7549158466533468,0
0,0.8666587606837605,0
0,0.7374347329141445,0
1,0.8062883005883,1
1,0.8560284160284154,1
0,0.9560046897546899,0
0,0.849112407037407,0
0,0.8083385642135645,0
0,0.8077751221001221,0
1,0.8267832611832616,1
1,0.7800510683760683,1
1,0.7726435508935507,1
0,0.8823086330336327,0
1,0.8012597902097898,1
1,0.9440270229770228,1
1,0.7678107212232207,1
1,0.8498180985680985,1
0,0.9128355737399858,0
1,0.7653967024805265,1
1,0.7806852231102229,1
0,0.8766532568738455,0
0,0.8081411375174532,0
0,0.8195718739593734,0
0,0.713880132367632,0
0,0.9499650044400042,0
1,0.7620734000476651,1
1,0.8217464146964152,1
1,0.8123099123099126,1
0,0.707759731934732,0
0,0.8166995171495169,0
1,0.8041526945276946,1
1,0.8268031218781215,1
1,0.8327222749472745,1
0,0.7943075618825617,0
0,0.8445832806082804,0
0,0.85475043012543,0
1,0.8893080058830061,1
0,0.8743011044511044,0
0,0.829933388833388,0
1,0.8191604312354307,1
1,0.7987664099789095,1
1,0.8193606759468609,1
1,0.8516982115107113,1
0,0.9488848124098126,0
0,0.8667222582972581,0
0,0.9332745514289635,0
1,0.8182858641358641,1
1,0.7611763107807229,1
1,0.8265059496059496,1
1,0.6955345654345655,1
0,0.8511861235986234,0
0,0.8448856976356975,0
1,0.6966640692640692,1
0,0.9885852019325705,0
0,0.8659497779997783,0
1,0.8173465714840712,1
0,0.8683300469997837,0
1,0.7477097596847593,1
1,0.80421467976468,1
0,0.7944669933008167,0
1,0.7217399350649358,1
1,0.8671641969141972,1
0,0.6984645548895552,0
1,0.8117062724856842,1
1,0.8444857531357527,1
0,0.8645242021867022,0
1,0.8515458985458989,1
1,0.8350672216672218,1
1,0.8767215256965255,1
1,0.8252985569985566,1
0,0.797411695249195,0
1,0.7674345016095012,1
1,0.7648010947385953,1
0,0.893052355977356,0
0,0.7145045676545676,0
1,0.7956421519656812,1
0,0.8260386058386058,0
0,0.8880948634698631,0
1,0.7287264263514263,1
1,0.7796614357864358,1
1,0.833662085137085,1
0,0.8600127122877123,0
0,0.8872154761904766,0
0,0.7428951368076366,0
0,0.7356696222078571,0
1,0.8712583405156935,1
0,0.9057584526584525,0
0,0.8150946608946608,0
0,0.9267362082362082,0
1,0.7892493859082098,1
0,0.8756123876123877,0
0,0.8549332278832278,0
1,0.8191610256573493,1
0,0.6598586367880482,0
0,0.79466634280752,0
0,0.8243466616716622,0
1,0.727866808191808,1
0,0.909168908868909,0
1,0.8411246420246419,1
1,0.7631079753579757,1
1,0.8079691308691311,1
0,0.8705526667776671,0
0,0.7883888444888444,0
0,0.8428217796092797,0
1,0.7117738939165407,1
1,0.6036931540681546,1
1,0.8587105339105339,1
1,0.9017717671217671,1
0,0.9146838994338997,0
1,0.818580024550613,1
1,0.6335232101232101,1
0,0.8810225078842728,0
0,0.8757022408147409,0
0,0.8981487430697953,0
1,0.7714667304917302,1
0,0.8261703407703408,0
0,0.8441861749361748,0
1,0.8065875263625265,1
1,0.8856447025197028,1
1,0.8253707736707739,1
0,0.8817847152847151,0
0,0.7444109719958412,0
0,0.812470562770563,0
1,0.7450080894595602,1
1,0.9384642524142524,1
0,0.8278891969141969,0
0,0.9305093559218557,0
1,0.8730684093684089,1
0,0.839452924852925,0
0,0.8320330308580306,0
0,0.6489531329781333,0
0,0.8550853896103898,0
1,0.9835976551226551,1
1,0.8395740648240645,1
1,0.7961310744810745,1
0,0.8797102036852035,0
1,0.7528047119547117,1
1,0.7792827242202244,1
1,0.9334122960372959,1
0,0.7830777084027082,0
0,0.730558605283605,0
1,0.7531884365634368,1
0,0.9484297924297921,0
1,0.8480130110085994,1
1,0.7982492006359652,1
1,0.8811175324675324,1
0,0.8394577491952492,0
1,0.7591302929097047,1
0,0.9006769286269286,0
0,0.8709448024198022,0
1,0.8220417304917303,1
1,0.8529653106697226,1
0,0.8221028990617227,0
0,0.8911864732489732,0
0,0.7165692732920672,0
0,0.8523855366855367,0
1,0.8480273906648903,1
1,0.7945050227550228,1
0,0.855263292263292,0
1,0.761731811244311,1
1,0.8131726086778714,1
0,0.8189181346431348,0
0,0.7921625444000446,0
0,0.8169901150320269,0
1,0.9452262806637809,1
0,0.7501945332445332,0
0,0.8576344585969589,0
0,0.6913974775224774,0
0,0.7524058663558665,0
1,0.64587226048805,1
0,0.8093607608078193,0
1,0.9456247169497166,1
0,0.5993726107226103,0
0,0.6169369907869905,0
1,0.8022977522477526,1
1,0.7846859279609281,1
1,0.8032462537462535,1
0,0.8987432742695902,0
0,0.8407622877122874,0
1,0.9305632173382173,1
1,0.604813911088911,1
1,0.8253520138358371,1
0,0.7529521103896106,0
0,0.8003008436008437,0
1,0.8325088189588187,1
1,0.7378668900543901,1
0,0.7939646464646459,0
0,0.8707866522366517,0
1,0.7555137182262182,1
1,0.8131822927072926,1
0,0.915910507956096,0
0,0.9317461760461762,0
1,0.7719158744033742,1
0,0.7946162393162396,0
0,0.9052991563991567,0
1,0.8229218836718835,1
0,0.8628630480630478,0
0,0.7933116272616272,0
0,0.8543800172050174,0
1,0.8197818875568876,1
1,0.8603401875901876,1
0,0.8146307775557781,0
0,0.9454095238095237,0
1,0.8742697940947942,1
0,0.7413282432479796,0
0,0.7454020118770116,0
0,0.8565290043290046,0
1,0.5610670940170939,1
1,0.6536254467754467,1
1,0.8983578588078588,1
1,0.7748661838161839,1
0,0.9966063492063493,0
0,0.859185606060606,0
0,0.8650214008214013,0
1,0.8485864898989899,1
0,0.898795004995005,0
0,0.7970130843013193,0
0,0.8480544205794212,0
1,0.8573601592851591,1
0,0.7578999861249861,0
1,0.9514462121212119,1
1,0.822663905538906,1
0,0.7489966949716946,0
1,0.7714161310911312,1
1,0.8247823495948498,1
1,0.8585224247974249,1
1,0.6649814426801264,1
0,0.7837988872238874,0
0,0.8839422327672325,0
0,0.9199480935730932,0
0,0.8196122585747582,0
1,0.7656062326562327,1
0,0.8283370074370072,0
1,0.7358853521478517,1
1,0.7831377955377954,1
1,0.7128261197136196,1
0,0.9263208513708515,0
0,0.7592306055056055,0
1,0.7614303238428232,1
0,0.9046156712568477,0
1,0.7612016774891773,1
0,0.7897413059163059,0
1,0.834600351927055,1
0,0.8721143911643912,0
0,0.8265289858833978,0
0,0.9187763125763125,0
0,0.9247634226884226,0
0,0.7998107820284294,0
1,0.8565089493839498,1
0,0.9432090021090017,0
1,0.8712685897435897,1
0,0.82444237984238,0
1,0.6901185933949091,1
0,0.8171633089133088,0
1,0.6877103077478077,1
0,0.9124098401598403,0
1,0.7870291125541125,1
1,0.8008796897546892,1
0,0.9518066794316795,0
0,0.8893240981240982,0
1,0.9001858710733714,1
1,0.8490066831860953,1
0,0.8285886974136972,0
0,0.8387129537129538,0
1,0.7709371475746477,1
0,0.7589046814296817,0
1,0.6881775807525805,1
1,0.8184509712509718,1
0,0.9290889249639247,0
1,0.8065181707181706,1
1,0.7852125513375513,1
0,0.6909149225774227,0
1,0.7916505286380285,1
0,0.9255284493284492,0
0,0.8486477910977912,0
0,0.9393368312243308,0
0,0.840353699078699,0
1,0.7606683732933729,1
0,0.7871400530025529,0
1,0.7400465855223208,1
0,0.7721107184482187,0
0,0.7953704462204456,0
0,0.7314701998165231,0
0,0.826012670662671,0
0,0.9066639665889665,0
0,0.8391424131424134,0
1,0.8555790090628322,1
1,0.8255858058608055,1
1,0.801452522477523,1
0,0.8593907564657565,0
1,0.774167404327698,1
0,0.8892111083361086,0
0,0.963936605061605,0
0,0.8214513791763793,0
0,0.9347740259740264,0
1,0.7836059440559443,1
0,0.8920419705294702,0
0,0.8540709595959599,0
0,0.7968881878742174,0
0,0.9525832445332445,0
0,0.7819153820036171,0
1,0.846685336885337,1
0,0.840313005050505,0
1,0.7642145382395382,1
1,0.8732479007104006,1
1,0.8845376956376956,1
1,0.8591943251193246,1
1,0.8002583652458656,1
1,0.9415602813852814,1
0,0.9177417166167164,0
0,0.7656819468113586,0
0,0.9488525613275615,0
1,0.8001132145632143,1
1,0.7983857919857918,1
1,0.8576728021978026,1
1,0.9576847041847043,1
1,0.8973222360972364,1
1,0.7167852231102235,1
0,0.7731329170829173,0
1,0.7860043872793873,1
1,0.8435154928404925,1
1,0.7896341797091797,1
1,0.8317291264291264,1
1,0.8554224599961447,1
1,0.7070803668553673,1
1,0.7716717338217338,1
1,0.8536899683649682,1
1,0.8886576146076146,1
0,0.9209735680985681,0
1,0.9080227425352424,1
1,0.8995036630036628,1
0,0.9002561216561212,0
1,0.744879848909261,1
1,0.7901546966921972,1
1,0.9067836524586527,1
1,0.8746878177378181,1
0,0.9519275252525252,0
0,0.7764101287601287,0
1,0.9099181429681429,1
0,0.883751687201687,0
0,0.9246701964701967,0
1,0.8003256243756243,1
0,0.8722658730158727,0
1,0.8226362831612837,1
1,0.854065528915529,1
1,0.7773945235320231,1
0,0.8243083777333776,0
1,0.7672169927294927,1
0,0.8752483127983124,0
0,0.8867765512265514,0
0,0.7776463980463981,0
1,0.8243520396270393,1
0,0.790049222122906,0
0,0.8860992590742591,0
1,0.7824581918081914,1
1,0.890604798795975,1
0,0.7602349317349323,0
0,0.8519288378288373,0
1,0.8571778259751941,1
0,0.6660142551892552,0
1,0.7720397449772448,1
1,0.7541670801420801,1
0,0.7871071439997912,0
1,0.890854220779221,1
1,0.6529396260902838,1
0,0.8426522172272171,0
0,0.616501695526696,0
1,0.8689801504051501,1
1,0.814421606171606,1
1,0.8459788832082948,1
1,0.8642098235098234,1
1,0.8315754689754689,1
0,0.8771886169386166,0
0,0.7805660257870786,0
0,0.9046161005661006,0
0,0.7110078171828172,0
1,0.9582083721833721,1
0,0.8682794622044624,0
0,0.8928010711510711,0
0,0.9635056887556885,0
0,0.7609604381729381,0
0,0.8301144966144959,0
1,0.8142992053697939,1
1,0.8101229908979912,1
1,0.7845907980907983,1
0,0.8081176402845521,0
1,0.7641031884781886,1
0,0.8539962065712063,0
1,0.7871788433788433,1
0,0.932294805194805,0
1,0.7733877192252191,1
0,0.8142511863136861,0
1,0.8638732721526841,1
0,0.9311514652014651,0
1,0.8281511932511931,1
1,0.6936911883867767,1
0,0.793085676823177,0
1,0.8382397741147739,1
0,0.7074456043956044,0
1,0.8476596736596731,1
1,0.8805055527805523,1
0,0.8484078282828281,0
0,0.9033756493506492,0
1,0.6877399475524477,1
1,0.7359914040208156,1
0,0.9138618437118434,0
1,0.7634887723387722,1
0,0.7967085775335774,0
0,0.7646186868686871,0
0,0.9159775474525473,0
0,0.7480800865800865,0
0,0.7632427822177823,0
0,0.6810273060273061,0
0,0.84999589022089,0
0,0.7963362332112338,0
0,0.616141983016983,0
0,0.8618968586968587,0
1,0.7808514638139639,1
0,0.8223160533910531,0
0,0.8447934024309023,0
1,0.7963190864690867,1
0,0.856814708330885,0
0,0.8469897255522254,0
1,0.8325429403929409,1
1,0.8435715340215344,1
1,0.7408503690753694,1
1,0.8833180985680982,1
0,0.9466238095238096,0
1,0.550193419162537,1
1,0.7568063880563879,1
0,0.8159634819428939,0
1,0.7800985153735152,1
1,0.7742364996115,1
1,0.7905933122433121,1
0,0.7924182706182707,0
1,0.8389327283827286,1
1,0.7665474192474186,1
0,0.9780417748917747,0
1,0.9096417277167276,1
1,0.8050755315762668,1
0,0.724205856235268,0
1,0.7013707070707071,1
1,0.9750345238095242,1
1,0.8039145354645354,1
0,0.7248995865245869,0
1,0.902540936840937,1
1,0.8147986827499983,1
0,0.7199992368742371,0
0,0.8548048590298589,0
0,0.8310197163947163,0
1,0.7960486069486067,1
1,0.8285027000776998,1
0,0.8164809773559777,0
0,0.9451305194805193,0
0,0.773536607836608,0
1,0.8120148684648684,1
0,0.7230983816020581,0
0,0.7944142163392159,0
0,0.8425701687201685,0
1,0.7916736319236319,1
1,0.8002183566433568,1
0,0.7062073440448432,0
0,0.8629565573315571,0
1,0.8005755264343503,1
0,0.9028856934731935,0
0,0.7391587856587851,0
1,0.7189797091797089,1
0,0.7815521201021198,0
0,0.8562848845598845,0
0,0.8640067044067047,0
0,0.6428037185037183,0
0,0.8408481435231432,0
0,0.9159943972693972,0
0,0.7575367021867022,0
1,0.6521469812050694,1
1,0.8277349927849929,1
0,0.8149127472201,0
1,0.8318959734709738,1
0,0.8519424603174605,0
1,0.8464256521256519,1
0,0.8329243256743257,0
0,0.925077618215118,0
0,0.8765338522588526,0
1,0.8874507326007329,1
0,0.7699684833140715,0
1,0.8452633186258187,1
0,0.8895258158508159,0
1,0.8847898615273615,1
0,0.6390718073593072,0
1,0.8819670024420025,1
1,0.9013102730602729,1
0,0.7311722860472866,0
0,0.7497794996669996,0
1,0.7938332889332893,1
1,0.7587439810189808,1
1,0.8097103590853592,1
0,0.8307738594738597,0
0,0.7629231116106117,0
0,0.8278830262874389,0
0,0.6652014634058753,0
0,0.8255075174825174,0
0,0.7967608363858364,0
1,0.797672859085359,1
0,0.5765880518174632,0
1,0.8066018731268734,1
1,0.8663276778776777,1
0,0.9300149350649353,0
0,0.8471212592962591,0
0,0.8155941475191478,0
0,0.8064911255411251,0
0,0.8043393939393935,0
0,0.8008274253524255,0
1,0.6370972264878225,1
0,0.9039728687978689,0
1,0.8365790737040738,1
1,0.8627530275280272,1
0,0.7691134167303283,0
0,0.8934628066378061,0
0,0.7271444277944278,0
0,0.9991083333333334,0
1,0.8619242923742925,1
1,0.8548923382173379,1
0,0.7484984626484625,0
1,0.8611678182928183,1
0,0.8341723776223781,0
0,0.8778518037518039,0
0,0.9875464951714953,0
0,0.8507283910533913,0
1,0.7556817876567875,1
0,0.9128157287157288,0
1,0.7345256821609759,1
1,0.9057096930846932,1
1,0.8128407620157619,1
0,0.8012074352118467,0
0,0.7911841186591183,0
1,0.7672424446468562,1
0,0.7601254398379395,0
1,0.7383404864743099,1
0,0.8194721389721389,0
1,0.7177767163392158,1
1,0.7268797147297147,1
0,0.7052376734376733,0
1,0.7470542886207368,1
1,0.8944507104007102,1
1,0.7933620129870128,1
0,0.6859902282358162,0
1,0.8262328171828172,1
0,0.8072168442668439,0
1,0.8785430014430012,1
0,0.929169447219447,0
0,0.8624842768342764,0
1,0.7931281524031517,1
1,0.7946857101232108,1
1,0.8231809042264925,1
0,0.9099790427408847,0
1,0.8966819624819625,1
1,0.7158399336774336,1
0,0.9112101731601732,0
0,0.8625717615717617,0
1,0.7442735653235657,1
1,0.8622159770784769,1
1,0.7966764929514926,1
1,0.7341920565545563,1
1,0.8543137806637807,1
0,0.7379627566877569,0
0,0.7386467407592402,0
1,0.8821832564494329,1
1,0.8668219585969581,1
0,0.923362554112554,0
0,0.8574567137111253,0
1,0.846818484293484,1
0,0.8951612665112662,0
1,0.7890659285159283,1
1,0.7605843545343545,1
1,0.8076371045621051,1
0,0.9097721139971143,0
0,0.8364599678099675,0
0,0.7823096653346648,0
1,0.8849961509079153,1
0,0.6664922188922191,0
1,0.8463823815073818,1
0,0.8159515762015758,0
0,0.8556446608946612,0
0,0.7391493728493727,0
0,0.8406072465116584,0
1,0.7297693667443665,1
0,0.8229186424686427,0
0,0.896301587301587,0
1,0.8062284602652249,1
0,0.9664375374625375,0
0,0.7790700771450773,0
0,0.8170998112998115,0
1,0.8637775974025973,1
1,0.754807742257742,1
1,0.7330649697524698,1
1,0.8416450640862406,1
1,0.8458896575646582,1
1,0.6775879589966274,1
1,0.8089016483516482,1
0,0.8097238233988233,0
0,0.8196237623487623,0
1,0.84923277000777,1
0,0.8337968010747414,0
0,0.922315750915751,0
0,0.9865540792540792,0
0,0.8817589327339328,0
1,0.7832658032327151,1
0,0.9531348484848483,0
0,0.8391199578199577,0
1,0.8301211288711292,1
1,0.8002232933732931,1
0,0.6224232140408611,0
1,0.8406935564435561,1
0,0.8444759920634918,0
1,0.8980960805534333,1
0,0.9541824564324564,0
0,0.8373294649794645,0
0,0.7789951936951938,0
1,0.7871800574425574,1
1,0.8861795676545673,1
1,0.7686064629814627,1
1,0.8107142857142852,1
1,0.9006087384837385,1
0,0.9859570707070706,0
0,0.7322734681984678,0
0,0.8488367438117437,0
0,0.6977031418744658,0
1,0.938082889332889,1
0,0.6995422380981594,0
1,0.9051092712842714,1
1,0.8078557720057723,1
1,0.8283971056721056,1
0,0.8559793595293594,0
1,0.8086512783999623,1
1,0.8356593795093794,1
1,0.7389875555000556,1
1,0.7790610445110445,1
0,0.838743457930958,0
1,0.7261892010767014,1
0,0.8041741980241978,0
0,0.9222699494949494,0
0,0.8722761238761236,0
1,0.7514368659118656,1
0,0.7931930541680545,0
1,0.7698860750360753,1
1,0.7497046564546561,1
0,0.8573286990786989,0
0,0.7372539460539458,0
0,0.7090978864272982,0
0,0.8520484598734602,0
0,0.6132296241340361,0
1,0.9235322510822509,1
0,0.8079181457431452,0
1,0.8401078393828396,1
1,0.8445792832167832,1
0,0.7804884976134973,0
0,0.9476678571428571,0
1,0.6984434509934512,1
1,0.8168704933954934,1
1,0.8598295301920302,1
0,0.8242618242868246,0
1,0.8888326728826728,1
1,0.809191686091686,1
1,0.848956363081363,1
0,0.8796266927516924,0
1,0.623593577256077,1
1,0.9322193417693417,1
0,0.6863277375402372,0
1,0.6671329281829284,1
0,0.8946439504939508,0
1,0.7290667540792543,1
0,0.8299028527028522,0
1,0.7783981813937698,1
0,0.8120871572871569,0
1,0.8515647657897654,1
0,0.8510510073260072,0
0,0.9886711427461428,0
1,0.8835508297258302,1
1,0.8848761682761688,1
0,0.7416151945276948,0
1,0.7395538100788098,1
0,0.8823866244866244,0
1,0.8450378898878897,1
0,0.7943765068265068,0
1,0.816129723054723,1
1,0.8737979326229328,1
0,0.5010809523809521,1
0,0.9348008852258851,0
1,0.8040126151626149,1
0,0.8154947108447108,0
0,0.8695699106449108,0
0,0.8671159299034296,0
1,0.8343582389832391,1
1,0.6969535658785662,1
1,0.8984812576312575,1
0,0.7863145014342386,0
0,0.8028153777594954,0
1,0.9268572723028604,1
1,0.7516532717282719,1
1,0.8878301837051837,1
0,0.8931288711288708,0
1,0.872292929292929,1
0,0.8010413655788654,0
0,0.7027258695552822,0
0,0.940110223110223,0
0,0.6789114687213371,0
0,0.7644474025974027,0
1,0.7797108447108448,1
1,0.8691269008769007,1
1,0.7765624098124098,1
0,0.8840593129093129,0
1,0.817564013764014,1
1,0.714250929625929,1
0,0.8294505342696514,0
0,0.8098489149739145,0
1,0.8966373015873017,1
0,0.9020818958818957,0
0,0.8682335754115161,0
1,0.7238238442113436,1
0,0.8408860250860251,0
0,0.8369908226577348,0
1,0.769673487623488,1
0,0.6290567654567657,0
0,0.8817708513708512,0
0,0.8123966228216223,0
0,0.7163008297258298,0
1,0.6945537446213915,1
1,0.7707235417360415,1
0,0.7639618423243424,0
0,0.7779376567876568,0
0,0.7713336871461873,0
0,0.8991995337995337,0
1,0.8444805859173511,1
1,0.8767789377289379,1
0,0.8648995781995779,0
1,0.7740194111444111,1
1,0.7576825924075925,1
1,0.7854706071706071,1
0,0.8046768558239151,0
1,0.9131472499722499,1
1,0.7400272631779986,1
0,0.7450779018367253,0
0,0.7952723013098014,0
0,0.8884882256632258,0
1,0.8350790043290044,1
0,0.8146849206349207,0
0,0.7874329781329783,0
0,0.7355872904872902,0
1,0.7691803214759101,1
0,0.9109055583305583,0
0,0.7911520035520037,0
1,0.7118388500388498,1
0,0.9325641802641801,0
0,0.7365910006660006,0
1,0.8275971778221777,1
0,0.7774671550671551,0
1,0.8875073953823954,1
0,0.8518736901986899,0
1,0.7515127020038788,1
0,0.9618156537906539,0
0,0.7195910422910419,0
0,0.8969462592962592,0
0,0.9283734959484959,0
0,0.8485202186702187,0
0,0.7731493324786668,0
0,0.7414940406815409,0
0,0.7447515997890997,0
1,0.9447692640692641,1
1,0.6614630217005217,1
0,0.8073712293425533,0
0,0.8399582001332002,0
1,0.7956087579087585,1
1,0.7924404262404265,1
1,0.8850371212121209,1
1,0.9227810939060938,1
1,0.7860441114441115,1
1,0.8524624708624711,1
0,0.8485990467865467,0
1,0.7467780303030299,1
0,0.8847361888111889,0
0,0.9185431929181923,0
0,0.8139066988566988,0
0,0.7168317973692979,0
1,0.8357570124320124,1
0,0.738033793107477,0
1,0.7597871517371518,1
1,0.7750619241869238,1
1,0.8644086732711732,1
1,0.9176399572649571,1
0,0.6331905483405487,0
0,0.8895451687201689,0
0,0.8341198670610432,0
1,0.8286258880008883,1
1,0.7776260124679244,1
1,0.8021126415251416,1
0,0.7243569232238352,0
1,0.8513597041847042,1
0,0.8476950979575976,0
0,0.7977271228771221,0
0,0.7977549533799532,0
1,0.913217207792208,1
0,0.9115894466644471,0
1,0.826540584415584,1
1,0.8035579487763698,1
0,0.7884357744594588,0
1,0.8471689033189035,1
1,0.7889492424242422,1
1,0.8604899184149181,1
1,0.8135040875790875,1
0,0.8747271894771892,0
0,0.8800419025419022,0
1,0.8336053030303029,1
1,0.909221633921634,1
1,0.8712328643578643,1
1,0.7401115606615605,1
1,0.8678815295815295,1
1,0.744412617121441,1
0,0.8089928543678545,0
0,0.8911995199245198,0
0,0.9556629148629149,0
1,0.7763736388611387,1
0,0.7995768786768795,0
0,0.8199376873126876,0
0,0.8390262266972794,0
0,0.7516946733821736,0
0,0.7954944472194468,0
1,0.7738675269175264,1
1,0.8527135170385168,1
1,0.7838321873602828,1
0,0.8207695027195027,0
0,0.9205239038739038,0
1,0.7670392163392158,1
0,0.7974828449328445,0
1,0.8411857239982239,1
0,0.910957930957931,0
1,0.7436868492618497,1
0,0.9367150682650685,0
0,0.8894968753468753,0
1,0.8298479284604284,1
0,0.903394277944278,0
1,0.8067874486624489,1
1,0.8422656954156953,1
0,0.7896984913779028,0
1,0.8811591810966811,1
0,0.6224215405509528,0
1,0.845808354145854,1
0,0.8233223030065914,0
1,0.7937870601620601,1
0,0.8387811105561108,0
0,0.6304203435453435,0
1,0.8437366022866022,1
0,0.82265911033411,0
1,0.802491489066489,1
1,0.8883840243090246,1
0,0.8577805916305921,0
0,0.8249054945054947,0
0,0.8505115065490063,0
0,0.8241653130366368,0
0,0.8518592019092024,0
0,0.7448620486539608,0
1,0.7301127636252636,1
0,0.7303476356976352,0
0,0.8431468573093572,0
0,0.8525520840270842,0
0,0.7760447025197025,0
0,0.8299475413475413,0
1,0.6791604395604389,1
0,0.8164233544233546,0
0,0.9121234487734488,0
0,0.8984129962143119,0
1,0.8002191600066596,1
1,0.7279477595933472,1
1,0.7084291931924281,1
0,0.855974383949384,0
0,0.9286468462093458,0
1,0.8904664280164282,1
0,0.8661082556332553,0
1,0.9431978637590483,1
1,0.7663844794094792,1
1,0.8587283133533135,1
0,0.8817519286269276,0
1,0.7034103951603948,1
1,0.8378307622932619,1
0,0.8604387556887556,0
0,0.952489935064935,0
0,0.8553609501609499,0
0,0.9354590437340438,0
1,0.6344223758267875,1
1,0.792627959540459,1
1,0.8800445415695414,1
0,0.8083657869907871,0
1,0.7995380078255074,1
0,0.8345190614940614,0
0,0.9055828060828061,0
0,0.6774935037185041,0
0,0.9237843503718507,0
0,0.8795660617160613,0
1,0.762833330558329,1
1,0.762930133755134,1
1,0.8653099816849815,1
0,0.8570964917435505,0
0,0.7478038544788547,0
0,0.784954317904318,0
0,0.8212747890997892,0
0,0.8693605440311322,0
1,0.9551764790764788,1
0,0.9071524647737885,0
1,0.7995122516372516,1
0,0.7663854312354315,0
1,0.9232078712953711,1
0,0.7324010017760012,0
1,0.8930068265068264,1
0,0.8298685179414668,0
0,0.9484772255522256,0
1,0.7544116484822363,1
1,0.895135692085692,1
1,0.7444769230769226,1
0,0.7835037934287932,0
0,0.8668670080951036,0
0,0.8506817460317456,0
0,0.9775658730158732,0
0,0.6516610167610164,0
0,0.7009440690028923,0
1,0.7132968559218558,1
1,0.6304598248973242,1
0,0.868552557165057,0
1,0.8156691179735294,1
1,0.7885100593850599,1
0,0.7251744977244973,0
1,0.8363366966366963,1
0,0.939889022089022,0
0,0.8101977244977245,0
1,0.7586187312687311,1
0,0.7996971694971697,0
1,0.8576443851899732,1
0,0.8525848568098565,0
0,0.6625072529809372,0
1,0.7491348244892359,1
1,0.8322648434898433,1
0,0.7058321026196027,0
1,0.828102145077145,1
0,0.9424781329781333,0
0,0.860519368131868,0
1,0.9198444583194582,1
0,0.7624029026529022,0
1,0.8395390756302518,1
0,0.8194853923853922,0
0,0.8328606657231655,0
1,0.8924701659451659,1
1,0.7793637367749215,1
1,0.800921003996004,1
0,0.8808487373737371,0
0,0.7193454378954379,0
1,0.7682658979908985,1
0,0.8779219780219781,0
0,0.8002088772338769,0
1,0.8616311910311905,1
0,0.8251950799200797,0
0,0.8556818320568317,0
0,0.8355531968031972,0
0,0.8484431138306134,0
0,0.789234815184815,0
0,0.7879370476745474,0
1,0.7006105588855586,1
1,0.830360109335109,1
1,0.8178264235764235,1
1,0.9528409090909091,1
1,0.7965837745587744,1
1,0.7980336691086694,1
1,0.8527162476412476,1
1,0.8585624597624596,1
0,0.7456038943083063,0
0,0.9113603590853588,0
0,0.8288728636559516,0
1,0.8555034382284381,1
1,0.7721990713534829,1
0,0.7566925144300141,0
1,0.8519146353646356,1
0,0.9705613331113331,0
0,0.7909939116439118,0
0,0.7417302197802195,0
0,0.8189416000665999,0
0,0.8379097180597179,0
0,0.8027521727670337,0
0,0.9221219696969698,0
1,0.850862003742731,1
1,0.8102791198997081,1
1,0.8086569699907932,1
0,0.8344272380397382,0
1,0.8134939126233242,1
1,0.7853360500610496,1
1,0.7871787698412694,1
1,0.8088364468864468,1
0,0.8684984487734491,0
1,0.825227411722265,1
0,0.8214267871017865,0
0,0.7171039803333921,0
0,0.7471423531533826,0
0,0.8295331557331554,0
1,0.7713798312798313,1
0,0.7443213591963588,0
0,0.7308718041762161,0
1,0.7729026973026972,1
0,0.7618381840381843,0
0,0.9954583333333332,0
0,0.8167075826950828,0
0,0.8446440087690088,0
0,0.6919432858807861,0
0,0.870648379398379,0
1,0.8473927203515441,1
0,0.818877088189588,0
0,0.8126383422133423,0
0,0.8992755369630375,0
1,0.7830144641306401,1
0,0.8292528861489389,0
0,0.8826703241203242,0
1,0.5782406159200282,1
0,0.8915790848040848,0
1,0.8113524711399711,1
0,0.8839347513597514,0
1,0.8319494139847077,1
0,0.8946397713397714,0
0,0.8738196248196249,0
0,0.7747323662448663,0
1,0.8819083620627745,1
1,0.9294048701298703,1
0,0.7558166916416917,0
0,0.93155815018315,0
0,0.9515116605616607,0
0,0.7724349955599955,0
1,0.7868374236874235,1
0,0.6749278083028087,0
1,0.7718643606393606,1
0,0.7622429487179486,0
0,0.7781331696081697,0
1,0.8473995962370964,1
0,0.7766214306934895,0
0,0.5904197136197139,0
0,0.8543268481518481,0
1,0.8346048174048177,1
1,0.7902751980046099,1
0,0.8248016733266732,0
0,0.7511468337218338,0
0,0.8166447219447219,0
0,0.8584748667998666,0
1,0.8946629620379615,1
1,0.8713193209568212,1
1,0.8172196192696192,1
0,0.8329909969932033,0
1,0.8845391996891995,1
1,0.6992615469497818,1
1,0.8328421426526691,1
0,0.7986436091686094,0
1,0.8587155094905093,1
0,0.8212328014091175,0
1,0.9787082611832613,1
0,0.8162103396603401,0
0,0.9804669663669662,0
0,0.9366444222444222,0
0,0.8605644466644469,0
1,0.8565527306027308,1
1,0.6413663003663006,1
0,0.8406629259629259,0
1,0.8382314574314574,1
0,0.7039617170411288,0
0,0.8990537434787437,0
1,0.8944320929070928,1
1,0.8197128612615455,1
1,0.7088546522921525,1
0,0.876701875901876,0
1,0.9152997835497834,1
0,0.7870369755244754,0
0,0.8190596764346768,0
1,0.8140434593184595,1
0,0.8853188381063384,0
1,0.8315760933510934,1
0,0.8459644878813994,0
1,0.7574945609945608,1
1,0.7185198024198022,1
0,0.845223429348429,0
0,0.8942590187590189,0
1,0.8077682054057052,1
0,0.8794821636696635,0
0,0.8723126623376621,0
1,0.7273715506715499,1
0,0.7695500943500945,0
0,0.7264698606948606,0
0,0.8794135051223286,0
0,0.6850052614052617,0
0,0.7851354839604835,0
0,0.8849957833832834,0
1,0.8051409410034412,1
0,0.9699513098013097,0
1,0.7518726800976799,1
0,0.8374975663225664,0
1,0.7916710789210794,1
1,0.8515599777415563,1
0,0.894720421245421,0
0,0.9768573704073705,0
0,0.7840886599511597,0
1,0.7857802697302699,1
0,0.8203492313242309,0
1,0.8726958208458205,1
0,0.7620280219780218,0
1,0.7904421439671439,1
0,0.7083125699463934,0
1,0.8344345003036178,1
0,0.8460812687312688,0
0,0.8675030414030414,0
0,0.930074311799312,0
1,0.76744473026973,1
0,0.869715404040404,0
0,0.8294228132978134,0
1,0.8354651931401925,1
1,0.8118353545147662,1
0,0.7604118180065547,0
0,0.8278382284382284,0
0,0.8597393921438039,0
1,0.7890546675546679,1
0,0.841169952269952,0
1,0.9157066738816738,1
1,0.9670855144855145,1
0,0.7262501381788146,0
1,0.7283528860028858,1
0,0.8835938145188142,0
1,0.8096806235431238,1
1,0.8030539571539568,1
1,0.8838760794760795,1
1,0.7539390151515152,1
0,0.9168880230880232,0
0,0.7137359737484738,0
0,0.9024216810966808,0
0,0.8810839688089688,0
0,0.8324296120546122,0
1,0.8904793799337918,1
1,0.7555486929736932,1
1,0.8464099465893581,1
0,0.8893421717171721,0
0,0.925140856365856,0
0,0.838763109113109,0
1,0.8205902283990517,1
0,0.8593818598068599,0
1,0.798232298257299,1
1,0.8278987595737595,1
1,0.6645915861915861,1
1,0.7620716186591185,1
1,0.8786396242646244,1
1,0.8064565795315793,1
1,0.8228814998726761,1
0,0.8403482739482739,0
1,0.526234773559774,1
1,0.7028620223343909,1
1,0.8372473803973804,1
1,0.8652917859917856,1
0,0.869293503718504,0
0,0.8172782634032638,0
0,0.8677639110889106,0
1,0.6815541468335583,1
1,0.7969695084327435,1
1,0.8438415279165276,1
0,0.8126908367217577,0
1,0.8343262543012543,1
0,0.8395101731601726,0
0,0.7387504228829304,0
0,0.8544701437451435,0
0,0.9060965367965369,0
1,0.8812788961038963,1
0,0.7773117604617601,0
1,0.8210415889665894,1
0,0.7737852924852923,0
0,0.88058475968476,0
0,0.8759841158841157,0
1,0.8139389249639248,1
1,0.7343567321567318,1
0,0.7804765706515707,0
1,0.8880220265845267,1
0,0.88744604007104,0
0,0.9694110750360753,0
0,0.6733503163503166,0
1,0.8024766844266844,1
1,0.8112251207126204,1
1,0.8249322732822733,1
1,0.825608577370342,1
0,0.7289277394990623,0
1,0.7947690434565443,1
1,0.806322943722944,1
0,0.8651460428460426,0
1,0.7799658480408478,1
1,0.8365595016095018,1
1,0.7464656168393007,1
1,0.6672991057918694,1
1,0.7838227272727274,1
0,0.7693992166330399,0
1,0.768201933300617,1
1,0.8645197330447332,1
0,0.8710041486291485,0
0,0.9411926184926183,0
1,0.8600308552558553,1
1,0.8099336399711401,1
0,0.9335984126984129,0
0,0.708458405646641,0
1,0.8190159892395183,1
0,0.7975595793095794,0
1,0.8423171176046177,1
0,0.7758247571872567,0
0,0.8820422827172825,0
0,0.8064431845931848,0
0,0.8235571844821845,0
0,0.7906085424379543,0
0,0.8902779914529918,0
1,0.7914325313575312,1
0,0.885776204351204,0
0,0.8227075924075922,0
0,0.7533516751222634,0
0,0.8958256105006108,0
0,0.8711349816849816,0
0,0.8638587301587298,0
0,0.8249234404484402,0
1,0.731641336441336,1
0,0.7881394966144969,0
0,0.7919333763458758,0
0,0.8802210789210787,0
0,0.8888909100703217,0
1,0.7716901959151958,1
1,0.8560568875568877,1
1,0.7959664489105666,1
0,0.7493705802367568,0
1,0.8239219752469755,1
0,0.8918383005883005,0
1,0.8512673160173159,1
0,0.7688167943167942,0
0,0.9991083333333334,0
0,0.9680777916527918,0
1,0.9069075924075922,1
0,0.8761758241758247,0
1,0.8095370143745144,1
1,0.7731269397269397,1
1,0.7356015318015321,1
1,0.6931784160284158,1
0,0.789972644022644,0
1,0.9032782412032415,1
0,0.8443985264735266,0
1,0.8395080380403908,1
1,0.9716788239538241,1
1,0.6865200743700738,1
0,0.8723803890553892,0
0,0.8133072927072927,0
0,0.7056545038295033,0
1,0.8736617368742368,1
0,0.8653436147186152,0
1,0.8426205239205236,1
0,0.8277110361860363,0
1,0.8602686646686647,1
1,0.9398027518233397,1
1,0.8802835608835611,1
0,0.8424515817515819,0
0,0.9172410853035853,0
1,0.679676887001887,1
0,0.7980018675768681,0
0,0.830570464829288,0
0,0.9865999639249641,0
0,0.8968296509046504,0
0,0.8644886216724453,0
0,0.9403997641247639,0
1,0.8942352342102342,1
0,0.8591806110556112,0
0,0.6066180975457295,0
0,0.9606334776334775,0
0,0.9254955488955489,0
0,0.877110062160062,0
1,0.8038492833147245,1
0,0.8751248778998783,0
0,0.9040336940836943,0
0,0.9063496031746033,0
1,0.7958505161505164,1
0,0.7746277333777337,0
1,0.8935812409812405,1
0,0.7834413725163726,0
1,0.8378461205461198,1
0,0.8650471463177347,0
0,0.790010298035298,0
0,0.9304196692196692,0
1,0.7296226689976684,1
0,0.7830730519480514,0
0,0.8929068653568649,0
0,0.8934929643885524,0
1,0.7872079226329227,1
1,0.6145156299582764,1
1,0.793206117901706,1
0,0.7742588169183757,0
0,0.7081142343767342,0
1,0.6891747141747143,1
1,0.9064978285603281,1
1,0.8284043678543672,1
0,0.9064075910200912,0
1,0.6501707797319639,1
0,0.9294595848595852,0
1,0.9005527417027417,1
1,0.7488037975912981,1
0,0.8869641108891108,0
1,0.7972863192363197,1
1,0.8564941169941169,1
0,0.8516704989454992,0
1,0.893228499278499,1
0,0.8040284632034633,0
1,0.80947939005439,1
0,0.9344170773670774,0
1,0.8783071428571431,1
0,0.8806915584415583,0
0,0.9037045787545789,0
1,0.8085173318511548,1
0,0.8803108558108559,0
1,0.8736781995781991,1
1,0.8788908202908203,1
1,0.803759618159618,1
0,0.654315572336161,0
1,0.8877995587745593,1
1,0.6607028152403157,1
1,0.92322746003996,1
0,0.8999363247863245,0
0,0.9064360611610612,0
1,0.760255075480076,1
0,0.7784219433344426,0
0,0.8167944333444336,0
1,0.7114423160173159,1
0,0.7096856296481295,0
0,0.7992976065601062,0
0,0.7853794885669887,0
0,0.8242604853479855,0
1,0.8110674908424905,1
1,0.8440178432678431,1
1,0.8640672760847684,1
0,0.8036175879675881,0
0,0.8463186688311686,0
0,0.6489730481936371,0
0,0.9079447108447106,0
0,0.6724984303278411,0
0,0.7711820571585277,0
0,0.7129354673104682,0
1,0.8394336358086356,1
0,0.9065738067488067,0
1,0.8325897879897882,1
1,0.8120305652680657,1
1,0.799749202186702,1
1,0.7989607142857144,1
1,0.8205880175380181,1
0,0.8733215007215005,0
1,0.8100127872127875,1
1,0.793105472305472,1
1,0.7529486568986571,1
0,0.9037634920634922,0
1,0.8376872904872905,1
1,0.8161346126096123,1
0,0.8875562798312798,0
0,0.9428680125430126,0
1,0.7888558802308808,1
0,0.7641351259851261,0
1,0.8759908036408036,1
1,0.7390341491841491,1
1,0.7505004009879009,1
1,0.7357261516261517,1
1,0.8683878066378063,1
0,0.6473872488622487,0
0,0.9322025252525254,0
1,0.7991521714396713,1
0,0.7696695498945503,0
1,0.8428070956820956,1
0,0.8529683941058941,0
1,0.8939633144633145,1
0,0.8313049228549227,0
1,0.7904762015762015,1
1,0.8479566572316575,1
0,0.7511233526277641,0
1,0.8933658896658901,1
0,0.7551604589854585,0
1,0.9237418831168832,1
0,0.7291031218781218,0
0,0.9507661838161839,0
0,0.8660281133898783,0
1,0.7832337745587749,1
1,0.7976898973833189,1
0,0.6383552489177491,0
0,0.7732618825618827,0
0,0.8694200891214054,0
0,0.8617507859787269,0
1,0.6532974927849929,1
1,0.800065784215784,1
0,0.8257375402375399,0
1,0.8384912115662113,1
0,0.8394866605616605,0
1,0.7832986666111661,1
1,0.5658568931068935,1
1,0.8511965617715617,1
1,0.7804300394050396,1
0,0.9538814907314908,0
0,0.8135910214785215,0
1,0.8250922577422576,1
0,0.8918057331557335,0
1,0.780405405705406,1
1,0.8466056489262368,1
1,0.8409511904761904,1
1,0.8993864704739706,1
0,0.8224426240426239,0
1,0.7838557359307358,1
1,0.7439277260321379,1
1,0.7812739066489061,1
0,0.7614826090576097,0
1,0.8808112692862694,1
0,0.8131466311466315,0
1,0.8719682484182487,1
0,0.8219008241758234,0
0,0.9396343684093684,0
1,0.8049369583031349,1
0,0.8641900241914949,0
1,0.8162167998667995,1
0,0.8802302197802196,0
0,0.848169560994561,0
0,0.8765997224997223,0
0,0.7927058080808077,0
1,0.829051166888667,1
1,0.9075435370185372,1
1,0.7766543290043291,1
1,0.7047085485592837,1
0,0.8035660404954524,0
0,0.9002921772671773,0
1,0.9314911890397184,1
1,0.784613408813408,1
1,0.78191089049839,1
1,0.86850371017871,1
0,0.9108231532356532,0
0,0.8128963564213565,0
0,0.843388206238206,0
1,0.8349604391523514,1
1,0.839322360972361,1
0,0.9766102453102457,0
1,0.9431978637590483,1
1,0.7938979481303011,1
1,0.794797483072483,1
0,0.9330714304701143,0
0,0.8479310903149143,0
0,0.8553747058497059,0
1,0.8727804029304026,1
0,0.9533163336663336,0
0,0.7256928626928626,0
0,0.8781210816960819,0
1,0.761933275569459,1
1,0.7732046037296035,1
1,0.8931060744810747,1
0,0.9612908730158729,0
1,0.9027941184632364,1
1,0.7747819846819844,1
1,0.7940318265068267,1
0,0.8712185619935618,0
1,0.7408425833969953,1
0,0.8155523486317604,0
1,0.8094914033678744,1
0,0.7244078490953493,0
1,0.8315333305583306,1
0,0.8200511599511592,0
0,0.7591585660254776,0
1,0.8676714257964258,1
1,0.764259321234321,1
0,0.8043485680985684,0
1,0.8680875763125758,1
1,0.8692925213675219,1
0,0.7244357133063022,0
0,0.8931365689865692,0
1,0.8662587384837384,1
1,0.9394579365079365,1
1,0.8760341158841161,1
1,0.7968677711177709,1
0,0.8911194333444336,0
1,0.9304991415447298,1
0,0.7946258658008659,0
1,0.7419094155844153,1
0,0.8708387085137084,0
0,0.8848296939171933,0
1,0.7561264443889446,1
1,0.7496185814185816,1
0,0.8619291958041957,0
1,0.8596242840492843,1
0,0.8548533938283939,0
0,0.855176123876124,0
0,0.7351759365634364,0
1,0.9881079004329004,1
0,0.7195294572257805,0
1,0.7156914335664335,1
0,0.7173186688311689,0
0,0.8593118825618828,0
1,0.6508802267177268,1
0,0.8591160839160843,0
1,0.8021975080475082,1
1,0.8249954115329116,1
0,0.8241159368409364,0
1,0.7700043317793317,1
0,0.8941589160839164,0
1,0.8641351349630761,1
0,0.9306591921966924,0
1,0.8539702991452992,1
1,0.8458559773559775,1
0,0.7601368034743029,0
0,0.7474083873642693,0
0,0.8133247078085317,0
1,0.8281261442805561,1
0,0.9147385769459299,0
0,0.753626027730439,0
0,0.7291439399051242,0
1,0.7071829985374102,1
1,0.8252732822732822,1
0,0.8389188672438673,0
0,0.8718214174714173,0
0,0.900121658896659,0
1,0.9584311688311685,1
1,0.7634310661560658,1
0,0.877042377720319,0
0,0.7944606171606174,0
0,0.7496612651237654,0
0,0.741863915251415,0
0,0.870614633977134,0
0,0.8960920394964513,0
1,0.8642526584526589,1
0,0.7435109862359861,0
1,0.8200805916305913,1
1,0.863882033244533,1
0,0.8788612276612277,0
0,0.8654098179598178,0
0,0.8748838272838276,0
1,0.9312017760017761,1
1,0.7515846597846599,1
0,0.8532480241980244,0
1,0.7329012066150227,1
0,0.8728323828948827,0
1,0.822585306360306,1
0,0.8033044881589,0
1,0.8244385836385837,1
1,0.8345616230991233,1
0,0.774158211233211,0
1,0.918112878787879,1
1,0.8709609446109445,1
1,0.8139421273171276,1
1,0.8228168831168832,1
0,0.9461277555777555,0
1,0.7775174325674323,1
0,0.8789147075147077,0
1,0.8536375013875014,1
1,0.8798506854256853,1
0,0.8598437812187814,0
1,0.7546967843431075,1
1,0.8830301545676543,1
0,0.7774878912753912,0
0,0.950058333333333,0
1,0.7829101287601286,1
0,0.8225111499611502,0
0,0.9602665584415584,0
0,0.8243883422133422,0
0,0.786725184129596,0
0,0.8032219710844707,0
1,0.8306688083158669,1
1,0.8034594498638619,1
0,0.8779310966810967,0
1,0.8421509823509825,1
0,0.8485721167721169,0
0,0.9524571067821069,0
1,0.7609522283272283,1
1,0.6911231240981244,1
0,0.7500485994397754,0
0,0.9486455572205574,0
1,0.7937298340548339,1
1,0.886645634920635,1
1,0.8370514374514373,1
0,0.7410070915195919,0
1,0.8733555777555777,1
1,0.9253987456987451,1
1,0.8237367576867579,1
1,0.7634559736015623,1
0,0.750740595515595,0
0,0.708344072594073,0
1,0.8024855186480184,1
0,0.8163423205879081,0
1,0.9009093716955554,1
0,0.7890997863247865,0
1,0.7906227869352869,1
1,0.7451510574392924,1
1,0.5978435051060048,1
1,0.8144772343884186,1
0,0.8511718364968366,0
0,0.8420322011322015,0
1,0.7736558719058719,1
0,0.7303495303973627,0
1,0.6489359418359417,1
1,0.943040453990454,1
0,0.9031055583305585,0
1,0.759861555111555,1
0,0.8496051517926522,0
0,0.9667052956847074,0
0,0.8716724719724718,0
1,0.7819979007104011,1
1,0.8913520202020203,1
1,0.8791749805749801,1
1,0.9099677738927735,1
0,0.8839732489732491,0
1,0.6999257437007432,1
1,0.7412754978681452,1
0,0.9015506243756243,0
0,0.8875689893439892,0
0,0.8948370768120768,0
0,0.9348910755910758,0
0,0.9511845460095459,0
1,0.7395541944166945,1
0,0.8770762459762457,0
0,0.6954618520368522,0
1,0.8459861027861029,1
0,0.7431367854367855,0
1,0.8361477813852812,1
0,0.7121911727161727,0
1,0.8522440614940618,1
1,0.5481763847263844,1
1,0.7242776751026748,1
1,0.832964553093965,1
0,0.7201403453572571,0
0,0.9771021284271285,0
0,0.8014919802419801,0
1,0.7746669833434541,1
0,0.8526050116550126,0
0,0.8062908240452357,0
1,0.7305644549894548,1
0,0.9080318487068486,0
1,0.8217742285492281,1
1,0.8868656746031747,1
0,0.7447482448107448,0
0,0.7044645909645912,0
1,0.7640717698967698,1
1,0.6015391774891777,1
0,0.6729042055167055,0
0,0.8831077117327111,0
1,0.7757406843156843,1
0,0.7265221667221669,0
1,0.8540012987012984,1
0,0.7231980658230657,0
1,0.718133408258409,1
0,0.9064397186147184,0
1,0.8145191946941945,1
1,0.8901721583971581,1
1,0.7832591450216452,1
0,0.8549898629148629,0
0,0.8854256854256854,0
0,0.8833558580308579,0
1,0.7964634934509932,1
0,0.799576071151072,0
1,0.8724792067409715,1
1,0.9018058954933958,1
1,0.8009143939393938,1
0,0.7979531884781886,0
0,0.8700130161505162,0
1,0.8149781191031191,1
0,0.8366008302971539,0
1,0.9027837384837385,1
1,0.7375982017982015,1
0,0.7966587311381433,0
0,0.8944491397491401,0
1,0.9075435370185372,1
0,0.8422062604062606,0
0,0.770321878121878,0
1,0.7165625971250967,1
1,0.8397607198357195,1
1,0.7324058768845535,1
0,0.7378678599178602,0
1,0.883054408091908,1
0,0.9083147546897548,0
0,0.8437994852369854,0
0,0.9578645743145745,0
1,0.821615601065601,1
1,0.8894312409812412,1
0,0.7643985625485625,0
1,0.8980288558663558,1
0,0.9246079482608898,0
0,0.7767836926961929,0
1,0.8450203685203685,1
1,0.8239654900654902,1
0,0.776742261496673,0
1,0.8991492229992231,1
0,0.9163019938394934,0
0,0.9535434343434342,0
0,0.7198891441891436,0
1,0.8119852466977466,1
0,0.9373885281385282,0
0,0.7621447399822405,0
0,0.7552639138639142,0
1,0.8542949356199354,1
1,0.8134229964479965,1
0,0.8282800921300922,0
1,0.8266190004440005,1
1,0.8243117590742584,1
1,0.798088799109387,1
1,0.7988492535242535,1
1,0.8033487716531827,1
1,0.9322555602893837,1
0,0.9182405594405596,0
1,0.7207355094466938,1
0,0.824819737207237,0
0,0.8023077131202134,0
0,0.8053392135642138,0
1,0.9796771034521039,1
0,0.8399015873015871,0
0,0.7353093670218666,0
1,0.8739355172605169,1
0,0.853541489066489,0
1,0.9342626984126985,1
1,0.6017648656898655,1
0,0.912947294372294,0
0,0.7690455544455548,0
1,0.8821902403152407,1
1,0.8130460983460985,1
0,0.8147327575202576,0
0,0.754895826395826,0
0,0.778009300176947,0
1,0.7895377788877789,1
1,0.7802194338556175,1
0,0.8601608544233545,0
0,0.9695625291375294,0
1,0.8338094738594741,1
0,0.7446587218337215,0
0,0.8974201659451664,0
1,0.9330410173160174,1
0,0.8097965387553622,0
0,0.9192321289821291,0
1,0.8388295260295259,1
0,0.8622952269952271,0
1,0.831566683316683,1
0,0.639619641061553,0
0,0.6731213862934452,0
1,0.9259165084915083,1
0,0.7810773532023535,0
1,0.7568158101702217,1
1,0.8480305860805859,1
1,0.9204907814407814,1
1,0.8287351259851256,1
0,0.7979554325791162,0
0,0.8216995074370074,0
0,0.7878027500277497,0
0,0.7081310245310246,0
1,0.8268718031968034,1
1,0.8797627872127874,1
0,0.801713073038073,0
1,0.8332838994338991,1
0,0.881687031024531,0
0,0.6950707514707515,0
1,0.7771905636030636,1
0,0.7463950929789162,0
1,0.8279073287823286,1
0,0.9093893023643025,0
1,0.7391099289599294,1
0,0.8201480852480852,0
1,0.8768385614385614,1
0,0.8634574092574095,0
0,0.8274161435786435,0
0,0.8896709373959375,0
1,0.6802351911976913,1
0,0.7893161109659174,0
0,0.7826964826839825,0
1,0.74762191615574,1
1,0.7743735694860698,1
0,0.75205466853408,0
1,0.8906385082023244,1
1,0.7906032190032194,1
1,0.8308833599149388,1
1,0.831152178377178,1
0,0.9134133820427939,0
1,0.9646900072150073,1
1,0.8318670662670665,1
1,0.8196262169203348,1
0,0.8605081030081032,0
1,0.6264222249972248,1
0,0.8650834111365072,0
0,0.8426701548451545,0
1,0.8232523660979544,1
0,0.8975980158730157,0
0,0.8144319083694087,0
1,0.8763520063270066,1
0,0.8665759698634697,0
0,0.8642472305472302,0
1,0.8974844635756404,1
1,0.7896370809745809,1
0,0.8452885910657965,0
1,0.7738021395271385,1
0,0.9320533147408148,0
1,0.8253432428682426,1
1,0.823280173992674,1
0,0.9158257215007214,0
0,0.8951531204906207,0
0,0.7602431901431904,0
1,0.8692205766455764,1
1,0.7533811882561882,1
0,0.8453306998556996,0
0,0.7789436874400107,0
1,0.796210266122766,1
0,0.7169014166389169,0
0,0.8887875541125542,0
1,0.8818561688311687,1
0,0.8241353641456586,0
0,0.8501900432900431,0
1,0.8402633588633588,1
1,0.7083635993091877,1
1,0.8472926850926852,1
0,0.8378341519591518,0
0,0.9953015873015874,0
0,0.8404796689421689,0
1,0.8737859695859694,1
0,0.6543406343656344,0
0,0.7296986166611169,0
1,0.7577501878238719,1
1,0.7438233877233877,1
1,0.78975365051615,1
0,0.9166512015762017,0
1,0.7271131493506494,1
1,0.8227680194805186,1
1,0.9120838938838938,1
1,0.9108525900570018,1
0,0.9159170888751769,0
0,0.8497461455211451,0
0,0.8643913239538245,0
0,0.8625997835497833,0
1,0.6026956016206012,1
1,0.8054747512721192,1
1,0.7725775863025856,1
0,0.8717960012210015,0
0,0.7693565934065935,0
1,0.8520129329004326,1
1,0.782781866009807,1
1,0.7711437812187812,1
0,0.8765394078144074,0
1,0.8377725135975135,1
0,0.8442827256077252,0
0,0.9333342241092241,0
1,0.8342466172716173,1
1,0.8806962343212341,1
0,0.6966218947718946,0
1,0.9369169552669554,1
0,0.8421054112554114,0
0,0.6700495722414842,0
1,0.9112156746031747,1
0,0.8790995920745924,0
0,0.8569432317682321,0
1,0.8852293942168944,1
1,0.8403517077693544,1
0,0.8491761932511932,0
0,0.694144828782329,0
0,0.7645144133644134,0
1,0.7675922983878866,1
0,0.6463361693861694,0
1,0.6987204961704966,1
0,0.9069677516927516,0
0,0.8908685273060272,0
1,0.8883383838383837,1
1,0.8266265151515155,1
0,0.9104895410145413,0
1,0.7813137973137972,1
1,0.8130351010101008,1
1,0.8281872877122881,1
1,0.8289968115218118,1
0,0.7775433982683982,0
1,0.7986049311799313,1
0,0.7802471167721169,0
0,0.7629609326947563,0
0,0.8930465728715724,0
0,0.9630793512043512,0
0,0.7244016761016758,0
1,0.7672660492285489,1
0,0.7938768065268064,0
1,0.8285235278610281,1
0,0.886050258075258,0
0,0.7915672244422244,0
0,0.6072992185918655,0
0,0.6691634736178858,0
0,0.8348603008103012,0
1,0.7488937784437787,1
1,0.8427477938727937,1
0,0.8265390748140744,0
0,0.8860580502830505,0
0,0.8401637605858194,0
1,0.8801968253968258,1
0,0.787125915750916,0
0,0.7449409049284051,0
1,0.7837691475191474,1
0,0.8460069014319015,0
1,0.8047963611551845,1
0,0.6853540487290491,0
1,0.8610293068043064,1
1,0.8579691919191915,1
1,0.7637030816405821,1
0,0.7707109279609278,0
0,0.8121440709617179,0
1,0.8282788766788769,1
1,0.8328261960261961,1
0,0.8794457209457213,0
1,0.813272286047286,1
0,0.7930159840159839,0
0,0.9349127442002442,0
0,0.8619501942501944,0
1,0.9127995115995114,1
0,0.8443776584526582,0
0,0.7685314713064709,0
1,0.8299617438117441,1
0,0.9723130230880234,0
1,0.7972361860361862,1
1,0.7515283105783106,1
1,0.8906453352203354,1
1,0.7123124294006646,1
0,0.8172299672549673,0
1,0.8108410409035405,1
1,0.795716031191031,1
0,0.8002134976134972,0
1,0.8060527722277727,1
0,0.8386740620490618,0
0,0.869699025974026,0
1,0.8942715229215227,1
0,0.8233388195138193,0
0,0.8688169302919296,0
0,0.7781303326790171,0
1,0.8417667590579355,1
0,0.8119969734513856,0
1,0.8308853923853925,1
1,0.8534398962148966,1
0,0.6748652736152736,0
1,0.8218998126873125,1
0,0.7977287722081835,0
0,0.8507345737595743,0
1,0.6522707736707737,1
0,0.7525650636944757,0
0,0.8593461732711732,0
1,0.7662256798756794,1
1,0.8537251776001773,1
0,0.8597741591741591,0
0,0.8158111541236547,0
0,0.865033581124757,0
1,0.8190083184789066,1
1,0.6964246073371072,1
1,0.8691293789543789,1
0,0.7870649877899885,0
0,0.7580968573093572,0
1,0.9430258796758799,1
0,0.896049764124764,0
1,0.8198141908744844,1
1,0.8493941516816516,1
1,0.8054911394161396,1
0,0.7288135503385506,0
0,0.8898362332112327,0
0,0.8775612401487398,0
0,0.8037259546009548,0
1,0.7534949827949822,1
1,0.8345901515151514,1
1,0.8576964646464645,1
1,0.8783231157731158,1
0,0.7869777833277841,0
0,0.7632902625152619,0
1,0.7656639249639249,1
1,0.9018810966810966,1
1,0.9689709679209683,1
0,0.7081011072261068,0
1,0.8465856883312765,1
1,0.8395326950826952,1
1,0.8685651293151293,1
0,0.8428333666333669,0
0,0.8233188541850305,0
1,0.867395093387005,1
0,0.8879673631923632,0
1,0.7880312382062381,1
1,0.8631507201132206,1
1,0.8963844780219777,1
1,0.8904612054612056,1
0,0.8560162878787876,0
1,0.7920700632700634,1
1,0.762950674325675,1
0,0.7000124264624266,0
0,0.7400728452103453,0
0,0.862474679487179,0
0,0.9540394910644912,0
0,0.8560609890109893,0
0,0.8510394355644352,0
0,0.8720930430680426,0
1,0.8904673493173494,1
0,0.7400680694305692,0
0,0.8555152084027081,0
0,0.8679582556332556,0
0,0.8637424325674321,0
0,0.7464191600066595,0
1,0.7940243062493062,1
0,0.8761411394161398,0
0,0.9009263514263517,0
0,0.5814649156399156,0
1,0.9016684343434346,1
0,0.8213081529581526,0
0,0.8272768287268285,0
0,0.9154883311133307,0
1,0.753392830780331,1
1,0.9001982323232324,1
0,0.8520353763883172,0
1,0.9572129426129428,1
1,0.8837041541791546,1
0,0.7538932789432788,0
1,0.816194028194028,1
0,0.8254807872682873,0
1,0.7733947413697415,1
1,0.823772841047841,1
1,0.8873557847381378,1
1,0.7750089535464534,1
0,0.8187583943833939,0
0,0.7884556290931295,0
0,0.859170938783439,0
0,0.8008417471417475,0
0,0.758252619194531,0
0,0.6802665999033644,0
1,0.7942821678321681,1
0,0.8919259934509937,0
0,0.8586166236541233,0
1,0.8131096792096791,1
0,0.856694996669996,0
1,0.7892645021645023,1
0,0.904304353979354,0
0,0.9069979437229434,0
0,0.7799233377733377,0
1,0.857523666611167,1
1,0.9325462121212122,1
1,0.8844481970643733,1
0,0.6789819194694197,0
0,0.9423497835497836,0
0,0.881932312132312,0
0,0.9075999472749475,0
0,0.7808977675102675,0
1,0.9018317279942278,1
0,0.8815520535020533,0
1,0.7774656510156511,1
0,0.8766627011877014,0
0,0.8248797887784732,0
0,0.864387326399091,0
0,0.7425317876567873,0
0,0.8092783719548421,0
0,0.8344736329030449,0
0,0.8679670967920966,0
1,0.8249831085581087,1
0,0.8891887917637921,0
1,0.7502461770255889,1
1,0.5888020049395052,1
1,0.7896991758241759,1
0,0.831177344877345,0
1,0.7752690212565213,1
1,0.7288689865689866,1
0,0.7638756271506272,0
0,0.7616891525141521,0
1,0.8150540376290378,1
1,0.9584447818521349,1
0,0.7865375874125873,0
0,0.7939949383949384,0
0,0.9251503968253969,0
1,0.7107322233322234,1
0,0.7265153772697889,0
0,0.7149563353313354,0
0,0.8528749389499387,0
0,0.8403187312687309,0
1,0.7823101827567001,1
1,0.7135431189725314,1
1,0.8174754689754691,1
0,0.8322068792318791,0
1,0.8623819874569878,1
0,0.7770916583416585,0
0,0.7805190448440448,0
1,0.8862947330447329,1
0,0.7214356351981351,0
0,0.8054613497613496,0
0,0.8620642597598481,0
1,0.798047385947386,1
1,0.801867968142968,1
0,0.8238953629703626,0
1,0.8920956737706738,1
0,0.7188620962370963,0
0,0.8781518703518707,0
1,0.7706136835386832,1
0,0.8965232323232327,0
1,0.6613735347985348,1
0,0.8391911963036962,0
1,0.9290569791319792,1
0,0.703068711843712,0
1,0.9050113275613275,1
1,0.7882827949827951,1
0,0.7997577394827391,0
0,0.8764723914973916,0
1,0.8080227758352759,1
0,0.7171435869685869,0
1,0.7385236069486072,1
0,0.8003413808413806,0
1,0.6797234945609943,1
1,0.7889049700299704,1
1,0.8567427933177927,1
0,0.9110474553224552,0
1,0.7301440212565211,1
1,0.7606251415251412,1
0,0.7789919968919972,0
1,0.793593098568099,1
0,0.7078700448244561,0
1,0.7781185009435008,1
0,0.8543813242313242,0
1,0.8054954864579865,1
0,0.7876078500747621,0
0,0.8464500693750696,0
1,0.8611891275391277,1
0,0.6717425825808176,0
0,0.8199854353979354,0
0,0.6862379519173639,0
1,0.9133352702852696,1
1,0.7943749760043877,1
0,0.8967228604728602,0
0,0.6756593301306537,0
0,0.8941408549783553,0
0,0.9037437405731529,0
0,0.8537751498501506,0
0,0.7728965021090022,0
0,0.867237992562993,0
1,0.6997253926628927,1
1,0.7528815323565323,1
0,0.837938847263848,0
0,0.8616669441669444,0
0,0.8236112720612723,0
1,0.7779101775675309,1
0,0.8637616328116328,0
0,0.8575525044400047,0
1,0.8129811355311353,1
0,0.862590900765901,0
0,0.8750081252081253,0
1,0.6723853639824223,1
1,0.8961997835497839,1
0,0.9160909812409813,0
1,0.9694234848484851,1
1,0.8417989996114995,1
0,0.9553139249639252,0
0,0.7247393287268288,0
0,0.8526652264402264,0
1,0.7435286408036409,1
0,0.8437013930513931,0
0,0.9493481490731488,0
1,0.7683931984681983,1
0,0.977936038961039,0
1,0.9064348068598066,1
0,0.8430160450660453,0
1,0.8142736069486065,1
1,0.7691149406149407,1
1,0.9241176406926404,1
1,0.7756611832611828,1
1,0.8288163378288376,1
0,0.8428493284493286,0
0,0.809564418914419,0
0,0.8080966894216893,0
1,0.7763178648149234,1
0,0.8477926628926622,0
1,0.9452466283716283,1
1,0.8806000555000552,1
1,0.8280856587856587,1
0,0.8448654359529362,0
1,0.821997356809857,1
0,0.832090709045856,0
1,0.7841531565656564,1
1,0.8368108766233764,1
0,0.9186386446886446,0
1,0.8515731213231216,1
1,0.8926273731170791,1
0,0.7315146187146184,0
0,0.674501475322064,0
0,0.8064977730602731,0
1,0.7869396880896882,1
1,0.8002567710067711,1
0,0.8106201395826395,0
0,0.7663073815073812,0
0,0.8029650571650571,0
1,0.9279326381951386,1
0,0.8576650280275279,0
1,0.7651874458874458,1
0,0.7538013195138193,0
0,0.7630906676656675,0
0,0.7971748806748805,0
1,0.7541905871905866,1
0,0.8652366281379442,0
0,0.8670180763680765,0
0,0.8954285395160395,0
0,0.6976401195210011,0
1,0.8432813020313021,1
0,0.7888378052503053,0
0,0.8307224525474527,0
0,0.8334796398046395,0
1,0.8004104062604064,1
0,0.8375458107252226,0
0,0.8411848124098125,0
0,0.8270548978798977,0
1,0.8012967809967813,1
1,0.8180920149295147,1
1,0.7541610112110114,1
1,0.8731727522477525,1
0,0.8797640942390943,0
1,0.878244325119325,1
1,0.8976160547785546,1
1,0.951532456432456,1
0,0.8605050199800197,0
0,0.7660624250749247,0
0,0.86133582944833,0
0,0.703849777999778,0
1,0.7607524558774562,1
0,0.8316471736596738,0
0,0.8026519664975542,0
0,0.7524160155204276,0
1,0.8913229270729273,1
0,0.8656701966334315,0
0,0.8707613053613049,0
0,0.7861978632478633,0
0,0.9218082611832613,0
1,0.8044754948697673,1
1,0.8187134337884336,1
0,0.8514868520368519,0
0,0.8591798076923077,0
0,0.8377320734820735,0
1,0.7091375804750802,1
1,0.8906650765900762,1
1,0.7604124625374628,1
1,0.7330564047064045,1
1,0.7948930347430349,1
1,0.7876523434898428,1
1,0.9220756771006774,1
0,0.7965268106893107,0
0,0.7649125319125321,0
1,0.8215332084582079,1
0,0.7067009962259967,0
0,0.8713681235431237,0
1,0.8377913267288271,1
0,0.717670331057831,0
1,0.7439423826173823,1
0,0.8517524142524148,0
0,0.8175589341214341,0
0,0.8263801171051172,0
0,0.9177197330447332,0
0,0.8469449411699411,0
1,0.9292511904761903,1
1,0.8501575174825173,1
0,0.8514795801420799,0
0,0.7974401732770152,0
0,0.9015497224997223,0
1,0.8392312229437225,1
1,0.8385216228216229,1
1,0.7931365245865245,1
1,0.8454773532023537,1
0,0.7616452436452434,0
1,0.7538637529137533,1
1,0.8233531413031409,1
0,0.8159394869019864,0
0,0.9025643745143745,0
0,0.8313803529803527,0
1,0.7366303946053943,1
1,0.8417679474120651,1
1,0.7677000555000557,1
0,0.9206087523587524,0
0,0.9161550824175824,0
1,0.869359773559773,1
0,0.8548113455988456,0
1,0.8500955391830393,1
0,0.8505128149628153,0
1,0.8111688270063273,1
0,0.8411716089466091,0
1,0.8148093836718842,1
1,0.7280112817737819,1
1,0.7864698135198136,1
1,0.7054186757686756,1
0,0.6552776806526807,0
1,0.7141502422414184,1
1,0.8675644577644577,1
1,0.8442989534588216,1
0,0.6755902948358827,0
1,0.819117456154956,1
0,0.8276325355200355,0
0,0.801531832056832,0
1,0.8426726911976908,1
1,0.8560413419913422,1
1,0.7683827505827512,1
1,0.8516685758685762,1
1,0.8096407172076286,1
1,0.8221091852591849,1
0,0.9068228748375806,0
1,0.8403687617937617,1
0,0.9478866591741593,0
1,0.855463372738373,1
1,0.8620387445887442,1
0,0.8369896520146518,0
0,0.8242466848510965,0
1,0.8641655844155846,1
0,0.7729035922410917,0
1,0.7988635642135639,1
0,0.848280175380175,0
1,0.8058446900321896,1
1,0.8818296106671107,1
1,0.8662873071373072,1
0,0.8477321151071145,0
1,0.8656737096237093,1
0,0.9355470945720948,0
1,0.7421057026307023,1
0,0.6395293692418696,0
0,0.6416774919524922,0
0,0.7771170399045396,0
1,0.8097343573093573,1
1,0.7629052808302811,1
1,0.7957070112893644,1
0,0.8510910811410808,0
0,0.7724496988305809,0
1,0.7013805749805756,1
0,0.6580494654038771,0
1,0.7928068542568539,1
1,0.7920455724830728,1
1,0.88566873959374,1
1,0.8415404595404595,1
0,0.7551983877233877,0
1,0.7925641053391056,1
1,0.7507258075258073,1
1,0.7528893134643134,1
0,0.6487439643689648,0
1,0.8435092574092572,1
0,0.9219792485292484,0
0,0.861021407350819,0
1,0.8439873543123543,1
0,0.9200102453102456,0
1,0.746284339783024,1
0,0.8001359834609836,0
0,0.9133574425574423,0
1,0.8525045010545015,1
1,0.7784176190639428,1
0,0.7148095515595518,0
0,0.9349157592407591,0
1,0.7767385531135526,1
1,0.8291168831168825,1
1,0.8134461802086803,1
1,0.7203923474401414,1
1,0.7455210761460764,1
1,0.8176850008651482,1
0,0.6072512473637471,0
0,0.6414339812964812,0
1,0.7997723512598509,1
1,0.8149201687201684,1
1,0.8172144730269727,1
1,0.8054598984348984,1
1,0.8607482670923845,1
1,0.7951788697413694,1
1,0.8150142760017761,1
0,0.9128930172768404,0
0,0.8946025641025639,0
0,0.8402866466866467,0
1,0.806231784881784,1
1,0.8628537212787216,1
0,0.7637882054220287,0
1,0.8478981962481962,1
1,0.6881578351387171,1
1,0.8508422549672547,1
0,0.8163280358530359,0
1,0.8494122544122541,1
0,0.8431676028220146,0
1,0.8674304112554111,1
0,0.9136787934287932,0
1,0.8296795121545117,1
1,0.8702477813852811,1
1,0.8146545648795649,1
1,0.6452718198468202,1
0,0.7794760531135531,0
0,0.8305269785769788,0
0,0.8056396964146966,0
1,0.9247858585858584,1
0,0.9110016095016096,0
0,0.8060699800199802,0
1,0.7113912813493695,1
0,0.77708624986125,0
1,0.8712464646464646,1
1,0.7878356116106119,1
0,0.9018887556887557,0
0,0.8039810606060608,0
1,0.890020274170274,1
1,0.8321635586635587,1
1,0.8081966686091686,1
0,0.8097131701631698,0
0,0.8171453546453551,0
1,0.87678802031302,1
0,0.9125679792429794,0
1,0.8173676490176486,1
0,0.9029001692751691,0
0,0.8785347374847374,0
0,0.7503176934176936,0
1,0.7981851398601396,1
0,0.9152771978021977,0
0,0.8617870629370631,0
1,0.8074401043401044,1
0,0.6051181643519881,0
0,0.9306908424908427,0
0,0.8606067135478902,0
1,0.7984206876456874,1
0,0.987618253968254,0
1,0.7743197649572642,1
0,0.8706809329559333,0
0,0.8904590367965369,0
0,0.6578601237814472,0
0,0.9328237151737152,0
1,0.823256492118992,1
0,0.8176462690087692,0
1,0.8078022477522478,1
1,0.8511766081141083,1
1,0.8067726218226221,1
1,0.8550466200466206,1
0,0.7494039192833307,0
1,0.7751540497084615,1
1,0.7794537046287047,1
0,0.7111715201465202,0
1,0.6437462117131234,1
1,0.7964593600843597,1
1,0.8178333499833498,1
0,0.878857509157509,0
1,0.7796191197691197,1
1,0.7918840867465864,1
0,0.8517431068931068,0
1,0.791537626507479,1
0,0.8382146964146965,0
0,0.7021465007215009,0
1,0.8557969197469191,1
1,0.7976940365190367,1
1,0.7529578477078477,1
1,0.9164434412809412,1
0,0.7160637188834559,0
0,0.7978239260739263,0
0,0.7645446192696194,0
1,0.8064953740703742,1
1,0.7840699175007999,1
0,0.8814152847152851,0
0,0.7970036879786877,0
1,0.8861064752241218,1
1,0.7885389430014427,1
1,0.807988261738262,1
1,0.7800162268287268,1
0,0.6891034364328483,0
1,0.7452223235098233,1
0,0.8811637584637587,0
0,0.763717936230436,0
0,0.9873087301587303,0
1,0.7371996878121883,1
0,0.8938745670995674,0
0,0.7171925879675883,0
0,0.7854803085803086,0
0,0.7971900432900426,0
0,0.943184992784993,0
0,0.7318149951355836,0
1,0.8531325216450221,1
0,0.9208049089799089,0
1,0.801472113997114,1
1,0.8169145437895439,1
1,0.7967867243867248,1
1,0.8455051101676101,1
0,0.8601547632922633,0
0,0.5126072344322344,1
0,0.7770727397602398,0
1,0.8579587095910627,1
0,0.9440249666999664,0
0,0.6012538970833088,0
1,0.8163508019758021,1
0,0.6672321513453866,0
0,0.8458858724608722,0
0,0.9474518648018647,0
0,0.7574999694749696,0
0,0.797968030580531,0
1,0.744817052392052,1
0,0.9370153069153068,0
1,0.7749343656343654,1
0,0.9646563492063491,0
0,0.7894227217227215,0
1,0.7469254634254633,1
1,0.8228206238206237,1
1,0.7887940254190253,1
1,0.8365099789099789,1
0,0.8751412157287158,0
0,0.9016174963924966,0
1,0.7087926702382581,1
1,0.7661191905316906,1
0,0.8836769452769456,0
1,0.8269447552447552,1
0,0.9091021645021645,0
0,0.8435455266955267,0
1,0.8328181152181156,1
0,0.7394274873818991,0
0,0.8577751248751249,0
1,0.8907189407814406,1
1,0.8572441336441335,1
0,0.7301293734043736,0
0,0.7635221500721504,0
0,0.7223477577977573,0
0,0.9096610889110889,0
1,0.8432356254856256,1
1,0.7264189726939729,1
0,0.9254520604395605,0
0,0.8867137140637142,0
1,0.8845630813630815,1
1,0.8836773532023533,1
0,0.6478294608169609,0
1,0.7029894296063416,1
1,0.5337172077922078,1
1,0.8898540417915423,1
1,0.8231137001886998,1
0,0.7397734182484179,0
1,0.8196527242365477,1
0,0.8096081335331333,0
1,0.8631811757686755,1
0,0.8518222027972024,0
0,0.8278887112887113,0
1,0.7818811910311908,1
1,0.8528121467584701,1
0,0.8923432747807745,0
0,0.8235311133311127,0
1,0.8138683732933736,1
1,0.8059496364746367,1
0,0.8943509157509162,0
1,0.8083963591963591,1
1,0.8826466045392515,1
0,0.7991360732404851,0
0,0.8018203657453657,0
1,0.7691924963924964,1
0,0.6914352564102557,0
1,0.8390474414474409,1
0,0.8588578296703295,0
1,0.7604920349258579,1
1,0.8049858585858588,1
0,0.8974910200910198,0
0,0.8982100066600068,0
0,0.8105824064824058,0
1,0.7770846681096686,1
1,0.7969591047841048,1
1,0.7095866161616162,1
1,0.925114346764347,1
0,0.909224580974581,0
0,0.7909981823731826,0
0,0.9751385170385171,0
1,0.8647378760128762,1
0,0.8013872710622711,0
0,0.8160997696747697,0
0,0.9628253857253858,0
1,0.8256121323121325,1
1,0.9977118575868577,1
1,0.8340029415029415,1
1,0.7554182373182373,1
1,0.810329897879898,1
0,0.9082926684426681,0
0,0.6146007145632145,0
0,0.7095888500388504,0
1,0.8473243609331842,1
0,0.7897035862829981,0
0,0.9119508436008433,0
1,0.856400222000222,1
0,0.8534146621352502,0
0,0.8290630147630147,0
1,0.8812972517678399,1
0,0.9372475219225218,0
1,0.869969166944167,1
0,0.9330411394161392,0
0,0.737106825119325,0
0,0.7865957181707179,0
1,0.772224110611611,1
0,0.8794626082251079,0
0,0.686978003940504,0
0,0.9507801226551227,0
1,0.836661308136308,1
0,0.9474553557553559,0
0,0.8618844322344328,0
0,0.7625735125985122,0
0,0.9247255189255189,0
1,0.8060542842391533,1
1,0.7783267593517593,1
0,0.7265396704602592,0
1,0.7846639332889335,1
1,0.6590914909651754,1
0,0.9630001443001445,0
0,0.8356985403485396,0
0,0.8621959179709181,0
0,0.8349492923742926,0
0,0.8911071428571425,0
0,0.8119245754245751,0
0,0.6823816045066047,0
0,0.8993451326451329,0
1,0.8045315355696934,1
0,0.9596184593184592,0
0,0.9242265873015875,0
1,0.9776399711399709,1
0,0.7870514013764015,0
1,0.7604890276390273,1
1,0.7955582223332223,1
0,0.6939648157398159,0
1,0.8661307160976277,1
0,0.8994140692640693,0
1,0.7767713280140908,1
1,0.8108607392607393,1
1,0.8222784590409593,1
0,0.7547323398823398,0
1,0.8884223956598957,1
1,0.8181045288045291,1
0,0.7425771561771564,0
1,0.8606159007659007,1
1,0.7501323103796786,1
0,0.791148987123987,0
0,0.8188798340548336,0
0,0.9305551115551117,0
0,0.6498343351093347,0
1,0.7921622724497733,1
1,0.8642743831332063,1
0,0.8470042707292705,0
1,0.737861231823732,1
0,0.9142792225748109,0
1,0.8562995254745257,1
0,0.9426372627372628,0
1,0.8608322334528217,1
0,0.80822022977023,0
1,0.7311601445939684,1
1,0.7122289210789211,1
0,0.5329073186617304,1
0,0.7996621718151128,0
0,0.822677663186487,0
1,0.8529440365190366,1
1,0.7598955710955719,1
0,0.5518806970806971,0
1,0.9468590187590183,1
1,0.8376942723942723,1
1,0.8060951752495873,1
1,0.8608169996669994,1
1,0.7447315712065711,1
1,0.850362001887002,1
0,0.8544532980907978,0
0,0.747215137640137,0
0,0.8402159673659679,0
0,0.7181959788018996,0
0,0.7738255522255515,0
0,0.8330948149073153,0
0,0.7452741874955113,0
0,0.8986511544011537,0
1,0.8168554029304029,1
0,0.9293761544011545,0
0,0.8995223318348313,0
1,0.9626273809523807,1
1,0.8426940087690087,1
1,0.7943618326118327,1
0,0.9419870629370628,0
1,0.8939353535353534,1
0,0.836615270840271,0
1,0.7650926462426465,1
0,0.7894008241758244,0
0,0.8246834609834607,0
1,0.79998429070929,1
0,0.8776398403067519,0
1,0.8734559773559771,1
1,0.8163544631838748,1
1,0.8522354506604503,1
0,0.6925462620712617,0
1,0.8120649877899881,1
1,0.8918016344766346,1
1,0.811341033966034,1
0,0.8851867965367964,0
1,0.9150656454656454,1
1,0.7947367971897383,1
1,0.9034047202797201,1
0,0.8583059953934951,0
0,0.788356664087546,0
0,0.7292350593850597,0
1,0.9275597680097679,1
0,0.6424510776804899,0
0,0.8121267121767118,0
0,0.8371084221334221,0
0,0.9050408119658122,0
1,0.9014919913419912,1
1,0.8124646686646685,1
0,0.783504745254745,0
1,0.8765464868464868,1
0,0.791862074037074,0
1,0.7371026808159163,1
1,0.8800256382506384,1
0,0.8435547480297486,0
1,0.8204739940614946,1
1,0.908779156954157,1
1,0.829614619122707,1
0,0.8877665556665557,0
1,0.8608490176490173,1
0,0.8765430319680324,0
1,0.5720408230658232,1
0,0.7638801698301699,0
0,0.8421045474133706,0
0,0.882713836163836,0
0,0.8568733016983016,0
0,0.8108617816823697,0
1,0.5619174825174825,1
1,0.7513729770229768,1
1,0.7670848831723833,1
0,0.7661289807414813,0
0,0.8685569499944502,0
1,0.9373515512265517,1
1,0.8397075119325117,1
1,0.7813798756798755,1
0,0.9259780150405151,0
0,0.838972560772561,0
0,0.8797461843711845,0
0,0.8447845931845934,0
1,0.7922073412698413,1
1,0.8883202269952268,1
0,0.8559434953934956,0
1,0.7868413836163837,1
0,0.9183440883677721,0
0,0.9555314269064269,0
0,0.8675794693868223,0
1,0.8850225052725054,1
1,0.8200199217449221,1
1,0.8793454656454659,1
0,0.6567399642024643,0
1,0.8225445082695083,1
1,0.8334526889776889,1
1,0.9286711427461427,1
1,0.9394662198912201,1
1,0.8539734626484629,1
0,0.8844770160395161,0
0,0.7983149503274504,0
0,0.8568094044844041,0
0,0.962791095016095,0
1,0.7279545998119524,1
1,0.9084178821178815,1
0,0.7312956639765466,0
1,0.8045620351870348,1
0,0.8641252858252859,0
1,0.8656096431346433,1
1,0.7442000360750363,1
0,0.775735369777281,0
1,0.9292231240981245,1
0,0.8862193278943278,0
1,0.7165845404595403,1
0,0.7570304754885634,0
0,0.8668340021090023,0
1,0.8517425144300146,1
0,0.8732336635586634,0
0,0.7891972291597293,0
0,0.9230413003663002,0
0,0.8139611832611837,0
0,0.7163556332556338,0
0,0.7947220168720167,0
0,0.6126860538154658,0
1,0.796809801309801,1
0,0.7901327505827509,0
1,0.7165975857475864,1
0,0.7530849230018346,0
0,0.9537933039183039,0
1,0.7496981296481305,1
0,0.7320949952824956,0
1,0.9349613025863024,1
0,0.778100124875125,0
1,0.7793508547008547,1
0,0.7716104048729049,0
0,0.7146038239538239,0
0,0.8295825729825727,0
1,0.799183960483961,1
0,0.8688453241203237,0
0,0.9080693431568427,0
0,0.9115520354645353,0
0,0.700499506049506,0
1,0.862958694083694,1
1,0.9186587162837163,1
1,0.8199162795537795,1
1,0.9441550394050391,1
1,0.8560683261183263,1
0,0.8538755106005104,0
1,0.7513431166056163,1
0,0.8617833028083031,0
0,0.9116245948495946,0
1,0.7324369380619382,1
0,0.8585749944499939,0
0,0.9260568792318795,0
0,0.9477883144633146,0
1,0.8467746003996006,1
1,0.9079520743145745,1
1,0.788873146298146,1
1,0.7999470418470421,1
0,0.7437296342546343,0
1,0.7737479673104672,1
0,0.8790350649350651,0
0,0.8393102647352648,0
0,0.7329397505272504,0
0,0.7751451298701295,0
1,0.7763644799644799,1
0,0.7269484471410937,0
0,0.8679086760461762,0
1,0.8143050172050174,1
1,0.937084224109224,1
0,0.756310129739542,0
0,0.8251072483072481,0
1,0.7219708694083697,1
0,0.959635209235209,0
1,0.7763717407592412,1
1,0.6101426472220597,1
0,0.8104301809301804,0
1,0.791592965367965,1
0,0.8308928377178377,0
0,0.6813840950715945,0
0,0.8868998834498838,0
1,0.839942762792763,1
0,0.9299473193473193,0
0,0.92378093018093,0
1,0.7904087606837604,1
0,0.8080994116994119,0
0,0.7299264735264737,0
0,0.8097933053058051,0
0,0.8408386446886448,0
0,0.7542270007770007,0
0,0.7435660422910423,0
1,0.8227350885225884,1
1,0.9243646464646462,1
0,0.8849954684204684,0
1,0.8531060406698565,1
0,0.896503671328671,0
1,0.7921571317571314,1
0,0.764979664779665,0
0,0.8695888195138194,0
1,0.7475712935757057,1
0,0.9152624320124317,0
1,0.8973719363969367,1
0,0.829270779220779,0
1,0.8538122516372514,1
1,0.8531465062715067,1
1,0.9050709937121701,1
0,0.8058938894438902,0
1,0.5702523421023425,1
1,0.7786275585525584,1
1,0.8001529526029527,1
0,0.7323839854589859,0
0,0.771909301809302,0
0,0.9224617993117995,0
0,0.8323740079365074,0
1,0.83705641025641,1
0,0.9277193750693752,0
0,0.9589200632700629,0
0,0.8232355783105777,0
1,0.7794185980685983,1
0,0.8016281246531247,0
0,0.8682772977022979,0
1,0.91977847985348,1
1,0.793396606171606,1
1,0.8341382783882788,1
0,0.8810721639471638,0
1,0.7354230255855253,1
0,0.8213483044733043,0
1,0.7195740218115221,1
0,0.9006104811854811,0
0,0.8567765831390829,0
0,0.9553364996114992,0
0,0.8294179590017823,0
0,0.8875172299922303,0
1,0.8377617854367854,1
1,0.7411503579753582,1
1,0.8058539765789765,1
1,0.9175360389610392,1
0,0.8483130758130757,0
0,0.9394707597957601,0
1,0.7997151431901433,1
1,0.7643119699744702,1
0,0.7647984903984903,0
1,0.8172210437223594,1
1,0.8150612110112102,1
0,0.85131323953824,0
0,0.9341508991008989,0
1,0.8136930000554999,1
1,0.6887400904650905,1
1,0.7738457042957044,1
1,0.8003272005772005,1
1,0.8268840909090901,1
1,0.875227225552225,1
1,0.8681237040737038,1
0,0.9296766955266954,0
0,0.8704238816738817,0
0,0.8827954180623302,0
1,0.8450420496170498,1
0,0.8086008840832369,0
0,0.8673669760794762,0
0,0.8858322548366669,0
1,0.7315332621626736,1
0,0.8002589826839828,0
0,0.9311217060717062,0
1,0.7825267329892325,1
0,0.7303703948828952,0
1,0.8080455641580642,1
1,0.7565273809523803,1
0,0.8922999203410968,0
0,0.9512681623931625,0
0,0.8914203005328002,0
1,0.7618382534132535,1
0,0.7523524157430114,0
1,0.7766061702186707,1
1,0.8035228313353312,1
0,0.8761946220446224,0
1,0.8482514430014422,1
1,0.7624034715284719,1
1,0.860189647852148,1
1,0.8134036907536908,1
1,0.7277786061161058,1
0,0.7843970057720059,0
0,0.7455312735467148,0
1,0.7457909701409702,1
1,0.8445461788211791,1
0,0.7085911699411697,0
0,0.8443243849287968,0
1,0.7297989094239091,1
0,0.7819644286269286,0
0,0.8406648656898656,0
1,0.947945238095238,1
0,0.8525295648795657,0
0,0.750322743922744,0
1,0.9483759018759019,1
1,0.8299699411699413,1
0,0.904612198035882,0
0,0.8656641455766455,0
1,0.8365153957153956,1
1,0.8517098401598403,1
1,0.8491798562548563,1
1,0.8701250888000889,1
1,0.8499554625929628,1
1,0.9341651515151512,1
0,0.7777350179232534,0
1,0.7676282194113078,1
0,0.8776888306138306,0
0,0.7368645049395044,0
0,0.7785278693528693,0
1,0.7572615180571067,1
0,0.8588267510267514,0
0,0.7481452783327786,0
0,0.8560443917193912,0
1,0.7375407065157069,1
0,0.8962656565656563,0
1,0.702203576978577,1
0,0.8245225971740675,0
1,0.7898742673992672,1
0,0.9797666666666667,0
1,0.6861490870240873,1
0,0.7462180891004416,0
1,0.7606328449328446,1
0,0.7465389409609996,0
1,0.8273008255633256,1
0,0.8004978489647606,0
1,0.7672309246309246,1
0,0.7255769056107294,0
1,0.8678247280497277,1
1,0.6513496545121543,1
0,0.8464081751581752,0
0,0.8716007908757907,0
0,0.8329554834054838,0
1,0.8467679598179602,1
1,0.8615701104451104,1
1,0.8189448162948159,1
1,0.8619001609501612,1
0,0.9963833333333333,0
0,0.8052258824508828,0
1,0.8238741647241644,1
0,0.7554681901431904,0
1,0.6982949272949267,1
0,0.8991339854589852,0
0,0.94728117993118,0
1,0.9178306013431012,1
0,0.8970552197802201,0
0,0.8264309385059383,0
1,0.7490678767311121,1
0,0.9503876873126872,0
1,0.7519695956820953,1
0,0.9173763042513042,0
0,0.8771929514929513,0
1,0.9007100094350097,1
1,0.7671949210919802,1
0,0.832209074259074,0
1,0.8790186785436788,1
0,0.9885852019325705,0
1,0.8075979908979908,1
0,0.7782223540348538,0
0,0.8735124569874566,0
1,0.8055472638472633,1
1,0.8542669483294487,1
0,0.7576972832722829,0
0,0.9660612276612275,0
0,0.9966063492063493,0
1,0.8246188894438896,1
1,0.8474756465756464,1
1,0.8482658757908759,1
0,0.7134413253413252,0
0,0.8729260638054752,0
0,0.7022992382617383,0
0,0.8948547369297368,0
1,0.8019022366522365,1
0,0.7355048849842967,0
0,0.8230820651570653,0
1,0.7901158702408705,1
0,0.9247545232545232,0
1,0.8459092795276615,1
1,0.8469407911532914,1
1,0.7785318362193361,1
1,0.8942205266955268,1
0,0.9498026695526698,0
1,0.8781984520381578,1
1,0.9329540293040292,1
0,0.7318726884226887,0
1,0.7416565046065042,1
1,0.8654319402819399,1
0,0.7995484797881853,0
0,0.8329565434565437,0
1,0.8009628579753582,1
1,0.8180170496170498,1
0,0.846936963036963,0
1,0.7501298701298701,1
0,0.8864128427128428,0
0,0.7720885406260405,0
1,0.8264557997557999,1
0,0.7882826978576978,0
0,0.8215638444888443,0
1,0.8726490204240205,1
1,0.7655826048951052,1
0,0.8169949894876365,0
0,0.8382806526806522,0
0,0.8811443722943718,0
0,0.7881572871572871,0
0,0.6541032009657011,0
0,0.9111643176268178,0
1,0.7363477688977689,1
0,0.8617661616161614,0
1,0.791311831224331,1
1,0.9012296314796315,1
0,0.6985978438228437,0
0,0.9022920343545342,0
1,0.7942656510156508,1
0,0.7553668525918525,0
0,0.8026568875568874,0
1,0.7845051004551005,1
1,0.6179309912309918,1
1,0.7913717227217227,1
1,0.8564628427128431,1
1,0.8513060625047468,1
0,0.8341730297480296,0
0,0.838346114996115,0
1,0.8196301476301477,1
1,0.8261827838827842,1
1,0.807650599400599,1
1,0.7770584790209792,1
1,0.9562514402264399,1
1,0.8607572510822512,1
0,0.8740502143281554,0
0,0.8347032758907755,0
0,0.6803597671935903,0
1,0.9687913558663559,1
1,0.8470429903429902,1
0,0.8867233946608946,0
1,0.791357609057609,1
1,0.8781456765456765,1
1,0.8907906371406372,1
1,0.8776944916194915,1
1,0.8192235014985016,1
0,0.8479470557220556,0
0,0.7504667027417029,0
1,0.8417960444783971,1
1,0.9083155844155842,1
0,0.8183681929181927,0
1,0.9348363525363523,1
0,0.8729904526029526,0
1,0.8646547258297259,1
0,0.8176525779775778,0
0,0.8419571955821958,0
0,0.853568462093462,0
1,0.8122611000110999,1
1,0.9162504689754688,1
1,0.597939065101565,1
0,0.7704986495530611,0
0,0.8926873876123872,0
1,0.8685004884004882,1
1,0.8664427128427126,1
0,0.9236799228549228,0
1,0.7905083287627407,1
1,0.8512465756465759,1
1,0.8579020535020536,1
1,0.7232836385836384,1
0,0.8436276542901546,0
0,0.8215761132658184,0
1,0.8216150377400374,1
0,0.9707569153069153,0
0,0.8635756882006882,0
1,0.7531381818345054,1
1,0.9492228438228439,1
1,0.9057050865800863,1
0,0.8122476856476858,0
1,0.8179901309474837,1
1,0.8962703102453101,1
1,0.836131962481962,1
0,0.7682722245891364,0
0,0.8922505550005547,0
1,0.8606822857697853,1
1,0.7620086524586525,1
1,0.9297836134453783,1
0,0.8403555583305585,0
0,0.8282329392829396,0
0,0.7308911838161843,0
0,0.8395746642246644,0
1,0.86297764041514,1
0,0.8673954101454103,0
1,0.7488198773448778,1
1,0.7297094516594516,1
0,0.6629268675768674,0
1,0.7684098984348986,1
1,0.8619048174048181,1
1,0.8041093323343326,1
1,0.6996240067122417,1
0,0.8156989538239535,0
1,0.8945807900432896,1
0,0.8356568542568542,0
1,0.8725113025863023,1
1,0.9285056998557,1
0,0.6978161796536797,0
1,0.8258768523143524,1
0,0.7852349289599282,0
0,0.8306319014319014,0
0,0.83531312021312,0
0,0.8571727314352311,0
0,0.8345461427461429,0
1,0.873592693254458,1
1,0.808058053058053,1
0,0.9081005452880455,0
1,0.9080968475968476,1
0,0.7650660228660233,0
0,0.9089505036630038,0
1,0.8783875319125315,1
0,0.7667353979353981,0
0,0.7148238927738927,0
1,0.9605799089799089,1
0,0.7409116452991451,0
1,0.8559195304695302,1
0,0.837270395862308,0
1,0.871070876345876,1
1,0.7061690194609309,1
0,0.7673392964062091,0
0,0.7740109196359196,0
0,0.8363194486069487,0
1,0.8924318792318793,1
1,0.774430047730048,1
1,0.8965910755910751,1
0,0.9210120990120989,0
1,0.7880789960039961,1
0,0.8982718309468308,0
1,0.8744396270396269,1
0,0.9213593864468863,0
1,0.7263057178932181,1
1,0.7593385087135082,1
0,0.9501618853368854,0
1,0.8658858946608946,1
0,0.7644446877254153,0
1,0.7895678835053835,1
1,0.8807116755793227,1
1,0.8279883380508385,1
1,0.8254397297147299,1
0,0.8037404817404821,0
1,0.7589751221001224,1
0,0.8388532523032523,0
0,0.9737590964590963,0
0,0.8732897949272951,0
0,0.9130683288933288,0
1,0.9134087440337443,1
1,0.8677897075147081,1
0,0.8681045912420912,0
0,0.6723494543038661,0
0,0.7776959013209014,0
0,0.7690796411921412,0
1,0.7778420274170273,1
0,0.7526952123040358,0
0,0.6232899133760973,0
0,0.6321507342330871,0
0,0.8823144327894329,0
0,0.664189095626596,0
0,0.8544557636807637,0
0,0.9026510822510823,0
1,0.8700749777999778,1
1,0.8348131735911148,1
1,0.8310570901320896,1
0,0.8214384246472481,0
1,0.845426875901876,1
1,0.7766572344322346,1
0,0.9449869658119656,0
0,0.8539954975579976,0
0,0.8528896603396604,0
1,0.966680833055833,1
1,0.8626201964701966,1
0,0.794656000535412,0
0,0.8409297979797983,0
1,0.8612840576090581,1
1,0.810582631257631,1
1,0.7919618853368853,1
0,0.8254439282939281,0
1,0.857891865079365,1
0,0.8180717282717281,0
1,0.7884700133200138,1
1,0.8604332542457542,1
0,0.7189587118763587,0
1,0.8315118513022921,1
0,0.7501524697524699,0
0,0.9063735264735265,0
1,0.7265449605949608,1
1,0.9602698384948383,1
0,0.8903473318348318,0
0,0.8873644452769449,0
0,0.8698220057720053,0
0,0.890283344433345,0
0,0.7728579032079039,0
0,0.8188071567321569,0
1,0.7916508505383506,1
0,0.8790993173493176,0
0,0.6065041985791984,0
0,0.8395809523809521,0
1,0.7017352869352872,1
0,0.8037178377178372,0
0,0.809286494061494,0
0,0.8323415667665667,0
0,0.8627631562881568,0
1,0.8092819125319127,1
0,0.7393535797535796,0
1,0.8488294982794983,1
0,0.7629539662951429,0
0,0.9561081279831277,0
0,0.8484120601620602,0
0,0.9246279109779111,0
0,0.8178824980574979,0
1,0.8768328449328444,1
1,0.8700729367854368,1
1,0.8949715478965476,1
0,0.8448809829059831,0
0,0.6371413114663114,0
0,0.8814265873015874,0
1,0.7983120532245532,1
1,0.830548831723832,1
1,0.7906817496229258,1
0,0.7306539210789209,0
1,0.8839348068598069,1
1,0.8975412185037186,1
1,0.8589109265734265,1
1,0.7981133325008324,1
0,0.8184101204351208,0
0,0.7640124010793127,0
0,0.8397979964479965,0
1,0.6230109224109226,1
0,0.9014598013098011,0
1,0.607616185203685,1
0,0.9162816294816295,0
0,0.8676093184593188,0
0,0.8814831557331557,0
1,0.8097231449106449,1
1,0.8246987040737035,1
0,0.7584804154179148,0
0,0.809269566544566,0
1,0.7876627816627819,1
0,0.7982627414252413,0
0,0.9324344110138226,0
0,0.8578412282162285,0
0,0.7694951235039471,0
1,0.8113515262515264,1
0,0.9031137573211098,0
0,0.7334044909339034,0
1,0.7785753704628706,1
0,0.858287937062937,0
0,0.7559898282273283,0
0,0.8097510489510484,0
0,0.8755756660006663,0
1,0.8426038822288822,1
1,0.8387034498181555,1
1,0.7323683122433117,1
1,0.769883294483294,1
1,0.7438026001776001,1
0,0.8009227535536362,0
0,0.8614779137529137,0
1,0.8945158841158839,1
1,0.901685497835498,1
0,0.7535751262626262,0
0,0.9932662337662338,0
0,0.7303918988691043,0
0,0.901795995670996,0
0,0.8833032717282719,0
1,0.8380781912531913,1
0,0.8753867327117326,0
1,0.837132178932179,1
1,0.8626566738816741,1
1,0.7946043196999086,1
0,0.8017527528027523,0
0,0.6860415182040176,0
1,0.8272045843045845,1
0,0.6819471361971368,0
1,0.7575622793872793,1
0,0.8476717476967479,0
1,0.804111935286935,1
0,0.9423036435786434,0
0,0.9142037934287935,0
0,0.8559682825172762,0
1,0.8682972222222218,1
1,0.8494344405594406,1
1,0.8660211205461205,1
0,0.9202003857253854,0
0,0.8921639055389053,0
1,0.7932275946275947,1
0,0.9233324203574205,0
0,0.832318363172775,0
1,0.8659956384259017,1
1,0.7680947187315612,1
1,0.8571388833388832,1
1,0.9031498695748694,1
1,0.8070753857253855,1
1,0.7687716616716613,1
1,0.8116424186924192,1
1,0.804554800754801,1
1,0.8277279219146865,1
1,0.9344178932178931,1
0,0.9624809523809522,0
0,0.7453173187923188,0
1,0.770047757797757,1
1,0.924989559052059,1
0,0.869085556110556,0
1,0.806049608724609,1
1,0.8108517413142416,1
1,0.8512789617245499,1
0,0.7336484043734037,0
1,0.7853692696192698,1
0,0.7554256929345168,0
0,0.7445407425907428,0
1,0.8222148998060765,1
0,0.7639178515928519,0
0,0.7457122044622045,0
0,0.6366446979491096,0
1,0.9154847707847703,1
1,0.9065884407259406,1
1,0.9180995310245309,1
1,0.8232605126899242,1
0,0.8133056943056942,0
1,0.7915315767565767,1
1,0.8190474414474415,1
1,0.8998407610363491,1
0,0.8972625235875232,0
0,0.8732387473637474,0
0,0.9653977994227997,0
1,0.8211907758907758,1
0,0.810886878807467,0
1,0.816838073038073,1
0,0.8110599880511647,0
1,0.753083850055174,1
0,0.9223212731712732,0
1,0.76846201992452,1
0,0.8343324037074034,0
1,0.849327161727162,1
1,0.7537305083805087,1
0,0.6826002164502161,0
1,0.8313476440226439,1
0,0.8953007584520741,0
0,0.9160611582861582,0
1,0.8585819735819731,1
0,0.7749678432678436,0
0,0.8409456626706628,0
1,0.8832097374847371,1
0,0.7584337821535186,0
1,0.8686707209457206,1
0,0.8546804670819378,0
0,0.8800368215118222,0
0,0.8838871323121327,0
1,0.8017790875790874,1
1,0.8286322150072151,1
0,0.7825241674991674,0
0,0.9482947469197474,0
1,0.894476734376735,1
0,0.7660439213564216,0
1,0.8854974275724281,1
0,0.7201146353646354,0
1,0.8312125069375074,1
1,0.8292984709734706,1
1,0.8886724802974801,1
1,0.8116835608835603,1
0,0.8626371420246425,0
1,0.8160173659673661,1
1,0.7007022487316608,1
1,0.8809886405261405,1
1,0.8363901612276606,1
0,0.7742510981665393,0
0,0.8203859917859916,0
0,0.7199285145410148,0
1,0.7875093489843485,1
1,0.8553736471861474,1
0,0.9292063131313124,0
1,0.8010111333111333,1
1,0.819624478299478,1
0,0.8397117438117435,0
1,0.7296888084138087,1
0,0.8754507104007107,0
1,0.8286604784104782,1
1,0.883755586080586,1
0,0.8143631211925332,0
0,0.7899885558885555,0
0,0.8544979936729934,0
1,0.8286413984708105,1
1,0.7522298243423248,1
0,0.768088031413032,0
1,0.7836487373737375,1
1,0.8723455239205243,1
0,0.6991977799977803,0
0,0.7303450244200248,0
0,0.8707284465534462,0
1,0.8305066988566991,1
0,0.8118565739815738,0
0,0.6993622909769969,0
0,0.7790387001887001,0
1,0.8739636668886669,1
1,0.8316359723609723,1
0,0.7960763486513486,0
1,0.5999939144189143,1
1,0.7584524420024417,1
1,0.6078680125430128,1
0,0.6932232128982129,0
1,0.7813008297258294,1
1,0.8113419080919079,1
1,0.8088711177711176,1
1,0.7625824661449664,1
0,0.8168205586080587,0
1,0.8203551254301255,1
0,0.9067392940392938,0
1,0.8292071688115803,1
1,0.8035445138195144,1
1,0.6805456335331335,1
1,0.9095863136863133,1
0,0.9280998538011698,0
0,0.8680905955155959,0
1,0.8912755605505608,1
1,0.7583971718640836,1
0,0.7682674750086519,0
0,0.935199456099456,0
1,0.8071392202568672,1
0,0.7548286915698674,0
1,0.8282099733599735,1
1,0.9194799256299259,1
1,0.8789580586080583,1
1,0.9320162809412808,1
0,0.7800084415584416,0
1,0.9588578643578646,1
1,0.809359412809413,1
0,0.8858020368520366,0
0,0.7838315059940064,0
0,0.9457707570207573,0
0,0.7921731795981791,0
0,0.8478684995559994,0
0,0.7978732350982358,0
0,0.7860719448851798,0
0,0.6958486790986796,0
1,0.8518909132534134,1
0,0.8430009879009879,0
1,0.8237414113664119,1
1,0.6758295177045173,1
1,0.7547570458952806,1
0,0.8047391941391939,0
0,0.7465265151515154,0
1,0.826440465090465,1
1,0.7867870448995449,1
0,0.9476558413808416,0
0,0.8836675047175048,0
0,0.8466566100566099,0
0,0.935186113886114,0
0,0.8265682345432345,0
1,0.7421854266648383,1
1,0.9187949938949939,1
1,0.8783186008436008,1
1,0.8847038711288706,1
0,0.7774412018537021,0
1,0.7637001527883881,1
1,0.7952045343545344,1
0,0.7821373315410081,0
0,0.8247474664224661,0
0,0.6555827811077812,0
1,0.8785490037740035,1
1,0.8200950466200464,1
0,0.7763237817737818,0
0,0.7784095085470083,0
1,0.8915275476157829,1
1,0.8644913780663779,1
1,0.887602788877789,1
1,0.6987018055473938,1
0,0.7501097374847379,0
0,0.8883232905982907,0
1,0.8314057886557886,1
0,0.8708268027723909,0
1,0.862385137085137,1
0,0.8531461250737568,0
0,0.7924169982794982,0
0,0.8390021769896769,0
1,0.8669853488616645,1
1,0.8822852480852482,1
1,0.8922229797979794,1
0,0.844930772005772,0
0,0.8331478743478743,0
1,0.8239933483183483,1
1,0.8656953379953379,1
1,0.7798611027861024,1
1,0.7871786574536577,1
1,0.8215536685536685,1
0,0.881133330558331,0
0,0.860081114718615,0
1,0.7492563658563657,1
0,0.9686786075036072,0
0,0.7539035589410585,0
1,0.8407182539682541,1
1,0.7288333148877266,1
0,0.8387533272283272,0
1,0.8384396242646242,1
0,0.8830438838938836,0
1,0.7534904925140222,1
1,0.8188381673881672,1
1,0.8383242628286739,1
0,0.896966872016872,0
0,0.7182030386280384,0
0,0.9049859307359306,0
1,0.8842333916083917,1
0,0.8782870851370849,0
0,0.8780976911976914,0
0,0.8514027475018959,0
1,0.8130321234321236,1
1,0.8676692904317902,1
0,0.8679881451881449,0
1,0.7579698856698858,1
1,0.7200205405705401,1
0,0.8949279248529247,0
1,0.8590227605727603,1
1,0.879859552947053,1
1,0.8408216894216894,1
1,0.9722867604617605,1
0,0.817107937895438,0
1,0.8651654706404709,1
1,0.8133803030303032,1
1,0.8969669839963959,1
0,0.8502396686646693,0
1,0.8060536435786436,1
0,0.771197360972361,0
0,0.8669314935064937,0
0,0.6622922313797314,0
0,0.8327257159507159,0
1,0.8447624525801,1
1,0.7225128676878676,1
0,0.893912146187146,0
0,0.8339876984126986,0
1,0.881333569208569,1
0,0.9121412337662339,0
1,0.8541260850260848,1
1,0.9313558691308694,1
1,0.8320404276279277,1
1,0.8973009351759351,1
1,0.7993640730184846,1
1,0.7722693944943946,1
1,0.8275490166696048,1
0,0.9524554847929847,0
0,0.8549879323291089,0
0,0.6898859459984463,0
0,0.8869548534798539,0
1,0.8952590243090246,1
0,0.8706655316905316,0
0,0.9109832029082029,0
1,0.9143148351648351,1
1,0.7709783175158172,1
1,0.7535082861582858,1
0,0.7008881812631811,0
0,0.9468816350316351,0
0,0.837615750915751,0
0,0.8125506400462282,0
0,0.9002301273889509,0
1,0.9415416805416807,1
0,0.8733895437895435,0
1,0.8289823551448554,1
1,0.8782560689310688,1
1,0.8270433705183703,1
0,0.7674416828269771,0
1,0.8862436757686755,1
0,0.9180661782661783,0
0,0.8889004986843221,0
0,0.8971392635142639,0
0,0.7829115717615717,0
1,0.7697167970917974,1
1,0.8125420412920414,1
1,0.8351524919524917,1
0,0.6621966866466867,0
0,0.884176898101898,0
1,0.8076456820956819,1
0,0.9163574592074591,0
0,0.7144144605394607,0
0,0.6867014679764679,0
0,0.7890715627509745,0
1,0.89492282994783,1
0,0.8567187243312243,0
1,0.8388133644133637,1
1,0.7688329578316421,1
1,0.8916194212650094,1
0,0.7561101204351205,0
0,0.9027626474832358,0
1,0.8308924547674545,1
0,0.742125413067324,0
0,0.8324186535686531,0
0,0.7680013708513709,0
0,0.8617381590631588,0
1,0.8788516844266842,1
1,0.8198021236932999,1
0,0.7811258089949263,0
0,0.8654074064824064,0
0,0.8267990648240643,0
1,0.8390762376512373,1
0,0.7341117798867796,0
1,0.8245290834165833,1
1,0.7031977494727489,1
0,0.8868746780996781,0
0,0.8464773559773561,0
1,0.8121670135420134,1
0,0.7720749084249084,0
0,0.8660782911532913,0
1,0.840935522810523,1
1,0.8585672799422798,1
0,0.8540676184926188,0
1,0.8251965007215003,1
0,0.7919521686646682,0
0,0.7629390137640137,0
0,0.7671441336441337,0
0,0.8680208943833944,0
0,0.8621000055500052,0
1,0.8003994856450736,1
0,0.7495503801753803,0
1,0.8619539682539679,1
1,0.838871767121767,1
0,0.8681081696081695,0
0,0.8474327450327447,0
1,0.8211949161949157,1
1,0.8663955960705959,1
0,0.9749698773448775,0
0,0.8813098319808843,0
0,0.8707871101121101,0
0,0.9136353674103674,0
1,0.7981571872571874,1
1,0.771350532800533,1
0,0.9456610278610279,0
0,0.8144553862803865,0
1,0.8559305999556,1
0,0.6904606837606838,0
0,0.8031665778665781,0
0,0.8414737026862024,0
1,0.849458921633922,1
1,0.7971141192141191,1
0,0.8554161708174862,0
1,0.7366414113664121,1
0,0.8106171231546235,0
0,0.9408504967254969,0
0,0.7717746642246638,0
1,0.8408002636252638,1
0,0.7862866106116104,0
0,0.852135184260184,0
1,0.8103151693078163,1
0,0.9822337301587303,0
1,0.7839777777777778,1
1,0.8501686577311582,1
1,0.7189879777085658,1
1,0.7887162864912864,1
1,0.8143930846930849,1
0,0.9451130591630594,0
1,0.8881389600595483,1
0,0.9160545981795983,0
0,0.8879766955266951,0
0,0.8217455856235272,0
0,0.8824542429792429,0
1,0.9115881729381726,1
1,0.8570795221118749,1
0,0.8882245920745917,0
1,0.8456482656232652,1
1,0.8370590992340989,1
1,0.7846876484626479,1
0,0.6524509587634586,0
1,0.8258163142413136,1
1,0.8131984321234318,1
0,0.704118117993118,0
1,0.6578775252525251,1
1,0.6502011527687999,1
1,0.7878137834387834,1
1,0.7635363788988788,1
1,0.8726348013098015,1
1,0.7073544830169832,1
0,0.7363116189366189,0
0,0.709910221722722,0
1,0.8958399822399822,1
0,0.783096045702663,0
1,0.7999812049062051,1
0,0.9352450854700853,0
1,0.8514846375846371,1
1,0.8831415168165168,1
0,0.8979194777444778,0
1,0.7442172789628674,1
1,0.9780996031746032,1
1,0.7506985356147119,1
1,0.8061398268398271,1
0,0.8026806221556219,0
0,0.906950713175713,0
1,0.83881008991009,1
0,0.8440824092574088,0
1,0.857035880785881,1
1,0.8486357198357198,1
1,0.8338051753801754,1
1,0.7427511100011098,1
1,0.8681097735597735,1
1,0.6940700008325006,1
0,0.7705757641051758,0
0,0.760306232248144,0
0,0.847686815961816,0
0,0.8120098669304551,0
0,0.7634725635475634,0
0,0.815510148185148,0
1,0.8375539960039959,1
0,0.5569264541014541,0
1,0.8937823565323565,1
1,0.8055041625041629,1
1,0.863271728271728,1
0,0.8663676379176378,0
0,0.8358638611388609,0
1,0.7442893963063074,1
0,0.8049803807303811,0
0,0.8522750222000225,0
0,0.7535227022977021,0
1,0.8346394605394601,1
0,0.6921097152847154,0
0,0.8719002849489692,0
1,0.7401190577396461,1
0,0.7879925407925407,0
1,0.8544602688977684,1
0,0.9542751461988307,0
0,0.9168800616050614,0
0,0.8515586358086354,0
1,0.754717568542569,1
0,0.9694210858585856,0
0,0.8009628663003662,0
0,0.8319437201687204,0
1,0.8309926101676105,1
0,0.7972862193362192,0
0,0.8627827017753485,0
1,0.9246634393384398,1
1,0.7549421411921411,1
1,0.8470289765789767,1
0,0.6912517686561805,0
0,0.9049330336330338,0
0,0.7744064144189141,0
1,0.7823058885558882,1
0,0.6910803169053169,0
1,0.6819870565708801,1
1,0.8534283050283051,1
0,0.7641758144633146,0
0,0.8736015207015203,0
1,0.8405830555065851,1
0,0.8122359410197647,0
1,0.8098598484848487,1
1,0.7334518509268508,1
0,0.6782181088519325,0
0,0.8056659590409586,0
0,0.9508201964701963,0
1,0.9082903929403925,1
1,0.902565329115329,1
1,0.8750711788211786,1
0,0.8097570845820845,0
0,0.7408714257964256,0
0,0.7335457736707741,0
0,0.9111466089466089,0
1,0.85244768009768,1
0,0.8880347180597177,0
0,0.8785948315573319,0
0,0.6916859390609387,0
0,0.849123568098568,0
0,0.7991397945192062,0
0,0.9483987734487733,0
1,0.838245448995449,1
1,0.8596208624708627,1
1,0.8078219183594184,1
0,0.816841485475309,0
0,0.6465503427128423,0
1,0.8485109418359422,1
0,0.8490803751803752,0
1,0.8067576072620191,1
0,0.8460442501942501,0
0,0.8396218307835954,0
0,0.8409527833277834,0
0,0.9056534576534577,0
1,0.846964219114219,1
1,0.7387516344766343,1
1,0.8329913558663556,1
1,0.8418110518566401,1
1,0.7558555999556,1
1,0.8187036255411247,1
0,0.7093803418803419,0
1,0.7970659237004821,1
0,0.8796994103119103,0
0,0.9756527417027419,0
1,0.850972542735043,1
0,0.8998074703074704,0
1,0.7348986999112,1
0,0.8602181096681092,0
1,0.7031777694527691,1
0,0.6901708291708293,0
0,0.8044226967476968,0
0,0.9020372904872903,0
1,0.8392732101232102,1
1,0.8294865259740255,1
0,0.7462708041958036,0
0,0.9177156056361941,0
0,0.7904875999000999,0
1,0.8423510961260957,1
0,0.8228717130092129,0
0,0.9146473318348319,0
1,0.8043032162282162,1
1,0.9421511599511602,1
0,0.9141584776334777,0
1,0.7704171966921971,1
1,0.7279085664335667,1
0,0.7613543408389001,0
1,0.8547312279224045,1
0,0.880153632478633,0
0,0.9061813464313468,0
1,0.8007934468309468,1
1,0.6999151626151627,1
0,0.7844801573426573,0
1,0.7531114205239207,1
0,0.857283276445776,0
1,0.7116600982350986,1
0,0.8272494949494954,0
0,0.9435166444666446,0
0,0.818391420670832,0
1,0.7176601578976581,1
0,0.8018465340215338,0
1,0.8230259268509268,1
1,0.7611688367188366,1
1,0.9141247252747251,1
1,0.7845808151815501,1
0,0.7746424071843188,0
0,0.9041389971139978,0
1,0.8265774313921374,1
0,0.8111541236541238,0
0,0.89555444000444,0
0,0.7335815143190144,0
1,0.5908558150183153,1
0,0.7633830225330223,0
0,0.7439497002997006,0
0,0.7811432400932402,0
0,0.8484031274281277,0
1,0.7961901320901316,1
1,0.8077381479631477,1
0,0.8689120407370404,0
0,0.7830966047841045,0
0,0.8784288211788209,0
0,0.8898817848817844,0
0,0.7557034410034412,0
1,0.7486035395160402,1
1,0.8079443205487323,1
1,0.6254235181485179,1
1,0.8099152597402596,1
0,0.7510827200577199,0
1,0.8789965534465535,1
0,0.7501598137973137,0
1,0.8125050033300026,1
0,0.8884176434676437,0
0,0.7656701465201463,0
1,0.8146276334776339,1
0,0.9034459124209123,0
0,0.7283382450882451,0
0,0.9314311688311686,0
0,0.9010540182040182,0
1,0.857439249639249,1
0,0.777773090798091,0
0,0.8957763042513042,0
0,0.8200200482524013,0
0,0.7465578088578089,0
0,0.7504854381729381,0
1,0.9784527167277168,1
1,0.9145268897768899,1
0,0.9350143106893105,0
1,0.8102520285270285,1
1,0.7997550953948013,1
0,0.9258612656349503,0
1,0.7816770590520594,1
0,0.9262217689173572,0
1,0.8030290538408956,1
1,0.9117787351537352,1
0,0.8761541860916863,0
1,0.7476375051419172,1
0,0.856199365911866,0
0,0.7192225274725275,0
0,0.9125218670218672,0
0,0.7948474164724173,0
0,0.8259977661227664,0
0,0.8620631202131204,0
1,0.9263938561438564,1
1,0.5865490648240652,1
0,0.8552819347319351,0
1,0.8635537684537684,1
0,0.8073282634032634,0
1,0.8096407172076286,1
0,0.8527173715173718,0
0,0.6752111666111669,0
0,0.9810633727383726,0
1,0.8099306610056612,1
1,0.9214517038517038,1
1,0.8399564407814407,1
1,0.854584115884116,1
0,0.8665544871794871,0
1,0.9210534784659784,1
0,0.9628537351537348,0
0,0.9204258574758575,0
0,0.9421941558441558,0
1,0.8921852453102453,1
1,0.9029045593295594,1
0,0.9672156593406592,0
0,0.87181978021978,0
1,0.9076809884559888,1
0,0.7974672660672665,0
1,0.8183436577311578,1
1,0.7389746142746139,1
1,0.9356952325452328,1
1,0.9047121989121988,1
0,0.7832906218781224,0
1,0.8881846903096903,1
0,0.876464966977467,0
0,0.9672500610500612,0
0,0.8080885420135417,0
1,0.6818608377733375,1
1,0.8232092823842827,1
1,0.9160435522810525,1
0,0.8372246061944594,0
0,0.8538515706515704,0
1,0.8151957320457323,1
0,0.9435179598179596,0
1,0.8560871545121547,1
1,0.6978530608280608,1
1,0.9051135281385282,1
1,0.8352375430125435,1
1,0.8563318181818174,1
1,0.8800800768675766,1
0,0.8156450703708058,0
1,0.8215369612413729,1
1,0.8168003264709147,1
1,0.9469967171717172,1
1,0.6608383227883228,1
0,0.8105652264402259,0
0,0.882398445998446,0
0,0.901709335109335,0
1,0.8010824865493983,1
1,0.8785985680985683,1
1,0.644959484959485,1
0,0.7507913419913422,0
0,0.7613217875261992,0
0,0.7411282820121053,0
1,0.7725582348207347,1
1,0.8251113025863027,1
1,0.9234716991341989,1
0,0.8179324926707278,0
1,0.7443434305890184,1
0,0.8280550185925183,0
0,0.9047481712731715,0
0,0.7576842241092244,0
1,0.760646235197551,1
1,0.8889854118104112,1
0,0.8766522477522476,0
0,0.8013146809073279,0
0,0.7955250657237497,0
0,0.8688020521145519,0
0,0.7758090506715508,0
0,0.7240321035990156,0
1,0.7961436174936177,1
1,0.7391601343101343,1
0,0.6675471709662884,0
0,0.8818941697191693,0
1,0.8142727106227108,1
0,0.8896206876456884,0
1,0.8223825174825176,1
1,0.7066727730602734,1
1,0.898653166278166,1
1,0.9794059523809525,1
0,0.8967372183372184,0
1,0.9379507936507938,1
0,0.8482027454571576,0
0,0.8111723193473193,0
0,0.8192289599289598,0
1,0.782355036630037,1
0,0.7643388472638472,0
1,0.7655306969174621,1
0,0.7212847150398621,0
0,0.9371212620712618,0
0,0.8168327658452653,0
0,0.8283202984107396,0
0,0.9260054566348689,0
0,0.888738633588633,0
1,0.9375759712509714,1
1,0.7857813573681222,1
0,0.8528785964035963,0
1,0.9101647935397934,1
0,0.7654434149184146,0
1,0.902764946164946,1
0,0.7348806009350127,0
1,0.7683050021873548,1
0,0.6256689829176674,0
0,0.8962025974025972,0
1,0.9292143939393936,1
1,0.7560877927627929,1
1,0.7966774594686361,1
1,0.8673492396492397,1
0,0.8986500943500946,0
0,0.8017136696636694,0
1,0.9166745740370742,1
0,0.731911008436008,0
0,0.8224549918219035,0
0,0.8556210816960821,0
0,0.8108857725607722,0
1,0.7735761460761456,1
0,0.9903792929292929,0
0,0.7622953028997149,0
1,0.9435053640803641,1
1,0.8305917887667884,1
0,0.7564319361194363,0
0,0.9519111555111555,0
1,0.7522482564820805,1
0,0.8840843045843049,0
0,0.6359804112554109,0
0,0.7832735930735933,0
1,0.7839402874902877,1
1,0.8232882159507164,1
1,0.6032719301939883,1
1,0.797427082068258,1
1,0.9094302142302142,1
1,0.7981881295175414,1
0,0.8276725288600291,0
0,0.8916907758907754,0
0,0.9200521117771117,0
1,0.7149999250749246,1
1,0.6999990495615496,1
1,0.9037871545121542,1
1,0.8307061161061159,1
0,0.7601580405705403,0
1,0.8780619991119993,1
0,0.7318230935730939,0
0,0.723495856920857,0
1,0.8099336945734003,1
0,0.802227482239982,0
0,0.897091561216561,0
1,0.938601251363016,1
0,0.7904028920640761,0
1,0.8580298063048065,1
1,0.7174208541458541,1
1,0.7151709928959934,1
1,0.8142463134088135,1
0,0.690503203332615,0
0,0.8019437049062049,0
0,0.7859043623043626,0
0,0.808351368076368,0
1,0.7780463453213449,1
1,0.7039088134088138,1
1,0.8239100205350204,1
0,0.7832245115995119,0
1,0.8049026209901212,1
1,0.834515298590298,1
0,0.6258105255855253,0
1,0.8983911075036074,1
1,0.7103272533022537,1
0,0.8363162365412365,0
0,0.8257887945387948,0
0,0.9417020118770121,0
1,0.7404986679986676,1
1,0.8554556471306473,1
0,0.8547909590409589,0
1,0.7457725524475527,1
0,0.8888754939504943,0
0,0.7814234487734487,0
0,0.7875600899100892,0
1,0.9302767787767786,1
0,0.8705217060717055,0
1,0.8515962731712732,1
1,0.8009497920380277,1
0,0.789871365480924,0
0,0.8302097652347653,0
0,0.899731691919192,0
1,0.8507951340326341,1
0,0.7994359491815375,0
1,0.8191884254634254,1
0,0.8280133644133644,0
1,0.7518622248666368,1
0,0.9080495088245089,0
1,0.9122659229659231,1
1,0.8150835428460427,1
1,0.7218128103922223,1
0,0.8617397574647571,0
1,0.863978984903985,1
0,0.6775835554967906,0
0,0.8341469946719943,0
1,0.8747981601731601,1
1,0.7883022061272068,1
0,0.8686228993228995,0
1,0.7879072718947722,1
0,0.8105778887778889,0
1,0.8173706321456317,1
1,0.7522718031968033,1
1,0.8169832815876933,1
0,0.769683075258075,0
0,0.8707365356865354,0
0,0.8349175616050618,0
1,0.6501534346372578,1
1,0.7612234931734932,1
0,0.9179133503751151,0
0,0.812797355422356,0
0,0.9070782842157838,0
1,0.8895159673659675,1
1,0.6748788693332808,1
0,0.7970384892884891,0
1,0.780991305916306,1
0,0.9195785631035628,0
0,0.8512008352758359,0
0,0.8415649267399263,0
0,0.839111101398601,0
1,0.8429042429792433,1
0,0.9818869047619048,0
1,0.793718607781107,1
1,0.8581480047730043,1
1,0.6410983030858032,1
0,0.9272919469419466,0
0,0.9628235347985347,0
0,0.8701276372320489,0
0,0.8670719252969252,0
1,0.7945469599844595,1
0,0.7342818126318128,0
0,0.8098380896880899,0
0,0.7804364508040976,0
1,0.9100858807858808,1
0,0.7470453615828612,0
0,0.9056412948162949,0
1,0.8039560976605094,1
0,0.8361995670995672,0
1,0.5276314435564434,1
1,0.8691764346764347,1
0,0.8030736679986678,0
1,0.8452970751470748,1
0,0.8637430264180267,0
1,0.8496608613608614,1
0,0.8943758338883337,0
0,0.9129805472305474,0
1,0.8243568487068486,1
1,0.8703339299589303,1
1,0.7616562950937946,1
0,0.6271099794813026,0
1,0.720993481518482,1
0,0.9041027888777889,0
1,0.8272958180708176,1
1,0.6223446209835914,1
1,0.9195979797979799,1
1,0.6762973054723056,1
0,0.8796122849372848,0
0,0.8650933427683425,0
0,0.8318779193029194,0
0,0.978232178932179,0
0,0.9432542388167391,0
1,0.9125427933177935,1
1,0.934759249084249,1
0,0.7838677697302696,0
1,0.7737358696858694,1
1,0.8914417207792202,1
1,0.8475978549228549,1
0,0.9184259740259741,0
0,0.764141519591519,0
1,0.734666322566322,1
0,0.8640778638028634,0
0,0.7545131285381285,0
1,0.798739932289932,1
0,0.617799059274059,0
0,0.796667388167388,0
1,0.8157852203352198,1
1,0.8370787962037964,1
0,0.7371395086939204,0
1,0.8009835414585413,1
1,0.7280427877677876,1
1,0.8222924278937441,1
1,0.9067967651629417,1
1,0.8236326687201688,1
0,0.8789808211396448,0
1,0.9099101565101565,1
1,0.8174025252525253,1
1,0.7105511613386611,1
1,0.758477682040182,1
0,0.8352060606060604,0
1,0.7802934593184593,1
0,0.9283375790875791,0
0,0.7982261649298412,0
0,0.6506487581862587,0
0,0.8426843101343101,0
1,0.8177581446331449,1
1,0.8731864718614717,1
1,0.8347529609279608,1
1,0.814880774780775,1
0,0.8369527343571462,0
0,0.7429490287490282,0
0,0.8772107503607498,0
1,0.9232880994005993,1
1,0.9151840881340882,1
0,0.8228034299034301,0
0,0.7250997280497278,0
0,0.8809579836829835,0
0,0.8673205988455992,0
1,0.8563405871905871,1
0,0.9028173063048065,0
0,0.9624996531246531,0
0,0.6919096681096683,0
0,0.8212133338883336,0
1,0.7506643642906801,1
0,0.8740078227328228,0
0,0.9439299783549785,0
1,0.8984356227106226,1
1,0.6531555416805416,1
0,0.8457298742923743,0
1,0.892914568764569,1
0,0.9077745199245197,0
0,0.8742644910644907,0
1,0.9360400072150071,1
1,0.8079633366633366,1
1,0.8363604849398968,1
1,0.7416267843267841,1
1,0.777311402486403,1
1,0.7008189171939173,1
0,0.8246390387390379,0
0,0.9000222249972248,0
1,0.8080175546675545,1
0,0.8896002386502385,0
1,0.9019004467754468,1
0,0.776658533133533,0
1,0.8114823842823844,1
0,0.668672516372516,0
0,0.9198955627705628,0
1,0.8507303751803754,1
0,0.8178631701631698,0
0,0.8869214341214339,0
1,0.8065198866492984,1
0,0.8259634548458072,0
1,0.7189585927960928,1
1,0.8792691391941387,1
0,0.8245310717060716,0
1,0.8878343184593186,1
1,0.8503331723831723,1
1,0.7274535631035629,1
0,0.8806755522255526,0
0,0.7888827672327675,0
1,0.9249939782439782,1
0,0.8735217809967809,0
0,0.8715931540681542,0
0,0.6614080086580089,0
1,0.8788123418248414,1
0,0.8768893648018645,0
1,0.7318925463425457,1
1,0.8774604367854365,1
0,0.7702820512820511,0
0,0.9458544011544013,0
0,0.7418083166833171,0
1,0.7759858336108334,1
0,0.8555747197247199,0
1,0.8361565961815963,1
1,0.7253572234954594,1
0,0.8628217809967815,0
0,0.80422046009546,0
0,0.8771319347319347,0
1,0.7675077256077253,1
1,0.7357929972804973,1
1,0.7227499944499943,1
0,0.8079680311518546,0
0,0.9729746031746033,0
1,0.790254623154623,1
0,0.7025473564017679,0
1,0.7990810342435342,1
1,0.8475766317016314,1
1,0.7442443566667251,1
0,0.6813783577533581,0
0,0.6907638417138412,0
1,0.9110183732933732,1
1,0.9351506854256855,1
0,0.7721174258747787,0
0,0.6218489274614275,0
1,0.7801443292818291,1
0,0.8656224972739676,0
0,0.8357163350538348,0
1,0.7964609848484847,1
0,0.7935076461120576,0
0,0.819521497946498,0
0,0.854268942168942,0
0,0.9585115828615826,0
0,0.9113280479324598,0
0,0.8667740329115325,0
0,0.6886174353424355,0
0,0.812342288267288,0
0,0.8835912504162506,0
1,0.7533599303474304,1
0,0.8304803474303478,0
0,0.757628929403929,0
1,0.8862366050616052,1
1,0.7130611749361754,1
0,0.8381905483405484,0
1,0.8549412226662225,1
1,0.7627086607836607,1
1,0.7637111346986346,1
1,0.778680568043068,1
0,0.7574759934509936,0
1,0.7158636484430602,1
0,0.9417325036075034,0
0,0.8429535603285603,0
1,0.9642309246309245,1
1,0.8827881827323009,1
1,0.9583723554223554,1
1,0.9158571040071039,1
0,0.8210281274281273,0
1,0.8130855533355534,1
0,0.8970502691752691,0
0,0.8213826895326896,0
0,0.9037425727050727,0
1,0.9298417859917856,1
1,0.8102836191586196,1
1,0.7332051864801866,1
0,0.8336130702630701,0
0,0.7930958874458878,0
0,0.851520743145743,0
1,0.8803796509046511,1
1,0.8352510794760796,1
1,0.787865596903097,1
1,0.8394901764901764,1
0,0.8420723665223673,0
1,0.9318648157398155,1
1,0.893533466533466,1
0,0.8492625013875017,0
0,0.5992333610833611,0
0,0.9176152847152848,0
1,0.7388973956598955,1
0,0.8265951243201246,0
1,0.8243270646020647,1
0,0.8272271936396941,0
0,0.8814861915861916,0
1,0.9119643911643919,1
0,0.7598661505161505,0
1,0.7041239975710564,1
1,0.7584698866492985,1
1,0.8330349234099234,1
1,0.7052460345210344,1
0,0.9136726800976797,0
1,0.8250413239538245,1
0,0.7919215201465201,0
1,0.8560800727050728,1
1,0.7351416763791762,1
1,0.8137486291486289,1
1,0.8307400210900207,1
1,0.8574048831285671,1
1,0.8959977994227993,1
0,0.8144543595293594,0
1,0.7955168553668555,1
0,0.7359775340457614,0
1,0.7728953657453655,1
1,0.8209477772227773,1
0,0.8336855755355753,0
0,0.8601678432678435,0
1,0.857621153846154,1
1,0.778004692529692,1
1,0.8396021506271504,1
0,0.8366035603285602,0
0,0.8979036047286045,0
1,0.8112417748917752,1
1,0.8619960983460981,1
1,0.8241401917526918,1
1,0.7771265982383629,1
0,0.9222179625929622,0
1,0.9173962010212007,1
0,0.9081545537795537,0
0,0.751717657342658,0
1,0.8668984784823021,1
1,0.8332805056055057,1
0,0.896458517462929,0
0,0.8705016872016869,0
0,0.8816206931956933,0
0,0.8697802679346798,0
0,0.7578701548451551,0
1,0.7957756049506045,1
0,0.8572545399045395,0
0,0.776986263663237,0
1,0.8487909423909429,1
1,0.8165895382395385,1
0,0.8985427489177491,0
0,0.7070142607392613,0
1,0.8726967698967701,1
1,0.9228934093684095,1
0,0.7272577977577978,0
0,0.8524756493506491,0
0,0.901801728826729,0
1,0.7609128038628034,1
0,0.8695597402597397,0
0,0.7509386349761351,0
1,0.7762124930624934,1
0,0.7775651396848765,0
1,0.7416405372405376,1
1,0.8435569860694864,1
0,0.8519864371739371,0
0,0.887306687756688,0
1,0.7993539876789878,1
1,0.790445396270396,1
0,0.8677367299367297,0
0,0.6884376456876459,0
0,0.8525076534576534,0
0,0.8596627696864536,0
0,0.8237152319902322,0
1,0.7410084508628627,1
0,0.9059739676989678,0
1,0.8725975357975355,1
0,0.6956890637140636,0
0,0.8247120102120101,0
0,0.7683353313353314,0
1,0.8174950726561022,1
1,0.7116356862306941,1
0,0.7702133075258075,0
1,0.8614387695637697,1
0,0.9249505411255409,0
0,0.7958911865911872,0
1,0.9401486111111113,1
0,0.8375937923187926,0
0,0.8958231268731266,0
0,0.7825387612387614,0
1,0.834817166983343,1
1,0.7698569061055899,1
0,0.8704311660561656,0
0,0.8175577408702409,0
0,0.8584603674103675,0
1,0.8153005994005995,1
1,0.9092676628926628,1
0,0.9643386946386945,0
0,0.7859388444888437,0
0,0.8578535880785881,0
0,0.8916357725607725,0
1,0.7829096348096354,1
1,0.8826422549672552,1
1,0.7608217032967033,1
0,0.7888758713508709,0
1,0.818707681207681,1
0,0.6460709776334778,0
1,0.8804252386502389,1
0,0.8430880314130315,0
0,0.8591886835386838,0
1,0.7797608189196424,1
0,0.8441270424020424,0
0,0.8510894022644023,0
0,0.8958612692862693,0
1,0.838692871017871,1
1,0.851795288045288,1
0,0.8658477633477636,0
1,0.7798049103674107,1
1,0.8068184260184257,1
1,0.8253252136752133,1
0,0.6823022297147296,0
1,0.5898200604950602,1
0,0.8861024743230625,0
1,0.9089751623376625,1
0,0.8353699522699527,0
0,0.7204179237429236,0
1,0.816478257853258,1
0,0.8923804362304367,0
0,0.8496616217116221,0
1,0.9205098304473305,1
0,0.8718660561660558,0
0,0.9231753524253522,0
1,0.8855225718725719,1
1,0.760326464385288,1
0,0.8100872655122655,0
0,0.8402427748721863,0
0,0.8113259115884117,0
0,0.8004789585414589,0
0,0.9277827922077921,0
0,0.9168569264069268,0
0,0.8935117965367967,0
1,0.8640191322566322,1
1,0.7766208180708183,1
1,0.8001229686979687,1
0,0.8404530400155401,0
0,0.7325204939668171,0
1,0.7909913392163394,1
0,0.8675663475413474,0
0,0.7321570734820729,0
1,0.7648932667006195,1
0,0.9068819541569542,0
1,0.7978598814584105,1
0,0.8180928876678879,0
1,0.7403170680626562,1
0,0.8818926157176159,0
0,0.8112548127311283,0
0,0.9529325396825394,0
1,0.7794554861804863,1
1,0.9498601870351869,1
0,0.9581055555555557,0
1,0.8822118104118105,1
0,0.8855821105365224,0
0,0.8243636401180522,0
0,0.8824333583083587,0
0,0.5850262321012324,0
0,0.7657608544233543,0
0,0.8393343989343989,0
1,0.8505542513042511,1
1,0.8718854076479081,1
1,0.9414863303363306,1
1,0.8282130563880564,1
1,0.8010426375095494,1
0,0.8031464729714726,0
0,0.8918029664779666,0
0,0.9335504884004884,0
1,0.7617621822621821,1
0,0.8629695434467496,0
0,0.8494273892773893,0
0,0.8725447385947388,0
1,0.9098802197802196,1
0,0.816619493006993,0
1,0.7409108003108,1
1,0.8031480769230765,1
0,0.8641996128871127,0
1,0.8049586518057104,1
0,0.8664402652902651,0
0,0.9492701409701413,0
1,0.7676806295012177,1
0,0.7749198329448324,0
0,0.8197161255411255,0
0,0.9203475108225108,0
0,0.9153321275946276,0
0,0.8423808275058274,0
1,0.8233770923520922,1
0,0.9235234487734489,0
0,0.8659466228216224,0
0,0.8340340889502652,0
0,0.8247591084354244,0
0,0.8997504884004885,0
1,0.6542236624486626,1
1,0.7867461330336334,1
1,0.7848585261960261,1
0,0.8915776695526695,0
1,0.7287499916749914,1
0,0.7069461177711182,0
1,0.7887905122655123,1
0,0.8902981028775149,0
0,0.8878147435897437,0
1,0.8039362276612279,1
1,0.8442911976911978,1
0,0.7515632034632034,0
1,0.7937199272949269,1
0,0.7132673298923301,0
0,0.8263043866264453,0
1,0.831730708180708,1
0,0.8637054341083751,0
0,0.835185081585082,0
0,0.8415380813630813,0
1,0.6962155831913186,1
1,0.9167664613164612,1
1,0.7697161005661003,1
0,0.9499932678432682,0
1,0.8499773615273615,1
1,0.8031398212898211,1
0,0.8927776334776336,0
0,0.95086856852298,0
1,0.6903917526917525,1
0,0.7540544067044069,0
0,0.8687202769452765,0
1,0.7754942335442334,1
1,0.8911228604728606,1
0,0.9768705266955265,0
1,0.836746756021756,1
0,0.8883566128316127,0
1,0.7872092227217229,1
0,0.6773738067488069,0
0,0.8382884934509935,0
0,0.832448978798979,0
0,0.8255765831390827,0
0,0.8924801545676543,0
1,0.7914684010434011,1
0,0.7879413752913755,0
1,0.7152077866577863,1
0,0.6489639929514931,0
1,0.8187264069264066,1
1,0.8528693130399009,1
0,0.787647637085137,0
0,0.8263140720390719,0
0,0.9305019119769119,0
0,0.8204226134976134,0
1,0.7416755702630704,1
1,0.8567032967032965,1
1,0.7673893467643467,1
1,0.7544787379287377,1
1,0.7777690781440788,1
1,0.8290634310134313,1
1,0.8933614657401423,1
0,0.8411140803640801,0
0,0.7715090873179109,0
1,0.7453338619713612,1
0,0.8242469377844371,0
0,0.9374956598956597,0
0,0.8673635586635587,0
0,0.9014990009990007,0
1,0.8636089186956831,1
0,0.9217995365745363,0
1,0.6366318709068707,1
1,0.719310283344107,1
0,0.8300010101010101,0
0,0.767209233005556,0
0,0.9214670412920412,0
1,0.7913670589214711,1
0,0.8118234894190773,0
1,0.8371049839049836,1
1,0.7286181512931512,1
0,0.788583016983017,0
1,0.6327018076694553,1
0,0.959199963924964,0
0,0.8265299672549674,0
0,0.7491538933288932,0
0,0.8931979544148658,0
0,0.5077799617049615,1
1,0.7827879009879012,1
0,0.8622550505050506,0
1,0.8571032106782108,1
0,0.9158006493506493,0
1,0.7822395354645362,1
0,0.8203798618048616,0
0,0.7784671322958091,0
0,0.8053692279942279,0
0,0.7632991369741372,0
0,0.799813138250638,0
1,0.8612659552865435,1
0,0.9306836913086912,0
0,0.8714272755022759,0
1,0.6549989094239099,1
0,0.9118329309579308,0
0,0.7882460359085359,0
1,0.7833740968998324,1
1,0.8433957375957378,1
1,0.7885677045177047,1
1,0.8759091158841157,1
1,0.8206375180375183,1
0,0.7755317729655964,0
0,0.8532961123671654,0
0,0.7894155164280164,0
0,0.8160808774558777,0
0,0.7695371336996337,0
0,0.9083468975468976,0
0,0.8625764319014321,0
0,0.9708690476190475,0
0,0.7160088661338663,0
1,0.847434208846709,1
0,0.878555638805639,0
0,0.9065474802974804,0
1,0.8292055694305698,1
1,0.734327853433116,1
1,0.766496335200747,1
1,0.6732043886668891,1
0,0.899643759018759,0
0,0.8816440309690308,0
1,0.8732507409257413,1
1,0.8489061993561992,1
1,0.7871062271062275,1
1,0.7481744394494394,1
1,0.9029564158064161,1
1,0.6902213833552062,1
1,0.82514946997447,1
1,0.8501848984348983,1
0,0.7764818348318349,0
1,0.6801068750693753,1
1,0.8391893023643021,1
1,0.8248470224220228,1
0,0.8392103535353539,0
1,0.9127290126540126,1
0,0.781824639249639,0
1,0.7421234404484403,1
1,0.8183731018981022,1
1,0.8434766344766343,1
1,0.7747424131424132,1
1,0.8891203366078366,1
1,0.8099481546231544,1
0,0.8830391386391386,0
0,0.894135347985348,0
1,0.7874695776445775,1
0,0.8845498029748028,0
1,0.8261794594294597,1
0,0.8071721778221783,0
0,0.6808596015096011,0
0,0.8197779581529585,0
1,0.7984544233544236,1
1,0.6951550838050842,1
1,0.6907661421911423,1
0,0.8248770285270285,0
0,0.9049143911643911,0
1,0.8707031191031189,1
0,0.916596128871129,0
0,0.9869920274170275,0
0,0.879091441891442,0
0,0.9686891303141304,0
1,0.7610071299615417,1
0,0.9319456626706626,0
1,0.7771736527361522,1
1,0.8564339105339106,1
1,0.8773943306693307,1
1,0.770148315573316,1
0,0.7547524600399595,0
0,0.7153548766592881,0
1,0.9470654169360051,1
0,0.9134768953268956,0
1,0.9446941558441557,1
0,0.9102867669911787,0
1,0.7177553363303362,1
1,0.8554966866466864,1
0,0.8663427364302363,0
1,0.8255404401154398,1
0,0.7749835858585857,0
1,0.7799152292152294,1
1,0.8434979104229104,1
0,0.7441867984354829,0
0,0.8080987387612388,0
0,0.8646501803751804,0
0,0.8728540764790765,0
1,0.7505139954816429,1
1,0.8033822247197249,1
0,0.8178058187727302,0
1,0.7322104157280627,1
0,0.8336694555444557,0
0,0.8608121757327638,0
0,0.7023353576978579,0
1,0.827467121767122,1
0,0.8495778503359387,0
0,0.8301931346431344,0
0,0.7460640484515485,0
1,0.8793178710178711,1
0,0.9885852019325705,0
1,0.7225449302331655,1
1,0.8384054917304913,1
1,0.6771397241647237,1
1,0.8476688339438337,1
0,0.5212543290043291,0
1,0.8256385836385837,1
0,0.9744207570207569,0
0,0.8055488344988342,0
0,0.8213403360528356,0
0,0.8122513944388947,0
0,0.8629303196803195,0
0,0.9218386141636142,0
1,0.8726056221556217,1
0,0.8498525224775226,0
1,0.7056019619269621,1
1,0.7237985736485737,1
0,0.8606579614829614,0
1,0.8253188561438557,1
1,0.8968032037407038,1
0,0.8704749444999447,0
0,0.8223840492840492,0
0,0.8499972424634187,0
0,0.796408899433899,0
1,0.7985336871461866,1
1,0.8155548035298035,1
0,0.8431286352536349,0
0,0.8090918137418139,0
1,0.5938186147186147,1
1,0.8465629009879008,1
0,0.9494275252525254,0
1,0.7793144105894103,1
0,0.8205650170091344,0
0,0.9317642135642135,0
1,0.7913510336885331,1
0,0.7813896464646467,0
1,0.8752072649572651,1
1,0.7854478105228104,1
1,0.7418921078921077,1
0,0.9145442418692419,0
0,0.8059598124098126,0
0,0.8399617022683199,0
1,0.8856311688311688,1
0,0.8778320568320571,0
0,0.9199754800754804,0
0,0.8642707292707295,0
1,0.8103842084386202,1
0,0.8611369408369407,0
1,0.8328479908979904,1
0,0.8202621822621826,0
1,0.7767706182706176,1
1,0.7346041157372042,1
1,0.8740697136197134,1
1,0.9325557831057831,1
1,0.9498738816738815,1
1,0.6238773634861873,1
0,0.7702668373293369,0
0,0.8826862128068013,0
1,0.749598530064707,1
0,0.9723439033189034,0
1,0.8615395021645021,1
0,0.7569705294705299,0
0,0.8916460844710845,0
0,0.9260787545787547,0
1,0.8870163059163062,1
0,0.7840828421578421,0
1,0.9131974913974913,1
1,0.8390461843711847,1
0,0.829576565101565,0
1,0.7246852425352422,1
0,0.7391125069375069,0
0,0.755249000999,0
0,0.8535076257076258,0
1,0.7848091464091463,1
0,0.9566136641136641,0
1,0.6403461663336664,1
1,0.7727804928130002,1
1,0.8726612110112107,1
1,0.8709936147186144,1
1,0.7856353101147219,1
1,0.6956274656715835,1
0,0.8935371878121877,0
0,0.8407378066378063,0
0,0.8849412337662338,0
1,0.8663580197580193,1
0,0.9049070207570209,0
0,0.8773425324675326,0
1,0.8641888306138309,1
0,0.8471369362663482,0
1,0.7600544108669104,1
0,0.830614749139749,0
1,0.9087404369323486,1
1,0.725579603729604,1
1,0.8098531496281498,1
0,0.7521411810411807,0
1,0.6783838966588966,1
1,0.7721588134088135,1
1,0.955021522921523,1
1,0.8364989332562863,1
1,0.9180081557331558,1
1,0.8648766622266624,1
0,0.7630672535797535,0
0,0.8565932789432791,0
0,0.879458000333,0
0,0.8620954656454656,0
1,0.8689440104013634,1
1,0.7783786824286821,1
1,0.6958605228105229,1
0,0.6016481851481851,0
1,0.8132038933288932,1
1,0.7849525224775225,1
0,0.842310632934317,0
1,0.8509146797646799,1
0,0.9055256993006995,0
1,0.757163722388722,1
0,0.7315316142191146,0
1,0.8308130119880125,1
1,0.7325487179487179,1
0,0.7885329227961579,0
0,0.7405364467232115,0
0,0.8077043438587562,0
1,0.8665521506271505,1
0,0.7539850066600071,0
1,0.8394887112887112,1
0,0.8118983981704568,0
1,0.8591018259518256,1
0,0.8155144133644132,0
0,0.8072820901320901,0
1,0.6379686390406979,1
0,0.8353222138972133,0
0,0.8399819597069599,0
0,0.8197894258519254,0
1,0.8437805888555885,1
1,0.9127925796425798,1
0,0.7461713120213119,0
1,0.9063104312354315,1
0,0.8903013569763569,0
1,0.8527283910533908,1
0,0.894059768009768,0
1,0.7802664085914084,1
0,0.9707264790764789,0
0,0.7943166056166054,0
0,0.9107800421800424,0
1,0.8988283744033745,1
1,0.7779199328449325,1
0,0.8957495670995668,0
0,0.9049956737706736,0
0,0.8061108294483292,0
1,0.8600888195138192,1
0,0.7942191169941177,0
1,0.795081873681874,1
1,0.7940166625041631,1
1,0.8362632783882782,1
0,0.8697603785103782,0
0,0.848698459873459,0
0,0.7815653957153961,0
0,0.8254842074592075,0
0,0.8430047341547344,0
0,0.8640352564102561,0
0,0.9010753191253191,0
1,0.8522694777444775,1
0,0.7725815687580392,0
1,0.7444029960235847,1
1,0.6287704836829835,1
1,0.7304226995226989,1
1,0.7837144900850785,1
0,0.7964348944184472,0
1,0.8336290653790651,1
1,0.7633293706293706,1
0,0.7329101037851038,0
0,0.9344342851592851,0
1,0.7832162670662672,1
1,0.6995656787656787,1
1,0.8797484015984015,1
0,0.8066388389388393,0
0,0.7649897907647908,0
0,0.8244021450771454,0
1,0.9212667096792095,1
0,0.8749296467421469,0
1,0.8133444444444441,1
1,0.7327945526695524,1
0,0.8858621434121431,0
0,0.9205707847707855,0
0,0.8728066655566659,0
0,0.8297748612498609,0
1,0.839488740344623,1
0,0.9526697940947941,0
0,0.8789695941313592,0
1,0.753073877876509,1
0,0.8403174155093271,0
0,0.8649266122766126,0
1,0.8789365107115107,1
1,0.8035627164502167,1
1,0.7439619338994339,1
0,0.9131708041958045,0
1,0.8417313172938176,1
1,0.9004694656650543,1
1,0.8825090798090798,1
0,0.8935746336996336,0
0,0.9121216588966589,0
0,0.7851940365190362,0
0,0.8694341464091468,0
0,0.9478619949494951,0
0,0.8054112332112336,0
1,0.804802652902653,1
0,0.750962837162837,0
0,0.7820531329781331,0
1,0.8378246975246971,1
1,0.7073616716616719,1
0,0.8344094558219555,0
1,0.7484372490254843,1
0,0.8331381812631812,0
1,0.8735889388389386,1
1,0.710667344746756,1
1,0.7020763972138965,1
1,0.8755287767787766,1
0,0.7847941197691201,0
1,0.8207106920856918,1
0,0.8732321206571205,0
0,0.9462987373737374,0
0,0.7923706987456991,0
0,0.8261188283938284,0
0,0.8004632187257185,0
0,0.9022916930291929,0
0,0.7965137251637248,0
1,0.8037689671439665,1
0,0.8799843281718285,0
1,0.761378590690355,1
1,0.7205072385947384,1
1,0.7752990939615937,1
0,0.7888313519813522,0
1,0.786522582972583,1
0,0.85662158952159,0
0,0.8520505910755908,0
1,0.8720936618936621,1
1,0.9281333333333334,1
1,0.9349462370962368,1
1,0.7446098276723273,1
0,0.9584381216006213,0
0,0.8469900238650236,0
0,0.8203015355559472,0
0,0.897792832167832,0
0,0.6461305888555886,0
0,0.8853780483405482,0
0,0.8405754551004544,0
1,0.8320987401487401,1
1,0.7428010253635254,1
1,0.8284360278610279,1
1,0.8486170359052709,1
0,0.8691915001664997,0
0,0.7657260332804449,0
0,0.8411191780441777,0
0,0.6559015984015983,0
1,0.8283100538350542,1
0,0.8875929903429904,0
1,0.5983057359307361,1
0,0.6206917721167718,0
0,0.9972083333333333,0
1,0.7978397558324032,1
0,0.8361393069348951,0
0,0.9276798761695819,0
0,0.9601977605727605,0
1,0.793959965034965,1
0,0.8204841131091133,0
1,0.7696257631257636,1
0,0.858164158064158,0
1,0.7495019855144859,1
1,0.8720112268450505,1
0,0.8697269536019537,0
1,0.8532009379509381,1
0,0.7464991274291579,0
1,0.915790659340659,1
0,0.8440867424242418,0
0,0.9150697191697188,0
1,0.7800578324453321,1
1,0.8889525030525032,1
1,0.7804198371073369,1
1,0.8827791486291482,1
0,0.7884048396048395,0
0,0.9084861582861584,0
1,0.8367273185148189,1
0,0.886763517038517,0
0,0.8541059385059383,0
1,0.7822157786657785,1
1,0.7518101454101451,1
0,0.7839198172742293,0
0,0.8610076479076479,0
1,0.7073226384726388,1
0,0.8548502525252522,0
1,0.8753689671439671,1
1,0.7823504273504274,1
0,0.8403779886779891,0
0,0.8254149471443598,0
1,0.7754610139860137,1
0,0.7931794205794205,0
1,0.8454727744477747,1
0,0.9187762515262513,0
1,0.6292192275861392,1
0,0.8262699633699634,0
0,0.8560689560439558,0
0,0.8565295343545344,0
1,0.8090725968475965,1
0,0.9149980172605174,0
0,0.8718402736152737,0
0,0.793602994227994,0
0,0.8409673354423359,0
1,0.6906250194250192,1
0,0.7640791000666002,0
1,0.9609170163170165,1
0,0.7766473720723723,0
0,0.8524490277696157,0
0,0.8549698662448664,0
1,0.8376358613608615,1
0,0.8444207847707845,0
0,0.8018014846264846,0
1,0.7509441738816734,1
0,0.611156543456544,0
1,0.9087221334221331,1
1,0.7540971611721611,1
0,0.7923049492174494,0
1,0.7518725330225338,1
1,0.8239800116550114,1
0,0.9032372155622158,0
1,0.8378559132860602,1
0,0.9400479756354754,0
1,0.8125788739038738,1
1,0.7338997183372185,1
0,0.9176959457209458,0
0,0.8271247585747583,0
1,0.8784788711288708,1
0,0.8014647047397051,0
1,0.9194555833055832,1
1,0.7621559412809414,1
1,0.9676045454545453,1
0,0.9190851731601729,0
0,0.8834150599400601,0
1,0.7398099261849259,1
0,0.7830435782354905,0
1,0.8394840409590406,1
1,0.8369773310023313,1
1,0.7803303946053944,1
1,0.8117428684061037,1
0,0.9028015484515481,0
0,0.8353067339523224,0
1,0.9977118575868577,1
1,0.7930010156510153,1
0,0.7732203549718254,0
0,0.8701370407370408,0
0,0.8668058552558553,0
1,0.7520924880674881,1
0,0.8655175796425799,0
1,0.8111888819513818,1
0,0.8035009892884895,0
1,0.5730346514596518,1
0,0.816717524142524,0
1,0.8804127677877679,1
1,0.7991586219336221,1
1,0.702283184870685,1
1,0.8852388167388165,1
1,0.8072296148296147,1
1,0.699351232101232,1
1,0.9333297397047398,1
1,0.947164083139083,1
0,0.8706245670995671,0
1,0.8075701867576865,1
1,0.7919745310245309,1
0,0.6175833999334001,0
0,0.7764576506826506,0
0,0.8280331016206015,0
1,0.8220770784770784,1
0,0.8562688079893959,0
1,0.5860935286935289,1
0,0.9636014790764793,0
1,0.7684663494400332,1
0,0.756411102786103,0
0,0.7997250333000335,0
1,0.8959873334998334,1
0,0.9086250166500168,0
1,0.8083528998778994,1
0,0.6425088819075658,0
0,0.9279546536796536,0
1,0.7848219405594405,1
1,0.7731373346424819,1
0,0.8124053354540196,0
0,0.8955947968697965,0
0,0.7071075684119799,0
1,0.827865123765124,1
1,0.8128684085522324,1
0,0.8559237762237761,0
1,0.8503895604395604,1
1,0.8657446886446883,1
0,0.892950993450993,0
1,0.7444641233766238,1
1,0.7738135281385281,1
0,0.8616258026287434,0
0,0.7898512513630163,0
0,0.7170800033300034,0
0,0.8813846098346096,0
0,0.8999116674991676,0
1,0.8253413184038185,1
1,0.8522828033078036,1
0,0.8592389610389615,0
0,0.9292672438672437,0
0,0.84773624986125,0
1,0.9106254440004441,1
0,0.6604185231435233,0
1,0.8125345876345876,1
0,0.8948932456432462,0
1,0.839994429693114,1
1,0.8525295121545122,1
0,0.8415564921189918,0
1,0.7433158982357511,1
1,0.7766830197580198,1
1,0.7272819735819733,1
1,0.8425699744699745,1
0,0.8124987096237101,0
0,0.6803760239760239,0
1,0.9081182817182815,1
1,0.8447720816764939,1
0,0.7751517954267958,0
0,0.9668333694083695,0
0,0.9040298881673882,0
0,0.7372743201243203,0
1,0.8629862554112557,1
0,0.9170013014763014,0
0,0.9804583333333332,0
0,0.7807520868020867,0
0,0.7503134328090211,0
1,0.6266216575091575,1
1,0.5405979090354092,1
1,0.7699767760017762,1
1,0.7354092768342764,1
0,0.8857395548895552,0
1,0.8600357420357423,1
0,0.8009294871794873,0
1,0.928068697968698,1
0,0.8633562049062048,0
0,0.8391253829503831,0
0,0.9440798229548228,0
0,0.9227973082473081,0
1,0.8312452339327335,1
0,0.8552415112665112,0
1,0.6321666369578133,1
1,0.840940634365634,1
0,0.7554270536652892,0
0,0.781006818181818,0
1,0.8401677697302701,1
1,0.7939632034632037,1
1,0.9007712842712844,1
0,0.9241141053391053,0
0,0.6379665750915751,0
1,0.7101847527472525,1
1,0.9286359487734486,1
0,0.8529958596958594,0
0,0.9290608225108228,0
1,0.9206773115773117,1
0,0.9224713369963373,0
1,0.8990357670107673,1
0,0.9414023809523807,0
0,0.731811849833173,0
1,0.8194785714285715,1
0,0.6531168747918745,0
1,0.8281463508713506,1
0,0.7861646103896102,0
1,0.679513434767847,1
0,0.7759418303918304,0
1,0.8356453918630389,1
0,0.8483496225996224,0
1,0.8501372932622933,1
1,0.858123841436341,1
1,0.8212401959151961,1
0,0.7825974471434999,0
0,0.8585624026300501,0
0,0.8227441550279786,0
1,0.7486645340770347,1
1,0.8072997391497398,1
0,0.8700508852258851,0
0,0.858434570984571,0
1,0.7388523199023197,1
1,0.8943752275502276,1
0,0.665448573648574,0
0,0.8855495615495622,0
0,0.8953559412809414,0
0,0.9380239787989788,0
1,0.7905054834054835,1
1,0.7628623459873459,1
1,0.8605374431124434,1
0,0.816629087579087,0
1,0.703695960575373,1
0,0.752629535497182,0
0,0.8985744921744923,0
0,0.8149039276083386,0
1,0.7527838106338104,1
1,0.7806516744693216,1
1,0.9134893911643914,1
1,0.9093647491397492,1
0,0.7648562853812854,0
0,0.8664837440337438,0
0,0.7637857281607283,0
0,0.879692246642247,0
1,0.8018135101010098,1
0,0.9452875901875902,0
1,0.7774977782021901,1
1,0.7492785475961946,1
1,0.7810972055722054,1
1,0.772413813963814,1
0,0.9078924963924963,0
1,0.7023562798312796,1
1,0.8325444666444669,1
1,0.8583336080586083,1
0,0.7373226523476526,0
0,0.8072842516960166,0
0,0.7138890398816871,0
0,0.8612849136974134,0
1,0.7395582611832614,1
0,0.8501671925296919,0
1,0.5916003635253636,1
1,0.7350802475302475,1
0,0.7152989652504356,0
1,0.8101725010283833,1
0,0.8491317210567215,0
0,0.8026794635919637,0
0,0.7831415469334588,0
1,0.7957265262515262,1
1,0.7251941364191365,1
0,0.9202305305805303,0
1,0.8031076479076478,1
1,0.8679174825174826,1
0,0.931127838827839,0
1,0.7076596330140443,1
0,0.8849074064824061,0
0,0.7899146131646133,0
0,0.6888963980463977,0
0,0.8849684093684093,0
1,0.790317918192918,1
0,0.8336412975912978,0
1,0.9175360389610392,1
1,0.6257273448773448,1
0,0.8039661643911645,0
0,0.8673165057165058,0
1,0.7984534104784101,1
0,0.5906328643578642,0
0,0.9244598484848484,0
0,0.8355137265512265,0
1,0.9176872433122435,1
1,0.8662950285825285,1
1,0.8221526640026634,1
1,0.8427708430458427,1
0,0.878388542013542,0
1,0.8061681761221237,1
0,0.762516330891331,0
1,0.8496983349983352,1
1,0.8399918525918523,1
1,0.8681954906204905,1
0,0.8319769203019206,0
1,0.7470934163059164,1
1,0.8589013528138527,1
0,0.8028888028638026,0
1,0.9425925102675106,1
0,0.7896901653901651,0
0,0.7905031607281598,0
1,0.746975371850372,1
0,0.762275931524616,0
1,0.841177378177378,1
1,0.7000767649017652,1
1,0.6404109483653602,1
0,0.8196831030081028,0
0,0.7815829254079255,0
0,0.7162954600954603,0
0,0.8064635475635477,0
0,0.7352877691752691,0
0,0.8961436396936397,0
0,0.8017873612498609,0
1,0.8289057539682535,1
0,0.8759942266067262,0
1,0.8507973637473638,1
0,0.577721476257661,0
1,0.8558269480519483,1
1,0.7171492188367187,1
0,0.8305762404262405,0
0,0.832386075036075,0
1,0.6646355977355972,1
1,0.8096439833858953,1
1,0.758754507992008,1
1,0.7381063616938616,1
0,0.8196474497724497,0
0,0.6405877733377732,0
1,0.842742632367632,1
1,0.7608604270729277,1
1,0.8570439671439674,1
1,0.6399165903540904,1
0,0.8630211510711508,0
0,0.8512705155955158,0
1,0.8509509407259402,1
0,0.7458781746031745,0
1,0.8399160034410036,1
1,0.8899861999111998,1
0,0.8391074203574203,0
0,0.8772241874955105,0
0,0.7973672033848505,0
0,0.8067407037407038,0
0,0.7969109511403631,0
0,0.8725590076590076,0
1,0.7067325924075929,1
1,0.6905480880230878,1
1,0.8334273726273725,1
0,0.8919109307359305,0
0,0.932093081918082,0
1,0.8545963536463536,1
0,0.7970150099900096,0
0,0.8561438034188039,0
0,0.826462407037407,0
0,0.701335581085581,0
1,0.6217744828700712,1
0,0.7533190115440117,0
0,0.7914603923853922,0
0,0.8256471427265548,0
1,0.7834066915111033,1
0,0.8292267801642798,0
0,0.9227594627594629,0
1,0.7733696525696524,1
1,0.8602753829503824,1
1,0.7316965076590081,1
1,0.8841507395382392,1
0,0.7993949042185884,0
0,0.8198965895215891,0
0,0.8425721611721609,0
0,0.820172519147519,0
0,0.9331260878010876,0
0,0.9165637445887441,0
0,0.9405489454989453,0
1,0.6098439393939395,1
1,0.8325407398157402,1
0,0.784585407239819,0
1,0.7875567196692201,1
1,0.6658729464979458,1
1,0.7787932567432566,1
1,0.6882210289710289,1
0,0.765570662670663,0
0,0.8486273920523917,0
0,0.8268825563325563,0
0,0.812373354423354,0
1,0.8690802170052172,1
1,0.7355200083413319,1
1,0.783108866133866,1
0,0.8695079170829167,0
1,0.8356513125763123,1
0,0.8361649517149515,0
0,0.8868242313242313,0
1,0.7888884270141621,1
1,0.7480665861915857,1
0,0.7556658244533246,0
0,0.7679601176601178,0
0,0.8997079143079143,0
0,0.8408807636807633,0
0,0.8650209901209903,0
0,0.9166696164946162,0
1,0.7405246364746366,1
1,0.8473203407703406,1
1,0.6703716472253238,1
0,0.8078023347567468,0
0,0.7318893606393603,0
0,0.7876674936174936,0
0,0.7202734723609723,0
1,0.7857679487179485,1
0,0.9289477758352757,0
0,0.7646367632367627,0
1,0.7729663739038741,1
0,0.776248007548008,0
0,0.8765360805860807,0
1,0.7274310134310136,1
0,0.7410813769563772,0
0,0.826319628982129,0
1,0.8621234709734712,1
0,0.8356745643245648,0
0,0.8810891774891777,0
0,0.7322426254301254,0
1,0.7825842157842157,1
1,0.8577736374736376,1
1,0.8549556818181819,1
0,0.8528244061494059,0
0,0.8162942456236577,0
0,0.8067909562659568,0
0,0.6915725700769817,0
0,0.750930217005217,0
0,0.8249839757464763,0
1,0.7524164456458572,1
0,0.9586637667887665,0
1,0.768143933843934,1
1,0.8818747512291627,1
0,0.7931025169275168,0
0,0.7736729381729387,0
1,0.8911198273948278,1
0,0.8061347652347646,0
0,0.8647699300699302,0
1,0.7853443251193245,1
1,0.769232747807748,1
0,0.8565234196359198,0
1,0.8768287296037297,1
1,0.8286508547008544,1
0,0.8896101412476415,0
1,0.8511440614940615,1
1,0.8270960816960813,1
0,0.7529024055193171,0
0,0.8535006045425167,0
1,0.8263576090576092,1
1,0.7531403346653343,1
1,0.7271886002886,1
0,0.8836996461871459,0
1,0.8975439171939174,1
1,0.7823978354978359,1
1,0.8583874699861539,1
1,0.764375808913309,1
0,0.797387574925075,0
1,0.8193542360417363,1
0,0.914334815184815,0
1,0.7000790598290596,1
0,0.8075839670133786,0
1,0.7152147982134825,1
1,0.9007098104509867,1
0,0.9493096375846376,0
0,0.765548365523366,0
1,0.8556339715839713,1
1,0.851034090909091,1
0,0.779232717282717,0
0,0.9420509379509382,0
1,0.8654245060495058,1
0,0.8458585442335443,0
0,0.7451631313131313,0
0,0.8078468989343989,0
1,0.8415766733266739,1
0,0.7310015900765902,0
1,0.8415648351648353,1
0,0.9196893356643356,0
1,0.7307939837939837,1
1,0.8223009074259074,1
1,0.8810658258408256,1
0,0.8401892163392165,0
1,0.9300205627705631,1
1,0.8794223914973914,1
1,0.8199607309357312,1
0,0.6904952880452885,0
0,0.9486577256077254,0
1,0.8678756687756688,1
0,0.7841252886002887,0
0,0.7657518287268287,0
1,0.678799937154349,1
1,0.6792063464313466,1
0,0.8865893606393604,0
1,0.7878485292485294,1
0,0.792800951825952,0
0,0.8773484820734821,0
0,0.8306300814381696,0
0,0.711180940872853,0
1,0.6344997474747478,1
0,0.8647088736426974,0
1,0.8301643856143851,1
0,0.8563528665778665,0
0,0.9303201992451989,0
1,0.8370113997113997,1
1,0.8616760739260739,1
1,0.9025469225219225,1
1,0.9267460983460982,1
0,0.8939605588855591,0
1,0.8864431401931403,1
1,0.8573817904317906,1
0,0.7516709040959035,0
1,0.890481154956155,1
0,0.8770654040404039,0
1,0.8851651598401596,1
1,0.7636567293817302,1
0,0.7828171717171718,0
1,0.8182321067821068,1
1,0.6448046106671105,1
0,0.874682395382395,0
0,0.9159357652151772,0
0,0.8534342782217783,0
0,0.9028804112554113,0
1,0.8135749306249305,1
1,0.752033347208347,1
0,0.9522704545454547,0
1,0.7983947441447439,1
0,0.7972209218885687,0
0,0.8883850288600288,0
0,0.8774463508713506,0
0,0.8462928765678769,0
1,0.7836648407148404,1
0,0.6286567063655292,0
1,0.8086824841824845,1
0,0.8207575618825619,0
0,0.8253772366522368,0
1,0.8298227050727053,1
0,0.8098966602841605,0
0,0.8171966228216225,0
1,0.8322786519036514,1
1,0.7523552170052166,1
1,0.856940553890554,1
0,0.9541246114996114,0
0,0.842210364635365,0
1,0.8302504578754583,1
0,0.9082107087357086,0
0,0.6957021061240096,0
0,0.9807559523809525,0
0,0.6807739204423023,0
0,0.8632383921633919,0
1,0.8318957084582085,1
0,0.882309213009213,0
0,0.9211930735930738,0
0,0.5067508241758245,0
0,0.8890683982683985,0
1,0.8959935009435012,1
1,0.8086104256854257,1
0,0.789119588744589,0
0,0.844508401320901,0
1,0.8843587523587522,1
1,0.86212697025197,1
1,0.8898746446364091,1
1,0.8532090714840715,1
0,0.8991101787101786,0
1,0.8763498362748363,1
0,0.8722544871794875,0
0,0.8311524586524585,0
1,0.7858635780885779,1
0,0.9316201714951716,0
1,0.8006216228216225,1
1,0.9227898490398488,1
0,0.8393422743922749,0
0,0.9188202269952268,0
1,0.7075023206368798,1
0,0.8312813852813851,0
1,0.8074183315050961,1
1,0.8477599705849707,1
0,0.8850445712783948,0
0,0.893794122544122,0
0,0.9183869436119436,0
0,0.7835269376864966,0
0,0.8187056120350235,0
1,0.813503517316017,1
0,0.8440965756465761,0
0,0.6422461593961594,0
0,0.7932971930030757,0
1,0.8063935550560551,1
1,0.6940881313131315,1
0,0.8082980547230546,0
0,0.7112098199186435,0
1,0.8097477550227552,1
1,0.851808707958708,1
1,0.9602918109668109,1
0,0.8419371447996451,0
0,0.8497900530025523,0
1,0.7747449472912709,1
0,0.7655445568320564,0
1,0.800979767454767,1
1,0.8674518453768454,1
0,0.8010099483849491,0
1,0.7558038794538795,1
0,0.8972888278388278,0
1,0.8377699272949267,1
0,0.9350206848706848,0
0,0.9058448769367891,0
0,0.8466149239649241,0
0,0.7622325916773285,0
1,0.8488667721167722,1
0,0.8436613608613603,0
1,0.7684186369186365,1
0,0.8828036463536464,0
0,0.8078967476967476,0
0,0.9114682289932289,0
0,0.815779881229881,0
1,0.8270796425796425,1
0,0.6964574619824621,0
1,0.7679584138084139,1
0,0.9290628538128536,0
0,0.743358624708624,0
1,0.8995098373848375,1
1,0.7564049471727107,1
1,0.8377532745032742,1
1,0.8010608625035094,1
0,0.8730005827505828,0
1,0.7871575757575757,1
0,0.6495762069629717,0
1,0.8254023101898101,1
1,0.7542685897435901,1
0,0.8554478965478964,0
1,0.793844782994783,1
0,0.6967746031746033,0
1,0.9541355561105562,1
0,0.8950268426018426,0
1,0.8281074314574315,1
0,0.7312589688089689,0
1,0.7811726023976023,1
0,0.688330230880231,0
0,0.8272624902874909,0
1,0.8339837856587858,1
0,0.8724311549561549,0
0,0.8473928349428347,0
0,0.7720372516372517,0
0,0.6795228928965774,0
0,0.8973241203241199,0
1,0.7930547064047059,1
0,0.8148132006882005,0
0,0.8857300824175821,0
0,0.9631496642246642,0
1,0.7993593961593966,1
1,0.8520481324231322,1
1,0.7064739052614053,1
1,0.725639535464536,1
1,0.8540054057054057,1
1,0.9437374250749248,1
0,0.8209481976356968,0
1,0.8279034854034855,1
1,0.8048512459762464,1
1,0.8288628538128536,1
0,0.8602861259655373,0
0,0.8696240009990014,0
1,0.8361520091020086,1
0,0.7352165792540791,0
0,0.8032838106338108,0
0,0.9495456487956485,0
1,0.875402183927184,1
0,0.8018784965034963,0
1,0.8142710629240042,1
1,0.8260511238761241,1
1,0.8361954656454654,1
1,0.824819683094683,1
1,0.7647270479520482,1
0,0.7162924074291718,0
0,0.8404374680874683,0
1,0.5937857376283848,1
1,0.8249271090021087,1
0,0.9019343184593189,0
0,0.870213536463536,0
0,0.8527892871017867,0
1,0.8650510600510599,1
0,0.9241396464646466,0
0,0.8038770424020425,0
1,0.7645322233322234,1
0,0.8062464221021495,0
0,0.8945042762792764,0
1,0.6888985708735706,1
1,0.8320083111333106,1
0,0.8665919691419689,0
1,0.842679051504052,1
1,0.8657776418026416,1
1,0.7672876873126873,1
0,0.8727010461760458,0
1,0.850152791652792,1
0,0.8431310145135219,0
1,0.8674327644577642,1
1,0.8486718503718506,1
0,0.8503229762884177,0
0,0.8313840617715617,0
0,0.889921742146742,0
1,0.835193373293373,1
0,0.8023875596625596,0
0,0.8820570193695191,0
0,0.930869805194805,0
1,0.875674975024975,1
0,0.7919098429348429,0
0,0.8244802863802864,0
0,0.7767847458097452,0
1,0.6772373069740717,1
1,0.8159890914640915,1
0,0.8541810772560773,0
1,0.908718718781219,1
0,0.8884984626484624,0
1,0.9111298673548676,1
0,0.933433408258408,0
0,0.7563887251637246,0
1,0.781405466755467,1
1,0.8320773310023307,1
1,0.7037134781884778,1
0,0.8615909128453246,0
0,0.8489624719235014,0
1,0.809151705239205,1
1,0.8254007992007991,1
0,0.7413471958596957,0
0,0.8844033966033967,0
0,0.7581260489510495,0
1,0.8173074555561394,1
0,0.9089531746031746,0
1,0.8251788197913198,1
0,0.8179139998889993,0
0,0.878791183816184,0
1,0.8422968799174685,1
0,0.8835933427683424,0
1,0.7573269082224963,1
0,0.8338747335997333,0
1,0.9104444624819623,1
1,0.8517382783882785,1
0,0.8788281995781997,0
0,0.7460115223828461,0
0,0.7213735611610604,0
1,0.8309870185370187,1
1,0.7379629509379511,1
0,0.8303907931937342,0
0,0.8280795843045843,0
1,0.5959676726051728,1
0,0.8426663669663675,0
0,0.8745720376845381,0
0,0.8982938561438556,0
0,0.8483586080586077,0
1,0.6988034576534572,1
0,0.7277376859251858,0
0,0.9452392902848782,0
0,0.8498433316683314,0
0,0.842674102286602,0
0,0.8186621711621713,0
0,0.8854369269619272,0
0,0.9759294733044734,0
0,0.7445376716420835,0
0,0.8494121850371847,0
0,0.9228256063381064,0
0,0.8534203962703963,0
1,0.8041218503718505,1
1,0.8296581071706075,1
0,0.927772619047619,0
0,0.8258936849700014,0
0,0.6952259435009439,0
0,0.8602539016539014,0
1,0.8318916555666557,1
0,0.9155825036075035,0
1,0.8489220085470086,1
1,0.8054334360084362,1
0,0.7461217920967915,0
0,0.7802995403289514,0
1,0.8213637612387614,1
1,0.796565970793912,1
0,0.8275266289266289,0
0,0.9727027777777778,0
1,0.8362358669108673,1
0,0.7513180510880586,0
0,0.7850890914640917,0
1,0.744056901431901,1
1,0.8918598114303998,1
0,0.7530275349650346,0
1,0.8285910755910751,1
1,0.7276611305361308,1
1,0.7693022505272509,1
1,0.8262262556887557,1
1,0.7088317571317577,1
0,0.8599283771783773,0
1,0.8368534576534573,1
1,0.7349066360540046,1
0,0.9107268897768898,0
0,0.8724087690087692,0
0,0.8664193389943382,0
1,0.8005697163947165,1
1,0.9085384629259627,1
0,0.619349481074481,0
0,0.8518358530358527,0
0,0.7773637695637696,0
0,0.7351172763510999,0
0,0.8090518967143969,0
0,0.8477270933315051,0
1,0.790644377844378,1
0,0.8440651681651683,0
0,0.7266414280164276,0
0,0.741150894938395,0
1,0.967091230991231,1
1,0.7120647581993169,1
0,0.7617560356310349,0
0,0.9198155455655453,0
0,0.8678066322566322,0
1,0.7028089249802489,1
1,0.7656216283716283,1
0,0.5705646020646021,0
1,0.8073013625263624,1
1,0.7111006368631368,1
1,0.789593457930958,1
0,0.9028964257964259,0
1,0.6717566273595691,1
0,0.7797113947327178,0
0,0.8008592435342439,0
1,0.7762816655566658,1
1,0.8549745948495947,1
1,0.9082903929403925,1
1,0.8944247058497061,1
1,0.8257298271173275,1
0,0.9076324175824175,0
1,0.7192741567256272,1
1,0.7476277680652681,1
1,0.8857839910089907,1
1,0.9131950743700745,1
0,0.880955608280608,0
0,0.8796301365301368,0
0,0.8105498112998117,0
1,0.8221033660783661,1
1,0.8663532037407033,1
0,0.9615729076479075,0
1,0.8633671509046509,1
1,0.7704247807747808,1
1,0.7609908618342442,1
0,0.6304427998472114,0
0,0.944411038961039,0
1,0.8000071005791597,1
1,0.8511368270618273,1
1,0.8540566711066708,1
1,0.602011316461317,1
0,0.9058112498612496,0
0,0.9383634976134976,0
1,0.8721121220884375,1
1,0.7570951187701183,1
1,0.7770250832500837,1
1,0.7422074342324342,1
1,0.8292880813630814,1
0,0.8026021256521256,0
0,0.8776165223665228,0
0,0.6526318820068823,0
1,0.719190892440893,1
0,0.7967680555555556,0
0,0.776601251526251,0
1,0.8817223304473307,1
1,0.7811502775002774,1
0,0.8298374486624491,0
0,0.8342707042957043,0
1,0.8168272893772892,1
1,0.8179501970251969,1
1,0.8117725302475305,1
1,0.7349808941058944,1
0,0.8427281801531802,0
0,0.8741707819957824,0
0,0.8828185425685424,0
1,0.8010512071262075,1
0,0.7982419543906384,0
1,0.7097234681984684,1
1,0.8411615653953896,1
1,0.7404652323983206,1
1,0.7221861083361085,1
1,0.8168794511044511,1
1,0.8261211177711177,1
0,0.8587812928901164,0
0,0.9078213619713621,0
0,0.7703634643134639,0
0,0.9129766594516594,0
0,0.8372723859473857,0
1,0.7200059093684092,1
0,0.8525788752913758,0
1,0.7929484335109336,1
1,0.7446559801309796,1
1,0.7339881812631809,1
0,0.7209290778665777,0
0,0.8643441003440999,0
1,0.7695833028083031,1
0,0.8760677461427463,0
0,0.9225415917415914,0
0,0.7055503468753468,0
1,0.7681694222444224,1
0,0.7994203310578307,0
1,0.953048556998557,1
0,0.7906847360972356,0
1,0.8612562298812301,1
0,0.8799648740148741,0
1,0.843606338106338,1
1,0.8732746364746364,1
0,0.8521618575868574,0
0,0.8503369907869909,0
0,0.813935464535465,0
0,0.9375199023199025,0
0,0.8508727439227435,0
1,0.9797919913419916,1
0,0.7657447857697857,0
1,0.892676051726052,1
1,0.7968659071922229,1
0,0.8679788378288379,0
0,0.8370417651792651,0
1,0.7964305370068524,1
0,0.7541278163013458,0
0,0.7865528221778216,0
0,0.7921523476523473,0
1,0.7889860930735934,1
0,0.938762085137085,0
0,0.7817142302142298,0
1,0.7959260947385951,1
0,0.7997298146298144,0
0,0.8916232045732042,0
1,0.748148869594458,1
0,0.8919929403929401,0
0,0.9263692501942501,0
0,0.9620747724497722,0
0,0.782897014097014,0
1,0.7458406555862437,1
1,0.9137931374181372,1
1,0.8886459484959489,1
0,0.7761184718059717,0
1,0.7502536385398225,1
1,0.7822751415251415,1
1,0.7362157675657672,1
1,0.8565989607614608,1
0,0.9269810134310136,0
1,0.7908275974025973,1
0,0.6529903013653019,0
0,0.8012703518703519,0
1,0.8920474858474859,1
0,0.8802509518259514,0
1,0.8994725607725601,1
1,0.7873379509379506,1
0,0.8421900155400152,0
0,0.8319527278277281,0
1,0.8132751914751915,1
0,0.7764972014097015,0
0,0.8671706800552389,0
1,0.9050295704295701,1
0,0.8600560134310135,0
0,0.6994603785103783,0
0,0.7938220113220111,0
1,0.8090420274170276,1
1,0.7799256049506048,1
0,0.8780302503052501,0
1,0.8081331389199039,1
0,0.8085908452658455,0
0,0.80300854007104,0
0,0.8209423701298703,0
1,0.895584054834055,1
1,0.7614049811299812,1
0,0.9115067321567323,0
0,0.8316749777999771,0
1,0.8062961316461319,1
0,0.9061847069597068,0
1,0.9080116661116658,1
0,0.848273473748474,0
1,0.8195149211899211,1
1,0.8380948232323229,1
1,0.8942477994227994,1
0,0.8754661505161506,0
1,0.8022129111084992,1
1,0.9126997113997117,1
0,0.8949850205350207,0
1,0.8980834998334998,1
1,0.9172614829614834,1
1,0.8758352675102677,1
0,0.8690508325008328,0
1,0.8403234029859029,1
0,0.9168566988566986,0
0,0.9050316017316016,0
1,0.8236653037322155,1
1,0.8169931170137049,1
0,0.8204271556659709,0
0,0.8770118020868022,0
0,0.7823175185925183,0
1,0.9095632192369038,1
0,0.6320438256188255,0
0,0.9632452991452989,0
0,0.8878510295260298,0
1,0.7572142218892219,1
1,0.7511582181707179,1
0,0.8430219280719278,0
0,0.9100899461649463,0
1,0.8775640997890995,1
1,0.8328304495341255,1
0,0.682000255708344,0
1,0.7960373154623157,1
1,0.6836101814851817,1
1,0.8453925740925733,1
0,0.8155475330225331,0
1,0.7282406565656565,1
1,0.7753999389499391,1
1,0.8152946262071259,1
1,0.7702170274170274,1
0,0.9915505772005774,0
1,0.8240023754023755,1
1,0.7654163725163725,1
0,0.7804301541595658,0
1,0.8063538061611588,1
0,0.830817503330003,0
0,0.8692870324120322,0
0,0.9144981795981796,0
0,0.8752079836829834,0
1,0.894589393939394,1
1,0.8675567099567093,1
1,0.707362733100233,1
1,0.864689913844326,1
1,0.8095688644688639,1
1,0.7877883761663176,1
0,0.8669024780774781,0
1,0.8008994200244203,1
0,0.8972754578754583,0
1,0.7136591186591188,1
0,0.8204892662892663,0
0,0.7659029997779999,0
1,0.7279196081696081,1
0,0.9259837121212119,0
1,0.9167365759240761,1
0,0.7500016414141412,0
1,0.8879375069375066,1
1,0.7683374431124433,1
1,0.8937870962370962,1
1,0.8395016511266514,1
1,0.8532346542346543,1
1,0.7310298229548233,1
1,0.812068470418471,1
0,0.8473125763125763,0
0,0.8376049173049172,0
0,0.8182997002996998,0
1,0.9172559561353677,1
1,0.8011322409616527,1
1,0.8314066211566212,1
1,0.7942205294705296,1
1,0.7668510364635369,1
0,0.7749197607947602,0
0,0.8447174242424246,0
0,0.9650925685425689,0
0,0.798889212176712,0
1,0.914737456987457,1
1,0.7424492087161204,1
0,0.8763816666993133,0
0,0.9138933566433568,0
0,0.7438261016761015,0
1,0.7771498612498614,1
0,0.7377270895770894,0
1,0.7878896547896553,1
0,0.9553038961038963,0
0,0.9129182955932954,0
1,0.8962534363297522,1
0,0.800909251859252,0
1,0.5790386831305947,1
0,0.9735427849927851,0
0,0.8491260128760131,0
1,0.9093290112665112,1
1,0.931324789099789,1
1,0.8221091519591519,1
0,0.7861324314574315,0
1,0.9109557720057718,1
0,0.8692640873015873,0
0,0.769780530580531,0
0,0.9625516483516482,0
0,0.9004734737484742,0
0,0.9159177017427017,0
1,0.7561315646771529,1
0,0.8236646339771341,0
0,0.8861876336082217,0
1,0.8232155552780557,1
1,0.7503737720612726,1
0,0.7834538877788875,0
0,0.701943788156288,0
0,0.9465732572982574,0
0,0.7053534784659786,0
0,0.8437109909698147,0
1,0.6981151182151181,1
0,0.9146239635364635,0
1,0.7445812687312688,1
1,0.9168503246753247,1
0,0.8192905114493345,0
0,0.870572383172383,0
0,0.7797144327894328,0
1,0.8006315087690089,1
1,0.9089635105090987,1
0,0.9204046980796985,0
1,0.7005288495817901,1
1,0.8648409645909647,1
1,0.7714089188589192,1
1,0.8416542402042395,1
1,0.8243731948606947,1
1,0.7714033799533799,1
1,0.8697693584193585,1
0,0.7812210459689954,0
0,0.7994385194870494,0
1,0.8442534798534798,1
0,0.8563849456099458,0
0,0.7601587523587523,0
0,0.878963766788767,0
0,0.7734976358608713,0
0,0.8120301309801303,0
0,0.8229689837939841,0
0,0.8841186729936727,0
0,0.9165244911950792,0
1,0.876363130333718,1
0,0.7539433372183366,0
1,0.7813078005328005,1
0,0.7852528388278391,0
0,0.7936673590298595,0
1,0.7504441475191477,1
1,0.7923404395441158,1
1,0.8262860084360086,1
0,0.7652791236541231,0
1,0.8124891624457418,1
0,0.8123963453213454,0
0,0.7527674908424905,0
0,0.7859203019203023,0
0,0.6102639457764452,0
1,0.9374928783634667,1
0,0.8028874052418172,0
1,0.787460483960484,1
0,0.8380840947794894,0
0,0.9991083333333334,0
1,0.9334396464646462,1
1,0.7921008616383617,1
1,0.801815753690754,1
0,0.8468707514707513,0
0,0.9355891885891885,0
1,0.9344062826062826,1
0,0.9260635834753485,0
1,0.8326472943722948,1
0,0.9160357503607507,0
0,0.8918573803647332,0
1,0.8118547991482197,1
0,0.961441810966811,0
1,0.8200300768675768,1
0,0.8745569701540289,0
0,0.7884572659366779,0
1,0.56454744977245,1
1,0.8137306554556559,1
0,0.9112002275502274,0
0,0.8984709578003695,0
0,0.8453361111111111,0
0,0.8360244376538497,0
1,0.7978512293262295,1
0,0.7918665168165168,0
0,0.9151925768675766,0
1,0.8298535353535355,1
1,0.7921700202575203,1
0,0.6900055971805963,0
0,0.8282117854367852,0
1,0.7910648475707296,1
1,0.7548658872989754,1
0,0.8344486097236095,0
0,0.9075394629063743,0
1,0.8860027999778002,1
0,0.7685488011988011,0
0,0.9160196497946497,0
0,0.843661706104353,0
0,0.947161749361749,0
0,0.7879376179376185,0
0,0.8915325466200462,0
0,0.8249881535131532,0
1,0.8858887556887556,1
1,0.7523967116217116,1
0,0.9283712814962815,0
0,0.7145772546897542,0
0,0.839883800349977,0
0,0.8516035377204496,0
1,0.5514025321900323,1
0,0.8364653929403927,0
1,0.8789990315240315,1
0,0.9177158924408929,0
1,0.7618716755466758,1
0,0.8837428932178936,0
0,0.8021124431124423,0
0,0.8726196608946607,0
1,0.756200790875791,1
1,0.8586143134643137,1
1,0.8522114121989124,1
0,0.7627228576978581,0
1,0.7687530996780998,1
0,0.7060408952158952,0
1,0.7976662698412698,1
1,0.6603176916221035,1
0,0.7525278138528139,0
1,0.7789381739992038,1
1,0.8638886363636364,1
0,0.8963114108114112,0
0,0.8515411421911422,0
0,0.8315719734513851,0
1,0.8082686341436338,1
1,0.8092337912087908,1
1,0.9098383218089103,1
0,0.7777322215366334,0
1,0.864171153846154,1
0,0.8412525002775001,0
0,0.8637061716061716,0
1,0.9067432151182154,1
1,0.8385659645909644,1
0,0.7482738372738371,0
1,0.7307228933648056,1
1,0.621851312576313,1
0,0.9305763569763569,0
0,0.7757617164698044,0
1,0.8299403096903092,1
0,0.7101281440781443,0
0,0.7156814935064932,0
0,0.9101331335331335,0
1,0.8028309024309026,1
1,0.6407228243978251,1
1,0.7696724802974801,1
0,0.7566775807525808,0
1,0.8537558330558332,1
1,0.8928506021756015,1
1,0.7997606504606507,1
0,0.8601386752136754,0
0,0.9129935814185816,0
1,0.7513629657923777,1
0,0.8757115911865913,0
0,0.6686045315795309,0
0,0.7400011793761788,0
0,0.8219015318015315,0
0,0.728319966144966,0
0,0.7636342431261548,0
1,0.9282638306138304,1
0,0.6377601176601178,0
0,0.846905402930403,0
1,0.8361632256632257,1
0,0.6099206543456548,0
0,0.7651241813741815,0
0,0.8916690836940836,0
0,0.8854696608946608,0
0,0.88867649017649,0
1,0.8428664418914419,1
0,0.7449128149628157,0
0,0.8853359584859588,0
0,0.829308569208569,0
0,0.7621850649350651,0
0,0.8819662735956848,0
1,0.6272056693306697,1
0,0.8605689560439561,0
1,0.75456970945721,1
1,0.7986839396714395,1
0,0.8821101315351315,0
0,0.805871991896992,0
0,0.8731824086860851,0
0,0.7803799062049059,0
0,0.7485921245421248,0
0,0.8721651154401151,0
1,0.7935289551951311,1
1,0.848218967143967,1
1,0.7429984344903459,1
1,0.7154986003375707,1
0,0.8354778971028974,0
0,0.8397279109779113,0
0,0.793048931623932,0
0,0.8027829254079257,0
1,0.8061900419025416,1
1,0.9142498612498612,1
0,0.7817184371184367,0
0,0.7580027777777777,0
0,0.8342648575280929,0
0,0.7727219960594955,0
0,0.8944171717171714,0
1,0.8892253191253191,1
1,0.8562693897605655,1
1,0.8749955266955267,1
0,0.8559035270285267,0
1,0.7722115051615049,1
1,0.5970840576090585,1
1,0.7324847985347989,1
1,0.7897468198468198,1
0,0.7892518390106621,0
0,0.8299734237984238,0
1,0.8906850177600177,1
0,0.9299559496059497,0
1,0.8995700077700078,1
0,0.8922615828615829,0
1,0.847723887223887,1
0,0.9120061910311908,0
0,0.8169622571872572,0
0,0.7461937575496398,0
1,0.8010758870214749,1
1,0.8942609002109002,1
0,0.7692487706737708,0
1,0.9720895382395383,1
1,0.8924250860250862,1
0,0.9257896825396825,0
0,0.7363945818070816,0
0,0.8309037046287041,0
0,0.7685817266067263,0
1,0.7263401820401819,1
0,0.9002889471639475,0
1,0.8247163086913089,1
1,0.5939701409701408,1
1,0.7712249085881443,1
1,0.8563062076812076,1
0,0.7557057997557994,0
0,0.7447659766703885,0
0,0.9141214396714393,0
0,0.8759732004107007,0
1,0.9373372710622713,1
0,0.7322514360639364,0
1,0.8082074716949716,1
0,0.940008116883117,0
1,0.8007729076479077,1
0,0.907679847053531,0
0,0.8481967005217006,0
0,0.8501281801531803,0
1,0.8274497030747031,1
0,0.8513414363414366,0
0,0.8699463841713839,0
0,0.7902218337218336,0
0,0.9350160089910092,0
1,0.679515687090687,1
0,0.8020916666666666,0
1,0.8401258533133532,1
0,0.8956306388056389,0
0,0.9396991702741705,0
0,0.8859279359529363,0
1,0.8805065295815298,1
1,0.8750329711954711,1
1,0.8534492664198551,1
0,0.9736715506715504,0
0,0.7718784604284609,0
1,0.8012037462537465,1
0,0.8646469114219113,0
0,0.8093461427461436,0
0,0.896987626262626,0
0,0.7692534002761946,0
1,0.804197070984571,1
1,0.8807177960927962,1
0,0.8181235902985905,0
0,0.9224760822510824,0
0,0.8886420995670994,0
0,0.9031335497835496,0
0,0.8367156565656564,0
1,0.9132706200662084,1
0,0.8046949050949053,0
1,0.8412472638472636,1
1,0.705792762792763,1
0,0.8332735028860029,0
0,0.7551762876012874,0
1,0.7845079434454436,1
1,0.7529534604284599,1
0,0.9261753246753247,0
0,0.74722059052059,0
0,0.8242513514263513,0
1,0.7950570013320015,1
0,0.8899339725633842,0
1,0.8793117660117657,1
1,0.6890382478632472,1
1,0.9335472083472078,1
0,0.8181662684537684,0
1,0.8448931401931402,1
0,0.7715604145854147,0
0,0.7891398314104191,0
0,0.7834734335109335,0
1,0.7913304001554005,1
1,0.8513961399711405,1
0,0.7492365745365749,0
1,0.7276147755022756,1
1,0.7955002442002442,1
1,0.7578763320013329,1
1,0.8305672716172715,1
1,0.7912364024864025,1
0,0.8051920052170047,0
1,0.7802960372960371,1
1,0.8618163207707326,1
0,0.8555808330558331,0
1,0.822969044027868,1
0,0.6967848914973915,0
0,0.9252543631806788,0
1,0.850220970695971,1
1,0.966184487734488,1
1,0.8031734043734046,1
0,0.8815813630813628,0
0,0.8803932879212294,0
1,0.7811676351426352,1
1,0.8505167624042623,1
1,0.7349590076590079,1
0,0.7832657176157178,0
1,0.7820513143719021,1
0,0.8843262848262848,0
0,0.8685912809412806,0
1,0.8312488386613385,1
1,0.8225715219421105,1
0,0.8391180208680212,0
0,0.9301291264291263,0
0,0.8488617576867576,0
0,0.7255440254190247,0
0,0.7874615301365296,0
0,0.8793665834165831,0
1,0.8730171384171385,1
0,0.945296817071817,0
0,0.8844937978687974,0
1,0.8430415140415143,1
1,0.88906158008658,1
0,0.8317455433455434,0
0,0.9108111693861691,0
1,0.7925692529692527,1
0,0.714356456043956,0
1,0.8256300005550009,1
1,0.8163980047730046,1
1,0.85406525974026,1
1,0.7964059274059274,1
0,0.9245484126984125,0
1,0.8233792970917974,1
1,0.8228873640248637,1
1,0.8368126734376728,1
0,0.7783157786657784,0
1,0.8688920274170273,1
0,0.807736840936841,0
0,0.7200648434898432,0
0,0.7855386419136415,0
0,0.7758483044733043,0
0,0.7771465367965372,0
1,0.7995499278499276,1
0,0.7644326617826619,0
1,0.7327984279609279,1
1,0.7999678724053724,1
0,0.870795489598121,0
1,0.9486896464646465,1
1,0.8130746753246754,1
1,0.8580143567217093,1
0,0.7855593295593296,0
0,0.8467187451437457,0
0,0.6783368060044535,0
1,0.7721985750360753,1
0,0.9539226329226328,0
1,0.8675258307052427,1
1,0.8843307664557666,1
0,0.7556679487179482,0
0,0.7883456737706739,0
1,0.85896602980353,1
1,0.8605233904983907,1
0,0.8037028388278389,0
1,0.796818734043734,1
1,0.8491196719946722,1
1,0.8166451714951714,1
1,0.8683270386476267,1
1,0.7883018188510829,1
1,0.8336065725940727,1
1,0.7717993922743918,1
0,0.9903288961038961,0
0,0.7078516011766015,0
1,0.7541781801531801,1
1,0.7286278120572235,1
0,0.7475391909561028,0
1,0.8915938700188698,1
0,0.7594991573785688,0
1,0.7849981522562403,1
0,0.9037278194028201,0
0,0.9003709179709177,0
0,0.8126687756687755,0
0,0.6182046065046062,0
1,0.8083568292818292,1
0,0.9531348151848151,0
0,0.8247359057609057,0
0,0.908175958763459,0
0,0.843079276279276,0
0,0.9017140109890108,0
1,0.8129360361860355,1
1,0.7287933136308135,1
0,0.7884519119769123,0
1,0.7409724212062451,1
0,0.8932295454545454,0
0,0.8962970140970145,0
0,0.9493558219558221,0
1,0.7976002164502163,1
0,0.9081901501276499,0
0,0.7811032523032523,0
1,0.8098046685340803,1
0,0.8604619824619824,0
1,0.9406418831168831,1
1,0.7717399877899882,1
0,0.8114155455655457,0
1,0.7267152745946867,1
1,0.8842085692085692,1
0,0.773911949733273,0
0,0.8364018939393939,0
1,0.8732049700299698,1
0,0.8554408646908646,0
0,0.7609181485181488,0
0,0.7318336496836501,0
0,0.8629156204906208,0
1,0.7882873931623932,1
1,0.756505131564342,1
0,0.7882172919186072,0
1,0.8376563103563105,1
0,0.8625644633144635,0
0,0.8750409451659452,0
0,0.8822238539238538,0
1,0.8151110889110889,1
0,0.6937974598930479,0
1,0.8671385947385944,1
0,0.8933894438894435,0
0,0.8620896325896323,0
0,0.8962560411810413,0
1,0.8673235236985234,1
0,0.954400122100122,0
0,0.7216711954711955,0
1,0.8210923021423021,1
0,0.7723718295593301,0
1,0.847274333019921,1
1,0.7923073648573649,1
0,0.8367507464757464,0
0,0.8574482212232212,0
1,0.823998432123432,1
1,0.8384639654463178,1
0,0.8543670440670442,0
1,0.739790226440226,1
0,0.918839552114552,0
1,0.8459445887445886,1
0,0.787895426795427,0
0,0.9687532245532247,0
0,0.7398586371961375,0
1,0.9501165182040181,1
0,0.849446178821179,0
0,0.9814170274170274,0
0,0.7931252719502717,0
0,0.8609462426462426,0
0,0.8683687257187256,0
1,0.8147175352425349,1
0,0.8190056277056273,0
0,0.8495087190587186,0
1,0.8610531940281935,1
0,0.9191379370629372,0
1,0.9262232711732712,1
1,0.768016303141303,1
0,0.8240758713508707,0
0,0.9180504509379511,0
0,0.8452254120879126,0
0,0.8015688886277124,0
0,0.8591147205134048,0
0,0.6487369824619822,0
0,0.8358813408813405,0
1,0.8138080169830169,1
0,0.8566251415251416,0
0,0.7698590535281709,0
1,0.7892379995004994,1
0,0.9314194375069377,0
0,0.9271709096459099,0
0,0.8509531274281271,0
0,0.8874396742146743,0
1,0.8388213342213342,1
0,0.9329859418359419,0
0,0.9165167767904606,0
0,0.7938982184482188,0
1,0.7085310051060055,1
0,0.8725879648129645,0
0,0.8431767760017761,0
1,0.7888260683760683,1
0,0.8537173770673769,0
1,0.8242667277167274,1
0,0.7597589424464417,0
1,0.7597173808217926,1
0,0.8281615717615715,0
0,0.8481673035298034,0
1,0.7380831293706287,1
1,0.79247292193101,1
0,0.8850950466200462,0
0,0.8414082362082362,0
0,0.8206511918636914,0
1,0.9225670107670109,1
0,0.9541877344877348,0
0,0.8928050241425244,0
0,0.9473267149517147,0
1,0.8502651182151183,1
0,0.9368581168831169,0
0,0.8842993936618935,0
1,0.820145537795538,1
0,0.8767015678765679,0
0,0.872931651681652,0
1,0.858193376068376,1
1,0.837813639138639,1
0,0.7320853298662122,0
1,0.648448643023643,1
1,0.8705088633588636,1
0,0.837237934287934,0
0,0.9330433344433345,0
0,0.814727935952936,0
0,0.835781132756133,0
1,0.7361584998335,1
0,0.8253238539238538,0
1,0.7965810939060943,1
1,0.8078918387168387,1
0,0.7494186924186919,0
0,0.8206411917331038,0
1,0.7899193556443557,1
0,0.7181331612831615,0
1,0.6388749111999111,1
0,0.8268640692640685,0
0,0.9450089466089466,0
0,0.8004507928346164,0
0,0.7535629297173415,0
1,0.7914530205905206,1
1,0.7309710858585857,1
0,0.8014458219884691,0
0,0.801397050743374,0
1,0.9037024975024975,1
0,0.8761950771450772,0
1,0.8588305111555115,1
1,0.7688863497613495,1
0,0.9180153846153846,0
1,0.7382639221889218,1
1,0.7104925713175713,1
0,0.7867549200799201,0
1,0.861064833777334,1
0,0.8792328449328454,0
0,0.9524730089355091,0
1,0.7997496794871792,1
0,0.6956908129452245,0
0,0.8594502081252078,0
1,0.8875282398157395,1
0,0.5613038628038626,0
1,0.7743416999666998,1
0,0.8595870962370964,0
0,0.9262455155955155,0
1,0.802913730550495,1
0,0.9209288406038406,0
0,0.8112696789321789,0
0,0.9048252442002439,0
0,0.7324663378288379,0
1,0.9491578282828284,1
1,0.9431282467532466,1
0,0.8986621406371406,0
0,0.798582398157398,0
0,0.8154896714396714,0
1,0.9284277777777776,1
0,0.904664208014208,0
1,0.7933567293817291,1
0,0.8427217449217449,0
1,0.9163404734154733,1
0,0.8626146640940762,0
0,0.751180557595999,0
0,0.8448265151515149,0
0,0.7443649683649678,0
0,0.7963647657897659,0
1,0.9664459595959597,1
0,0.8313561476105592,0
0,0.7237018079143079,0
1,0.7648007667169427,1
0,0.8665340909090907,0
0,0.813694094794095,0
1,0.8667049561549564,1
0,0.6795889208014213,0
0,0.9288603026058907,0
1,0.8513058275058274,1
0,0.8703639582639577,0
1,0.8360314060939059,1
0,0.887247915972916,0
0,0.8414374569874565,0
1,0.8030426393051393,1
1,0.8912078185703184,1
1,0.7567794372294371,1
0,0.9116853013214854,0
1,0.8424028554778552,1
1,0.8602086663336668,1
0,0.9265847041847042,0
1,0.8067034257409257,1
0,0.8018766011766008,0
1,0.9177151903651902,1
0,0.8304946146990262,0
1,0.7959898740148743,1
1,0.6680529526029525,1
0,0.7514471611721619,0
0,0.853993267843268,0
0,0.8131495976245975,0
1,0.9052161976911975,1
0,0.8774893745143744,0
0,0.8553887362637361,0
1,0.7997323759573762,1
1,0.720776173826174,1
0,0.870632081807082,0
0,0.8938389499389497,0
1,0.731346323121323,1
1,0.7809872405372399,1
0,0.9076253857253859,0
0,0.911615750915751,0
1,0.8076834082584085,1
1,0.88601259018759,1
0,0.8208947108447108,0
0,0.832726576201576,0
1,0.9482847971472972,1
0,0.8599011877011878,0
1,0.7879771964146965,1
1,0.7900074356199354,1
1,0.8520938226805873,1
0,0.8988359307359305,0
1,0.7298194222444224,1
0,0.9125148157398161,0
0,0.9505291736041732,0
0,0.8343239010989006,0
0,0.9525176906426904,0
0,0.904065304140304,0
1,0.7856982350982347,1
1,0.7403279698242934,1
0,0.9355873015873014,0
1,0.8563699938949942,1
1,0.8619776431901434,1
0,0.607617898767899,0
0,0.8037339937839943,0
0,0.7735350575894695,0
1,0.9060324120324117,1
1,0.8051228021978023,1
0,0.8514899891774895,0
0,0.8961627525252523,0
0,0.8861836256880373,0
0,0.8384116772116773,0
1,0.8754887806637811,1
1,0.8297270091020095,1
0,0.7454277361527362,0
0,0.7828094683094683,0
1,0.7856285645726819,1
1,0.8593968281718284,1
0,0.8534606504606508,0
0,0.9715261904761907,0
1,0.8165981643356645,1
0,0.740668636918637,0
0,0.8577248556998558,0
0,0.9832511904761905,0
0,0.8452558460545297,0
0,0.8820883422133421,0
1,0.8753379037629031,1
1,0.8148520437895437,1
0,0.8602246392496399,0
1,0.8018582251082252,1
1,0.7867204787043022,1
0,0.7671267399267403,0
1,0.8450205697080696,1
0,0.7170615564990568,0
1,0.8458478327228325,1
1,0.9161099206349204,1
1,0.86381858003108,1
0,0.8577439855895738,0
1,0.8556863636363637,1
0,0.8186607808857805,0
1,0.7548548507048505,1
1,0.7710885642135645,1
0,0.8739347121016237,0
1,0.7156051712176708,1
0,0.8718478049728047,0
1,0.8906325906120022,1
1,0.7161432123432125,1
0,0.8793295149295148,0
0,0.8741830511593668,0
1,0.8427002386502386,1
1,0.8462400807525805,1
1,0.7941264541014541,1
1,0.7928234834609831,1
0,0.7536570387945392,0
0,0.6664052248405186,0
1,0.7684510545010548,1
1,0.8367824397824394,1
0,0.7724070443445448,0
0,0.8719793244337364,0
1,0.6200691401735521,1
1,0.7253466633040169,1
1,0.8191384892884888,1
0,0.8376661026881617,0
0,0.8877388972138973,0
0,0.9250843434343433,0
0,0.8033395243645247,0
1,0.7203248794506152,1
1,0.7887707792207789,1
0,0.7862091977466975,0
1,0.7365563557357676,1
0,0.8460115204240207,0
0,0.7468409572453691,0
1,0.8359214646464652,1
1,0.7549393439893439,1
0,0.8861351426351425,0
1,0.8312200854700849,1
0,0.7807480644355643,0
1,0.7676352619602622,1
1,0.8264695887445888,1
0,0.7696046592296589,0
1,0.9168858363858362,1
0,0.7762638722388722,0
1,0.888276651126651,1
1,0.8490527777777777,1
0,0.7633440143190146,0
0,0.8121276667776669,0
0,0.718710878010878,0
1,0.9326054750804748,1
1,0.7992009601509601,1
0,0.8608739565989569,0
1,0.8361375235875238,1
0,0.9303971028971028,0
1,0.6451944999444997,1
0,0.6039856671106674,0
1,0.8497959124209127,1
0,0.7935576506826512,0
0,0.722981475468976,0
1,0.8639707653457652,1
0,0.9281393703518702,0
1,0.8224329503829505,1
1,0.7904349761349766,1
1,0.8189019751490342,1
0,0.7957436207583262,0
1,0.8827665653790652,1
0,0.9037057844932845,0
0,0.7928159035409036,0
0,0.7756745336964377,0
0,0.8679197548366663,0
0,0.8917300671550671,0
1,0.8268833448414331,1
0,0.94940578033078,0
0,0.8410698190698194,0
1,0.7762235847485845,1
1,0.7938789432789431,1
0,0.9203775613275611,0
0,0.8709633005883004,0
0,0.7117865634365632,0
1,0.7731127233877232,1
1,0.80106862998113,1
0,0.8198112776112776,0
0,0.9288555916305917,0
1,0.7874376609501608,1
0,0.6100212648462653,0
1,0.7862639388389387,1
0,0.8504392385392382,0
1,0.8797111666111663,1
0,0.7423661949161947,0
0,0.8384509379509382,0
0,0.8975498945498943,0
1,0.7890167637917639,1
1,0.9094921883671885,1
0,0.6921448331080685,0
1,0.8223804029304027,1
0,0.8971970834720835,0
0,0.7744166555666556,0
0,0.9532634865134864,0
1,0.9073465284715287,1
0,0.8245855339105342,0
1,0.7285905511155508,1
0,0.8696612304362304,0
1,0.805667732267732,1
1,0.8251450105450108,1
0,0.9685733322233322,0
1,0.8571479270729273,1
0,0.8198320013320016,0
1,0.9059190115440111,1
0,0.9351078144078143,0
0,0.8587759684759689,0
0,0.806456340881341,0
0,0.8732340252884367,0
0,0.8009029912897556,0
0,0.8640704212454214,0
0,0.7141738178488174,0
0,0.8566204850704848,0
0,0.8051346819846817,0
0,0.93683827006327,0
0,0.7457034512872748,0
1,0.7565920177045173,1
1,0.7603999847374847,1
1,0.7746376831501832,1
0,0.7863135420135421,0
0,0.8678448773448771,0
1,0.8051301014345129,1
1,0.5960892718392717,1
1,0.8366359362859365,1
1,0.8331352300477294,1
0,0.7054229853479855,0
0,0.8012406704406703,0
1,0.8654609178403297,1
1,0.81405825008325,1
0,0.7260188922188925,0
1,0.8793054834054832,1
0,0.89184280996781,0
1,0.8608592907092905,1
1,0.8036452547452547,1
0,0.866933080808081,0
0,0.8416355450105453,0
0,0.9692145743145746,0
0,0.7467769189144187,0
1,0.7819648074148077,1
0,0.9234318542568546,0
0,0.8812913308913309,0
0,0.7361595848595845,0
1,0.872235780885781,1
0,0.89731731046731,0
0,0.7640157620157615,0
1,0.8189045454545456,1
0,0.8510040084915085,0
1,0.8013885961260959,1
0,0.6847500124875127,0
1,0.8847843808968812,1
1,0.7918013139638137,1
0,0.7721569402819399,0
1,0.8490716394716398,1
0,0.7929418279432985,0
0,0.8126120962370964,0
0,0.9070911616161614,0
0,0.6960422757797755,0
0,0.7437514731183844,0
0,0.7924739801864804,0
1,0.8259762487512488,1
0,0.8749227161727164,0
0,0.7439431818181816,0
0,0.8142005716505715,0
1,0.8253910755910758,1
1,0.8100005078255075,1
1,0.8515541958041959,1
1,0.8307116175491176,1
1,0.7294512043512046,1
1,0.798788000888001,1
1,0.9157512987012986,1
1,0.8368624116079998,1
1,0.820897191697192,1
0,0.9251202158952156,0
1,0.807725022200022,1
1,0.6754246820173286,1
1,0.7397383207478795,1
1,0.5892051837051836,1
1,0.8802194444444444,1
1,0.8583383477633478,1
0,0.8370807607425251,0
1,0.740712661929574,1
0,0.925070587745588,0
1,0.9037709235209236,1
1,0.8743311660561659,1
1,0.8479642857142856,1
0,0.9501521534021534,0
0,0.7963127691752689,0
1,0.8018134454597696,1
1,0.8580951437451441,1
1,0.7553761988011991,1
1,0.9646732212232211,1
0,0.7978369917664038,0
1,0.9202927017427018,1
1,0.7930638153513152,1
1,0.869224087024087,1
1,0.695872975635476,1
0,0.6526226995226996,0
0,0.8970798219754103,0
0,0.7333599483849489,0
0,0.8515729352346998,0
0,0.8402579281829279,0
1,0.8239725278806156,1
1,0.898483157120657,1
1,0.8861169746919748,1
1,0.8529350815850817,1
1,0.7956254662004661,1
1,0.7547785686535687,1
1,0.7926804112554117,1
0,0.8461939393939386,0
1,0.931350468975469,1
1,0.8550706626706629,1
0,0.7632733724608727,0
0,0.9425604867354869,0
0,0.7391526346202817,0
0,0.9038546800421797,0
0,0.9664595238095239,0
0,0.9489708402708403,0
0,0.7689300935175939,0
1,0.7485365440115438,1
0,0.9343992646242646,0
1,0.8685767635142633,1
0,0.8792252109002108,0
1,0.7224949819788055,1
1,0.7704724709930596,1
1,0.8293837306484361,1
1,0.7789789904539902,1
0,0.900084262959263,0
0,0.8438168803418805,0
1,0.9088856199356193,1
0,0.8422587246087248,0
1,0.7740029359529353,1
0,0.860300302475303,0
1,0.8488425352425354,1
1,0.8398977564102567,1
1,0.786840368841685,1
0,0.7870895499237603,0
1,0.8462383061383065,1
1,0.834859215784216,1
1,0.9267769480519481,1
1,0.8338589382839381,1
0,0.8856313020313024,0
0,0.7161875608052081,0
0,0.9637875541125542,0
1,0.8864873376623372,1
1,0.8242846320346318,1
1,0.8116417610167607,1
0,0.784355772005772,0
1,0.8103372044622041,1
1,0.7975956571206574,1
1,0.907198013098013,1
1,0.5103270174270172,1
0,0.8175284909534899,0
1,0.9165419372294368,1
0,0.8244200961620083,0
0,0.6417261890886891,0
0,0.9527195082695084,0
0,0.8447368270618271,0
1,0.7419155762538115,1
1,0.772804625929626,1
0,0.8041124458874459,0
0,0.8642504356754357,0
0,0.8568416805416808,0
1,0.6916489732489735,1
1,0.802117098179598,1
0,0.8134970973470977,0
1,0.8388202297702295,1
0,0.9634178710178712,0
0,0.8703896214896217,0
0,0.8923320346320345,0
0,0.6896802863802862,0
1,0.8129531440781446,1
1,0.76936143023643,1
1,0.9003767482517483,1
1,0.7082109251859252,1
0,0.8466677849927849,0
0,0.8526949845905727,0
1,0.7935768093018098,1
1,0.7971163729244611,1
1,0.9175711149961148,1
0,0.80805989010989,0
0,0.8518658091908091,0
0,0.8569514430014433,0
0,0.89399816017316,0
1,0.8071882672882671,1
0,0.744871279863927,0
1,0.7770507908757913,1
0,0.8189712856587856,0
1,0.8843125180375181,1
1,0.7773335830835831,1
1,0.8579379107004105,1
1,0.8668913697413697,1
0,0.8969035353535352,0
0,0.7585566960816961,0
1,0.8849295621045619,1
1,0.914992266067266,1
0,0.7949997252747254,0
1,0.7646167665667665,1
1,0.9540339826839825,1
0,0.6685597929847934,0
1,0.7124842177430414,1
1,0.8626624833499834,1
1,0.8025992396492397,1
0,0.7450268814518817,0
1,0.8842618908868912,1
1,0.8418685606060605,1
1,0.7840765900765905,1
0,0.8074527241764082,0
0,0.9078060939060939,0
1,0.7929641497391492,1
0,0.7673994255744261,0
1,0.7995160783660783,1
1,0.7195928432678433,1
0,0.7766269541131381,0
0,0.8743878219003219,0
1,0.8642686174936175,1
0,0.8309833694083693,0
0,0.8942441086691088,0
0,0.9885852019325705,0
1,0.573147906260406,1
0,0.7385245324120321,0
1,0.8709346792096789,1
0,0.9486934995559997,0
1,0.6804574203574202,1
0,0.7695834693084699,0
0,0.8996901515151512,0
0,0.8775169743655039,0
1,0.7770851148851146,1
1,0.9013189033189036,1
0,0.7882017080142082,0
0,0.8530585414585418,0
0,0.7942056582306571,0
0,0.7675879287379282,0
0,0.8190812728937731,0
0,0.6714177170052165,0
0,0.7940383741258741,0
0,0.7210004578754576,0
0,0.859030222391987,0
1,0.7094711094461096,1
0,0.9096683760683759,0
0,0.816142271617272,0
0,0.8357115717615715,0
0,0.7880815392940395,0
0,0.8778065170940168,0
0,0.901168144600497,0
0,0.7206809200603318,0
0,0.7229777278277275,0
0,0.8761738816738817,0
0,0.6940986291486299,0
1,0.755408250491339,1
1,0.8260805125430123,1
1,0.7943486412280529,1
1,0.7445823565323567,1
0,0.8745497863247859,0
0,0.8361397491397491,0
1,0.7478611804861801,1
1,0.873188566988567,1
1,0.7871898906648902,1
1,0.7474648962148966,1
0,0.8353308730742935,0
0,0.7822875638250638,0
1,0.8429258519258518,1
0,0.8377430846930842,0
0,0.8096142857142858,0
0,0.869748917748918,0
0,0.8597383977133973,0
0,0.7842268162393159,0
0,0.7835224372849363,0
1,0.8308283397158397,1
1,0.9204551184926186,1
1,0.8569219266844265,1
1,0.8335041708291712,1
0,0.9983979797979798,0
1,0.934424261849262,1
0,0.8614443611943615,0
0,0.8972739468864469,0
0,0.8632958846708847,0
1,0.8768255161505162,1
0,0.8487159410034406,0
0,0.723322441447441,0
0,0.942181607281607,0
0,0.844286161632485,0
1,0.8389998138299609,1
1,0.8671437257187259,1
0,0.5758323168661403,0
1,0.8788065989565991,1
0,0.9281313741813737,0
0,0.8660810106560105,0
1,0.7731755230880231,1
0,0.8739633255633252,0
1,0.7831591200466206,1
1,0.8096069459951817,1
0,0.7951380674880674,0
0,0.7208109695859695,0
0,0.8498386863136864,0
1,0.8500342809967811,1
0,0.8949637917637915,0
0,0.8282819819069822,0
0,0.8134865440115442,0
0,0.9532925019425019,0
1,0.8116117132867129,1
1,0.8231182178932174,1
0,0.8141349001488706,0
1,0.8277986499611498,1
1,0.7243605991230991,1
0,0.8423967181511298,0
1,0.8841313039901274,1
0,0.9404433455433456,0
0,0.7449674533799532,0
0,0.9171484848484848,0
0,0.7956406343656345,0
0,0.7471929562267797,0
0,0.9063709003414883,0
1,0.808322108447109,1
0,0.8695134143634148,0
1,0.8347193056943057,1
1,0.8812424603174606,1
1,0.8318969585969587,1
0,0.8863920912420912,0
1,0.8091983433233433,1
1,0.887271124708625,1
0,0.8504165556665555,0
0,0.8462227464056413,0
0,0.8633949161949165,0
0,0.7311404248529245,0
0,0.8637888333888337,0
1,0.880588247863248,1
1,0.8549892718392719,1
0,0.913719812132312,0
0,0.9169636363636365,0
1,0.6830810828060826,1
0,0.7072684232434234,0
0,0.8646688519813515,0
1,0.6860096847596847,1
1,0.74074454989455,1
0,0.8354355505605509,0
0,0.839930483405483,0
0,0.9767685286935286,0
0,0.7883830502830503,0
1,0.7985894230769236,1
1,0.853597044622045,1
1,0.8440330586080584,1
1,0.7951045745920746,1
0,0.8240863957937486,0
0,0.8498614524364527,0
1,0.9243808802308804,1
0,0.9714455128205127,0
0,0.7472247789791906,0
1,0.8558041181041185,1
1,0.8734476051726049,1
0,0.9149226551226552,0
0,0.7554647366522363,0
1,0.7807978951303256,1
1,0.7579872072372071,1
0,0.8470353896103896,0
0,0.8580661477411475,0
0,0.8656970945720949,0
1,0.8500970418470416,1
1,0.7954003635253631,1
0,0.7964114857364856,0
1,0.9126970432345434,1
1,0.8684215520590518,1
0,0.5828163338295695,0
0,0.8446455072705074,0
1,0.7027236388611389,1
1,0.8705935966810966,1
0,0.7414076506826507,0
1,0.8849773989898991,1
0,0.8184375041625043,0
1,0.8246029664779657,1
0,0.8669250166500168,0
1,0.8343338411588412,1
1,0.7787196664446664,1
0,0.8124986027861028,0
0,0.85681762959263,0
0,0.8651145077145082,0
0,0.8479405067155066,0
1,0.8210818431568433,1
0,0.8172062881562882,0
0,0.7838501359751364,0
1,0.9042806138306133,1
1,0.6092704600954599,1
0,0.6974674408924411,0
0,0.6850474442224436,0
0,0.8444885725385722,0
0,0.7509616008991006,0
0,0.8838837912087911,0
1,0.6196577700077702,1
0,0.8878006229881226,0
1,0.9007077616827615,1
0,0.8077531621156627,0
0,0.8586217976467977,0
1,0.7396422521922523,1
1,0.7884150738150738,1
0,0.8266654476242711,0
0,0.8623470473970473,0
1,0.6003941817985935,1
1,0.8700249500499508,1
1,0.963303388278388,1
0,0.7938787420912418,0
1,0.9224316045066046,1
1,0.8843095321345321,1
1,0.776176372238872,1
1,0.6475120684870689,1
0,0.8395769910644908,0
0,0.7235388472638474,0
1,0.8767937118437117,1
0,0.7736547085267674,0
0,0.8249003316128315,0
0,0.8077051020874548,0
0,0.7966490537240538,0
0,0.9171385780885777,0
0,0.9420642607392604,0
1,0.7542589049839047,1
1,0.831274455691367,1
0,0.8893039654789653,0
0,0.7707739746364742,0
0,0.7454069846819844,0
0,0.8250525793650798,0
1,0.7305175231631111,1
0,0.8703999278499279,0
0,0.8666233914778028,0
1,0.8453012376512375,1
1,0.8334834387834384,1
0,0.8089111111111107,0
1,0.879390707903208,1
1,0.7325625333000334,1
0,0.7327894355644359,0
0,0.916988331113331,0
0,0.827004895104895,0
0,0.8269075091575093,0
1,0.7053353923853923,1
1,0.661194855308091,1
1,0.8218232503607502,1
1,0.8082167818292822,1
0,0.8668702908202902,0
0,0.8698576562326563,0
0,0.8595026584526588,0
0,0.7533956127206124,0
1,0.7854856310356312,1
0,0.825774392274392,0
0,0.8476019204479732,0
1,0.8751573676323678,1
1,0.7578428488178484,1
0,0.7391067890442887,0
0,0.9543834193584191,0
0,0.865406106393606,0
0,0.7780722166722168,0
0,0.7868311272061271,0
0,0.7825908480408486,0
1,0.7414124742904153,1
0,0.7024357253857255,0
0,0.8951659174159176,0
0,0.8173543040293043,0
1,0.8897974247974247,1
0,0.7595504426129421,0
0,0.7819429431679434,0
1,0.7301058608058608,1
1,0.8257559232434236,1
1,0.7532361860361856,1
1,0.8791619408369407,1
1,0.7514076728826732,1
1,0.9841968253968256,1
1,0.8082004009879006,1
1,0.8418739260739263,1
0,0.8173052919302918,0
1,0.7637497419247417,1
1,0.7855176823176826,1
0,0.7344264665889666,0
0,0.7275948662448657,0
1,0.8527126900876898,1
0,0.8681745629370626,0
0,0.8748350080475077,0
0,0.8193950937950937,0
1,0.8160719863469864,1
0,0.8395551587301593,0
1,0.7779795371295372,1
0,0.8192518889607127,0
0,0.8996272182066298,0
0,0.6773161893661891,0
0,0.8487498848373847,0
0,0.833139153901654,0
1,0.7813605366855368,1
0,0.9001799131424131,0
1,0.9208859668109668,1
1,0.7622099608724606,1
1,0.8626573121323118,1
1,0.7960473998224001,1
0,0.8537216477966478,0
0,0.8498506854256861,0
1,0.7940711029166911,1
0,0.8197388417138417,0
0,0.7333976828726826,0
0,0.918508658008658,0
0,0.861519626207126,0
0,0.695427401356813,0
0,0.7320717046842052,0
0,0.912944408369408,0
1,0.7776151792651796,1
1,0.7501288142413141,1
0,0.808711621385151,0
0,0.9537685342435342,0
0,0.967037950937951,0
1,0.8358441558441555,1
0,0.8011467782217784,0
0,0.9263692390942394,0
0,0.9866104395604396,0
1,0.8741134956546723,1
0,0.8430983308358307,0
1,0.7672365356865357,1
1,0.7843872877122879,1
0,0.7102826284826281,0
0,0.8632425949050949,0
1,0.7951067626817627,1
0,0.836204445554446,0
1,0.8889409978909978,1
0,0.8825627289377286,0
0,0.8646567599067595,0
1,0.7104243783993782,1
0,0.8280109099234103,0
0,0.8259751443001444,0
1,0.8343796855921859,1
0,0.8309431901431898,0
0,0.8202776723276723,0
1,0.9743408730158731,1
0,0.6805880772005775,0
0,0.8110479353979355,0
1,0.8401997086247088,1
1,0.8023838938838942,1
0,0.7490089947634067,0
0,0.8028398199023199,0
1,0.9189135392385395,1
0,0.861352097902098,0
0,0.8447340354090357,0
0,0.9300257464757462,0
0,0.8992812548562549,0
1,0.7333354062604059,1
0,0.8584525141525138,0
0,0.9299554140304137,0
0,0.8623786297036297,0
1,0.847370443445444,1
0,0.6831977661227657,0
0,0.7578258024869865,0
0,0.9120515151515152,0
0,0.7963492535242538,0
0,0.8496611360861362,0
0,0.9066877788877785,0
0,0.7363898088023091,0
1,0.9203901154401155,1
1,0.6526858835608833,1
1,0.8795463536463536,1
1,0.8601365384615388,1
0,0.8110540005745891,0
1,0.7272592583886702,1
0,0.9254160533910529,0
0,0.8693371517371521,0
1,0.8619588161838164,1
0,0.8709375939420058,0
1,0.767483051262463,1
0,0.8740617701742699,0
1,0.8458286893661899,1
0,0.8424966061716066,0
0,0.7803129065379065,0
1,0.8784917277167279,1
1,0.8260479797979801,1
0,0.8296871073371075,0
1,0.782303368853369,1
0,0.772258608058608,0
0,0.8158130855255854,0
1,0.7188584665334663,1
1,0.7638140331890331,1
1,0.7898368936618938,1
0,0.6908546786546786,0
0,0.6565452650290886,0
0,0.9023064435564434,0
1,0.7577244477744479,1
0,0.9080280816405817,0
1,0.8929923160173164,1
0,0.779639577089577,0
0,0.8638502469752469,0
0,0.8623727217227214,0
0,0.9150879287379287,0
1,0.7718469336219341,1
0,0.7660709301534376,0
0,0.7760539460539462,0
1,0.8391750832500832,1
0,0.8275050990675992,0
1,0.75073842962593,1
1,0.8937072760572758,1
0,0.8735924630924629,0
0,0.9438110750360753,0
0,0.9082781968031969,0
1,0.8516795006464124,1
1,0.8041231795981792,1
0,0.7707188117438118,0
1,0.6802384105273811,1
0,0.7679028901653905,0
1,0.7878268332974218,1
0,0.824447190881014,0
0,0.9242815684315685,0
0,0.878865057165057,0
1,0.6945704198192588,1
1,0.731022727272727,1
0,0.6405683409727522,0
0,0.6768182844932841,0
0,0.8919521367521371,0
0,0.8910768037518038,0
0,0.786825457875458,0
0,0.8550700549450551,0
0,0.8594065406815409,0
1,0.834494696969697,1
0,0.7533007048507052,0
0,0.8102490196078432,0
0,0.9636656010656012,0
1,0.773429291541792,1
0,0.9563452741702745,0
1,0.7869968753468753,1
0,0.7675742229992231,0
0,0.9269540404040403,0
0,0.8884373099123101,0
0,0.8550509074259066,0
0,0.8140146887426296,0
0,0.8680403226890069,0
1,0.7394322251278135,1
0,0.8328544372294371,0
0,0.6625015262515263,0
1,0.8378218448218447,1
0,0.8070545214589333,0
1,0.9426059176934177,1
0,0.8499199206022741,0
1,0.8120162684537686,1
1,0.8440454323454325,1
1,0.8042956127206128,1
1,0.9001616716616716,1
0,0.9582544982794984,0
0,0.7134467406604402,0
0,0.9010931564350682,0
1,0.8132729659229662,1
0,0.7542017159311276,0
0,0.9024931554556553,0
1,0.7674670548019238,1
0,0.8807052489177487,0
0,0.8264230075480069,0
1,0.9156751332001329,1
0,0.7919639499389499,0
1,0.7907262820512818,1
0,0.8667723384458678,0
0,0.9428035103785103,0
1,0.7301189111542055,1
0,0.9334394633144637,0
1,0.7237655788655787,1
0,0.8413582029082031,0
1,0.904722668997669,1
1,0.8519811674436674,1
0,0.8998123515373515,0
0,0.7784919611434317,0
1,0.8708014023558144,1
0,0.9385820041070044,0
0,0.7802860986235989,0
0,0.9650164862914862,0
0,0.8902368520368518,0
1,0.8831513199219078,1
0,0.9270593545343548,0
0,0.773788304750805,0
0,0.8763695110445119,0
0,0.8157607448107448,0
1,0.818314133089133,1
0,0.8636515651015649,0
1,0.7395186674436676,1
0,0.8370565670440666,0
1,0.8100491785991787,1
0,0.7858286061161059,0
1,0.6798548784548782,1
0,0.7514824481074475,0
0,0.8635674200799203,0
0,0.7756923405842526,0
1,0.8224515886890883,1
1,0.8310279553779555,1
1,0.9318261544011546,1
0,0.6945259546009547,0
0,0.666990126540126,0
0,0.844273262848263,0
0,0.7600947427572432,0
0,0.7168677031302034,0
1,0.8575145493395496,1
1,0.7520191544566541,1
0,0.8799004910122553,0
1,0.8105618742368745,1
0,0.8508541358967828,0
1,0.7266553918303915,1
0,0.7641416611166616,0
1,0.8225802516927515,1
0,0.8257377816627817,0
0,0.8158286199911199,0
1,0.6730261627261626,1
1,0.8488439005439011,1
0,0.6514460900210907,0
1,0.8076739385614387,1
1,0.8944005855255855,1
0,0.8681458263958263,0
1,0.7963195054945056,1
1,0.7588783383283386,1
0,0.8107207952994717,0
0,0.7974711469086464,0
1,0.8886507936507937,1
0,0.7672715775452615,0
1,0.8577816322566316,1
1,0.8453055611055609,1
1,0.8354506493506492,1
1,0.928028932178932,1
0,0.8795951215451216,0
0,0.8147656968031967,0
1,0.8356873071373069,1
1,0.7358416638916639,1
1,0.8241260059385055,1
1,0.801744871794872,1
0,0.7196017205017207,0
1,0.7419970592273226,1
1,0.7978903429903431,1
0,0.7923455405705411,0
1,0.87945487012987,1
0,0.8486615588659706,0
0,0.8555839632589632,0
1,0.7644207445332444,1
1,0.8236360722610724,1
0,0.9055752150627149,0
0,0.8896924848843962,0
1,0.7148494977244975,1
0,0.8376105880230881,0
1,0.8554249750249753,1
0,0.8596312206799046,0
0,0.8437382978132977,0
0,0.8919501443001445,0
0,0.8752178571428572,0
0,0.7199711177711178,0
0,0.8253710121577768,0
0,0.8485381313131312,0
0,0.946748001998002,0
1,0.7904538253413252,1
0,0.704313333888334,0
1,0.8334808191808194,1
1,0.7588524100899101,1
0,0.6776206729544962,0
1,0.8254712176712173,1
1,0.8179233887028007,1
1,0.8041832611832612,1
0,0.8467576562326562,0
0,0.9141937326562327,0
1,0.8778591630591628,1
1,0.8426271090021091,1
1,0.8585802308802313,1
0,0.8315481011678375,0
0,0.6235246051334286,0
0,0.8274451354201358,0
1,0.8085180597180595,1
1,0.8287032986621221,1
1,0.8155849844599846,1
0,0.8259910797535798,0
1,0.8593306388056389,1
0,0.826371816663728,0
0,0.8117425532800535,0
1,0.8449218864468866,1
1,0.8668556887556885,1
0,0.9010200438450442,0
0,0.8579041458541458,0
1,0.8219765914640913,1
1,0.7640748765123767,1
0,0.6001279212617446,0
1,0.8838181346431344,1
0,0.9425014319014322,0
1,0.8996704396910279,1
0,0.7039351148851153,0
1,0.7700136405261407,1
0,0.9137342907092908,0
0,0.9153333139083133,0
1,0.8304376512376515,1
0,0.7558875416293371,0
0,0.7995974350812581,0
0,0.758623747086247,0
1,0.7650624486624488,1
0,0.8072272283272283,0
1,0.7819654026529023,1
0,0.7918723623598626,0
1,0.7391422743922749,1
1,0.77747927578957,1
1,0.8236220529470535,1
0,0.7974342990342992,0
1,0.8069288725163726,1
0,0.9038968600843602,0
0,0.9399926018426019,0
0,0.8167149517149517,0
1,0.7898747482050112,1
1,0.8346299117549117,1
1,0.7707021811521814,1
0,0.9038296675546674,0
0,0.8387595987345986,0
0,0.8081522047397045,0
1,0.8143139665889667,1
0,0.8564787740037739,0
0,0.7291910242535241,0
1,0.822740961815962,1
0,0.903068894993895,0
0,0.7121851759351758,0
0,0.8640551698301698,0
0,0.9159959956709957,0
1,0.9977118575868577,1
1,0.8728738826532945,1
0,0.7501207893413774,0
0,0.9194202630702631,0
1,0.8256995781995782,1
1,0.812346694971695,1
0,0.8029218134806368,0
0,0.8198326867576866,0
1,0.830873373848374,1
0,0.8401344003219003,0
1,0.8736896853146855,1
0,0.7347835997335994,0
0,0.7367713730713732,0
1,0.7832333849157384,1
0,0.8477496114996106,0
1,0.910433162670663,1
0,0.8844252414252416,0
1,0.8131794011544011,1
0,0.8296863747363746,0
1,0.9046591769341774,1
0,0.914687547175047,0
0,0.8442594100344094,0
1,0.8284430200518439,1
1,0.8024875374625371,1
0,0.9622955988455986,0
0,0.784612226662227,0
1,0.6914283827283824,1
1,0.8958719918969917,1
1,0.9371817821067822,1
0,0.8736663392163394,0
1,0.8911547646797646,1
1,0.8444054889554888,1
1,0.7211192446442447,1
0,0.8740138417138416,0
1,0.8353227522477523,1
0,0.9278481379731379,0
1,0.7700196137196135,1
0,0.9169641174185296,0
0,0.9186149877899881,0
1,0.941841258741259,1
0,0.7815673687423685,0
0,0.9268800754800757,0
1,0.8999273060273058,1
1,0.7949055472305475,1
0,0.9635965687090687,0
1,0.6683371164782924,1
0,0.7773829978844681,0
0,0.8531634781884782,0
0,0.798377558552559,0
1,0.7941930042180041,1
1,0.8222073273948282,1
0,0.9099577811077812,0
1,0.8094794816294822,1
1,0.8067128787878789,1
0,0.9205769480519478,0
1,0.6166276334776336,1
0,0.8463133588633583,0
0,0.8337678238428238,0
1,0.9217865107115105,1
1,0.7903022005772002,1
1,0.7851459776334775,1
1,0.7613781329781328,1
0,0.8044726800976798,0
0,0.8598553280053279,0
0,0.895505537006853,0
0,0.9494234206153324,0
0,0.8180494061494065,0
0,0.7530852009102005,0
0,0.8422041708291707,0
1,0.8570453102453104,1
1,0.7638399711399712,1
1,0.8678486235986238,1
0,0.8993219003219003,0
0,0.8377411560661564,0
0,0.8841252414252412,0
1,0.7034051975801972,1
1,0.7868570707070707,1
1,0.7889231768231769,1
0,0.7544693001443001,0
0,0.9048293179043182,0
0,0.8754021395271394,0
0,0.8019150474525465,0
1,0.9346355921855921,1
1,0.6470091325341323,1
1,0.6439271714396715,1
1,0.7674415473415478,1
0,0.9027913725163725,0
1,0.8022690830411421,1
0,0.8460405844155837,0
1,0.8057501221001218,1
1,0.8322663530913529,1
1,0.8315866133866134,1
1,0.8266034548784545,1
0,0.8690559995559994,0
1,0.8233451368076364,1
1,0.8288754995004992,1
1,0.8653998265623265,1
0,0.7932132728382729,0
0,0.8823565545565548,0
0,0.9288294275169277,0
1,0.773908286158286,1
0,0.7829257131757131,0
0,0.8306272935397933,0
0,0.9093245587745585,0
0,0.7315663059163056,0
0,0.9174628121878123,0
0,0.8964562049062047,0
1,0.8631457142530676,1
0,0.814387062937063,0
1,0.9373592352092348,1
0,0.8033123332549797,0
1,0.7443686494061496,1
0,0.8276450854700849,0
1,0.7232662476412476,1
1,0.8152291403041405,1
0,0.7866848522392634,0
0,0.7747039488289488,0
0,0.8802890415140417,0
0,0.9084852813852812,0
0,0.9063261738261742,0
0,0.7086288007743892,0
0,0.8491741813741815,0
0,0.8768136104091986,0
0,0.733531647682383,0
0,0.8717714156758276,0
0,0.8357714646464646,0
1,0.8412404914529916,1
1,0.8499106684981685,1
0,0.8571117562992568,0
0,0.7358159729159731,0
0,0.6553486013986015,0
0,0.7604651461283817,0
1,0.9193924186924188,1
1,0.7941320263070265,1
1,0.8730643939393937,1
0,0.8366770234667293,0
0,0.9239613913863912,0
1,0.8611454295704298,1
1,0.8608441461316463,1
0,0.7848349955599956,0
0,0.8179040348540347,0
0,0.8447544427794424,0
0,0.8855533688533691,0
1,0.8411375652125657,1
0,0.9691184704184705,0
1,0.8555281052281051,1
1,0.772921106671107,1
1,0.7438231449106448,1
0,0.7148917637917636,0
1,0.9082024753024753,1
1,0.7283434426684425,1
0,0.6947608502608499,0
1,0.8820729381729383,1
0,0.8831815656565661,0
0,0.7952515068265069,0
0,0.881348154623154,0
0,0.7601392399267399,0
0,0.9220927849927849,0
0,0.9107929181929185,0
0,0.8380813408813408,0
0,0.8921791097791094,0
1,0.8653511724386725,1
1,0.8514414141414144,1
0,0.7073171689421691,0
0,0.8181533549783554,0
1,0.8861129759129758,1
0,0.8904620129870133,0
1,0.8376433732933729,1
0,0.8869083305583303,0
1,0.9243040764790763,1
1,0.8311030511155512,1
0,0.8589538905538906,0
0,0.9157378704628706,0
1,0.8480091491841499,1
0,0.8235648962148956,0
0,0.7931508917553032,0
0,0.9202204545454541,0
1,0.8688434315684319,1
0,0.7616299214674213,0
0,0.9390574314574315,0
0,0.8077634490509491,0
0,0.8252566378066377,0
0,0.8371254523254522,0
0,0.8820899350649353,0
0,0.682621039194723,0
1,0.8159775391275391,1
0,0.7919338050838048,0
0,0.7798476051726054,0
0,0.878972025197025,0
0,0.7806807747807752,0
0,0.9036776445776448,0
1,0.7676405899655901,1
1,0.9466996031746032,1
0,0.8153039196914201,0
1,0.7781280719280719,1
0,0.9092915094709214,0
1,0.8717035353535354,1
1,0.7974675102675102,1
0,0.8376521534021537,0
1,0.818879888167388,1
0,0.7457727355977354,0
0,0.8202662920412922,0
0,0.8284821345321344,0
0,0.8825965367965372,0
0,0.8450995670995674,0
0,0.5916247946497946,0
1,0.5189139096197918,1
0,0.8852380272505277,0
1,0.9253811660561658,1
0,0.9205988455988456,0
1,0.8552140748140747,1
0,0.7729808552558552,0
0,0.9096427988677984,0
0,0.8201791333666337,0
1,0.801219118892803,1
1,0.8663247197247197,1
1,0.9008038822288819,1
1,0.8331831668331671,1
0,0.7719981102231102,0
0,0.8745821095571097,0
0,0.7831121324753676,0
0,0.8039741758241766,0
0,0.9548383477633474,0
0,0.9645131646131647,0
1,0.7987164640914645,1
1,0.7685672286047285,1
1,0.8023100135975137,1
1,0.8588915945165948,1
0,0.8162659590409592,0
0,0.8769826423576422,0
0,0.9064772033522029,0
0,0.8979787268287269,0
0,0.8640926406926411,0
0,0.9106421939171939,0
0,0.67653291014541,0
1,0.6363108942528058,1
0,0.8695043539793539,0
1,0.8256745046620043,1
1,0.8867534160284158,1
1,0.8263261668886669,1
0,0.8731726134976137,0
1,0.7970134310134308,1
1,0.8891055486180487,1
0,0.7554649739149744,0
0,0.8147009157509157,0
1,0.8065647796647794,1
1,0.5252151126651129,1
1,0.7776311494061491,1
1,0.6655791514041512,1
0,0.8956467907092911,0
0,0.794829277666778,0
1,0.7908848873348873,1
1,0.8338848734598732,1
1,0.7583459947946788,1
0,0.7947151126651129,0
1,0.837090884115884,1
1,0.8740825646575648,1
0,0.8076745236789351,0
1,0.8969944971694973,1
0,0.7393230685980686,0
0,0.941222360972361,0
0,0.968294289044289,0
1,0.8987381757131758,1
0,0.9660502941502941,0
0,0.8700787934287936,0
1,0.9050741883116882,1
1,0.8324453102453102,1
0,0.8161155927405925,0
1,0.8354720751470747,1
1,0.6946455147191989,1
0,0.8368887862137862,0
1,0.7693284410034411,1
1,0.8580038572538569,1
1,0.8803453601953602,1
1,0.8189397380397384,1
0,0.9168943473193476,0
1,0.7170419261294263,1
0,0.8056549654593768,0
0,0.8155615995115996,0
0,0.8542760388304502,0
0,0.758640656565656,0
0,0.7985726204351202,0
0,0.8482165195915194,0
0,0.927642413142413,0
1,0.8519476856476853,1
0,0.7524103674103677,0
0,0.6940332306582307,0
0,0.839829978763067,0
0,0.8840755411255408,0
0,0.8652938450438451,0
0,0.8286223457098456,0
1,0.9842702380952382,1
0,0.6823164918414916,0
1,0.7566455447330439,1
0,0.8582154437066203,0
0,0.8889866383616385,0
0,0.9304231074481074,0
0,0.7960022172272168,0
1,0.645046840659341,1
0,0.9084252414252414,0
0,0.9014035567373806,0
0,0.7099653536822653,0
0,0.7805649877899882,0
0,0.8448902861027863,0
1,0.7921905927405924,1
0,0.8064813325563329,0
1,0.822797884631708,1
1,0.6984926974985799,1
1,0.8707439726939726,1
0,0.7720497696747695,0
0,0.983054401154401,0
0,0.631831404706405,0
1,0.8243427738927738,1
0,0.8010277417027422,0
1,0.8500063908313911,1
0,0.6834367798867798,0
1,0.932560082972583,1
1,0.8957763070263072,1
1,0.8181618256743255,1
0,0.7553339121404911,0
1,0.8743381562881566,1
1,0.8636857586857587,1
0,0.7212660589410589,0
1,0.8151246253746259,1
1,0.8205543345543344,1
1,0.7556896781323253,1
1,0.8671282217782217,1
0,0.8171801198801205,0
1,0.75812191974692,1
1,0.7387266039516037,1
0,0.9382664682539683,0
1,0.8540326451326453,1
0,0.8433548978798974,0
0,0.6748327949827947,0
0,0.823884720834721,0
0,0.74685462037962,0
1,0.8174021284271283,1
0,0.8784939532689534,0
0,0.7966980380730381,0
1,0.8000183150183151,1
1,0.7963904872904872,1
1,0.8855845959595963,1
1,0.8358063034188035,1
1,0.8810542419998306,1
0,0.8299818611943611,0
0,0.7623567234236353,0
1,0.8709759131391482,1
1,0.7636070276945278,1
1,0.9488891719391717,1
0,0.9553084665334662,0
1,0.8391878954378951,1
0,0.9266395313020317,0
0,0.9094994227994228,0
0,0.8945031163281163,0
0,0.6674813575313574,0
0,0.7065415376290379,0
1,0.8115800310800307,1
0,0.8279679764679767,0
1,0.8357616207322089,1
0,0.8532513431013434,0
0,0.9281451742701741,0
0,0.902025235875236,0
0,0.7962826284826283,0
0,0.8352077922077924,0
0,0.8192713841713842,0
0,0.8679674557468676,0
0,0.7818929459429459,0
0,0.8595319957819955,0
1,0.8682164862914861,1
1,0.8488491591741589,1
0,0.8793668303918302,0
1,0.7227767593517591,1
0,0.8055241286491286,0
0,0.8596593795093795,0
1,0.7864167263292264,1
1,0.7828517843267843,1
0,0.9869176046176048,0
0,0.7490959290709291,0
1,0.873704267954268,1
0,0.9233769119769117,0
0,0.8667124070374069,0
0,0.7390452787408666,0
1,0.7177402722277726,1
1,0.8636117243867244,1
1,0.7898979326229333,1
0,0.8772117354867355,0
1,0.7743111582861578,1
0,0.8337451340326343,0
1,0.8018472111222108,1
0,0.835520967920968,0
1,0.7697637279387276,1
1,0.7647119709538824,1
0,0.7909737734487737,0
0,0.8618131729381732,0
0,0.8541737480656596,0
0,0.913998665468518,0
1,0.7848055305805306,1
0,0.8102989441114442,0
0,0.8530019960431725,0
1,0.8511877566877565,1
0,0.8218520979020981,0
0,0.7231235512036983,0
0,0.7496887418137418,0
1,0.7420679653679648,1
0,0.7447890286184398,0
0,0.8379906926406927,0
1,0.8488563991563984,1
1,0.8971257936507941,1
1,0.8374818598068601,1
1,0.8060446608946605,1
0,0.8930724525474527,0
0,0.7057757908757913,0
1,0.8715902736152735,1
1,0.7472215090465095,1
0,0.7949255036630032,0
1,0.764592607392607,1
1,0.9977118575868577,1
1,0.8340290209790209,1
0,0.9289930624930623,0
0,0.7412182345432341,0
1,0.826364358680535,1
1,0.867283189033189,1
1,0.9191790986790989,1
1,0.7628556554556557,1
1,0.8543027472527477,1
0,0.8729296897546902,0
0,0.814183685758686,0
1,0.7408500666000665,1
1,0.9148247835497835,1
1,0.7906055333555331,1
1,0.7898943750693751,1
0,0.8372333108412054,0
1,0.8245365828615833,1
1,0.857287634587635,1
0,0.7590285089910094,0
1,0.6843896964146964,1
0,0.8250668317793316,0
0,0.8078029050198163,0
1,0.8992978604728604,1
1,0.7655339341214339,1
0,0.8699472582972585,0
0,0.8833412634750873,0
1,0.7701537673111198,1
1,0.8372548174048172,1
1,0.9487173160173161,1
1,0.9102727286602285,1
1,0.7107293355337474,1
1,0.7518356587856593,1
0,0.7843866781910894,0
0,0.674877983127983,0
1,0.720887701187701,1
1,0.8318519660894657,1
1,0.7593593323343322,1
0,0.8990385975135975,0
0,0.8665093545343544,0
0,0.8618787212787213,0
0,0.8751760711510709,0
0,0.9579769300144301,0
1,0.9205173298923296,1
0,0.906088011988012,0
1,0.8242166874791876,1
1,0.7790242295286415,1
0,0.8172859899904015,0
0,0.766514146964147,0
0,0.9648054112554114,0
0,0.8761640012765012,0
0,0.7652084817959813,0
1,0.8685196414696419,1
0,0.8260751141832028,0
1,0.770603188478188,1
1,0.8491263764013763,1
1,0.7608042873792874,1
0,0.7231986180486184,0
0,0.7822381606955139,0
0,0.8174401182151184,0
0,0.9976666666666667,0
0,0.7287123681873678,0
0,0.8527214091464095,0
1,0.8168935800310804,1
1,0.7662477300477302,1
0,0.7767272959067073,0
1,0.8230699245199249,1
1,0.7757464257964252,1
1,0.8289012598512597,1
0,0.9463485680985684,0
0,0.8572053280053276,0
0,0.9519162698412699,0
0,0.9420768176268177,0
0,0.8104605454186338,0
0,0.7766604575979572,0
1,0.8585478049728051,1
0,0.8417954961704965,0
0,0.730117839105339,0
1,0.7633220668220672,1
1,0.8346006909756912,1
0,0.8614651931401937,0
1,0.8515624916749918,1
1,0.6916884226884228,1
0,0.8258511169386172,0
0,0.7420752483627484,0
1,0.8109430458430458,1
0,0.840242242479742,0
0,0.896717823842824,0
0,0.805705255855256,0
0,0.9145214323258439,0
1,0.8096009097627521,1
0,0.7813321858696856,0
1,0.8262876623376623,1
0,0.7642631695918461,0
0,0.7417767658811779,0
0,0.8546632450882453,0
0,0.7923582061729122,0
0,0.9305559024309027,0
1,0.7186702390145115,1
1,0.8635915015540017,1
0,0.9775784632034632,0
0,0.7892608558108557,0
1,0.8887961649461649,1
0,0.7182953185703186,0
0,0.9457121933621935,0
1,0.8780355061605057,1
0,0.8132389939309055,0
1,0.9039456709956712,1
0,0.89290242159801,0
1,0.7960275335775338,1
0,0.7807673978798975,0
1,0.7855618797868796,1
1,0.8258545815295815,1
1,0.8429039349539349,1
0,0.8452767038517047,0
1,0.8739315545565548,1
1,0.8697996845260003,1
0,0.8720757742257744,0
0,0.9468786435786436,0
0,0.8139789960039961,0
1,0.8442715118215119,1
1,0.7152650658981539,1
1,0.8479905233655233,1
0,0.7504984876234877,0
0,0.8222393245643244,0
1,0.8338877705627707,1
0,0.8707518398268401,0
0,0.8783831918081919,0
0,0.8115114399489396,0
1,0.9206910783660786,1
0,0.6097064346601114,0
0,0.7359740481740484,0
0,0.9278345487845487,0
1,0.6153963480963477,1
0,0.774113812168224,0
0,0.6629634278303395,0
0,0.873911088911089,0
0,0.8837932789432791,0
0,0.8829436202686202,0
0,0.8601844534550415,0
0,0.882728418803419,0
0,0.7878994257204782,0
1,0.8221694188121821,1
0,0.9206508704745551,0
1,0.8127214119214117,1
0,0.926274988899989,0
1,0.88527856032856,1
1,0.781858305583306,1
0,0.7330123321123323,0
1,0.7704721472971475,1
1,0.8579423409923411,1
1,0.8007031977826093,1
0,0.79906066988567,0
0,0.8554501082251085,0
0,0.8463608405483408,0
0,0.9222996891996892,0
0,0.8640449522699523,0
0,0.7456425310800314,0
1,0.7944152958152958,1
1,0.8205724969474966,1
1,0.6951387267144619,1
1,0.7236629148629152,1
1,0.8212544854268538,1
1,0.8734774806892448,1
1,0.7538998459873455,1
0,0.7056882690237178,0
0,0.9036777417027422,0
1,0.7965668470418469,1
0,0.8279134837384837,0
1,0.727303307803308,1
0,0.6518031668494905,0
1,0.8317433639889519,1
1,0.8594566111176404,1
0,0.8495760489510489,0
0,0.8889139610389609,0
1,0.8287866550116549,1
0,0.8445397366522366,0
1,0.8533544649794651,1
0,0.8873265012765013,0
1,0.7616217948717946,1
0,0.9659792207792208,0
1,0.8599162864912863,1
0,0.7224348998223994,0
0,0.6648982892107893,0
1,0.844729723054723,1
1,0.7340274447774452,1
1,0.9108913503163504,1
1,0.7686990287490286,1
1,0.8495394799644798,1
0,0.7717430486180483,0
0,0.8564070818070817,0
1,0.8462079267954268,1
1,0.9001170903657745,1
0,0.8636727605727608,0
0,0.9751158757908754,0
1,0.8241295884670882,1
1,0.8484379537129539,1
1,0.6931400456569572,1
1,0.6942506299256296,1
1,0.8246851787101789,1
0,0.7454189199689201,0
0,0.919150613275613,0
0,0.7446273754023756,0
0,0.8467766566766565,0
0,0.8027381188256182,0
0,0.8114859335109331,0
0,0.8255272324897326,0
0,0.7926453574203576,0
1,0.8124785492285492,1
1,0.6963180079724197,1
0,0.8405795843045842,0
0,0.8378940864690859,0
1,0.8988820679320684,1
1,0.8763734616690502,1
0,0.7052722703766824,0
1,0.7287553243540089,1
0,0.925435667110667,0
0,0.8981817710067711,0
0,0.8712282800532797,0
1,0.6869148820950295,1
0,0.7460432636807639,0
1,0.7628318986568985,1
0,0.7833491119991121,0
0,0.8317951798201801,0
0,0.9866104395604396,0
1,0.8158377622377623,1
1,0.8398470234014354,1
1,0.9786361832611832,1
1,0.8631935202052847,1
1,0.6108342879342884,1
0,0.6578362179487179,0
1,0.8083620046620049,1
1,0.8914639471639468,1
1,0.9523440503940505,1
1,0.8175315545565547,1
1,0.9005648240648243,1
1,0.8867978035853036,1
1,0.784655529193029,1
0,0.9240295884670883,0
0,0.876452718115218,0
0,0.9116259167303284,0
0,0.868124895529307,0
0,0.9166857392607393,0
0,0.6356593878343884,0
1,0.8823107697857697,1
0,0.8432390831390831,0
1,0.692654076479077,1
1,0.8147326368076365,1
1,0.7643521996579273,1
0,0.8253872238872236,0
1,0.7605261849261854,1
1,0.8843079503829502,1
1,0.7417761655011653,1
1,0.854044004035181,1
0,0.8402726911976915,0
0,0.783311308136308,0
1,0.8162536685536685,1
0,0.8185588161838161,0
1,0.8535418539793541,1
1,0.8274621572871573,1
1,0.8034627828054297,1
0,0.7897320221445223,0
0,0.9753960317460318,0
0,0.7481110278610277,0
1,0.6561361953406069,1
1,0.7894566146272025,1
0,0.9775630230880232,0
0,0.8944443001443,0
1,0.7738764457764458,1
0,0.8972739468864469,0
1,0.8280696775446779,1
0,0.7612371900974841,0
1,0.8550453657453657,1
1,0.8438457098457095,1
1,0.9698683261183263,1
0,0.9425470959595958,0
1,0.7278155289155288,1
0,0.8288811167590577,0
0,0.8654160242535247,0
0,0.8281092352092352,0
0,0.8378362415362417,0
0,0.7007247179291299,0
1,0.7894910339660339,1
0,0.7847653374403374,0
1,0.8024178349428348,1
0,0.916867365967366,0
0,0.7457861111111111,0
1,0.9157059326896009,1
0,0.8194004306967542,0
0,0.8696503829503828,0
0,0.7234135461760464,0
0,0.7176213286713282,0
0,0.8925547619047619,0
1,0.7577153374403374,1
1,0.8072469474969473,1
1,0.9247945387945387,1
1,0.8513777278277281,1
0,0.7725971958596961,0
0,0.7889752515458404,0
1,0.7224377095127091,1
0,0.8575265744059867,0
0,0.8842130980130977,0
1,0.9148141774891774,1
0,0.8610289793539797,0
1,0.7230131822425943,1
1,0.7977407009657007,1
1,0.8428273532023536,1
1,0.8254446303696304,1
0,0.8626351634476639,0
0,0.795389855977356,0
1,0.7617208357002473,1
1,0.8087394599466575,1
0,0.8347021450771452,0
1,0.7645397122485357,1
1,0.6778078893328899,1
1,0.8384976967476964,1
0,0.8587842671217669,0
1,0.818455026917527,1
1,0.8114971326059561,1
0,0.8390975052725055,0
0,0.9237187479187476,0
1,0.8923326839826842,1
0,0.9057660783660783,0
1,0.8417787795537803,1
1,0.9154807428682429,1
0,0.8836295884670883,0
1,0.8373311327561325,1
1,0.8781453712953712,1
0,0.9013730658230659,0
0,0.910956696081696,0
1,0.8229453516254983,1
1,0.7565783110894952,1
1,0.8276940725940723,1
1,0.8757298285048287,1
0,0.9194664835164836,0
0,0.6468967096628859,0
1,0.8057379870129872,1
0,0.8652654131815894,0
0,0.8700368443647859,0
1,0.8646788711288709,1
0,0.8248975552225555,0
1,0.9062240111196,1
0,0.7949820984570983,0
1,0.8261268319915377,1
1,0.9775654761904763,1
1,0.8812432067932066,1
1,0.7225725177600177,1
0,0.8945035631035628,0
0,0.9326613775113778,0
1,0.8467477744477742,1
0,0.8600190656565656,0
1,0.805562950937951,1
0,0.8281012848262843,0
0,0.8826251082251082,0
1,0.8275259809634813,1
0,0.843969305694306,0
0,0.9106459207459202,0
1,0.914110028860029,1
1,0.8353548701298703,1
0,0.8019177267177265,0
1,0.7819405039405039,1
1,0.7888967032967035,1
1,0.8640736790986795,1
0,0.9294654401154399,0
1,0.6380837787212784,1
1,0.8602392052392053,1
1,0.844832435211847,1
0,0.8594377428127428,0
1,0.7446156945995177,1
0,0.9117629800754797,0
0,0.8192446359196357,0
0,0.8387661061161057,0
0,0.8584677933177931,0
0,0.7916296287046287,0
0,0.7308587024087025,0
0,0.8927223026973025,0
0,0.6713318056943062,0
0,0.8231923631923637,0
1,0.8405392205017205,1
1,0.9154588383838381,1
0,0.922156288156288,0
0,0.8017623487623489,0
1,0.7904487151737151,1
1,0.8917707792207791,1
0,0.8035289793539799,0
0,0.86874942002442,0
1,0.728224948623788,1
0,0.823700980087164,0
0,0.7778991518285636,0
0,0.8560169821406663,0
0,0.8308227522477518,0
0,0.832005126817627,0
1,0.968701515151515,1
0,0.7955087717837721,0
0,0.870219613719614,0
0,0.7144186813186811,0
0,0.8694719225219224,0
1,0.722551985514485,1
0,0.82967036019536,0
0,0.9106307137307137,0
0,0.9298912448662445,0
0,0.8826825517619639,0
0,0.7407997474747473,0
0,0.6994567987567988,0
0,0.765795224220224,0
1,0.9356051587301585,1
1,0.760868323343323,1
1,0.8540029914529915,1
1,0.8099102924852926,1
0,0.7315529434617672,0
1,0.8063137158593042,1
1,0.7920073690198693,1
1,0.6544200640862401,1
0,0.8157825537207893,0
1,0.9007401182151186,1
1,0.7774219932844929,1
0,0.8973034632034625,0
1,0.8116830169830167,1
1,0.8146811891754622,1
1,0.8949104492729492,1
1,0.788821515984016,1
0,0.778910707348207,0
0,0.885800459834283,0
0,0.7339535265388204,0
1,0.7961627899877896,1
0,0.8027978771228765,0
1,0.8412203592159473,1
0,0.9048592934842932,0
1,0.968757683982684,1
1,0.9506320346320346,1
1,0.8891109945609946,1
1,0.8814612387612388,1
0,0.8410437409812411,0
1,0.8392636405261409,1
0,0.6151101232101229,0
1,0.8806954378954379,1
1,0.8505843524122934,1
1,0.8770319153069158,1
0,0.8890208929958927,0
0,0.7872478354978358,0
0,0.775573677930257,0
0,0.8684384587634587,0
0,0.9219877233877234,0
1,0.7900984376734375,1
1,0.8735254703629698,1
0,0.9024284854034849,0
0,0.8611785797535791,0
0,0.8425179625929625,0
0,0.755324608724609,0
1,0.8834470640470641,1
1,0.9408164391164394,1
0,0.8792652380299443,0
1,0.8654642135642137,1
0,0.8238815650852419,0
1,0.8474763153513155,1
0,0.931685114885115,0
0,0.7286765605309721,0
0,0.7987249916749922,0
0,0.8573607031857027,0
0,0.9448542873792872,0
0,0.9628669191919192,0
1,0.8306079975579969,1
1,0.8170136863136865,1
1,0.7699993006993003,1
1,0.8253072594072597,1
1,0.7153336238924475,1
0,0.8287957375957374,0
0,0.9461318251193251,0
1,0.9221815656565658,1
0,0.7137526556776556,0
0,0.8952060966810964,0
1,0.8674846986346986,1
1,0.8763242461786581,1
0,0.6889635540929658,0
1,0.7421641774891777,1
0,0.8180137400181516,0
1,0.7966547258297255,1
0,0.8129540917415918,0
1,0.8207465048840047,1
1,0.7803462583168467,1
0,0.9590865079365081,0
0,0.5898199383949384,0
0,0.8238377308364152,0
0,0.9009846542346537,0
1,0.7375509892884893,1
0,0.7578885961260962,0
1,0.8765548590298589,1
1,0.851698043623043,1
0,0.813008030449942,0
0,0.8651261286099522,0
0,0.8286030441780446,0
0,0.9687354978354981,0
0,0.8524636058386061,0
1,0.8000626463405872,1
0,0.8536198190698188,0
1,0.7883049448917099,1
0,0.7389348692973698,0
0,0.9047183011433008,0
1,0.7987862665112665,1
1,0.7546670634920634,1
1,0.7774694870488991,1
0,0.8177713564213565,0
1,0.7523706363081366,1
1,0.9221352813852816,1
1,0.7856357753357753,1
0,0.8227080433455431,0
0,0.8680684953934954,0
1,0.8545551365301362,1
0,0.832250371850372,0
0,0.8166245351870355,0
1,0.7998774309024308,1
0,0.8233002340796459,0
1,0.7381608141858141,1
0,0.8104055444555447,0
0,0.781092993117993,0
0,0.8821546897546896,0
0,0.8923439033189031,0
0,0.5618263395101627,0
1,0.8516868478743475,1
1,0.8627561799311798,1
0,0.7961069846819852,0
1,0.8951210192585191,1
1,0.5806511155511155,1
0,0.8737245587745581,0
1,0.9110063381063378,1
1,0.9046510267510272,1
1,0.8519531607281607,1
1,0.7598623876123878,1
0,0.9779786075036073,0
0,0.8978934731934735,0
1,0.7820912587412592,1
1,0.8270701372157259,1
0,0.9542498917748918,0
0,0.8097079032079034,0
0,0.8193791915686651,0
1,0.9049369824619824,1
1,0.8569899979105864,1
1,0.7820005161505161,1
0,0.8317180735930737,0
1,0.7821201576201575,1
1,0.8113017066267065,1
1,0.8240104145854147,1
1,0.6826629342879343,1
0,0.8216153589874183,0
0,0.8222623043623042,0
0,0.8356455225330226,0
0,0.8203153318903312,0
1,0.777979194416694,1
0,0.7493502901510253,0
1,0.8840295870795875,1
1,0.9142467893217894,1
0,0.9026668990366362,0
0,0.8874342768342766,0
0,0.7144896214896215,0
0,0.7850620462870463,0
0,0.7980358780108777,0
0,0.6843158073952186,0
0,0.745221020646021,0
0,0.8181419552669552,0
0,0.9767384920634918,0
1,0.8112617895992895,1
0,0.8157112914862912,0
1,0.8485290043290045,1
1,0.8346902318269969,1
1,0.7904952852702857,1
1,0.8216505869130875,1
0,0.8341757908757907,0
0,0.7420949161949165,0
0,0.779711781274281,0
0,0.9773529359529362,0
1,0.7730572940947942,1
1,0.8003730769230771,1
1,0.8072840577722933,1
1,0.7882953054298634,1
0,0.8529730075480074,0
1,0.9141518398268398,1
1,0.8041304058686409,1
0,0.6721514180264181,0
1,0.7287569071451423,1
1,0.7708799852924849,1
1,0.8572721528471524,1
0,0.8898520590520593,0
0,0.8840990481740479,0
0,0.7800701409701418,0
1,0.8441125046736885,1
0,0.7072316156066157,0
0,0.7873089826839823,0
1,0.767003822158234,1
0,0.8495876304251311,0
1,0.8635475829725826,1
0,0.824666104728605,0
0,0.6378752469752474,0
0,0.7533834702878821,0
1,0.8073400627150623,1
0,0.871773845598846,0
0,0.8029143023643024,0
0,0.5732718495556731,0
1,0.8811993978243979,1
1,0.8430375000000004,1
1,0.8597451187701185,1
1,0.8769017926517926,1
1,0.8095017427017421,1
0,0.6637446858696862,0
0,0.60013605006105,0
1,0.9130832306582308,1
0,0.8996184093684091,0
0,0.8223351259851257,0
0,0.9876392857142856,0
0,0.8349828179989939,0
1,0.9892082362082362,1
0,0.912857266344766,0
1,0.8158621003996,1
1,0.8062885336885334,1
0,0.8742091741591739,0
0,0.8101179209679207,0
1,0.8199526043401046,1
0,0.8368452103452099,0
0,0.7972504384504381,0
0,0.8654772227772224,0
1,0.9095117743367742,1
0,0.8414996669996665,0
0,0.856164371009108,0
1,0.8517619047619046,1
0,0.7933382286014642,0
1,0.7479730019980025,1
0,0.9511718004218006,0
0,0.7973986384530498,0
1,0.8168580808080809,1
1,0.8142981232819478,1
0,0.9532294011544011,0
0,0.8005254440004441,0
1,0.8124242007992007,1
0,0.9029576617826621,0
0,0.7784524572649568,0
0,0.7992566211566215,0
1,0.8298878094128092,1
1,0.8395712620712614,1
1,0.8306026834276836,1
1,0.837922066822067,1
0,0.7776234650153767,0
1,0.7757949966699965,1
0,0.8342168789543783,0
0,0.8977653041403039,0
0,0.832298101898102,0
0,0.7806746021951907,0
1,0.7513775613275612,1
1,0.8405705915000034,1
0,0.8394059371184376,0
1,0.8163500176294296,1
0,0.7680224081474083,0
1,0.879601411497,1
1,0.9411362887112884,1
0,0.8306168650793646,0
0,0.8279551698301703,0
0,0.7678897459566578,0
0,0.8934181679431675,0
1,0.7414511446886445,1
1,0.7826426323676324,1
1,0.8030577024282907,1
0,0.9542553696303699,0
0,0.9096585248085249,0
0,0.7646036075036076,0
1,0.7230083878539757,1
0,0.8816378399378398,0
0,0.8070952852702852,0
0,0.8090250943500943,0
0,0.8168312909312909,0
1,0.7978915487290489,1
0,0.9299624708624707,0
1,0.8116869186369189,1
1,0.9315159645909643,1
0,0.8160117424242421,0
0,0.904117352092352,0
0,0.6294239843489847,0
1,0.8541604839604839,1
1,0.889063184038184,1
0,0.8921663059163062,0
0,0.8446948634698633,0
0,0.9434859085359087,0
0,0.8057930319680314,0
1,0.8240900571650573,1
1,0.8158013514263511,1
1,0.8241619509575391,1
0,0.7712933066933064,0
1,0.5698028571102098,1
1,0.8838765151515153,1
0,0.8999671828171826,0
1,0.8872752955377957,1
1,0.8545388014763016,1
0,0.7601279581529581,0
0,0.8702309940059937,0
1,0.870123099123099,1
1,0.7876503496503497,1
0,0.8841158674658676,0
0,0.7704726329226328,0
0,0.9724912698412698,0
0,0.8505210650460644,0
1,0.7683731379731374,1
1,0.857216885891886,1
0,0.8524438838938836,0
1,0.7859241333829569,1
0,0.8604703463203467,0
1,0.7894722471972472,1
0,0.8978310647685646,0
0,0.8239139499389496,0
1,0.8638968115218117,1
1,0.8542655622155622,1
0,0.8127928876678877,0
1,0.8436201437451434,1
1,0.8911018093018089,1
0,0.7953862998113,0
1,0.8745680957930958,1
0,0.8578577922077923,0
0,0.9180580225330224,0
1,0.8430058691308694,1
1,0.7272642413142415,1
1,0.8649859446109442,1
1,0.8148579753579749,1
1,0.7257820207570208,1
0,0.8661708727546966,0
1,0.804582975357975,1
1,0.8337678654678654,1
1,0.5939349261849256,1
1,0.9014373445998447,1
0,0.8365032521400166,0
1,0.8562211355895568,1
0,0.7448121184371181,0
0,0.7547880008880007,0
0,0.8610533438783435,0
1,0.7646325130751598,1
0,0.9249385281385281,0
0,0.7889482142857139,0
0,0.7841482933732937,0
0,0.8737995143745148,0
1,0.7734922105672105,1
0,0.7670832528582527,0
1,0.7598093545343543,1
1,0.845447943722944,1
1,0.7969630154932783,1
1,0.7279137529137532,1
0,0.749173787323788,0
0,0.9472185536685537,0
1,0.8525121350871349,1
1,0.7529247807747813,1
1,0.9097577339327337,1
0,0.9478395215895218,0
1,0.8008341991341997,1
1,0.811152093739594,1
0,0.8434514679764682,0
0,0.8601457018471719,0
1,0.8298287058701529,1
1,0.8526078296703299,1
0,0.8133621004812178,0
0,0.9038386002886,0
0,0.7806436369186367,0
0,0.9170301684426687,0
0,0.7881197163947167,0
0,0.8155991425241422,0
0,0.8801057165057161,0
0,0.7406732420357419,0
1,0.8305244755244753,1
1,0.7469300722969845,1
1,0.8184163752913755,1
1,0.8813694721944723,1
0,0.913561208236208,0
1,0.7232926202882086,1
1,0.8992260101010101,1
1,0.8928120206590793,1
1,0.8821187770562773,1
1,0.7940652097902098,1
1,0.8332972981267098,1
1,0.7788094710844709,1
1,0.7987671342546347,1
1,0.7895673568261801,1
0,0.8660100427350426,0
1,0.8105701452958801,1
0,0.8671379648129648,0
1,0.8855133810633808,1
0,0.7874342750386869,0
1,0.7731172383172389,1
1,0.8555657009657007,1
0,0.8190048229548229,0
1,0.7709981324231319,1
0,0.8366329721748834,0
1,0.8102913114663114,1
0,0.9656830225330222,0
0,0.9874967171717173,0
0,0.9008701076701076,0
0,0.855020868020868,0
1,0.8015123806748803,1
0,0.8447257617382615,0
0,0.8183858447108452,0
0,0.8625485960118318,0
0,0.9207860389610387,0
1,0.8274456437568279,1
1,0.9114036102786105,1
0,0.7499012214093095,0
1,0.8647380452880451,1
1,0.8074276313555722,1
1,0.751282431968616,1
0,0.7327870795870799,0
1,0.8773952838827835,1
0,0.6868855241980244,0
0,0.8466793595293594,0
1,0.9357052669552667,1
0,0.7429438866688867,0
0,0.9401957181707182,0
0,0.8538851232101229,0
1,0.7393257270507266,1
0,0.7388332685288566,0
0,0.6655444888444892,0
1,0.7531089124927358,1
1,0.8521735431235433,1
1,0.8282563852813855,1
1,0.9034834924879042,1
0,0.8002674575424573,0
1,0.7999141072979308,1
1,0.8559158119658117,1
0,0.9095507104007103,0
0,0.7271083666333672,0
1,0.8900735431235431,1
0,0.8907232683982688,0
1,0.8232481250775368,1
0,0.7527244092508794,0
1,0.8455494311244316,1
0,0.8540194889905411,0
1,0.8812349908863071,1
0,0.8355233114108108,0
0,0.8023303238428237,0
0,0.8347750277500279,0
1,0.8290091769341774,1
1,0.8506430874680876,1
1,0.8216475357975357,1
0,0.9343823898323896,0
0,0.9223704906204905,0
0,0.9294795454545453,0
0,0.7741468559218562,0
1,0.7953819902319904,1
0,0.9643609196359195,0
0,0.7809980658230659,0
1,0.8728634226884231,1
1,0.787218440872853,1
0,0.9378151015651018,0
1,0.8067967023172907,1
0,0.9165238021782138,0
1,0.8087540057165056,1
1,0.8001559093684092,1
0,0.77664436951937,0
0,0.8790909534909537,0
0,0.7675114399489404,0
1,0.8130915972915975,1
1,0.7666604756354758,1
0,0.9806998196248198,0
1,0.905532373182373,1
0,0.8552572122322127,0
1,0.7506775696525695,1
0,0.814743705477529,0
0,0.7743891511266511,0
1,0.7372729326229329,1
0,0.7614379634254633,0
0,0.8093148555692674,0
1,0.929448943213649,1
0,0.8843985084360086,0
0,0.7403718816314405,0
1,0.9012679542679543,1
0,0.8843809912309915,0
0,0.8533478874067112,0
0,0.822956322843823,0
1,0.8689980949605949,1
1,0.8113418414918419,1
0,0.8375495046620047,0
0,0.8874623876123877,0
0,0.8489687173937176,0
1,0.813455722055722,1
1,0.8610232156732155,1
1,0.8628683176300821,1
0,0.7927596348096353,0
0,0.8768937645687646,0
1,0.84397100954601,1
1,0.7809306540681537,1
0,0.7926210497835499,0
0,0.841462565212565,0
0,0.8842432123432121,0
1,0.8839326146076146,1
1,0.6911683594183599,1
0,0.7719121869358705,0
1,0.7868734237984234,1
1,0.9162100704850703,1
0,0.8800247752247751,0
0,0.8943932678432678,0
0,0.9078540459540458,0
0,0.8692563672438673,0
1,0.8110983294483296,1
1,0.823175011100011,1
0,0.7291541638916643,0
1,0.8528507992007989,1
1,0.7191307720057711,1
0,0.9099369172494168,0
1,0.8574647578728462,1
0,0.8058883727383721,0
1,0.7366174630924629,1
0,0.9073676230632116,0
0,0.7909780136530133,0
1,0.7617197247197248,1
1,0.7708776425372011,1
0,0.8530433316683318,0
1,0.7345110528360523,1
0,0.9090324286824282,0
1,0.8806020701520697,1
1,0.9031010170385171,1
0,0.9179702963702966,0
0,0.8975144119769121,0
1,0.8017585248085246,1
1,0.8092854839604837,1
1,0.7979374486624488,1
0,0.8496605644355647,0
0,0.7896393689643687,0
1,0.8357880732013089,1
0,0.6652000402375401,0
0,0.9789931707181707,0
0,0.8576276806526802,0
0,0.8541045898545899,0
0,0.8849790515040517,0
0,0.8209558719058717,0
0,0.7079285575535575,0
0,0.6663181365418205,0
0,0.809752417027417,0
0,0.7690303654678654,0
0,0.8651645035520037,0
0,0.7110306374181374,0
1,0.8105293331668334,1
0,0.9116498487623487,0
0,0.9451286796536795,0
1,0.8525949522699521,1
0,0.7455267843267842,0
0,0.8213944153069155,0
0,0.8094059426684429,0
0,0.8733021894771893,0
1,0.7821644112638305,1
1,0.7918793671198086,1
1,0.7016172882672883,1
1,0.8529490786990784,1
0,0.8782668109668108,0
0,0.9507928848928848,0
1,0.7517221306471309,1
1,0.5221970723720722,1
1,0.76956815961816,1
1,0.8566930888555894,1
0,0.7393119404288524,0
0,0.8417047341547346,0
0,0.7964878524253529,0
1,0.8379071456321452,1
1,0.77912736985237,1
0,0.8575575840825841,0
1,0.8309262848262848,1
1,0.8735223013098016,1
1,0.845257534132534,1
0,0.8811646575646579,0
0,0.719702095127095,0
0,0.7715414654789653,0
1,0.8753594738594735,1
1,0.7202095071595074,1
0,0.8154692335442335,0
1,0.8563092254967256,1
1,0.9242941542934188,1
0,0.8270282703407702,0
1,0.7889841824841822,1
1,0.80536048951049,1
1,0.6154841783216786,1
0,0.820057059607059,0
1,0.8585400543900544,1
1,0.7796023032523034,1
0,0.8246947996447997,0
0,0.8940923955129835,0
0,0.8801275391275387,0
0,0.8249002497502496,0
1,0.7731290237540234,1
1,0.8220356199356197,1
1,0.8022399406149405,1
1,0.7081871045621045,1
0,0.8231753330003335,0
0,0.8868000055500055,0
0,0.825314898989899,0
0,0.8914856407481407,0
1,0.7714937812187809,1
0,0.8389214777053013,0
0,0.9053567127317128,0
0,0.9346654317904315,0
1,0.8173811188811183,1
1,0.7904358305909774,1
1,0.7558052059052058,1
1,0.8925865884115887,1
0,0.7344870906870905,0
1,0.8578939144189139,1
1,0.7748587912087913,1
1,0.8132035325785328,1
0,0.8050162004662006,0
0,0.9212603785103783,0
0,0.7479589657891129,0
1,0.8615760489510492,1
0,0.8393281385281383,0
1,0.7556473692973691,1
1,0.859358534276181,1
0,0.894941835941836,0
1,0.7719203740703744,1
0,0.8737359831345126,0
0,0.7573618353868354,0
0,0.8963686646686647,0
1,0.7754220583338229,1
0,0.9464639221889222,0
1,0.7017555278055277,1
0,0.7586918068043068,0
0,0.8190602221308106,0
1,0.7023960955710955,1
1,0.7733785187035184,1
1,0.7859270673770675,1
1,0.8665571817071815,1
0,0.8463149239649241,0
0,0.834010818348319,0
1,0.7940775530025524,1
0,0.8108482778659247,0
0,0.8432646436896436,0
1,0.8276938708951864,1
1,0.8843999916749917,1
0,0.8259563797313799,0
0,0.8671445915195916,0
1,0.8162828114695766,1
1,0.7552376318126319,1
0,0.774900261911291,0
0,0.7664136310584841,0
1,0.8458700120055384,1
0,0.804665578865579,0
1,0.9059874098124097,1
0,0.767877228327228,0
1,0.7103250898224585,1
1,0.8819857503607501,1
0,0.9313657925407924,0
0,0.7839272782772783,0
1,0.7771303751803758,1
1,0.7623108336108338,1
0,0.8957384282384279,0
0,0.8836131396381397,0
0,0.8717398101898102,0
1,0.9220122294372294,1
1,0.7550453726828725,1
0,0.852338668276168,0
1,0.9169663947163944,1
0,0.9117274669774668,0
1,0.9046167665667665,1
1,0.7732456248000363,1
0,0.9122054473304476,0
0,0.8457974719724718,0
0,0.9151569985569984,0
1,0.8535415223665228,1
1,0.82185367965368,1
0,0.8551436906231024,0
0,0.7453793900543905,0
1,0.9541067099567099,1
1,0.8552308053058053,1
0,0.7864645243645243,0
1,0.7818901626151626,1
0,0.8672167772586892,0
0,0.8448866189366192,0
0,0.8076213147963146,0
1,0.8527768939393937,1
0,0.8616963036963036,0
1,0.8018233835608835,1
1,0.809757287157287,1
1,0.6695963508713507,1
0,0.8974085053835053,0
0,0.9179759421134422,0
0,0.8866773705053115,0
0,0.9529204184704184,0
0,0.835824217449218,0
0,0.7054319676238789,0
1,0.8282917676277968,1
1,0.7617927960927959,1
1,0.7641915890696855,1
0,0.8790387806637805,0
1,0.8164904664779666,1
1,0.8661038933288931,1
0,0.7052806249306247,0
0,0.9532111832611833,0
0,0.8659791486291486,0
1,0.7299707557964914,1
0,0.8033142274392271,0
0,0.8889902514152513,0
1,0.8371940725940721,1
1,0.864474764451235,1
1,0.8575585275835275,1
1,0.8157036269286267,1
1,0.8968926545676547,1
1,0.7350135281385283,1
0,0.8214132994456526,0
1,0.7660122952211188,1
1,0.9158761932511932,1
0,0.8863640942390941,0
1,0.8578060134310136,1
1,0.7753985510404634,1
1,0.7555700327450331,1
0,0.7729649378399377,0
0,0.8721178710178712,0
1,0.7356399197208019,1
1,0.8122387723387724,1
0,0.634389985014985,0
0,0.9339495670995671,0
1,0.8693751609501609,1
1,0.8922985528360525,1
1,0.7501246031144633,1
0,0.8593726551226553,0
1,0.7415385336885337,1
0,0.8094156149406148,0
1,0.8358659812409812,1
0,0.6343470456014577,0
0,0.876538852813853,0
1,0.6019980130980135,1
0,0.7424158452658451,0
0,0.8743642385392384,0
1,0.8138335303585301,1
1,0.808573394660895,1
1,0.7944621447996449,1
1,0.768663786213786,1
0,0.847540645465646,0
1,0.683031440781441,1
1,0.8717507964257963,1
1,0.7730495809745819,1
0,0.8524373931623935,0
0,0.8217761335886338,0
1,0.8786184343434342,1
0,0.9239503246753248,0
1,0.8740908286158288,1
1,0.8583669802419799,1
0,0.7087713019007134,0
0,0.8883554140304135,0
1,0.8703824675324678,1
1,0.9303527195027196,1
0,0.8501867049617051,0
0,0.6927196248196249,0
0,0.8474702269952268,0
0,0.7600046842046845,0
1,0.8945825757575762,1
1,0.7833599354893472,1
1,0.9977118575868577,1
1,0.8007756136837023,1
0,0.8431789321789325,0
1,0.7201735334110335,1
1,0.5842013708513707,1
0,0.7298359973359972,0
1,0.8262259629259632,1
1,0.902340687090687,1
1,0.8147878094128097,1
1,0.6897683233433236,1
1,0.8474995698745699,1
1,0.7868378510378512,1
0,0.7889065046065047,0
0,0.7739898518148516,0
1,0.8221435245310244,1
1,0.885190963203463,1
0,0.7819538045288047,0
0,0.9203353785103783,0
0,0.7712450604950606,0
1,0.9436436063936068,1
1,0.9773791847041848,1
1,0.9481444610944613,1
0,0.9022384282384283,0
1,0.7289718836718839,1
0,0.9103009657009657,0
0,0.8389711427461423,0
0,0.8388873705542824,0
0,0.6959299339549336,0
0,0.8409394050394043,0
0,0.7833894272394268,0
0,0.7232710470085472,0
0,0.8544301837051836,0
0,0.9491126207126207,0
1,0.8137201964701962,1
1,0.9284855339105335,1
0,0.7419973892937134,0
1,0.7918358613608618,1
1,0.748308208458208,1
0,0.8056394882894881,0
1,0.7163154567654566,1
1,0.7632493844605687,1
1,0.8682802697302697,1
1,0.7872567016317009,1
1,0.8109932789432787,1
1,0.818108263958264,1
1,0.6527272838272836,1
0,0.8462349594849594,0
0,0.8777744227994226,0
1,0.8507571400821402,1
1,0.8453699383949385,1
1,0.7776053601627136,1
0,0.8180623265623266,0
0,0.8774614080364077,0
0,0.8768795815295813,0
1,0.8197164955959071,1
1,0.8558737928737932,1
0,0.7867830128205129,0
1,0.9034004911754914,1
1,0.8525899572649575,1
0,0.8467745393495396,0
0,0.8542786158286159,0
1,0.8597901069518721,1
0,0.8620913808413805,0
0,0.733677898490399,0
1,0.6274807914307915,1
0,0.8996345959595959,0
0,0.7737310231435235,0
0,0.9675990870240869,0
1,0.952767377067377,1
1,0.712051594239094,1
0,0.9422391802641802,0
1,0.8744126040626039,1
1,0.6875309440559443,1
1,0.814877933177933,1
1,0.8354387501387495,1
1,0.775584505037446,1
0,0.7376928016428015,0
0,0.7920215284715282,0
0,0.8933947649572647,0
1,0.8565315545565544,1
0,0.8595052059052058,0
1,0.8110564546564544,1
0,0.8877612831612827,0
0,0.8668392635142634,0
0,0.8193415195915192,0
1,0.7766175713175708,1
0,0.8383446359196358,0
0,0.8209777139527139,0
1,0.8693981782922964,1
1,0.8710296065046063,1
0,0.8292370990120991,0
0,0.8542082944832948,0
1,0.6676337384837384,1
1,0.8810091991341994,1
0,0.889350754800755,0
0,0.6701486679986687,0
1,0.8192909866449343,1
1,0.7908278263403264,1
1,0.7968974872349873,1
1,0.7712082395545626,1
0,0.62061631546558,0
1,0.7756898323898319,1
0,0.9207700771450776,0
0,0.8506547175047178,0
0,0.7135839396714398,0
1,0.8009744588744586,1
1,0.9001920454545452,1
1,0.7634222610722609,1
0,0.8354569264069259,0
1,0.8636626012876011,1
1,0.7699318806193806,1
1,0.9137838467088468,1
1,0.8469784354534353,1
1,0.8325499139749142,1
1,0.7777640942390943,1
0,0.8767683066933066,0
0,0.7556672480297479,0
1,0.8079263417138415,1
0,0.7835035228660223,0
1,0.7631510461760459,1
1,0.7727959401709404,1
1,0.8846701659451662,1
1,0.5477055305805303,1
1,0.8290773984185748,1
0,0.7742451215451217,0
0,0.8162550172050174,0
0,0.9547224275724279,0
1,0.779882072502661,1
1,0.9190472499722498,1
1,0.8814770535020534,1
1,0.81649827949828,1
1,0.9378557720057719,1
1,0.8664553196803193,1
0,0.8696922327672325,0
1,0.8378432761682764,1
1,0.8550423770673773,1
0,0.8272209512709512,0
1,0.9434338827838828,1
1,0.768799672059966,1
1,0.7753562678549516,1
0,0.8040537518037514,0
0,0.9387651875901878,0
1,0.8164488372738372,1
1,0.9116649087024085,1
1,0.7931680236430239,1
0,0.830539740814741,0
1,0.7942545815295814,1
0,0.8759768273393275,0
0,0.8898131923631918,0
0,0.8577794344544345,0
1,0.821737101787102,1
0,0.8308833041958037,0
1,0.8113936507936507,1
1,0.8886175158175161,1
0,0.7232392704517704,0
1,0.7864163364413366,1
1,0.7445358141858144,1
0,0.926674284049284,0
0,0.9126008880008878,0
0,0.851565925740926,0
0,0.8763270798645799,0
0,0.828439407814408,0
0,0.844585259185259,0
0,0.9127247474747473,0
1,0.8551685148185152,1
0,0.7768582389832388,0
1,0.7909293567543563,1
0,0.7089563242313243,0
0,0.7445885725385718,0
1,0.7354737900987901,1
1,0.7455012071262073,1
0,0.8514965922965925,0
1,0.9042354187479188,1
1,0.8080761793761796,1
1,0.7870117105117107,1
0,0.8296698301698302,0
1,0.7332695472827819,1
0,0.8658142274392279,0
1,0.8663788489288483,1
1,0.8417102453102451,1
1,0.8186811299811301,1
1,0.8023982017982021,1
1,0.8844924159174158,1
1,0.8211619949494952,1
1,0.8790452894327895,1
1,0.6944350274725275,1
1,0.8632367604617608,1
0,0.8965463813963814,0
0,0.8906326479076476,0
1,0.9218210844710848,1
1,0.7982210067710065,1
1,0.8703792374292373,1
0,0.7599607753357753,0
0,0.9187332500832501,0
1,0.8783254985210868,1
0,0.7004994449994456,0
0,0.7836478382728381,0
1,0.8556382173382171,1
1,0.857736344211344,1
1,0.9381368686868686,1
1,0.8073286019536023,1
1,0.8324358932733932,1
0,0.8066192404817407,0
0,0.9087633477633477,0
1,0.8159292149843614,1
1,0.7931883533133529,1
0,0.7162592028886148,0
0,0.7857985902985903,0
1,0.6602782273282276,1
1,0.8329844211344213,1
0,0.860557978132978,0
0,0.7984199300699303,0
0,0.8418678172317877,0
0,0.7842055916305913,0
0,0.7835700822869942,0
1,0.7843029175073284,1
0,0.7768707375957382,0
1,0.8510206689509322,1
1,0.850723448773449,1
0,0.7953368020868026,0
0,0.8713802700567406,0
1,0.9110046065046064,1
0,0.9164829254079254,0
1,0.8573465978465975,1
1,0.8959283660783659,1
0,0.759365019702519,0
0,0.8486289543789546,0
0,0.8231685786435785,0
1,0.9139250860250863,1
0,0.8564248751248753,0
0,0.6704111176405297,0
0,0.7996749791874793,0
1,0.8451005799755799,1
1,0.7933569694194696,1
0,0.8823422993672995,0
1,0.8321924936174937,1
1,0.872922258297259,1
0,0.7041945665445669,0
1,0.6849298035298035,1
0,0.7604571741983502,0
1,0.7783417735042734,1
0,0.8836844988344988,0
1,0.8030257492507492,1
0,0.8510608141858145,0
1,0.9299342546342547,1
1,0.7069516844266847,1
0,0.8734623737373737,0
0,0.8372721334221331,0
0,0.9119688200688201,0
0,0.8764411491286496,0
1,0.8942664557664559,1
0,0.8219385933510935,0
1,0.8909155594405594,1
1,0.7543620268620271,1
0,0.7655854728604724,0
0,0.8451136377511372,0
1,0.6868158563658562,1
1,0.927545634920635,1
0,0.834973643023643,0
0,0.9205123043623049,0
0,0.9483650072150073,0
1,0.7597892843267843,1
0,0.7160208222333218,0
0,0.8250747363747365,0
1,0.8660330863580862,1
0,0.8893021700521699,0
1,0.7976138847263852,1
1,0.7461588605838604,1
1,0.8728251970251971,1
1,0.8880130036630036,1
1,0.8482055805305805,1
0,0.9406155889861768,0
1,0.7376162504162503,1
0,0.8116784881784879,0
0,0.9588258519258517,0
1,0.7618073260073259,1
1,0.7673219461094459,1
1,0.7897270118770124,1
1,0.8468800907425906,1
1,0.8245100371850375,1
0,0.8588268814518814,0
0,0.7875051975801977,0
0,0.8181057747807748,0
0,0.747599894549895,0
0,0.8069477022977021,0
0,0.9304914030414025,0
0,0.7452481671106667,0
1,0.9017839604839607,1
1,0.8247358114108116,1
0,0.836177584915085,0
0,0.8152200077700075,0
1,0.7775282762988646,1
1,0.8222333472083473,1
1,0.7740323842823843,1
0,0.8877455003330004,0
1,0.8203837301587299,1
1,0.7868425269175267,1
0,0.5998632793676911,0
1,0.6597668081918078,1
0,0.7566059745809741,0
1,0.8787600649350652,1
0,0.8991073926073921,0
0,0.9289058621933627,0
1,0.7813489996114995,1
0,0.6501018066900417,0
1,0.8186405483405482,1
0,0.6861315212565214,0
0,0.7949726467976467,0
0,0.7919729802060684,0
1,0.746040576090576,1
0,0.8192125846375848,0
1,0.8606855047730043,1
0,0.8277171245421246,0
1,0.8116901071151069,1
0,0.6452270543182311,0
0,0.8326544372294371,0
1,0.8609429181929186,1
1,0.8596572306778187,1
0,0.8246900349650347,0
1,0.9407086580086581,1
0,0.8111377719502716,0
0,0.8634738011988015,0
1,0.8806591630591629,1
0,0.8547912226662225,0
1,0.7631277611277618,1
1,0.890542016317016,1
0,0.8294075591075595,0
0,0.8500106181400299,0
0,0.8625206575287456,0
1,0.8377982406482405,1
1,0.7356888042513043,1
1,0.7093468711843716,1
1,0.9091742451992451,1
0,0.652488690068102,0
0,0.8290536542705661,0
0,0.8205517565767566,0
0,0.8388243228993226,0
0,0.841659065934066,0
0,0.8055000832500832,0
0,0.8844923437673444,0
0,0.8771959096459098,0
0,0.8657957653457653,0
1,0.8364991536241538,1
1,0.7735824286824287,1
1,0.7467467044393512,1
1,0.8649334249084253,1
1,0.7872876931891644,1
1,0.8198751887001888,1
0,0.7508723137973141,0
1,0.7734151015651017,1
0,0.8286246642246637,0
1,0.8901453157953153,1
1,0.8519170124809831,1
1,0.8384692335442336,1
0,0.9341294011544015,0
0,0.9213392857142856,0
1,0.8109947524697522,1
0,0.782990591353091,0
1,0.801386025086025,1
1,0.8790632783882789,1
1,0.7852578893328892,1
0,0.8023091144966146,0
1,0.7740266816516818,1
1,0.9510338633588633,1
0,0.9144948329448328,0
0,0.9273579365079365,0
0,0.6747945165945164,0
1,0.6765435980685978,1
0,0.8225041680541678,0
0,0.870087024087024,0
1,0.7575594738594734,1
1,0.7892996850371852,1
0,0.7179031473428529,0
0,0.8351661435786437,0
0,0.7239430858357325,0
1,0.7928387945387954,1
0,0.651881204498116,0
0,0.825287962037962,0
1,0.8212383144633144,1
1,0.6799953814159697,1
1,0.7332541985791983,1
0,0.8790121656121656,0
1,0.9020304695304694,1
1,0.8496159590409592,1
1,0.8646758509464391,1
0,0.8474581585081588,0
0,0.9624189421689421,0
0,0.847099988899989,0
0,0.7526956848706846,0
0,0.8955446997446999,0
1,0.8509035658785661,1
0,0.9413487373737375,0
0,0.7853253912753911,0
1,0.6394591935841933,1
0,0.9090357059607059,0
0,0.9449661616161618,0
0,0.8888666694416693,0
0,0.8537418220668221,0
1,0.7903120504495503,1
0,0.7492825702075698,0
1,0.7306130425130425,1
1,0.7174831737706738,1
1,0.8893955100455099,1
1,0.8705433982683983,1
0,0.8484988455988456,0
0,0.7472140389022743,0
1,0.8362204933954934,1
1,0.7080481671106669,1
0,0.5773967504717508,0
0,0.9427133477633475,0
0,0.8628405039405037,0
1,0.7876131812631815,1
0,0.8603693875568874,0
0,0.7308927183927183,0
0,0.5889989135864139,0
1,0.8051809077360546,1
1,0.9161008574758577,1
0,0.9258461593961597,0
1,0.8707776057276055,1
0,0.7302329143079145,0
0,0.6844217504717504,0
1,0.7835281468531465,1
0,0.9671988705738709,0
0,0.7645639665889666,0
1,0.8251774739149735,1
1,0.7194069735819739,1
1,0.8192970307470312,1
0,0.8355872405372404,0
0,0.7359336318093679,0
0,0.8898522977022977,0
1,0.8099300352425349,1
1,0.7970733234902353,1
0,0.8299940809190813,0
1,0.8646134365634364,1
0,0.9427751692751692,0
0,0.7982423308717427,0
0,0.9743524891774892,0
1,0.7985344360318046,1
1,0.7838233863358867,1
1,0.795657305194805,1
1,0.9014610278610281,1
1,0.8615701104451104,1
1,0.8095998223998226,1
0,0.9813888528138528,0
1,0.9322471611721608,1
0,0.8257606976356977,0
1,0.6899464506898336,1
0,0.7561119010074894,0
0,0.8298541958041961,0
0,0.8839263597513596,0
0,0.8855204045954044,0
1,0.8398271894771903,1
1,0.7622435086155676,1
1,0.8372799325674326,1
1,0.8580841991341991,1
0,0.946780375180375,0
0,0.8821572611598927,0
0,0.9315388666888669,0
0,0.8693040431790431,0
0,0.829408714896215,0
0,0.6965973879921251,0
1,0.7903935255104368,1
1,0.7329379398379398,1
0,0.7390655677655678,0
0,0.7457511026555146,0
1,0.8074686840936843,1
1,0.8634555056055057,1
0,0.9530718253968252,0
0,0.8794199092574092,0
1,0.7694612290487295,1
0,0.9825744227994226,0
0,0.693789331501832,0
1,0.738969498965087,1
1,0.776445387945388,1
1,0.7204763458763457,1
1,0.8613002331002333,1
1,0.8347715284715282,1
0,0.9348666847041847,0
1,0.8228651140526141,1
1,0.8106437451437448,1
1,0.932246103896104,1
1,0.8038162046287044,1
1,0.8791807747807743,1
1,0.7493317303611415,1
1,0.8610015353927117,1
1,0.7017733960483957,1
0,0.7998339063714066,0
0,0.684840185141655,0
1,0.8103962398712395,1
1,0.8152229631479629,1
1,0.8082452436452437,1
1,0.8032472888222882,1
0,0.9991083333333334,0
0,0.8865374153624155,0
0,0.8187264430014431,0
0,0.8485251110001107,0
0,0.8107264235764233,0
0,0.871406399156399,0
1,0.8500097596847598,1
0,0.8654623006078889,0
0,0.7776993678706909,0
0,0.9150078976578978,0
1,0.7815435685229806,1
1,0.803946656529745,1
0,0.808643029193029,0
0,0.8519606199356193,0
0,0.8871967893217898,0
1,0.8536373404373402,1
1,0.9569163059163058,1
0,0.8769757159507164,0
1,0.9061525030525035,1
1,0.7345081196581197,1
1,0.8755723803973805,1
1,0.9027715367965371,1
1,0.7723117382617387,1
0,0.9384375180375177,0
0,0.7777369741369744,0
0,0.8892161310911314,0
1,0.8506325684119804,1
1,0.7999177683427681,1
1,0.649769627594628,1
1,0.777824286824287,1
0,0.8352082528582528,0
0,0.7061724719724718,0
0,0.7159111305361305,0
1,0.8296046495171497,1
0,0.8247797037113218,0
0,0.8086708818958819,0
0,0.9199002802752805,0
1,0.8155040080834196,1
1,0.8261274650186411,1
0,0.9466361138861141,0
0,0.8895530303030302,0
0,0.7678673770673768,0
1,0.7703222971472973,1
0,0.8878717192937784,0
0,0.8577623737373734,0
1,0.8380330724830722,1
0,0.8989103868353869,0
1,0.8431831807081808,1
1,0.8340431540681542,1
0,0.9264838952713954,0
1,0.7054696040071038,1
1,0.9157238095238095,1
0,0.7959899128649128,0
0,0.7377014624264626,0
0,0.9144502331002332,0
0,0.8986582972582972,0
0,0.8777035547785552,0
0,0.8559176531801533,0
1,0.8518020299145299,1
1,0.8341139971139968,1
0,0.6647908397158396,0
1,0.6874083347208345,1
0,0.8399314033189036,0
0,0.8093812021312018,0
0,0.9943305194805195,0
0,0.6550185439560443,0
0,0.8665214563214562,0
0,0.6871972777222776,0
1,0.8498959706959703,1
0,0.865423729048729,0
1,0.8695730006105002,1
1,0.8342916167166162,1
1,0.925555486180486,1
0,0.8346421966921965,0
1,0.8603214285714287,1
0,0.7039285742035747,0
0,0.8249533730158726,0
0,0.7392891037067508,0
0,0.9282943639693638,0
1,0.7959661782661783,1
1,0.827794394494395,1
0,0.8262069250194253,0
1,0.9039760933510933,1
0,0.8198777958152962,0
1,0.7135371198246201,1
1,0.8761714535464535,1
1,0.8127940434565433,1
1,0.7737410065424769,1
0,0.6670881660006659,0
0,0.7482920801420797,0
1,0.8936914030414028,1
1,0.7200549644799645,1
0,0.8361462287712286,0
0,0.8136613636363639,0
0,0.8737981934731935,0
0,0.9098866078366078,0
0,0.8708576756576755,0
1,0.7589841880341885,1
0,0.7714885323010328,0
1,0.8288668109668109,1
0,0.9176997002997007,0
1,0.7822524114774114,1
1,0.6995384337884339,1
1,0.657143362193362,1
1,0.8708742063492063,1
1,0.87883214008214,1
1,0.860649938949939,1
0,0.8791578171828177,0
0,0.8800329642579646,0
1,0.8348486263736268,1
1,0.8630927738927736,1
0,0.9150298673548669,0
1,0.759896176699118,1
0,0.9093742146742148,0
0,0.8247583458208456,0
1,0.8182290986790981,1
1,0.8554250666000665,1
0,0.8869115606615606,0
1,0.8583201381951379,1
0,0.8188128288378288,0
0,0.7416185064935065,0
0,0.8723454878454877,0
1,0.8068930957930954,1
1,0.7588256637969869,1
0,0.7637469683094681,0
0,0.9620905122655121,0
0,0.8997179514929513,0
0,0.8324771658896655,0
0,0.8238327200577199,0
0,0.7933745236789355,0
1,0.7453258616383617,1
0,0.856293457419773,0
1,0.7843444555444551,1
1,0.8415858141858141,1
1,0.7805498354586584,1
0,0.896349217449218,0
1,0.7637290237540236,1
0,0.8681435746443099,0
1,0.7913564055225829,1
1,0.7845319874569877,1
1,0.6595753302253299,1
0,0.6452308923103042,0
1,0.8090084138084137,1
0,0.7346408910533908,0
1,0.7667845265845267,1
0,0.8108268009768012,0
1,0.828796192696192,1
1,0.6852078962703962,1
1,0.8291616027247614,1
1,0.830558786638198,1
0,0.8942802197802197,0
1,0.9275016594516596,1
1,0.6860321109446113,1
0,0.7884007478632481,0
0,0.7393640359640355,0
1,0.831631780964134,1
0,0.7450048007548004,0
1,0.8139483946608942,1
1,0.8337062548562547,1
1,0.8355873223998225,1
1,0.7427344627594629,1
0,0.8209481826180356,0
1,0.8558606199356201,1
1,0.7643290917415912,1
1,0.7431896464646462,1
1,0.7690371267621263,1
0,0.9144901501276497,0
1,0.8756740481740481,1
1,0.8034182983682987,1
0,0.8262049764562921,0
1,0.8141547508047505,1
0,0.8385447219447222,0
1,0.6686449911199911,1
1,0.7793944486069485,1
0,0.9481730370936255,0
0,0.8550900086025086,0
1,0.7452675657675661,1
0,0.5135130203130202,1
0,0.8711602758352752,0
0,0.8180144466644467,0
0,0.6930012469556586,0
0,0.6137555722055722,0
1,0.9241740786990783,1
1,0.7935343933843936,1
1,0.8516636752136749,1
0,0.904447385947386,0
1,0.7458569791319791,1
0,0.9200253302253303,0
1,0.6777210969585966,1
0,0.6813269197520747,0
1,0.8150309647868473,1
1,0.8773901529026529,1
1,0.8810038073038072,1
1,0.6920236208236208,1
1,0.7791967042761159,1
1,0.8766958513708516,1
0,0.8600291541791545,0
0,0.8725291763791764,0
0,0.8345567747611863,0
1,0.8077965510796398,1
1,0.7284009115884114,1
1,0.7028767593517592,1
0,0.7967560772560771,0
0,0.7824014416139415,0
0,0.7203975024975022,0
0,0.7008877011877016,0
1,0.6827034729159723,1
1,0.8893476551226548,1
1,0.8765127872127869,1
0,0.8432330072705069,0
1,0.7134208846708842,1
0,0.8966209984459983,0
1,0.7602291194916199,1
1,0.8662437118437122,1
0,0.8779274420024419,0
0,0.8551227994227999,0
1,0.8444608280608282,1
0,0.7733485958485955,0
0,0.8547542429792427,0
1,0.8761946081696081,1
1,0.8634712287712285,1
1,0.852328538128538,1
0,0.8219414085914086,0
0,0.9122739676989674,0
1,0.8497265373515375,1
1,0.7810826738620855,1
1,0.831923787323787,1
0,0.8285753930709817,0
1,0.8266668470418469,1
1,0.8566093628593624,1
0,0.8098900765900762,0
0,0.7249214396714397,0
1,0.791665823065823,1
0,0.7829371265988916,0
1,0.9265247724497727,1
0,0.7100199994449998,0
1,0.8447163780663782,1
0,0.7447489232989235,0
1,0.8067729881229883,1
1,0.6964569763569767,1
1,0.8525619658119657,1
0,0.7636204961704963,0
0,0.8999312326562326,0
1,0.7948184620934625,1
1,0.8008139027639027,1
1,0.8532314213564215,1
0,0.9408012626262626,0
1,0.9044896076146077,1
0,0.8435933122433124,0
1,0.7087901057276053,1
1,0.8463628135753132,1
1,0.8359136002886004,1
0,0.882563278388278,0
1,0.8437722388722387,1
1,0.7968538988788991,1
0,0.7908081127206125,0
1,0.7878530192030193,1
0,0.6818011405261404,0
1,0.8117826146076144,1
1,0.8091867382617379,1
0,0.92655135975136,0
1,0.8150474553224558,1
1,0.8336479575979575,1
0,0.9022133283383285,0
1,0.7455193724576075,1
0,0.9167062853812855,0
1,0.9161099206349204,1
0,0.9156750971250973,0
0,0.675578865578866,0
0,0.7355177905427898,0
1,0.848135649073149,1
1,0.7813025197025195,1
1,0.813916333666334,1
0,0.8030433871683869,0
1,0.795675566100566,1
0,0.7391046494355314,0
0,0.9322223956598954,0
0,0.9128484265734269,0
1,0.8891168470418475,1
1,0.772239655605832,1
0,0.8003851010101009,0
1,0.6682189585741058,1
1,0.7742528083028087,1
1,0.8066944083694081,1
0,0.9125388222888219,0
1,0.73832510961261,1
0,0.882048013098013,0
0,0.7910143913276263,0
1,0.8977090798090797,1
0,0.7810844415388534,0
0,0.7428238622488628,0
0,0.8891274461649461,0
0,0.7995226223338066,0
1,0.8263105089355094,1
0,0.9092107864357865,0
0,0.965440850815851,0
1,0.9035936285936281,1
1,0.6813485014985019,1
0,0.8895210955710955,0
0,0.692393403818404,0
0,0.8927821234321237,0
0,0.8099907370407372,0
1,0.8978190476190474,1
0,0.7408091172716177,0
0,0.896860989663931,0
0,0.8590943944943946,0
1,0.7020009765561239,1
0,0.8003964146964142,0
0,0.7657981449106448,0
0,0.7744200581281461,0
0,0.761229082029082,0
0,0.8241991452991455,0
1,0.8001092694886814,1
1,0.7678910145410145,1
1,0.8734593628593625,1
1,0.8099174020424019,1
0,0.9326338023088021,0
1,0.8611099790732141,1
1,0.7392259744340627,1
1,0.5560626234876236,1
1,0.923847363747364,1
0,0.7942352369852367,0
0,0.9570581529581531,0
0,0.6739877955377959,0
1,0.7691499750249748,1
0,0.8947550754800755,0
0,0.8857949467199471,0
0,0.8974342740592741,0
1,0.7652019101813216,1
1,0.664444583194583,1
1,0.8093327519702523,1
1,0.8737878593628595,1
0,0.7582137626262624,0
0,0.8636467379842382,0
1,0.8898874336447863,1
0,0.7972478882228886,0
0,0.8565993978243982,0
1,0.6473077616827617,1
1,0.9158588050838053,1
1,0.9162323815073811,1
1,0.8098390914640912,1
0,0.732742049617049,0
0,0.6413707681207683,0
0,0.8243236069486065,0
1,0.8124459346209346,1
0,0.8071481060606059,0
1,0.8351320318570319,1
0,0.7782338661338659,0
0,0.9213356782106784,0
1,0.7960108252858252,1
1,0.8150176628926629,1
0,0.8773864519467461,0
0,0.8127032231657229,0
1,0.733641891441891,1
1,0.6954323482073479,1
1,0.8508348554223555,1
0,0.8334349642187873,0
1,0.8822663947163948,1
0,0.8132250027750031,0
1,0.8077475288600283,1
1,0.8240729825729823,1
1,0.7101393839820311,1
1,0.762940354090354,1
0,0.9021853332941567,0
0,0.8315557747807747,0
0,0.9030349678099673,0
0,0.7647834498834494,0
0,0.7983882978132977,0
1,0.8178488844488851,1
1,0.7731867243867246,1
1,0.7739469665954963,1
0,0.8258718808968807,0
0,0.8678433594183594,0
1,0.7436519494394493,1
0,0.9768526733070849,0
0,0.8398408702408698,0
1,0.7561862554112551,1
1,0.7920034445946215,1
0,0.8593243395493396,0
1,0.929240263902764,1
1,0.8766200660450663,1
0,0.9148234210234206,0
1,0.8864053751803748,1
1,0.736771911421911,1
0,0.8017677683427678,0
0,0.804002461427461,0
0,0.7643291974365508,0
0,0.829260159285159,0
1,0.8182827006327004,1
0,0.9369582972582972,0
1,0.7848772616272612,1
0,0.8982942279942281,0
1,0.9342899961149963,1
1,0.792620745920746,1
1,0.8862915473415471,1
0,0.9104855042618196,0
0,0.7334647047397052,0
1,0.816922943722944,1
1,0.8701233000659468,1
1,0.8841888472638476,1
1,0.8817567932067932,1
0,0.9078190115440118,0
0,0.6837268426018427,0
1,0.7963651029526034,1
0,0.8050563769563769,0
0,0.9296669441669443,0
0,0.795184421134421,0
1,0.7772385947385952,1
1,0.6905903651903653,1
0,0.7083004800754802,0
0,0.8039613997113996,0
0,0.8411205516705518,0
1,0.8289100010283839,1
0,0.6534750166500167,0
1,0.9372170634920634,1
0,0.7801610250860255,0
1,0.8844558164058166,1
0,0.886516191325015,0
1,0.8596613997113997,1
1,0.7666609650153765,1
0,0.7915553761597883,0
0,0.7277404391360269,0
1,0.7592485625485627,1
0,0.8258181096681099,0
0,0.8480761391386388,0
0,0.8282817196692194,0
1,0.7067475274725272,1
1,0.8292592185592182,1
1,0.7692844252969255,1
0,0.7595614413364413,0
0,0.7271249500499495,0
1,0.7987657412032411,1
0,0.7084515226002063,0
1,0.8182140498390501,1
0,0.9496298895548895,0
1,0.8950370962370956,1
0,0.7322973692973695,0
0,0.8394180819180822,0
1,0.8799346320346321,1
1,0.7873985778110777,1
0,0.9270661394161397,0
1,0.9344003246753246,1
1,0.8436669025419025,1
0,0.8375605103230105,0
1,0.9125081350022527,1
1,0.7722968281718282,1
1,0.7862649669774668,1
0,0.7827812520812517,0
1,0.8099576395826392,1
1,0.8352418831168827,1
1,0.7794726383265852,1
0,0.712385141492494,0
1,0.7764724469974473,1
1,0.7934958610833608,1
1,0.8783817377067372,1
0,0.9275159146409148,0
1,0.734573552836053,1
0,0.7178789613164616,0
0,0.8558548160173164,0
0,0.7976214535464536,0
0,0.7804702464202466,0
1,0.6850327024282906,1
0,0.8845492170411291,0
1,0.9056898268398267,1
1,0.7653163281163282,1
0,0.8360707708957713,0
0,0.8312627386502384,0
1,0.801485427072927,1
1,0.8165502372627372,1
1,0.790217571480807,1
1,0.8618051351426352,1
1,0.7884351190476193,1
0,0.812795604395604,0
0,0.9223386183261185,0
1,0.7926995060495061,1
0,0.8766003246753244,0
0,0.8585617715617715,0
0,0.7705197193329549,0
0,0.7106410173160171,0
0,0.8735702408702407,0
1,0.8188761710511712,1
1,0.8387891959347843,1
0,0.8206765984015985,0
1,0.7877199772449769,1
1,0.8401756271506271,1
1,0.8748786994051699,1
1,0.7624051282051285,1
0,0.7866570249195246,0
1,0.8848950826950824,1
1,0.7912231629481626,1
1,0.791745263070263,1
0,0.7207996936886645,0
1,0.8350989787989785,1
1,0.8691232739482742,1
0,0.7975756632256632,0
0,0.983345202020202,0
0,0.782739552114552,0
0,0.8838775765900767,0
1,0.8325398603847136,1
1,0.9247923631923631,1
1,0.7615809819265709,1
1,0.8288536796536797,1
1,0.8256006132756132,1
0,0.8975853174603174,0
1,0.853769520757021,1
1,0.7165911907536904,1
1,0.884739801864802,1
0,0.8974490037740035,0
0,0.9050175685425689,0
1,0.7751819228157464,1
0,0.9572989968364969,0
0,0.8518130397380397,0
0,0.7076438554909144,0
0,0.8823715145965145,0
1,0.7888821373071371,1
0,0.9370898240648237,0
0,0.854406915306915,0
0,0.7566959887334891,0
0,0.8732936369186367,0
0,0.7603275105613336,0
0,0.7415506021756016,0
0,0.9277879148629149,0
0,0.9880440476190477,0
1,0.815698762348762,1
0,0.6702270138358375,0
0,0.9368891774891774,0
0,0.7806955044955044,0
1,0.7487974705849709,1
0,0.858816416916417,0
0,0.7592453685203681,0
0,0.8913801642801642,0
0,0.8725101037851032,0
0,0.8247297868797869,0
0,0.7919520396270394,0
0,0.779601601176601,0
1,0.8621697940947937,1
1,0.8528065906315904,1
1,0.8419446775446775,1
0,0.7933664234458354,0
0,0.9717437950937949,0
1,0.7698897963147961,1
0,0.7291669094794097,0
1,0.8760463189588191,1
0,0.8146185384876561,0
0,0.8213616050616056,0
1,0.5886475829725835,1
0,0.8662026334776335,0
0,0.7496359765234766,0
1,0.7499886763563235,1
1,0.8611582473082471,1
1,0.7850590770340768,1
0,0.8499972610722609,0
1,0.7572269439710614,1
1,0.7676416749916752,1
0,0.8144999417249423,0
0,0.735520732045732,0
1,0.8220156787656785,1
1,0.8463237692862692,1
1,0.8215939643689643,1
0,0.9543253607503605,0
0,0.8621755161505158,0
0,0.7950621461871455,0
1,0.842535531135531,1
0,0.8217101703851704,0
1,0.871844055944056,1
0,0.8531678042545692,0
1,0.7983654632132575,1
0,0.7752787962037961,0
1,0.7104073371073374,1
0,0.8733676240426242,0
0,0.8811048645798641,0
1,0.7030883542927658,1
0,0.8737332448597154,0
1,0.8398022810522812,1
1,0.7543920135420132,1
1,0.9175407647907649,1
1,0.8681227744477746,1
0,0.7506014846264847,0
0,0.8262991966667664,0
0,0.8609587051837049,0
0,0.8792443167943167,0
1,0.7452038295038296,1
0,0.933410617160617,0
0,0.8740803182928182,0
1,0.7610307091601207,1
0,0.7464539613164618,0
1,0.8338148984185754,1
0,0.6991986388611384,0
0,0.8393424936174931,0
0,0.7245861636729285,0
0,0.6292558627045469,0
0,0.9069074633699632,0
1,0.8248480713730713,1
1,0.6241426642801639,1
1,0.6943565934065926,1
1,0.744304541292041,1
1,0.809848736965649,1
0,0.859739235764236,0
0,0.9242202408702408,0
0,0.9006278249528247,0
1,0.8716861860361862,1
1,0.8052947177822175,1
0,0.6215753316128315,0
1,0.6918786685536689,1
1,0.7846150400253343,1
0,0.8425483469145234,0
0,0.8176544247419245,0
0,0.7899545121545122,0
0,0.7881290154290157,0
0,0.8640559690309694,0
0,0.8624366161616162,0
1,0.6487901848151845,1
1,0.847244613719614,1
1,0.8686274558774559,1
0,0.6245481684981687,0
1,0.8074609945609945,1
0,0.7515789765789763,0
1,0.7731407223495458,1
0,0.7307253385503387,0
0,0.9211206404706406,0
0,0.7756197163947163,0
0,0.8775787989787992,0
1,0.8724936702186701,1
0,0.913049025974026,0
0,0.8941902019549078,0
1,0.7857395403615991,1
1,0.8479744283494282,1
1,0.8655583971583973,1
0,0.7144697732822736,0
1,0.7155138528138526,1
0,0.8014401612276612,0
1,0.8885424075924074,1
0,0.8319354959368119,0
0,0.866583788433788,0
0,0.8571430347430343,0
1,0.8930326673326672,1
1,0.9061164502164503,1
1,0.7533194250194251,1
0,0.7081427433677436,0
1,0.8483500610500609,1
1,0.8665386252636249,1
0,0.8321259629259626,0
1,0.9044084665334662,1
1,0.8294466810966811,1
0,0.8265871933621934,0
1,0.8265059061853186,1
0,0.9199886724386724,0
1,0.7987433760683762,1
1,0.8749572621822621,1
0,0.7941967032967036,0
0,0.7794404716198831,0
1,0.923546303696304,1
0,0.8762315087690092,0
0,0.7933618756243757,0
1,0.8530556665556668,1
1,0.7953450160950157,1
0,0.9491031024531024,0
0,0.8468232295482296,0
0,0.7512664044289042,0
0,0.8447448246198245,0
0,0.8909450438450441,0
0,0.9051260794760795,0
1,0.8388936285936285,1
0,0.7822021672771675,0
1,0.8132048285048283,1
1,0.7440654484404483,1
0,0.8430002941502938,0
0,0.8079572469197468,0
0,0.9377583111333113,0
0,0.8113969938558172,0
0,0.8732242646242645,0
0,0.8280496558996561,0
1,0.5634506715506714,1
0,0.9643365079365078,0
1,0.8747553252303252,1
0,0.7684879537129534,0
1,0.7455407037407031,1
1,0.7375571621189269,1
0,0.7779009940223179,0
0,0.7210593933843937,0
1,0.9298057040998214,1
1,0.9053552096596217,1
1,0.8282686338987812,1
1,0.8768777195027193,1
0,0.7385543137418138,0
0,0.8486856310356309,0
0,0.9002503135753136,0
0,0.8766311299811302,0
0,0.7698086615998376,0
0,0.9452629563247212,0
1,0.8543497211122212,1
0,0.7405087828837829,0
1,0.7887966810966811,1
1,0.7341779942279941,1
1,0.898962987012987,1
0,0.8189012737262735,0
1,0.8065044055617585,1
0,0.9198413808413807,0
0,0.8054417499167499,0
1,0.9107451021201023,1
0,0.7892184371184364,0
1,0.8237801864801866,1
0,0.6987770923520921,0
0,0.8561852841602837,0
1,0.8248867715617717,1
0,0.9041468448218443,0
1,0.8294102897102893,1
1,0.7939579753579753,1
0,0.8719013347763346,0
1,0.8601084415584414,1
1,0.7949892478436594,1
0,0.8563797730047731,0
0,0.7691824512905393,0
0,0.7403986457986456,0
1,0.81370217005217,1
1,0.9018522033522032,1
1,0.8151365884115884,1
1,0.8997359233903351,1
1,0.7901385669885673,1
0,0.7957387289181406,0
0,0.7861122113997114,0
0,0.6917672366848832,0
1,0.7260242840492842,1
1,0.8276983127983124,1
1,0.877713023088023,1
1,0.7991151764901768,1
0,0.8317431512931517,0
0,0.6240954836829838,0
1,0.9069636613386611,1
1,0.7939922494172494,1
1,0.8184328504828502,1
0,0.8038797591297593,0
0,0.7326003330003328,0
1,0.7274088661338665,1
1,0.8678949328449327,1
0,0.933085696248196,0
1,0.817988225663225,1
0,0.8589882645132643,0
1,0.779121414696415,1
0,0.6823383699633699,0
1,0.787769691419691,1
1,0.8752601176601178,1
1,0.8352872238872241,1
0,0.8605809551559549,0
0,0.7976762598512599,0
1,0.8485423937173935,1
0,0.8407860001109997,0
1,0.8438281385281386,1
0,0.8913252594627592,0
1,0.7830844044844045,1
1,0.6870711760461764,1
1,0.7925395160395161,1
0,0.8947966894216892,0
0,0.9040138888888885,0
0,0.8714711677211677,0
1,0.8720500832500834,1
0,0.8758862970362968,0
0,0.9088974136974133,0
1,0.8864123418248419,1
0,0.8603857919857917,0
0,0.8568653540903545,0
0,0.8213448958935802,0
1,0.7725772782772786,1
0,0.8379048756798757,0
1,0.798154538517038,1
0,0.9270125041625042,0
0,0.8933250138750142,0
1,0.8786360639360644,1
1,0.7913799506049508,1
0,0.860807179585121,0
0,0.8591664670297022,0
1,0.7988984113109111,1
1,0.9069741341991344,1
0,0.9048237373737374,0
0,0.7859572225160463,0
1,0.7916536186036188,1
1,0.6725297702297699,1
1,0.7321202235672827,1
0,0.7394777246446369,0
1,0.8726688311688314,1
0,0.8520429861804867,0
1,0.806930856235268,1
0,0.8186484126984123,0
0,0.8193512584637584,0
1,0.7500424769674776,1
1,0.7206268509268509,1
1,0.750259607059607,1
0,0.9353114552114551,0
0,0.895885468186784,0
1,0.8167399748943863,1
1,0.7565009518259515,1
0,0.5668118825618828,0
1,0.7379372988122984,1
1,0.8598648962148964,1
1,0.7879858974358969,1
1,0.872375781408134,1
0,0.9163632756132751,0
0,0.8291082389832386,0
1,0.7511768606393607,1
0,0.7489154650904651,0
0,0.902919504107004,0
1,0.8744725496725495,1
0,0.853675405150405,0
0,0.9214392135642134,0
0,0.9232593073593076,0
0,0.9042294427794425,0
1,0.7833121323121323,1
0,0.7957237040737042,0
0,0.8877262071262073,0
0,0.7013308649683649,0
1,0.9047866688866693,1
1,0.8096273310023311,1
0,0.7614082029082032,0
0,0.8262122738372736,0
0,0.8520397546897546,0
1,0.7879977455550984,1
0,0.6700363997113997,0
1,0.8154409160284158,1
0,0.8282381993006992,0
0,0.9273962537462536,0
1,0.8569520868020867,1
0,0.9109927211677209,0
1,0.8220379329004329,1
0,0.7320340132090128,0
1,0.6019387589749426,1
0,0.7618938783438779,0
0,0.8378967310467311,0
0,0.8468301809301809,0
0,0.8288632613301732,0
1,0.9435964923964921,1
0,0.9131923409923407,0
0,0.8684393772893771,0
0,0.9618619991119988,0
1,0.7903529956154955,1
1,0.8925955516705513,1
0,0.8131079004329004,0
1,0.6837524114774116,1
0,0.8709735538154656,0
1,0.8328730547230546,1
0,0.8264476384726384,0
0,0.7339261230599468,0
1,0.863071800421801,1
1,0.6897522653816778,1
1,0.913603252303252,1
0,0.7955212232212231,0
0,0.8337854090354091,0
0,0.9104941808191805,0
1,0.7355625679875679,1
1,0.8554235902985904,1
0,0.8010615356865355,0
1,0.8173017316017314,1
0,0.8197489094239099,0
1,0.8449627983127982,1
1,0.8618156815406813,1
0,0.7515710747585745,0
1,0.8525512931512931,1
0,0.8387923784548789,0
0,0.8021514818514822,0
0,0.9382983211233212,0
0,0.7040180523724643,0
1,0.8963919366581131,1
0,0.8761712814962815,0
0,0.8840640026640029,0
1,0.8150198856698857,1
1,0.7632178737928738,1
1,0.8386806388056391,1
0,0.9022126187537952,0
0,0.8001113705738703,0
1,0.7545921994671992,1
0,0.7221723124098125,0
1,0.8967408008658007,1
0,0.9786875790875788,0
0,0.6660227865271978,0
1,0.7853714244089245,1
0,0.8867379592629595,0
0,0.7581737845487841,0
0,0.8663091491841495,0
0,0.9236190032190035,0
0,0.8345813325563329,0
0,0.8935619269619269,0
0,0.8862109945609942,0
1,0.7663035492285495,1
1,0.8603315379065374,1
0,0.8468344377844381,0
0,0.9351494782994784,0
1,0.7975671065046063,1
0,0.6394947219447223,0
1,0.9127398740148739,1
0,0.9214031274281274,0
0,0.8062182276057273,0
1,0.6771962416668299,1
0,0.9080209124209124,0
1,0.9339097374847376,1
1,0.8058349118717542,1
1,0.7602293609168612,1
1,0.8726801587301588,1
0,0.7510244949494952,0
1,0.9049779748029747,1
1,0.7769197358197358,1
0,0.9350205808080806,0
0,0.8415119269619264,0
1,0.926537803862804,1
1,0.7564289765789771,1
1,0.7777351197821795,1
0,0.931121511821512,0
1,0.7508835386835387,1
1,0.9000488095238096,1
0,0.9960515151515151,0
1,0.7994122344760499,1
0,0.7834474092900564,0
1,0.7626508678413093,1
0,0.680424142524142,0
0,0.8044610916860918,0
1,0.8697330377955376,1
1,0.6657882201132203,1
0,0.8584105699855703,0
1,0.9131516455766453,1
1,0.8112302294927295,1
1,0.8920927794427791,1
0,0.7716092157842162,0
1,0.8515091630591631,1
1,0.8630183191808192,1
1,0.7967277666777667,1
1,0.7691488122988125,1
0,0.6815676406926402,0
1,0.7506403263403261,1
0,0.7776602133977132,0
1,0.8072721916971914,1
0,0.7777012618100854,0
1,0.6718016927516929,1
0,0.8695933261183261,0
1,0.9076682720057722,1
0,0.8613737484737483,0
1,0.904084518259518,1
0,0.7523654526029524,0
0,0.8262212398712399,0
1,0.8940247655122656,1
0,0.9153530441780442,0
1,0.809807545232545,1
1,0.8660779179154177,1
0,0.7793156008207475,0
0,0.7284370226995224,0
0,0.9298085053835055,0
0,0.724298652736153,0
1,0.7991797401128289,1
0,0.8456957875457876,0
0,0.9606149711399709,0
0,0.8101749639249641,0
0,0.8197035464535467,0
0,0.7548694112260285,0
1,0.9389248556998556,1
1,0.8429681401931398,1
0,0.8085296171965284,0
1,0.8049048201798202,1
0,0.8907066766566767,0
0,0.9007253246753243,0
1,0.7412196377152263,1
0,0.8490907550782553,0
1,0.7531524919524921,1
0,0.6967612831612834,0
1,0.748566874791875,1
0,0.8725586080586081,0
0,0.9643147546897546,0
1,0.9116440198690196,1
0,0.8487068483803778,0
1,0.7764733488733491,1
1,0.8103258769008769,1
0,0.8108708180708178,0
0,0.8256820929070926,0
1,0.8357708874458877,1
1,0.861401857864358,1
0,0.887037329337329,0
1,0.7720001914751916,1
0,0.8920171578421575,0
1,0.9038898074148077,1
1,0.8374606754356758,1
0,0.8171198662448657,0
0,0.8110692529692527,0
1,0.8389438186813191,1
0,0.9375912698412694,0
1,0.8598281746031745,1
0,0.8436867798867796,0
0,0.9252674561549558,0
0,0.7216834526584526,0
0,0.7223543456543455,0
1,0.8399016705516705,1
0,0.8393684981684979,0
0,0.6620603471691707,0
0,0.8187196692196688,0
0,0.7991785266204388,0
1,0.7536727078477077,1
1,0.8092511183261185,1
1,0.8538187937062935,1
1,0.7052076659451658,1
0,0.8240392814787554,0
1,0.8726444000444,1
1,0.8808207403707403,1
0,0.9394883671883668,0
1,0.8605297313797312,1
1,0.8886369769119766,1
0,0.7939690018315018,0
0,0.7373004370629376,0
0,0.7452265373515372,0
0,0.7499697607947612,0
0,0.7487110185566075,0
0,0.7138418614065676,0
0,0.8642715229215228,0
0,0.8892340520590521,0
1,0.8449888611388613,1
1,0.8264892787767786,1
1,0.8615077422577423,1
0,0.8308606984518749,0
0,0.856332427294927,0
0,0.8622934175301821,0
1,0.9288753080253079,1
1,0.8383310328560325,1
0,0.8394837394631509,0
0,0.7182734265734264,0
1,0.8261411699411699,1
1,0.9208887556887555,1
0,0.882287393162393,0
0,0.9185409701409702,0
0,0.898682466144966,0
1,0.7885133283383285,1
1,0.7143750055500058,1
0,0.8534034687534687,0
0,0.823665960836549,0
0,0.8243792023336135,0
1,0.8731078171828175,1
0,0.8053979797979793,0
0,0.6465482128982137,0
0,0.9303752955377953,0
0,0.8728837051837048,0
1,0.695374827949828,1
0,0.9437358585858587,0
0,0.8618446539571541,0
1,0.7519929598179599,1
1,0.8786976134976137,1
0,0.7394139202902361,0
1,0.8362911865911867,1
1,0.8223163503163503,1
1,0.8652392533936653,1
1,0.8230842685092683,1
1,0.8128571872571871,1
0,0.8540445422224833,0
1,0.8435098207348205,1
1,0.8732353785103784,1
1,0.8035647935397937,1
1,0.6305182577226697,1
1,0.8315857489732489,1
0,0.8542374625374627,0
0,0.858345167332667,0
1,0.7609366328116329,1
1,0.8661328407703406,1
1,0.8923424852924853,1
0,0.8963587440337439,0
0,0.8322041930291931,0
1,0.9421299062049064,1
1,0.9112341158841158,1
1,0.797510028860029,1
1,0.8223623404373402,1
1,0.8675876290376294,1
0,0.5875162087912091,0
1,0.7692762210012214,1
0,0.8789982184482185,0
0,0.8108420246420244,0
1,0.7754358391608392,1
0,0.6738059815184809,0
1,0.8366198412698416,1
0,0.7271103257853254,0
0,0.8463609237984241,0
0,0.8211802059052061,0
1,0.8311120046620043,1
0,0.912376370851371,0
0,0.7970417873792875,0
0,0.8116275849150852,0
1,0.7468941336441338,1
0,0.8082536352536348,0
0,0.7817842546342543,0
0,0.7828409285159281,0
0,0.832925062029474,0
1,0.9315804473304471,1
0,0.8892705266955266,0
0,0.9377678266178269,0
1,0.8720555250305251,1
0,0.8286000790875788,0
0,0.8945912920412921,0
1,0.7635271034521043,1
0,0.7998673354423352,0
1,0.7724347985347985,1
0,0.7872381507381507,0
0,0.7354877150627148,0
0,0.7633822122322121,0
0,0.7616133200133202,0
0,0.8353728771228769,0
0,0.8847530053280056,0
0,0.9991083333333334,0
0,0.8779007020757017,0
1,0.7497058275058275,1
1,0.8017980658230651,1
0,0.8248028027528024,0
1,0.8086718725718726,1
0,0.9822237234987237,0
1,0.5147843392718394,1
1,0.9023428078457488,1
1,0.8761326798201797,1
0,0.6719577131202134,0
0,0.8661143578643584,0
1,0.8486892524142526,1
1,0.7408918220668228,1
1,0.8446319902319904,1
1,0.8098791930291928,1
0,0.8725485375735372,0
0,0.7466551809301807,0
1,0.8444565961815964,1
0,0.8690625485625486,0
0,0.7670126012876013,0
1,0.852089010989011,1
0,0.7128986929736926,0
1,0.8509790903540901,1
1,0.8066487984237982,1
0,0.8057708569208571,0
1,0.6923244255744259,1
1,0.8009143467643467,1
1,0.9073410950160948,1
0,0.8037358394873099,0
0,0.878256499056499,0
1,0.8664049089799088,1
1,0.8085300772756661,1
0,0.9063842962592966,0
1,0.8327439865689867,1
0,0.910359992784993,0
0,0.7737117965367963,0
0,0.5765776973026978,0
1,0.7128806943056945,1
0,0.8765180319680317,0
1,0.8616028416028415,1
0,0.8875438450438452,0
0,0.8769015664890669,0
0,0.8558623459873465,0
1,0.8412682206682209,1
0,0.8305286199911198,0
0,0.747834985439397,0
1,0.7421820023114135,1
1,0.8055216630591633,1
0,0.8119796786546786,0
1,0.5389766372516368,1
0,0.9047246725496719,0
1,0.8950829892329893,1
1,0.8827011405261408,1
0,0.5615947871572872,0
0,0.8050931179931177,0
0,0.9786748196248196,0
1,0.8650591713841714,1
0,0.8036590381840378,0
1,0.8038400294150294,1
1,0.8546854673104664,1
0,0.8900986430236427,0
1,0.8148324633699634,1
0,0.9875058802308804,0
0,0.6834701873290107,0
1,0.7772047119547121,1
0,0.7092273865023864,0
0,0.928725865800866,0
0,0.8932682067932064,0
0,0.9045989843489846,0
0,0.6184755522255518,0
0,0.7651937368187365,0
0,0.881883886946387,0
1,0.9158507797757797,1
0,0.8743022311022309,0
0,0.8925019896769896,0
0,0.894759253246753,0
0,0.8823634559884559,0
0,0.9177508186258188,0
1,0.8770007825507825,1
1,0.7854379925629926,1
0,0.9057212787212789,0
1,0.9288820447526327,1
1,0.8845431901431898,1
1,0.874232314907315,1
1,0.8931993728493725,1
1,0.8458056485181483,1
0,0.8761581196581198,0
1,0.8858790293040295,1
0,0.8719805083805087,0
1,0.7596810592185592,1
0,0.7905828421578421,0
0,0.8204283921358998,0
1,0.7633551459977928,1
1,0.7887668165168165,1
1,0.8139836524586526,1
0,0.8567058330558327,0
1,0.6981504560798675,1
1,0.7728967504717501,1
1,0.8779232536254595,1
0,0.8760201548451547,0
1,0.8646411005661004,1
1,0.9374047619047622,1
0,0.8320695221445217,0
0,0.8298234487734489,0
1,0.9359197691197693,1
0,0.9050863775113771,0
0,0.8274597874347873,0
0,0.8677266400266405,0
0,0.7842232917409384,0
1,0.8116578421578422,1
0,0.7369383644133642,0
0,0.679134068709069,0
1,0.9257605089355092,1
0,0.8951497224997226,0
0,0.8509736329030444,0
0,0.8699348290598294,0
0,0.8814157453657457,0
1,0.8874393897768894,1
0,0.7721953167747284,0
1,0.9611021478521476,1
1,0.8069385656010659,1
1,0.9169770368520368,1
0,0.791118697968698,0
0,0.9257682650682649,0
1,0.8398641192141191,1
1,0.8975320485070484,1
0,0.8749438672438672,0
1,0.7434295204795209,1
1,0.8688336871461871,1
0,0.8749166111666109,0
0,0.8004406204906207,0
0,0.7860543262293261,0
1,0.7080665161635744,1
0,0.7760038267288267,0
1,0.8844372072372072,1
0,0.7498388444888444,0
0,0.7859653255241492,0
1,0.8197319497495968,1
0,0.7708411893661893,0
0,0.9497960927960928,0
1,0.862639182223006,1
0,0.8118026334776337,0
0,0.8732355755355754,0
0,0.8939098824378238,0
1,0.8382565795315795,1
0,0.7685097484215133,0
1,0.8597124292374295,1
0,0.880672308247308,0
0,0.788759097438509,0
0,0.8698913170163171,0
1,0.9006838023088023,1
1,0.8866149600399597,1
1,0.7881748154623156,1
0,0.8319314158064157,0
0,0.845663536463536,0
1,0.8457921578421574,1
0,0.7370942279942279,0
0,0.875570984570985,0
0,0.8022656964380649,0
0,0.6575499139749147,0
0,0.9648797535797538,0
0,0.7742522560772565,0
0,0.8030140581640577,0
1,0.8099898268398266,1
0,0.8877973026973032,0
1,0.8435851509601509,1
0,0.7928216755466755,0
0,0.8788770923520923,0
1,0.869250314962815,1
1,0.8251410533910535,1
0,0.8951603424353424,0
0,0.770058433233433,0
1,0.8080635059385061,1
1,0.755389972527473,1
0,0.8568474358974361,0
1,0.8880286879786875,1
1,0.821037315462316,1
1,0.8100033202908201,1
1,0.6941865287490293,1
1,0.8899272907647905,1
1,0.8749366605616602,1
0,0.8524399350649351,0
1,0.6598985746279863,1
0,0.7409134587634583,0
1,0.7822180028305029,1
0,0.6991978438228438,0
1,0.7904637973137975,1
1,0.8082033300033298,1
0,0.7959833809164694,0
0,0.8598060268979388,0
0,0.9339582473082471,0
0,0.8456516178266175,0
1,0.8315699120324122,1
0,0.82163306970807,0
0,0.7332067904317897,0
0,0.8021071983571989,0
0,0.8171684509934508,0
1,0.7335585359085356,1
1,0.9767056166056167,1
1,0.7849433066933068,1
1,0.8696503579753583,1
1,0.7628698717948716,1
1,0.8648064810189807,1
0,0.7439360417360414,0
1,0.7821320623820627,1
0,0.8520463120213122,0
1,0.8392625263625264,1
1,0.797733724608724,1
1,0.7202321733821733,1
0,0.7410108946608943,0
0,0.7672337343212342,0
0,0.8083969905094899,0
0,0.905351402763903,0
0,0.9286195831945837,0
0,0.7968727383727381,0
1,0.7520516164391166,1
0,0.8495227550227554,0
1,0.7836546897546895,1
1,0.8526283827283825,1
0,0.9060502594627593,0
1,0.8912475690975687,1
0,0.8353569291819289,0
1,0.7980740939615939,1
0,0.9039051226551224,0
1,0.6446510017760018,1
1,0.8470284715284714,1
0,0.7659918525918532,0
1,0.6128770359757202,1
1,0.8448509333803448,1
0,0.9050460331335334,0
0,0.7890120379620376,0
0,0.8020679750804744,0
1,0.8622342296592296,1
1,0.8515484376734376,1
0,0.7466203133467836,0
1,0.8590434926184928,1
1,0.8452840548340541,1
0,0.8679780330780331,0
0,0.7412459443334442,0
0,0.8622825840825843,0
0,0.8700991175491174,0
0,0.7998324980574983,0
1,0.768305851746293,1
0,0.780588428238428,0
1,0.7997719488844487,1
1,0.9235664793539794,1
0,0.7603143717393722,0
1,0.8791346431346432,1
0,0.7461241827616824,0
0,0.9763547258297258,0
0,0.7628143287268289,0
1,0.8319411976911977,1
1,0.7993976495726497,1
1,0.9174452741702741,1
1,0.8152455294705295,1
1,0.7541273996428406,1
0,0.8390467086834734,0
0,0.8126357822732825,0
0,0.844716879057475,0
0,0.8732607947607949,0
0,0.7588782661782666,0
1,0.8875701118326115,1
0,0.7372354026090867,0
0,0.7525431027306025,0
0,0.7076857975357974,0
1,0.937366666666667,1
1,0.6244839563214564,1
1,0.9108519480519478,1
0,0.7614648407148409,0
0,0.8386677378177381,0
0,0.9698314740814741,0
1,0.7468439634926473,1
0,0.7913038322788325,0
1,0.804079008491508,1
1,0.8355704295704296,1
0,0.8579221583971581,0
1,0.7828108558108557,1
0,0.8235809912309908,0
1,0.7437464040044922,1
0,0.7566864579864581,0
0,0.7828798676813379,0
1,0.7801166527916534,1
0,0.9231256673881674,0
0,0.7529321178821177,0
1,0.8452693251193251,1
1,0.6580128716055187,1
1,0.8785791236541234,1
0,0.8197768562320034,0
1,0.7495909507159504,1
0,0.828068491720698,0
1,0.8319485474492826,1
1,0.7919417818292818,1
0,0.8342189088689088,0
1,0.8307574397824401,1
0,0.6464545723282565,0
0,0.9036869408369409,0
1,0.8920062160062163,1
1,0.8098190725940724,1
0,0.8583611582861582,0
0,0.9126511766011763,0
1,0.8208763666888664,1
1,0.8432281746031747,1
0,0.862798734598735,0
1,0.6845748584748585,1
0,0.8512789081833199,0
1,0.8155259379509376,1
0,0.8414260313216195,0
1,0.7601568059391586,1
0,0.8600631771006771,0
0,0.8041824798567442,0
0,0.840664271839272,0
1,0.7959307525807527,1
0,0.8412001276501275,0
1,0.869593992118992,1
0,0.8127117868242869,0
1,0.8341901743681153,1
1,0.7732249403374409,1
0,0.9099464507714508,0
1,0.8482337004498766,1
1,0.8851666545872426,1
1,0.8324712870462873,1
1,0.8477708902208901,1
0,0.8599103313353311,0
1,0.8382515567765572,1
0,0.7665198176823173,0
1,0.774171983571983,1
0,0.8765573593073591,0
1,0.7763393476406631,1
1,0.6997846708846707,1
1,0.8890289099789098,1
0,0.852622693972694,0
0,0.7369154803529805,0
0,0.9101486763236764,0
0,0.9087197829947827,0
0,0.9545896214896217,0
0,0.9589043650793652,0
1,0.8252193639693639,1
0,0.8583712384837384,0
0,0.7017475357975356,0
0,0.8136521672771674,0
0,0.9544293761793762,0
1,0.7947908036408037,1
0,0.9802499639249638,0
0,0.7991501554001551,0
1,0.6622613793069672,1
0,0.7867756687756691,0
0,0.933868650793651,0
1,0.7360033105783107,1
0,0.6625465659340658,0
0,0.7967339493839495,0
1,0.8846860472860475,1
1,0.8267029970029968,1
1,0.8917921106671105,1
0,0.8766899544899543,0
1,0.7754240065490062,1
0,0.773865687090687,0
1,0.6290949855699854,1
0,0.7869904190580663,0
0,0.8788892413142413,0
1,0.8503038517038519,1
0,0.8294106902901023,0
0,0.8001546176046171,0
0,0.9576140082140084,0
0,0.8307630258630261,0
1,0.7056844877344879,1
0,0.7432736790986793,0
1,0.7499332653457652,1
0,0.7455361168243526,0
1,0.9761527111777112,1
0,0.862573588503,0
1,0.6991583634502752,1
0,0.9048209845709848,0
1,0.818128885003885,1
0,0.8857072649572648,0
0,0.6557510600510603,0
1,0.7952181623931623,1
0,0.9138365023865026,0
0,0.8603383769008768,0
1,0.7611451437451436,1
0,0.803760998641881,0
1,0.8111804306804308,1
1,0.9021552919302915,1
1,0.8252853701853704,1
0,0.938202314498367,0
0,0.7549635447885445,0
1,0.8591140026640031,1
1,0.8051462329337331,1
1,0.8185219461094462,1
1,0.8036015068265071,1
1,0.7912201893136104,1
0,0.8836143204018205,0
1,0.8450685675435676,1
1,0.8567939754689753,1
1,0.781679318230789,1
0,0.953093783993784,0
0,0.879865526140526,0
1,0.8022993628920099,1
0,0.8409850871350871,0
1,0.7964561621385157,1
1,0.8200858766233767,1
1,0.8307545121545121,1
0,0.8686936285936283,0
0,0.8737159035409038,0
0,0.8754480685980682,0
0,0.7530455827669064,0
1,0.9870774531024531,1
0,0.7512439957101722,0
0,0.894888011988012,0
1,0.812986041736042,1
0,0.7917665695415697,0
0,0.7566518398268396,0
0,0.77793331978479,0
0,0.901146134421134,0
0,0.832723858086358,0
1,0.7805688644688641,1
1,0.7261389208014211,1
0,0.788593811743812,0
1,0.7205383820427936,1
0,0.7281596306471307,0
0,0.7746587634587635,0
0,0.7514359335109332,0
1,0.9077832861582857,1
0,0.7677792887667886,0
0,0.9383341963591961,0
1,0.847489799089799,1
0,0.8780169441669442,0
1,0.7811915029415026,1
1,0.7615068376068375,1
0,0.9427425729499258,0
1,0.7615236790986797,1
1,0.8259239232989232,1
1,0.7649703157953159,1
1,0.7935725316350312,1
0,0.8987776875901874,0
1,0.8611582473082475,1
0,0.63505945998446,0
1,0.8232430042180043,1
1,0.711782313519814,1
1,0.8359468475968473,1
1,0.846384502997003,1
1,0.7929218182144646,1
0,0.8010219030969031,0
0,0.8563038655788655,0
0,0.9243340270840268,0
0,0.6243613960600803,0
1,0.931101154401154,1
0,0.8873205266955266,0
0,0.8390951853701853,0
1,0.8738577394827395,1
1,0.7478310789700495,1
0,0.8621898074148074,0
1,0.8710222953517073,1
0,0.7915845025889146,0
0,0.7398044770588887,0
0,0.7772075221562066,0
0,0.75601708014208,0
0,0.8725661782661778,0
0,0.8084357337107339,0
0,0.7550495199245207,0
0,0.8991538951244834,0
1,0.6835885198135193,1
1,0.785475765900766,1
0,0.8300293993588116,0
1,0.8574156570768415,1
1,0.7816131285381286,1
0,0.9161305555555553,0
0,0.7037330280830283,0
1,0.891424111999112,1
0,0.866149969474969,0
1,0.870329784104784,1
1,0.7698396783771783,1
1,0.7944785964035964,1
0,0.6693581558963911,0
1,0.6915431990395222,1
1,0.6672430362937716,1
0,0.7679769185063302,0
0,0.8420823426573423,0
0,0.9300014374514376,0
0,0.9281260461760464,0
1,0.865273001589913,1
0,0.863496388333888,0
0,0.9736729437229438,0
1,0.7423708208458206,1
0,0.8605661199911196,0
1,0.8920742063492062,1
0,0.8531371850371849,0
1,0.9249583805083804,1
1,0.7825185342435345,1
1,0.8031917584049939,1
0,0.8999529970029972,0
1,0.7504088661338656,1
1,0.8230907173708644,1
1,0.7866056637806639,1
0,0.8809559218559219,0
0,0.8012194014319014,0
1,0.8175291527916524,1
1,0.8807727494727495,1
0,0.9095987734487737,0
0,0.9289602258852256,0
0,0.6012272838272842,0
1,0.799523515373515,1
0,0.7916394549894552,0
0,0.8519570263070265,0
0,0.9207939615939614,0
0,0.8377730255855254,0
0,0.767047136197136,0
1,0.7882851329226329,1
1,0.7903893812070284,1
1,0.8562784743034736,1
0,0.7465344516594516,0
1,0.7815913669663667,1
0,0.8638346506434743,0
0,0.7741433039183038,0
1,0.841939849039849,1
0,0.8492699458221519,0
1,0.8887798174048175,1
0,0.9445289710289713,0
0,0.7793904068154067,0
1,0.7860973221223221,1
0,0.8263783438783444,0
0,0.8781425796425792,0
1,0.8283789030414032,1
0,0.9426420523920522,0
1,0.7996985084360088,1
0,0.8018757104007096,0
1,0.859391175491176,1
1,0.7685329628704627,1
0,0.7400446803196807,0
0,0.6725930402930403,0
1,0.7959762911065543,1
1,0.7480999260543378,1
1,0.8326369333195184,1
0,0.8156874496418619,0
1,0.9977118575868577,1
0,0.8030175047175049,0
0,0.8065416056166061,0
1,0.760389817127317,1
1,0.8412313880563882,1
1,0.8401848790098793,1
1,0.7859729242979243,1
1,0.8818638601594484,1
1,0.8979962842712843,1
0,0.8474769869019867,0
1,0.8970214535464536,1
1,0.870615848040848,1
0,0.8841714174714169,0
0,0.9231986763236762,0
1,0.7682514152514155,1
1,0.8444181540681538,1
1,0.7946661754911757,1
0,0.9286856421356419,0
0,0.8399440208484331,0
1,0.9293412087912089,1
1,0.7569982923938805,1
1,0.8310770798645797,1
1,0.7044283161283162,1
0,0.8408992590742596,0
1,0.9510191558441559,1
1,0.8427778110778111,1
1,0.7693688394938397,1
0,0.8878628732378734,0
1,0.8665846792096793,1
1,0.7470860583860585,1
1,0.7765053252303252,1
1,0.8364031607281607,1
0,0.8200618589743591,0
0,0.9067203241203243,0
0,0.7889134958179073,0
0,0.6871890942390945,0
0,0.8655227022977025,0
1,0.8885703796203798,1
0,0.8342812937062941,0
0,0.8044211270755386,0
1,0.9341632645132643,1
0,0.8775295010545011,0
1,0.9051078282828284,1
0,0.591285378510379,0
1,0.7363586219336226,1
1,0.8722099927849928,1
1,0.8482734709734709,1
1,0.7790997308247306,1
1,0.8720083555333555,1
1,0.8663235611610617,1
1,0.8602016428016429,1
1,0.7763215312465312,1
0,0.7682264707514708,0
0,0.8888457264957261,0
1,0.7802181604343364,1
1,0.8187335248085245,1
0,0.9159521853146849,0
1,0.8259239232989232,1
0,0.911038197913198,0
0,0.6926276917526913,0
1,0.86091945970696,1
0,0.861104004329004,0
0,0.8005795482295485,0
1,0.7214760929430049,1
0,0.9419736929736927,0
1,0.8479434953934956,1
0,0.8495346681096684,0
1,0.7502579281829282,1
1,0.8536104543117704,1
0,0.9598903096903096,0
1,0.7766239595371945,1
1,0.835146171638819,1
0,0.9117940254190254,0
1,0.8004118797868793,1
1,0.8177170246420244,1
1,0.8318709540459543,1
0,0.8569865606615606,0
1,0.8333480117105116,1
0,0.7606829911918149,0
0,0.8636990398490395,0
1,0.824554864987953,1
1,0.873346176046176,1
0,0.8202590974385091,0
1,0.8149550421800422,1
0,0.7804599955599955,0
0,0.8616445332445336,0
1,0.8064195332445332,1
0,0.8315253135753133,0
0,0.7814756729381724,0
0,0.741788282550783,0
1,0.8923424852924853,1
1,0.7745329018204019,1
0,0.8688670821009057,0
1,0.8310364561908684,1
0,0.7838324092574092,0
1,0.835409945609946,1
0,0.8662491883116885,0
1,0.798605656843157,1
0,0.8977850205350201,0
1,0.9653149711399713,1
0,0.9105796231546232,0
1,0.8049718226218223,1
1,0.8643072649572648,1
0,0.7770483141858139,0
1,0.8061703296703294,1
1,0.780161247086247,1
1,0.9123888666888665,1
0,0.8192610433683966,0
1,0.8173776001776006,1
0,0.898566658341658,0
1,0.814665096015096,1
1,0.7913532217782215,1
1,0.898288528138528,1
1,0.7940474539349541,1
0,0.930595013320013,0
0,0.8753834276834275,0
0,0.803990538628039,0
0,0.7835150710400711,0
0,0.6719374375624376,0
0,0.9332695915195917,0
0,0.6978627788877784,0
0,0.7392118659118655,0
0,0.89925231990232,0
1,0.8300515050309173,1
0,0.8716427988677996,0
0,0.8415895937395937,0
1,0.875995387945388,1
0,0.7419026627783979,0
0,0.8629360883397652,0
1,0.8533870018870015,1
1,0.8327954101454099,1
0,0.8551586718836717,0
1,0.896727688977689,1
1,0.8431056096681098,1
1,0.8358865440115439,1
1,0.8309057636807641,1
0,0.917687193362193,0
1,0.777867476967477,1
1,0.9275677849927847,1
1,0.8605075813075813,1
1,0.9613680375180375,1
0,0.7883135392385393,0
1,0.7620878232878234,1
0,0.6283702408702408,0
1,0.7821791985791985,1
0,0.8900913197913191,0
0,0.776177526640027,0
0,0.6992987068487064,0
1,0.8562135281385284,1
0,0.8610321761571761,0
0,0.9222526473526476,0
1,0.844661532911533,1
1,0.7532181171769404,1
1,0.8703558802308802,1
0,0.828774297924298,0
0,0.837202238039738,0
1,0.8577688024393905,1
1,0.8646606060606059,1
1,0.7537906454656456,1
1,0.8800141525141524,1
0,0.8835976273726274,0
0,0.8723280303030303,0
0,0.7369936840936839,0
1,0.8359445915195918,1
1,0.8071060273060274,1
0,0.8624859362859357,0
0,0.7963121017871012,0
0,0.7765564990564993,0
0,0.9445282384282387,0
0,0.7491677253302252,0
0,0.8678845497639611,0
0,0.8515311133311136,0
0,0.8425164321789322,0
1,0.7865908258408253,1
0,0.7806256188256188,0
0,0.7423611555111554,0
0,0.862961358086358,0
0,0.8905594433344438,0
1,0.8346483100233097,1
1,0.8201090687090681,1
1,0.728005735930736,1
1,0.9095388555888556,1
0,0.8417472360972356,0
1,0.8115660117660121,1
0,0.835450176457529,0
1,0.9255112554112555,1
1,0.8377316128316127,1
1,0.7583228105228101,1
0,0.8123722364237068,0
1,0.7797422133422128,1
1,0.6718168151293149,1
1,0.8225943473193471,1
0,0.6774188256188253,0
1,0.6571925602175602,1
1,0.7749658619158619,1
0,0.81376824009324,0
1,0.8124765706515706,1
1,0.8424731970643734,1
0,0.946035875235875,0
0,0.8276383977133975,0
1,0.7407863275613279,1
1,0.8536244616494617,1
1,0.869575782550782,1
0,0.9086879037629035,0
0,0.8489044094794093,0
1,0.7891720695970693,1
0,0.9366296786546788,0
1,0.7398074814074816,1
1,0.8346867216117211,1
1,0.8105964285714283,1
0,0.8211668512043513,0
0,0.823856565656566,0
0,0.5843705712588068,0
0,0.7117820106364228,0
0,0.8160854922854922,0
0,0.7407807165057162,0
0,0.9551781385281388,0
1,0.7940700937950934,1
0,0.746218783993784,0
1,0.7906553946053947,1
0,0.8229710466004585,0
0,0.7750900993012834,0
0,0.6837663911252149,0
1,0.8966465312465312,1
1,0.8940604978354979,1
0,0.8878171800421799,0
1,0.812482260794761,1
0,0.8329927516927519,0
1,0.8506006021756018,1
0,0.9133314482902715,0
0,0.7174000277500274,0
1,0.9654416694416692,1
1,0.8728867604617598,1
0,0.8684990578865573,0
0,0.8123371184371185,0
1,0.8361991480741482,1
1,0.8888291125541126,1
1,0.6675563353313352,1
0,0.8053465922965921,0
0,0.852029018204018,0
1,0.7467844461094459,1
1,0.8667768620268623,1
0,0.9462026640026638,0
0,0.8952892135642134,0
0,0.9106732572982571,0
0,0.9610839549339548,0
0,0.9344916416916419,0
1,0.7692762123110806,1
1,0.801542178083354,1
0,0.8374254134754132,0
1,0.7390364219114217,1
0,0.8692847943722942,0
1,0.7870671509046514,1
0,0.9202581196581199,0
0,0.8765846833721831,0
0,0.862178163503164,0
1,0.7743998148909909,1
1,0.9017881535131537,1
1,0.7176923493173494,1
1,0.8337964868464864,1
0,0.8608531145325263,0
1,0.926345041070041,1
1,0.5792700854700853,1
0,0.7758909729159729,0
1,0.9178367965367965,1
0,0.8257974622599621,0
0,0.6977718116850469,0
1,0.8115552072927075,1
0,0.8737693528693525,0
1,0.8740048604173605,1
1,0.9279199134199135,1
1,0.9381784207622441,1
0,0.8594635350760349,0
1,0.7527742979242981,1
0,0.8085509861053978,0
0,0.9840857392607392,0
1,0.8828374680874681,1
0,0.8257397963147963,0
0,0.8769554279054277,0
1,0.8214702145077142,1
0,0.8193029609279612,0
0,0.6913455988455989,0
0,0.9024917970917969,0
0,0.7225826950826952,0
1,0.7119459764092119,1
1,0.8277805694305694,1
1,0.757593596762714,1
0,0.8409617784992787,0
1,0.8348288925943342,1
0,0.8669691808191807,0
0,0.8688953823953822,0
1,0.8500858030858027,1
0,0.8645243173493167,0
1,0.8412968947718948,1
1,0.8929602480852481,1
0,0.9397321928071929,0
0,0.9589200632700629,0
0,0.8594821067821063,0
0,0.834939348151848,0
0,0.8512289321789321,0
1,0.9337433510933509,1
0,0.9803347402597401,0
1,0.8936255744255746,1
1,0.8473625541125545,1
0,0.9024562548562546,0
0,0.8790651431901433,0
0,0.7966057644153228,0
1,0.8297670412920418,1
0,0.9333587690087687,0
1,0.7125254245754251,1
1,0.8311278679653685,1
1,0.7941484289403402,1
0,0.8775345043845044,0
1,0.9170147990897994,1
0,0.9941647435897437,0
1,0.9147306998557,1
0,0.9332708291708292,0
0,0.9423424880674882,0
1,0.6753028776778779,1
0,0.6477346598877561,0
1,0.911323047785548,1
0,0.8705446359196363,0
0,0.8477379648129649,0
0,0.8759796897546894,0
0,0.813150797405209,0
0,0.806186754911755,0
0,0.7613796536796537,0
0,0.8140040293040293,0
0,0.7895993117993115,0
1,0.7231739663114659,1
0,0.7598521090021088,0
0,0.8053569999444999,0
1,0.777237787212787,1
1,0.7057497575953453,1
1,0.6053707528582529,1
1,0.7965149711399713,1
0,0.9424389860139861,0
0,0.891015051615052,0
0,0.8798748168498165,0
1,0.8010741147741148,1
0,0.8371016594516592,0
1,0.8204057858807858,1
1,0.8738017177267174,1
1,0.8905650321900318,1
1,0.7782208171945008,1
1,0.8432400432900432,1
0,0.8732208874458873,0
1,0.8862320818070817,1
0,0.94997886002886,0
0,0.774386222111222,0
0,0.7714546606171607,0
1,0.930596363358863,1
1,0.9322083000333004,1
1,0.8729979686979691,1
0,0.9734639971139971,0
1,0.7233654551331024,1
0,0.730451853701853,0
1,0.8306882339882341,1
0,0.7977791486291483,0
1,0.7716748973248978,1
0,0.8781797119547119,0
0,0.7530558913308915,0
1,0.8006405150405147,1
0,0.7483339022089016,0
0,0.8318290001665002,0
0,0.8211720113220115,0
0,0.8495848845598842,0
0,0.7830304639804637,0
0,0.7505476037851039,0
1,0.9384515910560028,1
0,0.8312858336108339,0
1,0.8567941641691644,1
1,0.796480322863411,1
1,0.751364091464092,1
0,0.7895195929070926,0
0,0.8315184953934954,0
1,0.6940255647130646,1
1,0.7260824441081796,1
0,0.8505626706626712,0
1,0.8478165917415916,1
1,0.7544143550893553,1
1,0.8489012376512373,1
1,0.7626166181041181,1
1,0.7962579365079365,1
1,0.7375648545898544,1
1,0.8889653235653235,1
0,0.8338076465201464,0
0,0.8682602453102453,0
0,0.729134694798665,0
0,0.9062484570984569,0
1,0.7393069735819734,1
0,0.8253743665691031,0
0,0.9281337412587414,0
1,0.6983672993672992,1
0,0.6842013153513159,0
1,0.6802270925153276,1
0,0.8919558672321828,0
0,0.9005567515817516,0
1,0.7360664529914531,1
1,0.7632060897435902,1
0,0.8259737877318759,0
0,0.8158907065157069,0
0,0.8609546897546896,0
0,0.825470438058673,0
1,0.7557697483072483,1
1,0.8227117854367851,1
1,0.7530207592244355,1
0,0.8466329614829617,0
1,0.7903478576978574,1
1,0.8084873626373624,1
0,0.8335977522477521,0
1,0.8651555666555671,1
0,0.9165108807858805,0
0,0.7674706598956593,0
0,0.8767754329004327,0
0,0.9907341269841269,0
0,0.7799029165279161,0
1,0.7700851565101563,1
0,0.7809067127317124,0
1,0.794435603285603,1
1,0.8471439921189923,1
0,0.862027247752248,0
1,0.920301307026307,1
0,0.8700111055611057,0
0,0.7251131961176082,0
0,0.7613475191475187,0
0,0.8630396298146302,0
1,0.7977731462981461,1
0,0.720567784992785,0
0,0.7977739024864025,0
0,0.8403232101232102,0
1,0.8541135929430047,1
1,0.8960901584526586,1
1,0.8240908286158289,1
1,0.7719006160506164,1
0,0.7378273959700432,0
1,0.7301071955821954,1
0,0.8207416583416586,0
1,0.7646834804084797,1
1,0.803976189088689,1
0,0.8840542402042401,0
1,0.7454493034743035,1
0,0.8985140831390828,0
0,0.8817578865578867,0
0,0.9561186674436675,0
0,0.9050948995448993,0
0,0.7122424131424131,0
1,0.8164632849176964,1
1,0.7702151778776777,1
0,0.8507984265734266,0
1,0.8383734099234098,1
0,0.7753808554190911,0
1,0.7870049654851511,1
1,0.8083167915417915,1
0,0.9213823842823845,0
1,0.747574868187368,1
1,0.8939710955710953,1
1,0.8397198051948049,1
0,0.8192052163522754,0
0,0.7952452089577087,0
1,0.7843880841380844,1
0,0.89283035020535,0
1,0.8328135447885451,1
0,0.8809026529026533,0
0,0.8957258741258736,0
0,0.9559562447356564,0
0,0.813811255003167,0
1,0.8121500495419613,1
1,0.8082314232551077,1
0,0.6287211502549734,0
1,0.7791813089688092,1
0,0.8445202509908395,0
0,0.7463822566322565,0
1,0.7741117438117439,1
0,0.7526519760683066,0
0,0.7224988095238092,0
0,0.931848520923521,0
0,0.8819237522281639,0
0,0.9970202020202019,0
1,0.8342227569815805,1
0,0.8179102185396301,0
1,0.8005462398712399,1
1,0.8358355347868505,1
0,0.7122661421911421,0
0,0.6983436406730525,0
0,0.8248734709734711,0
1,0.9328100011100011,1
0,0.837091380841381,0
0,0.8855638999889004,0
0,0.8787221889221888,0
0,0.8946723554223555,0
1,0.7216011044511046,1
0,0.8586945804195801,0
0,0.8937757464757464,0
0,0.851973447385948,0
1,0.7626078227328222,1
1,0.8072485347985349,1
1,0.7941642052392056,1
1,0.8471261849261853,1
1,0.8139988095238098,1
0,0.8021580891330892,0
0,0.8425199370074373,0
1,0.7870482572982573,1
1,0.8003619005994008,1
1,0.8099033813408816,1
1,0.8139494089244086,1
0,0.7954860417360421,0
1,0.837691264291264,1
1,0.7521907259407259,1
0,0.9099635281385281,0
0,0.7320936285936287,0
1,0.7393663558663561,1
1,0.742515300549124,1
1,0.8939309940059941,1
0,0.8915090909090906,0
1,0.8188392440892442,1
1,0.7782210761460763,1
1,0.9072903485403487,1
1,0.8223582828119592,1
1,0.7962492923742926,1
1,0.851017793317793,1
0,0.6175117576867576,0
0,0.6899768879812994,0
0,0.8165139305139304,0
1,0.794556514319014,1
0,0.6631941902868373,0
1,0.8826887223887224,1
1,0.9768105699855697,1
0,0.7898769758019757,0
1,0.8469842698967702,1
1,0.7865620240870231,1
0,0.8454418299837417,0
1,0.8221080169830169,1
0,0.7955017316017317,0
0,0.8755674991674989,0
0,0.9271798978798983,0
1,0.6998808774558777,1
1,0.7657974747474754,1
1,0.8774482628482628,1
0,0.7905805999555998,0
1,0.8445399350649354,1
1,0.7325581057831062,1
1,0.8203850788100788,1
0,0.9261563714063716,0
1,0.7918809931898169,1
0,0.8764953685203689,0
1,0.7997919913419917,1
0,0.8992290154290153,0
0,0.8880189393939395,0
0,0.8998485929103576,0
0,0.8164135142635146,0
0,0.7529305416805419,0
1,0.8823156621156624,1
1,0.8863201171377643,1
0,0.8326948884448885,0
0,0.8885515734265731,0
0,0.9336119269619269,0
1,0.7670846932479284,1
0,0.9372341908091906,0
0,0.8008709013209011,0
0,0.8438044205794206,0
1,0.7956879065379066,1
1,0.7634965409590414,1
0,0.8095505522255526,0
1,0.8709337801087801,1
0,0.8509898119854002,0
1,0.7118893301143301,1
0,0.6293829226329227,0
0,0.787353434065934,0
0,0.8906048423798417,0
0,0.6630861305361305,0
1,0.8541592185592186,1
0,0.9098479797979798,0
0,0.8601965912355619,0
0,0.8864530522710862,0
0,0.8575927211677215,0
0,0.7507014427565893,0
0,0.8431383135869974,0
1,0.8831151126651129,1
0,0.7848821733821734,0
1,0.832500024975025,1
0,0.8189952186702187,0
1,0.9204239024864023,1
1,0.9026673770673771,1
1,0.8959599317349316,1
1,0.8002919802419804,1
1,0.7831167943167944,1
0,0.8560512376512377,0
0,0.8292035771418127,0
0,0.748597874347874,0
0,0.9328879870129876,0
1,0.7488263403263399,1
1,0.8703231102231102,1
0,0.8907061147186145,0
0,0.8403289280164281,0
0,0.7604997946497949,0
1,0.8549095848595849,1
1,0.7687122238872242,1
1,0.8654750555000552,1
1,0.9148163780663782,1
0,0.6833210511710515,0
0,0.7368654872904868,0
0,0.9220859251859252,0
0,0.8368566017316018,0
0,0.8759202140996258,0
0,0.6386128454878457,0
0,0.8708667664035313,0
1,0.7826455988455984,1
1,0.8763250027750026,1
1,0.7467844276638392,1
1,0.8754075396825401,1
1,0.7924134865134872,1
1,0.8621722777222773,1
1,0.8478757020757021,1
1,0.813285237964649,1
1,0.7874498085248087,1
0,0.8127951270951271,0
1,0.8439721611721609,1
1,0.818331915306915,1
0,0.8759713813963816,0
0,0.816062074037074,0
1,0.7974515817515819,1
0,0.8264255106005105,0
0,0.8835531995781993,0
0,0.9506747724497724,0
1,0.8720802877677879,1
0,0.9224868867243868,0
0,0.8429363275613274,0
1,0.8811301046176047,1
0,0.8045985228222071,0
1,0.7701707653457653,1
0,0.8169177849927847,0
0,0.9083091158841162,0
1,0.8935713924963925,1
0,0.8397882811632815,0
1,0.7779868950493948,1
1,0.9307064722858839,1
0,0.8231229756354753,0
0,0.8265089826839823,0
1,0.7821459457209453,1
0,0.9025754773004775,0
1,0.7920621794871793,1
1,0.8147706224331224,1
1,0.5925841769341768,1
0,0.831851168276168,0
0,0.9401162198912201,0
0,0.8695958097458094,0
0,0.7995398085574557,0
1,0.8127043807499688,1
1,0.739600076720665,1
1,0.8530278860028861,1
1,0.8553483581777699,1
0,0.8110921106671098,0
0,0.8503642968142966,0
0,0.840713999889,0
0,0.9716058441558443,0
1,0.8949904144058556,1
1,0.8600977744477744,1
1,0.918980674880675,1
0,0.6867931304806304,0
0,0.9715275308025308,0
0,0.9258848845598846,0
1,0.7900261016761013,1
1,0.7550616595221078,1
0,0.7957370250664365,0
0,0.8628787046287044,0
0,0.9400086136086139,0
1,0.8254908813408814,1
1,0.8562914684172035,1
1,0.8363288544788551,1
0,0.8230814074814073,0
1,0.8100973581973584,1
0,0.7875726884226886,0
0,0.8254645606027964,0
0,0.8450069735819735,0
1,0.8537374866963094,1
0,0.8945649626517275,0
0,0.8337302419802418,0
1,0.9746968031968032,1
0,0.6860017698804468,0
1,0.8523971694971695,1
0,0.7808715387553626,0
0,0.811636172161172,0
1,0.8603574037074035,1
1,0.785409437784438,1
0,0.7573217421467423,0
1,0.7994770784770784,1
0,0.6852520659895661,0
0,0.8351580623624743,0
1,0.8023831168831165,1
0,0.806170177045177,0
0,0.9022328320372439,0
1,0.7310295008912654,1
0,0.8510290626040625,0
1,0.8490643939393939,1
0,0.9132795593295593,0
1,0.8543220584970581,1
1,0.8668268814518812,1
0,0.886978438228438,0
0,0.7810924908424908,0
0,0.8120553761597877,0
0,0.8683746392496392,0
1,0.8865120823620827,1
1,0.8682858946608946,1
0,0.929592723942724,0
0,0.805777960927961,0
0,0.7915048840048841,0
0,0.8479191031191035,0
0,0.8945469225219222,0
0,0.85025632978133,0
1,0.8588134781884782,1
0,0.8563993006993003,0
0,0.8921982267732266,0
1,0.8215356393606392,1
1,0.9188570346320346,1
1,0.7978162910618792,1
1,0.7393805416805413,1
0,0.8297466020091018,0
0,0.884842538996951,0
0,0.8454027888777891,0
0,0.8128037074037071,0
0,0.9121805555555553,0
0,0.7849989094239095,0
1,0.7257716894216891,1
0,0.8491373163386323,0
1,0.8174208208458207,1
0,0.7650389790764789,0
1,0.7695449272949276,1
1,0.9256560966810966,1
0,0.8613044816294811,0
1,0.895931413031413,1
1,0.7939291769505001,1
0,0.8561052336552336,0
0,0.8198047882672883,0
1,0.7689476190476194,1
0,0.8034532467532474,0
1,0.8896110742198982,1
0,0.6886888111888111,0
0,0.7587161144411144,0
1,0.8009372544122545,1
1,0.755759204684205,1
1,0.852924721112221,1
1,0.895842254967255,1
1,0.8197237234987238,1
1,0.8641249444999445,1
1,0.8560270895770894,1
0,0.8536088050838048,0
0,0.8498607170607169,0
1,0.8587121184371187,1
0,0.8464551855007735,0
1,0.8522013303689774,1
1,0.7570072857697858,1
1,0.9363228438228438,1
0,0.9645920926295928,0
0,0.7680218087468086,0
0,0.8634910478410478,0
1,0.7842618478743476,1
0,0.5593292650160296,0
0,0.7615895715395713,0
1,0.736860927144751,1
1,0.8620777528027527,1
0,0.8329019980019985,0
0,0.7965191197691198,0
0,0.6726800296925298,0
1,0.642025455100455,1
1,0.8482967379842374,1
1,0.8910276334776338,1
0,0.85339806998557,0
0,0.8762206376956376,0
1,0.7909797868797871,1
1,0.7854454840910727,1
1,0.8867089466089468,1
1,0.7095215617715621,1
1,0.7947118631368632,1
0,0.7039113840407957,0
0,0.7308273948273949,0
0,0.930874494949495,0
0,0.707289386757034,0
0,0.8719738344988343,0
0,0.9439565989565991,0
1,0.7510801129426129,1
0,0.677344067044067,0
1,0.6460056277056276,1
0,0.8483763958263956,0
0,0.9181426517926515,0
1,0.8477885975135977,1
1,0.7875269591519595,1
0,0.9622566378066375,0
0,0.7290453851703846,0
0,0.7908731894739242,0
0,0.9031255383505381,0
0,0.7677440254190253,0
1,0.7040773143523141,1
1,0.7904191655566651,1
1,0.9049609751359748,1
0,0.8556274069068188,0
0,0.7626859418359422,0
1,0.7940306507218277,1
1,0.8765082695082695,1
0,0.768535789210789,0
0,0.7985499111999118,0
0,0.972447655122655,0
0,0.8731788850038854,0
0,0.9146927683427686,0
1,0.8056440569234685,1
1,0.7325953823953822,1
1,0.750599901487402,1
0,0.8902252775002775,0
1,0.8771647981103861,1
0,0.963677009102009,0
1,0.7892084804084808,1
1,0.8650232164893928,1
1,0.8570180819180816,1
0,0.7358834804084803,0
1,0.6732379065379068,1
1,0.7505926046176048,1
0,0.8527522255522253,0
0,0.816590374902875,0
1,0.8186217310467305,1
0,0.9414863553113558,0
0,0.8007426212676216,0
1,0.7497123737373731,1
0,0.8261227439227438,0
0,0.7729783087827203,0
1,0.8809673520923519,1
0,0.8926849456099455,0
0,0.8249346084471089,0
0,0.7987671661671664,0
0,0.8179483682983684,0
0,0.8605086607836611,0
1,0.8396644633144634,1
0,0.9168891774891776,0
1,0.718162611000111,1
1,0.8626326312576316,1
0,0.8647101259851263,0
0,0.7543547036297039,0
0,0.9361231268731265,0
1,0.8145034802615684,1
1,0.8011863136863138,1
0,0.9200621933621934,0
1,0.8550890276390275,1
1,0.7892689338439329,1
0,0.8003825022200023,0
0,0.8352602702852701,0
0,0.916335664335664,0
0,0.778192418937271,0
0,0.9281068209568212,0
0,0.8234463994338991,0
1,0.9230521950271947,1
1,0.7616689754689755,1
1,0.9037522116772115,1
1,0.8615424270174272,1
0,0.8903368437118437,0
1,0.7586227841602838,1
1,0.888035016780605,1
0,0.8300327783327786,0
1,0.630842782217782,1
0,0.7657747335997337,0
0,0.8931264319014315,0
0,0.6583531817039172,0
1,0.6458561549561552,1
1,0.7522100760350763,1
0,0.9005591810966808,0
1,0.9321467171717174,1
0,0.8115516245192718,0
1,0.5868996364746363,1
0,0.8651161324786324,0
1,0.8103806756839648,1
0,0.7779433142837553,0
0,0.9207025724275726,0
1,0.7807654886779886,1
0,0.8333054324760208,0
1,0.8301671717171712,1
1,0.8610134920634919,1
0,0.8688374736374734,0
1,0.8415044566544565,1
0,0.7046460816960814,0
1,0.8462225677100672,1
0,0.828553968253968,0
1,0.7209562604062605,1
1,0.8061747030747025,1
1,0.7784045676545672,1
0,0.7390117323036441,0
1,0.8230104645354646,1
1,0.8627436757686762,1
1,0.8274837329337326,1
0,0.8584362193362194,0
1,0.7602709179709178,1
1,0.7786404817404816,1
0,0.68229618020868,0
0,0.8849851176601174,0
0,0.9867756493506493,0
1,0.7121242959654723,1
0,0.8297399544899544,0
0,0.8116258796758795,0
1,0.8061853535353535,1
1,0.8161852480852477,1
1,0.8043677905427907,1
1,0.7933440920190924,1
0,0.7720616855366849,0
0,0.8729158119658119,0
