prediction,probability,label
0,0.9323116742032297,0
1,0.8867419207707897,1
1,0.9810113435193186,1
1,0.9629156866299556,1
0,0.9952113834629654,0
0,0.6842146069722636,0
0,0.980240719204854,0
1,0.6965816688020942,1
1,0.956650082562188,1
1,0.9650942579476567,1
0,0.9362290799624704,0
0,0.9211280779326793,0
1,0.9352046936171021,1
0,0.7526759230750568,0
0,0.9565242510216032,0
1,0.9848807655146722,1
0,0.9699207784825679,0
1,0.8813658852145957,0
0,0.981427338867835,0
0,0.9625845254877966,0
1,0.8167874881517803,1
0,0.9122021746931785,0
0,0.96970226922269,0
1,0.8702953439825171,1
0,0.8812953539878662,0
1,0.9546616445953754,1
1,0.9833721585582234,1
1,0.957145430488925,0
0,0.9200119976133947,0
0,0.9643942873051548,0
1,0.9594104870793819,1
1,0.9101450013352096,1
1,0.8554804810944234,1
0,0.8128764121663405,0
0,0.857723610465695,0
0,0.9555475750091367,0
1,0.9538415092106213,1
0,0.5493728596703749,0
1,0.8607879437407797,1
0,0.8650469873423537,0
0,0.8288452261019614,0
0,0.9945314044191286,0
1,0.9086120261096277,0
1,0.9014259937981295,1
0,0.9174444323884212,0
1,0.7574470091266637,1
0,0.8877919395780551,0
0,0.9384898080507094,0
0,0.8195753935587247,0
1,0.944244661975004,1
0,0.8618208036806291,0
0,0.8832891576903207,0
1,0.8103196219910448,1
0,0.9884226035290324,0
0,0.8727232492369051,0
1,0.693722338471184,1
1,0.8286554099901988,0
1,0.6716597976285004,0
1,0.47442969128270596,0
0,0.7800858867322589,0
0,0.7806172639300172,0
0,0.6429830863531875,0
1,0.8949978894046188,1
1,0.8529442355444122,1
0,0.8990634613324651,0
0,0.9532960645720298,0
0,0.9875904756483505,0
0,0.8435815222449348,0
0,0.5530140720446426,1
0,0.6586072646275483,0
1,0.9265367392838528,1
1,0.8945954856101112,1
0,0.9098131271773582,0
1,0.7695860825889456,1
0,0.9050340511650574,0
0,0.842679632906797,0
0,0.8829594021773395,0
1,0.8433929128529557,1
0,0.9685626996804176,0
1,0.7790092772477175,1
1,0.9556446789556198,1
1,0.5785457873000601,1
0,0.9663151186055892,0
0,0.8631879839831249,0
1,0.9362103872895724,1
0,0.6511454593745383,0
0,0.9654664705726665,0
0,0.9997269548165467,0
0,0.9886566380605397,0
1,0.96633764179248,1
1,0.9517140057294661,1
0,0.9560880467341064,0
0,0.7154833837077381,0
1,0.5922777578867783,1
0,0.7935946719091603,0
1,0.9110681731667126,1
1,0.7695840822655172,1
1,0.9293218722547425,1
1,0.7749314527100862,1
0,0.7273883692451342,0
0,0.769917958224125,0
1,0.9801249582020748,1
0,0.9578867742996429,0
1,0.5770828326534341,1
0,0.996919006347489,0
0,0.8822207489478736,0
1,0.7252191709012284,1
0,0.9954776579255692,0
0,0.8518440438649488,0
0,0.9582347276662394,0
0,0.9351596427256417,0
0,0.7809179569243239,0
1,0.7425994824206483,1
0,0.6908482088409463,0
1,0.8676134206666022,1
1,0.911413444066691,1
0,0.9522098717794082,0
1,0.9017902855224775,1
0,0.8259616953248499,0
0,0.7680214360279239,0
1,0.8914257042537715,1
0,0.9446629996058954,0
0,0.8094715393170822,0
0,0.9839849083959967,0
1,0.956192520998101,1
0,0.6986840036106254,0
0,0.9472434869731812,0
0,0.9354253886199309,0
1,0.9943428487718585,1
0,0.9396922685557199,0
1,0.8047099492258345,1
1,0.9033186137491277,1
0,0.9000857032224305,0
0,0.863217038675478,0
0,0.8895927872617655,0
0,0.8170065061072108,0
1,0.8412811001281078,1
1,0.9374380007796411,1
0,0.9283399792816266,0
1,0.5120742186507871,1
0,0.9575840135892818,0
0,0.9959896491067295,0
0,0.8948713245247163,0
1,0.7740294279572377,1
1,0.8878821972322601,1
1,0.8706111175463284,1
1,0.8169427461486977,1
0,0.9109549344387718,0
1,0.6395117051042214,1
1,0.5961094427226262,1
1,0.9414863858428523,1
1,0.817535318931892,1
0,0.9274365820400567,0
1,0.9229047889578014,1
1,0.8711863289263904,1
1,0.8496304607437412,1
1,0.8666203888109075,1
1,0.8203514575192988,1
0,0.6536083114097535,0
1,0.5254716519977514,1
0,0.8193462140821681,0
0,0.5528881296353751,1
1,0.7608734220532057,1
1,0.9149176740167091,1
0,0.868661711348975,0
0,0.9653007424327453,0
1,0.706357958841222,1
1,0.9546762830385743,1
0,0.9966959666851564,0
0,0.9794545153319155,0
0,0.8385279525169598,0
1,0.8724804992571896,1
0,0.9514415519876624,0
0,0.9594449225670033,0
0,0.8651385219164405,0
0,0.9946524839209112,0
0,0.9113969238282168,0
0,0.9991796281066849,0
1,0.6188633720932837,1
1,0.7619619856887014,1
0,0.6587903352024967,0
0,0.7660697117725634,0
1,0.8969764136914402,1
0,0.9066426082184684,0
0,0.8144443552025483,0
1,0.6844238907011233,1
1,0.6973024193674411,1
0,0.86153680062101,0
1,0.899195402245705,1
1,0.547461639937079,1
0,0.7570035690610969,0
1,0.8495905222392817,0
1,0.9393339587017352,1
1,0.7302385242753071,1
1,0.8627366051981663,1
0,0.8461171403565954,0
1,0.6545044658486314,1
1,0.9217549658867594,1
0,0.988916240973772,0
1,0.5464922368456845,1
1,0.9838265872745732,1
1,0.7034555815378707,1
0,0.5972657253744366,0
1,0.9399203490249838,1
1,0.824230255992593,1
0,0.899058326368032,0
0,0.8329683496086483,0
0,0.9557550368562102,0
1,0.886017683253619,1
1,0.937517719034267,1
1,0.8256600102286181,1
0,0.7064330447439034,0
1,0.7405567100803344,1
0,0.9036095670742489,0
1,0.9689765554221956,1
0,0.9552210031610707,0
0,0.8219940024750098,0
1,0.5556760158127327,0
0,0.8920505480949164,0
1,0.951036070132111,1
0,0.8705956339460587,0
1,0.7001243463800537,1
1,0.8674868310338029,1
0,0.9811505646482619,0
1,0.9102062036517489,1
1,0.9915541602359141,1
0,0.8009613888079908,0
1,0.8382488698418935,1
1,0.8696502850471028,1
1,0.7369663650238217,1
1,0.985273896805892,1
1,0.8500815343705546,1
1,0.9806597386228125,1
1,0.9581258702888303,1
1,0.969367974679076,0
0,0.9758326431009242,0
0,0.9609212936204932,0
0,0.8480073625997174,0
0,0.9593823559057711,0
0,0.9458862587636748,0
0,0.8098363582838808,0
0,0.9961610531569033,0
1,0.970839178498742,1
0,0.9264324004938151,0
0,0.9822640661305279,0
1,0.8907342173188834,1
1,0.5615368722062968,0
1,0.6715639662170564,1
1,0.8580933272353806,1
0,0.7597298772990076,0
0,0.9367740711595004,0
0,0.9426556813776086,0
1,0.7316083093662366,1
0,0.9206588763692672,0
1,0.8520529997209914,1
0,0.7916487452490517,0
0,0.7891325614144544,0
1,0.8617356276695974,1
0,0.603045248706949,0
1,0.9568900002112452,1
1,0.7586721438459257,1
0,0.9290772830654656,0
1,0.9585701490118197,1
0,0.9893445577276887,0
1,0.9908234620336639,1
0,0.8231041592387851,0
0,0.59688516006959,0
1,0.7445677579820568,1
0,0.9301163988159972,0
0,0.9700888406405279,0
0,0.9462711899733746,0
0,0.910783260814012,0
1,0.9936806011331104,1
0,0.8158969147246028,0
1,0.9015334055981545,1
0,0.9716744734465748,0
1,0.9701241367853072,1
1,0.9960155649667979,1
0,0.8837484381137621,0
0,0.9757029238307894,0
0,0.9810595799013547,0
1,0.6420418968349665,1
0,0.8460459649987923,0
0,0.9755119254080262,0
0,0.9957550764250955,0
0,0.8928070866924125,0
0,0.9583426671807339,0
1,0.9542699413074646,1
0,0.8704971616283551,0
1,0.8096927727092523,1
1,0.9968753528980585,1
1,0.8501948691554989,1
0,0.9303614956735992,0
1,0.7304897963400389,1
1,0.8387858699032744,1
0,0.7624619534607161,0
0,0.8160432595408011,0
0,0.9163329961932493,0
1,0.9157691874094885,1
0,0.9223135903533383,0
0,0.7583206501331201,0
1,0.9784330024377198,1
1,0.6657076778778346,1
1,0.8607087310297804,1
0,0.8590554464650207,0
0,0.9919513881282357,0
1,0.9406929146399139,1
1,0.8918506993688622,1
1,0.7699059500984906,1
0,0.7177722054379373,0
0,0.842911318732803,0
1,0.7148187681617015,1
0,0.8377589891504736,0
0,0.7889887059524456,0
0,0.9417551609130406,0
0,0.8492530506261415,0
1,0.9120292772353628,1
1,0.9333516653445951,1
0,0.7530534778774659,0
1,0.9670631473201394,0
0,0.9383313934321165,0
0,0.8451443151984417,0
1,0.963053280869727,1
1,0.8323635894915599,1
0,0.8835407540164015,0
0,0.6713753218118917,0
1,0.9385273445105907,1
0,0.9768181295673437,0
1,0.7743642209430499,1
0,0.8477276151279652,0
0,0.9880491340330514,0
1,0.7268168099171043,1
0,0.8155023382019015,0
0,0.7602036813095295,0
0,0.9551637052006189,0
0,0.9893457442381228,0
1,0.8841670320133235,1
0,0.7238147277871539,0
1,0.8968389958792204,1
0,0.9357615954453107,0
0,0.9884070466411606,0
1,0.9922547926115085,1
0,0.7517049455735433,0
1,0.9175223223803078,1
0,0.9577513086536956,0
0,0.7896182869762401,0
1,0.8516311742723874,1
0,0.9512033524699628,0
1,0.9734149134077882,1
1,0.8107864202231317,1
0,0.8478266702105194,0
0,0.9641512269272003,0
0,0.9509199250438005,0
1,0.8562299802655253,1
0,0.6186236088918021,0
1,0.9456735339653405,1
0,0.9290789072634326,0
0,0.774078018393102,0
0,0.9961012632171369,0
1,0.9477735617253734,1
1,0.9831869224244254,1
1,0.6555305935978665,1
1,0.8368508131611795,1
1,0.7462952031882704,1
0,0.9783461070745243,0
1,0.7107715728599997,1
0,0.8173827476235574,0
0,0.9399555881530823,0
1,0.9508758639402167,1
1,0.9079918701951363,1
1,0.9819620190613465,1
0,0.8651847662114834,0
0,0.9686480571046018,0
0,0.7969263536539086,0
0,0.6587504369105569,0
1,0.9144975183497459,1
1,0.8971320406809603,1
1,0.9582800501920379,1
1,0.7492787298471555,1
1,0.8727019240681518,1
0,0.8401490760440455,0
0,0.7977140757953409,0
1,0.8478129455319279,1
0,0.5603243779296053,1
1,0.9746411886365006,1
1,0.892427478184431,1
0,0.7142756072536378,0
0,0.6685572495090644,0
0,0.8402135069370562,0
0,0.7679236033627532,0
0,0.7660295191598199,0
0,0.9194050091269964,0
0,0.8530541415358706,0
1,0.7603826919423551,1
1,0.8171424240341787,1
0,0.6639885823960178,0
0,0.6692023553950343,0
0,0.9964683445903679,0
1,0.7778370698243202,1
0,0.8657024489695545,0
0,0.8983631112550065,0
1,0.845420393719076,1
0,0.8571906789329196,0
1,0.7159025768247487,1
0,0.9352186890236546,0
1,0.8669620304434286,1
0,0.8708526780911082,0
0,0.8635542796941698,0
1,0.8063468118017537,1
0,0.8051644625091343,0
1,0.778026957177139,0
0,0.9233808234237618,0
1,0.7724702930479881,1
1,0.9120169448213157,1
0,0.7546359950355964,0
0,0.8395445825382118,0
1,0.9963691817646766,1
1,0.9790238879479141,1
0,0.8105718674328833,0
1,0.8358842217903611,1
0,0.9937236230204567,0
0,0.9116962955459778,0
0,0.9638231293302166,0
0,0.6079594570172595,0
0,0.9138377005727583,0
1,0.5,0
1,0.9608683994770819,1
0,0.9454003447990407,0
0,0.9544942708745843,0
1,0.9640154671018585,1
1,0.8270664131309932,1
0,0.8247856778364935,0
0,0.9242312160541735,0
0,0.7657990086005385,0
0,0.6334321077744701,1
1,0.6597684379028844,1
0,0.9447798933086154,0
1,0.7926611097696322,1
0,0.8825880746240438,0
1,0.8395665413920698,1
0,0.8816131504076709,0
1,0.9696613395880451,1
0,0.9597096320104312,0
1,0.9379506423281726,1
1,0.9225358843659119,1
1,0.9718965476662993,1
0,0.9835268157321735,0
1,0.8426461688803064,1
0,0.8522424426261196,0
0,0.9653017388253562,0
0,0.8807566649522682,0
0,0.982128755073791,0
1,0.8351548675251533,1
1,0.6141021231494551,1
1,0.9358617493073722,1
0,0.7611696354708446,0
0,0.773191130805686,0
1,0.9808406581148729,1
1,0.7615620351931391,0
0,0.7286698022120401,0
0,0.9076903081072933,0
1,0.7338956221439181,1
0,0.8117045317130327,0
0,0.7942579709827355,0
1,0.9695862366015976,1
0,0.9864428923825632,0
1,0.7752352573972139,1
1,0.980753629357738,1
0,0.8900698979775759,0
1,0.9268049893817052,1
0,0.9111041698905799,0
1,0.9571176380199449,1
0,0.9638026572857098,0
1,0.7423912574680198,1
0,0.7130328372751377,0
1,0.9676049057620957,1
0,0.9112973958284641,0
1,0.9127224785374376,1
0,0.8814415933132587,0
0,0.8378706376789912,0
1,0.8154058022773287,1
1,0.996966959774823,1
0,0.9403249849808696,0
0,0.9467310569658928,0
1,0.9934774892875383,1
1,0.9375032845196906,1
0,0.9001746205424752,0
0,0.9524701812243805,0
0,0.9855819893967694,0
0,0.7125955917923459,0
0,0.7395451556990716,0
0,0.6989573417429151,0
0,0.9966442859600457,0
0,0.9930802333325144,0
1,0.84882155130164,1
0,0.9176828140332636,0
0,0.8955087117403403,0
1,0.777741046197167,1
0,0.9086893827468814,0
0,0.9321311110640446,0
1,0.7495296329790783,1
1,0.804185940261642,1
0,0.6966971390792445,0
1,0.6776742806074111,1
1,0.5893661133299043,1
1,0.7278649978080374,1
0,0.6641555107065372,0
1,0.9209422751582748,1
0,0.7921742898188014,0
0,0.9983536049904604,0
1,0.7378639171248106,1
1,0.84275222551565,1
1,0.981285659913638,1
1,0.8658010997840505,1
1,0.8403666166763536,1
0,0.8682657135286375,0
0,0.8484886296081253,0
1,0.6663179835912483,1
0,0.8527998367989083,0
0,0.8521119272596621,0
0,0.8434484978366585,0
0,0.9788730572819327,0
0,0.9744880815143416,0
1,0.874784064033623,1
1,0.5543897677775947,1
1,0.9261741497693617,1
0,0.8706701849194732,0
1,0.9663981550000613,1
1,0.9085247035050861,1
0,0.9778297880853375,0
0,0.9870909405308425,0
1,0.9196750702120214,1
0,0.9740806276522496,0
0,0.7194645079350714,0
1,0.8202019672940534,1
1,0.9431359007164497,1
0,0.9958854290075034,0
0,0.860157438162678,0
1,0.9228285032747016,1
0,0.8531961478609758,0
0,0.9141595866846106,0
1,0.7237417812211039,1
0,0.9668649179874168,0
0,0.9892559448525067,0
0,0.9715146485374296,0
0,0.6286716267769893,0
1,0.8787986425288605,0
1,0.9953942938385468,1
0,0.9707087312635678,0
0,0.8820606823387342,0
0,0.9340676495765176,0
1,0.9305104770383451,1
0,0.5458423145392579,1
0,0.8453900286844762,0
1,0.912985962171283,1
1,0.8815050491536595,1
1,0.8379849645074603,1
0,0.8598600186242251,0
1,0.9725288491718677,1
0,0.8783123674357628,0
0,0.9666628880154655,0
0,0.7922416472417939,0
0,0.6596407930020977,0
1,0.9848930944054215,1
1,0.9058691544875086,1
1,0.8488000274370574,1
1,0.9457793525622408,1
0,0.9731321867790872,0
0,0.9738221962247667,0
1,0.8773649954396238,1
1,0.7786777629612929,1
1,0.8871646354855708,1
1,0.934469016321504,1
0,0.9834582636947268,0
0,0.9915719840733784,0
1,0.6672036510178461,1
0,0.5997208314793364,0
1,0.9372792772778619,1
0,0.8958581124761777,0
0,0.9705814606915026,0
0,0.9003872553584334,0
1,0.709815421630914,1
1,0.9781135334342397,1
1,0.8301925657468873,1
0,0.8397208327792406,0
0,0.7916120465959191,0
0,0.9973348566508412,0
1,0.9476572653360451,1
1,0.8342378798829415,1
0,0.8743771494149225,0
1,0.5407987161034657,1
1,0.8914630111369931,1
0,0.9528766430866867,0
0,0.7714667008835595,0
0,0.9720939288296834,0
1,0.6960724608693911,1
1,0.7846921346489292,1
1,0.951167235541917,1
1,0.7032792243711706,0
0,0.8922292221563075,0
0,0.917951533705757,0
1,0.9560030897437495,1
1,0.8614429584799576,1
0,0.893045770952864,0
1,0.8440276158187797,1
1,0.9742644053481483,1
1,0.9925705831128828,1
0,0.5658921594605781,0
0,0.8926290624034107,0
0,0.9170390170520473,0
0,0.9118647310893447,0
0,0.8368380038529574,0
0,0.6502354111887039,0
1,0.9154354007608649,1
0,0.8978126952581512,0
1,0.6643610058518028,1
0,0.9941045278183376,0
0,0.8660726749712272,0
0,0.7185582340360808,1
0,0.9398552572113543,0
1,0.7285237159570418,1
0,0.9298363723807976,0
1,0.9604923281680434,1
0,0.8242285797162775,0
0,0.7471283449930379,0
0,0.8527205315589412,0
0,0.8545506328325151,0
1,0.8628443492563855,1
0,0.9159020038308228,0
0,0.7844590318222414,0
0,0.6412097095699577,0
0,0.9167561730227389,0
0,0.920930583025707,0
0,0.8939129963041822,0
0,0.6033783680933806,0
0,0.9364020578475227,0
1,0.9248810418440445,1
0,0.8876268502394685,0
1,0.949222605604875,1
1,0.8240251486143092,1
0,0.970022283536637,0
0,0.8954327458826112,0
1,0.9806703036867767,1
0,0.9392391437441863,0
0,0.9197972832022299,0
1,0.9231203526703424,1
1,0.9100169988988638,1
1,0.8683370689700861,1
0,0.9716890102242525,0
1,0.9160008962005979,1
0,0.8334312365911933,0
1,0.6794689092888863,1
1,0.8441208671240342,1
0,0.9752055598794109,0
1,0.9605475025899664,1
1,0.5609547681681948,1
0,0.921343332234776,0
0,0.9617001196389309,0
1,0.7823799989595589,1
1,0.6478882885264393,0
1,0.8714123053768182,1
0,0.9994143820224518,0
0,0.7205012018680392,0
0,0.9437732195692431,0
1,0.933942687713538,1
0,0.9540303402555472,0
1,0.7399325310316782,1
1,0.8314082652124808,0
0,0.9855400274005394,0
1,0.8488286379278885,1
1,0.6503047051409742,1
1,0.70971992050505,1
1,0.8655740229124622,1
1,0.673714766431996,1
0,0.917113417962177,0
1,0.7441068577891716,1
1,0.49057248788766167,1
1,0.9064171392604441,1
0,0.97805746022486,0
0,0.9335839563218904,0
0,0.8277879835726776,0
0,0.8352339408493016,0
1,0.7407385541611247,1
0,0.9397024878424232,0
1,0.6734516625419273,0
1,0.9507022130947135,1
1,0.8626390530645662,1
0,0.9338656648812335,0
1,0.6638220714781977,1
1,0.8890482735283534,0
0,0.9740248860825386,0
1,0.87505909627256,1
0,0.9880023956974155,0
0,0.9104082980363807,0
1,0.9303283881163352,1
1,0.9530826036868495,1
1,0.866357152854925,1
0,0.9834582699603727,0
1,0.9429310309727414,1
1,0.6470104215311386,1
0,0.8503200599350754,0
1,0.7187720116226208,1
1,0.8222141247229586,1
1,0.9401874212123825,1
0,0.8759671578477312,0
0,0.9981207614598003,0
1,0.9216925675765073,1
0,0.9821551539453358,0
0,0.9633256339748919,0
0,0.767933663529676,0
1,0.9657249914891571,1
0,0.9726120828110881,0
1,0.9934423552779525,1
1,0.9533272166107744,0
0,0.997640128178404,0
1,0.9177431471819587,1
0,0.9801596408870089,0
1,0.6715323014880024,1
0,0.9291579991504274,0
0,0.9469373245040646,0
1,0.7644261500277699,0
1,0.9179345297029713,1
0,0.9886300228720346,0
0,0.769138284588728,0
0,0.9491605046111633,0
1,0.6518335953257391,0
1,0.9769857112588297,1
0,0.9543322608165127,0
0,0.9820450003519844,0
0,0.9477908294040782,0
0,0.9868268033218447,0
0,0.6909933009374892,0
1,0.5966329326089241,1
1,0.9316318699222306,1
0,0.8742053102899652,0
1,0.6495518706264974,1
1,0.479539350975475,1
0,0.7336109101077868,0
0,0.649050835873561,0
1,0.8856306492554169,1
0,0.7467253840742101,0
1,0.8013096031636459,1
0,0.9447220655121316,0
1,0.884789798377041,1
0,0.6724359657709047,0
1,0.8819579231459472,1
0,0.9175412744656003,0
0,0.7233055728249334,0
0,0.9682198318780938,0
1,0.6639993350945186,1
0,0.9311153499753536,0
0,0.8792481654900031,0
0,0.9918845748778062,0
1,0.8856165297520109,1
1,0.7088654538427218,1
0,0.9006120855487502,0
1,0.8031421940777593,1
1,0.930870329037664,1
1,0.46859004459890774,0
1,0.8937673831533082,1
0,0.8669679483778259,0
1,0.8585370486425213,1
0,0.8598199717208714,0
0,0.9316765484476168,0
0,0.9865737419877227,0
0,0.8142851153318494,0
1,0.820374892558626,1
1,0.7521626705516137,1
1,0.97454012541963,1
1,0.7670173908866079,1
1,0.5126013018420255,0
0,0.9852890642538398,0
1,0.9210730009386444,1
1,0.8798463462344638,1
1,0.8742870786503757,1
1,0.6468963662200434,1
0,0.7120561440125689,0
0,0.9272482112673135,0
1,0.9942955911563146,1
0,0.9926019293733651,0
1,0.9744323515784716,1
1,0.8354174324236178,1
1,0.5827937824678527,1
1,0.7639841690264146,1
0,0.8882015942332825,0
1,0.86477967820718,1
0,0.9306917859646359,0
1,0.989119802025429,1
0,0.988081303456973,0
1,0.7300897386213978,1
1,0.8995114030727899,1
1,0.8735525056042956,1
0,0.9352729796715686,0
0,0.9372232826032328,0
0,0.6886360761752905,0
1,0.9940620272408355,1
1,0.7103852158401233,1
1,0.9098530821864587,1
0,0.893177954127068,0
1,0.8312415148124075,1
1,0.9525403986099573,1
1,0.9071544607892749,1
1,0.8255074643322872,1
1,0.5316458288266537,1
1,0.7761836627395334,1
0,0.7956259918881327,0
0,0.8550830556065987,0
0,0.9539852084069838,0
1,0.6397889347016396,1
0,0.8989417872930028,0
0,0.944975719618453,0
0,0.8742732990220984,0
1,0.6303027533141088,0
0,0.9541042667130021,0
0,0.9304762780447794,0
1,0.6809500305119469,1
0,0.882738257937763,0
0,0.9530054731870498,0
0,0.9750007356775017,0
1,0.7850989366777184,1
1,0.9739710890309411,1
1,0.9055876110243141,1
1,0.6841617890800837,1
1,0.9181535040246961,1
0,0.9692227727589728,0
0,0.9148738427213124,0
1,0.8532435018919619,1
0,0.8741394442979052,0
0,0.8368841265389547,0
0,0.8709904321854947,0
1,0.9942333410972641,1
1,0.7506708649910623,1
1,0.8700500081613499,1
1,0.8812266059780272,1
1,0.9469680993899132,1
0,0.8909158991345839,0
1,0.8952399265799227,1
0,0.9005607618589702,0
0,0.9472763658245162,0
1,0.5807390146476924,0
0,0.8710133503275231,0
0,0.9642912388857446,0
1,0.5823096970605255,1
0,0.6516740326880265,0
0,0.9931733671170467,0
1,0.9618640288258845,1
1,0.5271837506508142,1
1,0.748270537525046,1
0,0.9720961506368306,0
1,0.6214990935501115,1
1,0.7573494860947002,1
1,0.9790511377378818,1
0,0.998091031888925,0
0,0.9515649608776711,0
0,0.912066209732956,0
0,0.9573350196182094,0
0,0.8841120257504783,0
0,0.9101354191366176,0
0,0.9388440149425035,0
1,0.8711197941686742,1
1,0.8701024292517239,1
0,0.8672319554827874,0
0,0.9757321267585889,0
1,0.9561728794774323,1
0,0.9832659450829494,0
1,0.9184846194144609,1
0,0.9906688084290168,0
0,0.8499142012683828,0
1,0.7888115828207152,1
1,0.8328992782276502,1
1,0.6176087096625038,1
0,0.741380877177106,0
0,0.8431069265996872,0
1,0.9659744315620906,1
0,0.9485520332141368,0
0,0.7938155737012522,0
0,0.7616680172633279,0
0,0.9763134021151961,0
0,0.9009515455879249,0
1,0.8314373235208351,1
0,0.9754316289631577,0
0,0.9309958925031465,0
0,0.5724058949647959,0
1,0.7272579495587409,1
1,0.7509472846834424,1
1,0.5927721666207694,1
0,0.9494253072110536,0
1,0.9629562747946141,1
0,0.9432475564885469,0
0,0.8152166284265652,0
1,0.8770166788084293,1
1,0.9498906331368255,1
0,0.8857120953005511,0
1,0.9272525965934613,1
1,0.6415422194574663,1
1,0.9609778024068965,1
0,0.5638337164431043,0
0,0.9082511590725466,0
1,0.9537781713897607,1
1,0.9348237670473507,1
0,0.7669115779646793,0
0,0.9472129798468599,0
0,0.7344255584789549,0
0,0.971640321207083,0
0,0.8739628233959303,0
1,0.6101076282289373,0
1,0.9433153513522012,1
1,0.7000824336313749,1
0,0.8302006237952044,0
0,0.9512314477017876,0
0,0.9710271426455405,0
1,0.5958314648541332,1
1,0.974284460755704,1
0,0.9777036925974141,0
1,0.9115647212248371,1
0,0.5706999016044021,1
1,0.5,1
1,0.9862949499805616,1
0,0.9577054504486463,0
1,0.8572516101665183,1
0,0.8851698631352525,0
0,0.727787822665343,0
1,0.996916800110001,1
0,0.9493329604579575,0
0,0.885240385574764,0
0,0.8590518742796266,0
0,0.9251857654888552,0
0,0.993277357311355,0
1,0.6052312582427575,1
1,0.8312128452057462,1
0,0.9202295316067027,0
0,0.9767863197700339,0
0,0.8305734238033706,0
1,0.8608057625260046,1
0,0.9543491935367759,0
1,0.6833447423807573,1
0,0.9462827999076817,0
1,0.6658954547175313,1
0,0.7311493036529222,0
1,0.6986622007468293,1
0,0.860289358362617,0
1,0.9117911332556209,1
1,0.9712096290310869,1
1,0.962839740546514,1
0,0.9315054353636787,0
1,0.7984347770826837,1
1,0.9554733505388247,1
1,0.9749576651200459,1
0,0.9702893058275717,0
0,0.9759001375870658,0
0,0.9283474623152579,0
0,0.9220519318563146,0
1,0.9719933600513095,1
1,0.9410546725076737,1
1,0.9793679958985446,1
0,0.9030473611022587,0
0,0.8173597509672511,0
1,0.927607576461073,1
1,0.8827900613158999,1
1,0.5475092750989538,1
0,0.9404381689891586,0
0,0.8105945637971509,0
1,0.9131551846871113,1
0,0.7728873633098347,0
1,0.9420774085132414,1
1,0.9920293242161842,1
0,0.9607617488919842,0
0,0.5634064453429778,0
0,0.8428274742753602,0
0,0.8807331670474721,0
0,0.7914208399327783,0
0,0.9115598360191117,0
0,0.9933200362552045,0
1,0.949035080351614,1
0,0.5721594936460933,1
0,0.9201440787288222,0
0,0.8806840164445893,0
1,0.9090015912000106,1
1,0.5713365620116583,1
1,0.9611385195364062,1
1,0.8955299531084447,1
0,0.8341393446137062,0
1,0.913329321877038,1
0,0.8040852134186847,0
0,0.7731791458842702,0
1,0.9223164970825168,1
0,0.9929119587412913,0
0,0.89341286797031,0
1,0.9547641807306095,1
1,0.5229529911302979,1
1,0.8121211045769132,1
0,0.86695278838528,0
1,0.651533562221004,1
1,0.9716877044584211,1
1,0.9247732678310799,1
1,0.8867189252383417,1
0,0.8750118643274578,0
0,0.7815196264717262,0
0,0.9683934843214226,0
0,0.7814610554581912,0
1,0.8601257585707102,1
1,0.8971303098927002,1
1,0.9009153290580549,1
1,0.9919358607470676,1
1,0.8748583248120897,1
1,0.8368766867020635,1
1,0.8655832561701344,1
0,0.9946540769852129,0
1,0.8255138244590626,1
0,0.7309095891855995,0
0,0.9769195911962855,0
0,0.7856940143506036,0
1,0.8909804014186458,1
0,0.8939494451483896,0
1,0.5884986232378248,1
0,0.909563956884439,0
1,0.7483195837827774,1
1,0.6739887745453174,1
1,0.9183536337657988,1
1,0.9968224298296962,1
0,0.95236722481092,0
1,0.9901336857818933,1
0,0.9895273462206085,0
1,0.9335890034251692,1
1,0.8609396543287618,1
1,0.8548308522274871,1
1,0.9344834468128552,1
0,0.9063207356034183,0
0,0.8381002252563851,0
1,0.9282093560068068,1
0,0.8225553683062232,0
1,0.7689970896681049,1
0,0.8090806614037849,0
0,0.7540755507036052,0
0,0.9391081021927687,0
1,0.8478511980134392,1
1,0.8997150239680464,1
0,0.7369278396478929,0
0,0.9029137935340712,0
0,0.7539544660505684,0
1,0.7684594309940345,1
0,0.9028796639905836,0
1,0.7142747678964735,1
1,0.9560818992950091,1
0,0.8144904034553729,0
1,0.967133311029026,1
0,0.9078580534789652,0
1,0.8809190496146405,1
0,0.9473854090836038,0
0,0.9278097616648713,0
1,0.917533235039214,1
0,0.8934516153780283,0
0,0.9495390681844531,0
0,0.9213752513823876,0
0,0.8980346161623973,0
0,0.7844555634660682,0
1,0.7108742946237346,1
0,0.8353728000730575,0
0,0.6471741028472919,0
1,0.9487297493132142,1
0,0.8565663277868346,0
1,0.6683496581627256,1
0,0.9276891469374652,0
0,0.7361900052817173,0
0,0.8917087819705801,0
0,0.8205363017811377,0
1,0.9583303959763998,1
1,0.8726292238541016,1
0,0.9924776693881423,0
0,0.8641698026024964,0
0,0.7159035889154403,0
0,0.8813788487362351,0
1,0.9422957638687769,1
1,0.7977278213806793,1
0,0.8661805780808024,0
1,0.9690243411323659,1
0,0.8274461522221038,0
1,0.9445207789605456,1
1,0.9194059400194546,1
1,0.8803005196267604,1
1,0.9841110103843347,1
0,0.9779255385225385,0
1,0.9959012612180218,1
1,0.8718536376997033,1
1,0.5531776991914424,0
1,0.5167939583836516,0
0,0.9832555879269164,0
1,0.6350174109150485,1
0,0.9973058628931881,0
1,0.9651057353200314,1
0,0.8048579494614282,0
0,0.8798743221396305,0
0,0.8571602623763234,0
1,0.9152343306920471,1
1,0.9818660976690224,1
0,0.9140808759709425,0
0,0.8981683940979465,0
1,0.980668731894651,1
1,0.9664195843424679,1
1,0.9413587442996302,1
1,0.6914097919169727,1
0,0.7655232679369085,0
0,0.6831360492622303,0
1,0.9889500078932839,1
0,0.9450747215422945,0
0,0.7806218955589561,0
1,0.7666248312171072,1
1,0.9751137963194006,1
1,0.9456463650573794,1
0,0.7822178022058033,0
1,0.9329964156154382,1
0,0.9380348551602096,0
0,0.9556557765205791,0
0,0.962055516711919,0
0,0.9611259271439879,0
1,0.9672131615013237,1
0,0.8950263545899546,0
0,0.9202750889599819,0
1,0.7759089972444265,1
0,0.8900072667191727,0
1,0.8310452426085468,1
1,0.8268591945986988,1
0,0.8170506764020298,0
0,0.724458208394824,0
0,0.9261140343372579,0
0,0.7852940302233897,0
1,0.8704670865330332,1
1,0.7882881509940879,1
1,0.9659391919758339,1
0,0.7714251714727962,0
0,0.9432362927267586,0
0,0.7407701392038671,0
1,0.8675902092476527,1
0,0.9481915154582148,0
0,0.9536338946384694,0
1,0.9817239872369053,1
1,0.7722830924586886,1
1,0.992630663531889,1
1,0.9216361488442166,1
0,0.9695161417162766,0
0,0.8984859379097886,0
1,0.6329801213102009,1
1,0.5241952813168886,1
0,0.9298296779677053,0
1,0.9416487150916212,1
0,0.7504140301511576,0
1,0.9339146565438786,1
1,0.8344106152341498,1
0,0.9767756017922162,0
0,0.9012682378869251,0
1,0.9667230060935735,1
1,0.735494813558111,1
1,0.9674671726044732,1
0,0.9353835857632634,0
1,0.8885522114287189,1
0,0.9876927092434933,0
0,0.8188837064852267,0
1,0.9722406173430598,1
0,0.9603492227603271,0
1,0.9637491143804525,1
0,0.7009371979551502,0
0,0.884473565333639,0
0,0.9913890422494043,0
0,0.8202681082017401,0
0,0.8936460266444467,0
1,0.9643075070304962,1
0,0.8152590109365204,0
0,0.8948215632504135,0
1,0.990579420442163,1
1,0.9285193618810432,0
0,0.9323278529573906,0
1,0.9399354775588235,1
0,0.6878521177028767,0
1,0.9167666824377613,1
0,0.8261635911251592,0
0,0.7041174384903228,0
0,0.9122108038324693,0
0,0.9695493852917784,0
0,0.9383028586725878,0
0,0.9431046311413545,0
1,0.5,1
1,0.6702131281992284,1
0,0.942145026140405,0
1,0.8444585086512261,1
0,0.65807612257386,0
1,0.9621352863248511,1
1,0.9243467575503357,1
1,0.5576814768529371,1
0,0.9655290737615426,0
1,0.648454282069265,1
0,0.867857450025875,0
0,0.9962096109234914,0
1,0.9690170284881865,1
0,0.8734267010133415,0
1,0.9337992368637379,1
0,0.8825275433203746,0
1,0.8383002310885006,1
0,0.9321245557134631,0
0,0.9784373038437288,0
0,0.9194282801601525,0
0,0.9982149419891173,0
0,0.8503972979178559,0
0,0.9308254934386762,0
0,0.8138093783478547,0
1,0.9036799476810061,1
0,0.7592667918159183,0
0,0.9736660278693142,0
0,0.9316927676766591,0
1,0.7239353048821263,0
1,0.9167097709691819,1
1,0.9706060806218871,1
0,0.9857645457238227,0
0,0.7801710842573735,0
0,0.9550265887230734,0
1,0.900274711299897,1
0,0.6796171971008731,0
1,0.9674187800426263,1
1,0.8309561277434149,1
0,0.9622908645160098,0
1,0.6495360079776603,1
1,0.9206882436765477,1
0,0.6552623268960446,0
1,0.9047898635365518,1
1,0.7024776351699666,1
1,0.9774979249275872,1
0,0.949471041787512,0
0,0.9166021142029259,0
0,0.9274330490370745,0
0,0.9904023935140241,0
1,0.8740631030534236,1
1,0.7667692898644682,1
1,0.73802811944453,1
1,0.8767171980116588,1
0,0.9765041735473439,0
0,0.8212836456764531,0
0,0.918916110427233,0
1,0.9172051005731647,1
1,0.8548451662448703,1
0,0.8557942909232289,0
1,0.896955367980569,1
0,0.9423833226607162,0
1,0.5610779449654799,1
0,0.7514981965663277,0
1,0.8596484310859677,1
0,0.8583146097963649,0
0,0.9298282392281079,0
0,0.7669919899772796,0
1,0.9465727004299398,1
1,0.8607088587294575,1
1,0.6042398350180679,1
1,0.9411516402611064,1
1,0.9226451384088524,1
1,0.6762936760569821,1
1,0.8375664816279428,1
0,0.8673445484880337,0
1,0.9628776989699306,1
0,0.7639873547258401,0
1,0.8368272932078749,1
1,0.8547876196999189,1
1,0.9648865204272589,1
1,0.878895993780196,1
1,0.7541615070313131,1
0,0.8999560845594238,0
1,0.9406904418021975,1
0,0.974385508945346,0
0,0.8986112252874296,0
1,0.9554020084803305,1
1,0.522092751896224,1
0,0.8298903850969616,0
1,0.9451563999220158,0
0,0.9866664094364859,0
1,0.6229246591379315,1
0,0.9582655122924811,0
0,0.8930741581788717,0
0,0.9984206225524564,0
0,0.9833860546398506,0
1,0.9917554061875814,1
1,0.9292613558167919,1
0,0.8501518172685445,0
1,0.7182376202244394,1
1,0.9194461694547124,1
0,0.9549196269418057,0
0,0.9213300648935765,0
1,0.5633198983599397,1
0,0.8264749205168274,0
0,0.8893720868291272,0
0,0.983366749387606,0
1,0.9125091343008948,1
0,0.7793426548251252,0
1,0.9111875156406696,1
0,0.8933685546329103,0
0,0.9939925278906518,0
0,0.874379821621974,0
1,0.9537202037156353,1
1,0.9414309719022879,1
0,0.9974145194098504,0
0,0.6945458625599642,0
1,0.8567409806583656,1
1,0.5590061517198711,1
0,0.9969432258680118,0
0,0.983019059298056,0
0,0.9497884375104676,0
1,0.9691991042710423,1
1,0.7809848286851976,1
0,0.7318159930860609,0
1,0.7160220843375876,1
1,0.9246228106622442,1
1,0.8606972114037201,1
0,0.7938622815531919,0
1,0.9133878892394788,1
0,0.9850189197133831,0
1,0.6748253145607014,1
1,0.8861497221079219,1
0,0.9733213399331871,0
1,0.9652373212443335,1
0,0.843548483862311,0
0,0.9421820203256995,0
0,0.9495758704256615,0
0,0.75407613641932,0
0,0.8870189344972,0
0,0.7352135072954333,0
1,0.8811702901531847,1
0,0.9170630024250557,0
1,0.9645394136702062,1
1,0.9293648098067574,1
1,0.867492000143825,1
1,0.5696871051844509,1
1,0.9645710948188522,1
0,0.7834246777004087,0
0,0.925920536801032,0
0,0.7564062752901619,0
0,0.7727292810154863,0
1,0.9777955068931782,1
0,0.6914021814919534,0
1,0.5080873418488746,0
0,0.8948351394287084,0
1,0.7614341743394387,1
1,0.634937176657887,1
0,0.9501047939646128,0
1,0.8351682975761289,1
0,0.6662476394788069,0
1,0.9702916791180596,1
1,0.7990501803311012,1
0,0.8424678179974768,0
0,0.8026625365034239,1
1,0.5773450034610188,1
1,0.8270075171677622,1
0,0.8191761151389205,0
0,0.9289172934068474,0
1,0.8039226012090169,1
0,0.9036475703425413,0
1,0.9564385493931233,0
1,0.8457734190292879,1
1,0.9119717659730168,1
1,0.8979778747341438,1
0,0.9194924940747055,0
1,0.8607354523927919,1
0,0.9825548618977448,0
1,0.8791249547918462,1
0,0.7785323277128652,0
1,0.746969384691851,0
1,0.8264947182931475,1
1,0.8917150259641079,1
0,0.7054682834229733,0
0,0.9762410584926826,0
0,0.7286693984765581,0
0,0.9323118949336547,0
1,0.934263275396555,1
0,0.8771788799552134,0
0,0.929789585319714,0
1,0.8680990800656357,1
1,0.9151232575776496,1
1,0.9827811085986167,1
0,0.9321649116577994,0
0,0.9866566252633873,0
0,0.9447659007375592,0
1,0.7461546788014126,0
0,0.848084259249951,0
0,0.6119146039698486,0
0,0.9854881217146263,0
0,0.9234040433330305,0
1,0.9100665111691612,1
1,0.736675919167089,1
1,0.8212899996219726,1
0,0.9047371819938156,0
0,0.9650522550041816,0
0,0.7919802908381032,0
1,0.8288671911843468,1
1,0.6954182283385657,1
0,0.9891978029005029,0
1,0.9140667815285672,1
0,0.9901606416814541,0
1,0.8697644290634353,1
0,0.8318277677432673,0
0,0.9287594604232047,0
0,0.8760775023027654,0
1,0.8139945147437745,1
1,0.8940299724172791,1
1,0.9750316796612924,1
0,0.9964655121302581,0
0,0.9760979689858792,0
1,0.7684008147520105,1
1,0.6521181887953004,1
1,0.9849579043940613,1
0,0.8511484978298899,0
1,0.5521210021843929,1
0,0.9187296898581041,0
1,0.6508081220099049,1
1,0.8336537726218267,1
0,0.8437765062164627,0
0,0.9057320438695606,0
0,0.9340533874373337,0
0,0.9334443036609603,0
1,0.5244715252286092,1
0,0.8668577146627551,0
0,0.9935969219625045,0
1,0.9416997585043008,1
1,0.9580851045385427,1
1,0.8017777111031515,1
0,0.9502170544476586,0
1,0.8275534079629361,1
0,0.8575925476656825,0
0,0.9936877556000189,0
0,0.8994856906503508,0
1,0.949864751616043,1
1,0.784825016274295,1
0,0.6963544243089913,0
1,0.8471017828204687,1
0,0.7184180931640508,0
0,0.9619970207363517,0
1,0.9799238406125653,1
1,0.9132493519636954,1
0,0.88711605618848,0
1,0.9006981267886053,1
0,0.6648881322785596,0
1,0.9894220627968641,1
0,0.9959332206582557,0
0,0.9702008459766527,0
1,0.8115497227768808,1
0,0.902916733508854,0
1,0.8912959507306885,1
0,0.787773749314402,0
1,0.9480134439033944,1
0,0.5964755365306563,0
1,0.8392231380975878,1
0,0.9800651689921257,0
1,0.6910145962565868,1
0,0.9351231405771621,0
0,0.9035784838779741,0
0,0.994017667531509,0
1,0.7867354464046014,1
1,0.6749756826207669,1
1,0.9249386719801594,1
0,0.8891943654445486,0
1,0.9109610773981134,1
0,0.9200932627801078,0
1,0.5938889424329101,0
1,0.7138725495782714,1
0,0.9176834208221843,0
0,0.8541704171484171,0
0,0.8399439693286721,0
0,0.8474676973160159,0
1,0.8965870410023504,1
1,0.863868146998131,1
1,0.8620356701453009,1
1,0.9424967882750349,1
1,0.7242125225805153,1
1,0.9555870455264245,1
1,0.8853611371318525,1
0,0.7195906225609845,0
0,0.9449111698619087,0
1,0.9858269481922346,1
0,0.9158023787220719,0
1,0.9253098160037824,1
1,0.9419140012069076,1
0,0.9536818634472918,0
0,0.9735971096057466,0
0,0.827258110701699,0
1,0.9223392568877012,1
1,0.8451543711108186,1
0,0.7761002674429059,0
1,0.8740983644254776,1
1,0.9112564034637958,1
1,0.7881130041758216,1
1,0.902777382246201,1
1,0.8956240968604813,1
1,0.9424775539274173,1
1,0.9828601762643058,1
0,0.9795657637916257,0
1,0.7971492012505306,1
0,0.814662797499288,0
0,0.6521276337851789,0
0,0.9696688910068285,0
1,0.7630504764863952,1
0,0.8677910141442572,0
1,0.833220734831009,1
1,0.6707748302467728,1
1,0.7020743477235694,1
0,0.7245464133447035,0
0,0.995877956792569,0
1,0.918313672234926,1
0,0.9079270232932899,0
0,0.8252367806624508,0
0,0.7500617150945006,0
1,0.9362172966168716,1
0,0.9847849567446773,0
0,0.9910153994158807,0
0,0.650368983554846,0
1,0.8119134877903189,1
1,0.937522002196154,1
0,0.9330088462220321,0
0,0.7124273763219776,0
0,0.9005774998601822,0
1,0.890496118462744,1
1,0.9515197040094032,1
0,0.8900526904081384,0
0,0.8934545010881904,0
0,0.8014782322332127,0
1,0.6872187011918258,1
1,0.8062707395539791,1
1,0.9864202102293294,1
0,0.9247235031872576,0
1,0.8115775283098247,1
0,0.9858749097946811,0
0,0.7677632731899369,0
0,0.9622908389277307,0
1,0.9107949413135521,0
1,0.9229274598944898,1
1,0.937566881841908,1
1,0.9717795795575929,1
1,0.9015552043507147,1
0,0.9023588508206881,0
1,0.9895436533790233,1
0,0.9024921497998689,0
0,0.9167728885428771,0
1,0.8190831757007798,1
1,0.9039602946039986,1
1,0.8882732960372242,1
0,0.8491736266417008,0
0,0.8671287745383789,0
0,0.9881441306035927,0
1,0.9735697663823721,1
1,0.7630172680523494,1
1,0.8794279617888547,1
1,0.7906777599433196,1
1,0.923899782830196,1
1,0.936484579902191,1
0,0.8755470128611139,0
0,0.9060910222084508,0
1,0.8745509507557016,1
0,0.9317839059565372,0
0,0.7876624470735557,0
0,0.7877598244379499,0
1,0.8800834503803528,1
1,0.8188036112094452,1
0,0.6888880123894018,0
1,0.945927533693813,1
1,0.9576568707408964,1
1,0.6767415337248279,1
1,0.9500654068019627,1
1,0.5389230360669814,0
0,0.9416192746903643,0
0,0.8313074552235324,0
0,0.9851710291585131,0
0,0.8165194016410245,0
1,0.8227551106131635,1
0,0.7354046211289452,0
0,0.9658657658498235,0
0,0.9804016143076821,0
0,0.9261017667566406,0
1,0.8452638718831194,1
1,0.9847643829066958,1
1,0.7250144083153897,1
0,0.823879467296017,0
0,0.823912609866786,0
0,0.8867918923871174,0
0,0.9814216893134521,0
0,0.7340368685637513,0
0,0.9772978700462357,0
0,0.6991975866491134,0
0,0.8590340178256509,0
0,0.9938036924551812,0
0,0.8783926485513536,0
1,0.6570865723638428,1
0,0.5646563895460787,0
1,0.704680511767496,1
0,0.938347245716477,0
1,0.8464683126253814,1
1,0.8025934224511666,0
0,0.8296191527318874,0
1,0.8755254041870896,1
1,0.8392948833963414,1
1,0.6957287931334168,1
1,0.9101012685478841,1
1,0.9016023994702401,1
1,0.9579765720276057,1
1,0.6730755972553685,1
1,0.8345415845150144,1
0,0.8577819410149725,0
1,0.8871195569022787,1
1,0.9076028371082464,1
1,0.9114282086226712,1
1,0.8320663442894204,1
1,0.9085468578866203,1
0,0.9795089595412431,0
1,0.8008161023209426,1
0,0.783618563091828,0
0,0.8513061329688574,0
1,0.6066874596673016,1
0,0.9959777340484999,0
1,0.8900534324764546,1
1,0.9556061177154646,1
1,0.8929076655228079,1
0,0.9775722670002494,0
1,0.8466213743632577,1
1,0.8866918567116604,1
0,0.8606391139290122,0
0,0.8560811464660312,0
0,0.8969312205584552,0
0,0.9754885865702817,0
0,0.9745977119103684,0
0,0.8755485510020182,0
0,0.8666627745709781,0
0,0.7940792954917731,0
0,0.8917980676332409,0
1,0.8691050353154589,1
1,0.9348584825132222,1
1,0.8742604848104513,1
1,0.7705089528850272,1
1,0.8954535072983759,1
1,0.7771853457540403,1
0,0.9720059065123817,0
1,0.8227558936832333,0
1,0.8211050919230405,1
1,0.8063511759479625,1
0,0.9908494970299887,0
1,0.9020458064377811,1
1,0.9665430381738509,1
1,0.9462618992948227,1
1,0.794224963334363,1
0,0.9189049517438207,0
1,0.9060282291449838,1
0,0.8093049747459786,0
0,0.8428452162791417,0
1,0.6861331773708879,1
1,0.9728503316999261,1
1,0.8465579457660296,1
0,0.9437423577361048,0
0,0.8849922461693283,0
0,0.8279500784245758,0
1,0.8828059804992132,1
0,0.9139807085959247,0
0,0.9096860299039558,0
0,0.9677367931257739,0
0,0.9885166024607598,0
1,0.9798503344303169,1
1,0.8909134986765473,1
1,0.8365706500105217,1
1,0.9040447121579455,1
0,0.5879480060558151,0
0,0.8042603471729827,0
0,0.856679430087051,0
0,0.8738820269279975,0
0,0.9190335055156821,0
1,0.954538806671379,0
0,0.8355046959555993,0
0,0.7363097674379174,0
1,0.960813034886765,1
1,0.6329086062456362,1
1,0.7060580424703128,1
0,0.9281846734579718,0
1,0.9017530782523444,1
1,0.9535672838376938,1
1,0.8804771611950553,1
0,0.9586741687083172,0
0,0.8308433851606953,0
1,0.7949321919702612,1
1,0.8726049461337461,1
0,0.92283921488627,0
0,0.581991443013185,0
1,0.8119084954499851,0
1,0.6746910858943871,1
1,0.8347007333023317,1
1,0.6447786137686886,1
0,0.838835273368043,0
0,0.8241804175413026,0
0,0.8277976748492809,0
0,0.9858232178656002,0
0,0.6938431779804038,0
0,0.8083174786099824,0
0,0.8759303306090791,0
0,0.8817477857616584,0
0,0.7138760907079154,0
1,0.9478188317132966,1
0,0.7974879489994843,0
0,0.8505520077316914,0
1,0.8916866782839019,1
0,0.8440051368977733,0
1,0.9639879337723549,1
0,0.654155226340351,0
1,0.8126494598984008,1
0,0.8584779492666201,0
1,0.8986491251592615,1
0,0.9976467159433173,0
1,0.9834354306926157,1
0,0.9817137277207373,0
1,0.898527641947934,1
0,0.6929671072644995,0
0,0.9852552969532549,0
1,0.813421209172938,1
1,0.8662910491543954,1
1,0.8411841460345899,1
0,0.9679949171672101,0
0,0.7709937588195525,0
0,0.70531966778478,0
1,0.7854741292844998,1
1,0.8809035835258096,1
0,0.9376391156687509,0
0,0.6156392409056161,0
1,0.9797705187621101,1
0,0.678204027268052,0
0,0.9885232638255983,0
0,0.9388265611169327,0
0,0.8120913227363603,0
1,0.812928292818391,1
0,0.6983389502342819,0
0,0.8565533749813621,0
0,0.9731848514300021,0
1,0.6116212182187348,1
0,0.8377282482063816,0
1,0.9636047213738034,1
1,0.9088877757156222,1
1,0.984784387560686,1
1,0.7149025881648678,1
0,0.9395574475281737,0
1,0.7016402743756639,1
1,0.7296667660524222,1
0,0.9400340092941629,0
0,0.8271805734603235,0
1,0.8833493001109153,1
1,0.8603883888255426,1
1,0.7609918170377827,1
1,0.7200820812745983,1
0,0.9762877705229064,0
0,0.9559876266319679,0
0,0.8197815966712897,0
1,0.9405891900174217,1
1,0.7352130077297945,1
1,0.6802165996601021,1
1,0.8502065627912868,1
1,0.8386150239683902,1
1,0.8640566163701203,1
0,0.8727228619666187,0
1,0.6453321630144655,1
0,0.9952679834522613,0
1,0.9486411110168351,1
1,0.8286273031811436,0
0,0.6913684741218441,0
1,0.9565331570205922,1
0,0.6828375839583664,0
1,0.9700214637989385,1
0,0.7760050240349362,0
0,0.7137359878936996,0
1,0.8488168192941787,1
0,0.9008206723374866,0
1,0.9043773916855065,1
1,0.9039429347293704,1
1,0.9705282923796421,1
1,0.8558736604408204,1
1,0.8783047013804858,1
0,0.9553048070505188,0
1,0.8582232365210193,1
0,0.9916664898443681,0
1,0.8095557135020275,1
0,0.9915271964133249,0
1,0.9468293818981776,1
0,0.6376545099413975,0
0,0.7603830401415653,0
0,0.8496867416025286,0
0,0.9612151354791291,0
0,0.6200402091583004,0
1,0.8389680019159572,1
0,0.9389323509529415,0
0,0.9974340754736717,0
0,0.9080135722872407,0
0,0.9502694783480321,0
1,0.8149734878580269,1
0,0.9090166640141268,0
1,0.7923648280410663,1
1,0.9806886011714054,1
1,0.9939054392986447,1
0,0.8448746534325903,0
0,0.9623804615934306,0
0,0.8278555625395212,0
1,0.9260026686473694,0
1,0.6864573640288779,1
1,0.8253790515245681,1
1,0.8392314484163581,1
1,0.9495481941642497,1
0,0.8999086588719846,0
1,0.8678713470248157,1
1,0.9414060281815401,1
1,0.6482826271883352,1
0,0.857962449364376,0
1,0.8728665184753165,1
0,0.7883236205747938,0
0,0.9073609532453765,0
0,0.9483901846418826,0
1,0.961428154959142,1
1,0.8499707928662426,1
1,0.6223012193565306,1
0,0.8574829724820943,0
1,0.9519716191206338,0
1,0.958062727025741,1
1,0.9552181596285733,1
0,0.96058102622094,0
0,0.8263152181282593,0
0,0.7302263656987421,0
0,0.8551754377529608,0
0,0.8999771033181285,0
1,0.7774341721095382,1
0,0.9603298135464065,0
0,0.8454706508058808,0
1,0.8469514738440858,1
1,0.7665007090286242,1
1,0.667543621576589,1
1,0.771537556359225,1
1,0.9893599703477004,1
1,0.667277899024227,1
1,0.7942129503165137,1
1,0.9920428464054278,1
0,0.9766347006288093,0
1,0.862612181241549,1
0,0.9960814990643304,0
0,0.9865988617761988,0
0,0.9150589406478764,0
1,0.9569107029670512,1
0,0.9729806747708827,0
0,0.7570305510421846,0
1,0.9999895954540929,1
1,0.888926263941854,1
0,0.9751313460087219,0
0,0.813086851819564,0
1,0.9565162568120258,1
0,0.967186596919677,0
0,0.7978463451692548,0
1,0.6439373636663743,1
0,0.9502368907392633,0
0,0.8717913105225752,0
0,0.9204667533612381,0
0,0.8431686711008215,0
0,0.947829678819549,0
0,0.7214455326536814,0
0,0.9853123254650396,0
0,0.9300663778066369,0
1,0.5087599389201249,1
0,0.9915831860350742,0
1,0.8593691839341003,1
0,0.9170322023754406,0
0,0.8424719555600785,0
0,0.980055006200085,0
0,0.9072896635752217,0
1,0.5304756065981499,1
1,0.9729380414166018,1
0,0.678468253262204,0
0,0.8823500636704202,0
1,0.9733290953173989,1
0,0.8462721180261901,0
0,0.8834771489847761,0
0,0.8414390890381634,0
1,0.916033407150898,1
0,0.9009244723414229,0
1,0.7805397682068498,1
1,0.5593343374819899,1
1,0.7285175976146798,1
1,0.9115737692123573,1
1,0.970557654406268,1
1,0.8082194031942279,1
1,0.6887751269731515,1
1,0.9886922671280174,1
1,0.8578595068936224,1
1,0.8992787205766016,1
0,0.9572531781630788,0
0,0.9776979991012397,0
0,0.796161729395124,0
0,0.9309294026378789,0
0,0.968657708461307,0
1,0.7188414611756929,1
0,0.9891212680599605,0
1,0.8784255116547859,1
0,0.9630178384781045,0
1,0.7623588715681198,1
1,0.8678163032368369,1
1,0.9047214104425908,1
0,0.9078387947438905,0
0,0.938893514799587,0
1,0.897374360489485,1
0,0.9013160306826346,0
0,0.9671637255525267,0
0,0.7788116056363095,0
1,0.6981879885533471,1
1,0.9773537391763158,1
0,0.8066437651056948,0
1,0.8522841640085024,1
1,0.7018202186931818,1
0,0.9732784140672461,0
1,0.8737068921208054,1
1,0.9051163801232852,1
1,0.9313922440356819,1
1,0.8026502769232184,1
1,0.9861698972184383,1
0,0.9789369258227492,0
1,0.9583564273296095,1
0,0.9574291931470686,0
1,0.8950468388246556,1
0,0.69808714264217,0
1,0.8654571548660525,1
0,0.649513994451395,0
1,0.74576015675107,1
0,0.9087491982080365,0
0,0.8671930805633541,0
1,0.8189069648924112,1
0,0.9599569295962803,0
1,0.858091210514289,1
0,0.9996462263784065,0
1,0.568164328322198,1
1,0.9337230873685853,1
1,0.9746989164789606,1
1,0.714325491813983,1
0,0.9573601390354506,0
1,0.8551701536982386,1
0,0.8700015067402126,0
0,0.7533367434394133,0
0,0.7695020547014665,0
1,0.8728632232812213,1
0,0.6034042799536072,0
0,0.5564378371891566,0
1,0.9364385195145749,1
1,0.6660460892573696,1
1,0.7453803146438663,0
0,0.9082900048109365,0
1,0.8254695093167185,1
1,0.9254737852223659,1
0,0.8231314110729371,0
1,0.55804273848881,1
0,0.9397835446137015,0
0,0.787342275483355,0
0,0.9458176850074121,0
1,0.7471299575486526,1
0,0.8624489748811214,0
1,0.9086077231248318,1
1,0.9924445097513953,1
1,0.9264684267528485,1
1,0.8702103530112576,1
1,0.7737805343356732,1
0,0.7174241000150895,0
1,0.80411419228106,1
1,0.7692269939540479,1
0,0.955306001255791,0
1,0.9305978546047665,1
0,0.9063841500805567,0
1,0.5164455880832393,1
1,0.9278393933743373,1
0,0.8985134699889561,0
1,0.9242058471634648,1
1,0.8685657405165779,1
0,0.9459971091925544,0
1,0.7921180135424242,1
0,0.7436007333798107,0
0,0.9277770881551145,0
0,0.9062640996435407,0
1,0.8236967451593585,1
1,0.8350764979685846,1
0,0.7644536348229223,0
1,0.9619465637294351,1
1,0.974148785997395,1
0,0.956693958626815,0
0,0.9377487907388602,0
1,0.904673429671778,1
0,0.8752745549842209,0
1,0.8917923000265038,1
1,0.6999044999435954,1
1,0.94406201652781,1
0,0.8418908177931613,0
0,0.8832794897458159,0
0,0.8480659250587167,0
1,0.7735607504113541,1
1,0.8781508804954065,1
0,0.7913438118770083,0
0,0.6920335513571322,0
0,0.9625822170954769,0
1,0.5300584390893459,1
1,0.9602738753352484,1
0,0.984117164130116,0
0,0.8249333755755953,0
1,0.5,1
0,0.8637257606450283,0
1,0.8633310435678386,1
0,0.8582450594986465,0
0,0.8840050952470248,0
0,0.9569970488236025,0
0,0.9701485916041331,0
1,0.869012176712718,1
0,0.9144223759071056,0
0,0.9701605623671735,0
0,0.7749305418594048,0
1,0.7829486211497952,1
1,0.7747006524937559,1
0,0.9844442379553557,0
1,0.6320692636467673,1
0,0.7930395736804563,0
1,0.9385925616501151,1
0,0.7742208521937394,0
1,0.9326019817702677,1
0,0.9693152532177026,0
1,0.7123309853464007,1
0,0.9471301591170985,0
0,0.9900058358032445,0
1,0.9083558474535487,1
0,0.697580461018867,0
1,0.9150334336321276,1
1,0.9144469252203318,1
1,0.9525509187597104,1
0,0.962144945366011,0
0,0.8548346493434847,0
1,0.8306589782331941,1
0,0.5905882201100859,1
0,0.99963962411554,0
0,0.9314922377495952,0
0,0.8309915156298208,0
1,0.4755474610665873,0
0,0.9717283456626402,0
0,0.8723840765995805,0
1,0.8404181676566339,1
1,0.8263152456934912,1
0,0.824518756731386,0
1,0.8844667191250017,1
1,0.47311443228423977,1
1,0.8137045460386269,1
1,0.923910039655191,1
0,0.9673533077497722,0
0,0.6030452487069594,1
1,0.9408826546011639,1
0,0.9026804096260234,0
1,0.9664344581946184,1
0,0.8600968122966968,0
1,0.9423660792610059,1
0,0.754282179489706,0
1,0.8257340017966093,1
1,0.9430027661845609,1
0,0.9954185137684226,0
1,0.880652216909222,1
0,0.9394960745681852,0
1,0.9069152631157524,1
1,0.8101360699552341,1
1,0.7587184459918185,1
0,0.8668605362298479,0
0,0.87737606553846,0
0,0.9321417345234937,0
1,0.8542244962872398,1
1,0.8080867534518547,1
1,0.9765750790275605,1
1,0.9663063972407602,1
0,0.869147717825117,0
1,0.9630561283879882,1
0,0.8815118625392627,0
0,0.8982336349136087,0
1,0.787162208097735,1
0,0.9559480160971835,0
1,0.9209659116994848,1
0,0.8547273687899978,0
0,0.7051927329042132,0
1,0.8729740650109915,1
1,0.7764120010224268,1
1,0.7103932514171005,1
1,0.8737819875101922,1
0,0.9958490604289489,0
1,0.8247290096214334,1
0,0.8112643653590758,0
1,0.9958947067521051,1
0,0.6971498365553763,0
1,0.8429511601805622,1
0,0.9901284587602096,0
1,0.5097571648629473,1
0,0.9432538144719407,0
1,0.9959623972791782,1
1,0.9293910760866055,1
1,0.6282767036255446,1
0,0.9332259578909139,0
0,0.7913263072274018,0
0,0.8601981224915812,0
1,0.9914927800507131,1
1,0.9444045058707774,1
1,0.9917010526412592,1
0,0.9116619133995723,0
1,0.9832712921597929,1
1,0.630942139491172,1
0,0.9674830701004615,0
1,0.8949588460898416,1
1,0.891717741890345,1
1,0.6428406462102302,1
1,0.8817921254653677,1
1,0.7831377027923733,1
1,0.7164501554808967,1
0,0.939410550961122,0
1,0.8963661876747727,1
1,0.9362004659214548,1
0,0.6790899346047422,0
0,0.9341408888498336,0
0,0.8828135337636167,0
1,0.7437520657225183,1
1,0.734263160415877,1
1,0.5796101883128354,1
1,0.7212778292852127,1
0,0.9213791635237154,0
0,0.9346046249831925,0
1,0.712812366488056,1
0,0.8850261236180956,0
0,0.9442593186856986,0
1,0.9328699876618733,1
1,0.8110022669215402,1
0,0.8254540385983697,0
1,0.6957013459205371,1
0,0.760127981459745,0
1,0.9669317173025199,1
0,0.9209948470968914,0
0,0.9763695992975486,0
1,0.9430956512311928,1
0,0.7933414378583831,0
1,0.9433079105000628,1
1,0.9482163800736804,1
0,0.9193818897746611,0
1,0.7404767794515041,1
1,0.6590184603265336,1
1,0.9774313391423096,1
1,0.9195486121697922,1
1,0.8216412923356938,1
1,0.7039742645748812,1
0,0.9985208706310343,0
0,0.8775969476437069,0
0,0.9583973978401403,0
0,0.9285392889672319,0
0,0.8182209426890291,0
1,0.8387533257613023,1
1,0.7496316018511819,1
0,0.8723380592171532,0
0,0.8274572405109659,0
1,0.6461427891954974,1
0,0.7482599406029145,0
1,0.9127356998267984,1
1,0.9208777549805286,1
1,0.9697674156775344,1
0,0.8850600557209586,0
1,0.9160185205254286,1
1,0.7927869470846005,1
1,0.8953614870555054,1
0,0.6033824063017077,0
0,0.8887307967702243,0
1,0.9273927677185926,1
1,0.4825836198921643,1
1,0.9125858757707584,1
0,0.9232843193658394,0
0,0.9298796946598699,0
1,0.9612386485394603,1
0,0.9862222675932183,0
0,0.9965757078204326,0
1,0.770298100590806,1
1,0.6549786508720535,1
0,0.5944104389129189,0
0,0.855669046388332,0
0,0.6776355345998378,0
1,0.8716752621519447,1
1,0.9577753289912596,1
1,0.9648933980611777,0
0,0.7824442346035796,0
0,0.8894950814728074,0
0,0.9498593765695071,0
1,0.9760560053452226,1
0,0.6583759904653973,0
1,0.8264916136920123,1
0,0.8518647980079608,0
0,0.8078933812246121,0
0,0.9789939306456054,0
1,0.8575233891648256,1
1,0.7757884843582388,1
0,0.620387035826256,0
1,0.9497876475114324,1
1,0.6662997813627212,1
0,0.9672755267011593,0
0,0.8851112339238589,0
1,0.9295460710161833,1
0,0.9125955141330058,0
0,0.7062256068348508,0
1,0.8695882168734558,1
0,0.9952723870162139,0
0,0.9949671960505604,0
0,0.8212460188300666,0
0,0.9508825487513504,0
1,0.9577293801103555,1
0,0.778229846236837,0
0,0.9575021006923143,0
1,0.9678589828913549,1
0,0.9552260712370763,0
0,0.9421414265539128,0
0,0.9593096691849502,0
1,0.968753659052169,1
1,0.7215123146659137,1
1,0.8359517023808151,1
1,0.7090479830127654,1
0,0.8306144519029589,0
1,0.9675200681372917,1
1,0.982778654500711,1
0,0.9583759869581308,0
1,0.6445604564469948,1
1,0.8015285567915151,1
0,0.9007463346671669,0
0,0.8930302685228486,0
0,0.9282092535473403,0
1,0.9136425734751248,1
1,0.837058108747092,1
1,0.723324862557483,1
0,0.7699194194719399,0
0,0.8958258358474769,0
1,0.935039983799257,1
1,0.8502717288391335,1
0,0.7753382192521847,0
1,0.9535800642061738,1
0,0.6132002100584713,0
0,0.9733077968171021,0
1,0.9918008551253793,1
1,0.8099951172485232,1
0,0.9511883459340529,0
1,0.8742624992591316,1
1,0.9314804813906646,1
0,0.9128773419305917,0
0,0.9402074800643796,0
0,0.7488623772712244,0
0,0.888403153976331,0
1,0.8277842959358093,1
0,0.8544892848366931,0
1,0.584568074220641,1
1,0.8388344728231423,1
0,0.9617472792764813,0
0,0.8136247531745209,0
0,0.8143441173404674,0
1,0.7088793386679938,1
1,0.8249750417296677,1
0,0.8521657929556025,0
0,0.7354872516966434,0
0,0.9239830691650809,0
1,0.9187566083949567,1
1,0.818842634346133,1
1,0.814109399780172,1
0,0.8217441778483255,0
0,0.8961902617968622,0
0,0.869534748847128,0
1,0.9627552751430183,1
0,0.6873204270648536,0
0,0.9609890398136408,0
0,0.9785895728079386,0
0,0.8823501540184233,0
0,0.930781905451256,0
0,0.9885151699055603,0
0,0.9871412718948512,0
0,0.9717333666766431,0
0,0.9770821421366845,0
0,0.8112322929313587,0
1,0.7730382901383144,1
0,0.9959580917817885,0
0,0.9945107792201562,0
1,0.9207144900501231,1
1,0.7998905283222186,1
0,0.8700507480266123,0
0,0.9674189337232301,0
0,0.9370116928319793,0
1,0.8165885846069603,1
0,0.9483109313114714,0
1,0.8196553538877875,1
1,0.7791582068815354,1
1,0.9217462117538756,1
1,0.7246657323240547,1
1,0.8493710025087029,1
0,0.6965967287561906,0
0,0.7737087541430446,0
0,0.9797612837691747,0
1,0.9696114918827006,1
0,0.9620744381800963,0
0,0.8924778740864671,0
0,0.9733661468401216,0
1,0.6051968102518731,1
1,0.9452292846356323,1
0,0.9667286336995302,0
0,0.7857152877165776,0
1,0.8216332067500408,1
0,0.8107904397021768,0
1,0.8528599536837799,1
1,0.8702919699861262,1
0,0.6919839768276713,0
1,0.8422028952624646,1
0,0.7132243132243947,0
1,0.9574279805519268,1
1,0.9720143682064835,1
0,0.9385131200224381,0
1,0.9334387799952116,1
1,0.9957795412212218,1
0,0.9057944583706432,0
0,0.8047703199463978,0
0,0.7904438214231857,0
1,0.7832362584261172,0
1,0.928008393229485,1
1,0.8760526001165972,1
1,0.930928744459146,1
1,0.812117362748801,1
0,0.8982367345005617,0
0,0.9067665832554594,0
1,0.9466784423650619,1
1,0.9657615641369794,1
1,0.9106659787898466,1
1,0.5530971339608699,1
1,0.8867329557343755,1
1,0.7417476563692996,1
1,0.8044651643497915,1
1,0.993415534905565,1
0,0.8413231142314818,0
0,0.7608659811620371,0
0,0.8405999576834272,0
0,0.8656116456201104,0
0,0.5856469517728184,0
0,0.9944883216843783,0
1,0.7096785956536069,1
0,0.9241899250160416,0
1,0.9966975255869148,1
0,0.980699195423497,0
1,0.826581436404656,1
1,0.7718500163301617,1
0,0.939794478987264,0
1,0.9865731860489256,1
1,0.8825793255419745,1
0,0.631085307265358,0
1,0.9403218905723199,1
1,0.49391896582609646,1
0,0.6473622542839748,0
1,0.8754897816281358,1
0,0.9538377553398694,0
1,0.9274486836865682,1
0,0.8857319343652926,0
0,0.8688885446008388,0
0,0.9333787625382446,0
1,0.8269983691826125,1
1,0.9411588066118082,1
0,0.8435794086182107,0
1,0.9250359185506423,1
1,0.9501304759284172,1
1,0.7498598823968771,1
0,0.7796633829148675,0
1,0.8440653384713745,1
1,0.9347976824190308,1
0,0.9686213598727301,0
1,0.9680464323109981,1
1,0.9330178797577731,1
1,0.9043341486741927,1
1,0.9512950188932047,1
0,0.923212809109129,0
1,0.8780956242567215,1
1,0.9245138817261277,1
1,0.5979139225937081,1
0,0.7248865950856315,0
0,0.944526919676933,0
1,0.7497449356958944,1
1,0.9141912095221885,1
1,0.8755561867353497,1
1,0.9236138485295998,1
1,0.862689640899854,1
1,0.919561633111171,1
0,0.9014593330160443,0
0,0.9002628606649461,0
0,0.9573994801392067,0
0,0.9384569084302378,0
0,0.9121659492365832,0
1,0.8032984753898229,1
0,0.7804649535750552,0
1,0.6898069838219495,1
1,0.6143121926030989,1
0,0.9645267793565075,0
0,0.9358043000020062,0
1,0.9900808238853803,1
0,0.9276332900280488,0
1,0.8268602234062663,1
1,0.8276953784475961,1
1,0.7214396652751248,1
0,0.9206021988957461,0
0,0.7898461384706663,0
0,0.6318150706190612,0
0,0.8771962702851195,0
1,0.9540773269194492,1
0,0.972635112942818,0
1,0.9400460992743946,1
1,0.9876766777956156,1
0,0.9152900595784952,0
0,0.9565242510216032,0
1,0.5,1
1,0.7813652697935477,1
1,0.7607701304416733,1
1,0.972718065895836,1
1,0.8643307821407551,1
0,0.7660015603581688,0
1,0.7772128082565783,1
0,0.8703037148444437,0
1,0.9038246258829313,1
1,0.8980443478944502,1
0,0.8774439990348649,0
0,0.9383834484090493,0
1,0.9219071196160599,1
1,0.9587858802689431,1
0,0.8325824578960742,0
1,0.96080858311777,1
0,0.884095721112802,0
1,0.710528437620611,1
0,0.7459185185484427,0
1,0.8657381980757901,1
1,0.6862714933085332,1
1,0.6421792715351677,1
1,0.9411778170862816,1
0,0.9261561514853022,0
1,0.8618978189164276,1
1,0.9380402750148844,1
1,0.9478113942077234,1
1,0.8448888080193835,1
1,0.5793568714028384,1
0,0.7693063869830861,0
0,0.8591061941003023,0
0,0.7379553565459276,0
0,0.9035924197656979,0
0,0.9493370610542246,0
0,0.9865800221822034,0
0,0.8972336352444888,0
0,0.9537478395402372,0
0,0.8454128930827822,0
0,0.9946288844390886,0
1,0.95792203155337,1
0,0.9849635218519842,0
0,0.8948931028558959,0
1,0.9246763596574856,1
1,0.9017312982897028,1
0,0.9801661577656865,0
1,0.8587600635079763,1
1,0.9177942662032761,1
0,0.8505540586190771,0
0,0.9992284044921037,0
0,0.9826610887838807,0
0,0.9204692439967614,0
1,0.9521428172862734,1
0,0.777967251974981,0
0,0.9144022600103502,0
1,0.6909644445072636,1
0,0.9215628217820856,0
1,0.830377021043259,1
1,0.8151019391134802,1
0,0.970892553456401,0
1,0.8658739115041844,1
0,0.980665950489334,0
1,0.8060956055540484,1
1,0.5934965676697881,1
1,0.8680029144085288,1
0,0.6647663278238571,0
1,0.984827597257688,1
0,0.9351843411112866,0
1,0.8881880034320415,1
0,0.8407567230706778,0
1,0.8907774309483811,1
0,0.7415886327035016,0
0,0.8774396213612118,0
0,0.7283113923390857,0
1,0.9593096403421117,1
1,0.9345523209674186,1
1,0.9111498062020178,1
0,0.9670361628944185,0
1,0.9112958541961498,1
0,0.9996586338840769,0
1,0.9413019139238696,1
0,0.8295674536145403,0
0,0.7472741269827244,0
0,0.9935125037398121,0
1,0.7280315937915673,1
0,0.7804949088732093,0
1,0.853713366906987,1
1,0.6942533094562848,1
0,0.81385735641018,0
0,0.9856787299618394,0
0,0.8643814183332935,0
0,0.956705550638513,0
0,0.655169089811852,0
1,0.8822052227898904,1
0,0.7234619825456822,0
0,0.8304670351415875,0
0,0.844037309902891,0
0,0.8141923632629764,0
0,0.7818507056812134,0
0,0.6710841370760172,0
1,0.6901023039256151,1
1,0.9893664610486641,1
1,0.6669247384441537,1
0,0.9952899989234473,0
0,0.9764892715092899,0
0,0.8980611230525504,0
0,0.904406013391248,0
0,0.9143327301950159,0
0,0.9224113392802658,0
1,0.8699395541322169,1
1,0.8263306867323614,1
0,0.727403928067303,0
1,0.8183931328134967,1
0,0.8457232847811349,0
0,0.8133186334607263,0
0,0.863602721650935,0
0,0.9665222728998515,0
1,0.9906928249073024,1
1,0.7221777407222901,1
0,0.8241864216385268,0
0,0.9714883995621326,0
0,0.6120456998887737,0
1,0.9039915053173888,1
1,0.8266349275471769,1
1,0.8320225169824468,1
1,0.7042330623203599,1
0,0.9490029708135117,0
1,0.698604469222648,1
0,0.9694390794425175,0
1,0.7593003966479611,1
0,0.8500500018605619,0
1,0.5730236181230359,0
1,0.8221842771370338,1
1,0.8692904412736774,1
0,0.852280977903721,0
1,0.982363046215362,1
1,0.8541256820882585,1
1,0.5,1
1,0.8236303454427913,1
0,0.8533511728812556,0
0,0.8985302020234498,0
1,0.8621552784826773,1
0,0.944596797569352,0
0,0.5520707397430314,0
1,0.9383394464977484,1
1,0.9945984003335956,1
1,0.5163645659673644,1
1,0.7767019877135046,1
0,0.9738839170973159,0
0,0.9930336683803389,0
1,0.8017266388590014,1
1,0.7625716757841208,1
0,0.9346112346089186,0
0,0.9747801141007335,0
0,0.7834447309930921,0
0,0.9460059735373711,0
0,0.8532514082302624,0
1,0.7064075179219351,1
0,0.9648180817089931,0
0,0.9857371144480869,0
1,0.8338877899645837,1
0,0.9634483168189322,0
1,0.9322458781833646,1
0,0.9022279534359842,0
0,0.9908501817942398,0
0,0.9386794065963672,0
0,0.9726074321580453,0
1,0.8384687170088512,1
1,0.8669038144106724,1
1,0.9784714521372873,1
0,0.8612800567289085,0
1,0.9797473966919802,1
0,0.9723941417507957,0
1,0.9914128806785547,1
0,0.9816352158583455,0
0,0.9703980850722839,0
1,0.5153502380625221,1
0,0.9812894862159794,0
1,0.8633390790300455,1
0,0.6538486379437947,0
0,0.8142562137244982,0
0,0.7633680743187156,0
0,0.7203986995244677,0
1,0.9342833996610295,1
0,0.9583112527039592,0
0,0.8172527503166881,0
1,0.9901225728432722,1
0,0.7554364378298055,0
0,0.9922374131073933,0
1,0.9359464938016628,1
0,0.8204955171561761,0
0,0.8745954498625164,0
0,0.8660192292574497,0
0,0.6367590529112828,0
1,0.7853171484909552,1
1,0.879357178607842,1
1,0.7194866312483921,1
1,0.9438547704947203,1
0,0.9337576710916647,0
1,0.7117062458953352,1
0,0.6840361756897135,0
1,0.9436232089601609,1
1,0.9794357455045469,1
0,0.774031460787308,0
0,0.7842069927573513,0
1,0.7102931569333015,1
1,0.9744292778202358,1
1,0.7494139432856133,1
1,0.8938110662519039,1
1,0.9043047058531868,1
1,0.8979530546697547,1
0,0.9225329203655395,0
1,0.927912777909644,1
0,0.7532675732135953,0
1,0.7635392377633468,1
1,0.8712244691571805,1
0,0.7901286129782956,0
1,0.9504118337378306,1
0,0.9017808288468366,0
1,0.9606969789303256,1
1,0.8693018235576577,1
0,0.9029799140803416,0
1,0.9862683628469958,1
1,0.8644325393332403,1
0,0.6236230653149765,0
0,0.8661266759219176,0
0,0.8827402602730494,0
0,0.7443923094728551,0
1,0.7472234032346561,1
1,0.8027176097976021,1
0,0.9393047293206734,0
1,0.7189917750206406,1
0,0.8121643294464296,0
1,0.7814009582418113,1
0,0.9505381373146664,0
0,0.9330495989624361,0
1,0.9440823667532537,1
1,0.9159295623571974,1
0,0.8960725257094296,0
0,0.9856803438637696,0
0,0.6485895755722454,0
1,0.709792476918086,1
1,0.9796250694924621,1
0,0.6308242954334119,0
0,0.9566652314454176,0
0,0.932548059262686,0
1,0.9731992744570861,1
0,0.9957202750313939,0
0,0.8988160739109735,0
1,0.9517295590014725,1
1,0.9265264551334583,1
0,0.6793067512039623,0
1,0.7744933549660686,1
1,0.7957726465986537,1
0,0.8825628438770687,0
1,0.6381866404434338,1
0,0.860784445047205,0
1,0.8737820073426359,1
0,0.998202553481567,0
0,0.8641200479735447,0
0,0.7404254572591353,0
0,0.6678250384797815,0
0,0.9864285030237487,0
0,0.9263245260233837,0
0,0.8048820922248604,0
0,0.7845195754934683,0
0,0.8397632899288956,0
1,0.7370627291399844,1
0,0.8825279445931271,0
1,0.9935430659698967,1
1,0.9789578623353924,1
1,0.9564162182295045,1
0,0.8245542980757088,1
0,0.7796270956755726,0
1,0.9649145366287116,1
0,0.9010588241980588,0
0,0.695910407142388,0
1,0.7168346013304852,1
1,0.935855287707054,1
0,0.9963787406125154,0
0,0.9221200564531649,0
1,0.9348282596442067,1
1,0.944912227513565,1
1,0.9487096725882493,1
0,0.8056668498771343,0
1,0.9695671442391159,0
0,0.8802639140819302,0
1,0.6827091409401321,1
0,0.7440145310569389,0
0,0.9359005138850263,0
1,0.9503441444401661,1
1,0.9700816740530431,1
1,0.5836105648680272,1
0,0.9039240000080704,0
1,0.9803569805670638,1
0,0.6264287549067642,0
0,0.8428219753244205,0
0,0.7235351222684758,0
1,0.7775751386015923,1
1,0.9412462316729042,1
1,0.7223168332652741,1
0,0.8561928923337848,0
0,0.8698772030503565,0
1,0.9851299787602606,1
1,0.9561834240392832,1
0,0.922217127056653,0
0,0.8936227316967223,0
1,0.9009785005846631,1
1,0.6552440284054892,0
1,0.7724852935772075,1
0,0.9678182137924863,0
0,0.9401691318034315,0
1,0.8916447856157178,1
1,0.8997810785732624,1
1,0.818851302224523,1
1,0.8219708138002016,1
0,0.8686922613108916,0
1,0.7118694955425287,1
1,0.7617277257123393,1
0,0.6031986074925959,0
1,0.7320339433289017,1
1,0.7638210023637415,0
0,0.8385279525169598,0
0,0.9826460007853302,0
1,0.705672102426028,1
1,0.9300516148206035,1
1,0.9613600786468012,1
1,0.6505859646352956,1
1,0.8871527766604018,1
0,0.995449799479377,0
1,0.8014421780508288,1
0,0.9743882556057151,0
1,0.8651396590722416,1
0,0.9777468516021951,0
0,0.9610589316554817,0
0,0.9022545335841078,0
1,0.8618184946482028,1
1,0.8759310788114575,1
1,0.8804215077715678,1
1,0.8840862448163255,1
0,0.920577609575709,0
1,0.8193927082597082,1
1,0.987845254481311,1
1,0.8040277635772847,1
1,0.9891631537375993,1
0,0.7767324826090923,0
1,0.7048187329029496,1
1,0.8228147501359828,1
1,0.8703794592971767,1
0,0.9248095227324865,0
0,0.9893040479284696,0
0,0.7333538248104421,0
0,0.9562872618666204,0
1,0.7119400679266579,1
0,0.9811648597483631,0
1,0.8759397526349513,1
1,0.8449817729835125,1
0,0.9548157720037121,0
1,0.6216398226629739,1
0,0.9587586714699575,0
1,0.8885878745388992,1
0,0.9868943417410235,0
1,0.8166349415279047,1
1,0.769406155238583,1
0,0.7361990043533421,0
0,0.9595500058998543,0
0,0.9506572892399026,0
0,0.9925786994305673,0
0,0.6930379345614771,0
1,0.8738074652434156,1
0,0.8205885483865686,0
1,0.9138642968876006,0
0,0.7703165940695734,0
0,0.6899817482375207,1
1,0.7698782804514528,1
0,0.8255528317409923,0
1,0.9649074285341528,1
0,0.8871961073464906,0
0,0.9303732008199432,0
0,0.9431653085015511,0
0,0.7835729586868818,0
1,0.7864378538025744,1
1,0.7976896408642896,1
1,0.914257966563084,1
1,0.8764757544421996,1
0,0.8066068868769611,0
0,0.8142765728481034,1
1,0.9889177759471703,1
1,0.7927832636067939,1
1,0.688630971928699,1
1,0.776158514403649,1
0,0.9565331232863473,0
0,0.9635351011124592,0
0,0.9269054299622127,0
1,0.9133694166914673,1
1,0.9088881876250028,1
1,0.7478674611263545,1
0,0.7500079428587639,0
0,0.8131174209805289,0
1,0.8749272175809689,1
1,0.9674992538272015,1
1,0.9710443673945303,1
0,0.9412069516656578,0
0,0.9246233190115979,0
1,0.7925680863221026,1
1,0.7174487588022459,1
0,0.952077055812636,0
1,0.8620091601281228,1
0,0.9032461213203307,0
0,0.915928525602309,0
1,0.6100123005070391,1
1,0.8893511352464071,1
1,0.9923343243701831,1
0,0.9578989061788904,0
0,0.8028401609437558,0
0,0.9110356796793174,0
0,0.5571463264200935,1
1,0.8261517452399338,1
0,0.9851099028995943,0
0,0.6821514337856965,0
0,0.917370911308305,0
0,0.9546729728524297,0
0,0.8798686095297811,0
0,0.8989956053625284,0
0,0.7994414587317272,0
0,0.9397549041496324,0
1,0.8336408128404744,1
1,0.948145074677784,1
1,0.9574640926953186,1
1,0.7085390699916685,1
1,0.8968620539530214,1
1,0.8978716296682477,1
1,0.9803018009873186,1
1,0.7923730909674724,1
0,0.920641046263491,0
0,0.9200742626700873,0
0,0.8479592870397572,0
1,0.9649514765731705,1
0,0.8857064389172546,0
1,0.8596181015632754,1
1,0.8440187366719444,1
0,0.9938691049147785,0
0,0.9581007247175996,0
0,0.9905557723087864,0
1,0.6200396445160614,1
0,0.924365906145398,0
0,0.9331697041849782,0
1,0.9443886520032787,1
0,0.9986577365448264,0
0,0.8375980304388683,0
0,0.8759530817498998,0
0,0.959143952365437,0
1,0.8523752974016342,1
0,0.9902334013265516,0
0,0.9917492349220266,0
1,0.7293994255251309,0
1,0.9167270583811632,1
1,0.933433302432947,0
0,0.9446594440324056,0
0,0.7761687937565123,0
0,0.8948611106311924,0
0,0.6894855103318054,0
1,0.6267197451695578,1
0,0.9890958316476333,0
1,0.9289171391272356,1
1,0.8922540198810701,1
1,0.9181317811447064,1
0,0.7272266676383718,0
0,0.9157800221585052,0
0,0.9585224430230541,0
1,0.9194627932166813,1
1,0.61577329078382,1
1,0.9312724564606041,1
1,0.8785043447218617,1
0,0.9685007515119992,0
0,0.8025553436436603,0
0,0.8552306989477034,0
1,0.563773290695148,1
0,0.7993978496873964,0
0,0.7056900315104631,0
1,0.8322873715502935,1
0,0.8880243294669623,0
1,0.9888240893804496,1
0,0.9552650709428793,0
1,0.6438000536052534,1
1,0.9908122112217018,1
1,0.9957904601704567,1
0,0.9260651861746585,0
1,0.9055058126080964,1
0,0.9551247101937966,0
1,0.953982874375764,1
0,0.7501371249966937,0
1,0.918210974248336,1
1,0.9559587170138301,1
0,0.819859205003713,0
1,0.9124193823397949,1
0,0.9676328909400669,0
1,0.708836199298035,1
1,0.7261150829616526,1
1,0.9492096308186302,1
0,0.9193145428832658,0
0,0.9170912910490003,0
1,0.9259139451411458,1
1,0.7914835546722147,1
1,0.905143672259307,1
1,0.8773281056585633,1
1,0.7694356876350253,1
1,0.9638216566090614,1
0,0.8539916566257756,0
0,0.8626428882136977,0
1,0.9313550963187837,1
1,0.9692376875558081,1
0,0.9575478413856099,0
0,0.9126500496735488,0
1,0.7130514203441881,1
1,0.7714021733384149,1
1,0.7948027950437234,1
1,0.8135918446556648,1
1,0.9235346397446156,1
1,0.8396558644438011,1
1,0.8714817604877714,1
1,0.9621881687374271,1
1,0.9633814191084118,1
0,0.8586166961437178,0
1,0.9147123189112107,1
0,0.9003050432653905,0
0,0.6454223970789509,0
1,0.8500439278965646,1
1,0.9644728362439877,1
1,0.8084817134325167,1
1,0.885892878403997,1
1,0.9837801779118208,1
0,0.8859738286110808,0
0,0.6330685489638606,0
1,0.9928160834658087,1
0,0.8950134127200824,0
1,0.5665672371155684,1
0,0.8948435241599251,0
0,0.998153526007362,0
0,0.9972755550843511,0
1,0.9675108700539371,1
0,0.9240531526657115,0
0,0.9986755188696016,0
0,0.9396877888294023,0
1,0.9696847859561555,1
0,0.9426251419175611,0
1,0.6898442610361333,1
0,0.7229817611381624,0
0,0.9431130297231989,0
0,0.696893201854465,0
0,0.9946110758449547,0
1,0.7620187107878923,1
0,0.9625321283279132,0
0,0.9190689836402322,0
0,0.649683841964046,0
1,0.6449143513450003,1
0,0.9195149915982987,0
1,0.6687650096344536,1
0,0.8632128995469774,0
0,0.9084806389532113,0
1,0.5193893416948288,0
1,0.6449297857390345,1
0,0.8531353325714588,0
0,0.98792835235184,0
0,0.7468710666411931,0
1,0.6939913413409105,1
1,0.9327977588724647,1
0,0.6293817446114902,0
1,0.851913757674203,1
1,0.5786842277127942,1
1,0.8916073866851133,1
1,0.9891939360955111,1
1,0.9142400197733184,1
0,0.8876725661507321,0
0,0.8695390245448527,0
1,0.9365565070414407,1
1,0.8286393255280669,1
1,0.7226148914513132,1
0,0.8377635178062743,0
1,0.9603979959295593,1
0,0.9411348693054324,0
0,0.7943585731005989,0
0,0.9212163516399334,0
0,0.8819415442136006,0
0,0.9280176073958051,0
0,0.9028356082307518,0
0,0.9260031143471316,0
1,0.7544479503750958,1
1,0.6899922155563077,1
1,0.9877403478190687,1
0,0.7407657908026003,0
1,0.8908436918697356,1
0,0.9867216869892302,0
0,0.833138991841315,0
1,0.776697895646777,1
0,0.9518289658466835,0
1,0.974065052886804,1
1,0.9337938838071613,1
0,0.9954227997362942,0
1,0.9582122063881684,1
0,0.8621145295923367,0
1,0.9016075489123929,1
0,0.9511840639650067,0
1,0.8475994337608203,1
0,0.9077789573616609,0
0,0.7898382856151012,0
0,0.9985512747134387,0
0,0.7721541740094557,0
1,0.9967197799663351,1
1,0.6044498138247978,1
1,0.9657446030480865,1
0,0.6166778941360259,0
0,0.9958984810316148,0
1,0.9450206537897082,1
1,0.7555076302307467,1
0,0.7668117484028019,0
1,0.706902173758199,1
0,0.9816649235897792,0
1,0.8750579906691593,1
1,0.9276828498915973,1
0,0.916623023335418,0
1,0.9418119813431316,1
0,0.7657969807890166,0
0,0.9387383881047644,0
1,0.9999877142543077,1
0,0.9264018040154528,0
1,0.9195298189870791,1
1,0.7667329677015902,1
0,0.9534434711378854,0
1,0.7693285070716355,1
1,0.8686737974088038,1
0,0.6326202585380954,0
0,0.8996479566388206,0
0,0.6030435190940706,0
1,0.5100488570499087,1
0,0.9245939125349785,0
0,0.9082300702005334,0
1,0.5119282957996247,1
0,0.8674693763264965,0
1,0.9183978911150326,1
1,0.8780927166634955,1
1,0.8497823479181137,1
0,0.7133415219920177,0
1,0.6926284023454043,1
0,0.9779871746266022,0
1,0.6094621503860955,1
1,0.92314124362568,1
0,0.8670702205958489,0
1,0.9733345142839621,1
1,0.9148663011074375,1
0,0.8690327825164902,0
0,0.8986887695533788,0
0,0.9461480298994901,0
1,0.7731220742515392,1
0,0.748270800569932,0
1,0.9651114437993283,1
1,0.7393447816729043,1
0,0.9484006369580817,0
0,0.945008121599001,0
1,0.5524151134400669,1
0,0.8941582387243815,0
0,0.8442966968426577,0
0,0.7995994757023789,0
0,0.9858260496475905,0
1,0.8971278920626024,1
0,0.754023808470531,0
1,0.8981485577786312,1
1,0.8748203826192654,1
1,0.8894995650413023,1
0,0.918293025146286,0
1,0.6704683389310252,1
0,0.764983775734888,0
0,0.9916216302599381,0
1,0.9601137884127721,1
0,0.7724083168917589,0
0,0.714631546446645,0
0,0.9911960610571693,0
0,0.8887494383383487,0
0,0.8132976860334883,0
0,0.7178382309775586,0
0,0.8840719352444434,0
1,0.8627206118833818,1
1,0.9183213701480509,1
0,0.8429574327592622,0
0,0.6683771273472956,0
1,0.8428139777556047,1
0,0.8985423639369327,0
1,0.9403224905653984,1
0,0.8010282875455684,0
1,0.9574580739929678,1
1,0.869192330173229,1
1,0.7147421878434436,1
0,0.9493683516465438,0
1,0.9011732344680986,1
0,0.9938779329716181,0
0,0.8237989991888536,0
0,0.8864800834247136,0
1,0.9207435394917745,1
1,0.9481326796516237,1
1,0.8648645850797047,1
1,0.5438295935473466,1
1,0.9086139715984074,1
0,0.8811032547523728,0
0,0.8711950187506552,0
0,0.9222224880828581,0
1,0.7960620252257868,1
0,0.9385602228585884,0
1,0.9197789225166804,1
0,0.987549742986594,0
1,0.7588749281103336,1
0,0.8710375545039288,0
0,0.8445311243459332,0
0,0.7306766819828165,0
0,0.9347342792379015,0
0,0.7107979850469734,0
1,0.9697765741988688,1
1,0.9777354670041476,1
0,0.8884657390338655,0
0,0.9253626322861918,0
1,0.8819387940616886,1
1,0.8990235653280285,1
0,0.9634409715450345,0
1,0.7578857352558283,1
0,0.9350474071731378,0
0,0.8507600709974164,0
0,0.9959524339167273,0
1,0.7710635557747703,1
0,0.7615502609313225,0
1,0.913576169001643,1
0,0.6904778195128745,0
0,0.8266704914142045,0
1,0.9578705567418908,1
0,0.9937446712313236,0
0,0.8021238288057605,0
1,0.9616467689681625,1
1,0.9450725306762201,1
0,0.8171979505624388,0
1,0.9024405293776568,1
0,0.9879339885569256,0
1,0.8415543983672493,1
1,0.951659406780849,0
1,0.9637629226299909,0
0,0.7051704622915536,0
0,0.9359655897484479,0
1,0.6727714782065362,1
1,0.922190163078884,1
0,0.9306981872944187,0
1,0.9651459203843804,1
0,0.9299157100769699,0
1,0.9743055184977054,1
0,0.9137712571245902,0
0,0.9078241235604247,0
1,0.5482860523435295,1
0,0.9320104427898956,0
0,0.8354432472068831,0
0,0.9442905624231711,0
1,0.8049683500160202,1
1,0.8555968730779121,1
1,0.5298936811511888,0
0,0.6514000980362716,0
1,0.6449196999549572,1
1,0.6493162438622773,1
1,0.8414528016266125,1
0,0.7800681706331997,0
0,0.7202512349648528,0
0,0.992793978841464,0
1,0.933247467399453,1
1,0.9768906111338261,1
0,0.9710411133082923,0
1,0.9349703594656904,1
0,0.8178165103485967,0
0,0.8381982477927407,0
1,0.9953802400889121,1
0,0.6439618121327835,0
0,0.9110935432481126,0
0,0.8318213754490309,0
1,0.8851065811087626,1
0,0.6696940717267502,0
0,0.9561208022534139,0
0,0.7844688162254572,0
0,0.9112308759566563,0
0,0.8650597609053832,0
0,0.7587158743220548,0
1,0.8158051337480725,1
0,0.7511822245664973,0
1,0.774735982034504,1
1,0.8093351314625609,1
0,0.9463678719833936,0
0,0.7796595592225027,0
0,0.8858328556210807,0
0,0.9400683653107246,0
1,0.9118911525377785,1
1,0.9454943932928168,1
1,0.6398833586911037,1
0,0.9451693657693425,0
1,0.922680535276113,1
1,0.9826911515217813,1
1,0.9483812313940546,1
0,0.8881512285676659,0
0,0.7853447225400044,0
0,0.8334711836691806,0
1,0.7338294097551643,1
0,0.8649913000694449,0
0,0.9478679886611835,0
0,0.8906124372171548,0
1,0.9628204177273361,0
0,0.9494270392574236,0
1,0.8943643459448327,0
1,0.8155057031294004,1
1,0.9952108399943994,1
0,0.994754392354692,0
0,0.9672571032318652,0
1,0.7325311998307743,1
0,0.8692322574579009,0
0,0.9836996816917326,0
1,0.9859442064083087,1
1,0.9343178467536999,1
1,0.9394166569695811,1
0,0.928049463216008,0
0,0.9631575004617544,0
0,0.9155319647734984,0
1,0.8906665811747886,1
0,0.9743118927054033,0
0,0.6166562402916774,0
0,0.9203995898576771,0
0,0.8502359804892088,0
0,0.8140835916752396,0
1,0.9214334997346579,1
0,0.8944951436432534,0
0,0.9228358128306529,0
0,0.9580072551423421,0
0,0.9437389189026494,0
0,0.9497775963682503,0
0,0.9789919650288941,0
1,0.8903761065327033,1
1,0.8886567931826709,1
0,0.9346556451222156,0
0,0.8955737219712694,0
1,0.7629628761901412,1
1,0.871683435123376,1
0,0.9782005950606217,0
0,0.7893320273737328,0
1,0.861690049509182,1
0,0.9394245838401192,0
1,0.8882717259245939,1
0,0.8065705133145795,0
0,0.9385022243458362,0
1,0.9108695395896929,1
0,0.7509563702179002,0
0,0.8245422998509945,0
1,0.7522022324792231,1
1,0.8552113156702179,1
1,0.9392792599268487,1
1,0.921897499191218,1
0,0.9955768155423668,0
0,0.9568568352213952,0
1,0.8366970305766493,1
0,0.6030452490517101,0
0,0.9725630212577225,0
0,0.9677750476616378,0
0,0.8419676266560308,0
0,0.9392220809946097,0
0,0.9986972431268801,0
1,0.9870503451113013,1
0,0.5953989268004657,1
0,0.9720882822872046,0
0,0.9009957417183143,0
0,0.8355226313607442,0
1,0.5943295482855799,1
1,0.7599003045296158,1
1,0.9291199436732787,1
1,0.8266103485268261,1
0,0.8625698295011462,0
1,0.971768048799452,1
0,0.6319446886571121,0
0,0.7011656689317753,0
1,0.8938954449847,1
1,0.9808825260662493,1
0,0.9788790263569256,0
0,0.9073983377275846,0
0,0.7779919565727403,0
1,0.979273543439619,1
0,0.7833723385681106,0
1,0.9526221726168758,1
1,0.8822787755703068,1
0,0.9244848693763476,0
0,0.9883890093172357,0
1,0.760267462803991,1
1,0.9879532997337082,1
0,0.9728197934873986,0
0,0.9145046717113815,0
0,0.9453821871103152,0
0,0.9348071762909123,0
1,0.9883282754815275,1
0,0.927184890653746,0
1,0.8818036744918822,1
1,0.9704898301104583,1
1,0.8221608885444374,1
1,0.9000032579630919,1
1,0.9714293464858655,1
1,0.8995777116776974,1
0,0.8400285542319605,0
1,0.801739550343901,1
1,0.5952126297644981,1
1,0.8731189528543862,1
1,0.9825567161898433,1
1,0.6890112131970881,0
1,0.7765804491451469,1
1,0.8980655593918733,1
0,0.925328006822734,0
0,0.958927903328665,0
0,0.897449741799705,0
0,0.6711209717636326,0
1,0.7299921446058233,1
0,0.974681783217336,0
0,0.6838255670384674,0
0,0.6640122438429591,0
0,0.8673582599267788,0
1,0.9647046363967818,1
1,0.8586948680070157,1
0,0.5406796707515343,0
0,0.9673201188300918,0
0,0.9272842873543603,0
1,0.9010553643017587,1
0,0.9157799713865385,0
1,0.8124869009124942,0
0,0.7980954721483534,0
1,0.8205954868598349,1
0,0.9483405005661024,0
1,0.9999947569739241,1
1,0.8364267135482328,1
0,0.9725325026835425,0
0,0.9890693910303984,0
0,0.8554016846974457,0
0,0.936398109768341,0
0,0.8916855181510708,0
1,0.7634912550421109,1
0,0.939305687481421,0
1,0.7291616554457384,1
0,0.9555596600572634,0
0,0.8150830236936338,0
0,0.9243400328804494,0
1,0.9883575210659832,1
0,0.6065546990995918,0
1,0.7828509770977525,1
1,0.8804416978599577,1
0,0.938465329615335,0
0,0.9896482222075098,0
0,0.9398995598121244,0
1,0.9742926240216883,1
1,0.8011321216248901,1
0,0.9602120886226291,0
1,0.8547211854680286,1
0,0.8750921162646539,0
0,0.8949172599230574,0
1,0.9027075018575075,1
1,0.6657826802494362,1
1,0.8527073997033041,1
0,0.7474776320260026,0
1,0.9199743978286715,1
0,0.7797476964360721,0
1,0.8911618359503544,1
1,0.9498008856797538,1
1,0.9166623471699916,1
1,0.7743007252380437,1
0,0.9788942627729158,0
0,0.953049971566873,0
0,0.940318090903199,0
0,0.9411675602889282,0
0,0.8209515212754935,0
1,0.871183604211549,1
0,0.8730133603134592,0
0,0.8571222791376938,0
1,0.885636899387603,1
1,0.8619103552842767,1
0,0.9681945067614572,0
0,0.8842817313907007,0
0,0.8256611531935935,0
0,0.9103480210305717,0
1,0.8598307862767968,1
1,0.9635977516637239,1
1,0.909973427622138,1
1,0.9156461215156024,1
1,0.907719030463336,1
1,0.8613201197251622,1
1,0.7541284017504537,1
1,0.8070430172921366,1
1,0.8909065776164745,1
1,0.9403274518242505,1
0,0.8750040518181381,0
0,0.728610884512116,0
1,0.828608531203282,1
1,0.6053723572730104,1
0,0.7565428937198123,0
0,0.7735713488546592,0
0,0.9641095656494469,0
0,0.9868444013864366,0
1,0.8872439526868203,1
1,0.6928286596914255,1
0,0.8410191997415082,0
1,0.5902457770992094,1
1,0.973896716971809,1
0,0.8630739786634644,0
1,0.8804224034284313,1
1,0.8103339885921594,1
0,0.9987135895793471,0
0,0.8007598211054885,0
1,0.9724095341515027,1
0,0.8780866370951096,0
0,0.8269093123672577,0
0,0.761875471738832,0
1,0.6740570803771878,0
0,0.8297137099364095,0
1,0.9104640675344936,1
1,0.8675368674962882,1
0,0.9798329320205039,0
0,0.9397634095310756,0
0,0.9496816327360728,0
0,0.8675301436547455,0
1,0.9369631131351611,1
1,0.8708551298085021,1
0,0.8961819023225336,0
1,0.9932438750033578,1
1,0.8924253786198977,1
1,0.9439147069612872,1
1,0.7821527537046359,1
0,0.9382863805792012,0
0,0.8207013332356351,0
0,0.9582832650607609,0
0,0.8547865999021517,0
0,0.9770584255961623,0
1,0.7620092626208466,1
0,0.9127185305569033,0
1,0.5335488889282612,1
1,0.8942251040418165,1
0,0.6179090994650419,0
0,0.9875786891875347,0
1,0.5841518687629952,1
0,0.7574595827171348,0
0,0.9124331765485755,0
1,0.9265041654408094,1
0,0.6343635378546307,0
1,0.9199644707594274,1
1,0.9496340516308168,1
1,0.9545490622305609,1
0,0.8718485032486699,0
0,0.7886321741273284,0
0,0.9495745051967407,0
0,0.9828841981657847,0
1,0.8011046963459985,1
1,0.8784656674076647,1
0,0.9583428862486469,0
0,0.976120612583934,0
0,0.900257509897438,0
1,0.7951057066831423,1
1,0.9917797199769534,1
1,0.6159333580855396,1
1,0.5568905594098623,0
0,0.5735176168793109,0
1,0.7396058614479325,0
1,0.9309157819962066,1
1,0.9739309781995135,1
1,0.9584597701740398,1
0,0.8381320272187425,0
0,0.9699939384033881,0
0,0.8155076098470255,0
0,0.9040364527440583,0
0,0.9194395988793108,0
1,0.8002169108255562,1
1,0.8994792070010209,1
1,0.6520158045388379,1
0,0.9070857227507317,0
0,0.9944044316484992,0
1,0.6866015977502623,1
0,0.9628899868932864,0
1,0.8767078919463539,1
0,0.62990661695251,0
0,0.9419872388377829,0
1,0.8196016121249613,1
0,0.7730573917053989,0
1,0.8827581861985163,1
1,0.6322859914870231,1
1,0.6835229014778251,1
0,0.979401720337858,0
0,0.6542051220524158,0
0,0.9193096011002367,0
1,0.6662471430541356,1
1,0.9753598178982001,1
1,0.8502291627169215,1
0,0.8659092531153827,0
0,0.8962088693911042,0
1,0.7620333011214987,1
0,0.9037484601325291,0
1,0.9625309339717736,1
0,0.9885207401940619,0
1,0.8180041017441259,1
0,0.9227990921795701,0
1,0.8862442215625653,1
0,0.7257023972080637,0
1,0.9040657595763382,1
0,0.9718700373406413,0
0,0.8967245498517312,0
0,0.9979800914560177,0
1,0.5670802611829813,1
1,0.7339935846827658,1
1,0.9641079778215488,1
0,0.9845388923333205,0
0,0.9755629832156597,0
0,0.9653714068264431,0
1,0.5,1
1,0.9148070960275332,1
1,0.6177654122116776,1
0,0.7726784862240976,0
1,0.9038426179163584,1
1,0.8115349050772862,1
1,0.7938251774772119,1
0,0.7275426659196857,0
0,0.9637460760846651,0
1,0.6626296879446982,1
0,0.7076745007666527,0
0,0.7386961257963697,0
0,0.919596178868312,0
0,0.7708371130459759,0
1,0.7776150048963085,1
1,0.7380382163508701,1
0,0.962363806479373,0
0,0.8233744010130056,0
0,0.6425591356739213,0
1,0.8132266787632424,0
0,0.9249281181389668,0
0,0.8761739899272061,0
1,0.9064488495555749,1
1,0.9560131694165135,1
1,0.7567642047725901,1
1,0.9858539878747976,1
0,0.9259746021342059,0
0,0.7607240116094408,0
1,0.8334634574084764,1
1,0.928266150442364,1
1,0.9717659533106984,1
0,0.9201574326449862,0
1,0.7402768288054951,1
1,0.9721398335861392,1
0,0.9253272784155709,0
0,0.9806345263333974,0
0,0.9949213593585324,0
0,0.9069923385585856,0
1,0.9689688452996703,1
0,0.9336184552003939,0
1,0.8997351186524923,1
0,0.9088444537005061,0
1,0.8408506303027424,0
0,0.8419872597689174,0
1,0.979539804601764,1
0,0.6057552222219117,0
1,0.9664121800679009,1
1,0.8000746882600752,1
0,0.914182841475958,0
0,0.8415172580727236,0
1,0.886506025504211,1
0,0.9394395373937868,0
1,0.964776624221559,1
0,0.7604288818500424,0
0,0.7466109250068067,0
0,0.8903942781566515,0
0,0.7502837754172691,0
0,0.919912888925367,0
1,0.9612311545297563,1
1,0.5487161606252999,1
1,0.9843803804698332,1
1,0.8538928909921335,1
0,0.9443397207200402,0
0,0.7698971782962493,0
1,0.9405841297839792,1
1,0.8301140738615908,1
0,0.9738290658834388,0
0,0.7658323473639238,0
1,0.7718912772512858,0
0,0.872912491913215,0
0,0.8475814207105995,0
0,0.8977145402470331,0
1,0.8128821732582814,1
1,0.5355156546797323,1
1,0.8445087890151007,1
1,0.9168575015295969,1
0,0.9924832638425121,0
0,0.925035549736063,0
0,0.7483520201402499,0
1,0.5808985742419233,0
0,0.9297961903944766,0
0,0.9263901676535481,0
1,0.853901158384414,1
1,0.8885362103468799,1
0,0.9876129407107982,0
1,0.8092812038720182,1
0,0.9953589200465517,0
0,0.6310208207008144,0
0,0.7658635672904718,0
1,0.9416961239793362,1
0,0.8843924777879196,0
1,0.8973341928459072,1
0,0.8671339033640153,0
0,0.9826494538609284,0
1,0.961800975344502,1
1,0.8605253685261692,1
0,0.9486440578237219,0
1,0.9160263265410095,1
0,0.9361320136492337,0
1,0.9331257981025007,1
1,0.9348418687081979,1
0,0.9355993372879609,0
1,0.980986119253632,1
1,0.8851848298658174,1
0,0.9465435794799817,0
1,0.8721791694479285,1
1,0.5403671073297475,1
0,0.7276512938967564,0
1,0.9207752068971174,1
0,0.9416334486024175,0
0,0.8212768078670349,0
1,0.9666814596044613,1
1,0.9626584583887798,1
1,0.9394596947404182,1
1,0.47771998385784337,1
0,0.756367943749059,0
0,0.7366732032386855,0
1,0.9039173522917245,1
0,0.9513388763809835,0
1,0.7031434257451724,1
0,0.9679947202497253,0
0,0.9868476310465516,0
0,0.8959804537586149,0
0,0.9712040752676445,0
1,0.7498388394003594,1
0,0.9835030960012895,0
1,0.9955916077856077,1
1,0.7570276734358121,1
0,0.9090684581175862,0
1,0.905311450066338,1
0,0.7691570899333144,0
1,0.7983169995944946,1
1,0.7092225954869082,1
1,0.865871822865636,1
0,0.9305461183981786,0
0,0.870284922514293,0
1,0.7942913234480177,1
0,0.9227299773260159,0
1,0.7854480255522139,1
0,0.9991239908443842,0
0,0.9472016855313494,0
1,0.9584942580279091,1
1,0.949262406139314,1
1,0.9120333637280271,1
0,0.7685400201676775,0
1,0.7685427783583745,1
0,0.813051787472505,0
0,0.8547983475536276,0
0,0.8924298740498426,0
1,0.9838171522184267,1
1,0.7115207310616328,1
1,0.8670179494406018,1
0,0.982510778759233,0
1,0.9300430001846682,1
1,0.9022287869792049,1
1,0.7952248199511451,1
0,0.9632805996026815,0
1,0.9035683753514536,1
0,0.8181331991140282,0
1,0.974399719987698,1
0,0.8461864009144561,0
1,0.9057122611503539,1
0,0.9001341674274329,0
1,0.9584353475777561,0
1,0.6734263890056627,1
0,0.9703489132470289,0
0,0.9873758378712805,0
1,0.5147980986997843,1
1,0.9079216926341949,1
0,0.7815640768049023,0
0,0.8416785229079569,0
0,0.8577981843311498,0
1,0.8202757648879,1
1,0.8647157165882973,1
1,0.6580346725478431,1
1,0.6585373567183687,1
1,0.860511434072227,1
0,0.8810080722729636,0
0,0.9317532461409955,0
0,0.9747910097192384,0
1,0.9630899546954653,1
1,0.7760328186778677,1
1,0.7632378276288366,1
1,0.6463248847543459,1
0,0.9990214919696213,0
1,0.9371712858973881,1
1,0.6231359228767138,1
1,0.9247833254418052,1
1,0.8995579775445538,1
0,0.9096286046262159,0
0,0.9444773192109169,0
0,0.980330531618679,0
0,0.9906803027770944,0
1,0.8925830297742681,1
1,0.9275657710642102,1
0,0.8941217944393884,0
0,0.7339324400713217,0
0,0.903514147339723,0
0,0.8085652453327709,0
0,0.9402213603698043,0
1,0.6320790466330127,1
1,0.8947294975911306,1
0,0.8916071090567254,0
1,0.510389205718371,1
0,0.603045248706949,0
1,0.9433272816697892,1
0,0.8710980158185984,0
1,0.9743546818922829,1
1,0.993537979026086,1
1,0.5385726068608025,1
1,0.8647742691641677,1
1,0.7414393575881321,1
1,0.9680359688098614,1
0,0.8337872994582626,0
0,0.923557455196784,0
0,0.9132546041214872,0
1,0.9854463643194272,1
1,0.9076778595868382,1
0,0.8399900593994487,0
0,0.9512520558464893,0
0,0.9816558994621885,0
0,0.742669962835766,0
0,0.9190280231659966,0
1,0.9188097209276856,1
0,0.9257465763778445,0
1,0.602921985722509,0
1,0.9154377300591063,1
1,0.997449255310676,1
0,0.9261340890789401,0
0,0.5993227928281871,0
0,0.9481043335007319,0
0,0.9911358746023623,0
0,0.8629811826052222,0
1,0.6819632156105951,1
0,0.8989964115237571,0
0,0.9559915409406173,0
1,0.9439243721809109,1
0,0.8672215542897871,0
1,0.7476727101183782,1
1,0.7560674098218728,1
0,0.6906045924385332,0
1,0.9401243747691873,1
0,0.8599710648509995,0
1,0.6965536741789241,1
1,0.8154239223397741,1
0,0.7368639693667987,0
0,0.9470908073215865,0
0,0.9821360702904244,0
1,0.9554241790606536,1
1,0.9858442557435697,1
1,0.8896421902711039,1
0,0.754338776939799,0
0,0.9069163094017613,0
0,0.8786968861412214,0
1,0.8603545576815282,1
0,0.8630140780396116,0
0,0.9859314076903228,0
1,0.949465122897667,1
1,0.9746485202334706,1
1,0.9578443295557554,1
0,0.5891682506885455,1
1,0.892634749524476,1
1,0.9606660779485842,1
0,0.7741851655338003,0
1,0.8852833462216012,1
0,0.6167589653525425,0
0,0.9975362651998987,0
0,0.9402339581942311,0
0,0.6828586436023476,0
1,0.9096868468030774,1
0,0.7842657858499356,0
0,0.9365407858052531,0
1,0.924348633278008,1
0,0.9255648503424359,0
1,0.9885727288534492,1
1,0.8047922236497831,1
0,0.7340700869102131,0
1,0.9417232699678529,1
1,0.9507248204613151,0
0,0.9601255681074008,0
0,0.867640843867889,0
0,0.9541033049070631,0
0,0.9050607974130904,0
1,0.9202983362377688,1
1,0.8958516284745555,1
1,0.9499586110964514,1
1,0.9961888793951186,1
0,0.9640122895593685,0
0,0.912479697108257,0
0,0.913789933595292,0
1,0.9224635690083433,1
1,0.6976322077278124,1
1,0.874986651308385,1
0,0.8237124965294146,0
1,0.8662916921476228,1
0,0.8272957418136606,0
1,0.6084417293369427,1
1,0.7665226425467485,1
1,0.8673099198608935,1
0,0.7658073359435953,0
0,0.6996292129383227,0
1,0.784524852305515,1
1,0.9422008711791434,1
0,0.8018996916873772,0
1,0.9657902425603111,1
1,0.9001711250851407,1
0,0.7429083704767598,0
1,0.9819039944460902,1
0,0.8302225439018711,0
1,0.8811039150638964,1
0,0.8844950742479866,0
1,0.5661312506917474,0
0,0.7513588742625704,0
0,0.981145944924456,0
0,0.9682965417489762,0
0,0.7420338250324492,0
1,0.9797705631793764,1
0,0.9132475419715814,0
1,0.8569811786713002,1
0,0.9591030657878865,0
1,0.8807294622697315,1
0,0.9567056012952129,0
0,0.9280025725881801,0
1,0.6311399627408012,1
0,0.8250761496813899,0
1,0.6913221558187809,0
1,0.8651160571874099,1
1,0.8602300171402415,1
1,0.7898845158592608,1
0,0.5718113379421741,0
1,0.8055317795247295,1
0,0.9873563765704714,0
1,0.8364770898766188,1
1,0.9543372747001395,1
0,0.9785655291794164,0
1,0.9796980031452874,1
1,0.87437295995184,1
1,0.9839573479405958,1
0,0.7079889718332373,0
1,0.9460638076972999,1
0,0.9065622715997037,0
0,0.9246896439550858,0
0,0.7727636155195836,0
1,0.8804224034284313,1
1,0.6797793844698861,1
0,0.9286886163471049,0
1,0.9232613723420371,1
1,0.4703441557514421,0
1,0.8979192328052297,1
0,0.9685882862435786,0
1,0.9970386664955143,1
1,0.930688772762617,1
0,0.7503363773811231,0
0,0.9294782216443882,0
1,0.6940565956179876,1
1,0.715799978250752,1
0,0.9446830384144739,0
0,0.9984440314735976,0
0,0.8158165780381905,0
1,0.7566333710119323,1
1,0.9489810003561261,1
1,0.9522221569739487,0
0,0.9422765107008707,0
0,0.6853548769443866,0
1,0.8241902053803181,1
0,0.978678670698164,0
0,0.7525270373321448,0
0,0.8288605962848863,0
1,0.7149273654589963,1
1,0.8403900554118027,1
0,0.802560204523335,0
0,0.9966650813371595,0
1,0.9011381876718056,1
0,0.6306828499940655,0
0,0.9224820683292957,0
1,0.8068162188840863,1
1,0.5508559952089356,1
1,0.8763104675919832,1
1,0.9386113431676938,1
0,0.9307644685894212,0
1,0.7864298311726302,1
1,0.8493297586291804,1
0,0.9264070318622935,0
1,0.7368290160626273,1
0,0.8697253406762986,0
1,0.9899107572065743,1
1,0.694008004771177,1
1,0.6681564179316847,1
1,0.7137565408037144,1
1,0.7003226438544493,1
1,0.7677333984482931,1
1,0.8025218529675715,1
1,0.9593178448301863,1
1,0.636316614328053,1
1,0.6449369966094775,1
1,0.8338919624277658,1
1,0.6933970918931852,1
1,0.7980013273624236,1
1,0.5333717777558724,1
0,0.9121786756830744,0
1,0.8663126108526911,1
0,0.971192481447281,0
1,0.8023272940968489,1
1,0.9613960955280223,1
1,0.7575267997255433,1
0,0.677445720810515,0
1,0.9868246477275203,1
0,0.9673127125302846,0
0,0.9789625561531773,0
1,0.8648243740658761,1
0,0.9569000147378904,0
1,0.9606500762117587,1
0,0.9190342743020979,0
1,0.9688294419371991,1
0,0.9735071467128597,0
1,0.6810469389156362,1
0,0.915133937314774,0
1,0.7066120789915812,1
1,0.9886504974584432,1
1,0.8932939761670357,1
1,0.8678028537230107,1
1,0.9403286922858066,1
1,0.9159489271762398,1
1,0.775640049651923,1
0,0.9982146710101067,0
0,0.9432663095713563,0
1,0.9054736571572365,1
0,0.9560206069502772,0
0,0.9636134150096675,0
1,0.6261155588421113,1
0,0.7603104062552982,0
0,0.9560777599451891,0
1,0.9799155411745271,1
0,0.8238522632035692,0
0,0.5993163013242411,0
1,0.68244614660168,1
0,0.8011134139311608,0
1,0.8760046508141331,1
0,0.9205372562215798,0
1,0.987966744778877,1
1,0.8440078902195608,1
0,0.9997034591366835,0
0,0.9228888263378473,0
1,0.7355156639554442,1
1,0.9076685384273545,1
1,0.9271081862093373,1
1,0.7332420167527259,1
0,0.9102134431520903,0
0,0.9919854478159543,0
1,0.8538239945950018,1
0,0.9224587200581705,0
0,0.7077338930595923,0
0,0.9517181609058021,0
0,0.8907278953574991,0
0,0.8721528400868013,0
0,0.8789578722779073,0
0,0.9670557577938083,0
0,0.9492612426060197,0
0,0.884079965464455,0
1,0.8017456861972614,1
0,0.8567285553990449,0
0,0.9451084004279708,0
0,0.8137329729370819,0
0,0.9402408911616706,0
0,0.8130466574320359,0
0,0.6424192764411067,0
1,0.9518922594336424,1
0,0.8717114303206186,0
0,0.7071642226038349,0
1,0.9563756661009548,1
0,0.6088993362055768,1
1,0.9236186277054321,1
1,0.9111372615354978,1
1,0.7110961143683378,0
0,0.9938266647672922,0
0,0.9752471033906054,0
1,0.9570995100206892,1
1,0.811490522761001,1
1,0.9874905012656404,1
1,0.9353428350743092,1
1,0.6877035405751788,1
1,0.8455862734294302,1
1,0.9621941844605008,1
0,0.9045248996201851,0
0,0.9468982617082708,0
0,0.9458165554198399,0
1,0.9581097627995468,1
1,0.9811355888077794,1
1,0.6941348069708421,1
1,0.9074709823771798,1
1,0.9396292545649217,1
0,0.9211790854535088,0
0,0.9102412934916829,0
1,0.6267469558169628,1
0,0.7681277303468019,0
1,0.9336737815134668,1
0,0.8580128165255991,0
0,0.5754390300761405,0
1,0.8767254378917593,1
0,0.9777629903410836,0
1,0.8623931480645853,1
0,0.9921570989050735,0
0,0.9652268852379525,0
1,0.9106299957367505,1
0,0.8808315996226805,0
1,0.8915238636945234,1
0,0.9295801847368476,0
0,0.9657147920666852,0
1,0.9604201691098089,1
1,0.9234957390795611,1
1,0.8958130390595628,1
0,0.9431557495919185,0
1,0.5303622917579265,1
1,0.7854402683767329,1
0,0.8199111654051401,0
0,0.9997367892029813,0
0,0.5821150381621746,1
0,0.8708048969592539,0
0,0.995479500496325,0
0,0.9589341510445012,0
0,0.958777776463874,0
0,0.8526007428110877,0
0,0.9962775775329717,0
1,0.9487407325961502,1
0,0.9880033030441283,0
0,0.8468743094969522,0
0,0.9098346545603513,0
1,0.728477511993626,1
1,0.7583210368248652,1
0,0.9138737229624935,0
0,0.9543433531111036,0
1,0.6501627189953703,1
1,0.9845008199117564,1
0,0.9692386390660794,0
1,0.9841365176091142,1
1,0.9201290380399954,1
0,0.7904141426259104,0
0,0.7890845736295843,0
0,0.8453396717426788,0
1,0.9654825438926701,1
1,0.969507618164913,1
1,0.8306973983710697,1
1,0.8426295461986362,1
0,0.9147001223317687,0
0,0.8029059950287775,0
1,0.6883813000927129,1
1,0.9035820482273498,1
0,0.940535812410017,0
1,0.8817460503027827,1
1,0.9103854170654156,1
1,0.9760169515509856,1
1,0.6410479055120135,1
0,0.6509765753621622,0
1,0.9803230431855298,1
1,0.9712805815430684,1
1,0.9852993618046473,1
1,0.7058301973165828,1
1,0.888395900132478,1
1,0.9399539545735768,1
0,0.9757836389215928,0
0,0.7831572900253736,0
1,0.9937966489292143,1
1,0.9629156866299556,1
1,0.8584656038105145,1
1,0.8292021332326179,1
0,0.8607036625654113,0
1,0.9076834020724558,1
0,0.9962947258901343,0
0,0.9384525141640495,0
1,0.9731952697031327,1
1,0.9999979343950787,1
0,0.6476749447453711,0
1,0.9215543439632777,1
1,0.851956666490858,1
0,0.9225126396794169,0
1,0.5710410638878495,1
0,0.8837511715067754,0
1,0.9114404582220988,1
1,0.8457585194905229,1
0,0.7288292765127592,0
1,0.9125503495681988,1
1,0.9876514876533983,1
1,0.7705617491695648,1
1,0.876882700597843,1
0,0.5728740951091216,1
1,0.6927421351108815,1
1,0.8377765262743674,1
0,0.8981104061248943,0
1,0.7254721347605466,1
1,0.47584258097878046,0
1,0.9384703495085644,1
0,0.9474239672214938,0
1,0.6932901072390454,1
1,0.7277621721205775,0
0,0.849514635490621,0
1,0.8495226787156224,1
1,0.9771175966191796,1
0,0.9437406101005111,0
0,0.9777804816855395,0
0,0.938121504828995,0
0,0.983233418594714,0
0,0.9040599282836019,0
1,0.8471706318437007,1
1,0.7888694245508535,1
1,0.9904048750504402,1
0,0.5681183213412024,0
0,0.8946203339116555,0
0,0.9074479039045455,0
0,0.9934027878955668,0
1,0.7201595794431822,1
0,0.9967673577003439,0
1,0.8929076655228079,1
1,0.8186241859139423,1
0,0.5466921353506096,1
1,0.7860892331362133,1
1,0.9284323892182832,1
1,0.7148001276672159,1
0,0.9316190383097362,0
0,0.9322848341717448,0
1,0.8347232581116769,1
1,0.9380010694709112,1
0,0.7532295284846225,0
1,0.9901290724907571,1
1,0.9070152937286217,1
1,0.8829989526079062,1
0,0.9767540653481158,0
0,0.8511453648687568,0
1,0.8978787764250982,1
0,0.9730028980366398,0
0,0.956124197430056,0
0,0.7074472388886306,0
1,0.8589462750937018,1
0,0.8973324615653392,0
0,0.9744066426981473,0
1,0.9753357783242497,1
1,0.9842655369704563,1
0,0.8553896285373419,0
1,0.7910443250503545,1
0,0.7303379692958913,0
1,0.79700329430925,1
1,0.6693269301599235,1
0,0.8182478225772688,0
0,0.8471120498150596,0
0,0.8466683350500626,0
0,0.9395085843973182,0
1,0.8965897122246097,1
0,0.9846573702836451,0
1,0.7394617750407447,1
0,0.8678025953660894,0
0,0.6765877688883469,0
0,0.9026887565565517,0
0,0.9915422149234574,0
0,0.9386245486978338,0
0,0.9452992774151406,0
0,0.7459148578037038,0
0,0.5533927029935818,0
0,0.9415853905573536,0
1,0.792489423696969,1
1,0.842475376542174,1
0,0.8089075158030722,0
1,0.6427280849655306,1
0,0.9553557438702306,0
1,0.6027365649212176,1
1,0.940494528797657,1
1,0.9288652649349204,1
1,0.9110727189252125,1
1,0.9446387738971406,1
0,0.7762787945776766,0
0,0.9392141727832899,0
1,0.9232223779078906,1
1,0.8315488725040584,1
0,0.9667016131256848,0
0,0.5519670975808821,1
0,0.953463092944774,0
0,0.8682940585934485,0
1,0.551624740550925,1
1,0.7914398095047733,1
0,0.8668277360959266,0
0,0.9044693020868667,0
0,0.9667514630928657,0
0,0.9504262274534622,0
1,0.928999916367055,1
0,0.693674937850492,0
0,0.9670842007410623,0
1,0.935599721739929,1
1,0.9051493762576561,1
1,0.8875712279360183,1
0,0.7992322887910701,0
1,0.9188611006508084,1
0,0.9687125152925644,0
1,0.7698703566980283,1
0,0.9321815390827762,0
1,0.9317606233531215,1
1,0.674810236037713,1
0,0.99450538074527,0
1,0.9629168537962018,1
0,0.810775306937167,0
0,0.9334453140477914,0
1,0.7773153962983469,1
0,0.9881957970897253,0
1,0.9118431404011779,1
1,0.9451286883381492,1
0,0.910851945181799,0
1,0.7060739000490368,1
1,0.9800154401324805,1
1,0.9563714248851493,1
1,0.9644602699316458,1
1,0.960083316912407,1
1,0.8017482885527543,1
0,0.7888789507519391,0
1,0.8516365802333584,1
0,0.9977586813810142,0
1,0.5083689683095189,1
1,0.8061304523008586,1
0,0.8032740011802031,0
0,0.6245655775224186,0
0,0.9477788578624108,0
1,0.6827178079746066,1
1,0.9464470698738154,1
0,0.8638836378329608,0
1,0.9778516982222835,1
0,0.7382770551950629,0
1,0.8278308550528465,1
1,0.6489410852413986,1
0,0.7255237054663931,0
1,0.8781289594985893,1
1,0.8779640916819668,1
1,0.8216442374925902,1
0,0.982260554849017,0
0,0.9184239593528544,0
0,0.9211676266706401,0
0,0.5585503612455295,0
0,0.9019917798103358,0
0,0.8514469730638904,0
1,0.7568248500243122,1
0,0.9023504735346013,0
1,0.7135558097016896,1
1,0.5700559397448739,1
1,0.5303324477706277,1
1,0.9775765933908349,1
0,0.936089777180747,0
0,0.5942974671904768,0
1,0.8320389750570871,1
1,0.9557216651026368,1
0,0.894794317298224,0
0,0.966527050866732,0
0,0.9489877521801278,0
0,0.8084448625201855,0
0,0.91728745985232,0
0,0.998151256589467,0
0,0.8639737852359958,0
0,0.8854966349624022,0
1,0.9891735910526128,1
0,0.972563361400379,0
1,0.9227603489736703,1
1,0.812773184128872,1
1,0.8994480513560319,1
1,0.7194562016683824,1
0,0.9586859807279673,0
1,0.6200221036500545,1
0,0.937938250189221,0
1,0.5345384851675968,0
1,0.886362953743475,1
0,0.954423348509045,0
0,0.8703067788294835,0
0,0.7248720235948425,0
1,0.8846540686992134,0
1,0.7596760316609799,1
1,0.9387942917855334,1
0,0.9707987802196338,0
0,0.9646064672658982,0
1,0.9169884746770423,1
1,0.9403728583425957,1
0,0.9307058674868017,0
1,0.8433292876274444,1
1,0.899592957236639,1
0,0.98884909370825,0
0,0.6672864161707543,0
1,0.9328691036966803,1
1,0.9737249521858187,1
0,0.8048654887883518,0
1,0.8178015117268208,0
0,0.8099171489348247,0
0,0.9900396057987818,0
1,0.9311444883779875,1
0,0.8868953665581211,0
1,0.9112117006660294,1
0,0.9212189353989673,0
0,0.9473005294425106,0
1,0.9729298187771657,1
1,0.7645752073621173,1
0,0.796157961260868,0
0,0.934920136378363,0
0,0.9799702529778352,0
1,0.9555643732367899,1
1,0.974128001593012,1
0,0.9651456878437223,0
1,0.8711541143409068,1
1,0.88106361654155,1
0,0.8808725752970933,0
0,0.9133033354205835,0
1,0.898776134769999,1
0,0.9173624860755795,0
1,0.9123995795966321,1
0,0.8700612538874793,0
1,0.9546135749020417,1
0,0.8013520261082713,0
0,0.5739895474265865,0
1,0.9830573559783823,1
0,0.9848856195406026,0
1,0.6707309430424329,1
0,0.9133941459645978,0
0,0.9222583166540144,0
1,0.779599783737931,1
1,0.9414253284120937,1
1,0.7858475603642087,1
0,0.8586304689488976,0
1,0.9711790213155862,1
0,0.8713983692112981,0
1,0.890167720826803,1
0,0.8819154205798938,0
1,0.7850163048423106,1
0,0.7452358118301693,0
0,0.9441449109561653,0
0,0.9809519445737575,0
1,0.9218371481155342,1
1,0.8954247049763799,1
1,0.9106382979544835,1
1,0.9258275541961032,1
1,0.8356803138728263,1
1,0.934410992435403,1
1,0.9999918119154396,1
0,0.8003854060215699,0
0,0.7291154888892886,0
0,0.8293958370139881,0
1,0.9829881817798013,1
1,0.8182480505058936,1
0,0.9282346679485841,0
0,0.9634262794219588,0
0,0.9659994205191252,0
1,0.9520292139974416,0
0,0.9135601684457131,0
0,0.6447979338249282,0
1,0.8571442514086955,1
1,0.9355884092727194,1
1,0.9472003058678902,1
1,0.8984321577024681,1
1,0.8872867331033562,1
0,0.9436200001985255,0
1,0.717278736017947,1
0,0.9209974944823527,0
0,0.8715239880315998,0
0,0.8803885742183234,0
0,0.9147486300005127,0
0,0.5625387105159367,1
1,0.6947156291098209,1
1,0.964662478493741,1
1,0.7682047188991032,1
1,0.8318804052948123,1
0,0.9094306167651645,0
1,0.8436278704733912,1
0,0.8296458932759682,0
0,0.7699736640896896,0
0,0.8034530563393533,0
0,0.8741696255367339,0
0,0.8564814591554196,0
0,0.6029625291883125,0
0,0.8745033423145921,0
0,0.8219789335554334,0
1,0.6660643499954131,1
1,0.9659447932364642,1
0,0.7757303792330993,0
0,0.9774649129752739,0
1,0.8432516131395705,1
0,0.7772412532115641,0
1,0.9564492667621391,1
0,0.9788916776701423,0
1,0.6659725208022639,1
0,0.7634507170759899,0
1,0.621046520637692,1
0,0.8219874424119255,0
1,0.8155031464614103,1
0,0.9384024994245064,0
1,0.9567703262146054,1
1,0.8359921598261996,1
1,0.5594915078107284,1
0,0.9550525304128422,0
0,0.9226849622645934,0
0,0.8386350207686081,0
0,0.8473764674671487,0
1,0.8821551691258948,1
1,0.9148513956222404,1
1,0.9734391013565162,1
1,0.9302722025658939,1
0,0.8091585448683551,0
0,0.7799840449233942,0
1,0.9855115109984147,1
0,0.9812202255081964,0
0,0.8726909516775514,0
0,0.9586340463264786,0
0,0.9806803462634105,0
0,0.9155803988316403,0
0,0.7219648199095798,0
0,0.9922205456932771,0
1,0.930511490949119,1
0,0.8604336341734324,0
0,0.911876805887007,0
0,0.9386106061368766,0
1,0.8004849734939443,1
0,0.9139811873213202,0
1,0.7984357582176627,1
1,0.9920601224578461,1
0,0.9658127516342796,0
0,0.9197364192268442,0
1,0.9285145551242624,1
0,0.9503869264781193,0
1,0.9942891795312392,1
1,0.9396078356380871,1
0,0.9483296139276093,0
0,0.9307077695060773,0
0,0.7811778683487959,0
1,0.9386218077589256,1
0,0.6978981106511408,0
1,0.9902797785004971,1
1,0.851748171584274,1
0,0.7455194936796585,0
0,0.7723391026483438,0
0,0.9342867328242026,0
0,0.9615481596222113,0
1,0.9665125223231757,1
0,0.9594070875150676,0
1,0.9126813816696981,1
1,0.945199681567158,1
1,0.9924102151361924,1
1,0.9058794388946657,1
1,0.600367951584609,1
0,0.9498331642274249,0
0,0.8888926058902556,0
0,0.8466698748433445,0
1,0.9822802037309093,1
1,0.9632761224955244,1
1,0.9594965043624697,1
0,0.6321350376589622,0
1,0.7614622933823524,1
0,0.7950294766448854,0
1,0.9377153334123585,1
0,0.8567686595611529,0
1,0.9756274871946438,1
0,0.7885340297780271,0
0,0.9677280634042457,0
0,0.7471624107584818,1
0,0.9442429714201236,0
1,0.9599183129357787,1
1,0.8222852634458644,1
0,0.8369926315207324,0
0,0.9421609756158098,0
1,0.957107543949046,1
0,0.901158360084781,0
0,0.9527826707511143,0
0,0.9945152261877005,0
0,0.9622428325597728,0
1,0.8728360982304938,1
0,0.9314160146085713,0
0,0.6480147187219037,0
1,0.7656474772766851,1
0,0.739632419237086,0
0,0.9277823719394173,0
0,0.9375036998222516,0
1,0.9795888927296527,1
0,0.8850441819978949,0
0,0.902399741537849,0
1,0.9248002385877819,1
0,0.9649952367129103,0
1,0.8036597930718374,1
0,0.9199593613291824,0
1,0.7852248732638377,1
0,0.9405926340488773,0
1,0.9545941529146009,1
0,0.9494019858294187,0
1,0.6662905352643363,1
1,0.8256514937870697,1
0,0.8431876632182774,0
0,0.9834423896311362,0
1,0.9554141267194205,1
0,0.8912677161333504,0
1,0.9694311996285357,1
0,0.8192398900327369,0
0,0.8568951395302015,0
0,0.8672732611092118,0
1,0.8705748582007298,1
1,0.9481162039305735,1
0,0.9969434142240747,0
0,0.7908322842948625,0
0,0.9274687820175427,0
1,0.9363371473675515,1
1,0.766820582775383,0
1,0.932181777436998,1
1,0.8399169786955797,1
0,0.8534197240285223,0
0,0.9999308732303749,0
0,0.9246861979669787,0
1,0.975694891817734,1
1,0.973957802918387,1
1,0.5418733285407284,1
1,0.7028058608017238,1
1,0.8370190529278859,1
0,0.562506626230502,1
1,0.8212480876516429,1
1,0.5622457131384123,1
1,0.9048109774288831,1
0,0.9778408560794742,0
1,0.7361679970861005,1
1,0.6644659771658152,1
0,0.9503147023015004,0
0,0.5918771517410966,1
1,0.7742633734823668,1
1,0.771866998837885,1
1,0.6588762018777119,1
1,0.6931509195879453,1
0,0.9335276126360966,0
0,0.907576202473391,0
0,0.8133453787889027,0
0,0.9900492746620645,0
0,0.9823974920306489,0
1,0.6784820684831491,1
0,0.9067569509505701,0
1,0.5950518564378673,1
1,0.9011387203289175,1
0,0.9603770392619116,0
0,0.8684239969409632,0
0,0.8627764652667596,0
1,0.7373803104781895,1
0,0.9956162263626875,0
1,0.838924510113108,1
0,0.874193463237721,0
0,0.602566013977275,0
1,0.8278744983402074,1
1,0.9753340293060755,0
0,0.7791481361505973,0
0,0.8871238487533832,0
0,0.9521813560826295,0
0,0.9911878858984601,0
0,0.9810892323989289,0
1,0.5966452688982202,1
1,0.8276289706748813,1
1,0.8507681429436451,1
0,0.9158005141518325,0
1,0.9999895577468245,1
1,0.9245636335071094,1
1,0.9451239509788713,1
1,0.7300348681352736,1
0,0.9696443725195996,0
1,0.962849018570944,1
1,0.7973546716906019,1
0,0.9562376230695906,0
1,0.7721073908329675,1
0,0.9490359361500249,0
0,0.9601213437693134,0
1,0.9802865932815293,1
1,0.7288678605802927,1
1,0.9326939809026665,1
0,0.9554519376809589,0
0,0.993616227731274,0
0,0.9166887115712018,0
1,0.46581418758802806,1
0,0.9071847819424963,0
0,0.9636355189182625,0
1,0.8874440105867046,1
1,0.8916749457267611,1
0,0.9624542617093538,0
1,0.892807100178445,1
1,0.7167495414520146,1
0,0.6982647255633609,0
0,0.9227849287260854,0
0,0.8910725689331112,0
0,0.9926300886003045,0
0,0.9915262765378006,0
0,0.7463912224102579,0
1,0.8324186339249067,1
0,0.9891446996360924,0
0,0.904182119274968,0
0,0.8408237036843753,0
0,0.9294700460530977,0
0,0.9398368360807154,0
1,0.7827247739760056,1
0,0.9062342312731201,0
1,0.8616599921635291,1
0,0.908027533670944,0
1,0.8276865758307649,1
0,0.7982568341264936,0
0,0.9560697810302486,0
0,0.8572914300236261,0
1,0.603617691639364,1
1,0.985332713875952,1
0,0.9345790480542734,0
1,0.7780485002909328,1
1,0.776848948761903,1
1,0.7917094318174668,1
0,0.86395071984453,0
0,0.8741010658507665,0
0,0.9340525404481356,0
1,0.9676779984358824,1
0,0.7146574671955567,0
0,0.6063254762806332,0
1,0.996743701742113,1
0,0.7440024575005423,0
0,0.8489984413677344,0
0,0.7524800663789344,0
1,0.9238554980647252,1
1,0.9733430864253556,1
0,0.8211639799435256,0
1,0.9241552045033599,1
1,0.7945742287060834,1
1,0.9705854755615795,1
0,0.7788526464971257,0
1,0.9019892883059132,1
0,0.8819304590190915,0
0,0.817979105264747,0
0,0.9478782219035801,0
0,0.7720463519382575,0
1,0.8851196708437029,1
0,0.9415640380078292,0
1,0.9923320940124297,1
1,0.8468446209547014,1
0,0.5840256089581033,0
1,0.9653620391687422,1
1,0.7426514442001368,1
1,0.8382235853010059,1
1,0.9950592753350888,1
0,0.8947288118083169,0
1,0.9262494016778617,1
0,0.9411222962925749,0
1,0.6593562707973984,0
0,0.8606380124480081,1
1,0.9393973631716221,1
0,0.9855004972593728,0
0,0.9595454807023975,0
1,0.8836056787010471,1
1,0.877110308336258,1
0,0.8040299929262268,0
0,0.9938739384284535,0
0,0.9865752754775327,0
1,0.7857534687488171,1
0,0.806271977101994,0
0,0.9201916666369792,0
0,0.6322672220772388,0
0,0.9923696672966007,0
0,0.8832104540088714,0
0,0.8211977185990499,0
1,0.9999904911901465,1
0,0.880524449745787,0
1,0.808044548167237,1
1,0.9056320359170489,1
1,0.9350602869098108,1
1,0.8943953618014758,1
1,0.5286391536631146,1
1,0.7105692606443628,1
0,0.9935531064313285,0
0,0.9953580222376751,0
0,0.8055507573325517,0
1,0.9736189977159737,1
1,0.5,1
1,0.6299740803742796,1
1,0.905701822292021,1
0,0.9325807584866037,0
1,0.9846467710752956,1
0,0.8878116556777591,0
0,0.7618624733689453,0
0,0.7611009261641454,0
1,0.8904465874724623,1
0,0.9893226067253272,0
0,0.9049154373381361,0
0,0.7632840341097223,0
0,0.989345885958298,0
1,0.9330491328269594,1
1,0.9692920612263853,1
0,0.8986253302198375,0
1,0.9762378206066293,1
0,0.9885361649898882,0
0,0.9310478839059515,0
1,0.8663657001466237,1
1,0.47165973323237353,1
0,0.9954153534454836,0
0,0.9209743784668376,0
0,0.9226837443704784,0
1,0.981588507639231,1
0,0.8745243677860842,0
0,0.7997782210966244,0
1,0.9536219274497285,1
0,0.7729335719536518,0
0,0.8781222554095088,0
1,0.6349119741284933,1
1,0.6908793737251736,1
1,0.8198260282651386,1
1,0.9149010055306289,1
1,0.9347181946178896,1
1,0.9035435063785585,1
0,0.8873924737713187,0
0,0.985785677492796,0
1,0.89549970818938,1
0,0.926918032251664,0
1,0.9779545164048182,1
1,0.8560881508703035,1
1,0.5052678800939318,1
0,0.9563484409408032,0
0,0.9676806111377274,0
1,0.81424821412384,1
1,0.8937200622278576,1
1,0.9242996152367389,1
1,0.92524860515895,1
0,0.9337072044126652,0
1,0.9951433203104321,1
0,0.9720945197032265,0
1,0.8307751639347181,1
1,0.9203471454876028,1
1,0.9894425862397779,1
0,0.9822727190543401,0
1,0.9327024451075903,1
1,0.9715502531190491,1
0,0.9372134912454987,0
1,0.7222279213265885,1
0,0.9390500085874303,0
1,0.9191289599997233,1
0,0.9972099115740568,0
1,0.7414524191765948,1
0,0.7557164943000162,0
0,0.824342594997678,0
0,0.8725085335954216,0
0,0.9115322905069605,0
1,0.8397400808091006,1
0,0.9412157181288419,0
0,0.685637517426834,0
0,0.971031082199502,0
0,0.891723356130206,0
1,0.9511458731964403,1
0,0.92392306614097,0
1,0.7751543762311732,1
1,0.863361087847791,1
0,0.9782522894866058,0
0,0.7996730060267057,0
1,0.9761452051249031,1
0,0.9320009326936016,1
1,0.6355985282469082,0
1,0.7385067770761405,1
1,0.8427149948761476,1
1,0.8220453585710626,1
1,0.8778052897082906,1
1,0.844132092904402,1
1,0.8197876282500292,1
1,0.824530006704137,1
1,0.8793730308155554,1
0,0.8813003334660681,0
1,0.9313180903309604,1
0,0.9698459096352834,0
0,0.5855477921591038,0
0,0.8927997951715344,0
1,0.6041452525704124,0
1,0.9622882980208433,1
1,0.8054532737858082,1
1,0.7790693822569537,1
1,0.8587717443501277,1
1,0.8889712318390537,1
1,0.7181415886503033,1
1,0.9669375993876989,1
0,0.8586804898444081,0
1,0.9193706872919679,1
0,0.7990029622010026,0
1,0.9129117717385511,1
1,0.9176431999529783,1
1,0.9457929569146146,1
0,0.9553068199200818,0
1,0.9705975189183368,1
1,0.9756265562416937,1
0,0.868967504324857,0
0,0.9237551965268257,0
1,0.9789229301068839,1
0,0.613613933578774,0
1,0.8458345920650957,1
1,0.9354422970783182,1
1,0.9873533713445868,1
0,0.9375012079986752,0
0,0.9004939671162794,0
0,0.9780959551983889,0
1,0.6465687686577288,1
1,0.5212225532198976,1
0,0.9723273187536281,0
0,0.8685762778988547,0
1,0.7939513473730703,1
1,0.8722014195536458,1
1,0.9201656376947245,1
1,0.9048654714507681,1
0,0.9342088368418051,0
1,0.8889929951462029,1
0,0.9672123255898789,0
1,0.8321978713479323,1
1,0.5725502487109217,1
0,0.9633711712095242,0
0,0.6800020085685624,0
1,0.9121398854863245,1
1,0.9597134537366567,1
1,0.9045442248012159,1
1,0.9514476107967155,1
0,0.9384769060982606,0
0,0.9741881071726445,0
0,0.9358279445449172,0
1,0.6670791123759936,1
1,0.8664016425377188,1
0,0.68381135880483,0
0,0.9201589433006435,0
1,0.8666382543705002,1
0,0.9338112904833935,0
0,0.9906896413690277,0
1,0.9732760606245899,1
0,0.8823145103602259,0
1,0.9476631446991491,1
1,0.7575518819157149,1
0,0.7258866722483266,0
1,0.7983162436178981,1
1,0.8437961981876974,1
0,0.9419797340372505,0
0,0.9508209556673289,0
0,0.8175416534932657,0
1,0.8265746393939333,1
0,0.895912395910457,0
0,0.9466371392912059,0
1,0.6797425460401534,1
1,0.9090869211519454,1
1,0.9077674484226663,1
1,0.9563133105296688,1
1,0.7125460078324665,1
1,0.8974112167920472,1
0,0.9689639199995776,0
1,0.8102061166773282,1
0,0.9603235148881638,0
1,0.945725010753001,1
0,0.8042821964689509,0
1,0.7679826865211588,1
0,0.9439132302809795,0
0,0.9733734901562778,0
1,0.7210463296055162,1
0,0.876438291438894,0
0,0.9388189725705931,0
0,0.8359579344097992,0
0,0.9271431660413535,0
1,0.8148235718958787,1
0,0.9257137062821826,0
0,0.696157155574232,0
1,0.8251146167688779,1
1,0.7981497556610917,1
1,0.6742715881376642,1
0,0.9665717686456915,0
0,0.9846595675861216,0
1,0.6760199898850562,1
1,0.7914967597865571,1
1,0.9058031188795456,1
0,0.9743399660790097,0
1,0.690706253101088,1
0,0.9734007852746756,0
0,0.9297786374602112,0
0,0.9934042403180865,0
1,0.816941724275657,1
0,0.8599465604854146,0
1,0.8217760697592936,1
1,0.9358008930718218,1
1,0.9903872729563878,0
0,0.9430969531627424,0
1,0.5918474863872647,1
0,0.978439593671071,0
1,0.9662062595839097,1
1,0.9706918253936938,1
1,0.7423407433162001,1
0,0.7470792066285284,0
1,0.8915260436512552,1
0,0.9683645165877183,0
1,0.8274585479692355,1
1,0.6182458468285681,1
0,0.9757729892189704,0
0,0.9907024973677696,0
0,0.9385722854066422,0
0,0.9726997608818748,0
1,0.6444376348696446,1
1,0.8015402385872801,1
0,0.6800635360407904,0
1,0.7751595710422923,1
0,0.864939224208662,0
0,0.9440567605906358,0
1,0.8033856838104224,1
1,0.7204925887818971,0
1,0.861596195553343,1
0,0.9010142240649796,0
1,0.6330257200425066,0
1,0.9333545011855345,1
1,0.8565687165638008,1
0,0.9813572114496215,0
1,0.9872692703127014,1
0,0.9109669548257155,0
0,0.8739132267156029,0
1,0.8539818694592305,1
1,0.7234930452706869,1
1,0.9447897810475805,1
1,0.819799792904753,1
1,0.8670295111118386,1
1,0.956112941288042,1
0,0.8160635942654867,0
0,0.8246312420279232,0
0,0.9696117301572956,0
0,0.8689220748557553,0
0,0.6147632205530701,0
1,0.8802487273490694,1
1,0.9910192199474688,1
1,0.9285414021244303,1
1,0.9203102266263198,1
0,0.8414918332866798,0
1,0.8518502319257913,1
0,0.9828958602456243,0
1,0.9596358454966266,1
1,0.8384555956105991,1
0,0.9493684445675867,0
1,0.9283995021140863,1
0,0.8248127992557267,0
0,0.8858696936751534,0
0,0.9517953702262549,0
0,0.6135586793879552,1
1,0.7168356609898706,1
0,0.955454166841761,0
0,0.9014587095037006,0
0,0.642413702737099,0
1,0.8688207739688721,1
0,0.8309560666062443,0
0,0.9888910800566817,0
0,0.7508113834832788,0
0,0.9716792001065248,0
0,0.8770543787242301,0
0,0.8949871060847194,0
0,0.8443613976873734,0
0,0.881544102781535,0
0,0.9542341117730664,0
1,0.982252095100513,1
1,0.9352248174489771,1
1,0.9894608678110618,1
0,0.9606229228099861,0
0,0.82740005855816,0
0,0.7717315273535748,0
1,0.9494712766793784,1
0,0.7198315831319804,0
1,0.9600164075496076,1
1,0.9999899764128987,1
0,0.9334530174548317,0
1,0.5627119804448802,0
1,0.9704600320291242,1
0,0.9072753336103212,0
0,0.7327151853697914,0
0,0.9595820237459732,0
1,0.9594244384068364,1
0,0.7974133200127623,0
1,0.9718287260199989,1
0,0.8543516552037259,0
1,0.9357874574561722,1
0,0.9388261106887221,0
1,0.9260336762473513,1
0,0.9756918562637916,0
0,0.9808676457749702,0
1,0.9288789307058016,1
0,0.868127091239588,0
0,0.9603637529620892,0
1,0.8157528948097342,1
0,0.939491568001539,0
1,0.749260538490477,1
0,0.9130544349273362,0
0,0.7938555117763277,0
1,0.8648340451947073,1
1,0.9999873318972557,1
0,0.9052137784875575,0
1,0.7240907429719782,1
1,0.9793739612190308,1
0,0.8702169756730832,0
0,0.7790833751971102,0
1,0.7834122024675578,1
1,0.9518714462903017,0
0,0.7797248675924892,0
1,0.9777818149416194,1
0,0.9700927161612338,0
0,0.9550975573715752,0
0,0.9481816484158614,0
0,0.9205988838129353,0
1,0.5,1
0,0.8311134034639618,0
0,0.9922677510979734,0
0,0.9134971397540634,0
0,0.8314335092426057,0
1,0.9270164631150878,1
0,0.9916890562164158,0
0,0.816200420337677,0
1,0.9628866086601743,1
1,0.8236951032764358,1
1,0.9059642753657694,1
1,0.8640056106615529,1
0,0.8036476535639671,0
0,0.9942450298935497,0
1,0.9490124843899782,1
1,0.8822887829873537,1
1,0.9715575162257356,1
0,0.9332612744617511,0
1,0.8648801891487553,1
1,0.7323329472014785,1
0,0.7353282905577683,0
0,0.9995613950570309,0
0,0.8631848381090969,0
1,0.9648186298304539,1
0,0.9874328937802467,0
1,0.962411755428264,0
1,0.7275393191930306,1
1,0.9495551870134525,1
1,0.8823789067228178,1
1,0.9766840981732641,1
1,0.8791211483414471,1
0,0.6237699811159713,0
0,0.9486323751293856,0
0,0.7783625041798341,0
1,0.9150658803360513,1
1,0.9455826382978441,1
0,0.9844545598851241,0
1,0.7961609848824723,1
0,0.7247803445641732,0
0,0.9154852394850697,0
1,0.7321937855166859,1
1,0.9056184722422703,1
1,0.5270860336898029,1
0,0.8014827753468351,0
1,0.9231829345535192,1
1,0.8970793066615104,1
0,0.8571992797867828,0
1,0.9546538308398245,1
0,0.9899094999421322,0
1,0.9795594128277546,1
1,0.7788196803266803,1
0,0.8288067959896963,0
0,0.8697729543741264,0
0,0.964630766871042,0
0,0.6645461371213821,0
0,0.9391904925082039,0
1,0.8561088976046657,1
1,0.4867053392696,1
1,0.9966955131930137,1
0,0.9948863274223382,0
0,0.899895456462428,0
1,0.8382214924682067,1
1,0.5922410604932091,1
0,0.9258692773349365,0
1,0.9403967331418797,1
0,0.8583025699936592,0
1,0.6987773027444553,1
0,0.9901286325461736,0
1,0.7116955731193148,1
0,0.9401397072587059,0
0,0.8554022694562735,0
1,0.9451383256399525,1
1,0.9613648490536771,1
1,0.924757530434166,1
0,0.9777385838935295,0
0,0.9522060315130081,0
1,0.8351600532942487,1
0,0.9301052146285914,0
0,0.9079816190897463,0
1,0.8766446409675935,1
0,0.5743172931403758,1
0,0.9526862325426838,0
0,0.8573194153498406,0
1,0.8774540112898944,1
1,0.8324753689330846,1
1,0.9037838055656734,1
0,0.8205452969587801,0
1,0.8877140760984176,1
0,0.7394005334809469,0
1,0.9955939040997874,1
1,0.9730175725773146,1
0,0.7569415038712661,0
0,0.7735180567496187,0
0,0.7645098726780498,0
0,0.9443634730202636,0
0,0.9498115698567143,0
1,0.9861287677442176,1
1,0.9853702876330808,1
1,0.8714809831646549,1
0,0.9156193031602052,0
1,0.8573929146498339,1
1,0.9429756748523516,1
1,0.8563129869649081,1
1,0.7714064906795163,1
1,0.9161522755558169,1
0,0.8512923934778915,0
0,0.8759809838646897,0
1,0.6534397156531413,1
1,0.9927149118693576,1
0,0.9866330476534895,0
0,0.6577193422319412,0
0,0.858938229929785,0
1,0.7630329953640359,1
0,0.9055341637778144,0
1,0.985093984206513,1
1,0.9012811195204117,1
1,0.8312633848525649,1
0,0.8149645302599106,0
1,0.8745647194164132,1
1,0.7442533761910487,1
1,0.7066304811744167,1
0,0.5461872749980513,0
0,0.9829414531065467,0
1,0.7451662355461256,1
1,0.9275982219675194,1
0,0.9386345685208078,0
0,0.9552515874557744,0
0,0.5961708372293072,0
1,0.9665099259443628,1
0,0.8996298662907075,0
0,0.9774077626428241,0
1,0.6249642904056388,0
1,0.9869713730800547,0
1,0.762832309382171,1
0,0.9203260481786854,0
1,0.9134886464829863,1
1,0.974857093503608,1
0,0.9502488880883747,0
0,0.9680853979104975,0
1,0.8350874473535135,1
0,0.879369556547404,0
1,0.9850569504142669,1
1,0.8448443684110591,1
1,0.9798310891787956,0
1,0.9570032477476165,1
0,0.7163849369417481,0
0,0.8634824068435497,0
1,0.6551868093025838,1
0,0.9647086979744378,0
1,0.9793252065738293,1
1,0.7185207665853531,1
1,0.756736225972515,1
0,0.9252886196622612,0
0,0.9552149736881898,0
1,0.8750615421665805,1
0,0.9258027335375189,0
0,0.9850059214306888,0
0,0.834311132550607,0
0,0.9602584762634165,0
1,0.7646807535071073,1
1,0.8737713011678573,1
1,0.9960226126859109,1
0,0.7534406711218724,0
0,0.9731065871281378,0
0,0.8440948504902217,0
0,0.970093221287195,0
1,0.5521031536934987,1
0,0.7903125160745077,0
0,0.7047049040977589,0
0,0.7365635087983605,0
1,0.9469633126413134,1
1,0.9784821581643233,1
0,0.9938202209212464,0
1,0.8466975219118784,1
0,0.9331666158167025,0
1,0.9477799910157579,1
0,0.9106430103984258,0
1,0.9322783262407323,1
0,0.8903702163231568,0
1,0.7558387230148889,1
1,0.8601776094020759,1
1,0.8840829500781057,1
1,0.9030821055460401,1
1,0.9534274935113987,1
0,0.9065182201849972,0
1,0.9910888769204216,1
1,0.9868253056461934,1
1,0.9706155555071206,1
1,0.8152429453251061,1
1,0.7456311940684506,1
1,0.993842458674245,1
1,0.8500739635291354,1
1,0.6559896585246315,1
0,0.8019434114552819,0
0,0.854785466784502,0
0,0.9508696564969976,0
1,0.9947259181448449,1
0,0.9059345732128408,0
0,0.8150359094523418,0
1,0.510426957431405,1
1,0.9491927775340407,1
1,0.9358395094980106,1
0,0.8258514341126891,0
1,0.8309981123919867,1
1,0.7800533239071038,1
1,0.7309988981207872,1
1,0.7622552347643837,1
1,0.8347344100607591,1
1,0.8020892322244004,1
1,0.8580755349245905,1
1,0.9289081770478013,1
0,0.9932371671672378,0
0,0.5894229804726202,0
1,0.8580947479769633,1
0,0.8818473058926004,0
0,0.9731253842232209,0
1,0.9999958282614579,1
1,0.7436606376789614,1
1,0.6940272401183939,1
1,0.7318603755200835,1
1,0.9037366449415406,1
0,0.8533921694506528,0
0,0.9352840198538206,0
0,0.7938095051116246,0
1,0.8602338596146918,1
1,0.5666753882557574,0
0,0.6897801005306258,0
0,0.9198494480587365,0
0,0.9761707974683816,0
0,0.8091335441727046,0
1,0.9870486122982292,1
1,0.9246214428225616,1
0,0.6891752609083092,0
1,0.9650388418041235,1
1,0.6948442229741285,1
0,0.9809148473879578,0
1,0.7356139811207316,1
1,0.8827487233719061,1
0,0.7722879532124791,0
0,0.7990530608181534,0
0,0.7008815401809926,0
1,0.8660850955206888,1
1,0.6542703048173919,1
0,0.9594389613501658,0
0,0.9306926846539221,0
1,0.93693595438218,1
0,0.7278653429035329,0
0,0.719535888496758,0
0,0.8913239856403697,0
0,0.6445265238310279,0
0,0.9109692413532485,0
1,0.8302489096709718,1
0,0.9978068891676063,0
0,0.9661394192676367,0
1,0.905679898801013,1
0,0.9749593075383681,0
0,0.5467002841120504,1
0,0.9644346163684379,0
0,0.9178972218487638,0
0,0.9577425897748677,0
0,0.7369466180214517,0
1,0.9704871340756108,1
0,0.6228575053682043,0
0,0.9239795251916645,0
0,0.883526416438339,0
1,0.864597644699976,1
0,0.8977973870287848,0
0,0.9382502500327137,0
0,0.9900963611164612,0
0,0.7864988258688417,0
0,0.8175941201300426,0
1,0.5531474887622965,1
0,0.8855159397680522,0
0,0.9967743055602238,0
1,0.8589250130956388,1
0,0.9590899952296139,0
1,0.9025731431650945,1
0,0.9997720617325829,0
0,0.9963767984237802,0
0,0.6797130065859229,0
1,0.9111267327068155,1
0,0.8533373607811731,0
1,0.9912054070771557,1
1,0.9008424188764417,1
0,0.9214180164948914,0
1,0.8388498487677163,1
0,0.9570040838153844,0
1,0.8697949567263706,1
1,0.9867774138819185,1
1,0.9736640567131754,1
0,0.8672039424757867,0
0,0.9425697760249548,0
0,0.8136086173522069,0
1,0.9198879645940946,1
1,0.7318127959744725,1
0,0.9479919123171126,0
0,0.8969164521285723,0
1,0.4852981259168754,1
0,0.8227520709430628,0
0,0.9684383643044583,0
0,0.9906120298614345,0
0,0.8637980200918562,0
0,0.944697650735707,0
0,0.9231353138522622,0
1,0.6645962637478819,1
1,0.8244858319185316,1
0,0.9421304798041513,0
0,0.7878207634586728,0
0,0.8091235425165779,0
0,0.8776379299715761,0
1,0.9561030514207188,1
0,0.7535905532680953,0
0,0.9660185535629647,0
1,0.5433866568460374,1
0,0.900045761017288,0
1,0.9401454917457339,1
0,0.810938507159356,0
0,0.5733512949592598,0
0,0.8642313649294947,0
0,0.7873055016852083,0
1,0.8634175894199415,1
0,0.7297878290097788,0
1,0.9197272223235595,1
0,0.8437428486889423,0
0,0.9764222792241934,0
0,0.9560576848616213,0
0,0.9667844384361398,0
1,0.9380955818362153,1
0,0.8516641754381232,0
0,0.728167219520787,0
0,0.593130839017619,0
1,0.7827573553836854,1
1,0.7099299748785629,1
0,0.9749601126677034,0
1,0.6416649910196508,1
0,0.603045248706949,0
1,0.9773909859970117,1
1,0.9834188350006018,1
0,0.7781610966880291,0
1,0.8858841953174189,1
1,0.9885229443039442,1
0,0.8744195371053786,0
0,0.9928287964781098,0
0,0.6867304193229631,0
1,0.9694053560389809,1
1,0.7717033143199904,1
1,0.905404697805128,1
1,0.8100068068494264,1
0,0.8922309957062373,0
1,0.8187273299954627,1
0,0.9937591250259115,0
1,0.9103267362267753,1
1,0.7903744294670524,1
1,0.9100139158479004,1
1,0.9813645696274299,1
1,0.8154740031050228,1
1,0.7691136116470793,1
0,0.7271238957395415,0
1,0.8210904958456436,1
1,0.9225987124176083,1
1,0.9559581525745922,1
0,0.9873966764925541,0
0,0.9723466083080649,0
0,0.8980702050649901,0
0,0.7789438174421395,1
0,0.8396891621527655,0
1,0.9197750633493214,1
0,0.7999287743169229,0
1,0.9539870649885192,1
0,0.9394484979675016,0
1,0.9683353256413268,0
0,0.9237022604905698,0
1,0.9942732990821951,1
1,0.8877317330656441,1
1,0.6553886720388252,0
1,0.9049747899139308,1
0,0.7699316560655687,0
1,0.8866653349690654,1
1,0.935254687968787,1
1,0.8815508346999014,0
1,0.990487181455953,1
1,0.9618772627612249,1
0,0.599369119427718,0
1,0.9841102428404673,1
0,0.8779567867721702,0
0,0.940092584250222,0
1,0.7311992460785641,1
0,0.9630240131244193,0
1,0.8051035336571231,1
1,0.7647201693375195,1
0,0.9384332491577262,0
0,0.9521941775085547,0
0,0.8761249702118256,0
0,0.9727291450654302,0
1,0.8910703564804132,1
0,0.9770757524034576,0
1,0.9914109180870346,1
0,0.6529124244176815,0
0,0.889508244324138,0
0,0.9602288473650914,0
0,0.8550335514452995,0
1,0.9593097257992631,1
1,0.8250579941109721,1
1,0.9670849947784954,1
0,0.7886646433997107,0
1,0.9615581842210957,1
0,0.9650346159497991,0
1,0.9784714521372873,1
1,0.9888268391660067,1
1,0.7022287467250684,1
0,0.9588500439799539,0
1,0.9665085426036044,1
0,0.7737284299036318,0
0,0.9441035122318743,0
1,0.921474393815134,1
1,0.8623755881886964,1
1,0.9541287006012202,1
1,0.5996706072396888,1
1,0.8684852414200818,1
1,0.8558332423418199,0
0,0.9158612707750587,0
0,0.9983597022533196,0
1,0.5418681843679759,0
0,0.9960873911321246,0
0,0.9494854572242288,0
0,0.8925650029546244,0
1,0.92890364017341,1
0,0.7880520436550347,0
1,0.9867207922973437,1
1,0.6739887745453174,1
1,0.8513692720021891,0
0,0.7789675764092209,0
0,0.9773990108084647,0
0,0.6135006380074653,0
0,0.9171716624857152,0
0,0.9706968730020116,0
0,0.9382356819487588,0
0,0.8064638883320582,0
0,0.8703002164919098,0
0,0.5721893224602621,0
0,0.9679155596544203,0
1,0.8952618757704645,1
0,0.5794694835303664,0
0,0.8674558827130245,0
0,0.9357208068900307,0
1,0.9492823281324761,1
0,0.8306252006194371,0
0,0.9475266084409175,0
0,0.9309555134664321,0
0,0.973837633471938,0
1,0.8432996234395024,1
0,0.6108801880081808,0
1,0.6283679888466898,1
0,0.8803422480996147,0
1,0.7762001277264092,1
1,0.7918049177379265,1
1,0.5562175902646174,1
0,0.9788666484388642,0
0,0.9941141808386954,0
1,0.9885880741275757,1
0,0.7016905469439334,0
0,0.9819186475998547,0
1,0.9100309875570892,1
0,0.8928117672751816,0
1,0.8549612057924082,1
1,0.8860078348751993,1
0,0.9952139252057157,0
0,0.7722811206437457,0
1,0.5203660693491999,1
1,0.9256677743789467,1
1,0.7853131340324624,1
0,0.9899720155376017,0
1,0.7349240076379594,1
0,0.8849045610166539,0
1,0.7838122464480879,1
0,0.9899659069432948,0
1,0.7315031980071186,1
0,0.7668166552712476,0
1,0.6135500027814497,0
1,0.9003577865378901,1
0,0.9630282430564656,0
1,0.9587516992596115,1
0,0.7157041008438387,0
1,0.8140683547624057,1
0,0.9337870480656438,0
1,0.9648072634489916,0
1,0.8863567152156171,1
1,0.7251949553169627,1
0,0.9815195945979911,0
1,0.9999997721000611,1
1,0.9792123679116033,1
1,0.9310851221976176,1
1,0.8480597182049777,1
1,0.9224234385597299,1
0,0.8077954443212042,0
0,0.9392577018139809,0
0,0.9042581918389823,0
1,0.5471080552986829,1
1,0.9245408106273922,1
0,0.789223592335185,0
1,0.836087374724634,1
0,0.9709102346581997,0
1,0.9462872526285889,1
0,0.6537056191470155,0
0,0.7976640811896961,0
1,0.9303447811359125,1
1,0.6004271391289808,1
1,0.9245220700364146,1
1,0.9719143951463387,1
0,0.8688165148584654,0
0,0.8885991579181348,0
0,0.8492258800339054,0
1,0.885307757625744,1
0,0.8079773242660869,0
0,0.9989683471843344,0
0,0.8365736877268871,0
1,0.8754764240837659,1
1,0.9654257319496371,1
1,0.7431217285631833,1
1,0.9780359402508291,1
1,0.9267562718284029,1
0,0.6338688025895606,0
1,0.6985914583468998,1
1,0.98549001573036,1
0,0.8955031174072998,0
1,0.9696906978050683,1
1,0.9903523697871612,1
0,0.9141159279416631,0
0,0.9533665688772165,0
1,0.9680366048595754,1
0,0.7777478504815919,0
0,0.9332569458503153,0
0,0.9629273722282482,0
0,0.8905010690852059,0
0,0.9036502240140536,0
0,0.8677760552109623,0
0,0.8234818520372789,0
1,0.9420694978364198,1
1,0.9025327965756741,1
0,0.9515005285458823,0
1,0.9082458490030458,1
1,0.8946402746338631,1
1,0.8668414173125097,1
1,0.6831370965852283,1
1,0.9857158824820638,1
1,0.6880374528441856,1
0,0.8291653867724913,0
1,0.8877196751973256,1
1,0.8386578682025669,1
1,0.8402752754398914,1
0,0.7809372380180762,0
0,0.9392916055818494,0
0,0.9309358557734613,0
1,0.8069084445999658,1
1,0.7688727347674756,1
1,0.8711464470439509,1
0,0.9327743034926973,0
0,0.8129568133799479,0
1,0.9493306209797102,1
0,0.8406758651873082,0
1,0.8721113014948284,1
1,0.793172872413118,1
1,0.7288224823268196,1
1,0.6348304471741347,1
0,0.6096560089018969,0
1,0.8468240735111733,0
0,0.9112625536483063,0
0,0.9340815066232263,0
1,0.7456078931381551,1
0,0.9527449691003547,0
0,0.8684552764927841,0
0,0.6335310631530386,0
1,0.8169334664308198,1
0,0.9370674506465316,0
1,0.9930883609793218,1
0,0.959633195930873,0
1,0.6919928175445875,1
1,0.9391272475104315,1
0,0.903595996263631,0
1,0.9125182328839598,1
0,0.8810334918983498,0
0,0.9527535982523604,0
0,0.8069705983155063,0
1,0.9292638024146597,1
0,0.6926709960514006,0
0,0.6117460012079468,0
0,0.9262323149224978,0
1,0.7944085846770179,1
1,0.8536711534788951,1
0,0.9448728245103516,0
1,0.981216671357138,1
0,0.8599165611062429,0
0,0.6590177894292817,0
0,0.9866809120185114,0
1,0.856456414109239,1
0,0.7790111311706989,0
1,0.9639990248019265,1
0,0.8103405782570828,0
1,0.6785636067245197,1
0,0.9627139365035592,0
0,0.9171638638762982,0
1,0.8398560508216608,0
1,0.9703163789595352,1
0,0.7801982433630692,0
1,0.748460969892102,1
1,0.9159029323828715,1
0,0.9234112014629384,0
0,0.8836420450481477,0
0,0.7313755715283133,0
0,0.9577895549761797,0
1,0.848120852038243,1
0,0.9632452411649781,0
0,0.6841979193136218,0
0,0.8524241658570029,0
0,0.8638908684936273,0
0,0.8502623794876327,0
1,0.9661309630381821,1
0,0.8073953756760547,0
0,0.9044134776617088,0
1,0.8339827927163124,1
0,0.7943468233937012,0
1,0.897043892552384,1
0,0.9872353507118208,0
0,0.9875849502882676,0
1,0.8291734819238199,1
0,0.990705821269546,0
1,0.8801765595212295,1
1,0.8370624568892183,1
0,0.9298349757588141,0
0,0.9718649857737309,0
1,0.8727413126840706,1
0,0.7580027795757573,0
0,0.8670668908235594,0
1,0.5435851735555804,1
1,0.7243320356147633,0
1,0.9915324421736199,1
0,0.9076642736061594,0
1,0.8135189317290449,1
1,0.8526007149638869,1
0,0.8020210729263216,0
0,0.9150238418416801,0
1,0.9232264582890198,1
1,0.8539125944726066,1
1,0.8701964814318061,1
1,0.9375679801095861,1
0,0.9241183315539123,0
1,0.5973832348983327,1
0,0.9631023853318531,0
1,0.8427908121140486,1
0,0.7958009867335551,0
0,0.7152105837269682,0
1,0.8337985817287267,1
0,0.9838874291257654,0
0,0.9686112377338543,0
0,0.9901385750947935,0
0,0.8676960118559747,0
0,0.8158277586519714,0
0,0.8699477004662802,0
1,0.7349945411472006,1
0,0.9274992372165732,0
1,0.9106955405470563,1
1,0.948643059875665,1
0,0.840452583055111,0
1,0.6412966646235834,1
1,0.9324277393522848,1
0,0.886958487823426,0
0,0.9025981571582529,0
0,0.901140086405217,0
0,0.9502124652189953,0
0,0.9938714093677785,0
0,0.945234203161039,0
1,0.8813225585851534,1
0,0.8613186334406555,0
0,0.8900946642515833,0
1,0.8983265523779612,1
0,0.818116734885326,0
0,0.9438151518143898,0
1,0.7853506399560187,1
1,0.9895813265308697,1
0,0.9291949153810702,0
1,0.8629057370161239,1
1,0.855259707825216,1
0,0.939842854443393,0
0,0.7461792532441914,0
1,0.5251046805014794,1
1,0.8425376517739042,1
0,0.8791467207999116,0
1,0.939832528068145,1
1,0.705644960329378,1
1,0.861083643481662,1
1,0.8723730103937777,1
1,0.8825097512839266,1
0,0.9672219261462892,0
0,0.9870912155323391,0
0,0.9529687019484276,0
0,0.926206871592531,0
0,0.8069973648270278,0
0,0.9388213863701839,0
0,0.9146120341055547,0
0,0.8108973004271278,0
1,0.6974352470943844,1
1,0.7403882066305173,1
1,0.9305935106891892,1
0,0.7523773011864828,0
0,0.5501979249867114,1
0,0.8519921693323071,0
0,0.8401504153639923,0
1,0.6459388320926931,1
0,0.9916413375481048,0
1,0.8757632678962373,1
1,0.8746830770616837,1
1,0.9429747261575107,1
0,0.6714645717659068,1
0,0.9571788859383948,0
0,0.6538974654415425,0
1,0.9419366841626453,1
0,0.9034529052631731,0
1,0.8803582440318186,1
1,0.8529083011005768,1
1,0.9226913295462957,1
0,0.9001830760643059,0
1,0.4923399869389951,1
1,0.6549638006291184,1
0,0.8057477755190329,0
1,0.8893102568998972,1
1,0.8757368804543103,1
0,0.9523323404583498,0
1,0.6665205264146113,1
0,0.795814473612074,0
0,0.8948573878699285,0
1,0.8242625802303548,1
0,0.9107790816784354,0
0,0.7740717935135567,0
1,0.9664121800679009,1
1,0.9299789641768811,0
0,0.7222879210616744,0
0,0.7320545263315907,0
0,0.9726041224160396,0
0,0.9384529339665031,0
1,0.7008753345244841,1
1,0.9781979364133399,1
1,0.737044071093518,1
0,0.790345300321733,0
0,0.7889887059524456,0
0,0.8408498865656514,0
0,0.8969621077642072,0
0,0.906466839742036,0
1,0.9894943598180511,1
1,0.8801890708357505,1
0,0.9992600744976451,0
0,0.8653783576820441,0
1,0.9562716111445282,1
0,0.9908960444684997,0
0,0.7453552520078578,0
1,0.9176665118901637,1
1,0.6154256639376441,1
0,0.8749186322321979,0
0,0.8686948485874637,0
1,0.935164226090287,1
0,0.8942650007178147,0
0,0.9286596827662882,0
0,0.9990998287070906,0
0,0.8046160067549206,0
0,0.85666575320653,0
0,0.8425711558578621,0
0,0.9957435997357722,0
0,0.939019539283446,0
0,0.9125817716523992,0
1,0.9624465960013061,1
1,0.9381050643358081,1
1,0.9278601774961992,1
0,0.9414894638115874,0
0,0.9662694222027407,0
1,0.6881217926891917,1
1,0.7368696198211017,1
1,0.47831456156305296,0
0,0.8461036514493708,0
1,0.8691367154498636,1
1,0.8145905314531734,1
1,0.9416889615410527,1
0,0.9976983003924252,0
0,0.9820413081989915,0
0,0.7472664412948902,0
0,0.979654662522916,0
1,0.867747545980328,1
0,0.9903114749682236,0
1,0.8050449028941066,1
0,0.988206427762559,0
0,0.9309588264669537,0
0,0.8630416902830996,0
0,0.7575393563858379,0
1,0.6769594363505703,1
1,0.7715010081852793,1
0,0.8049970917272247,0
0,0.9413527290698334,0
1,0.892803569550405,1
1,0.8681603697551858,1
0,0.8152598930988841,0
1,0.8361728177558778,1
1,0.9275468742886317,1
0,0.8750614464388978,0
0,0.9162811237807129,0
0,0.758455787742273,0
0,0.7446609864043312,0
1,0.9811363922447185,1
0,0.9715991068710478,0
0,0.8389437248525047,0
0,0.958472476624269,0
1,0.7462297445738247,1
1,0.47835439826187826,1
0,0.9754965873432063,0
1,0.8933265376574695,1
0,0.8882336687393245,0
1,0.9298456595589857,1
0,0.9967716378551805,0
0,0.9030046367911401,0
0,0.9936251171959913,0
0,0.7524094013081912,0
1,0.8559498636909477,1
1,0.8177020756315908,1
0,0.9692394937378432,0
0,0.818763449358839,0
1,0.9928270160970342,1
1,0.9500919719383679,1
0,0.801799600845365,0
1,0.6615512776141903,1
1,0.8503886648132634,1
0,0.8459719508674456,0
1,0.966306963198979,1
1,0.9449442040050153,1
0,0.9977774069481377,0
1,0.7076795513171646,1
0,0.666428684317249,0
0,0.6420380496166336,0
0,0.7367250509499637,0
1,0.9007114394376454,1
1,0.974308692263958,1
1,0.7781935836363608,1
1,0.9473719234396785,1
1,0.7960370338100139,1
0,0.8708524780639892,0
0,0.9710398543613084,0
1,0.5728401668169819,1
0,0.884196404780656,0
1,0.8018009221483803,1
1,0.964177125862583,1
1,0.9205433987937223,1
1,0.598928239157665,1
1,0.6222942746850385,1
1,0.688239546646423,1
1,0.9277231159922142,1
0,0.8618275509970368,0
1,0.9109543268902679,1
1,0.8261725966079592,1
1,0.8939661638672395,1
1,0.9081039127975947,1
0,0.9565296791898351,0
0,0.8172445519412159,0
1,0.8111443145991776,1
1,0.7405816698793992,1
0,0.965904662044934,0
0,0.9042469424004347,0
0,0.8672844861176464,0
1,0.9625303146214697,1
1,0.810476339060996,1
1,0.8211368749501932,1
1,0.8873108858596167,1
1,0.9672511237319035,1
0,0.7254934819288059,0
0,0.7906884778903375,0
0,0.9110482398783644,0
1,0.9908733917023512,1
1,0.9428364192516704,1
0,0.7262207382240663,0
0,0.7966093617261164,0
0,0.9158251335865999,0
0,0.9226233382650767,0
0,0.8703833244522384,0
0,0.767278093661313,0
0,0.9125725768542425,0
0,0.994662095089693,0
0,0.7673242865437457,0
1,0.8665511682916893,1
0,0.9545311051156451,0
0,0.9787579530106219,0
0,0.8824811680843544,0
1,0.9845660686132821,1
1,0.9757415682300075,1
1,0.9912121596697825,1
1,0.9316895301127437,1
1,0.8890493137022751,1
1,0.8165473098530353,1
0,0.8254383758295603,0
0,0.8796228388753532,0
0,0.8220983351759135,0
1,0.8872793443609129,1
0,0.8511076290729555,0
1,0.9841391218666973,1
1,0.6949202275890055,1
0,0.9714353162823117,0
1,0.9783046607852939,1
0,0.8417629734226909,0
0,0.7121466449131136,0
0,0.9898313689620998,0
0,0.8491869721920385,0
1,0.7537998290656346,1
1,0.9222004747870252,1
1,0.9634267581134475,1
0,0.732656460139289,0
1,0.9237337920155715,1
0,0.9020869318905024,0
1,0.8748159335949302,1
1,0.6019390613194076,1
1,0.9635181331627226,1
1,0.8151142667277826,1
1,0.9970669165148011,1
0,0.964423870355618,0
0,0.8965093189476514,0
1,0.48168060284710007,0
1,0.5399479466793289,1
0,0.9761431949173723,0
0,0.9019142316216464,0
1,0.9564094089303339,1
0,0.7564069349474867,0
0,0.8851309211170051,0
0,0.9505289144887051,0
1,0.5,0
0,0.9928492937960308,0
0,0.863646234380946,0
0,0.9577657052579738,0
1,0.9774886077353497,0
1,0.9544194711387306,1
0,0.7882653323809109,0
0,0.8444178263101425,0
1,0.9008926671318028,1
1,0.9387853027955038,1
1,0.8102230585300136,1
1,0.9477626318495566,1
0,0.8752096969245515,0
0,0.8535150094256626,0
0,0.8339986883222515,0
1,0.9569567416236979,1
1,0.8014928962466006,1
1,0.8992939742879479,1
0,0.9750670662820544,0
1,0.6235659882581727,1
0,0.9855368281318083,0
0,0.9607457209831525,0
1,0.9423298412084994,1
1,0.8990294280170258,1
1,0.7524052626663853,1
1,0.9631878909501027,1
1,0.8541072170710364,1
0,0.8466783694274946,0
0,0.9220068488199237,0
0,0.8630243749325803,0
0,0.958251219381731,0
0,0.9596179790534725,0
0,0.9544975667665214,0
0,0.9355504921133466,0
1,0.8163770523168509,1
1,0.8606294365959042,1
0,0.9979195039117927,0
0,0.8059592966974758,0
1,0.9702252056726245,1
0,0.853248113967966,0
0,0.9801542860692698,0
1,0.9883647768878177,1
0,0.985189153799842,0
1,0.7207490428834699,1
0,0.9658668884576467,0
1,0.8244942308850224,1
1,0.902864671366812,1
1,0.9893400466956603,1
1,0.7964322271571055,1
0,0.7110609736038634,0
1,0.8771836739811596,1
1,0.8730139150911772,1
1,0.9532642565905518,1
1,0.9247541463256643,1
0,0.9592220843488015,0
1,0.9923855821670235,1
0,0.8138681842823953,0
0,0.8095708413779403,0
1,0.7136316550213889,1
1,0.980899680089972,1
0,0.8617302940626019,0
0,0.9597795857590767,0
0,0.8674123467898925,0
0,0.9888434282819412,0
0,0.9567168383903374,0
1,0.9934858198584451,1
0,0.8362524851810824,0
1,0.8074834625595322,1
0,0.8513239103295545,0
0,0.9352462881398452,0
0,0.9621724046155464,0
0,0.9241705312796243,0
0,0.791510012051935,0
1,0.9654345111452514,1
1,0.9062660306963791,1
1,0.4758399624973225,0
0,0.6600969145032639,0
1,0.8710901517199765,1
0,0.6926638766668499,0
1,0.7263093124049198,1
0,0.9042533587725835,0
1,0.9663444038747172,1
0,0.8282810452521473,0
1,0.8875022232018576,1
0,0.9841171534772286,0
0,0.7736799280987923,0
1,0.6792015990916073,0
0,0.9919292505360084,0
0,0.9970775057932137,0
1,0.8875273199525494,1
0,0.9994290971674696,0
1,0.8680590087961755,1
1,0.9366183430126652,1
0,0.7975196389555761,0
1,0.9564037006357893,1
0,0.8789516379344106,0
0,0.9803313844389305,0
1,0.9844841410583548,1
1,0.6699204764040088,1
0,0.9702091146480971,0
1,0.790993649576649,1
0,0.8607199773258057,0
1,0.9656393598203123,1
0,0.9423464809431324,0
0,0.9589273849967208,0
1,0.9289544664737382,1
1,0.9559159539002807,1
1,0.9410438105560406,1
0,0.9402482694374569,0
0,0.7890552467402113,0
0,0.7072507794302502,0
0,0.8693154824831164,0
0,0.9855570848728153,0
1,0.5,1
0,0.7685248301662307,0
0,0.7777134724205071,0
1,0.9932130028760604,1
1,0.9665722521910074,1
1,0.6767586973959155,1
1,0.7429504367666261,1
0,0.9482560192848939,0
0,0.913390943241494,0
1,0.9067024197976044,1
1,0.6478344778950764,1
0,0.78099851651063,0
0,0.7044888695492878,0
0,0.94047463822078,0
0,0.8766023742353,0
1,0.9681710846699658,1
1,0.47495841901024527,1
0,0.7920773478408802,0
1,0.9462894015192932,1
1,0.9444355754645603,1
0,0.9469664960823757,0
1,0.917157234874191,1
0,0.7744341476054551,0
1,0.7281228287248722,1
1,0.9372605088085456,1
0,0.8930940207847139,0
1,0.9792777553161938,1
0,0.9363411083289871,0
1,0.7073193359865688,1
1,0.8583137885576287,1
0,0.9448462608837014,0
0,0.9919162477457232,0
0,0.7960015662420646,0
1,0.7432886431950259,1
0,0.9564984502353036,0
1,0.9739811090905464,1
1,0.9567517860798774,1
1,0.7370817299972195,1
0,0.8936738176955363,0
0,0.9959460362772681,0
0,0.834459565281801,0
1,0.8118907511659316,1
1,0.8302467295798943,1
1,0.7233347935982201,1
0,0.9124379849867038,0
0,0.677949439905959,0
1,0.9812565470940295,1
1,0.8337457375382349,1
1,0.9441445387405042,1
1,0.7483090630357451,1
0,0.9398152122938467,0
0,0.8385304125097671,0
1,0.9474077640857076,1
1,0.6768873662032049,1
1,0.7944146791803891,1
1,0.8221056064255327,1
0,0.9256154814748337,0
0,0.9733669513174522,0
0,0.9986327388791498,0
1,0.8240876453915099,1
0,0.8904344678327294,0
1,0.9447227192710749,1
1,0.9086593900467911,1
0,0.9919429073391752,0
1,0.8839187998488426,1
0,0.9508852068861754,0
0,0.9994685754583842,0
0,0.9913711376501458,0
0,0.9072784339793023,0
0,0.9105524464715272,0
0,0.980568098802234,0
1,0.8606847246285044,1
1,0.7869573474066709,1
0,0.6032538060990698,1
1,0.832921463296496,1
1,0.8747964326776347,1
0,0.769821259424049,0
1,0.8390944699088271,1
0,0.9800154404250945,0
1,0.5443903136699111,0
0,0.8942785554552372,0
1,0.5303324477706277,1
1,0.9157298097781171,1
0,0.7287627644937023,0
0,0.9522559136682234,0
1,0.9643286202721635,1
1,0.7721146203502497,1
1,0.9772633689729056,1
1,0.9476464667391042,1
0,0.993822076261021,0
1,0.9786385856314802,1
0,0.7188390402646349,0
0,0.8889813281728443,0
0,0.9396234684378825,0
0,0.9640391676536003,0
0,0.6261137938345889,0
0,0.8583434254690945,0
0,0.8341363467814941,0
0,0.941083513794655,0
1,0.9311269046638585,1
0,0.8554585548366656,0
1,0.9639686587547608,1
0,0.8065773057618578,0
1,0.6392862360538794,1
1,0.9927199449698954,1
0,0.9661627521439795,0
0,0.877307676152017,0
1,0.9209698299739157,1
0,0.6095189593745771,0
0,0.9413759525250827,0
0,0.9679976998560456,0
1,0.827698215930823,1
1,0.8503734458251646,1
0,0.6595970252538443,0
1,0.9327152251065186,1
0,0.9841246396884367,0
1,0.7797870970401283,1
1,0.8892169978995097,0
0,0.994475179482892,0
0,0.7505000930225794,0
0,0.9952043941095756,0
0,0.8702397301193572,0
1,0.9895577475506816,1
1,0.555305897714339,1
1,0.9617101206438586,1
1,0.9752308147682472,1
1,0.8910273206260434,1
1,0.7931576720595881,1
0,0.7996902517925822,0
1,0.9295216603924479,1
0,0.9922032148022999,0
1,0.6835504554810368,1
1,0.8105579883697284,1
0,0.9913788381043559,0
0,0.8189517800186861,0
1,0.9461917010267321,1
0,0.9820312426658042,0
1,0.8486209583497653,1
0,0.843741654758124,0
1,0.9362383289461286,1
1,0.7186951419404131,1
0,0.9512483276593607,0
0,0.8699950862777683,0
1,0.7148580707703146,1
1,0.8683259672325525,1
1,0.9999946089915511,1
0,0.9564242969688141,0
1,0.7520903609268185,1
0,0.7103894216980888,0
1,0.701390788551807,1
1,0.7617439658536278,0
0,0.9452638482290072,0
1,0.5862524032933879,0
0,0.9208589272284684,0
0,0.5405956886992738,1
1,0.9129347506586973,1
0,0.9915777593497848,0
0,0.9440672508637393,0
1,0.7255190710292566,1
0,0.7180924452888722,0
1,0.8712901668707355,1
1,0.6380997103542563,1
1,0.9767889874917121,1
1,0.9698615598333683,1
1,0.7071932956020305,1
0,0.824193248849964,0
1,0.8390107086590637,1
1,0.9151716114877718,1
1,0.8459051612407681,1
1,0.6966217480012751,1
0,0.9675634268648999,0
1,0.9999904075890793,1
0,0.9277190037126443,0
1,0.7630699636512592,1
0,0.8476847977917841,0
1,0.7982245255560775,1
1,0.6796363183163997,1
1,0.5479632359866113,1
1,0.7731406896463106,1
0,0.8617826143128595,0
1,0.7518053619918476,1
1,0.8592157539694314,1
1,0.7658497941963599,1
1,0.9184678577638963,1
0,0.8648114713023991,0
0,0.7944536783581544,0
1,0.6844970289748183,1
1,0.9932739389453066,1
0,0.8258715127627563,0
0,0.9787040476740092,0
0,0.8710593703725625,0
1,0.8647848335658505,1
1,0.9618072546210747,1
0,0.9186585958490042,0
0,0.8608484025555773,0
0,0.8196349468839915,0
1,0.8908373378863755,1
0,0.9377690174255761,0
0,0.8682678840524309,0
0,0.8844412705235238,0
1,0.5265638016672882,1
0,0.9557825411327829,0
0,0.9635093831460891,0
1,0.9562645042461267,1
1,0.951475525578574,1
1,0.9827054852441162,1
1,0.9768189911182023,1
0,0.8727678730363033,0
1,0.6005663172470215,1
0,0.9831211138949795,0
0,0.8570402830192521,0
0,0.9248666682398633,0
0,0.8143805596050853,0
1,0.7202943471744123,1
1,0.87957154750709,1
1,0.990625566252325,1
0,0.8147389418269935,0
0,0.9807357816560558,0
1,0.9190954506166399,1
1,0.8586418704679999,1
0,0.7436970701417184,0
0,0.935776102080803,0
1,0.6282199838494806,1
1,0.6682270607461924,0
1,0.8716143717402163,1
0,0.9747559707933524,0
0,0.9880184306631696,0
0,0.7534422961452135,0
0,0.8294007031109896,0
1,0.9361732402736859,1
1,0.902660246591668,1
1,0.8025456232913235,1
0,0.9724628519957417,0
0,0.997869390221249,0
0,0.7180349792637448,0
1,0.7118589424937627,1
0,0.8402123392693728,0
1,0.9744857531152529,1
1,0.9521810112371314,1
0,0.7464384000116038,0
1,0.9572747797660112,1
0,0.915314571744257,0
0,0.7138019256784197,0
0,0.9679445810647717,0
1,0.9366713112188007,1
1,0.9203394009907434,1
1,0.7454050514674837,1
0,0.6994788877455896,0
1,0.9854020342612843,1
0,0.9871202123821621,0
1,0.9460042027814553,0
1,0.6295212802382808,1
0,0.6459657654606158,0
1,0.999991857377737,1
1,0.9623648829373898,1
0,0.9683110050495451,0
0,0.9529492643208375,0
1,0.9700856147548357,1
0,0.9818963558411308,0
1,0.9168677542894316,1
0,0.7247526618887009,0
0,0.9970346220957883,0
1,0.7932856644611311,1
1,0.9567376070600009,1
1,0.9408774049342387,1
0,0.9813643512535306,0
0,0.8394776405464142,0
1,0.7215748219786505,1
0,0.8994045912333428,0
1,0.6257671612436937,1
1,0.5,0
0,0.6438724655818345,0
0,0.8830689858385402,0
1,0.7514086921759295,1
1,0.6805856850274824,0
0,0.6818486936824442,0
0,0.9013202104761829,0
0,0.986234919644528,0
1,0.9669947061969872,1
0,0.9144507755373852,0
1,0.9152966535208109,1
1,0.9294464601973327,1
1,0.9217844119653511,1
0,0.9359585353489057,0
0,0.8127297644478555,0
0,0.7567121550739951,0
1,0.7908867390000007,1
1,0.5725980778458529,1
1,0.9559874631483218,1
1,0.8810895379757249,1
0,0.8984206818759498,0
1,0.8572229894922686,1
1,0.8699343276460423,1
1,0.9305110790046147,1
1,0.8022765677435345,1
1,0.9498130910139898,1
0,0.8216888178756941,0
0,0.9095837070225256,0
0,0.8458041379494216,0
1,0.5825297855715605,1
1,0.546922536252074,1
1,0.9008448279236936,1
0,0.9700592074227035,0
1,0.5959773530337127,1
0,0.7678384732637499,0
1,0.6302522830873049,1
0,0.7694531335573456,0
1,0.8257742453342202,1
1,0.93561282259539,1
1,0.846089861882328,1
1,0.8434132751066954,1
0,0.9687677926500978,0
0,0.8763165357863172,0
1,0.8983186232906568,1
0,0.8958501254554987,0
0,0.912066590615693,0
1,0.9285629438761452,1
1,0.8156760449598468,1
1,0.8812133060034633,1
1,0.825640748920351,1
0,0.9976127581132719,0
1,0.9233454228450609,1
0,0.829511621449587,0
0,0.865010359973657,0
0,0.7966812290532467,0
1,0.8053561452428458,1
1,0.6679183334145459,1
0,0.8296135786506253,0
1,0.9951517352613323,1
1,0.9353133043859114,1
0,0.9918772309299682,0
1,0.8347095069997856,1
1,0.818655921968144,1
1,0.5240778854511786,1
0,0.9283781236003377,0
1,0.8265848457720597,1
1,0.7974145812644597,1
1,0.8659396035694683,1
1,0.7482661652875414,1
1,0.6949003664124787,1
0,0.9593973044604468,0
1,0.685172392270642,1
1,0.9960311705250593,1
1,0.9849288041268996,1
0,0.788793928428447,0
1,0.7639885446435822,1
1,0.7617682098154721,1
1,0.974599517638144,1
0,0.8635106928585594,0
1,0.983883131596989,1
1,0.9932908854879176,1
1,0.9950859362031732,1
1,0.9071090293441239,1
1,0.8507268437605188,1
0,0.964961538105327,0
1,0.9336551989683106,0
0,0.631922038488529,0
1,0.7988189607923091,1
0,0.7666519223304297,0
0,0.8938824670522969,0
0,0.9427203457760702,0
1,0.7891868497315723,1
1,0.7987891385574479,1
1,0.705495724352195,1
0,0.987601405850177,0
0,0.9913788265821843,0
1,0.9652526269085681,1
0,0.9644411999096618,0
1,0.9533776106059771,1
1,0.8295073241357053,1
0,0.9404985039446264,0
0,0.9924973559111797,0
0,0.9207576689823882,0
0,0.8741592785629626,0
0,0.9605555812706553,0
0,0.9301121259948213,0
1,0.7657827621288089,1
0,0.9666246334552095,0
0,0.7903343883716762,0
0,0.9653946696711071,0
1,0.9140247746160179,1
1,0.5333717777558724,1
0,0.9443510165651782,0
0,0.7250339110123839,0
1,0.8123873790028916,1
1,0.9160518744466831,1
1,0.8151956104065583,1
0,0.5853146737709165,1
0,0.9469230987046853,0
1,0.5321910895229645,1
0,0.8553078281082106,0
1,0.9343777572187868,1
1,0.7188238799187666,1
1,0.9599879081570684,1
1,0.9457608205858652,1
0,0.9165826015537086,0
0,0.7390132597305782,0
0,0.9642129329446997,0
0,0.9467696769015502,0
0,0.817797950451503,0
0,0.900242914296576,0
0,0.9886364924272939,0
1,0.9452379136089665,1
1,0.9911876750156592,1
1,0.881647604153065,1
1,0.8812074385851436,1
0,0.9469292550041482,0
0,0.8810300600402091,0
0,0.9398960265491905,0
0,0.9385935591861557,0
1,0.9204863513942179,1
0,0.9387342551420581,0
1,0.9642805124748703,1
0,0.707576500667172,0
0,0.8878823629358306,0
0,0.8324498363821459,0
1,0.8940286939670136,1
0,0.8939654453747158,0
1,0.8497156805051183,1
0,0.9712135396037577,0
0,0.7996697076238319,0
1,0.6814674783982936,1
0,0.9595391290156445,0
0,0.9086102194346167,0
0,0.8812079715594058,0
0,0.9991802525849846,0
1,0.817929233490025,1
1,0.9689452746562768,1
1,0.6569725463755013,1
1,0.9163089576505258,1
0,0.7124223956871568,0
0,0.8535697011526984,0
1,0.7384539365849552,1
0,0.9196934388913257,0
0,0.9302927535401594,0
0,0.9914827435385017,0
0,0.8684644400824647,0
0,0.8162144767903075,0
1,0.9893783541723156,1
0,0.7551754328906326,0
1,0.898741258157977,1
1,0.908517565759652,1
1,0.9173382515157129,1
1,0.8977593966265427,1
0,0.9432724674909355,0
1,0.7756709183291098,1
0,0.9535079931381628,0
1,0.8751479691143119,1
0,0.9385544654997944,0
0,0.9643247474884783,0
0,0.9486776396664819,0
0,0.7146026492740238,0
1,0.974966269252014,1
0,0.7140295304553284,0
1,0.8611218802672371,1
0,0.9301449550458147,0
0,0.8323907396631478,0
1,0.7965587766218859,0
0,0.9802492544593085,0
1,0.8375105393264701,1
0,0.7262944038491627,0
1,0.9876648867530132,1
0,0.7842318346021832,0
0,0.8716787240349999,0
1,0.9046298061629015,1
0,0.6896670385351857,0
0,0.6349086357725546,0
1,0.8676087517332866,1
0,0.935102899930187,0
0,0.9450203113127617,0
0,0.9439674509102197,0
0,0.8899614516219879,0
1,0.9693281048362634,1
0,0.7307487281521495,0
0,0.9767565568966774,0
0,0.7929758700140345,0
0,0.9986972906565948,0
0,0.962377779964685,0
0,0.9594249460854755,0
0,0.8160850957305387,0
1,0.7562642415685471,1
1,0.7129471701225734,1
0,0.7457482174299203,0
1,0.9806611804694466,1
1,0.7676856408840174,1
1,0.8791837447442772,1
0,0.9681464357207656,0
0,0.9734531512271056,0
1,0.5479663755318396,1
1,0.8414755894435986,1
0,0.7336991870543349,0
1,0.9517624457953393,1
0,0.9548229450563611,0
1,0.9681283173249297,1
1,0.6742715881376642,1
1,0.8936677982562673,1
0,0.8187718664407788,0
1,0.8271842564425438,1
1,0.8082138796662861,1
0,0.5699604468863949,0
1,0.7705980106038625,1
0,0.8089058902507226,0
0,0.9050158347354115,0
1,0.8888829274624751,1
0,0.9517690498722429,0
1,0.9491865226327388,1
1,0.7717534411156397,1
0,0.8267510828042255,0
0,0.9541431387019438,0
0,0.9290099664266713,0
0,0.9953276862777618,0
1,0.927749540706204,1
1,0.7956253990242911,1
0,0.9887257387212205,0
1,0.5850543041702718,1
1,0.7248110510881393,1
0,0.8541270737821495,0
0,0.7585471120299396,0
1,0.7318637363583916,1
0,0.9989446458223601,0
1,0.9237005366806408,1
1,0.5964953584803896,1
0,0.7804535796379481,0
0,0.9105851303336634,0
0,0.763043006910122,0
1,0.8937601540825875,1
0,0.9902629670726362,0
1,0.547298119689941,1
0,0.845952919753838,0
1,0.7480209683048182,1
0,0.9688368823886971,0
0,0.8546052356257827,0
0,0.9796216877945789,0
0,0.9658801949265612,0
1,0.9387248676422965,1
0,0.6944418194382869,0
0,0.7426654874814428,0
0,0.8849511552810696,0
0,0.8800197800450892,0
1,0.8363845869588618,1
0,0.9529737933544238,0
0,0.8694026809753348,0
0,0.861412506088341,0
0,0.9489107991304451,0
1,0.8101742238533032,1
1,0.8815786241877668,1
0,0.9470655435521921,0
0,0.962685829142828,0
1,0.5714567467155577,1
1,0.9290416111841543,1
0,0.7934368040003751,0
0,0.8408627676257463,0
0,0.9361184964744045,0
1,0.9750598264440262,1
0,0.9339607714397871,0
1,0.79633434383539,1
1,0.9314312549784256,1
0,0.7627466633652907,0
1,0.9245646530213145,1
0,0.9666965559879457,0
0,0.9160712660070659,0
1,0.7531621100784333,1
1,0.643121976440523,1
1,0.6122333980781741,1
0,0.93768775263247,0
0,0.7673529976525654,0
1,0.9160625766852284,1
0,0.5826965933688673,1
0,0.9798394023177235,0
1,0.891961260342319,1
1,0.8213359156714714,0
1,0.8834045775943895,1
1,0.5858744340356905,1
0,0.8699691522381849,0
0,0.7247963703522805,0
1,0.9050215015548843,1
1,0.7439910483596115,1
1,0.8566229872076198,1
1,0.9948908467106584,1
0,0.8625924249571497,0
0,0.9471310219663843,0
1,0.9085127807709843,1
1,0.8332547089691843,1
0,0.892528439923719,0
1,0.8239564611251309,1
1,0.893890421206941,1
1,0.8949872423496205,1
1,0.9476303966856804,1
0,0.9383839750911274,0
1,0.9681051993502527,1
0,0.7132259855082418,0
0,0.8537043249271965,0
0,0.936272620316071,0
1,0.9799312882047722,1
0,0.7878860217265531,0
0,0.8188420962054314,0
0,0.9516574004453765,0
0,0.9678553903653045,0
1,0.6423485577610415,1
0,0.8394794811501406,0
0,0.9399267695127307,0
1,0.71859580080869,1
1,0.8392882227893488,1
1,0.7292838287441463,0
1,0.9551789115013037,1
1,0.9164639928987315,1
1,0.9363532500605429,1
1,0.8724598876757994,1
1,0.9912517006161248,1
1,0.8055578002878189,1
1,0.7129884473103507,1
1,0.7998582014803589,1
1,0.9928856692827577,1
1,0.8318395026195621,1
1,0.944985805981795,1
1,0.7690550318744793,1
0,0.9930730002490268,0
0,0.9592493482745056,0
1,0.9621370608135292,1
0,0.8864492548620877,0
1,0.863037484419333,1
1,0.9207841501471019,1
1,0.9456307377011524,1
1,0.6143401098705055,1
1,0.681844760128632,1
1,0.5722223758457344,1
0,0.8721877194150186,0
1,0.8754663316269127,1
1,0.9530460856068806,1
1,0.7551065696326195,1
0,0.8856833554123142,0
1,0.5414467601139719,1
0,0.9945477425267082,0
0,0.9621265690923706,0
1,0.9891060042632668,1
0,0.7767839115589542,0
1,0.7790693822569537,1
1,0.8356771309356771,1
1,0.7959990552919437,1
0,0.6379739283220632,0
0,0.7493759854139976,0
0,0.8601511454294269,0
0,0.9619789928248544,0
1,0.9170077082606236,1
1,0.9430565509569859,1
0,0.9956369294407494,0
0,0.8319760213397089,0
1,0.908510151111204,1
0,0.9282986460463356,0
1,0.6604040719632255,1
0,0.7862284287119954,0
1,0.9183540224909063,1
1,0.7932862478485649,1
0,0.96319833284522,0
1,0.5360288836242221,1
0,0.958893327853124,0
0,0.9970688604438457,0
0,0.8659996489550291,0
1,0.9423183545417029,1
0,0.8512707746823968,0
0,0.7629810540230472,0
0,0.8893004150697594,0
1,0.7696173438060664,1
1,0.8568222155667579,1
0,0.9857975590987784,0
0,0.8118508104280555,0
1,0.8143260974730693,1
0,0.9922808975749536,0
1,0.8423348355287731,1
0,0.8392555052834008,0
0,0.9909329451336273,0
1,0.94360958974636,1
0,0.9014957296050473,0
1,0.8181284686162551,1
1,0.9913898547061684,1
1,0.8161723627683839,0
1,0.664976255338963,1
0,0.8525198460196375,0
1,0.9390469993560625,1
0,0.5969428851228846,0
1,0.9354880226600991,1
1,0.7717651460303332,1
1,0.8041839523332416,1
0,0.7071372008885338,0
1,0.8792110557520532,1
0,0.939687322733196,0
0,0.9488166648471842,0
0,0.8572270681966955,0
0,0.7546715231821474,0
0,0.8961916746086004,0
1,0.9689069191638916,1
1,0.9046716554282177,1
1,0.9515312670175483,1
0,0.9711216087792084,0
1,0.676831448260201,1
1,0.8330498471076875,1
0,0.9881666160857822,0
0,0.9759086167901982,0
0,0.9315708173647614,0
1,0.867579773982588,1
1,0.8958393431682478,1
1,0.9176088078270939,1
0,0.9180484071755974,0
1,0.5324015241112896,1
1,0.866080575470591,1
0,0.9560104896116605,0
0,0.8116773400837224,0
1,0.9946037782480842,1
0,0.9809178027652617,0
1,0.683430560825487,1
1,0.8847721826203985,1
1,0.8455286923541037,1
1,0.8587209510651458,1
1,0.7729259719695926,1
1,0.9474433759078288,1
1,0.9547485097494744,1
0,0.9501177922482045,0
1,0.9621228332488149,1
1,0.9319623981589462,1
1,0.9946646997199273,1
1,0.9267005437076797,1
0,0.964607320903061,0
0,0.5803982059668056,0
1,0.8445597926487219,0
1,0.993552463349179,1
0,0.8664555130773546,0
0,0.9589438975389458,0
0,0.7602095751644647,0
0,0.8054410972750086,0
1,0.7590753671365833,1
1,0.8708828987521283,1
1,0.6891061882482747,1
1,0.9251738549628162,1
1,0.8348333828106995,1
0,0.9460208742187589,0
1,0.8916035834319523,1
0,0.85961601564543,0
1,0.91766138716488,1
1,0.82758328489757,1
0,0.7578924703501543,0
0,0.9720555890005076,0
1,0.8850813635922825,1
1,0.7596697255848753,1
1,0.9008061772868915,1
0,0.6103744203064532,0
0,0.9438573394884164,0
1,0.8391314695484923,1
0,0.8403196623831359,0
1,0.8330981071023572,1
1,0.9029084346541666,1
0,0.9080200220744719,0
0,0.9563114233668849,0
1,0.8290857443637438,1
0,0.7498678769989103,0
0,0.9955428477024166,0
0,0.9986213728639044,0
1,0.9834109627515843,1
0,0.9222594796770391,0
0,0.9666772163510137,0
0,0.9434986507877705,0
1,0.9773225444765624,1
1,0.6611780634912973,1
0,0.9148306324712944,0
1,0.9020650768261135,1
0,0.8241002071196483,0
0,0.9414276835691128,0
0,0.9963064000323436,0
0,0.9671630239739545,0
1,0.8401744755614685,1
1,0.8748486821532714,1
0,0.8924948458659511,0
0,0.8814298048326938,0
1,0.9576951867386694,1
0,0.889760808673317,0
1,0.981236110983946,1
0,0.9027220203295026,0
0,0.9623074283972332,0
1,0.8392952970806519,1
0,0.9383814058995039,0
0,0.8590891487989829,0
0,0.9939979231460101,0
0,0.9394533554970738,0
0,0.9078681579340883,0
0,0.5795570305896683,1
0,0.8540048373680116,0
1,0.9419885591966481,1
0,0.9716510659052473,0
1,0.9394735615759274,1
1,0.9811173813246645,1
1,0.9624247742812754,0
1,0.5173207369597913,1
0,0.9482278897225163,0
0,0.7379561503437863,0
1,0.8735442698385992,1
1,0.6651074717669425,1
1,0.9736528946975744,1
1,0.8285833123334848,1
0,0.9540068221285307,0
1,0.531475339224333,1
0,0.954031858694913,0
1,0.6040257228873087,1
1,0.8348381245629926,1
1,0.7635799773560336,1
1,0.9999966758330693,1
1,0.8697058958503319,1
1,0.9205751084989187,1
1,0.5195440481693758,1
0,0.9344431951373425,0
0,0.8837392136221904,0
1,0.9221549708482536,1
1,0.8102757164441244,1
1,0.7003607633397347,1
0,0.8134359316069846,0
0,0.9993634746259947,0
0,0.7760313910019571,0
1,0.9440239123422477,1
1,0.9236225206849878,1
0,0.8379056250688869,0
0,0.8985346891927701,0
1,0.782555778584265,1
1,0.8044953501739044,1
0,0.9190143348993469,0
0,0.983241767641785,0
0,0.9163332237411584,0
1,0.6214699368684039,1
0,0.9559111030754093,0
0,0.9545215490083554,0
1,0.8831706292242915,1
1,0.7769682175027288,1
1,0.7804080448502055,1
0,0.7813850078248308,0
1,0.883189169936617,1
0,0.9382310376613806,0
1,0.8730431974374308,1
0,0.797382397616161,0
0,0.8173403246438309,0
0,0.955489062429045,0
0,0.6716205044525385,0
1,0.8885288553909452,1
1,0.8716143717402163,1
1,0.9923381890941898,1
1,0.8823404914305643,1
0,0.9167362566615928,0
1,0.9878107035331607,1
1,0.9553527243322477,1
1,0.7678400970345769,1
1,0.9078293301966731,1
1,0.6732247486082886,1
1,0.8553111052707764,1
0,0.9581925950854548,0
1,0.8242964657671151,1
0,0.8475361043184086,0
1,0.9681529660515029,1
0,0.8158434428790544,0
1,0.9015415286608482,1
1,0.733788928816475,1
1,0.8841315574021991,1
0,0.9710667440772307,0
0,0.9321027985650592,0
0,0.8040902429100704,0
1,0.8635847668870474,1
1,0.8616100682369694,1
1,0.7856044306894493,1
0,0.8634998544288592,0
0,0.9338348234795724,0
0,0.9168985950601156,0
0,0.75921936300474,0
0,0.9053444888581267,0
1,0.9452568310535575,1
0,0.8820228574972137,0
0,0.8907047287458003,0
0,0.891398982343471,0
1,0.8176054507470353,1
1,0.7360341661960947,1
1,0.9564235908766544,1
1,0.8191721115060046,1
1,0.7929209439157366,1
0,0.981841427484246,0
0,0.912327847505149,0
1,0.9970321411104585,1
0,0.8875052667625357,0
1,0.8299049999863625,1
0,0.9026633389234435,0
1,0.8836412553201842,1
1,0.951010649638216,0
1,0.5910057043032039,1
0,0.9132057185332129,0
1,0.7547045455814081,1
0,0.950792347669933,0
0,0.9661794710109893,0
1,0.9835854143023364,1
0,0.8836095240204285,0
0,0.6591196404113896,0
0,0.9982358612097761,0
0,0.7817732669976983,0
1,0.9375128969901768,1
1,0.8935436289155307,1
0,0.937397719407718,0
1,0.9362122913534485,1
1,0.8513817121065953,1
1,0.723049856699924,1
1,0.9681599859803062,1
1,0.8339004861876421,1
1,0.9011334951955601,1
1,0.8873658547274628,1
0,0.7381036658924034,0
0,0.9399627033362811,0
0,0.8949015346024353,0
0,0.9961782584216808,0
1,0.9590913515340524,1
0,0.9824818844662696,0
0,0.6704996160065336,0
0,0.9206757171156125,0
1,0.9186649167193456,1
1,0.8512867518735426,1
0,0.9954683880251058,0
1,0.9934506769499318,1
0,0.6567266632271443,0
0,0.9523540736575927,0
1,0.9462554767806038,1
0,0.9228429749307595,0
0,0.8535072734446747,0
0,0.8091670478158389,0
0,0.9719289807038096,0
0,0.982833323618343,0
1,0.8636869069195071,1
0,0.8052874695787079,0
0,0.9514147214592419,0
0,0.7543537644701694,0
1,0.8685056148972642,1
1,0.9839597025204798,1
1,0.8552526799446968,1
1,0.9020909084203708,1
1,0.8391091696972703,1
0,0.9883426392500838,0
0,0.9923016395924776,0
1,0.9372713443271062,1
0,0.8789499647406862,0
1,0.9555127307715192,1
1,0.8627562217744098,1
1,0.7233900993819191,1
1,0.5410754264526921,1
0,0.8583763112942044,0
1,0.9232165655117072,1
0,0.8305911113948379,0
0,0.9383472854518646,0
1,0.9247885650800042,1
1,0.982788855175048,1
1,0.9668778127359862,1
1,0.961854057653586,1
0,0.9382263658474824,0
1,0.8792928212999668,1
1,0.9363270600911088,1
0,0.7550238050652941,0
0,0.9373150040451927,0
1,0.8752367282850759,1
1,0.6801655282820914,1
0,0.9507365807072655,0
0,0.8214667258435294,0
0,0.9457261846646519,0
0,0.9469792810641195,0
1,0.9003502837553561,1
1,0.8797476505575342,1
1,0.8991855711410732,1
0,0.7839000990139936,0
0,0.8710894931582296,0
1,0.8289534497519155,1
0,0.8372357875628287,0
1,0.5493973886656044,1
0,0.9653055685396869,0
0,0.9253691984364975,0
1,0.9540451791767118,1
0,0.9402335336550999,0
0,0.9187800892085185,0
0,0.9561080815999632,0
1,0.7083734776525268,1
0,0.8599002868930731,0
0,0.6680473460881353,0
1,0.6878667743451321,1
0,0.7825441229544017,0
0,0.8322367021371233,0
1,0.8828324749943838,1
1,0.9613071132889615,1
0,0.97621475408345,0
1,0.7650668817723622,1
0,0.9658675343383413,0
1,0.9063335234730697,1
0,0.992299918315894,0
0,0.9496094117677027,0
1,0.7313908525953725,1
0,0.8579753560517859,0
0,0.8302015879019237,0
0,0.9263738781273017,0
1,0.6148452670471314,1
0,0.903344626798951,0
0,0.6618809705210327,0
1,0.965656995046112,1
0,0.9897935777682565,0
1,0.9158171247903824,1
1,0.9535798580372198,1
1,0.9911816048369132,1
0,0.6846964613552194,0
1,0.8412480529804347,1
1,0.6449721159057183,1
1,0.8569967210584408,1
0,0.9584883632030862,0
0,0.8620674995870846,0
0,0.9949098104980091,0
1,0.9240717266568815,1
1,0.6860094406816026,1
0,0.8181264001518642,0
0,0.9892584880821519,0
0,0.9424604749336818,0
0,0.9968251639568478,0
0,0.9153735322032088,0
0,0.9831144885822073,0
0,0.9899188864897926,0
1,0.9268586654489193,0
0,0.9870846355125322,0
1,0.9469770033312643,1
0,0.9839336425179689,0
1,0.78405936544119,1
0,0.8673791931734852,0
0,0.71450767472204,0
1,0.9614680269930719,1
1,0.7701820170805681,1
1,0.9580323995502072,1
0,0.8932663562071376,0
0,0.922396071898089,0
0,0.9400540575949163,0
0,0.8724110513196548,0
1,0.9374148597596165,1
0,0.8802778331852239,0
0,0.9776199405667365,0
0,0.6288989398782514,0
1,0.8920263175436737,1
0,0.9817078610982644,0
1,0.9787231568080522,1
1,0.8609225076248961,1
0,0.893556430068735,0
1,0.9734509417402174,1
1,0.7481509414693668,1
1,0.8627717343818223,1
0,0.9189667936535345,0
0,0.9983346834711265,0
1,0.7677288512620063,0
1,0.9543724043033076,1
1,0.7436134372340858,1
0,0.7139787494946748,0
1,0.7212843051886124,1
1,0.4908468459099174,0
0,0.9632733502288222,0
1,0.9255639287791069,1
0,0.9999322631804458,0
0,0.6215140670704237,0
1,0.9139303606962145,1
1,0.8663968743714324,1
1,0.9776604710803016,1
0,0.6181215284819175,0
1,0.9597809323656389,1
0,0.9799346377348055,0
1,0.9671062747021791,1
0,0.9848918348057619,0
1,0.7058624101211591,1
1,0.9734230978004058,1
0,0.8505562102574904,0
0,0.9270755985110257,0
1,0.7816068743450705,1
0,0.9866317969558278,0
0,0.9662911973780632,0
0,0.9289534355652628,0
1,0.9926234337748598,1
0,0.7433958536945698,0
0,0.942929692964282,0
0,0.9394481687206241,0
1,0.7135175473896345,1
1,0.8370325061191218,1
0,0.9738481425515072,0
1,0.9380912515715655,1
0,0.9655284516358582,0
0,0.7599673612001278,0
1,0.4846095901169479,1
1,0.9170516390242107,1
1,0.9927267867959794,1
1,0.8580713078782654,1
0,0.6256779212974912,0
1,0.9288813394757613,1
1,0.8434067499614282,1
0,0.9647572571610726,0
0,0.7547465152156204,0
0,0.9571091938234657,0
0,0.8318959353762344,0
1,0.92369404144039,1
1,0.5671650160404129,1
1,0.8845074736122231,1
1,0.9297711891335698,1
0,0.9206500973666109,0
1,0.9459106173687342,1
1,0.7229644327305588,1
1,0.9489985951064129,1
1,0.9643426453989326,1
1,0.8865393991113929,1
1,0.955383082114393,1
0,0.8778964701018978,0
0,0.8332433717930591,0
0,0.9387013433303321,0
0,0.7896241129609779,0
1,0.756775429852708,1
0,0.7484950250857599,0
1,0.7960269281693404,1
1,0.943219484975882,1
1,0.8231086577499724,1
0,0.924183245014679,0
0,0.9708853473013427,0
0,0.8953703489814219,0
0,0.946187845695273,0
0,0.9207015926664707,0
0,0.9547346697335282,0
1,0.9457813587338294,1
1,0.8821114817062998,1
0,0.8408720390860223,0
1,0.9566575311898861,1
0,0.8886179745814753,0
1,0.539273894798762,0
1,0.8634448967650842,1
1,0.8194569085898006,1
0,0.8523188690688888,0
0,0.9838917367751286,0
0,0.7953507045510745,0
1,0.8857609750650335,1
1,0.8346479061606773,1
1,0.8660850053103686,1
0,0.5501904133654265,1
1,0.8070006874679628,1
0,0.9850610524000574,0
1,0.8566726688866305,1
1,0.860020955574063,1
1,0.923906818629137,1
0,0.9567297023998657,0
0,0.948243426362307,0
0,0.7639910228195725,0
0,0.9861816156401533,0
0,0.5546122804854472,0
1,0.9044343712997355,1
1,0.9328985568815593,1
0,0.8948871799167435,0
1,0.9775608327758858,1
1,0.8254160705919139,1
1,0.9019892883059132,1
0,0.7160922534643768,0
1,0.8527561796744394,1
1,0.9465232768828982,1
1,0.6453104032273302,1
0,0.9684406306851087,0
1,0.8430011004016736,1
0,0.8800365158802638,0
1,0.8881874960460124,1
0,0.9354754013512488,0
1,0.9175423143943788,1
1,0.8253980311313173,1
0,0.9565242510216032,0
1,0.9712372353549575,1
0,0.8235096870863647,0
1,0.9444585274053738,1
0,0.7626574403039922,0
0,0.8713502551445204,0
1,0.8411613856460427,1
0,0.6140479385832306,0
1,0.9999854399294796,1
0,0.8847083188546799,0
0,0.9478192372589272,0
0,0.8634914869446536,0
1,0.9491384132777887,1
1,0.7011797366815272,1
0,0.8393040319471774,0
0,0.989129610592849,0
1,0.6853996587289585,1
1,0.9577363555519222,1
1,0.8812598671934235,1
0,0.956221843412055,0
1,0.5642169843496814,1
0,0.6383828774406752,0
1,0.5916041066548522,1
0,0.9746128304670099,0
1,0.9327106600088517,1
1,0.7336577056212215,1
1,0.8732866255349396,1
0,0.6681392731851415,0
1,0.8187444130937,1
0,0.9041218986507926,0
0,0.9494589650262121,0
0,0.8521711669524297,0
1,0.9386127212364952,1
1,0.8854431636119826,1
0,0.7984671420994011,0
0,0.87112671991582,0
1,0.9921997604203395,1
1,0.9573452600396513,1
1,0.6741487772260081,1
0,0.820131983817821,0
0,0.9531703124345808,0
0,0.8019776492782045,0
0,0.8279036362382085,0
0,0.9642033368843488,0
1,0.5880877498639352,1
0,0.9215768410148849,0
0,0.9618962151213211,0
0,0.8680058376844859,0
0,0.8262317541708447,0
0,0.9008169819888522,0
0,0.962607103684436,0
0,0.8244110837437227,0
1,0.6195664090970441,0
1,0.8459248839246161,1
1,0.9138225837403456,1
0,0.9766371475800893,0
1,0.9438277680062666,1
0,0.6942585856927288,0
0,0.998709651355972,0
0,0.859318062852488,0
0,0.9508218564997144,0
1,0.9436872223407442,1
1,0.9581108897242894,1
0,0.9082929654490632,0
1,0.8258635014271609,1
0,0.8546780597856549,0
0,0.9374470775456062,0
1,0.9721651622618366,1
1,0.8673252998507059,1
0,0.8866296184146123,0
1,0.7867338213560888,1
1,0.6412903078471143,1
0,0.8900290903341919,0
1,0.8417917008117036,1
0,0.8988117837344093,0
1,0.8630055387510126,1
0,0.9504601532391073,0
1,0.9088604534040874,1
0,0.8616703146660023,0
0,0.8586532729198786,0
0,0.9930976727761294,0
1,0.961668924787838,1
0,0.7319806144877814,0
1,0.8307261700088284,1
1,0.9404774949403782,1
0,0.9236209954940978,0
0,0.8703288805626703,0
1,0.8495097855786132,1
0,0.7035861325766429,1
1,0.6618098801441799,1
0,0.9513015180595045,0
1,0.8514307319273543,1
0,0.8507954759384875,0
0,0.9591114585183664,0
1,0.5854096722110922,1
1,0.9284509852730064,1
1,0.6360549515404531,1
1,0.8994784481878317,1
0,0.9687970894252845,0
0,0.9391055609012471,0
0,0.8797314537964063,0
0,0.9080830449198849,0
0,0.8175367482128215,0
1,0.8813236625362447,1
1,0.9460039440322189,1
1,0.9840810186495632,1
1,0.8094449677890112,1
1,0.9958349443857222,1
0,0.9104587773372836,0
0,0.8101107922112515,0
0,0.8788848648817891,0
0,0.9876263262614606,0
0,0.8249000036461647,0
0,0.5405901620188884,1
1,0.9953191645036492,1
0,0.9595187810440937,0
1,0.933480944449116,1
1,0.9870920938327039,1
1,0.9699007998622782,1
0,0.7772960702414479,0
1,0.9181607329752387,1
1,0.7893485207060786,1
0,0.8267179396462727,0
1,0.7352999872891604,1
0,0.8662736207468186,0
1,0.9198719355872838,1
0,0.9830646817780417,0
1,0.7632901125042765,1
0,0.900678531972907,0
0,0.9920264762083487,0
1,0.86741272531929,1
1,0.9099105265513708,1
1,0.6795439065126702,1
0,0.8956068971448173,0
0,0.9833652318496245,0
0,0.9459226372989656,0
0,0.9851105286502196,0
0,0.8678765959250452,0
0,0.9347803468806617,0
1,0.9894118102766625,1
1,0.9546616445953754,1
1,0.7434979558425557,1
0,0.9982285293360456,0
1,0.981347847767003,0
1,0.9695813638608538,1
0,0.8771987399895758,0
0,0.6403234217401185,0
1,0.9242103980472958,1
1,0.6125780871682802,0
0,0.777111197771342,0
1,0.5077885733329871,1
0,0.993579721809269,0
1,0.9823198057779611,1
0,0.9628922898382063,0
0,0.7796426822703112,0
1,0.7533618329198707,1
0,0.8140620331537578,0
1,0.938944924151529,1
1,0.7827354244800744,1
1,0.9373631463804096,1
1,0.8150301900668904,1
1,0.9528676181885538,1
0,0.926166529177637,0
0,0.9380607661664536,0
1,0.9447598315878368,1
0,0.9656939132570381,0
1,0.8163768465138624,1
1,0.790968269980326,1
1,0.9215718480251947,1
1,0.9224760603425632,1
0,0.9770227325101424,0
1,0.9233383640761152,0
0,0.9854707218106217,0
1,0.79385522574101,1
0,0.8931279642683738,0
1,0.9643008668741905,1
1,0.8520734122552003,1
1,0.9150116632870917,1
1,0.635419245987727,1
1,0.8550415748215154,1
1,0.9233491201066021,1
1,0.927410160635029,1
0,0.7651802478119227,0
1,0.8881698546199549,1
1,0.7701900442883614,1
0,0.9979776090992649,0
1,0.8375097218969613,1
0,0.9375477024559686,0
1,0.8713431801656844,1
1,0.7960972081098305,1
1,0.8887966069490297,1
1,0.9640657983215448,1
1,0.9122504526479621,1
0,0.9831427287914944,0
0,0.9976145032033887,0
0,0.8853141029343792,0
1,0.6667768272499776,1
1,0.8823446977094035,1
0,0.8561454755175139,0
1,0.8400409981595175,1
0,0.9097546073750049,0
1,0.9483019764583227,1
1,0.904233195097129,1
1,0.9125376375303591,1
1,0.5759323212396757,1
0,0.7520685213386574,0
0,0.9608998941301196,0
0,0.9344744641563746,0
0,0.9450888720775413,0
1,0.9149795519974521,1
1,0.9517224367607369,1
0,0.9883806368569591,0
0,0.9223097940963051,0
1,0.9396495225819514,1
0,0.9943847645523575,0
0,0.9687492197218892,0
1,0.6149743855312878,1
0,0.957829889873623,0
0,0.8080632111129438,0
0,0.7992735487712842,0
0,0.9498969963206729,0
0,0.8906502966712532,0
1,0.8986586085107217,1
0,0.9611812334338609,0
0,0.8289807648792248,0
0,0.8455291121569584,0
1,0.7904954720540267,1
0,0.9221614956247107,0
0,0.9449876597709059,0
0,0.8592019727741884,0
0,0.7970189199875488,0
1,0.9999895278237073,1
0,0.7360854407051098,0
0,0.9014153163222993,0
0,0.9611654785248338,0
1,0.9964511143405629,1
0,0.9110635643467798,0
0,0.9128313397863475,0
1,0.8464403731308541,1
0,0.9084182120799491,0
0,0.8801503274029449,0
1,0.9497098012020532,1
1,0.48505026541434204,0
0,0.9886915520624814,0
1,0.7051754322157464,1
0,0.7573712671749027,0
1,0.9324869705286194,1
1,0.7208555264026651,1
0,0.9776632839507716,0
1,0.9146566350470051,1
1,0.6321574267566511,1
0,0.7729027742653325,0
0,0.7360375902135997,0
1,0.9904757514647309,1
1,0.8601770507335872,1
0,0.9414860749925862,0
0,0.8675420380297221,0
1,0.8698327563402121,1
0,0.8274124337048665,0
0,0.8756581911512225,0
0,0.932705654790102,0
0,0.8762054995223744,0
1,0.8356806841054029,1
1,0.821524350650062,1
1,0.8552021330657165,1
0,0.9550861712274511,0
1,0.9901358707618274,1
0,0.7145543896826912,0
1,0.9960047719197672,1
1,0.7882899305646657,1
0,0.5680781628420916,0
1,0.8342774027975132,1
0,0.9889179218508387,0
1,0.9909752534476367,1
0,0.9300398062764632,0
1,0.9367995307663984,1
0,0.9532530904308137,0
1,0.860358444764656,1
1,0.7342137711684711,1
0,0.6425672493896362,0
1,0.7116858118598696,1
1,0.7250029651624044,1
1,0.9194130286991542,1
0,0.8889343542635507,0
1,0.9236226394291285,1
0,0.9997335896223786,0
0,0.7757651578172648,0
1,0.9680299394084991,1
1,0.7887142254549879,1
1,0.8081486826205797,1
1,0.9331689830020734,1
0,0.8041639063230539,0
1,0.9495532360442216,1
0,0.7372599649462556,0
1,0.907927634300673,1
0,0.8802924088142552,0
0,0.8782297065016363,0
0,0.9522490792288661,0
0,0.8128212908283314,1
0,0.7849805502148206,0
0,0.9094875167827278,0
1,0.6523348041720071,1
1,0.5094197262543262,1
0,0.7681692127927275,0
1,0.8437377799820619,1
1,0.653244415855189,0
1,0.7917199082479749,1
0,0.8410249514117486,0
1,0.6195153768710878,1
0,0.9571579190828667,0
0,0.8636818098857633,0
0,0.8955718888926762,0
1,0.9452815878555462,1
0,0.986158181332406,0
0,0.9154265550638173,0
0,0.9285264547228417,0
0,0.9345173480180502,0
1,0.9703477114657261,0
1,0.989448650392996,1
1,0.9213077687793404,1
0,0.9928895274247967,0
1,0.9093263236610658,1
1,0.9724892158565077,1
1,0.8880249691326596,1
1,0.7386809669046124,1
1,0.9284386878078374,1
0,0.660196603061315,0
1,0.9610025142662996,1
1,0.7733349782146186,1
1,0.9734282150446952,1
0,0.9050486122273951,0
0,0.933301544644613,0
1,0.8013589121240358,1
0,0.8686998563004436,0
1,0.6599157963489808,1
1,0.7975363919384735,1
1,0.7008631494744609,1
0,0.9161884748301291,0
1,0.5904924000455973,0
0,0.6876669416708728,0
0,0.8896460622764137,0
1,0.9652536276234921,1
0,0.8332517836207506,0
1,0.8787675396909789,1
0,0.9625716929059437,0
1,0.9711153503320297,1
1,0.9727431768309661,1
1,0.9653532282040097,1
0,0.9618199809565795,0
0,0.9759289886086591,0
1,0.9431974511994247,1
0,0.7961420056221248,0
1,0.987687657577675,1
0,0.921442489395094,0
1,0.7544525559992397,1
1,0.8337450222852951,1
0,0.9985307226214736,0
0,0.8572846931594846,0
0,0.960133581566253,0
0,0.8335930967214834,0
0,0.9867361317804355,0
0,0.9060563467700705,0
1,0.9263894007371118,1
1,0.898841663673067,1
0,0.9819028466394798,0
1,0.8089440636747204,1
1,0.8940493419696319,1
1,0.9228565925144642,1
0,0.8369909257995698,0
0,0.9400589997114417,0
1,0.8770290764691892,1
0,0.7799209973100368,0
1,0.6492969868550078,1
0,0.9795244265277997,0
0,0.9782751976843583,0
0,0.9037773177700167,0
0,0.8678480908973152,0
1,0.8371780710762505,1
1,0.7678462577297321,1
0,0.9536946568949313,0
0,0.7794121105493468,0
0,0.722772732941429,0
0,0.907482558547442,0
0,0.6863155656978437,0
1,0.7283273196615752,1
0,0.9036596438878326,0
1,0.6072590889788753,1
1,0.6450928114219621,1
1,0.9209249624582067,1
1,0.9034215901235727,1
1,0.7244091434774926,1
0,0.7999257222513216,0
0,0.9204482787147459,0
0,0.9056566536847742,0
0,0.9732535636975072,0
1,0.8981648572684574,1
1,0.8715170816303207,1
1,0.636251112610439,1
1,0.8098246799744071,1
1,0.8580167955846673,1
1,0.9810130793857731,1
0,0.6257087809246228,0
1,0.9849993220882334,1
0,0.9452714808914715,0
0,0.8768518971171804,0
0,0.8920650418399588,0
1,0.7704642766961898,1
1,0.9920907315033626,1
1,0.8633583862648364,1
0,0.9920934078476984,0
0,0.9512695119309952,0
1,0.8824581963286883,1
1,0.8873443786228616,1
0,0.8701324903500702,0
0,0.8950971184689921,0
0,0.8285517664711676,0
0,0.8720764014563698,0
0,0.9762419849611591,0
1,0.7272872596557457,1
1,0.86600556169268,1
1,0.8851168374985554,1
1,0.719499062759844,0
0,0.8778353517147163,0
0,0.9680720630513825,0
0,0.8282728424554217,0
1,0.952077669129183,1
1,0.9358159251501031,1
1,0.9710777730348097,1
0,0.99248216580197,0
0,0.6718876249121158,0
1,0.8089437126193838,1
0,0.9315996975343955,0
0,0.9321711969954172,0
1,0.9601696876168764,1
0,0.8119216474684127,0
0,0.7119553277162383,0
1,0.985794948560054,1
0,0.9063997741268048,0
1,0.9444492263498139,1
0,0.880964574383967,0
1,0.9367526878000333,1
1,0.7953631075488857,1
0,0.6800681033920378,0
1,0.9286128850612307,1
1,0.6677319455476854,1
0,0.9538656927892922,0
0,0.9812045885404566,0
1,0.9926403849585499,1
1,0.9928077032173158,1
1,0.8523480871708943,1
1,0.891456726696103,1
0,0.9633536795062498,0
0,0.9072741958640095,0
1,0.8247226863886234,1
1,0.8157902906130791,1
1,0.899862546273903,1
1,0.5117545179207171,1
1,0.839244029461189,1
1,0.9108290813544806,1
1,0.9746253268856272,1
0,0.9351176717208852,0
0,0.9576752712342422,0
1,0.8042073363838464,1
0,0.8556850583925347,0
0,0.7346153721218016,0
0,0.8693402282083456,0
1,0.9773410636209902,1
1,0.9652231696111017,1
0,0.8620435003589597,0
1,0.8589958311842173,1
1,0.9648293997335187,1
1,0.9254717250578399,1
1,0.8225446772745616,1
1,0.9433901392802568,1
1,0.8614023416732295,1
1,0.7439941363453942,1
0,0.7313637338889404,0
1,0.8454716804727989,1
1,0.9281721587192042,1
1,0.8521153587929371,1
1,0.7059016922819229,1
0,0.9835095322448376,0
0,0.9549666890426651,0
1,0.8862051491799957,1
1,0.7578046644525691,1
1,0.7465516783831083,1
0,0.9126976535508561,0
1,0.967986327862428,1
0,0.8204807524749594,0
0,0.8746401650174975,0
1,0.9957926533814822,1
0,0.9034746779661682,0
1,0.8981887541130184,1
0,0.7971722329399568,0
0,0.9831994736286165,0
1,0.9299473412795486,1
1,0.9901209896913629,1
0,0.7754485159819073,0
0,0.9343368351276364,0
0,0.8451054300107756,0
1,0.7931881782670622,1
1,0.9873710374449857,1
0,0.9862058577957432,0
1,0.9008416277485266,1
0,0.9812043933538155,0
0,0.9515646690977633,0
0,0.9503814673044554,0
1,0.7047380838804859,1
1,0.9437196518292394,1
0,0.9521435051617392,0
1,0.9458472348631501,1
1,0.9560951696846253,1
1,0.747058441420773,1
1,0.9959622422632476,1
1,0.830700010886547,1
1,0.9016072664055956,1
0,0.9761462196182804,0
1,0.9676571429968563,1
1,0.7845195281070121,1
0,0.9516330551344463,0
1,0.842547087996851,1
0,0.8994407012951258,0
1,0.9538695214776169,1
0,0.9438644292663287,0
1,0.9011768855254086,1
1,0.9229098493698934,1
0,0.9706891500028944,0
1,0.9840433401625401,1
0,0.9544923156349501,0
1,0.8611969476058079,1
0,0.7902521987339142,0
0,0.925616364888335,0
0,0.8602264001798574,0
0,0.7153007229292959,0
1,0.951469314306957,1
1,0.6631503559112264,1
1,0.9790336513528314,1
0,0.6185554126057993,0
1,0.6130395478179763,1
1,0.7477700171762344,1
1,0.663680940353527,1
0,0.921611699641688,0
0,0.918230128713002,0
1,0.9644167662207241,1
1,0.7834178395771514,1
1,0.8177126126514457,0
1,0.7994710475056538,1
0,0.9149726768061398,0
0,0.9528848912153729,0
0,0.9786271476283037,0
0,0.8071303470983411,0
1,0.6817089130794342,1
1,0.8826984835867195,1
0,0.9183520200191809,0
0,0.839742378573664,0
0,0.9741710911007281,0
0,0.9818105756584109,0
1,0.9783439515289037,1
1,0.8839941761681622,1
1,0.8975756756742735,1
0,0.9768704413704438,0
1,0.5174845171092821,1
1,0.9777456927086465,1
1,0.8925389066630356,1
0,0.717385792106432,0
1,0.5477919517364639,0
0,0.904951583695937,0
0,0.9770787150710455,0
1,0.9109716909582819,1
0,0.7501456222460983,0
0,0.9908407136580003,0
1,0.7379319819364915,1
0,0.7633749690833576,0
0,0.9758105967821131,0
1,0.9586814063402368,1
0,0.7465602848922581,0
0,0.7906648265807741,0
0,0.9390385890261987,0
0,0.7426736871424305,0
0,0.9999584415657301,0
1,0.8932201920051867,1
0,0.8410637753691561,0
0,0.9503199545151814,0
1,0.9128913807594659,0
1,0.8689470723336442,1
1,0.9523943697438014,1
1,0.7053317015778685,1
0,0.9118351218450838,0
1,0.8854915028988796,1
0,0.7872106977976958,0
0,0.7207267519768163,0
1,0.7416281367671599,1
0,0.861838646572559,0
1,0.9914471967704912,1
1,0.9379886504817697,1
1,0.9387162785856971,1
1,0.9008325979877669,1
0,0.741553984828424,0
0,0.9982071850586184,0
0,0.9718810070864005,0
1,0.7199377937422842,1
1,0.9724665969745857,1
1,0.9834189251914391,1
1,0.823570477014907,1
0,0.918365269698877,0
0,0.8526974721156116,0
0,0.9945996587056931,0
0,0.875127605884104,0
1,0.9542180404789364,1
1,0.8777266451343382,1
0,0.8744968187023737,0
0,0.8953720414469833,0
1,0.9554437095924481,1
0,0.9375278854878013,0
0,0.6648345919945456,0
1,0.48688321856647443,1
0,0.9656355592691127,0
1,0.9333195189314071,1
0,0.8981312658501871,0
0,0.6773741704225599,0
0,0.8313996247220574,0
1,0.9014826381130028,1
1,0.989999219555185,1
0,0.9739238482416298,0
0,0.9755536041131322,0
1,0.933852127598929,1
1,0.8123386709238573,1
1,0.7271008646880247,1
1,0.8064576318998928,1
1,0.7154951102960999,1
1,0.935992681157885,1
1,0.9113814309707307,1
1,0.9115945224659653,1
0,0.9282623797358848,0
0,0.9676269609434547,0
0,0.9213861648921248,0
1,0.8556452649471633,1
0,0.9641634845550946,0
0,0.6823623547188573,0
1,0.6928912327627508,1
1,0.9731217426647818,1
0,0.9723525376578066,0
0,0.6551944690546677,0
1,0.6713815046203052,1
0,0.9460498461696255,0
1,0.7193199982905039,1
1,0.6214621012501519,1
1,0.7846539938378916,1
1,0.9536920946026781,0
1,0.8988596823027711,1
0,0.8711586684441935,0
1,0.5333717777558724,1
0,0.952881441431067,0
1,0.8922811722402427,1
1,0.7834480167557064,1
1,0.9848698285638635,1
0,0.9831704400689173,0
0,0.8881203276407882,0
0,0.7300752218895564,0
1,0.8369527709436511,1
0,0.6079257337652918,0
0,0.6625217478496692,0
1,0.8930841966385086,1
0,0.818650971335402,0
0,0.9653010762347662,0
1,0.759341028297751,1
1,0.516105688414399,1
1,0.9549865857551549,1
0,0.9936949359521896,0
0,0.8305278275013024,0
1,0.5554498712545465,1
1,0.7706027622925937,1
0,0.9582477442444688,0
1,0.6471155205710878,1
0,0.7397587760977049,0
1,0.8727232579624,1
1,0.9239338481457575,1
1,0.7534427892614739,1
1,0.9285719091314494,1
0,0.9982501791716709,0
1,0.8276407541434758,1
0,0.9313740260066091,0
0,0.9362239178067715,0
1,0.8627956526381787,1
0,0.9503778969483887,0
1,0.9319994124364277,1
1,0.8753620325983937,1
1,0.8625330203073578,1
1,0.9472889291341889,1
0,0.9475504064138414,0
0,0.9722179991226372,0
0,0.831052543347151,0
0,0.768489504829492,0
1,0.9254914839105907,1
1,0.9271559561389392,1
0,0.9703056461514405,0
0,0.9692196222657306,0
1,0.6429924545082637,1
1,0.891243515576187,1
0,0.9662257780864465,0
0,0.940133326324894,0
0,0.9704418700104573,0
1,0.9351574797167285,1
1,0.8533674057208999,1
1,0.9339826325722913,1
1,0.9873933765282146,1
0,0.831083469696804,0
0,0.7669990754245983,0
1,0.726934710526083,1
1,0.7767360701150552,1
0,0.8157295154599831,0
0,0.8123455179939897,0
0,0.9489228238512569,0
1,0.5115841754710456,0
1,0.5527477107653772,0
1,0.7672010497194018,1
0,0.9297435544207897,0
0,0.9971904304046124,0
0,0.9109155031958615,0
0,0.7942176908909465,0
0,0.7594674057754696,0
1,0.7085415807234836,1
1,0.9176512686157204,1
0,0.8841163517135673,0
0,0.9714695794238363,0
0,0.977766004634072,0
0,0.9773185589820611,0
0,0.8158553545739164,0
1,0.7184979647106238,1
0,0.9024684994655551,0
1,0.6906831445583458,1
0,0.8911443400158369,0
0,0.9425613959360727,0
0,0.964815702069544,0
0,0.8876826722965033,0
0,0.6301371639815915,0
0,0.9651259254536261,0
0,0.9456375497152621,0
0,0.9894188754961486,0
0,0.8559603091068478,0
0,0.9356039530524306,0
0,0.8777348602123813,0
0,0.9240939394922517,0
1,0.666764835407952,1
1,0.6531318927182908,1
1,0.8341413484059536,1
1,0.8780721896429803,1
1,0.5922045360745717,1
1,0.7228523149744984,1
0,0.9592890605923393,0
1,0.9229738934404661,1
0,0.9353068074477977,0
1,0.7617530105723316,1
1,0.8574049762089814,1
1,0.7130713258061625,1
1,0.8418569203948195,1
1,0.988140587987808,1
0,0.8740321115589978,0
1,0.5832946020807687,1
1,0.9930375771691231,1
1,0.7579014733705497,1
1,0.9730920560120822,1
0,0.8852118445976347,0
1,0.8078390317052343,1
0,0.9435335214093153,0
1,0.7416400754701967,1
0,0.8556628184120169,0
0,0.9225224274092847,0
0,0.7849387511163275,0
0,0.9741725451152216,0
1,0.9543828422887195,1
0,0.9269549600663417,0
0,0.9745433981669736,0
1,0.8007343838114139,1
0,0.7211323393011629,0
0,0.9650405607172469,0
1,0.5,1
0,0.9630976447897864,0
1,0.6051526941399519,1
1,0.8622243939426834,1
0,0.7234171514064967,0
1,0.9032549630801586,1
0,0.8360404838954043,0
0,0.9828171618528552,0
1,0.9685011926074515,1
1,0.5322548855285659,1
1,0.7862454455983285,1
0,0.7861323228068767,0
1,0.8404041644518631,1
0,0.8128910134187372,0
0,0.99661482566477,0
0,0.8002760043567628,0
0,0.9269787737232753,0
1,0.8876303061303104,1
1,0.9672779127724129,1
0,0.9605558852736119,0
1,0.7196640418881208,1
0,0.9404120181154361,0
1,0.9276027551613297,1
1,0.970707855906367,1
0,0.9740838791678336,0
1,0.8711831304657872,1
1,0.9646698457006916,1
0,0.8827978341820896,0
1,0.7134206452941064,1
0,0.9710391506369044,0
1,0.9321165422168624,1
0,0.7478231046743966,0
0,0.9129724782438358,0
1,0.9749666174246095,1
1,0.8001668230833997,1
0,0.9720608422505906,0
1,0.690050470428472,1
1,0.9111053036891525,1
1,0.9522822437633316,1
0,0.9398119454619265,0
0,0.8740125069035904,0
1,0.6156086472994107,1
0,0.965303441094932,0
0,0.7693848132345241,0
1,0.9143910067004871,1
1,0.9686724191960233,1
1,0.7215318366391977,1
1,0.9130028651690059,1
1,0.9742477790764409,1
1,0.8537249640465775,1
0,0.8109419108917966,0
0,0.9004289611699606,0
1,0.8373386879584985,1
0,0.9147754276352689,0
0,0.9597209928261682,0
0,0.9577570045996331,0
0,0.9719569276942212,0
0,0.8656081257932179,0
0,0.7110906476140272,0
0,0.9405058381245593,0
0,0.9439966831823343,0
0,0.950089019019424,0
0,0.9062163038158452,0
1,0.800261086782639,1
0,0.9480713600871099,0
0,0.8999452180636166,0
0,0.9321279884623689,0
0,0.8809636000787574,0
1,0.9844222692429392,1
1,0.9049207273642337,1
1,0.9409520769594026,1
1,0.7335950370626856,1
1,0.876028215483814,1
0,0.972526728167604,0
0,0.9405198356463826,0
0,0.9740505464819456,0
1,0.9874299627708286,1
1,0.852944376458296,1
1,0.8849227083007063,1
1,0.7117779978413163,1
1,0.8435562148093994,1
1,0.7953663030148312,1
0,0.5641165395519558,1
0,0.8615838115642582,0
0,0.9372014402895357,0
1,0.6530822295687347,1
1,0.9254460359275708,1
1,0.6892565048249962,1
1,0.8410489623218599,1
0,0.9981539950736364,0
0,0.9291132178476814,0
1,0.8271322928326293,1
0,0.8867032160324624,0
1,0.8740353082583566,1
1,0.4785526273207629,1
1,0.7355169612019401,1
0,0.9218203133014828,0
1,0.757095988898965,0
0,0.9692724895373814,0
1,0.8416488586185389,1
0,0.7174454157258167,0
0,0.8221856335216483,0
0,0.8724984340706265,0
1,0.7996492357417055,1
0,0.8740011814551856,0
0,0.9161523976354697,0
0,0.6469264704461487,0
1,0.7031428229202329,1
0,0.7386724294835242,0
1,0.9190875388157056,1
0,0.6938803095358624,0
1,0.5099748654565518,1
0,0.9898168559102462,0
1,0.770957258897035,1
0,0.9351951052908882,0
0,0.5835914229628678,0
1,0.9081771362390226,1
1,0.8457564988048591,1
1,0.6908281214802156,1
0,0.8592173111334047,0
1,0.9763460979755074,1
1,0.9498189754071824,1
0,0.8440220237680255,0
1,0.7710621047787066,1
0,0.7420935771873619,0
1,0.9063777071538274,1
1,0.9668108277610598,1
1,0.668324284042539,1
1,0.7653459754551954,1
0,0.6197612332143566,0
1,0.7922857981971646,1
1,0.8290383721981939,1
0,0.8096489633876941,0
0,0.9803112857032781,0
1,0.9154903476433859,1
1,0.9860594820681996,1
0,0.9932942136188133,0
1,0.9188214892006554,1
1,0.7981517442511866,1
0,0.8868622307020478,0
1,0.9143668005281768,1
1,0.9286467872046814,1
1,0.9857284224758434,1
1,0.929295415465123,0
0,0.7624793339301398,0
1,0.72244352316691,1
1,0.9420985034834989,1
1,0.9114711386302745,1
1,0.9058237501588106,1
1,0.9745357880732616,1
1,0.9468240377022628,1
1,0.5840228077133304,1
0,0.8625949384732867,0
1,0.9434556634604434,0
0,0.7280430845593747,0
0,0.9375586583134422,0
0,0.9114424030119463,0
0,0.8314615939961094,0
0,0.7513859577618497,0
0,0.8432563753231815,0
1,0.9663957803358768,1
1,0.9752285115615159,1
1,0.8537736339876077,1
0,0.8440365527640538,0
0,0.7799099679341137,0
0,0.871017223426991,0
1,0.6339601504521644,1
1,0.9680633351464082,1
1,0.9235726934695365,1
0,0.8555346696680501,0
1,0.9126565047522206,1
0,0.9331676599135473,0
1,0.8117046742133629,1
1,0.7995936640115794,1
1,0.5553454841633999,1
0,0.9382420112437937,0
0,0.8631581026578977,0
0,0.9556068721399966,0
1,0.8991379145786523,1
1,0.9972226938426815,1
1,0.9906547227370219,1
0,0.8652013507294426,0
0,0.9157004572136822,0
0,0.8819453485455425,0
1,0.9619481451014873,1
1,0.5922498700772351,1
0,0.9443481135809668,0
1,0.6871812331565361,1
1,0.8616237885705113,1
1,0.8502786774243354,1
1,0.9639981298385089,1
0,0.8199688235179998,0
1,0.8323300165119775,1
1,0.992549592055141,1
0,0.9109258830269658,0
0,0.9529496145616602,0
1,0.5835328304226446,0
1,0.8683036141334424,1
1,0.7061543470088291,1
0,0.9833586712521306,0
0,0.8500062109600882,0
1,0.8527372633525565,1
1,0.9674652129623951,1
0,0.6540407108994656,0
0,0.8415420458219829,0
0,0.786088855506004,0
1,0.6840362088066443,0
1,0.9275046558945044,1
0,0.8191538179174885,0
1,0.9198718705003147,1
1,0.4752334808725303,1
1,0.9322386775047786,1
0,0.7868725895066115,0
0,0.7735578757701485,0
1,0.9828578232288796,1
0,0.9814409542888518,0
0,0.955651929115314,0
1,0.9907067360043627,1
1,0.9421542558023236,1
1,0.8554730706828768,1
0,0.952894684193589,0
0,0.89135600561916,0
1,0.8368690874943223,1
1,0.9218906663205214,1
0,0.9437859464783718,0
0,0.945581488277978,0
1,0.8119939895725966,1
1,0.7010740689759988,1
1,0.8750806186669752,1
0,0.9038169262643293,0
0,0.7776963482828256,0
1,0.8298404639844943,1
1,0.9379361680192125,1
1,0.9307585255287889,1
1,0.4892634277556089,1
1,0.9084493504313833,1
1,0.6592559886625461,1
0,0.9633441103205281,0
1,0.8202811895857819,1
0,0.812425293067535,0
0,0.9989211290395326,0
1,0.8197995466468148,1
1,0.8750779605544207,1
0,0.8860435610568846,0
1,0.8296078291053632,1
1,0.9963171315251111,1
1,0.819528297991566,1
0,0.7715517282387142,0
1,0.7750888378549503,1
0,0.9395027154830154,0
1,0.678521612596046,1
0,0.891865052085955,0
0,0.8681022316121488,0
0,0.9896720931938735,0
1,0.9275961431055645,1
0,0.8704701038590091,0
0,0.9543238951769779,0
0,0.7807201378317726,0
0,0.9675446687726965,0
1,0.9902756988779142,1
1,0.9714403330544675,1
0,0.780614502532246,0
0,0.9794055475929935,0
1,0.6024027140953213,1
1,0.9686642380706273,1
0,0.9741269149036976,0
0,0.9468981907188623,0
0,0.9646545406040934,0
1,0.9499964282746579,1
1,0.8309330169648707,1
0,0.9588849401439173,0
0,0.7035237980083907,0
1,0.9823868939921574,1
0,0.902995036259496,0
1,0.7756365631146727,1
1,0.7125637249634257,1
1,0.915900680888023,1
1,0.9331446520331935,1
1,0.8526402525243141,1
1,0.9267213937907118,1
1,0.9209717149321827,1
1,0.6854630628153184,1
1,0.9326938267318741,1
1,0.8948862842096805,1
0,0.9283306499364097,0
0,0.8682991068316882,0
0,0.9514348867644303,0
0,0.8738605839317313,0
0,0.8413291772829418,0
1,0.7960489057625405,1
1,0.8941138310915427,1
0,0.9915221105491844,0
0,0.9463477504567657,0
1,0.8373438792190935,1
0,0.9788117378158021,0
0,0.9083680445771406,0
1,0.7965908671991786,1
1,0.5798202821706133,0
1,0.9472911048943706,1
1,0.9625168825553121,1
1,0.6755829898011377,1
0,0.7648800580772964,0
0,0.8978172105882114,0
1,0.8543026389032229,1
0,0.9962199943913551,0
0,0.948316871170622,0
1,0.8406358463529312,1
1,0.9535937149081342,0
1,0.9886707299191125,1
1,0.9423947461005382,1
0,0.7995590824018225,0
0,0.8464307449974073,0
1,0.8045229498582572,1
0,0.7781018479588336,0
1,0.9888643497406294,1
1,0.8232490789937075,1
1,0.8924473406356391,1
1,0.8256329014156136,1
1,0.6456129780337172,1
1,0.8351342399930928,1
1,0.9626546671003423,1
0,0.9285402680623238,0
0,0.8412190149841313,0
1,0.9513314791300899,1
0,0.9847124920523416,0
1,0.8944098225557222,1
1,0.6419288942808403,1
0,0.8513384401565302,0
1,0.5227581424229348,0
0,0.5811913650109285,0
0,0.7057712961176079,0
0,0.9627405446235235,0
1,0.8909454465371437,1
1,0.8822805928877402,1
0,0.7720082388229138,0
1,0.9791109794107666,1
1,0.673028261725029,1
0,0.9915179955129231,0
1,0.7955576335357115,1
0,0.9458278728930024,0
1,0.8562762304404266,1
1,0.9403706122555575,1
1,0.9528351459516531,1
0,0.9834686170537674,0
0,0.5989933210517479,1
1,0.8949694799086987,1
1,0.8389630157908889,1
1,0.9580880077853975,1
0,0.8786158616622245,0
0,0.7181806900515739,0
0,0.9119276788287825,0
1,0.9536022381182315,1
1,0.9042820487793672,1
0,0.9214556949494063,0
1,0.637430333517793,1
1,0.880068627614728,1
0,0.8715950973027916,0
0,0.8955903364187274,0
1,0.8886208773496852,1
0,0.7769569367371431,0
0,0.8671420284545822,0
0,0.9021356930063495,0
0,0.804327949514458,0
0,0.9144814778663126,0
1,0.845351318152972,1
1,0.6817568045699951,1
1,0.8227534028661089,1
0,0.977100034085221,0
0,0.9221697421208446,0
0,0.9344804613398514,0
0,0.7815322468758175,0
0,0.8758856788168631,0
1,0.6718939868905787,1
1,0.9589007317128699,1
1,0.794698304518417,1
0,0.9138509051026406,0
0,0.8153651893009177,0
0,0.980463422529927,0
0,0.6989917134423446,0
1,0.9745130828521923,1
1,0.677556836693289,1
1,0.645890850033456,1
0,0.9519485322969328,0
0,0.9225147062885863,0
1,0.6799592384418932,1
1,0.8196450337122513,1
0,0.8393906770663866,0
0,0.8562512230213905,0
0,0.7888044315997846,0
0,0.9356061108994012,0
0,0.9832947087178032,0
1,0.6906812505094547,1
0,0.6420350897969097,0
0,0.9845800379173982,0
0,0.7152434314524088,0
0,0.8643915290609977,0
0,0.994287538828777,0
1,0.9333477887893001,1
0,0.9155609094146697,0
1,0.9024247234765951,1
0,0.9941739603683903,0
1,0.9296225457796878,1
0,0.7946749217361064,0
0,0.962145257759544,0
1,0.9298890656095344,1
1,0.9959783018908633,1
0,0.9377027376967407,0
1,0.7575237899349963,1
0,0.8700068665170299,0
0,0.9480598392241878,0
0,0.9804897806040334,0
1,0.9484440503079532,1
0,0.9657814688865674,0
1,0.8070270143505481,1
0,0.9128472807882725,0
1,0.9547593203898892,1
0,0.8775177788095769,0
0,0.7768476113036729,0
0,0.9705920379420077,0
1,0.9801745242115593,1
0,0.9875411383885343,0
0,0.862382159850911,0
1,0.8046222256764791,1
1,0.9884164079815009,1
0,0.9926764041164616,0
1,0.9335329314084357,1
0,0.9616030022085647,0
0,0.9136346030951245,0
1,0.9396871021403571,1
0,0.9741838816498298,0
1,0.7401096705643675,1
0,0.667699080014573,0
1,0.900419418159255,1
1,0.6816053790107177,1
1,0.9553113253781034,1
1,0.8931896512854206,1
0,0.9621228240803577,0
1,0.9707025462238902,1
1,0.896152432567277,1
0,0.9151072098856902,0
0,0.7024534935660081,0
0,0.6349976693039732,0
0,0.9666472765383886,0
0,0.999940196917129,0
1,0.9496628712866186,1
1,0.9534291906650564,0
0,0.7111467719473492,0
0,0.7498846374883468,0
1,0.7573872667840239,1
1,0.8069189144016545,1
0,0.9675301475733908,0
1,0.9778903216725557,1
1,0.5508548069837401,0
0,0.7860635524685371,0
0,0.9278045598343926,0
0,0.9386211778389367,0
0,0.8517618839848725,0
1,0.9961357987521382,1
1,0.9245758691566011,1
1,0.8059335507895209,1
1,0.9139014213180258,1
0,0.6569779119501287,0
1,0.8737609476387003,1
0,0.9883549951296665,0
1,0.7972509073517573,1
0,0.7177491556529858,0
1,0.9901368362324129,1
1,0.9007716091994024,1
1,0.5683028562202446,1
0,0.7975425198880617,0
1,0.9327219318850485,1
1,0.9402943938488928,1
1,0.8647526868947437,1
0,0.9693944315912376,0
0,0.8012459422565492,0
1,0.528524456347499,1
0,0.970636834370991,0
1,0.9328953773683011,1
0,0.7324203637995415,0
0,0.9872204329410998,0
1,0.9195766407084552,1
0,0.9937023701693,0
1,0.8281284517685493,1
0,0.8145023807632079,0
0,0.810295837498166,0
1,0.9095576258264338,1
0,0.6838902884990183,0
1,0.807313281546623,1
1,0.735945769816969,1
0,0.8698565205966723,0
1,0.9708900469366452,1
1,0.9233864366685195,1
0,0.6317614549761137,0
1,0.8378034539699978,1
0,0.9753369659677265,0
0,0.9332434927152621,0
0,0.842135218500123,0
1,0.9557743718919467,1
0,0.8412891579291106,0
0,0.6913701959663041,0
0,0.9387922840718296,0
1,0.5,1
1,0.7667423652019616,1
0,0.7994617020586241,0
1,0.6700521776789281,1
1,0.8163502011148881,1
1,0.9952505648980827,1
0,0.94634455195074,0
0,0.9971377841581626,0
0,0.9028497169323335,0
0,0.950337802700207,0
0,0.782677410824544,0
1,0.9137068892498957,1
1,0.9744825932179002,1
0,0.8731415029965375,0
1,0.7812345992226389,1
0,0.7235436481357523,0
1,0.7127711762499392,1
0,0.9643150564449153,0
0,0.9342783731794887,0
1,0.5549104099445966,0
0,0.8619284295217696,0
0,0.8596560171505939,0
0,0.5398416676948548,0
0,0.9195850468429276,0
0,0.9907298320221888,0
0,0.8529383961984909,0
0,0.8174237717801326,0
1,0.9810385168101605,1
0,0.9139487726095488,0
0,0.8049569366756603,0
1,0.8515466355095264,1
0,0.7211307976840517,0
0,0.9984875793600373,0
0,0.9506625895046035,0
1,0.7266059339137788,1
1,0.8079316572178775,1
0,0.8806374614534821,0
0,0.9041144867583916,0
0,0.9145131177005922,0
0,0.9979864943199919,0
0,0.798678666271739,0
0,0.6563902161914935,0
1,0.6901721044546049,1
0,0.8853245976653383,0
0,0.6361582955251446,0
1,0.9540097144475638,1
1,0.8290777206545644,1
1,0.9679317670621475,1
0,0.9337021618943494,0
0,0.9916045237317692,0
0,0.8286226450875549,0
1,0.8825401095744083,1
0,0.9814122690816777,0
0,0.8485511328763748,0
0,0.7845392833708869,0
0,0.9666947339345161,0
1,0.9780141182227184,1
1,0.7855505524148558,1
1,0.8400961486636708,1
0,0.9884744686120556,0
0,0.908581904345862,0
1,0.9322316886688663,1
1,0.9229633393292828,1
1,0.9573925818967708,1
1,0.9561950882047576,1
1,0.9736258866481403,1
1,0.8394014126278564,1
1,0.7994721653255259,1
1,0.7003267131191886,1
0,0.6799525058259067,0
1,0.814404769432956,1
0,0.8975218570747031,0
1,0.8714130846754569,1
0,0.9254036449802177,0
0,0.9011287889979273,0
1,0.6479541501459429,1
1,0.9766840981732641,1
0,0.8759233321066978,0
0,0.965819603389195,0
1,0.9913750517600609,1
1,0.5808044488028512,0
0,0.8371057397253009,0
1,0.9654370187873711,1
1,0.724256476448609,1
0,0.9692706241645319,0
0,0.9539098613331556,0
1,0.980317351087542,1
1,0.7324729998908642,1
0,0.9629385387081876,0
1,0.6478800183376913,1
0,0.9874007710625152,0
1,0.9171382597586222,1
1,0.641005541858488,1
0,0.8350453738769413,0
0,0.9924673725733515,0
0,0.7192687920151427,0
0,0.8938188761487843,0
1,0.9770345679090942,1
0,0.7110655298318661,0
1,0.8870688989204619,1
1,0.7997464649336996,1
0,0.9526370100669689,0
1,0.9139341105729877,1
1,0.853147134547577,1
0,0.8398815205288814,0
1,0.8921546192460132,1
0,0.9957877698133863,0
0,0.8666025747090464,0
0,0.6637762504566713,0
0,0.6817221491650556,0
1,0.9410143549838259,1
1,0.9382941120785092,1
1,0.9130733353876789,1
0,0.7028856412230171,0
1,0.7540431231689182,1
0,0.9336279803804639,0
1,0.9066233992453365,1
0,0.7867556920976582,0
0,0.9431918649875956,0
1,0.8446663642478195,1
1,0.6543074616016882,1
1,0.9755305304509466,1
0,0.7779984924292246,0
1,0.9752330988667807,1
1,0.8553727291346561,1
1,0.7654769715969852,1
0,0.9063475913434944,0
0,0.9463246612153933,0
0,0.9989697182662366,0
0,0.8751033301935229,0
0,0.9604705870292689,0
0,0.9329045311565487,0
1,0.8665853868778891,1
1,0.8651405614465527,1
1,0.966861263363215,1
1,0.886349960770316,1
0,0.9625349846318167,0
1,0.7247499985121034,1
0,0.8951451182720497,0
1,0.9637379138266114,1
1,0.8813890053656452,1
0,0.8770094390534154,0
1,0.9414395330799759,1
1,0.8489480619579367,1
1,0.7600849856473245,1
1,0.7689204436431085,1
1,0.8038411328618316,1
1,0.7094485141354223,1
0,0.6568340332005307,0
0,0.9603158065384911,0
0,0.9637668537786264,0
1,0.9099799137273379,1
1,0.4718781146713981,1
0,0.8080268257135953,0
1,0.9205253345990264,1
0,0.864049599932556,0
0,0.9667054678869462,0
1,0.9013013649876005,1
1,0.9326759937828092,1
1,0.9393359774343618,1
0,0.9046857331776027,0
0,0.8597777578358131,0
0,0.7672496381717321,0
0,0.9364787424172825,0
1,0.7450759773509054,1
0,0.9688735635842836,0
1,0.9808007924500729,1
0,0.9258089380916413,0
0,0.9952331264870459,0
1,0.8881028148819822,1
0,0.8406085727449658,0
0,0.6208782707299312,0
1,0.8646812933304782,1
1,0.8577471978714256,1
0,0.9840673539428787,0
1,0.8456223843445847,1
1,0.6592163473299524,1
0,0.7021991757399564,0
0,0.8311502147463153,0
1,0.8714096657878587,1
0,0.7733503516001224,0
1,0.9855976880843274,1
0,0.9945529772596414,0
1,0.6029458049306173,1
1,0.8525465120629394,1
1,0.775962430256321,1
1,0.7596089585238707,1
0,0.781153595627415,0
0,0.9066526957957197,0
0,0.9612217039877978,0
0,0.9964064799910041,0
1,0.8779999416059295,1
0,0.7396138673202143,0
1,0.7782217593297408,1
1,0.8423797546769295,1
1,0.9164991075716716,1
0,0.6479374709830393,0
0,0.8280056356157506,0
0,0.9063930467611048,0
1,0.8808506534882863,0
1,0.9685393623559758,1
1,0.9443416409077575,1
0,0.7518959035864935,0
0,0.9721625577079657,0
0,0.9472773433893917,0
0,0.8228948833343943,0
0,0.9450654000957298,0
0,0.9392449771678846,0
0,0.8319706968270664,0
0,0.911578525403944,0
1,0.9749837508788233,1
0,0.8432912360946357,0
1,0.9746142054099709,1
0,0.8502230958998578,0
1,0.9759520712504426,1
0,0.8765193706583858,0
0,0.9060508309858288,0
1,0.8163200115307645,1
1,0.750644006685429,1
0,0.9514875304266551,0
0,0.8685941756851349,0
0,0.8502802394356701,0
0,0.9194428880567797,0
1,0.8805205806216384,1
0,0.9409748821928081,0
1,0.935559307591104,1
1,0.9767414104833599,1
0,0.9592775353663305,0
0,0.8794183009755278,0
0,0.8877888954838864,0
1,0.9437699554542422,1
0,0.9995957688081158,0
0,0.7683071359385562,0
0,0.8818831628875717,0
1,0.9129352981695222,1
1,0.600978962663305,1
0,0.915217097137923,0
0,0.8059028783128533,0
0,0.9640648242142277,0
0,0.8684952059456423,0
0,0.9269530300733805,0
1,0.9488109570696087,1
1,0.9070797628970915,1
1,0.9689058404630808,1
1,0.9459276047703354,1
1,0.899171453879434,1
1,0.9919784944494684,1
1,0.925957063491363,1
0,0.9239123853942506,0
0,0.8333604677241145,0
0,0.7487485896284165,0
1,0.8052232136381405,1
0,0.9384576900819922,0
0,0.7931375177597583,0
1,0.9702047794297487,1
0,0.7524056026979787,0
1,0.9402063223733891,1
0,0.9800136013645169,0
1,0.7172724993098213,1
1,0.8179889739617889,1
0,0.9276569544227564,0
1,0.7790342516967175,1
0,0.7491777891729211,0
0,0.6834332650380895,0
0,0.9031075968557123,0
0,0.9451111464747343,0
1,0.9999975178359785,1
0,0.9824721309515447,0
0,0.9909522903780847,0
1,0.6925447035038965,1
0,0.8624151289588592,0
0,0.9274127681144948,0
0,0.9147196136179976,0
0,0.8079654726498087,0
1,0.7058182541944429,1
0,0.7376262555873239,0
1,0.7121013163008032,1
1,0.8664913036645591,1
1,0.9359545061124083,1
1,0.779599783737931,1
0,0.9941692283735573,0
0,0.972774302997975,0
1,0.8114745002067478,1
0,0.9914040641849938,0
1,0.9185161320001047,1
0,0.8941391250522404,0
0,0.7748080814637964,0
0,0.5600951723988333,0
0,0.9303750039580811,0
1,0.6177654122116776,1
1,0.968970174538324,0
1,0.8372282774756691,1
0,0.768985379878425,0
0,0.9386628306247378,0
1,0.980372089916025,1
1,0.9571677141692002,1
1,0.9578330894294682,1
0,0.9496026170394758,0
0,0.901320493453674,0
0,0.9374165096575565,0
0,0.888813157808993,0
0,0.8205817540347795,0
0,0.8967821199379995,0
1,0.8751459455419455,1
0,0.8456110926677519,0
1,0.9705590888641745,1
1,0.6518102971826827,0
1,0.829013422481272,1
0,0.7993114186055051,0
0,0.9927433747564294,0
1,0.9303604775359133,1
0,0.89722087559316,0
0,0.9226630204450058,0
1,0.492288968216443,0
1,0.9953855449859735,1
0,0.7486682572554336,0
1,0.9815525749387667,1
1,0.6981278998357747,1
0,0.622322618652821,0
0,0.8984652344837295,0
1,0.7142116406464396,0
1,0.857659851182833,1
0,0.7691894770277418,0
1,0.5,1
0,0.9985739942554245,0
1,0.9700169101276621,1
0,0.9668807604642047,0
1,0.8552370429315714,1
1,0.7373735329033579,1
0,0.8829945648447994,0
1,0.9351969643759585,1
1,0.9049207273642337,1
1,0.931321350171224,1
0,0.9975214017568497,0
1,0.87969762730935,1
1,0.9492247705621766,1
1,0.8932666259265363,1
0,0.889936288340008,0
1,0.9291811203477869,1
0,0.960192271989309,0
1,0.7519290741437349,1
0,0.908895424100999,0
0,0.946806300627514,0
0,0.5541252899830769,0
0,0.882120033995615,0
1,0.7635970684102438,1
0,0.9218986532685128,0
0,0.9283190404820802,0
1,0.9797730312338901,1
1,0.9092638029567596,1
0,0.7527105057705785,0
1,0.9016714934814949,1
0,0.8663580209364004,0
1,0.8661905625032738,1
1,0.9750043323468067,1
0,0.9813102857749885,0
0,0.6249131622632254,0
0,0.9585030222174898,0
0,0.9832597390359593,0
1,0.9622368873550448,1
0,0.7197955945805239,0
1,0.7798347890579636,1
1,0.9260724606314491,1
0,0.9979410973209284,0
0,0.9418761827545904,0
1,0.8511085777927367,1
1,0.9399078320426104,1
1,0.8712285136947591,1
1,0.6779316491517478,1
1,0.6388697014459661,1
0,0.5741388002814584,1
0,0.9644437855764936,0
1,0.8614924303421996,1
1,0.7184371126252975,1
0,0.9448410173410227,0
0,0.6899375805609923,0
0,0.892103662929549,0
0,0.9182067828678424,0
1,0.9508300818040606,1
0,0.9711134895884924,0
0,0.7052774550016365,0
1,0.6931509195879453,1
1,0.7987729886682056,1
0,0.7394032792284491,0
0,0.6368496620850713,0
0,0.9951755175734551,0
1,0.9072867888667193,1
1,0.7892585621674728,1
1,0.9413227626753867,1
1,0.8940195052285654,1
0,0.9453008422301566,0
1,0.7656491548642698,1
0,0.737955077396428,1
1,0.8953839260390064,1
1,0.868736197600561,1
0,0.7159119038812828,0
1,0.9665909901733231,1
0,0.7712308423819775,0
0,0.9912538725552672,0
0,0.8212063747083773,0
0,0.7401293516715386,0
1,0.863254293187675,1
1,0.6233150594520119,1
1,0.8256267868399619,1
0,0.6676254542702215,0
0,0.9324958591447157,0
0,0.9193819900974366,0
0,0.7741216572204245,0
0,0.9741780941307565,0
1,0.8942859674574388,1
0,0.7418214790406207,0
1,0.9885427742927836,1
1,0.8935871839855102,1
0,0.887418714641033,0
1,0.6299499166738888,1
0,0.9015957177269479,0
1,0.9680280862295676,1
0,0.8895382537378962,0
0,0.9468674785545769,0
0,0.8616744201314197,0
0,0.86737051731656,0
1,0.9549806701540354,1
1,0.783572206886444,1
0,0.7664688587332193,0
1,0.6129515638012544,1
1,0.904839371783249,1
0,0.9777251107973829,0
1,0.8981413380257964,1
1,0.9662204425323099,1
0,0.8985266453497279,0
1,0.9636997227033243,1
0,0.9979987409348965,0
1,0.8768930504998864,1
0,0.9451065717302439,0
1,0.6323514941149846,1
1,0.9619753674498537,1
1,0.920233888928543,1
1,0.9929491426992549,1
0,0.8922191747656145,0
1,0.9848531172781806,1
1,0.7245922787804007,1
1,0.9337556655279863,1
0,0.7418495313811643,0
0,0.984444553355291,0
1,0.9179742207108139,1
0,0.8911581580776321,0
0,0.9951094371687762,0
0,0.9878414300721359,0
0,0.6487357867077235,0
0,0.9290908633914052,0
0,0.9126326512804017,0
1,0.9019856327950259,1
0,0.9301643982534364,0
1,0.8890182044391375,1
1,0.9652205294317917,1
0,0.6691703485118016,0
0,0.6922893896297034,0
0,0.9993958122223588,0
1,0.6405961442114992,1
1,0.8327330978266053,1
0,0.99674339591586,0
1,0.5715024963169656,0
0,0.9174051113696255,0
0,0.9111073664868048,0
1,0.5284021882184287,1
0,0.9805306744189888,0
1,0.9327161897834128,1
1,0.758221606908573,1
0,0.939967966010384,0
0,0.8591093941283737,0
1,0.9055667431844904,1
0,0.8699147087888821,0
1,0.7124325899606299,1
0,0.9906303452885042,0
0,0.9706700113572144,0
0,0.9966638728348193,0
1,0.7832174666802222,1
1,0.9166368515562004,1
1,0.794624618432517,1
0,0.914184496539023,0
1,0.9598356999155059,1
0,0.7893761557606828,0
1,0.9799145740491141,1
0,0.7094626237334539,0
1,0.9721343970429825,1
1,0.8914478265042476,1
0,0.5808635746937109,0
1,0.8553176335050223,1
0,0.9905727034997975,0
0,0.8782560301257653,0
1,0.9372508363475589,1
0,0.8334048571888715,0
1,0.8907139954108477,1
1,0.9318228916075162,1
0,0.9314320626628155,0
1,0.8829236442012394,1
1,0.5203707515585172,0
0,0.9030782784799145,0
1,0.8953203702486989,1
0,0.818984655540547,0
1,0.9735558257773943,1
0,0.6243285673250942,0
1,0.9285954768445471,1
0,0.9096655011862251,0
0,0.9708615779559086,0
0,0.9147069310139555,0
1,0.9878624912255247,1
0,0.9973932309582902,0
0,0.9486795256894449,0
0,0.9539705145431798,0
1,0.9025104050457533,1
1,0.9931476146283486,1
0,0.9229550394268948,0
1,0.8586329076794108,1
0,0.9962057998155918,0
1,0.9018255744922191,1
1,0.9738498103111104,0
1,0.6890841362634117,1
0,0.9568616281701958,0
1,0.7095738416437524,1
0,0.8505946142133434,0
0,0.9265819662770941,0
0,0.553595353459747,0
0,0.8328387759902245,0
0,0.9751142810539029,0
1,0.8825588468580775,1
0,0.9078857377447924,0
1,0.8897500798330001,1
1,0.9192330354449948,1
0,0.9404180472302976,0
1,0.7735089658832258,1
1,0.7933050827460674,1
0,0.6659297541371504,0
1,0.7522595743979165,1
0,0.9572578755598261,0
1,0.9523850795409823,1
1,0.8255354120804942,1
1,0.7420055178095817,1
0,0.9698141964745801,0
1,0.9575885381749093,1
1,0.7764433590386642,1
0,0.9373450586748094,0
1,0.9532610434822689,1
0,0.8951719109649035,0
0,0.7974636022071324,0
0,0.9810980418737957,0
0,0.7344711455856349,0
0,0.7102474402504697,0
0,0.8921829174898555,0
0,0.7887628566729915,0
0,0.7607920435145411,0
0,0.8382692376170645,0
1,0.8105866788382292,1
1,0.8286048263363717,1
0,0.870127394358945,0
0,0.9286341948954223,0
1,0.9629303851006716,1
0,0.8555699018360041,0
0,0.9963079893682685,0
1,0.9770171048231944,1
0,0.869703167672101,0
1,0.872693623912125,1
0,0.9961874409209799,0
0,0.9182875121669158,0
0,0.9434744496543024,0
0,0.9605128395364232,0
1,0.8158430857291501,1
1,0.6588935251868956,1
1,0.8974550724429877,1
0,0.9725104144657718,0
1,0.8955861523372989,1
1,0.8146246276443052,1
1,0.5966288716890212,1
1,0.7991202237030667,1
1,0.8664443316170957,1
1,0.7999416275231258,1
0,0.8671730805870012,0
1,0.7338991886303216,1
1,0.8280462694090361,1
0,0.7546039342390222,0
1,0.7058979109302226,1
0,0.845361869725958,0
1,0.9092872216694091,1
0,0.762779992163693,0
0,0.8346970273108001,0
0,0.9438218922271727,0
0,0.9469155456274103,0
0,0.8805266921271813,0
0,0.96542152855633,0
1,0.8700612097872853,1
0,0.9698502309877053,0
0,0.9815776399394885,0
0,0.9696404359961386,0
1,0.6864674883278253,1
0,0.9673066260079753,0
1,0.7520886222604604,1
0,0.8950300954851376,0
1,0.7857863531957535,1
0,0.9814190572390022,0
0,0.8347920201526965,0
1,0.8486157163687044,1
1,0.9849265624481072,1
0,0.9870537777419582,0
0,0.9331124787942575,0
0,0.7922404198948778,0
0,0.8135122207510759,0
1,0.7717580760536698,1
1,0.9261421839172946,1
1,0.9530475434268291,1
1,0.7784645517167159,1
1,0.9700129513309801,1
0,0.9337629456403962,0
0,0.7802648772989476,0
0,0.9458412303684978,0
0,0.8908352196802412,0
1,0.7340359986590482,1
0,0.749080401416078,0
1,0.6426375449630468,1
1,0.8891038323453071,1
0,0.773152867956533,0
0,0.887840025820975,0
0,0.8996083070703508,0
0,0.9559690940665653,0
0,0.6650781261405712,0
1,0.8802551898155169,1
1,0.8636599822742861,1
0,0.6937829704540116,0
1,0.9712904917181052,1
1,0.9359460714680878,1
1,0.8186545457633678,1
0,0.9002926000146649,0
0,0.9971849050694305,0
0,0.8969453101857446,0
1,0.9688436708824651,1
1,0.8979030320838493,1
1,0.905610312873302,1
0,0.9606914926803986,0
0,0.984551315112396,0
0,0.9500129132974137,0
1,0.9909985799710166,1
1,0.71096347905766,1
0,0.978329828475669,0
1,0.870517602192889,1
0,0.9629001626347999,0
0,0.9349458772154461,0
0,0.8186369381824242,0
1,0.9008333342859706,1
0,0.8019742442519667,0
0,0.9226414516306194,0
1,0.7813754372838991,1
1,0.8225092289870476,1
0,0.8095755260653326,0
0,0.9413676190686469,0
0,0.800903740145878,0
1,0.929351316869551,1
0,0.9715839343429878,0
0,0.848205963752508,0
0,0.9384232565219209,0
0,0.913598600787876,0
1,0.757619919640894,1
1,0.9776468197227051,1
0,0.7436085709896917,0
0,0.8686165642774337,0
1,0.8649346012367054,1
0,0.9907425844243735,0
1,0.7027037311416747,0
1,0.7263960748276573,1
1,0.9102584630459472,1
1,0.9297004920682231,1
0,0.9499584315173599,0
0,0.9083092886177923,0
0,0.9816518392671923,0
0,0.96188107059348,0
0,0.9705245868224766,0
0,0.9984081250466906,0
1,0.6331021597304983,1
1,0.9857604790174948,1
0,0.8163069363208671,0
0,0.8697909867913296,0
1,0.6647470071230281,1
1,0.9999992121104617,1
1,0.7966126344878891,1
0,0.7670930643882512,0
0,0.9175010746385588,0
0,0.8780346555321893,0
1,0.7657580002411745,1
0,0.686911541193653,0
1,0.9186828041834815,1
0,0.8323079740644488,0
0,0.8161140175880391,0
1,0.7712995354129775,1
0,0.8569534733246073,0
1,0.8351445156738191,1
1,0.9271534365494768,1
1,0.609616704752024,1
0,0.7199577072196259,0
0,0.9631226343102176,0
1,0.7627621617650501,1
0,0.7939782038077785,0
0,0.962095081358463,0
1,0.9421549933197972,1
1,0.9113441613780117,1
0,0.8357129399707128,0
0,0.9126754058016867,0
1,0.9255170470710674,1
1,0.913500183507661,1
1,0.9575536933578809,1
0,0.7332506848629272,0
0,0.9787973601059368,0
0,0.9192000863519575,0
0,0.8966534633095421,0
0,0.9637828020554987,0
0,0.9486325525470606,0
1,0.7112429044311204,0
1,0.7904500837000723,1
0,0.9566727092828595,0
0,0.8186350664013813,0
0,0.6288006316759421,1
1,0.5269074898914351,1
0,0.7481410324326373,0
0,0.8406491316778694,0
1,0.921672632201225,1
1,0.5691304486211213,1
0,0.9764078585590095,0
1,0.8470806610697509,1
0,0.7598898187075782,0
1,0.854480732822084,1
0,0.8886072496833669,0
0,0.8368563738780106,0
1,0.6044754701977322,0
1,0.9245615894138765,1
0,0.8983359881956993,0
0,0.6162134146809995,0
1,0.7830981658666735,1
0,0.9592731940677749,0
0,0.9408994530448007,0
0,0.78299711628533,0
0,0.9209712143447115,0
1,0.7744542597762054,1
1,0.8194632108622981,1
1,0.8590392892281071,1
1,0.8383997114139295,1
0,0.866368405520635,0
0,0.9155376722859634,0
0,0.6833735255283389,0
0,0.7321319309333733,0
1,0.7472239748122824,1
0,0.9865941679958186,0
0,0.9601306681241902,0
0,0.9672564139438297,0
1,0.9811165581775386,1
0,0.9364710370240457,0
0,0.9673458934084658,0
0,0.7336620880781415,0
1,0.5252866559483592,1
0,0.9341368016738566,0
1,0.9206078636126762,1
1,0.9161099583806814,1
0,0.9988300196663501,0
1,0.961193477573707,1
0,0.9374695433939025,0
0,0.8417453422456215,0
1,0.7961008986799976,1
0,0.8884416885481108,0
1,0.9674831386873972,1
1,0.743303045159092,1
1,0.9330805267766071,1
1,0.9031569296930058,1
0,0.8657516640904531,0
1,0.9305772717362393,1
0,0.8847505310656189,0
1,0.8275224181587602,1
1,0.7667050246618133,1
1,0.6518570100590537,1
1,0.8733692838220993,1
1,0.9221428504082664,1
0,0.9470018014616668,0
1,0.8398145926455656,1
0,0.9476605396932324,0
1,0.8733902290492446,1
1,0.9298038269904583,1
0,0.9594260396657542,0
1,0.9889136032545687,1
0,0.9319442520592035,0
1,0.9790529322666022,1
0,0.8462284103906655,0
0,0.8907526055295837,0
0,0.91626012904246,0
0,0.8484244206215159,0
1,0.6948961357498902,1
1,0.9455744714666015,1
0,0.9788124655343233,0
0,0.9309316267061736,0
0,0.8493833773436902,0
0,0.7620483863126276,0
1,0.9213469203045525,1
1,0.8793755055528265,1
1,0.7942428069569825,1
0,0.9772439624183326,0
1,0.8751765247234268,1
1,0.977896405626082,1
1,0.7834385232928529,1
1,0.8402611839462356,1
0,0.9984782801056904,0
1,0.9340755434927588,1
1,0.8116621180957072,1
0,0.9346295882595407,0
0,0.6959947898990141,0
0,0.7651850664019847,0
0,0.8654148634248391,0
0,0.9754865510020588,0
1,0.8886371313560555,1
1,0.9289575073532131,1
1,0.9296936578578697,1
0,0.7693794583602032,0
0,0.8326251595734586,0
1,0.921547410115082,1
1,0.850436932915959,1
1,0.7122651128053324,1
0,0.5893417733726718,0
0,0.9215146313229298,0
0,0.9157757265744578,0
1,0.9202104534368509,1
0,0.9629286222288276,0
0,0.919295106116571,0
1,0.9016131836444554,1
1,0.9321669880521942,1
1,0.5926306539072314,1
1,0.9343531923262545,1
0,0.8661089379722096,0
0,0.9631824940646428,0
0,0.9531987457472505,0
1,0.6768455245788768,1
1,0.7240868744162268,1
1,0.5968612726406949,1
1,0.8483227283197176,1
0,0.984368773419413,0
0,0.9524920794785606,0
1,0.8063072151611634,1
0,0.8385279525169598,0
0,0.9391748406612636,0
1,0.9145547967305688,1
0,0.9806773087528297,0
1,0.8501607997406685,1
1,0.7197964902880453,1
0,0.9535815986034544,0
1,0.7906007963532807,1
1,0.7392781576364519,1
1,0.9764437390050716,0
1,0.8833561685251107,1
1,0.8825968323519635,1
0,0.8463866442466268,0
1,0.9219741629504752,1
1,0.9360422441033781,1
1,0.8634124064010232,1
1,0.9120135994085928,1
0,0.9185473774933592,0
1,0.9216598296866065,1
1,0.6771713700643069,1
0,0.9723992378127841,0
0,0.7686433819899187,0
1,0.9829392031886022,1
0,0.9036683363263165,0
0,0.8952915497558421,0
1,0.9071014115798691,1
1,0.8730573410996545,1
1,0.8657286363876275,1
0,0.9601354941339905,0
0,0.9291964083448577,0
0,0.9689838255308825,0
0,0.8651150342140148,0
1,0.8865946326640832,1
0,0.9702039178529132,0
0,0.8753405137667942,0
0,0.9305565866473652,0
1,0.9264537553201218,1
0,0.9848040682972554,0
0,0.8094434701249686,0
1,0.8217487048637431,1
0,0.9156994232113751,0
0,0.8148221335703212,0
0,0.9231365671147026,0
1,0.9115801149502895,1
0,0.9449445530187486,0
1,0.8311874484660027,1
1,0.8834556924985935,1
1,0.8214457177643157,1
0,0.6973698437214363,0
0,0.8768599459706455,0
0,0.8649191702657,0
1,0.7095507657786825,1
1,0.5791866331956668,1
1,0.9545822829884968,1
1,0.9999822220513745,1
0,0.9748084821648777,0
1,0.9513798446553837,1
1,0.8093154625979873,1
0,0.960579947379202,0
0,0.9786935365148115,0
0,0.8582124871404087,0
1,0.9198348135324446,1
0,0.8866972504689054,0
0,0.8871482509223094,0
1,0.7314507783694126,1
1,0.9604000589205903,1
1,0.8177050566020146,1
0,0.8810136335394295,0
0,0.9589371110694471,0
0,0.8908668601499538,0
1,0.9390848852647561,1
1,0.9777493569948481,1
0,0.7489909086289478,0
0,0.8820857674225896,0
1,0.9626240679133632,1
0,0.9242995231019939,0
0,0.89949285637561,0
1,0.5,0
0,0.8639901177256875,0
1,0.9743721881795212,1
1,0.8295995566142089,1
1,0.9596076223703592,1
0,0.9913358557679555,0
1,0.657965298209278,1
1,0.7669254911282156,1
1,0.8962660279320525,1
0,0.9898184828872695,0
0,0.639463329201447,0
1,0.9577686945695137,1
0,0.9906608453881313,0
1,0.7487358039953329,1
1,0.7638865945570122,1
1,0.715988399198102,1
0,0.9786352513992779,0
1,0.758296836154843,1
0,0.9496508207035848,0
0,0.921807955843477,0
1,0.8611799337228587,1
1,0.9487708997818588,1
0,0.6939429133287323,0
0,0.9770717961406762,0
0,0.9401059974520007,0
0,0.716479750525305,0
1,0.7836917786193434,1
1,0.8051668595064289,1
0,0.9849217477529749,0
1,0.825992241664803,1
1,0.8767278342329211,1
0,0.8814529936769476,0
0,0.9482700805914002,0
0,0.8931496917557592,0
1,0.9846959466088643,1
0,0.9094687709682576,0
0,0.8780094956398644,0
0,0.8049388600495161,0
0,0.9013382889523198,0
1,0.8979311844729526,1
0,0.9552052715326903,0
1,0.9885302909936573,1
0,0.6435448428745216,0
1,0.8441278197267859,0
1,0.675177916167541,1
1,0.779591366941116,1
1,0.9211966220801528,1
0,0.9717964140281232,0
0,0.6992256974080189,0
1,0.9837057377151144,1
1,0.7604874617457208,1
1,0.8177365608844828,1
0,0.8947636225241973,0
0,0.9633232317853986,0
1,0.9880602688019597,1
1,0.9463358194980002,1
0,0.9158761165452121,0
0,0.9611853731968848,0
1,0.7525191916783868,1
1,0.9633827362034827,1
0,0.869679587903312,0
0,0.9812654978692429,0
1,0.9254865505914766,1
0,0.6469986666431852,0
0,0.9436749769934681,0
1,0.8927334463091138,1
0,0.9628349619259037,0
0,0.8071096187692692,0
0,0.9405461362699237,0
1,0.8028334559888992,1
1,0.9264596567834282,1
0,0.8017187272115426,0
0,0.9994478463468907,0
1,0.9859661911355383,1
0,0.7988076969717343,0
0,0.840356798932907,0
0,0.7965182015403671,0
0,0.8370393529883383,1
1,0.9027258122283797,1
1,0.9851345603277528,1
1,0.8872558566592019,1
0,0.9994638374385066,0
0,0.983254792446032,0
0,0.7617971502952592,0
1,0.9659414644701821,1
0,0.9206947026897752,0
0,0.8498937277587107,0
0,0.9685873007756839,0
1,0.8500977801166808,1
0,0.9464209612045662,0
1,0.9701255524887088,1
1,0.8982379060382183,1
0,0.6070408617026107,0
1,0.8051896156444476,1
1,0.9447900780895288,1
1,0.8647260303678441,1
1,0.900246901536153,1
0,0.8686993611279965,0
0,0.8910846523119322,0
0,0.9859276532695742,0
0,0.7841010233184618,0
1,0.9449002067170905,1
0,0.9472509335331706,0
1,0.8887053055544974,1
1,0.9009040168528263,1
1,0.6128064199930618,1
0,0.9489102990690612,0
0,0.7315050538268084,0
1,0.9151978663345448,1
0,0.9077408462945854,0
1,0.5864213722919527,1
0,0.9198019540528825,0
1,0.8235968593716259,1
0,0.8829153972551093,0
0,0.9974475851900446,0
0,0.9389245320658136,0
0,0.980487573200119,0
0,0.8193950962837516,0
1,0.9864658791715802,1
0,0.9867546067552271,0
1,0.9861464509597466,1
0,0.8822933062343747,0
1,0.7502362000032096,1
0,0.8891544830081606,0
1,0.8182937438241016,1
0,0.9525403641196363,0
1,0.9292575049387214,1
1,0.9023134510493744,1
0,0.9962170622498991,0
0,0.928535650757618,0
1,0.9729406058417756,1
1,0.9689458641017886,1
0,0.9111736187271718,0
0,0.8692946111840786,0
1,0.7294109772527677,1
0,0.9511403136399132,0
1,0.8295097554984431,1
1,0.9015228907749167,1
0,0.9872922340416658,0
1,0.782139804466123,1
1,0.7196185130772671,1
0,0.6453009124189614,0
1,0.4911573927144074,1
0,0.8543859055541753,0
0,0.9849790720122548,0
0,0.9767614386876352,0
0,0.730084367366037,0
1,0.7139046376086265,1
0,0.8997762311221804,0
1,0.7862651164013159,1
0,0.8457650498472978,0
0,0.8563789739126305,0
0,0.8328651012653717,0
0,0.7249450210285697,0
0,0.9747444224854451,0
0,0.9776575085745899,0
1,0.9290402760348195,1
1,0.75655045479526,1
1,0.7519807580423828,1
0,0.9194972048562692,0
1,0.5608183817619984,1
0,0.9025393776784297,0
0,0.9941107291583772,0
0,0.760168213293099,0
0,0.9648370941733093,0
1,0.9418489311336513,1
0,0.7803647670981426,0
0,0.9165599446752395,0
0,0.6534656297892789,0
0,0.9983126837881348,0
0,0.8756253860704054,0
1,0.8142416872796598,1
0,0.9086362712418296,0
1,0.6134120867880898,1
1,0.9860615923022867,1
1,0.9514267942543551,1
1,0.5799109624673743,1
1,0.9455567241828506,1
1,0.9894414606589927,1
0,0.9393212409812511,0
0,0.9611044932073463,0
0,0.9435667483083866,0
1,0.8989900773343464,1
1,0.9295084062811266,1
1,0.678597608817059,1
1,0.9794223500120963,1
1,0.7967615860151734,1
1,0.8763338268353367,1
0,0.8744930861548789,0
1,0.7284353236474614,1
1,0.7715746979341606,1
1,0.6128224283304399,1
1,0.9070987389776735,1
1,0.762418344753075,1
1,0.9220910705922534,1
1,0.9129623613697426,1
1,0.9490477920129836,1
1,0.7705314962417185,1
0,0.9534872399264379,0
1,0.8542065380385342,1
1,0.9290933818480304,1
0,0.990018783396319,0
1,0.8606026864617142,1
1,0.8399650250443388,1
1,0.9999868230751694,1
1,0.8410575941215623,1
0,0.9952534896520077,0
0,0.8479459055316796,0
1,0.9405616789939876,1
0,0.9011093082787209,0
0,0.8861367219077569,0
1,0.7019079809782215,1
0,0.9375187834279373,0
1,0.8843381019788267,1
1,0.8481756838648825,1
1,0.9364659790076797,1
0,0.987044299647545,0
1,0.9661554497097871,1
0,0.9591345171453486,0
0,0.9972498671965317,0
0,0.9376807612645395,0
1,0.5701142803740362,1
0,0.62858313380795,0
0,0.8134136600994375,0
1,0.9239691467811783,1
1,0.7897830263438714,1
0,0.7757802431489941,0
0,0.9362257729273651,0
1,0.74611573201449,1
0,0.952773749449392,0
1,0.7472649652637375,1
1,0.6439062758788789,1
0,0.9613295043530925,0
1,0.8996304967940068,1
1,0.866901239230623,1
0,0.9170018906388914,0
1,0.9841056583608929,0
1,0.9020349633013302,1
1,0.9614417019411793,1
1,0.8359772343560455,1
1,0.9426537202764824,1
1,0.7899884716699533,1
0,0.9536048925958984,0
0,0.8808840270009133,0
0,0.9553022398493344,0
0,0.7752708900562978,0
1,0.9999893353716974,1
0,0.81401530825982,0
0,0.9928445035781785,0
0,0.9821223706231508,0
0,0.8341151841561425,0
0,0.9640583310704723,0
1,0.8758803287797995,1
1,0.8434931181797596,1
1,0.8593089845323406,1
0,0.9696818701779134,0
1,0.5156256648559565,1
0,0.9659702376999684,0
1,0.9591821722943155,1
0,0.9640709788085869,0
1,0.9344467016181294,1
0,0.8578342590322088,0
1,0.7927316382979434,1
0,0.9994318617459504,0
1,0.7581468259913462,1
1,0.949817532964199,1
0,0.8220394994559985,0
1,0.9688370789565193,1
1,0.5954035682427056,0
1,0.9391255537050515,1
1,0.9687787918325284,1
0,0.7621977799197525,0
0,0.9768479344335526,0
1,0.4850194430877092,1
1,0.9360208457691817,1
0,0.988223301569342,0
1,0.7937933292857057,1
0,0.7550962323434895,0
0,0.6458174240710634,0
0,0.9292257965921242,0
0,0.8943152569827343,0
0,0.9211455172667625,0
0,0.8960218107691188,0
0,0.8815105208345302,0
0,0.7150268704874205,0
0,0.8690414869656914,0
0,0.8087108548649812,0
1,0.686896643134737,1
0,0.9130357581104543,0
0,0.9113055992596574,0
1,0.7903036155435699,1
0,0.908847010975239,0
0,0.8290992840668314,0
1,0.9475368301140163,1
1,0.8807453534050051,1
1,0.8948719701673704,1
1,0.8842571951770498,1
0,0.9974693314915027,0
1,0.6987320868032024,1
1,0.9920469783896314,1
0,0.9342081405093139,0
1,0.7631770967096215,1
1,0.9505314326620911,1
1,0.7724000203829298,1
0,0.820775831949153,0
1,0.7501576825760385,1
1,0.893120731477337,1
0,0.999319998120947,0
1,0.9359709258084108,1
1,0.8043954796799045,1
0,0.8381020675754122,0
1,0.7904997707877596,1
1,0.9999886487565837,1
1,0.8379915483547821,1
0,0.8543094891986236,0
1,0.9011820893376933,1
1,0.6760570022534248,1
0,0.9020501829175066,0
0,0.9941086663178609,0
0,0.8093683579092482,0
1,0.8572516101665183,1
1,0.9276361116262807,1
0,0.9591213883200913,0
0,0.9989628543292031,0
0,0.9291348073713374,0
1,0.8737020128732815,1
0,0.9169159854346668,0
0,0.8231832567298727,0
0,0.9770648929685206,0
1,0.8188223059877544,1
1,0.884193704167106,1
0,0.8714687692216558,0
0,0.9653328995394592,0
1,0.9184225989786049,1
0,0.9427629116530473,0
0,0.9718325373751661,0
1,0.8854483622616265,1
0,0.8712453195947134,0
0,0.9183646398493864,0
0,0.8416137456690463,0
1,0.782299092407673,0
0,0.8516636756163509,0
0,0.9683463575086886,0
0,0.7022205657008679,0
1,0.874683029362333,1
1,0.7449011063199068,1
0,0.8375959988330997,0
1,0.9637404323523248,1
0,0.8672343426711432,0
1,0.9086102644314195,1
0,0.9511780186796399,0
0,0.9851061568049905,0
0,0.8346501202557153,0
1,0.9109474555175662,1
0,0.9605597905734404,0
1,0.7967910964180673,1
0,0.9675704638239282,0
1,0.9687839098372512,1
0,0.6654424790510196,0
1,0.9763393255228652,1
1,0.9477919290058225,1
0,0.6552910434780038,0
0,0.8673000371272457,0
1,0.9685579943964261,1
1,0.858963547916801,1
1,0.7460368567495783,1
0,0.934378296141568,0
0,0.7887656862168553,0
0,0.8393106995058004,0
0,0.928757896467822,0
0,0.8247056150882017,0
0,0.9324105020642628,0
1,0.9450912854888622,1
1,0.9602288811329266,0
1,0.9018636778002401,1
1,0.8989830155392177,1
0,0.9941345317346437,0
0,0.7912281540886685,0
0,0.9826087325589128,0
0,0.8887506617309618,0
0,0.7799236705928928,0
0,0.7447503219864356,0
1,0.7525837044774527,1
0,0.9255458877117746,0
1,0.9499458887731727,1
1,0.8937424889135818,1
0,0.9189034497969552,0
0,0.9587511909726993,0
0,0.6344781389713247,0
0,0.9565242510216032,0
1,0.9502235934286153,1
1,0.9747268355877113,1
0,0.9133806205458044,0
1,0.8649397155823247,1
0,0.8165978647464837,0
0,0.8579255880669011,0
0,0.9782463724890674,0
0,0.9595668571874875,0
1,0.8787674028357568,1
0,0.9405236531142493,0
1,0.8231290425964137,1
1,0.99057016435864,1
1,0.7709212963026537,1
0,0.9124876419972796,0
0,0.8350348495001663,0
1,0.9500878518814831,1
0,0.8822737606967088,0
1,0.5,1
0,0.7870574607907328,0
1,0.8019817066340531,1
1,0.9011403782565071,1
0,0.8668979635509774,0
1,0.4705658754106271,1
1,0.9927298684177697,1
1,0.8795368659706218,1
0,0.9652583534452687,0
1,0.8551511460900074,1
0,0.9337371865148981,0
1,0.9562670823193921,1
0,0.9438399311583283,0
0,0.944262850254969,0
1,0.9155350320368861,1
1,0.8596641689727439,1
1,0.897204128499597,1
0,0.8510717576807524,0
1,0.9559568207937802,1
1,0.7794957625287077,1
0,0.9539577705271312,0
0,0.8661660789717492,0
1,0.9453465513708198,1
1,0.9161318640800676,1
1,0.8998524546051945,1
1,0.5980569238849865,1
1,0.9838089391727322,1
0,0.898144979178536,0
0,0.7299742801512767,0
1,0.896856638343801,1
1,0.9827694570043671,1
0,0.9842898240558018,0
0,0.8112544168356438,0
1,0.6511034939891311,1
0,0.8411707270687906,0
1,0.5957532050429182,1
1,0.9218644522912324,1
1,0.7467525132082031,1
0,0.982611257136491,0
0,0.8866742216167302,0
0,0.87573628794424,0
1,0.9136121257078361,1
0,0.7676357083462602,0
1,0.9120250834003779,1
0,0.6261434291873161,0
0,0.8545494217836525,0
0,0.8220709447488983,0
0,0.9769462664129344,0
1,0.8904912719127739,1
0,0.8267024995339501,0
0,0.9584607577503238,0
1,0.9295359497366925,1
0,0.939962908820194,0
0,0.9363958050148812,0
0,0.8738277475654747,0
1,0.9596684507864712,1
1,0.5965459480902487,1
1,0.9380414502326978,1
1,0.8551033174863455,1
1,0.8518137278147125,1
1,0.8678777992267367,1
1,0.7620788220336128,1
0,0.7204103433436909,0
0,0.79247873127022,0
1,0.833221208580134,1
0,0.7632475264791565,0
0,0.9846039290499851,0
0,0.9968645884869051,0
0,0.6382066278993844,0
1,0.5226024344911125,1
0,0.831951112944901,0
0,0.962935707245809,0
1,0.9296781617441725,1
1,0.8726183839757692,1
0,0.6107917878773773,0
1,0.7876833580280708,1
0,0.8551836998376102,0
1,0.8822185080957955,1
0,0.9172014119145777,0
0,0.9224045238986216,0
0,0.6100970745687744,0
1,0.8948776687260657,1
1,0.7013484108350131,1
1,0.9538624252429383,1
1,0.7029571495608562,1
1,0.9535678755424196,1
0,0.9975471407324096,0
1,0.582493231738763,0
0,0.7132867372814787,0
0,0.7841028817868614,0
1,0.9668478388482085,1
0,0.882229559896703,0
1,0.9884035978961528,1
1,0.8565533193623587,1
1,0.8406519520772724,1
0,0.7359224880426954,0
1,0.8592770480469718,1
1,0.8303395134861656,1
1,0.5270664709939056,1
1,0.901295815997168,1
0,0.9861485623807221,0
1,0.7920201438033354,1
0,0.9395147269482443,0
0,0.9530114551830462,0
0,0.9335265080862883,0
1,0.4796034176961105,1
0,0.9817439094812608,0
1,0.7222794208621245,1
1,0.5900723540935275,1
0,0.9240911082061004,0
0,0.8728936983955315,0
1,0.7436813384247595,0
0,0.9668426640641038,0
1,0.9381708782143383,0
1,0.9862572234047532,1
0,0.6164021504108513,0
1,0.7982035341064082,1
1,0.908998364452115,1
0,0.9230467260770215,0
0,0.983419859686431,0
1,0.753636960932746,1
1,0.9233935172271505,1
1,0.9876108777321776,1
0,0.9274419837844587,0
1,0.9829787346863559,1
1,0.905518976729729,1
1,0.8736299112213615,1
0,0.968889815415018,0
1,0.8456303278743641,1
1,0.9925927701840931,1
0,0.852519077220783,0
0,0.5848237239732804,1
0,0.7924080376213132,0
1,0.8455945517849882,1
0,0.7321242328271755,0
1,0.7449421782602648,1
0,0.8626034238574164,0
1,0.9825601727114933,1
0,0.890496162697194,0
0,0.9993930236452976,0
1,0.956115821068167,1
1,0.755082583491606,1
0,0.8819916624526759,0
1,0.7924552454337483,1
0,0.7977863380975219,0
1,0.9736058713415555,1
0,0.768336768651789,0
1,0.9359989641762165,1
1,0.8741662540695153,1
1,0.5557903119158869,1
0,0.9937437843115725,0
1,0.8373883530524963,1
0,0.7063786583297592,0
0,0.83990193604581,0
0,0.9045719376115937,0
1,0.9682632293708505,1
1,0.5937620624390738,1
1,0.9849248412909284,1
0,0.8843095354174326,0
0,0.931354275395126,0
1,0.9052296818545977,1
1,0.7491401344354853,1
1,0.9820079878243202,1
0,0.7951828598456583,0
1,0.9525773645674387,1
0,0.6650902660846874,0
0,0.644475005545408,0
0,0.8914267332805491,0
0,0.8159103736984852,0
0,0.8042407443162171,0
1,0.4652520994880732,1
1,0.719948687437522,1
1,0.8910993482779663,1
0,0.9685742266075462,0
1,0.7802998669195567,1
1,0.787798297642221,1
0,0.6315484474249831,0
0,0.7828434492987955,0
1,0.7748075612236204,1
0,0.9876830691194673,0
0,0.9094315142205399,0
1,0.8977397792958212,1
0,0.9616822177796229,0
0,0.9928207990232433,0
1,0.7914785425524089,1
0,0.7642558331099303,0
0,0.9724710775071891,0
0,0.9686968277642526,0
1,0.4814303019322449,0
1,0.8947314557973184,1
1,0.840474699939506,1
0,0.9062674259955406,0
0,0.910635133914647,0
0,0.7897422478771309,0
0,0.963601210414799,0
1,0.9246536248323654,1
1,0.9365406191553562,1
0,0.7945108320790132,0
1,0.578425371936515,1
1,0.8357419674444688,1
1,0.5510523278139003,1
0,0.9287589055985561,0
1,0.9428931492396994,1
1,0.5121799014809861,1
0,0.9228181821804811,0
0,0.9396933002810496,0
0,0.9318889265538168,0
1,0.5,1
0,0.7284504900804383,0
0,0.9376109535004293,0
0,0.9346825491469108,0
1,0.9047539439021179,1
0,0.9821517146297613,0
0,0.7385804725242732,0
1,0.6189517542870763,1
0,0.9882845024424126,0
0,0.8142914608253105,0
1,0.9487010648362163,1
0,0.8723624599512035,0
1,0.8561395395050945,1
0,0.9381482641554434,0
1,0.9447481017835668,1
0,0.9992947211877715,0
0,0.8391534987428652,0
0,0.9230150086798619,0
0,0.9968402250646878,0
0,0.7577693313313466,0
0,0.9365464200693011,0
0,0.8692608303116993,0
0,0.9026761838277979,0
1,0.9627768828784161,1
1,0.8606739057811055,1
0,0.8037988245370352,0
0,0.8169046600315355,0
1,0.8129695994325888,1
1,0.7246491428471867,1
1,0.9032549630801586,1
1,0.9928016499261327,1
1,0.6748171119583317,1
1,0.6553670387545171,1
0,0.7568525017168815,0
1,0.7064740661465759,1
0,0.9740360065808942,0
0,0.9740010173523909,0
0,0.8224860918061788,0
0,0.9393394607306497,0
1,0.9039755206705616,1
0,0.9087916611452524,0
1,0.7555409810131061,1
1,0.7413715733572313,1
1,0.9568295048917291,1
1,0.9965646374613029,1
0,0.8625620842068784,0
0,0.9809297375155426,0
0,0.766351637919705,0
1,0.9447460720831748,1
1,0.6428644069090615,1
1,0.8937231628613477,1
0,0.8696653343594857,0
1,0.8802334823716744,1
0,0.6506486394901637,0
0,0.6517534454864456,0
0,0.9628320273136131,0
1,0.9560807186366789,1
0,0.9889190038208208,0
1,0.7704096265327418,1
1,0.620942330726955,1
0,0.6938319472548049,0
1,0.7530257686801725,1
1,0.9222579603452413,1
1,0.841041312064099,1
1,0.6195119986051261,1
0,0.9661210097012288,0
0,0.8629178723548628,0
1,0.9813500675419345,1
1,0.960305185131774,1
1,0.8494518350794013,1
1,0.6286202475343654,1
1,0.8653980882146732,1
1,0.9227916712308641,1
0,0.8549747906465351,0
0,0.9564506851102929,0
0,0.9904925579212239,0
1,0.5,1
0,0.8035855851473953,0
0,0.8926212333141024,0
0,0.7334667973701767,0
0,0.9197630243596392,0
0,0.8563275458130457,0
1,0.9593817265727062,1
1,0.8310522149587899,1
1,0.9410679086161127,1
0,0.9093663228150495,0
0,0.9847569364266181,0
1,0.907887069059383,1
0,0.9288086914963125,0
1,0.8350260576895918,1
0,0.9814770862011419,0
1,0.9194523300373056,1
0,0.99751372299054,0
0,0.947136359289251,0
1,0.8019697209798325,1
0,0.9443053544783021,0
1,0.7069570526594209,1
1,0.8631178542109202,1
0,0.6979295914840457,0
1,0.9663810839247158,1
1,0.9038548905707929,0
1,0.9851246144178485,1
0,0.6544640450807464,0
0,0.5395499536562454,1
0,0.7949066297559261,0
1,0.7381581513187763,0
1,0.8978630014377909,1
0,0.6632928664735697,0
1,0.8949510372228767,1
1,0.8155843648352251,1
0,0.880645948797619,0
0,0.9016299280826394,0
0,0.9705454096226499,0
0,0.9532500981524363,0
0,0.938797978485904,0
0,0.8574382425964746,0
1,0.6541138004548513,1
0,0.8466308264358836,0
0,0.7012732878267254,0
0,0.961516285459994,0
0,0.9337527662130977,0
0,0.9665021243751896,0
1,0.6336518230967049,1
0,0.985272527674234,0
0,0.9909403703790273,0
0,0.9717340667829806,0
1,0.9703459165220133,1
1,0.7143887354309588,1
1,0.7400490097712927,1
0,0.8052482170490488,0
0,0.9780533467807091,0
1,0.9424129673711703,1
0,0.831868676647461,0
1,0.9468293818981776,1
1,0.9245593929386937,1
1,0.9022242179907859,1
0,0.8707739714820142,0
1,0.6506147150745739,1
1,0.7441359756315149,1
0,0.9180402584112397,0
0,0.9427988751636694,0
0,0.8374960578293082,0
0,0.914566498164861,0
1,0.8407350439897525,1
1,0.7877516989615003,1
1,0.9335710686936299,1
0,0.6460106414380196,0
1,0.8448840151883088,1
0,0.9762542529143803,0
0,0.7612052248963631,0
0,0.7894376577085384,0
0,0.9987635190812458,0
0,0.9824482262618865,0
1,0.5760622250974802,1
1,0.8519330809758099,1
1,0.9865284479571327,1
0,0.9465575451768757,0
0,0.7158351793569936,0
0,0.9284357608676979,0
0,0.8865401213561103,0
0,0.9160063455568874,0
1,0.991953433646527,1
0,0.9686077660618484,0
1,0.8652286206423776,1
0,0.925600277713438,0
1,0.9490670175424599,1
0,0.8507566768795091,0
1,0.9882971283654248,1
0,0.8885263092348133,0
0,0.9366260165890784,0
1,0.8449383433750053,1
1,0.9245811500962962,1
1,0.8341915411451631,1
0,0.9193212801023514,0
0,0.9125636096349775,0
0,0.849313483253679,0
0,0.9993155971931322,0
0,0.793190078524795,0
0,0.8640483990896278,0
1,0.795886107395433,1
1,0.7897269820131686,1
0,0.9911868124511661,0
1,0.8127074285546876,1
1,0.8588321399011575,1
0,0.7780510990117127,0
1,0.9303324874349833,1
0,0.9910115513169143,0
0,0.917454217332194,0
1,0.7186474826514037,1
0,0.9239608460186411,0
1,0.732839622872906,1
0,0.9383575161104775,0
0,0.7734510807122937,0
1,0.6309999564668575,1
1,0.9497717230708315,1
0,0.7603573194884619,0
1,0.5645533432317106,1
0,0.9555197775321274,0
0,0.9712583341723073,0
1,0.9521672397001651,1
0,0.9297479783755912,0
1,0.9425501740685001,1
0,0.7440467258789034,0
0,0.954071676894752,0
1,0.9897111345898572,1
1,0.9211087155529173,1
1,0.7359141692362039,1
0,0.76550987453235,0
0,0.8564628393016795,0
1,0.7803184918886864,1
0,0.9211056882465389,0
0,0.8876939157526842,0
1,0.8331620941657679,1
0,0.7561109711438974,0
0,0.9775071188344269,0
0,0.7821761372195444,0
0,0.8293122871365209,0
0,0.9682209572454473,0
0,0.9014388702242565,0
1,0.7199011271907146,1
1,0.6709251435714294,1
1,0.9475797171469375,1
1,0.999996315378659,1
1,0.9164668144846914,1
1,0.749891643223752,1
1,0.8233195739359075,1
1,0.7114145377659424,1
0,0.7954493697779578,0
0,0.9327734165667152,0
0,0.8262720706067271,0
1,0.9642975083411056,1
1,0.7233028673571588,1
0,0.9139967075705115,0
1,0.8513266904747951,1
0,0.986705756193723,0
0,0.8779210340203676,0
0,0.7911323936074025,0
0,0.7515549189924406,0
1,0.9052992442601359,0
0,0.7950262762523368,0
0,0.9936198933065112,0
1,0.6867378197237962,1
1,0.9278138982849076,1
1,0.7990821303931392,1
0,0.963947899977433,0
1,0.9273380599097657,1
1,0.9020950326160424,1
1,0.6750804297301488,1
1,0.6924202626955704,1
0,0.9285171595429946,0
1,0.8757368842655444,1
0,0.8775913378753994,0
1,0.8908735997051154,0
0,0.959629925686805,0
0,0.7582052196336385,0
1,0.67544163142684,1
0,0.9616411643185075,0
0,0.8881458393389852,0
1,0.5,1
0,0.9479380913959922,0
0,0.9953651327706626,0
0,0.9447238612368783,0
0,0.6113320165094669,0
0,0.7873696724969649,0
0,0.7344075568539932,0
1,0.8698706606971804,1
0,0.8538616276114475,0
1,0.7566163437020427,0
0,0.9502971220832465,0
1,0.95509760486893,1
0,0.9631924800439168,0
0,0.5843643880733876,0
1,0.8303254860333971,1
0,0.7636769532941177,0
1,0.9225191619823877,1
0,0.9506644948460115,0
1,0.9769399265741029,1
0,0.9348518499512707,0
0,0.9716504581282022,0
0,0.6153322257045626,0
1,0.6449143513450003,1
1,0.8934314920895543,1
0,0.9097728895418472,0
0,0.9870583602227375,0
0,0.9925309155107077,0
0,0.9594193430167993,0
1,0.975517624017926,1
0,0.6689469190892872,0
1,0.9384140607655579,1
0,0.7440744451178513,0
0,0.759588285630769,0
1,0.9445755820128167,1
0,0.9718446846001476,0
0,0.6171828808070403,0
0,0.8346562551190702,0
1,0.8149684226232974,1
1,0.9036386558594817,1
0,0.7536365023224098,0
0,0.9645398562964823,0
0,0.8916111850959371,0
0,0.9203307872709158,0
1,0.8825520271148815,1
1,0.9854907010314068,1
1,0.6576337325002456,1
0,0.8936551003219853,0
1,0.9069711855060981,1
1,0.9461462849003638,1
1,0.8801883554778421,1
0,0.9042956523598049,0
1,0.9213140055584016,1
0,0.9824973814198275,0
1,0.9960473515756083,1
0,0.9543963800038003,0
0,0.9130081204904242,0
0,0.9990399450818612,0
0,0.9558152186932412,0
1,0.7926256092765634,1
1,0.8258169194401257,1
0,0.9595865410414158,0
1,0.8052026734509389,1
0,0.935570521135902,0
0,0.8877342988594553,0
1,0.9851935147668048,1
1,0.8292364128467075,1
1,0.9128258295206321,1
0,0.9757989634669724,0
1,0.9931789079897924,1
0,0.8830394909614216,0
0,0.834463134345717,0
1,0.8770820605646567,1
0,0.9882638122564459,0
1,0.8758659014580875,1
0,0.8947644313542058,0
1,0.7137870075273524,1
1,0.9052820530925224,1
0,0.9680574602749948,0
0,0.9685087378105935,0
1,0.8312898849805077,1
0,0.9306038298493027,0
0,0.9334793617861172,0
1,0.9043271087076613,1
0,0.8434584633237258,0
0,0.9204891786966304,0
0,0.720728449985192,0
0,0.7625339257385338,0
0,0.883538531135894,0
0,0.6501365661424543,0
1,0.8499932787595589,1
0,0.989539772572341,0
1,0.849659707541014,1
0,0.9489130594808308,0
1,0.910386816868906,1
1,0.7603642526251014,1
0,0.9805161701835591,0
0,0.9970479211262894,0
0,0.7212714994424436,0
1,0.7231944850595243,1
0,0.6764239562420735,0
1,0.9364857001667747,1
0,0.721436915894182,0
1,0.8187175004370616,1
1,0.7497457004116784,0
1,0.8940015291545133,1
0,0.7515315033066912,0
0,0.8658904676357031,0
0,0.9151688335090331,0
1,0.7877134089529794,1
0,0.7231750813540065,0
0,0.7763939151346021,0
1,0.5981378889337404,1
1,0.8619872466945093,1
0,0.8823943947556367,0
0,0.6659039050098361,0
0,0.9646079965560085,0
1,0.9331496370013741,1
0,0.7997001687101203,0
1,0.9823951827299165,1
1,0.9944851471011041,1
0,0.7675781617962925,0
1,0.8554859520944353,1
0,0.6809868044153892,0
1,0.6200194268875906,1
1,0.8302880160586121,1
1,0.9387854221686537,1
1,0.6743455443698071,1
0,0.941562565827188,0
1,0.7268392564515112,0
0,0.8897653192901354,0
0,0.7866986852173665,0
0,0.9645287829483292,0
1,0.9147595402079849,1
1,0.8613015300241063,1
1,0.8724608548663305,1
0,0.968287576192084,0
0,0.8524786885304451,0
0,0.7730823506344896,0
1,0.8122369769147049,1
0,0.8187492384980318,0
1,0.697452180432017,1
1,0.9594599255938627,1
1,0.8998132421996047,1
1,0.891240827738719,1
1,0.8824856978090423,1
1,0.8433633271574827,1
1,0.8474578877891942,1
0,0.666502938926565,0
1,0.6377950624704926,1
1,0.8586398671450749,1
1,0.9081081270020078,1
1,0.9388151854298942,1
0,0.860876733077277,0
0,0.695079203955135,0
0,0.9383398214566132,0
1,0.9021545951330406,1
1,0.7488346478711737,1
1,0.913868474011346,1
0,0.9453102119412646,0
1,0.9585824392832044,1
0,0.9093417564668557,0
0,0.9149512569781486,0
0,0.9836777185129832,0
0,0.926073801614285,0
1,0.9709985516695628,1
0,0.6023895931646815,0
1,0.6858141955161602,1
0,0.8642903336976412,0
0,0.9390890248833951,0
0,0.8487518470591421,0
1,0.955426126966826,1
1,0.8986991829310562,1
0,0.7896779828025372,0
1,0.9456507324213197,1
0,0.9410091843142971,0
0,0.9874943679684209,0
0,0.7152415785459155,0
1,0.8845125210710998,1
1,0.510920380832169,1
1,0.8816819288775986,1
1,0.9523411213383984,1
0,0.7535707830497989,0
1,0.65335098292705,1
1,0.7835119912393053,1
0,0.9401794333877749,0
1,0.9443560684063561,1
1,0.5434235578838851,1
1,0.815350912201176,1
1,0.874982156976632,1
1,0.8768422213998073,1
0,0.9432730544635177,0
1,0.5751656819770854,1
1,0.9585307164714489,1
0,0.9581478673767744,0
0,0.9890988899216538,0
1,0.9220864580141828,1
1,0.940873993392045,1
0,0.8539535583711626,0
0,0.6274540398281356,0
1,0.7159511752456855,1
0,0.8511863022570083,0
1,0.875885712244397,1
0,0.9537390208035866,0
0,0.9327101918796128,0
0,0.939399013012765,0
0,0.8758512387605762,0
0,0.8911380457137562,0
0,0.9581032569303689,0
1,0.6958663900215903,1
0,0.9787029498457132,0
0,0.7801135037207862,0
0,0.7243575820349492,0
0,0.7558479364543437,0
0,0.9672012035871389,0
0,0.872105808192793,0
0,0.7313894134614705,0
1,0.7965461967680055,1
0,0.7576533942908749,0
0,0.9063683333489143,0
0,0.939574747435387,0
0,0.9258178658032823,0
1,0.9617367430474809,1
1,0.7600531827381632,1
1,0.8595958025107249,1
0,0.8519997917843504,0
1,0.7964268598939069,1
0,0.5948076058773685,0
1,0.8733931622419017,1
0,0.9398504318374121,0
0,0.9565242510216032,0
0,0.9910374712811344,0
1,0.9894062065525232,1
0,0.8552678241427106,0
1,0.8828401948585908,1
1,0.6468691700064624,1
1,0.6646708237019313,1
1,0.7854036794301232,1
0,0.8240399389700996,0
1,0.9687778176146099,1
0,0.9503479189219165,0
1,0.6891422663985645,1
1,0.9938293922893651,1
1,0.865338969080223,1
0,0.8091361532630152,0
0,0.9478769987933405,0
0,0.857524207568878,0
1,0.9241075722769563,1
0,0.7035729554697392,0
1,0.9752220803675388,1
0,0.9305167329931991,0
1,0.9554618334825288,1
1,0.944014980479257,1
1,0.931094944099505,1
0,0.9387604829790063,0
0,0.9621056455247019,0
1,0.8939258846643786,1
0,0.8135465838125228,0
0,0.8423112829597947,0
0,0.8974093377067812,0
0,0.9909051555866903,0
0,0.8865148987437549,0
0,0.9677244492427667,0
1,0.9508693505219898,1
0,0.9817358468231229,0
1,0.6995602009022065,0
0,0.8418391099951186,0
0,0.9989665413123713,0
0,0.9148981307468579,0
1,0.769458920137404,1
0,0.897937516406613,0
0,0.942122755023668,0
0,0.8783811572422408,0
1,0.7240228590188692,1
0,0.6055320427639681,0
1,0.934834811489575,1
0,0.53969831901144,0
1,0.7558619749750831,1
0,0.8700538429675463,0
0,0.8195254762480917,0
0,0.9416877855629571,0
1,0.9159146711122371,1
0,0.8826168366489048,0
0,0.9889299370686638,0
0,0.6546214098441125,0
1,0.7701183293336241,1
1,0.7203584591991564,1
1,0.9538826109980855,1
0,0.8712925818906891,0
1,0.7832857053540587,0
1,0.9408493127172486,1
1,0.9889415949509719,1
1,0.7820139484727191,1
0,0.9832832464057207,0
1,0.8494960042290483,1
0,0.9926020314391971,0
1,0.9419409497166171,1
1,0.6547554065142515,1
0,0.9925876576263513,0
1,0.6866161040806841,1
1,0.8963996039438517,1
0,0.8265055782091192,0
1,0.8560506681139237,1
0,0.9335499821774208,0
1,0.7953939627350648,1
0,0.9968205537619071,0
1,0.9789686347513857,1
0,0.9476540396791954,0
0,0.9704663058532589,0
1,0.931395698607061,1
0,0.9562748518504982,0
1,0.9229734445762136,1
1,0.9522854772179614,1
1,0.9850946904008218,1
1,0.5261147934016864,0
1,0.8689636177271245,1
1,0.8203779446220437,1
1,0.8706799423214675,1
0,0.942502975820234,0
0,0.9635866279281241,0
1,0.6861737219320853,1
0,0.6686044241565205,0
0,0.9137811275847879,0
1,0.9400582427977417,1
0,0.8100067720102034,0
0,0.8019167060014656,0
0,0.8770087196309301,0
0,0.7797281198875428,0
1,0.7100058735392861,1
1,0.9231169987024256,1
1,0.8845788258614651,1
0,0.9005406436409557,0
0,0.8160118753642336,0
0,0.7899684132650818,0
0,0.9361387073355302,0
1,0.9462896163699206,0
0,0.9172012457341221,0
0,0.7874784151261134,0
1,0.9770555884459293,1
0,0.8898449234235298,0
1,0.79719062824723,1
1,0.9666355629164224,1
1,0.8100071208289175,1
1,0.8975283984724344,1
1,0.6425603076746947,1
0,0.8497800865210446,0
1,0.7898143288609448,1
1,0.8408977249397668,1
1,0.8645357186182064,1
0,0.9881487106739439,0
1,0.6563817237186336,1
1,0.9182309306721916,1
0,0.9581121795328476,0
0,0.9764227917357675,0
1,0.7629327878304022,1
0,0.8656137233306354,0
1,0.8945202905576015,1
1,0.9361571201872098,1
1,0.6855286431114535,1
1,0.8214125149690413,1
1,0.9873380033374224,1
0,0.839755520432618,0
0,0.9544492764420538,0
1,0.7209253067171527,1
0,0.9632334144538145,0
1,0.8280095629948857,1
0,0.9673784359714938,0
1,0.9639038648013749,1
0,0.9645041733473861,0
1,0.9196070521422266,1
1,0.9020960045351082,1
0,0.9469814350502602,0
1,0.8443601533526358,1
0,0.7571102904790546,0
1,0.9734837841882833,1
0,0.8980345734027027,0
0,0.9949573692860978,0
0,0.9687831687455047,0
1,0.7264307933110881,1
1,0.647323291519726,1
1,0.7954009251384219,0
0,0.8656019968431188,0
0,0.9049625122543211,0
0,0.9460121015204082,0
1,0.9158420401407453,1
1,0.7097642031882512,1
0,0.9074368708852072,0
1,0.8443307427632987,1
0,0.9759727793630666,0
1,0.8594040275520987,1
0,0.7466041123945804,1
1,0.9297616539206214,1
1,0.9262974227341738,1
0,0.9624255777680505,0
0,0.9787523222029237,0
1,0.8780189703845517,1
0,0.7987243087831007,0
1,0.8264528785383457,1
1,0.8105248948205912,1
1,0.9563308927310693,1
1,0.9622906948878149,1
0,0.9693222437296818,0
1,0.8365186245245971,1
1,0.7054137257936036,1
1,0.7341576733429455,1
0,0.9128995049059498,0
1,0.9562539434552838,1
0,0.9288461700047554,0
1,0.8717715964943092,1
0,0.9887233113664138,0
0,0.8893660995625676,0
1,0.7562676259418606,1
0,0.9824140477157213,0
1,0.9085424282757196,1
0,0.9839830761450431,0
0,0.8864301441684066,0
0,0.7186307186151268,0
0,0.8558141402761427,0
1,0.9283918248542842,1
1,0.8535697648643891,1
1,0.9371130727797414,1
1,0.7805617165958202,1
0,0.9546019061533936,0
0,0.9786592373207574,0
1,0.9912902575866653,1
1,0.7971302201213283,1
1,0.7698916794902563,1
1,0.9579225206957812,1
0,0.9729267175905512,0
0,0.9587332124291397,0
0,0.9390183459298757,0
1,0.9400410583286518,1
1,0.9703181620694963,1
0,0.9995494093053985,0
1,0.9468293818981776,1
1,0.7357133105059751,1
1,0.8059152459166131,1
0,0.9874261800372747,0
0,0.9728171284506449,0
0,0.8369403864902957,0
1,0.8799330708234732,1
0,0.974500538104187,0
0,0.7095985548380487,0
0,0.9750703550446056,0
1,0.6446585494945365,1
1,0.7722876161371685,1
1,0.9881923730402555,1
0,0.962940517224648,0
1,0.8498658287937271,1
1,0.9485202473608709,1
1,0.695751263138764,1
0,0.8333808464221146,0
1,0.7314457223821246,1
0,0.8850664008219287,0
1,0.8804893601579621,1
0,0.8114876519110291,0
1,0.842013242270415,1
0,0.8850720749373844,0
0,0.760380516900917,0
1,0.7613834184626928,1
1,0.8098555331728433,1
0,0.976887320409632,0
1,0.9817642469685153,1
1,0.903031425979839,1
0,0.8304904016462181,0
0,0.9046705473951322,0
1,0.9851579429767285,1
1,0.9273751592327446,1
1,0.9458739515125297,1
1,0.6829200290212462,1
0,0.7767896447000977,0
1,0.9839977384837088,1
0,0.8224954002936253,0
1,0.9683567418935886,1
0,0.9323315253041911,0
0,0.9692175051639459,0
1,0.8211013951084933,1
1,0.6435610431388219,1
0,0.8984500605504366,0
1,0.8252780965273682,1
0,0.8743358666990224,0
0,0.9221000680798186,0
0,0.8866791388996222,0
1,0.9999893691446976,1
0,0.8709040802702364,0
1,0.9130361477344903,1
0,0.8991494101051257,0
0,0.9106769512347699,0
1,0.7706157474500985,1
0,0.9896391215873469,0
1,0.7236931317849851,1
1,0.9512534136637798,1
0,0.9336919242909857,0
1,0.8969041447289933,1
0,0.959067003985489,0
1,0.8766007940474688,1
0,0.9943728258648701,0
1,0.8982222879154542,1
1,0.9483136676338747,1
0,0.8235389647626106,0
0,0.9172663267260569,0
0,0.8481344171682951,0
1,0.8933331006566538,1
0,0.9556366604154071,0
0,0.9134496928489133,0
0,0.7057553447854563,0
1,0.9217313738877876,1
1,0.777884790316282,1
0,0.9053391994055839,0
0,0.7227480550384312,0
0,0.9717743088655053,0
1,0.9891722750487167,1
1,0.8904910337220576,1
0,0.9743825636643043,0
0,0.9379702620968362,0
0,0.9701946193428644,0
0,0.8868694507548742,0
0,0.9483790142029976,0
0,0.9686244609870618,0
1,0.9596925329734374,1
0,0.9375268995574684,0
1,0.9710277799232608,1
1,0.9088082460002358,1
0,0.9551707685237343,0
0,0.9270368256917099,0
0,0.941170517016622,0
1,0.9084186535916803,1
1,0.819174926747642,1
0,0.7203389898789084,0
1,0.7741924831740794,1
0,0.7885114699654979,0
1,0.6811229547263293,1
0,0.7024462911912305,0
1,0.8890579690431198,1
1,0.5497633127027169,1
0,0.8710172515936878,0
1,0.9325926643220623,1
1,0.7609682118098127,1
1,0.7692490533580735,1
1,0.6734722054033779,1
0,0.9950335963254197,0
1,0.7704238599857816,1
0,0.9251611733992053,0
1,0.8979221947780545,1
1,0.9066745038035359,1
0,0.8178274243975691,0
1,0.579932525989971,1
1,0.960710214318835,1
0,0.9498933284312459,0
0,0.9900667023643883,0
1,0.6980963393311246,1
0,0.7216829676484086,0
0,0.9992031538504839,0
0,0.934775793092697,0
0,0.7711658854610443,0
0,0.9141893326870019,0
1,0.8508544129982969,1
1,0.9272833044323091,1
0,0.6409050563153196,0
1,0.9502690445331606,1
0,0.9379307990178761,0
0,0.9861774205002514,0
1,0.8567555423405205,1
1,0.9002559827441786,1
0,0.818375037675757,0
0,0.9897921227167753,0
1,0.9119310710645763,1
1,0.9130077876954417,1
1,0.9186972272193037,1
0,0.8651213442228283,0
1,0.8935551859541432,1
1,0.9860573327914959,1
1,0.9184130315902059,1
1,0.7655102650032656,1
0,0.6309382414170379,0
0,0.8541785304431257,0
1,0.729085203376694,1
0,0.9336037241811351,0
1,0.977289895913694,1
0,0.9959343176687533,0
1,0.8305274980316402,1
1,0.9010983418429749,1
1,0.8491174043421863,1
1,0.8018644640234109,1
0,0.9653639763908061,0
0,0.8422925291287938,0
1,0.9156654164878532,1
0,0.8241815004483503,0
1,0.8685242047966841,1
1,0.9906246841755163,1
0,0.8707959494771855,0
1,0.9696144327456332,1
0,0.9278829001209716,0
0,0.9955179677767967,0
0,0.9018237430365638,0
1,0.9346663657345594,1
1,0.9633476816015298,1
1,0.9345190095838269,1
1,0.8916447856157178,1
0,0.8791156866133915,0
1,0.9304873942823362,1
1,0.5833517293027911,1
0,0.9801507150966936,0
0,0.9491954486043903,0
0,0.9598475992204364,0
0,0.9828200880690793,0
0,0.9282961087377959,0
1,0.7493981512776954,1
0,0.9722137990338835,0
0,0.7787299318473004,0
1,0.8474760405544034,1
0,0.5528622936321554,0
1,0.6262721278527155,1
0,0.8359054105382785,0
1,0.935966239368773,1
0,0.5819919130506108,1
1,0.8263267843608466,1
1,0.9039567830665722,1
0,0.9397853014177595,0
0,0.8161433059366168,0
0,0.8576047835031312,0
1,0.8976967356830746,1
0,0.7557599857619537,0
0,0.9066484065845234,0
1,0.8802398332132042,1
0,0.9384472811856143,0
1,0.861554095487539,1
1,0.9377265485692079,1
0,0.633659636210154,0
0,0.775572716330831,0
1,0.6939213586274252,1
1,0.7968200966109955,1
0,0.7090843340459819,0
0,0.7267348426261266,0
1,0.8886293494626212,1
0,0.6482942435331759,0
1,0.8453432286404293,1
0,0.7544039737120095,0
1,0.9210138229780825,1
0,0.9533636122530041,0
1,0.8142210034636288,1
1,0.9266809083509682,1
1,0.8852761954030319,1
0,0.939240866606164,0
0,0.9088567766165604,0
0,0.957688086221046,0
1,0.8924019805421884,1
0,0.9300304385735685,0
1,0.8626767282038332,1
1,0.9772115386700344,1
1,0.6838334359206668,1
0,0.9419480593116515,0
0,0.9372513839167392,0
1,0.9483959944196888,1
0,0.855310239570885,0
1,0.9871127181350549,1
1,0.9131543809626723,1
0,0.8820394854686774,0
0,0.8754228858393539,0
1,0.8535697648643891,1
0,0.7804950890664918,0
0,0.8913024974856931,0
1,0.545624119452568,1
1,0.8610784981638978,1
0,0.5863818121641293,1
0,0.9540388392074721,0
1,0.8793250119402157,1
0,0.9230449555722698,0
0,0.9066093819534405,0
0,0.9899434154467566,0
1,0.8760461669016011,1
1,0.9618892914264415,1
0,0.8804824065794963,0
1,0.9835836944101078,1
0,0.9753908630799987,0
0,0.6863508619842175,0
1,0.9498826341623517,1
0,0.8569705668274249,1
0,0.8868220105332142,0
1,0.9351634158547665,1
0,0.8647542521656454,0
0,0.9925905529695688,0
0,0.8955252402132986,0
1,0.9644790906919831,1
0,0.8635039277333041,0
0,0.8747735151834259,0
0,0.8343358442329593,0
1,0.8957639225002987,1
1,0.776085074037177,1
0,0.7515078052024068,0
1,0.7468884998786242,1
1,0.7471999205288232,1
1,0.9270485394037404,1
1,0.49252174327142395,1
1,0.9182873714846521,1
1,0.9705694513790679,1
0,0.9916403686733709,0
1,0.9709615723295848,1
0,0.9333571503439737,0
0,0.8935125960688513,0
0,0.9594487416939739,0
1,0.9973600947417629,1
0,0.8961020899618073,0
0,0.8632083018711947,0
1,0.9360791272570225,1
0,0.7800224213802904,0
1,0.9794974305670187,1
1,0.7424094028542955,1
0,0.8294800896196038,0
0,0.940203645925627,0
1,0.9239713704027365,1
1,0.8722699069972091,1
0,0.9470246353618526,0
0,0.8783600941294585,0
0,0.8798289282028509,0
1,0.8550904390839288,1
1,0.6870655735065202,1
0,0.9817737193249598,0
0,0.9939495078584132,0
1,0.9172276696559051,1
0,0.8112096982039304,0
0,0.9970824692095156,0
1,0.9251244499582749,1
0,0.8686423725592691,0
0,0.8301615516886559,0
1,0.9184826057410056,1
0,0.9428470847722145,0
1,0.8536288622317745,1
1,0.6877469323559003,0
0,0.7964665965546522,0
1,0.8841275379655211,1
0,0.9400333815786778,0
1,0.8619360187108789,1
1,0.9760520274398166,1
1,0.6799592384418932,1
1,0.9056588718820054,1
0,0.5810453620875246,0
0,0.7690570748127911,0
0,0.8185558206763257,0
0,0.8886124841704764,0
1,0.8889837111926251,1
1,0.9636037176181247,1
0,0.951251038819114,0
1,0.949241926268229,1
0,0.9851347510311304,0
0,0.7755131667829105,0
1,0.7060797102448474,1
0,0.7468749977870992,0
1,0.8766056733125221,1
0,0.966348218195395,0
1,0.6048636049276048,1
0,0.9590148909592028,0
1,0.8714684997410691,1
0,0.9401276354424528,0
0,0.9398911776219993,0
0,0.9464790975418581,0
1,0.6386444166911107,1
0,0.720496268699519,0
0,0.7963151414120458,0
1,0.8965411600261073,1
1,0.8984851506367069,1
0,0.7918343808195919,0
1,0.9397931404004917,1
1,0.5606237891559832,1
1,0.8460200441872319,1
1,0.9579378385663312,1
0,0.9451661050611639,0
1,0.9933872660020094,1
1,0.6605236221281586,1
1,0.7957987647371485,1
0,0.6485500570466619,0
1,0.8784974301224562,1
0,0.9905181400324674,0
0,0.88666582043615,0
1,0.8324044768522544,1
0,0.9687704952033721,0
0,0.848706259845877,0
1,0.9673944012741151,1
0,0.9744939583320864,0
0,0.8756592019038096,0
1,0.9580972022776229,1
1,0.7677787335097936,1
0,0.8008250807329639,0
1,0.834806633146034,1
0,0.7431573849222141,0
1,0.7942475658661531,1
1,0.8786725435708966,1
0,0.9144748667153632,0
0,0.8826994430503641,0
0,0.9384584395906423,0
1,0.9530756873787629,1
1,0.8615221936483841,1
0,0.8310759576881506,0
0,0.9235575727810378,0
1,0.9512102365990841,1
0,0.8703764052041374,0
0,0.9063582883245491,0
1,0.7067397295753913,1
0,0.9557588644198481,0
0,0.8330310880872878,0
1,0.9134852609211632,1
1,0.8864525814582783,1
1,0.9581670522412837,1
0,0.965356848522967,0
0,0.9517953702262549,0
0,0.8368807236583334,0
1,0.9937647570624528,1
0,0.7515699843300233,0
0,0.8825013769969131,0
1,0.9621506107854827,1
1,0.5204467956460227,1
1,0.7370138906685335,1
0,0.9551961923010155,0
0,0.6876530320633439,1
1,0.9551029223439238,1
1,0.9965414762085687,1
1,0.9861403128360707,1
0,0.9741278919257775,0
0,0.8642407613469614,0
0,0.9551646516858123,0
0,0.7956872433059592,0
1,0.4659933539253505,1
1,0.6913465595638899,1
1,0.5704685216421697,1
0,0.9456021174815502,0
0,0.7403013532522101,0
1,0.9465058711297767,1
1,0.9179470488596692,1
1,0.9122530428710262,1
0,0.8686500415766472,0
1,0.9137928088242402,1
0,0.9459526478428247,0
0,0.8838687719192544,0
1,0.7522761806998952,1
1,0.8016958241126082,1
0,0.8645906275290259,0
1,0.9949498293843677,1
0,0.9157661636941556,0
1,0.6477117186239965,0
1,0.9517710051310635,1
0,0.8890065296109553,0
0,0.9867288319411222,0
1,0.9559226610468495,1
1,0.999996272696495,1
0,0.7919192056869478,0
0,0.8116452682727262,0
0,0.7419384462003406,0
1,0.9183982500681844,1
1,0.657775684167853,0
1,0.8815351676936375,1
0,0.9507814800039001,0
0,0.9580992733089975,0
1,0.9115058548792174,1
1,0.9295572835391195,1
0,0.972321371933818,0
1,0.913726702174902,1
1,0.9480663216346334,1
1,0.8572172180515657,1
1,0.9062778333577296,1
0,0.8221069350557165,0
1,0.9609605964016337,1
0,0.7521309433628351,0
0,0.921806783701143,0
0,0.8520224992784232,0
0,0.9631534306625136,0
0,0.8337732372970464,0
1,0.6281144568223602,1
0,0.9056805016822194,0
1,0.8855390540704687,1
0,0.7812768147161122,0
0,0.8170015490157392,0
0,0.5554526018835566,0
0,0.7759989429439285,0
0,0.875059475372583,0
1,0.9189979818233609,1
1,0.6936394593175537,1
0,0.8458858300652821,0
0,0.9054106269467238,0
0,0.9469901004354853,0
1,0.9108010847424874,1
0,0.9585052703030014,0
1,0.8561799506736057,0
1,0.7484571378436112,1
0,0.9517502364754544,0
1,0.8339163612908088,1
0,0.8215165749836337,0
1,0.7159030444781395,1
1,0.8356174061043923,1
1,0.5771697243832128,1
0,0.8775651211940569,0
0,0.9603355050673135,0
1,0.8355290916255871,1
1,0.5729951471022514,1
0,0.9696054012341077,0
1,0.8787539373921153,1
0,0.8126820317167275,0
0,0.9400320991144261,0
0,0.9308861234579547,0
1,0.97777217656783,1
0,0.8766150945248856,0
0,0.5998490762113482,0
1,0.9135473558339183,1
0,0.999555693950311,0
1,0.8903312495270067,1
1,0.8061654726283699,1
1,0.9542301572069948,1
1,0.6388574361437156,1
0,0.8903282620805582,0
1,0.6292314818658695,1
1,0.9024314318083755,1
0,0.8074923062213218,0
1,0.8801110789441939,1
0,0.881320921065793,0
0,0.8523600914635177,0
1,0.9229755168368914,1
0,0.8003542570392008,0
0,0.7485644482142264,0
0,0.8225182824336965,0
1,0.9173400824719101,1
0,0.8498514757278929,0
1,0.8469344180397269,1
1,0.8711805603840143,1
0,0.84488877189007,0
1,0.8150717493338387,1
0,0.9658944844266077,0
0,0.9691344842183948,0
1,0.8890846399772477,1
0,0.836224215035234,0
0,0.9578142019174517,0
1,0.9013603288928631,1
1,0.7059459002477686,1
0,0.8794537268758725,0
0,0.7727325501551636,0
0,0.8794294018514276,0
1,0.8799204815179096,1
1,0.6768252396190928,1
1,0.9515032944686288,1
0,0.9503453851454078,0
0,0.8685197141690864,0
1,0.967856532003023,1
0,0.767422972989131,0
1,0.7565050401076826,1
1,0.9566666095438032,1
1,0.7571314346848059,1
0,0.9852413931301655,0
0,0.7924167567248003,0
0,0.9435243261524846,0
0,0.9154749428389086,0
1,0.6696706319783922,1
1,0.9395263411045003,1
1,0.7525392910417251,1
1,0.970314849906745,1
0,0.8987576164065189,0
0,0.6821523393791962,0
1,0.5089562155126605,1
1,0.9722112668210693,1
1,0.9934168274886986,1
0,0.8058702455122347,0
1,0.6723530659162444,1
1,0.8118160150920966,1
1,0.9355730857884086,1
0,0.6225217053674602,0
0,0.952807457879759,0
1,0.8977906081085466,1
0,0.8256169133663197,0
1,0.9741449280796213,1
1,0.75174325286033,1
1,0.9951248645320707,1
1,0.8340657442197755,1
0,0.9935202722904496,0
1,0.9756971630938315,1
1,0.8993616483958848,1
0,0.9132618492106681,0
0,0.9814813678588864,0
0,0.80205538445301,0
0,0.9607077857198775,0
0,0.9431542867044213,0
0,0.7464381929390029,0
0,0.961106264457161,0
1,0.905431781658829,1
0,0.8287636113333318,0
0,0.858232599429845,0
0,0.9605759475631156,0
0,0.9117054139571611,0
0,0.9255762473236505,0
1,0.807420516443294,1
0,0.8367166730879473,0
0,0.9509276665717169,0
1,0.9263782161352972,0
1,0.9689952016055629,1
0,0.9669573277879521,0
0,0.9423528815693812,0
0,0.9929893627079482,0
1,0.9361108264010046,1
1,0.9950460405698821,1
0,0.7212178093871715,0
1,0.9892447974702372,1
1,0.8533833472617883,1
0,0.7308637036129654,0
1,0.8986819070387444,1
0,0.8628486296575685,0
1,0.65634668453869,1
1,0.8705754668627292,1
1,0.9656561447987017,1
1,0.7624448053450873,1
0,0.791486309194719,0
0,0.6677193233856107,0
0,0.8975195720770639,0
0,0.8288422448311908,0
1,0.7229791574218838,0
0,0.8280317515566034,0
0,0.5549315888666421,1
0,0.9563884270985681,0
0,0.8771497478868908,0
1,0.9555860410066871,1
0,0.9829526037636224,0
1,0.8600529530362697,1
0,0.9393859565591693,0
0,0.9034761102411417,0
0,0.8725369077745173,0
1,0.9506176292552082,1
1,0.9828195763994573,1
1,0.9670178197507827,1
0,0.875824771763551,0
0,0.9986856325388187,0
0,0.9126757781809829,0
0,0.9895586777211988,0
0,0.9677637100317013,0
1,0.8886035825548643,1
0,0.96114714735003,0
1,0.8499516180461002,1
0,0.8672555151841912,0
0,0.7914970278377991,0
0,0.7078254848815613,0
0,0.7897116608389152,0
0,0.8908833085355661,0
0,0.9371729818931631,0
0,0.9004907890601036,0
1,0.8923738951501535,1
0,0.8696662825163014,0
1,0.9282360755080784,1
1,0.8553465244253392,1
1,0.8131854561962114,1
0,0.8565146998070915,0
1,0.5754233590374572,1
1,0.5636962414106297,1
0,0.9663528316631945,0
0,0.8938133844366556,0
1,0.8133739018737356,1
1,0.9940232866456691,1
0,0.9484648962948082,0
0,0.7556818119377682,0
0,0.9262003518720691,0
1,0.8986443977060777,1
0,0.9407050510671849,0
1,0.5,0
0,0.921130028464002,0
0,0.8400999659179961,0
1,0.7064774764472541,1
1,0.9444865495052364,1
1,0.7671767374952189,1
0,0.8061599541815878,0
1,0.9151390824017205,1
0,0.7625840643460162,0
0,0.889410701943382,0
1,0.9505010617723818,1
0,0.8764483576152888,0
0,0.7067329849274973,0
0,0.9150708554374035,0
1,0.5791189434030608,1
1,0.7859542992990437,1
0,0.8707712179786429,0
1,0.9730361705684966,1
0,0.8177181389077173,0
0,0.892167564725148,0
1,0.9658503151604074,1
0,0.9973104759440643,0
1,0.7796047761938442,1
0,0.7035906814327076,0
1,0.8190831757007798,1
0,0.9299477629086009,0
1,0.950013399746373,1
1,0.727133181195314,1
0,0.8521193239939473,0
0,0.903215393110866,0
1,0.5924512321091064,1
0,0.8584127052549975,0
1,0.7837056430345629,1
0,0.8162474092211566,0
1,0.7746464998048902,1
1,0.9309470009251242,1
1,0.8491467247139144,1
0,0.9857084936807308,0
1,0.9522730015826082,1
1,0.8584326145650304,1
0,0.831808545051711,0
1,0.9650396828052838,1
0,0.9384242981097022,0
1,0.648238777242412,1
0,0.942932190279099,0
1,0.8135764404594379,1
0,0.7811544604198541,0
0,0.9622565429034755,0
1,0.7476169461133246,1
0,0.9387569709221574,0
0,0.8136158277972039,0
0,0.9166976165382043,0
1,0.9085846456909092,1
1,0.9108664997029917,1
0,0.9151821559345805,0
0,0.8928911999478588,0
0,0.7753438405471276,0
0,0.9500014571301678,0
0,0.9526787900591216,0
0,0.8643427635533734,0
0,0.9222400014232591,0
1,0.7906266123566027,1
1,0.8687331393929335,1
0,0.949772060935468,0
0,0.8388377515546531,0
0,0.8159133570121473,0
1,0.9512207728984263,1
0,0.9275994858010401,0
0,0.8867443532635557,0
1,0.7132079303789255,1
0,0.9833898021550549,0
0,0.9675461915090274,0
1,0.927233111358149,1
1,0.9774776129237381,1
0,0.982939832017741,0
1,0.9999976805460121,1
1,0.9017629988601299,1
0,0.9534225308274332,0
0,0.835486612762518,0
0,0.9303299867280795,0
1,0.8066112688587725,1
0,0.7436836757591546,0
0,0.997133382675103,0
1,0.6838710247363574,1
0,0.9710631962541385,0
1,0.96962989760102,1
0,0.9458708085544609,0
1,0.9018562024632542,1
1,0.903100577415266,1
1,0.9886271655950594,1
1,0.917366068666651,1
1,0.8100467781328164,1
0,0.9501400709773057,0
0,0.9394128439526981,0
0,0.7379079183079889,0
1,0.9154470111962104,1
0,0.9010625348041257,0
1,0.993417088569704,1
1,0.6659888318463275,1
1,0.8762266517405504,1
0,0.7785788813314669,0
1,0.7800424416332299,1
0,0.9932021304360182,0
1,0.652756228949837,1
1,0.5995930418162849,1
0,0.8775918769573731,0
1,0.7261190495921408,1
1,0.9904724832169933,1
0,0.8894256458159239,0
1,0.476811325386324,0
0,0.9217254412784888,0
1,0.6668089409931285,1
1,0.881553063799544,1
0,0.8955441393170122,0
0,0.762390658200289,0
0,0.8223211487561964,0
1,0.9486712304319275,1
0,0.9024525105639943,0
1,0.9392292427076869,1
0,0.618767414191118,0
0,0.8575271659860187,0
0,0.9365947482694571,0
1,0.7550747559732751,1
0,0.6723146311079424,0
0,0.9887843506136744,0
0,0.9857682727311414,0
0,0.7939074028865812,0
1,0.955940846182779,1
0,0.79631003975982,0
0,0.809434782050889,0
0,0.6226764768299321,0
1,0.9737775167683613,1
0,0.7902959656213832,0
0,0.8759951801628199,0
0,0.9669436192967779,0
1,0.7170795401617232,1
1,0.7194646359563895,1
1,0.5660299039833798,1
1,0.7121139755786853,1
0,0.96714918390403,0
1,0.9606338834998935,1
1,0.9647446016174156,1
1,0.9965637114140142,1
0,0.9474468844421808,0
0,0.9067477961043062,0
0,0.8611302480441836,0
0,0.9240964928474114,0
1,0.7509296409681848,1
0,0.8365516558165278,0
0,0.9756887584673213,0
0,0.7609644366190851,0
1,0.9694135994295469,1
0,0.8351222184964063,0
0,0.9466851626852459,0
0,0.8082761358122805,0
0,0.9730812131800165,0
1,0.9261035669112662,1
1,0.6468347812125805,1
0,0.9647178959520688,0
0,0.8959136363704551,0
0,0.8799302605667874,0
1,0.8383892507784767,1
1,0.9664826473467585,1
1,0.8915552315705236,1
1,0.754647003092048,1
1,0.4643618013738752,1
1,0.6263520808900049,1
1,0.9184792129950533,1
0,0.8666753850575041,0
0,0.8359340518515513,0
1,0.8837761646338821,1
0,0.9367971552062191,0
0,0.9320951409353841,0
1,0.8460412501459629,1
0,0.8890892200543513,0
1,0.9656527424407357,1
0,0.8563492793500702,0
0,0.9975011653121335,0
0,0.9654675767787341,0
0,0.8399413223147411,0
0,0.8228905465762552,0
1,0.9999933727624225,1
1,0.9919613675156843,1
0,0.9218418871170414,0
0,0.8341233600846503,0
0,0.9500335442142067,0
1,0.9669623906626351,1
1,0.9449722847100321,1
1,0.9461708268586129,1
1,0.9817827735527412,1
0,0.8537985503347626,0
1,0.9031253539015498,1
1,0.6759569147786999,1
0,0.737370662463761,0
0,0.8934498836499312,0
0,0.9398890998880622,0
1,0.8710681260964268,1
1,0.8823456295946253,1
0,0.543782535507254,1
0,0.7059443583220857,0
0,0.9557196175357903,0
1,0.8046717346133564,1
0,0.8502372512119477,0
1,0.9253130770565379,1
0,0.9547951061561605,0
1,0.4651878294811825,1
0,0.8883398838944069,0
1,0.9221030582733164,1
1,0.9688520724896291,1
1,0.9642664522695115,1
1,0.866469739561529,1
0,0.8250930291483967,0
1,0.8013870102801255,1
1,0.9554492658645378,1
1,0.9330840683545958,1
0,0.7040477113395653,0
1,0.7306941795369696,1
0,0.7682132538805102,0
0,0.6597510973154214,0
1,0.9023088166982478,1
1,0.5893018771542107,1
1,0.7779551689757346,1
1,0.9303247208310831,1
1,0.9237264752835711,1
1,0.792439598060101,1
0,0.7897603675899937,0
1,0.8946870191742218,1
0,0.9740561967611154,0
1,0.9541063596212395,1
1,0.9846590259137185,1
0,0.9887592313057604,0
0,0.6688155814638804,0
1,0.6713156952111304,1
0,0.7608151217158104,0
1,0.7731826853209065,1
0,0.8984618967048313,0
1,0.9497361195418552,1
1,0.9519439795943133,1
1,0.8748106368424641,1
0,0.8746412361833652,0
1,0.8562763128877471,1
0,0.9704870121830017,0
1,0.7539593390556693,1
0,0.8042816872610289,0
0,0.6766683413166602,0
0,0.6974883304847016,0
1,0.9248050352070482,1
1,0.7614269666677074,1
1,0.8059723227822315,1
0,0.9101715379879471,0
0,0.9455906609887235,0
1,0.8705014987354633,1
1,0.5732037722007172,0
1,0.6687456608131861,1
1,0.9352783764657089,1
1,0.9936790896920621,1
1,0.8013523633935719,1
0,0.6305165621677367,0
1,0.5833906463587896,1
1,0.8846801836377371,1
1,0.8599210320546822,1
1,0.7709137518280397,0
1,0.8687710006044194,1
0,0.965572401528357,0
0,0.9126194529526671,0
1,0.9032548432146749,1
0,0.9669651901593326,0
1,0.8976633344621469,1
0,0.9168886147878508,0
0,0.9476531476178561,0
1,0.9111566636295247,1
1,0.6414212574063548,1
0,0.8467162113748639,0
0,0.9937955673434429,0
1,0.5667132825108586,1
1,0.873531577270209,1
1,0.8936912235953008,1
1,0.5172547982927308,1
1,0.832777243131991,1
1,0.8946697052653242,1
1,0.5476216335616074,0
1,0.8275298693894887,0
1,0.7685903395926836,1
1,0.9466737291048992,1
1,0.7535793081397902,1
1,0.8770706834291632,1
1,0.8469166256859333,1
1,0.8913696159047998,1
1,0.915091476165236,1
0,0.8713916552080098,0
0,0.905396091825298,0
0,0.9510447191001771,0
1,0.8717640246542101,1
1,0.8324218676724748,1
0,0.7459745642605081,0
1,0.8831896953995048,1
1,0.6858818167647411,1
1,0.9011708662330058,1
0,0.9036879211882712,0
1,0.7775542438714976,1
0,0.7681195820718006,0
1,0.8915311124940632,1
0,0.9721200057782311,0
1,0.6255778573118528,1
1,0.8282670359766593,1
1,0.8664721481865071,1
1,0.8796024224125029,1
0,0.8948845063790487,0
0,0.9511568708713268,0
0,0.5882725622147419,0
1,0.9624193212413852,1
0,0.992112724371401,0
0,0.9690466477323538,0
1,0.699738915205748,1
0,0.9605416185356631,0
1,0.8084009835491822,1
1,0.630764022369917,1
0,0.9847005645883652,0
0,0.6029102938670491,0
1,0.9875146757689365,1
1,0.7852531873078752,1
1,0.9811803098373499,1
0,0.9435660687791614,0
0,0.7709760913524112,0
1,0.9207709524193697,1
0,0.870504656021752,0
1,0.8847149558874061,1
0,0.9716730815895729,0
0,0.8684253258317255,0
0,0.6872146052087899,0
1,0.918125244935461,1
0,0.9461906460987242,0
0,0.7787813431886061,0
1,0.9486077289710781,1
1,0.5967214830263764,0
0,0.9966826732479925,0
0,0.9248026702844566,0
1,0.6481522074259719,1
0,0.9957205548327258,0
1,0.6532436816650092,1
0,0.8845685140083962,0
0,0.9818195414145535,0
1,0.9322315085163422,0
0,0.9964426830918013,0
1,0.8505033980271802,1
0,0.7144402609176015,0
1,0.9586403054769076,1
1,0.8178220279209205,1
1,0.9223983287064407,1
1,0.8512432623031595,1
0,0.9657791246254731,0
1,0.8496876041145363,1
1,0.9366783870713671,1
0,0.8634487007022438,0
1,0.9020163489685463,1
1,0.9416755919040922,1
1,0.7814615699723086,1
0,0.9829286378013218,0
1,0.8312101966808008,1
1,0.543981951161319,1
0,0.8930147996120007,0
1,0.9302981100299519,1
0,0.9846062173565947,0
1,0.5634324758965534,0
1,0.890370240229263,1
1,0.8308492890629356,1
1,0.839817099080309,1
1,0.9260714395162564,1
0,0.9275107204740508,0
0,0.7734981804116849,0
0,0.9464192182967278,0
1,0.8308757128334767,1
1,0.7044271160836595,1
0,0.9882561709483965,0
0,0.9660784895594878,0
1,0.8644027262055197,1
1,0.7895582167012276,1
1,0.9328899060372488,1
1,0.6499553665696955,1
0,0.7412862253630533,0
1,0.8760743002889958,1
0,0.8681755017075571,0
0,0.8426448199705634,0
0,0.9169085661500425,0
1,0.8506900597493595,1
0,0.8701572593257347,0
0,0.7888238065905648,0
0,0.7048963030251761,0
0,0.9314949059361893,0
0,0.9798714229246297,0
0,0.8985145036010721,0
1,0.9473819189099195,1
0,0.9625237616838329,0
1,0.8086254879311466,1
1,0.8936899835614092,1
1,0.6221283575921064,1
1,0.7346370720028725,1
0,0.9955996116238865,0
0,0.5436580528402479,1
0,0.8229967152630999,0
1,0.9325918052025853,1
0,0.9818127208078555,0
1,0.6966187473683746,0
1,0.9032746535746321,1
0,0.8263184595940233,0
0,0.8766123791446001,0
0,0.9954059023369035,0
0,0.9772563916315297,0
0,0.7593486830679366,0
0,0.5395787512361943,1
0,0.9958521691325175,0
1,0.8183505074550792,1
0,0.9688131631839688,0
0,0.9265407107086508,0
1,0.9023219362378679,1
1,0.8740106421756756,1
1,0.48272095708544255,1
1,0.6468547031480189,1
0,0.9514901312845859,0
0,0.6845011711732982,0
1,0.9440797509179493,1
1,0.511812415705887,1
0,0.8510519361169158,0
1,0.8996937512434199,1
0,0.9550290706009728,0
0,0.9879290331018405,0
1,0.9882542826385342,1
0,0.8748664221400324,0
0,0.9119586954342769,0
1,0.9355255479576147,1
1,0.9334893360425509,1
0,0.8831993572119151,0
0,0.9244543593225578,0
1,0.732092936234629,0
0,0.9981274008851281,0
1,0.7388399046919614,1
1,0.791478463637475,1
0,0.966295378775551,0
0,0.9526754906284054,0
1,0.8276603528909114,1
1,0.8211607648798714,1
0,0.7941837899739581,0
1,0.7247983105449783,1
0,0.9190500668262247,1
1,0.9757002898153467,1
1,0.8068455765192145,1
0,0.8627274788528096,0
1,0.6618003837514981,1
0,0.9288915953224789,0
1,0.9897708453258722,1
0,0.6675736745876126,0
0,0.9010152854370633,0
1,0.7251037250088194,1
1,0.9359131296054681,1
0,0.8971560588824905,0
0,0.9284974864958352,0
1,0.9407353760476924,1
1,0.9428711281449559,1
0,0.9451627686183455,0
1,0.9012185231855858,1
1,0.8350448475653264,1
0,0.954889698213745,0
0,0.9451261276063806,0
1,0.800277744053831,1
0,0.6313093825235742,0
1,0.8493119085188178,1
0,0.9234924379250061,0
1,0.5290635509504314,1
1,0.7080758361102067,1
0,0.9263908049131127,0
0,0.9941937911970944,0
0,0.6801538157602689,0
1,0.9102049261432982,1
1,0.6610826781442659,1
1,0.7967254557278776,1
1,0.9614963077521534,1
0,0.966942659789707,0
0,0.648616051754684,0
0,0.9941410802812694,0
1,0.8980822713845262,1
0,0.7244823109658949,0
0,0.9632758156749891,0
0,0.9794148319742816,0
1,0.9738174975079483,1
1,0.5333717777558724,1
1,0.9203887309956152,1
1,0.6960444407272935,1
0,0.5498608955028088,1
0,0.8637707705597075,0
1,0.5454067266889486,0
0,0.8183259045993488,0
1,0.8142672993667457,1
0,0.9223223671859698,0
0,0.9473090068972075,0
1,0.6255793198929669,1
0,0.7365470802401636,0
0,0.7442648655771706,0
1,0.8893083041476109,1
0,0.9669382280684241,0
1,0.9664974985830249,1
0,0.9873093134384905,0
0,0.9196459118170394,0
0,0.9379739779618242,0
1,0.9352882933652868,1
0,0.9914629306551166,0
0,0.7672257058916434,0
0,0.9917036511304018,0
1,0.9118875679373725,1
0,0.990946269517247,0
0,0.8667820780412295,0
0,0.7660848708191667,0
0,0.9920920055532512,0
1,0.8214569549863387,1
1,0.511920758152494,1
1,0.6439562987617617,0
1,0.8975712419002373,1
1,0.6735413484315076,1
0,0.9892527227028897,0
0,0.721101448497005,0
0,0.8162651553947701,0
0,0.8714819064040406,0
0,0.902877800645605,0
0,0.7312034394172533,0
0,0.8340654047335697,0
0,0.9373506829074657,0
1,0.9545771716450416,1
0,0.9995139254982468,0
0,0.8818276643440126,0
1,0.9911677571181624,1
0,0.9517989642682707,0
1,0.648310653001021,1
1,0.7101445897982275,1
1,0.7025809194653699,0
1,0.9935264925968117,1
0,0.7610102777726333,0
1,0.9546718350507016,1
1,0.7596500010031821,1
1,0.924526949186722,1
0,0.9077322754048565,0
1,0.8860518827522937,1
1,0.9506919099123294,1
0,0.8910880843417496,0
1,0.9495931881397917,1
1,0.7804900402894068,1
0,0.830303764079981,0
0,0.8513970151282576,0
0,0.9629671848715217,0
0,0.8333871881956613,0
1,0.8882744721828765,1
1,0.8763332821795734,1
0,0.5803150724170693,0
1,0.8597072833342956,1
0,0.9791120701930007,0
1,0.6957339312193553,1
0,0.9638490909640406,0
1,0.935805771240138,1
0,0.8636893376342895,0
1,0.8990740982096884,1
1,0.6438151035430656,1
0,0.5464243600874381,1
0,0.8826543652885773,0
0,0.6905264140036416,0
1,0.9718136671494211,1
1,0.6461406609649313,1
1,0.9533891282856399,0
1,0.9288670044240346,1
1,0.8510772167142102,1
1,0.9198483714354225,1
1,0.941119937023903,1
1,0.8577191104311598,1
1,0.8899818162181906,1
0,0.8420061730753331,0
0,0.731805308131929,0
0,0.8910382551638399,0
0,0.8652685324410233,0
0,0.7384815956077323,0
0,0.8112069026557854,0
0,0.7305044627285672,0
0,0.9176408187205867,0
1,0.77570291866229,1
0,0.9837111133826625,0
0,0.8706958200282067,0
1,0.9868584733739743,1
1,0.7027629700812448,1
1,0.8533532223485868,1
0,0.8383511667895961,0
1,0.8853246953375224,1
0,0.8378534358470481,0
1,0.8813549993330849,1
0,0.8530061934020842,0
0,0.8798376209698409,0
1,0.9094572767206807,1
0,0.8361654857325328,0
1,0.9863302534174004,1
1,0.8613824602800446,1
1,0.5499285950957586,1
0,0.8835051808128257,0
1,0.9127075667952435,1
1,0.9958906161319161,1
1,0.6794252097528743,1
0,0.9483010993727075,0
1,0.9537792421834259,1
1,0.9708438852344351,1
1,0.9130660030845409,1
0,0.939295182396928,0
0,0.810543198957359,0
0,0.8994765302677009,0
1,0.9297100081545724,1
1,0.7776190660437736,0
0,0.9391503610512739,0
0,0.9858333710791486,0
0,0.658706823831131,0
1,0.9933561068320163,1
1,0.7387518836708423,1
0,0.7780836024928696,0
1,0.9800165021818134,1
0,0.9360455681608902,0
1,0.8264591764888315,1
1,0.9536557382839498,1
0,0.7885533864391349,0
1,0.7762835211682796,1
1,0.9603548888136659,1
1,0.9242569265145345,1
0,0.9328172648842499,0
1,0.9694664413105132,1
0,0.944263583279233,0
1,0.9043343768011743,1
0,0.8569911654546581,0
0,0.9286320946025135,0
0,0.9319723367403364,0
0,0.8293846055904284,0
0,0.8056278398701959,0
1,0.8655259086970382,1
1,0.7014923017351911,1
1,0.7722412106064968,1
0,0.9356474309670304,0
0,0.9278081703169316,0
1,0.9932192336542206,1
1,0.9576429269171016,1
1,0.7624022142410858,1
0,0.9451135802598557,0
0,0.7188855604018701,0
0,0.9036625860547854,0
0,0.9783485150268332,0
1,0.9791086667295652,1
1,0.8415346018410674,1
0,0.8353171604280367,0
1,0.7746951460238376,1
0,0.9347552859440571,0
0,0.8192981734286999,0
0,0.9951453516436605,0
1,0.9780030823056465,1
1,0.8636594593945176,1
1,0.8660302031648881,1
0,0.868726470981226,0
1,0.6377956845199165,1
1,0.9226098753489284,1
1,0.9866620300497012,1
1,0.9221179897607699,1
1,0.8322271721983014,1
0,0.9341324003460236,0
0,0.8002937675152187,0
0,0.9581899934794216,0
0,0.9765601855014919,0
1,0.5842209058728685,1
1,0.9910919470578173,1
0,0.933923306795212,0
1,0.7290992616227621,1
0,0.8612382998992304,0
1,0.9769729365777113,1
1,0.648302983766078,1
0,0.9002898410671988,0
1,0.9780626210183012,1
0,0.9499781997168432,0
1,0.805852176453157,1
0,0.8312911879387336,0
0,0.987775737227048,0
1,0.9831408805803505,1
0,0.763080685313581,0
0,0.886279754198485,0
0,0.891393066932449,0
0,0.9489432470336066,0
0,0.8887460639363801,0
0,0.8919805137131815,0
1,0.8630129868941141,0
1,0.9668479695863467,1
0,0.9580707235848872,0
1,0.7136620586317574,1
0,0.945278393325289,0
0,0.9699284187333502,0
1,0.9771636394811668,1
0,0.6523970357832698,0
1,0.9730387985668163,1
0,0.8347430561782401,0
1,0.9140706597897036,1
0,0.9403058230561473,0
0,0.7425326615439543,0
0,0.6342562725024088,0
1,0.9842769846144538,1
0,0.9074458256759872,0
0,0.923838618197337,0
0,0.9201435328109896,0
0,0.8753119589844601,0
1,0.9254972757816048,1
1,0.9823087542548068,1
1,0.7955766215435555,1
1,0.9710801968619227,1
1,0.8739537508494598,1
0,0.7678187244419508,0
1,0.5313068995013869,1
0,0.9070431585131914,0
0,0.9569418510552851,0
1,0.8552273644162068,1
0,0.9040085408189874,0
0,0.8906222779337899,0
0,0.9956240110122359,0
1,0.6851110596644774,1
1,0.9944242969617549,1
1,0.768776345989648,1
1,0.7825505177639835,1
0,0.9240981773615455,0
1,0.792626310581354,1
0,0.9497889985319488,0
0,0.6401920927757226,0
0,0.9483525578700426,0
0,0.860934862328626,0
1,0.88273677936077,1
0,0.6420241189710295,0
0,0.6717108689785147,0
1,0.8629554023199864,1
1,0.9500811740121801,1
1,0.7366871255499919,0
0,0.865750340198989,0
1,0.8569420232879508,1
0,0.9708548512373056,0
1,0.7664965256624743,1
1,0.8268303293567618,1
0,0.8763223835574513,0
1,0.5296114704274375,1
0,0.9194780306019451,0
0,0.8248036396656132,0
0,0.9092796496166369,0
1,0.953210836903293,1
0,0.9926304695876444,0
0,0.9913661336292585,0
1,0.73009817966888,1
0,0.8339928029752767,0
0,0.940416470014098,0
0,0.7813282160787358,0
0,0.9700569446544368,0
0,0.9231231777572809,0
0,0.8063234204101253,0
1,0.8363210870997411,1
1,0.9565962833022015,1
0,0.9690313118567006,0
1,0.8533046189068672,1
0,0.8318906033662536,0
1,0.7964983094258135,1
0,0.8602644870949919,0
0,0.9477399367894312,0
1,0.8793607123212688,1
0,0.9822200199592999,0
1,0.9203299631064794,1
0,0.8322666645169492,0
1,0.9065421705456047,1
1,0.8262986862996542,1
1,0.9457303180022556,1
0,0.9707936412907734,0
1,0.6365969918709666,1
1,0.9780804114585463,1
1,0.6308397172476832,1
0,0.8056839385317832,0
0,0.969299745435112,0
0,0.9820775853490147,0
0,0.9254447993617739,0
1,0.8287419191417902,1
0,0.9474695420032543,0
0,0.8727232492369051,0
0,0.7887996104993916,0
1,0.7961764927520404,1
0,0.8916684947204611,0
0,0.766825334738804,0
1,0.9693577411998284,1
1,0.7032931064829988,1
1,0.9578533766441508,1
0,0.9533237670417501,0
1,0.8292647218340214,1
0,0.8307527372582929,0
1,0.8704658427564259,1
0,0.9961907359518974,0
0,0.9653504093514305,0
0,0.9997226558617296,0
0,0.9359560450165335,0
0,0.9315334895840679,0
1,0.6838959772315191,1
1,0.7377442284709071,1
1,0.8619008235300379,1
1,0.9317173397614223,1
0,0.8943741186126445,0
0,0.9944946745502853,0
1,0.8907532657876863,1
1,0.8630937751391247,1
1,0.7586034426955242,0
1,0.6795136794609058,1
1,0.7906445138007012,1
0,0.912998051759328,0
0,0.9912089012838811,0
1,0.775903838535576,1
1,0.6151365730442306,1
1,0.9222408635982644,1
1,0.6629143236468803,1
1,0.8112841758229588,1
1,0.7075963751606645,1
1,0.8930179993546643,1
0,0.5407565198170358,0
0,0.9670707846497213,0
0,0.8462450893894026,0
1,0.8096007316513777,1
0,0.8334958280103045,0
0,0.8293807247122615,0
0,0.9912915101731773,0
1,0.7837960990840183,1
0,0.6838321950181521,0
0,0.9303309684910294,0
1,0.7465172579253531,1
0,0.839554324124636,0
1,0.9228105368855973,1
1,0.8619798821088811,1
0,0.8382470292201031,0
0,0.9967422693410489,0
0,0.9778553748935461,0
1,0.7235524914909214,1
0,0.940026265659344,0
1,0.6837492823617368,1
1,0.8952638926728109,1
0,0.8181059157693308,0
1,0.9134654151207036,1
1,0.5817785752759381,1
1,0.9358117385212823,1
1,0.7529704561771308,1
1,0.726387680780182,1
0,0.8100706803712929,0
0,0.5561224839656551,0
1,0.8606095922176235,1
1,0.8464147938502684,1
0,0.7687935458772267,0
0,0.8721957675003414,0
1,0.7319369892742532,1
0,0.8613176435136568,0
0,0.8217014275774076,0
1,0.932132952963006,1
0,0.9538926511678718,0
0,0.9631467448230696,0
1,0.9629156866299556,1
1,0.7248616210408786,1
0,0.737005573867687,0
0,0.8504234247317187,0
1,0.9071208194164916,1
1,0.9491907332615702,1
1,0.7121343459500812,1
1,0.8339630304049979,1
1,0.912695660197163,1
1,0.9813198211007196,1
0,0.8217505941210327,0
1,0.9069554391382358,1
0,0.9619762062622553,0
0,0.6241820443059232,0
0,0.6570259924052734,0
0,0.5740636127314241,1
0,0.9630178974217478,0
0,0.948017174003882,0
0,0.9465279872924429,0
1,0.7383387353290699,1
0,0.9805708410061001,0
1,0.7829359888747508,1
0,0.8615777269370024,0
0,0.6030638039718695,1
0,0.9982225477047446,0
1,0.7479430781573863,1
0,0.8429358446389061,0
1,0.537466537226275,1
0,0.912190197276572,0
1,0.922820812721298,1
0,0.9429737853283698,0
1,0.7679187788652273,1
0,0.9346777241524238,0
1,0.6923166821995926,1
1,0.5489584713201148,1
0,0.7316050127024042,0
0,0.8845529431353877,0
0,0.9593941142786961,0
1,0.9597502812988644,1
1,0.7410600980141093,1
1,0.8463400393230753,1
1,0.9233247539866636,1
0,0.9999550731375609,0
0,0.913075308874407,0
1,0.9205691674481788,1
0,0.9506797083662037,0
1,0.7957845255005784,1
0,0.8916118495551075,0
0,0.9601245806782304,0
1,0.9543968864694234,1
0,0.8730682376420986,0
0,0.8242317766687319,0
1,0.886514458110299,1
0,0.9881700507538478,0
1,0.8416524079166847,1
0,0.9474795578737554,0
0,0.9467649517188247,0
1,0.9717135866265123,1
1,0.9303719864851632,1
0,0.8199409150631246,0
1,0.9269286405920566,1
0,0.8385279525169598,0
1,0.9450612969991247,1
0,0.905594189908408,0
0,0.884918838437532,0
1,0.9892017956099862,1
1,0.988994692608644,1
0,0.8122448779311937,0
0,0.9914669937763961,0
0,0.9994638374385066,0
1,0.9037522052513637,1
1,0.9034020525233125,1
1,0.9215471974140609,1
1,0.966380120193137,0
0,0.9530369728627718,0
0,0.7451154524817566,0
0,0.9589143825005064,0
1,0.683841682447268,1
0,0.8960377726033335,0
0,0.6536186515314144,0
1,0.9014091837923709,1
0,0.9771623952232336,0
1,0.9328760641176268,1
1,0.9572640771664157,1
1,0.9474023754357276,1
1,0.9388947139988376,1
0,0.9940406268058725,0
1,0.962901687335895,1
1,0.9578454118461148,1
0,0.887342294340281,0
1,0.761869831419397,1
1,0.9303307339804854,1
0,0.8283479726962569,0
0,0.9662224498039436,0
1,0.8224104668329498,1
1,0.9366265212982687,1
0,0.9601219436027747,0
1,0.6860778389120773,1
0,0.9369489253605239,0
0,0.9065220604553056,0
1,0.716829216397802,1
0,0.877405957291853,0
0,0.9102554190475511,0
1,0.941790415814871,1
1,0.7072193095555864,1
0,0.9728120746573572,0
0,0.9617189743072102,0
0,0.8979083946262374,0
0,0.8679964966626552,0
0,0.8299211735593266,0
0,0.978232634275086,0
1,0.9069938379654174,1
0,0.9815941784756419,0
1,0.5495830230129672,1
1,0.9898936117309768,1
0,0.9072186647415111,0
0,0.9907039239615406,0
1,0.6455648139301333,1
0,0.8845611821833665,0
0,0.7484982834261698,0
1,0.5453589893769486,1
1,0.584438584249355,1
1,0.8262985566908385,1
1,0.8824522382561513,1
1,0.9094616524797676,1
0,0.8893061462963473,0
0,0.6963144319438309,0
1,0.9039860085154093,1
1,0.9221174240922585,1
1,0.7069145131362421,1
1,0.7834494193978153,1
1,0.9616163927263028,1
1,0.9619948898042673,1
0,0.9704623499151691,0
0,0.7903615955953571,0
0,0.9084926333670595,0
1,0.9924984630284542,1
1,0.7481474564475903,1
0,0.9296759651446229,0
1,0.5517292571620508,1
1,0.9617445277863433,1
1,0.974223444730925,1
1,0.9606390760466403,1
1,0.8977462801875757,1
0,0.92322438249299,0
0,0.7866628447424105,0
1,0.7480526773197023,1
1,0.9729602210113336,1
0,0.8688171719847335,0
1,0.9306012786418542,1
0,0.713653399785179,0
1,0.9373824980877726,1
0,0.8693025421993468,0
0,0.9323949374764634,0
0,0.9374050419349554,0
1,0.6579308834478811,1
1,0.9885926180794886,1
1,0.8446798721228207,1
0,0.7589345511871954,0
0,0.9089459580464601,0
1,0.9067951299032352,1
1,0.9524662865617575,1
0,0.984545462444281,0
1,0.5741429574429119,1
1,0.9837617881300702,1
1,0.9125019183271261,1
1,0.9142004638512876,1
0,0.9823958284079821,0
0,0.8886170478540977,0
1,0.7976081318022066,1
0,0.990045383642754,0
0,0.9388557776932311,0
1,0.7768533705599325,1
1,0.9963541907703809,1
1,0.9841348938058209,1
0,0.9382016990489026,0
1,0.7115056274674977,1
1,0.9458710222963795,1
1,0.7459723144182029,1
0,0.9280061845032415,0
0,0.8208299829084688,0
1,0.8853380479024829,1
1,0.7891695164756379,1
1,0.9249721010618721,1
0,0.7050438662468093,0
0,0.6625768580827043,0
0,0.9294039533944366,0
0,0.6963467736166883,0
1,0.74531545819787,1
0,0.9197717718609335,0
1,0.9587823492769743,1
1,0.8129299577771485,1
1,0.6514779979403893,0
1,0.8882471393653354,1
1,0.9262113960104038,1
1,0.7487889685280491,1
1,0.8080912656775259,1
0,0.8864187142871021,0
1,0.9743722860167859,1
0,0.8253463758556548,0
1,0.9722503780215055,1
1,0.9890134993980962,1
0,0.8021118718068492,0
1,0.8674588905345088,1
0,0.8520663807504428,0
0,0.8061771562501457,0
0,0.9295126749388426,0
0,0.8778854367674909,0
0,0.929705077718106,0
1,0.9249506162885192,1
1,0.7007936347506128,1
0,0.9773686372207033,0
1,0.7949260625321043,1
0,0.8743328351944969,0
0,0.8646267777564057,0
1,0.9496937397811859,1
0,0.9178596307688638,0
0,0.7218958316705368,0
1,0.8827703507034117,1
0,0.8183432961914358,0
1,0.9307129290252957,1
0,0.9862491126910746,0
1,0.9054472105529124,1
1,0.9057123452695411,1
0,0.732118532729536,0
0,0.8408746626040738,0
0,0.7685907637213087,0
1,0.9764649176414023,1
1,0.8043433488171244,1
1,0.889086331667016,1
0,0.5388155515381615,0
1,0.741742464500946,1
0,0.9806478878301316,0
1,0.734093533057661,1
0,0.9744864155773274,0
1,0.952056683928942,1
1,0.7892718256571867,1
0,0.9909777233725466,0
1,0.9777730101104927,1
0,0.9571962682048363,0
1,0.9351851552054361,1
1,0.8211748144466746,1
1,0.5,1
1,0.8081581269259343,1
0,0.784044075674195,0
1,0.7994835228486595,1
0,0.8388953359248259,0
0,0.9996298006075264,0
0,0.9556445297954932,0
0,0.9876445020647978,0
1,0.8806866777467062,1
1,0.9722626416707034,1
0,0.9872726330016135,0
1,0.5,0
0,0.8178261118752653,0
0,0.9782934927276655,0
1,0.8376641632988552,1
0,0.9559062096222876,0
1,0.6345323969372265,0
0,0.6826945308400807,0
0,0.913590854443904,0
0,0.8771648965048803,0
0,0.9855084736472574,0
0,0.9584357279698343,0
1,0.8244733042167196,1
1,0.9378587292536099,1
1,0.9485971684049824,1
0,0.8988705797245118,0
1,0.925018978570303,1
1,0.866672263237029,1
0,0.9878051250298695,0
0,0.9325602291202786,0
0,0.6098171975535541,0
1,0.9961922944817199,1
1,0.9605643070288767,1
0,0.9224694491336549,0
0,0.8039285636784761,0
1,0.7555954664619149,1
1,0.8812823384028446,1
1,0.9748813321988353,1
0,0.9636207375348242,0
1,0.9648253023805106,1
0,0.9197095784010464,0
1,0.8072855992490423,1
1,0.7652266614041406,1
0,0.8238406965539055,0
1,0.9051204635301329,1
0,0.9171067061993743,0
0,0.9085758880223992,0
1,0.6718784505358429,1
1,0.9999947569739241,1
0,0.9401478508661677,0
0,0.8817334745072207,0
0,0.9966385010862978,0
0,0.9699545474134068,0
0,0.9665228984241173,0
0,0.605128697353754,0
1,0.8434413273564106,1
0,0.9635646278583355,0
0,0.8336102354323031,0
0,0.9009329139249558,0
1,0.8887471911964948,1
0,0.9066580358937484,0
0,0.7152526652710494,0
0,0.9067784342702174,0
0,0.7130033966207515,0
1,0.6836068118472179,1
0,0.8235052276892435,0
1,0.7693443456099638,1
0,0.9186966645102678,0
0,0.993013113788617,0
0,0.746751818018318,0
0,0.9981581460288713,0
0,0.9487488408560365,0
1,0.9907453254706745,1
1,0.9037852184567734,1
1,0.746142593691145,1
0,0.7045396393345631,0
0,0.5947767356409884,0
0,0.9186033419371041,0
1,0.9516237181634678,1
1,0.8478832339606788,1
1,0.8701837293081601,1
0,0.825061054065072,0
1,0.8921785674110431,1
1,0.9897428360267425,1
1,0.815101559441929,1
1,0.8025493812698464,1
0,0.9443819955747474,0
0,0.9510484298401376,0
0,0.862019133533857,0
1,0.7732216700136856,1
0,0.9304823782456874,0
1,0.7739356530741784,1
0,0.946490370057482,0
0,0.630063583512855,0
0,0.9229083554346159,0
1,0.9898190196351625,1
1,0.9231330495533145,1
0,0.7960439573763863,0
0,0.9419039814821394,0
1,0.6455896696756204,1
0,0.7911606958519823,0
0,0.8544010221634933,0
0,0.6800508743268336,0
0,0.9883899263350002,0
1,0.8973743083159782,1
0,0.9561907189251242,0
0,0.6793326339769924,0
1,0.829634863193298,1
0,0.6542916289327284,0
0,0.7059669522116602,0
0,0.8498414169320594,0
0,0.9001265601006602,0
1,0.9085289751913214,1
1,0.7779877448865123,1
1,0.5990727499108978,1
1,0.9707068470551665,1
1,0.8995005758630272,1
0,0.8674213448746992,0
0,0.8380528468958416,0
1,0.8680675439477773,1
1,0.9237772716444907,1
0,0.8999614480197158,0
0,0.9984199064951749,0
0,0.9393232949199389,0
0,0.991645264321152,0
0,0.8886553481875937,0
1,0.9670398125056159,1
0,0.8452408228679198,0
1,0.9278017762937927,1
1,0.9813137616384062,1
1,0.9566814122464318,1
0,0.9054699319351156,0
1,0.5492412419054447,0
1,0.8621401695477738,1
0,0.8034513330207235,0
1,0.9744498264133941,1
0,0.8404544338606179,0
1,0.8382923609591483,1
0,0.9969974297396348,0
0,0.8652173637574001,0
0,0.7355581434997501,0
1,0.7969390202009884,1
1,0.8439841818705324,1
1,0.9750401898144134,1
0,0.9876398980979236,0
0,0.9646049798165303,0
1,0.7304263239991662,1
0,0.9977295431598185,0
0,0.9457230056325215,0
1,0.9822444459136753,1
1,0.663967875560876,1
1,0.9700803134585492,1
1,0.9999905482937056,1
1,0.7000498006974925,1
1,0.8952560012515307,1
1,0.9350239438102793,1
1,0.7447444611789662,1
1,0.7124188014850616,1
1,0.9966811093965479,1
0,0.9971532947769233,0
0,0.9154147495717092,0
1,0.8914209054700812,1
1,0.9941633133016484,1
0,0.897903913213982,0
1,0.6073477974499797,1
1,0.9183448671078298,1
1,0.8838532924299192,1
0,0.7874537748885173,0
1,0.9004357280709828,1
0,0.8198963391022642,0
0,0.8507101855414734,0
0,0.5913116908195358,1
0,0.8287708166368413,0
0,0.9577219670012935,0
1,0.7324642789565952,0
1,0.9485536961508111,1
1,0.9740988190048866,1
1,0.8687015189308923,1
1,0.7965568001655853,1
0,0.681082418664719,0
1,0.927147804493509,1
1,0.8308441371773971,1
1,0.9698603137491811,1
0,0.8266674561283586,0
0,0.6679249490747328,0
0,0.9797782658445607,0
1,0.5732363880362493,1
0,0.8890090661689662,0
1,0.9363184840817557,1
0,0.8389311529299368,0
1,0.8479029712292665,1
0,0.9837370551377927,0
0,0.5558773431640516,1
0,0.9112250265596222,0
1,0.9041575219850277,1
1,0.7328945590087536,1
0,0.8383438706794565,0
1,0.9337003441355727,1
0,0.9700799981582978,0
0,0.9922042393235074,0
1,0.9443965948856189,1
0,0.9508074729641862,0
0,0.9734486521130982,0
1,0.8386937123486631,1
0,0.9256728485861608,0
1,0.7138267198398136,1
0,0.8818630195551862,0
0,0.9553614726811619,0
0,0.842834406822103,0
1,0.8927852024894848,1
1,0.9086020281601379,1
0,0.9219988345393638,0
0,0.9859546326523085,0
1,0.9559101367843499,1
0,0.9469540769354242,0
1,0.8727370368534398,1
0,0.8462719090018568,0
1,0.9861867384163905,1
1,0.5352141728162296,1
1,0.7853446362337501,1
1,0.6793626177616544,1
0,0.9138728302435657,0
1,0.9421669445352095,1
0,0.5807031287175031,1
1,0.982230056797636,1
1,0.8890538047063014,1
0,0.7406030875482614,0
0,0.8405989747395369,0
0,0.9192501330425631,0
1,0.7947279579374159,1
1,0.8582016270318134,1
0,0.6057686136146774,0
1,0.9388245287651692,1
1,0.9565305284194923,1
0,0.7683238638701154,0
1,0.8813076031690578,1
0,0.9471480450880436,0
1,0.7822859443256394,1
1,0.8543389528698783,1
0,0.9506921865112158,0
0,0.927592883202338,0
0,0.9281208427644038,0
1,0.9896698528206671,1
1,0.4855300097915453,1
0,0.9265077899308459,0
1,0.7256572131259397,1
1,0.9038421788599665,1
1,0.732041793566638,0
0,0.7695324132013217,0
0,0.7781236843950327,0
1,0.8662771607221146,1
0,0.9418114459748694,0
0,0.7025115698044454,0
0,0.9314529010410707,0
1,0.9812803601229376,1
1,0.5683319502863621,1
0,0.814790094345616,0
1,0.5218151436423577,1
1,0.8758145509628104,1
1,0.7405577997444455,1
1,0.5684822098225344,0
1,0.7747196411857549,1
1,0.9160230894714176,1
1,0.7575951808734186,1
1,0.9790453208012894,1
0,0.8164957433184575,0
1,0.8607147972768935,1
0,0.9022609423442086,0
1,0.8347613886919746,1
0,0.5816036402886086,1
1,0.7149018664211847,1
1,0.9517974463407319,1
0,0.9960635413694545,0
0,0.8357747197326192,0
1,0.9882631025366975,1
1,0.8142520720240435,1
0,0.8041252660161233,0
0,0.9839651547586372,0
1,0.7683236137439935,1
0,0.9345010007855873,0
1,0.7150018144410915,1
1,0.9669262686724337,1
1,0.9699347164947184,1
1,0.9973499633654067,1
1,0.6094634495465208,0
1,0.9935927478273283,1
1,0.6516345525862297,1
0,0.9628846301462398,0
0,0.8776232798312249,0
0,0.9658841944485226,0
0,0.8436847735109525,0
0,0.7106962106197706,0
0,0.8912070389419428,0
0,0.8749202959666086,0
0,0.798176481111582,0
1,0.9635918491003423,1
0,0.8421904626729899,0
1,0.589805515099663,1
1,0.7942878414076694,1
1,0.5053584425380276,1
0,0.9677705836114692,0
0,0.605197259990793,0
1,0.6639670210463589,1
1,0.8936912689058327,1
0,0.9539229636169323,0
0,0.9546181105351149,0
0,0.5961026258764731,0
0,0.9696015976162597,0
0,0.9027049611686673,0
1,0.8282206247671275,1
1,0.975401757067567,1
1,0.9091231555769892,1
1,0.7515724771877036,1
0,0.9063407948676264,0
1,0.8345822913788471,1
1,0.8841559335939616,1
0,0.977669800504783,0
0,0.8926813674656654,0
1,0.8463318992224592,0
1,0.7267484566739529,1
1,0.9255806688860087,1
0,0.8028583206393957,0
0,0.8435794303872644,0
1,0.9658740406402561,1
1,0.9493977554083012,1
1,0.6227104141329127,1
1,0.7867205986238838,1
0,0.9149377943490313,0
0,0.9352988591324014,0
1,0.805697609879145,1
0,0.9517728332509399,0
1,0.9414559338865849,1
0,0.7711865679101231,0
0,0.8657169859731411,0
0,0.7876717278226395,0
1,0.9476127759695328,1
1,0.9635841143514727,1
1,0.970888353030348,1
0,0.8472184436409275,0
0,0.9039033323618405,0
1,0.572231336889164,1
1,0.9153221251613255,1
1,0.9670747505114036,1
1,0.8963003418064772,1
1,0.9528156048079646,1
0,0.8834198484187322,0
0,0.9572906049620854,0
1,0.8255138273935255,1
0,0.9967734434654797,0
0,0.9398171893250339,0
1,0.9780297294976921,1
1,0.8543049883553337,1
0,0.881202346735438,0
1,0.9760194921466496,1
0,0.9189305958598666,0
1,0.9418533368897566,1
1,0.9095121315455537,1
1,0.7731825669140875,1
0,0.9952715919102473,0
0,0.8470628016100316,0
0,0.9069211510704512,0
1,0.8030518698696744,1
0,0.8893066982870398,0
0,0.8079300702139561,0
0,0.9552626793288468,0
1,0.7141246800370683,1
1,0.8530528364197724,1
0,0.9624982911415408,0
1,0.8061341943449272,1
1,0.5254860345604193,1
0,0.9602572941135217,0
1,0.9212703832793884,1
1,0.923910039655191,1
1,0.7934858508440638,1
1,0.9943057252369634,1
0,0.8302312920212116,0
1,0.9636446359086795,1
1,0.8107341426970961,1
1,0.9999880181371066,1
0,0.7329539482352057,0
1,0.7958402364509407,1
1,0.7455396438336553,0
0,0.8533529222203835,0
0,0.6151158276090551,0
0,0.9668363670269069,0
1,0.9197889131451965,1
1,0.797480973580005,1
0,0.9938525036628022,0
0,0.7228248463175985,0
1,0.9361860714686057,1
0,0.7993543627930908,0
1,0.7716026257031218,1
1,0.9999853071947481,1
1,0.8818446272201983,1
1,0.9097337261812317,1
1,0.8847784338879721,1
1,0.9793609829037603,1
1,0.6070144003584562,1
0,0.7934040171635156,0
0,0.9706385607939535,0
0,0.8323363255878793,0
0,0.9578670217079851,0
1,0.9772579302145916,1
0,0.9753266382678565,0
0,0.9731389311228086,0
1,0.9484797596004209,1
1,0.9108311531504676,1
1,0.9220145320463335,1
0,0.7431941998798661,0
0,0.9411286466210936,0
0,0.8856244319165485,0
0,0.7959421271500857,0
0,0.8741503127215563,0
1,0.9870627587870723,1
0,0.9578434860844333,0
1,0.9024287815218819,1
1,0.9135270704249119,1
1,0.7569974159975097,1
0,0.761890753488799,0
1,0.8941371182393965,1
0,0.9178091341594788,0
0,0.852851325245941,0
0,0.6625121489835433,0
0,0.9227533418683712,0
1,0.8718387011508006,1
1,0.8086456064775983,1
1,0.7305879246499207,1
0,0.8088075319754581,0
0,0.8840843297673417,0
1,0.8784599277723422,1
0,0.9926945436493289,0
0,0.8703376205599662,0
0,0.830830428320231,0
0,0.9455668962764004,0
1,0.979208882822533,1
0,0.866767674607123,0
1,0.5293753238549039,1
1,0.7996812996134889,1
1,0.8778107194774983,1
0,0.9312560751515185,0
0,0.8788524168062987,0
1,0.7230712242216705,1
0,0.8023038453162888,0
0,0.9306219116009617,0
0,0.611900061479767,0
0,0.8304183283624206,0
1,0.9828098773643446,1
1,0.848255520197033,1
0,0.8747109998391405,0
0,0.9243810914759931,0
0,0.7940446813438109,0
1,0.8243346212505175,1
0,0.9327861446916542,0
1,0.968444623378255,1
1,0.821499896400567,1
0,0.9925629518113552,0
0,0.6767851109854608,0
1,0.5519974496173929,1
0,0.7510714560743517,0
0,0.7717545282185863,0
1,0.8880123262578622,1
1,0.9312769860642406,1
0,0.8988762978721612,0
1,0.7357645877814429,1
0,0.8893533884196597,0
0,0.8554678852030575,0
0,0.6502214008567353,0
0,0.8701983765651146,0
0,0.6515686999262483,0
1,0.6102218209298669,1
1,0.8371771291752059,0
1,0.9517798094985999,1
1,0.9442323853510258,1
0,0.7761276807110634,0
0,0.8462499414283156,0
1,0.5563893096494178,1
1,0.9018034255145008,1
0,0.9613025124498205,0
0,0.9185718918143831,0
0,0.860416306512537,0
0,0.9446523369738584,0
1,0.7099886722473491,1
1,0.6719456165992365,1
0,0.9966728403666905,0
0,0.983603216310543,0
1,0.8120105242481974,1
0,0.83674518725629,0
0,0.843855110745686,0
0,0.9614208366481382,0
1,0.784272444994252,1
1,0.8649742563620777,1
0,0.7058160447457402,0
1,0.8951615524886984,1
0,0.7293937890848404,0
0,0.9879583076704659,0
0,0.8389434171325799,0
1,0.9772350111910515,1
0,0.968988370883711,0
0,0.8703989284999217,0
1,0.7471440770977055,1
0,0.9985953596478101,0
1,0.8050231387733039,1
1,0.7024263204046098,1
1,0.9038309310371732,1
1,0.8021005602654789,1
1,0.5241976785163728,1
0,0.9658845107462133,0
1,0.9442315160113354,1
0,0.858401775547837,0
0,0.9631273768644252,0
0,0.8333638128448314,0
0,0.7045302091418406,0
1,0.9897177078114676,1
1,0.9501539731234331,1
0,0.9307683666405665,0
1,0.7978385974034994,1
1,0.6741221875486646,1
1,0.7636813379618504,1
1,0.7149766514898533,0
1,0.8640404864109621,1
1,0.9748971384300861,1
1,0.9602015952422038,0
1,0.7934086741846154,1
1,0.7006899252899466,1
1,0.6300401751157886,1
1,0.9060324617933585,1
1,0.9479679302675892,1
1,0.8082697440934015,1
1,0.723157526863913,0
0,0.8231513199801218,0
1,0.9775584947914939,1
0,0.9035501547936987,0
1,0.5744956154005122,1
0,0.774000796039001,0
1,0.7470841442521781,1
1,0.8496899724398042,1
0,0.9406920576004871,0
1,0.5,1
1,0.9895385263290293,1
1,0.8990011669743834,1
1,0.9363946456693691,1
0,0.8834354938621205,0
0,0.9886288532383887,0
1,0.9137195710230518,1
0,0.876044720074268,0
1,0.9023559414874193,1
1,0.9814696460334631,1
1,0.8810271355610768,1
1,0.7939846013522022,1
1,0.9879885254353078,1
1,0.5802851599608044,1
0,0.9494597656421494,0
0,0.9680203400066205,0
0,0.9090660917224651,0
0,0.8559979642691473,0
0,0.830738368267667,0
0,0.8207176255489699,0
1,0.8980632831976701,1
1,0.8778318063854968,0
1,0.8445373316432819,1
1,0.6843868926529871,1
1,0.975130482178016,1
0,0.8585139681753228,0
0,0.9152280061833549,0
1,0.8441506001634073,1
0,0.8234020757911371,0
0,0.77005774901277,0
0,0.8753452344541416,0
1,0.9442117093210415,1
0,0.8989864456232178,0
0,0.7993254529760061,0
1,0.5576575216773512,1
0,0.9120824522057895,0
1,0.8387540951073617,1
0,0.891585414407507,0
0,0.9660423754071454,0
0,0.9465973749825745,0
1,0.8600561841384481,1
0,0.977311257447566,0
0,0.9117275904795448,0
0,0.9710420677058641,0
1,0.957691172115386,1
0,0.8679109198846564,0
0,0.8576225724482941,0
1,0.9832404039232017,1
1,0.6707686242058292,1
1,0.8420894227551385,1
0,0.9072479996088918,0
0,0.9773984111490898,0
0,0.9466326171199592,0
1,0.7852515001363283,1
0,0.7750508565001368,0
1,0.8661702215885845,1
1,0.9432525475274052,1
0,0.9779279720703558,0
0,0.934151565283947,0
1,0.9807279067909048,1
0,0.7580330923680989,0
1,0.8347237306784795,1
1,0.7997700039651843,1
0,0.8677110093153815,0
0,0.9095853947162733,0
0,0.9946734068553471,0
1,0.9594846664264208,1
1,0.9557011667589904,1
1,0.8849685168731476,1
0,0.891388426935545,0
0,0.8109092673303836,0
0,0.932076357476472,0
0,0.9703468491484167,0
1,0.948533809578567,1
0,0.910400934527534,0
0,0.7597307893020108,0
0,0.7615228561048009,0
0,0.836708015057599,0
0,0.8382479315253617,0
0,0.9996868672071716,0
1,0.9313521194991264,1
1,0.9008925029554079,1
1,0.8039118850609493,1
0,0.878552375322961,0
0,0.8386701810159756,0
1,0.779208232361181,1
0,0.959209376742529,0
1,0.8689755323789561,1
0,0.9336499344237666,0
0,0.8651013279947251,0
0,0.9895612575763202,0
0,0.9907092704367182,0
1,0.8990547697425451,1
1,0.7673403834286792,1
1,0.9226798875175717,1
1,0.8886813461317703,1
1,0.6338625015313486,1
1,0.8426918180640632,1
0,0.9413543713398169,0
1,0.9162446524568851,1
0,0.9778866948858447,0
0,0.998169913438575,0
1,0.9537633556429244,1
0,0.9769359306331378,0
1,0.849883153915682,1
0,0.8234066007640131,0
1,0.8028167041367755,1
0,0.7789758501423245,0
0,0.8035038885368455,0
0,0.9905710379695658,0
1,0.7165898951019081,1
1,0.9877731557248177,1
0,0.8766877635045212,0
0,0.9522468097137678,0
0,0.964997852334339,0
1,0.9378594983741052,1
0,0.8483565663899268,0
0,0.9656271963514819,0
1,0.7702180590987319,1
1,0.9829968099249574,1
0,0.9461088194013341,0
1,0.8678547016383069,1
1,0.8387300312543484,1
0,0.7956333327512607,0
1,0.9243366561004356,1
0,0.9193102270272147,0
0,0.9872515641133436,0
1,0.891880226243555,1
1,0.9027269702816408,1
0,0.9731665202587704,0
1,0.946269048982734,1
0,0.9352395109496864,0
1,0.6980919310036717,1
0,0.8843904085477132,0
0,0.9703622026125249,0
0,0.8580184011996412,0
1,0.6835384106660554,1
0,0.9395028244264211,0
1,0.9352363487484928,1
1,0.9085119644971804,1
1,0.8791242135068896,1
1,0.6601443374220377,1
0,0.8015956860750723,0
0,0.9040943975333883,0
1,0.7616618098483237,1
0,0.61921984890484,0
0,0.9525744623146772,0
1,0.5920935564945673,0
1,0.6609380236982041,1
0,0.5524757933170877,0
0,0.9093638044627923,0
0,0.9301584258465819,0
0,0.9248936833133119,0
1,0.6927195350286399,1
1,0.6884244947668593,1
0,0.9936601247616967,0
0,0.9139961412426558,0
0,0.8142226160290376,0
0,0.9785067294722797,0
0,0.8790882306435551,0
1,0.9232506613589179,1
1,0.9188499220277088,1
1,0.8368895181130575,1
1,0.934388432872325,1
0,0.7237784899373394,0
1,0.9812757490707956,1
0,0.9540970906905607,0
1,0.8149042471787218,1
0,0.9294187622187883,0
0,0.8902270825295844,0
1,0.9330375230496207,1
0,0.9544627116321958,0
0,0.9617120786519094,0
0,0.9930131156365534,0
0,0.9769799959386961,0
1,0.9758772915751477,1
0,0.8433055580759715,0
0,0.8703984830494708,0
0,0.850609580418417,0
0,0.903365743097486,0
0,0.9287305929969807,0
1,0.9940141487478898,1
1,0.9011245090872371,1
0,0.9903912439808259,0
1,0.7644866013268481,1
1,0.9264771508272365,1
0,0.9695994819028352,0
1,0.7676725048823785,1
0,0.9972995021454771,0
1,0.935270175133244,1
1,0.9901755901553357,1
0,0.944770980971951,0
1,0.9130188225262849,1
0,0.7924695744124592,0
0,0.8731264140573582,0
0,0.9934234309302834,0
0,0.9770639419925043,0
0,0.9179707041064004,0
0,0.8850693687109287,0
1,0.9557528807284439,1
1,0.7624976644757244,1
0,0.7784355829849379,0
1,0.7537990056573204,1
0,0.9387369150195779,0
1,0.9237264752835711,1
0,0.8970919435457488,0
0,0.7549547646354436,0
0,0.866914589693034,0
1,0.7499543080474669,1
1,0.8955867783140279,1
1,0.9383031661362681,1
1,0.8397498801150274,1
0,0.9681674118163031,0
1,0.9495751698275349,1
0,0.9979234595317833,0
0,0.9711089654095215,0
0,0.9983667548185903,0
1,0.9728658392063814,1
1,0.9876363288370245,1
0,0.9528619258237033,0
0,0.9198186944836401,0
1,0.913522600131257,1
0,0.8513736349664633,0
1,0.9516745986963918,1
1,0.9537669364778157,1
1,0.9755943345361631,1
1,0.9741064994058413,1
0,0.940558912803384,0
1,0.9225399586221474,1
0,0.9571468387385295,0
0,0.9471372215506665,0
0,0.8235647071389397,0
1,0.739541961901629,1
1,0.5700465591025211,1
1,0.9964509334386202,1
0,0.8998020557295834,0
0,0.7297352862176043,0
1,0.7818902755052365,1
0,0.9182640471792001,0
1,0.9528714635281776,1
1,0.6277520391382578,1
1,0.9682690992952181,1
1,0.6759220482963967,1
1,0.9540521750404491,1
1,0.9190097070696798,1
0,0.8483752367768339,0
1,0.5790162518444426,1
1,0.5237979928192619,1
1,0.9867530911055977,1
1,0.7895934312740324,1
0,0.9592547976946258,0
0,0.9374624413788056,0
0,0.8228880244565253,0
1,0.5,1
1,0.8956939692668107,1
1,0.9716794130989738,1
0,0.9385133622383238,0
0,0.9032049650667764,0
0,0.9863030044893449,0
1,0.9283366259158184,1
1,0.877356543293568,1
1,0.8517378281995444,1
0,0.9315354340295643,0
1,0.5697879786167638,1
0,0.865807727344788,0
0,0.921242491553834,0
0,0.8994307385891771,0
1,0.6124263537956945,1
1,0.9902219486169445,1
0,0.8288400793024653,0
0,0.9364760238684333,0
0,0.9789576982228974,0
0,0.9287760552317691,0
0,0.7093522510455629,0
1,0.7986168291056202,0
1,0.8762033028370301,1
1,0.770152324740032,1
0,0.7845039111334958,0
0,0.7241010887133625,0
1,0.905199506649327,1
0,0.7967536194711583,0
1,0.5897525650582083,1
1,0.9231931674196604,1
1,0.9388319296606027,1
1,0.9906563587218468,1
0,0.8865513096960714,0
1,0.8269306240617652,1
0,0.6449691287390968,0
0,0.9711451908639027,0
0,0.8458501487859397,0
1,0.7783009765470091,1
0,0.8498888035868307,0
1,0.9362437689259627,1
0,0.9017209297946736,0
0,0.9900058021410996,0
0,0.6971812448253348,0
0,0.8712893654173218,0
0,0.992673312867218,0
0,0.9048226093105696,0
1,0.9855510082012188,1
1,0.7815724775833873,1
0,0.9504892215477095,0
1,0.8614722293311329,1
0,0.7853396084576526,0
1,0.9919243765828338,1
0,0.8575714813229082,0
1,0.6303204936732298,1
1,0.6512318121828151,0
0,0.7122182704583587,0
1,0.9444119499621567,1
1,0.6478435340702584,1
1,0.7867333844584903,1
1,0.8940931038049047,1
0,0.8965870905599924,0
0,0.6251153919558328,0
1,0.9722542314490006,1
0,0.9425193044973823,0
0,0.7816305179742556,0
0,0.8488016217561284,0
0,0.9005991282005982,0
1,0.864717693792252,1
0,0.9982188498987746,0
0,0.66040800253612,0
1,0.988133806001986,1
1,0.914514574671811,1
0,0.9499212310503024,0
0,0.8225547673553689,0
1,0.512131397990493,1
0,0.9207210247666495,0
1,0.5860358158933697,0
0,0.9642141373356343,0
1,0.7732545761461139,1
1,0.8881714457381213,1
1,0.6871276877763113,1
1,0.6627103695857934,1
1,0.8590219986966479,1
1,0.5793045445018079,1
0,0.6548474321258866,0
0,0.8788004583595485,0
0,0.999616636252928,0
1,0.8003487082070455,1
1,0.7394498023557597,1
1,0.9850369581097743,1
1,0.7811941795235089,1
0,0.7916946645980193,0
1,0.8964713525769741,1
0,0.8133621160454296,0
0,0.8737178031884323,0
1,0.7101587303222604,1
0,0.961478405398456,0
0,0.9831901868510197,0
1,0.9909658788956031,1
0,0.889541053836328,0
1,0.9822589824918498,1
1,0.7749055910973023,1
1,0.7155224958810302,1
1,0.9388421542804976,1
0,0.842391051981403,0
0,0.8080921390768673,0
0,0.9452133540627456,0
0,0.822572503097558,0
1,0.6239021988268356,1
1,0.5304416032355976,1
1,0.660714794076608,1
1,0.7762040840019703,0
1,0.7505455025926816,1
1,0.8251989481278755,1
1,0.7031671123716049,0
1,0.9301530714217766,1
1,0.7390812419907526,1
0,0.8683408292306198,0
0,0.9161158387978383,0
0,0.962766016334257,0
1,0.8211097618424288,1
1,0.9808410266576315,1
0,0.6252067311350124,0
1,0.6999320542285009,1
0,0.9833399398079442,0
0,0.9419307068543641,0
0,0.8508115936590057,0
1,0.978749265980977,1
0,0.9467190167943911,0
1,0.9509014423764435,1
1,0.6627488267894749,1
0,0.8944086130209804,0
0,0.8850981872217528,0
0,0.9388605879047638,0
1,0.9490931820117647,1
0,0.8608713604687253,0
1,0.8426968988799275,1
0,0.8428998860714813,0
1,0.9447003744660156,1
0,0.9038200614502402,0
1,0.9185213227934604,1
1,0.8262756820346578,1
1,0.850467507698488,1
0,0.6891462218071834,0
1,0.9737614750212731,1
0,0.8481681144330685,0
0,0.8939057178283326,0
1,0.9637042028304299,1
1,0.8317979654058921,1
0,0.8753507966272589,0
1,0.7260309367707262,1
0,0.8122778270735618,0
1,0.9040885956484868,1
1,0.6619126559741237,1
1,0.9173041784860002,1
0,0.86116419500819,0
0,0.9393300897856037,0
0,0.9044418142555385,0
1,0.8458360017743082,1
1,0.7730170404519393,1
0,0.964614798119158,0
0,0.7815530739104904,0
0,0.9864580388407683,0
1,0.9569097768351716,1
1,0.7006084999184972,1
0,0.9035638305116562,0
1,0.8577931651216657,1
0,0.9395802696308271,0
0,0.9395328081151559,0
0,0.94673932583238,0
0,0.8976211114354683,0
1,0.7645718847588112,1
0,0.9989343706601919,0
1,0.6367720550084733,1
1,0.9560834830021216,1
1,0.8464223060836467,1
0,0.9429868545671756,0
0,0.9921302141604352,0
0,0.7839298860190625,0
0,0.9281224139602824,0
1,0.8821997729591585,1
0,0.6557850329021006,0
0,0.6851158830422017,0
0,0.9472203383693104,0
1,0.9745989221128951,1
0,0.7712473086843853,0
0,0.9931231772485858,0
1,0.8657964989755881,1
0,0.9372381312876534,0
1,0.7093241913990641,1
1,0.8219769605894249,1
0,0.9929841724100885,0
1,0.9426072701770146,1
0,0.9257233955562062,0
1,0.7496912325982416,1
0,0.8885124664094767,0
0,0.6072369192291164,0
1,0.9752227001269279,1
1,0.9453293500358682,1
1,0.8075971103336931,1
1,0.9470075327211819,0
1,0.6452055262878144,1
0,0.9272071248477026,0
1,0.7595237619630368,1
1,0.6161347326540141,1
1,0.9167377384612257,1
1,0.8627063274377011,1
0,0.9913487157395461,0
0,0.9727970475234827,0
0,0.9007194797104652,0
0,0.9806909691233252,0
0,0.9572959420652839,0
1,0.9566713200662043,1
1,0.9999849721886882,1
0,0.7493973505001662,0
1,0.7759927988922053,1
1,0.9494265890016524,1
1,0.9690703873478649,1
0,0.9816620090000499,0
0,0.7962929169314701,0
1,0.7724551674148258,1
0,0.7582232736108644,0
0,0.9448074438473307,0
1,0.7820991231720162,1
1,0.8019435816952457,0
0,0.932366324484601,0
1,0.6766084238000722,1
1,0.8244735346032737,1
0,0.9038352035672674,0
1,0.6825240329881803,1
1,0.828836762780474,1
1,0.9808579276944882,1
1,0.8381387416155658,1
1,0.9404461611481113,1
0,0.7590080477348221,0
1,0.9931139664524966,1
1,0.7300438168598997,1
1,0.6609149608942313,1
1,0.8091211639859217,1
0,0.8901520107670402,0
1,0.9502836103807535,1
0,0.9835323279915213,0
0,0.7636258339238423,0
1,0.5296602672125261,0
0,0.8827263556849683,0
1,0.9427634509743448,1
1,0.8648338756771888,1
1,0.9695741048390993,1
1,0.8152633634918746,1
0,0.8115346163021155,0
1,0.6339166105846522,0
0,0.8696788684328903,0
1,0.9823995584886991,1
1,0.9137569972731499,1
0,0.9230188984220032,0
0,0.8340679095886199,0
0,0.9851365155059796,0
0,0.9448190790793861,0
1,0.7849947638365751,1
0,0.815555321277829,0
0,0.9971081631413747,0
0,0.8666922301505094,0
0,0.8184503100249532,0
1,0.862431998612485,1
0,0.9631604186287361,0
0,0.997072016962288,0
1,0.9746507417611895,1
1,0.7861116100431681,1
0,0.9472452812673738,0
1,0.9302056596467492,1
0,0.9151702899813364,0
0,0.9548979587270578,0
1,0.8115876084582013,1
1,0.9809054435561557,1
1,0.740422807571673,1
1,0.860643917743259,1
1,0.9831486268800961,1
1,0.8419280885459622,1
0,0.7330953584342288,0
0,0.9105211390816437,0
1,0.6676517392710646,1
0,0.9509017509679191,0
1,0.9851969403911427,1
0,0.9391589412211505,0
1,0.9012094662282105,1
0,0.787514057742465,0
0,0.9803581073424606,0
1,0.9653416048600566,1
0,0.9586682976960214,0
0,0.7886511823429143,0
1,0.8796415754940138,1
0,0.9392579266849452,0
1,0.8850491340246326,1
1,0.9352318344252932,1
0,0.921367755888788,0
1,0.9763480269344036,1
1,0.8575642759061459,1
1,0.6652334313728457,1
0,0.9259953614060508,0
0,0.6965658044528622,0
1,0.9448224710773185,1
0,0.9281863084396326,0
0,0.9451236380145183,0
0,0.7204946702665029,0
1,0.9660048392414756,1
0,0.9132784796282439,0
1,0.9025074035122532,1
1,0.8827622899089067,1
0,0.8428830178384686,0
0,0.9752261012743377,0
0,0.9698879340054295,0
1,0.9308602106020579,1
0,0.9143113154449681,0
1,0.9943442202596949,1
1,0.6137474334261734,1
0,0.766197874430681,0
0,0.9174345356840686,0
0,0.9003791273646534,0
1,0.8020942937578716,1
1,0.6811089126068685,1
1,0.8293000868149801,1
0,0.8299212265549929,0
0,0.9831088712372735,0
1,0.6732246968229751,1
0,0.8475182437227043,0
1,0.6520394971379315,1
1,0.8355448603365957,1
1,0.8698972287544336,1
0,0.8441860483422021,0
0,0.8230379921380337,0
1,0.992635592445973,1
1,0.9848573991765855,1
0,0.7182951345059151,0
1,0.9727792878288543,0
1,0.6893229451714331,1
0,0.8746095822122892,0
0,0.8949630081165986,0
1,0.8902826359867854,1
0,0.8235570895209112,0
0,0.9489533572164571,0
0,0.9716877862474075,0
0,0.9866007635029598,0
0,0.9406788446950908,0
0,0.8238736394415719,0
0,0.857113747593188,0
0,0.8050236468111711,0
0,0.8019348491441775,0
1,0.7299107315800637,1
0,0.7425512729753228,0
1,0.5279969099798046,0
1,0.9803818930822376,1
1,0.9190379469719108,1
0,0.8224006678595025,0
1,0.9343879532962606,1
1,0.8129927131760093,1
1,0.601911103329937,1
1,0.8693684543358743,1
0,0.891924897632518,0
1,0.6235299603407205,1
0,0.9929061235152171,0
0,0.7206428301706961,0
1,0.9934423552779525,1
1,0.9913830288652983,1
1,0.9999841181792632,1
1,0.9906014019726181,1
0,0.9500079806659114,0
1,0.9073823979774664,1
0,0.99410921977733,0
0,0.8629034711272306,0
0,0.9643361666381601,0
1,0.99547366140709,1
1,0.8995133542330419,1
1,0.9180118782256739,1
0,0.751537373216473,0
0,0.854558425177934,0
0,0.9222142265527904,0
1,0.96454869081112,1
1,0.9646724953180611,1
1,0.9250543993890967,1
1,0.8187297074691617,1
0,0.8885918493883476,0
1,0.9957688977002701,1
1,0.9310865917838406,1
0,0.8204201169027457,0
1,0.5388951723035078,0
0,0.8776650734319338,0
1,0.7831511512769744,1
0,0.6506737226557036,0
1,0.892525781173713,1
0,0.900225756830324,0
0,0.8890977403779228,0
1,0.979734192329294,1
0,0.8450497857535924,0
1,0.9692776067392883,1
1,0.9093257284321814,1
1,0.7089685848431015,1
1,0.7914416500027229,1
0,0.8540113551801576,0
1,0.8621434648338144,1
0,0.9429559322476511,0
1,0.9074521069143432,1
1,0.918946699955715,1
1,0.864350090489669,1
1,0.814973970146303,1
1,0.8130394320990085,1
1,0.9665374327583062,1
0,0.8863173826679616,0
1,0.7304277448725341,1
0,0.955608822989117,0
1,0.694045877757693,1
1,0.9462717473569904,1
0,0.881164997268927,0
0,0.9802973775429218,0
1,0.9830400406765466,1
1,0.7023823628665853,1
1,0.956768121520961,1
0,0.7283091980021812,0
0,0.8836471977270186,0
1,0.9061965730267152,1
1,0.7020082246143345,1
1,0.81637457838792,1
1,0.8846944244367044,1
0,0.9572909456726272,0
1,0.9968974722012914,1
0,0.9864904185041264,0
0,0.7302201391476364,0
1,0.6919224387912482,1
1,0.9077921756054429,1
0,0.9729108379618978,0
0,0.94165335053448,0
0,0.8811228469446271,0
0,0.7528150636403379,0
0,0.8086287746598416,0
1,0.9589826047126292,1
0,0.915105626319995,0
0,0.9007743762765904,0
1,0.9191283337518409,1
1,0.8180949976707004,1
0,0.6205852883219232,0
0,0.8628833449298633,0
1,0.9126867976489395,1
1,0.983348967453998,1
0,0.8823489606629892,0
0,0.8832388465606253,0
0,0.9696034135267734,0
1,0.9259439671342464,1
0,0.8611007675641521,0
0,0.7850184205051078,0
1,0.6761739460771308,1
0,0.7140900584828589,0
1,0.9460626863157732,1
1,0.8975827457137173,1
0,0.8633703038564713,0
0,0.8259968476019323,0
1,0.6860701654508883,1
1,0.9612599040562957,1
0,0.6249541262069038,0
0,0.7421151133988529,0
0,0.8779202640158722,0
0,0.9771082474092141,0
0,0.8032721168237705,0
1,0.8148954255187612,1
0,0.9966868160031042,0
1,0.8624304189400339,1
0,0.970604703196012,0
0,0.6420759702017395,0
0,0.7091586255443915,0
1,0.7360601059880822,1
0,0.5533694163573529,1
0,0.9169552582490736,0
1,0.8722633405732549,1
0,0.9674908563328565,0
0,0.8942007237595772,0
1,0.9999838291846243,1
0,0.9132199653993945,0
0,0.8382871651551306,0
0,0.9092332380265049,0
1,0.7510774271685398,1
1,0.9054908150923241,1
0,0.773718466924069,0
0,0.7104671813014556,0
0,0.985882668712899,0
1,0.9313395283297103,1
1,0.9448640123357894,1
0,0.9968000904314179,0
0,0.6782823720133424,0
0,0.950240464400115,0
0,0.9681854238273829,0
1,0.8685171035990467,1
1,0.8203605970182432,1
1,0.9318192241289359,1
0,0.8303849552255721,0
1,0.701995045270867,1
1,0.6846639213382708,0
1,0.9513691316690849,1
0,0.8001947024300305,0
0,0.9318588593764118,0
1,0.6229541222387484,1
0,0.86174035568577,0
0,0.9388837789967264,0
0,0.9766827113790699,0
1,0.8527010218388472,1
1,0.9616196337100457,1
0,0.8662632972888549,0
0,0.5701480223433099,1
1,0.966660907267926,1
1,0.7572092321829744,1
0,0.764047459698879,0
1,0.6342787542429509,1
0,0.9943635949342765,0
1,0.9450989379622792,1
0,0.7430505575915927,0
0,0.9388908689188356,0
1,0.8012058593934547,1
0,0.9083665276495292,0
0,0.8998471376521143,0
1,0.9489024094547159,1
0,0.990014446635026,0
0,0.9436536012779427,0
1,0.9663768616787126,1
1,0.5919798831692441,1
0,0.9048452172657683,0
0,0.8544262532976988,0
0,0.9138316900037801,0
0,0.8657605951689139,0
0,0.9922151332648396,0
0,0.9960832687318556,0
0,0.9626180691777068,0
1,0.9721505273450043,1
1,0.8458338030718721,1
1,0.979509780489167,1
0,0.9152824923538777,0
0,0.9514490939594907,0
1,0.524437972618697,1
0,0.9393970341789759,0
0,0.9596801062720607,0
1,0.9289897344828771,1
0,0.911136738751452,0
1,0.6895430550279006,1
0,0.7963107272728563,0
1,0.9111464357296238,1
0,0.9079982625266593,0
0,0.6826027824454435,0
0,0.9992780339950947,0
1,0.7652695044433946,1
1,0.9895727758716576,1
0,0.9906771729828856,0
1,0.7730875113406517,1
0,0.9245043817592365,0
0,0.9127191798243129,0
0,0.9472140426034698,0
1,0.7072925613747052,0
0,0.6837101527908426,0
0,0.9786317821949775,0
1,0.8216357152809804,1
1,0.9561327506956981,1
1,0.8804224034284313,1
1,0.9759862093734871,1
1,0.6321259332601662,1
0,0.7444236672814011,0
0,0.7052315534592974,0
0,0.9695557788681166,0
1,0.9104609740753409,1
0,0.9089873664898189,0
0,0.7334683488995952,0
0,0.8917667205807397,0
1,0.9903293055400536,1
0,0.9551424490778343,0
1,0.8537183319274282,1
1,0.6086951100534294,1
0,0.7971672738044419,0
1,0.8158834018809827,1
0,0.9142862495703388,0
0,0.9601836876527869,0
1,0.6090603964887747,1
0,0.774385762187469,0
0,0.8624096891256996,0
0,0.7759415164155711,0
0,0.98069671483665,0
0,0.8707716345962971,0
1,0.7016296576830742,1
0,0.9595291048705903,0
0,0.9829537468966224,0
0,0.9489944080737936,0
0,0.8646602189050452,0
0,0.9697759811323986,0
1,0.5958347583025353,1
1,0.9620077567244945,1
1,0.9044295847241791,1
0,0.9927016927642317,0
1,0.797615011473635,1
0,0.5460169000263743,0
1,0.8826884751788127,1
0,0.8418412776408275,0
0,0.8989430113512223,0
1,0.6029751536450879,1
1,0.7839825725399188,1
0,0.7203731530343186,0
1,0.7969237564732123,1
0,0.824833881947775,0
0,0.9197099468728331,0
1,0.9098959950922119,1
0,0.8961233799678286,0
0,0.9225193680724949,0
0,0.9608647745012486,0
1,0.860409718653304,1
1,0.9635313977009275,1
1,0.9778104976304743,1
0,0.9956528600644845,0
1,0.8790447986179745,1
1,0.7714628675698465,1
0,0.7889984865249795,0
0,0.9981522032442892,0
1,0.7378320774492366,1
0,0.8475852328289516,0
0,0.9671312608104202,0
1,0.9221841686921626,1
1,0.9409995590626621,1
0,0.9960262232904515,0
1,0.8706911670140596,1
0,0.8210679331285864,0
1,0.7938585555657467,1
0,0.871181463393384,0
0,0.61496884630767,0
0,0.7470963360653388,0
0,0.8325816153789243,0
0,0.9492355552933652,0
1,0.9139283508437982,1
1,0.5599555879380118,0
1,0.725430399035056,1
1,0.5740862582251642,0
1,0.8847227976135916,1
1,0.8946198276835703,1
0,0.9387776833939684,0
0,0.9322229233480911,0
0,0.9668061132709065,0
0,0.8781909442476732,0
1,0.792469436010442,1
1,0.9443184877324332,1
1,0.7570299117826144,1
1,0.6803493643844465,1
1,0.94731977592242,1
1,0.8278047251107133,1
1,0.9215592606942846,1
0,0.8150094563923101,0
0,0.9416346595900625,0
1,0.8523643713907942,1
0,0.9418487253329576,0
0,0.9378162644951967,0
0,0.5589916643163508,0
0,0.8341272136120845,0
1,0.8774487537708234,1
0,0.9488841126756951,0
0,0.7120272244285298,1
1,0.6345989671298603,1
0,0.7884304216345412,0
0,0.9108944036909485,0
0,0.9692287946457849,0
1,0.9440420760684697,1
0,0.959681891060175,0
1,0.8997943356192796,1
1,0.7803606933748273,1
0,0.874266526071153,0
1,0.9240582208652044,1
0,0.9939831840339998,0
0,0.7731298888294696,0
0,0.7518085342539541,0
0,0.9931599085271148,0
1,0.8763508969220009,1
1,0.7970057856609027,1
0,0.8614016702594623,0
1,0.9163035376614606,1
0,0.8898638288503788,0
1,0.9203800984430465,1
0,0.6986162214937897,0
0,0.9667014635994933,0
0,0.9086770389588597,0
0,0.9161599855405002,0
0,0.7408558246800496,0
1,0.9885318726455319,1
0,0.9578425530082082,0
0,0.7675363609172179,0
1,0.9176949620824703,1
0,0.8744740413524368,0
0,0.9449367085791374,0
1,0.9093827544445449,1
1,0.8055883523056645,1
1,0.8634732143197742,1
1,0.8014060999878073,1
1,0.9195800220495046,1
0,0.9402409426274001,0
0,0.7705198084195798,0
0,0.6893094077321101,0
0,0.9659947417319739,0
0,0.9514542070006111,0
0,0.9143804667772331,0
0,0.9729864484842266,0
0,0.9750744221890041,0
0,0.8400287218225679,0
1,0.9820604241230102,1
0,0.9649343126766425,0
0,0.799077913803083,0
1,0.6580642457029819,1
1,0.7969318587526396,1
1,0.8536798212945867,1
1,0.7825316135150736,1
0,0.9724460611734632,0
0,0.9589700518660677,0
1,0.8601996297529434,1
1,0.969560392443454,1
1,0.9032810193787038,1
1,0.595362942441598,1
1,0.9853979611581525,1
1,0.839599531344158,1
1,0.8686230268321125,1
1,0.9885079813752119,1
0,0.8142650818513358,0
1,0.8791274944954705,1
1,0.9089795365321027,1
1,0.8936955820015726,1
0,0.8438224710841336,0
1,0.9999832689906686,1
0,0.8804483519005519,0
0,0.5485667757876109,1
1,0.7556992515293546,1
1,0.9400325595087942,1
1,0.6071040868801313,1
1,0.8837965232221033,1
1,0.5,1
0,0.9390883027462785,0
0,0.9415419300403294,0
0,0.7478927159132678,1
0,0.9392356818523327,0
1,0.9016044149554888,1
0,0.8704212979025306,0
0,0.9286744233291672,0
0,0.7388182827720974,0
1,0.9716561806110975,1
1,0.6252862485898772,1
1,0.5772734062417448,1
0,0.9895724160956793,0
0,0.9289832297047439,0
1,0.7577851039239558,1
0,0.9897923808991984,0
0,0.9871206468836414,0
0,0.9612090772314426,0
0,0.9987727344723256,0
1,0.9280060995780386,1
0,0.8724266363875272,0
1,0.7629425361076675,1
1,0.8943357411414052,1
1,0.900006567884168,1
1,0.934996486319563,1
0,0.6884105312095679,0
0,0.8331065905257229,0
1,0.9999970352476374,1
0,0.988486785783904,0
1,0.9824205965184065,1
0,0.9844168625337757,0
1,0.9482660430565627,1
1,0.940732885631255,1
0,0.8449211696011768,0
1,0.9114969770055653,1
0,0.8300922443036358,0
1,0.9628548980501624,1
1,0.9099184580444696,1
0,0.9236849841564504,0
0,0.9493063920305351,0
0,0.9471130346604898,0
0,0.9067765098718022,0
1,0.7146757302696017,1
1,0.7813897051631207,1
0,0.991618657456978,0
1,0.9026973492738991,1
0,0.7377212031675339,0
0,0.7636779876040376,0
0,0.7983500773729146,0
1,0.9726381788721244,1
0,0.9825938428318669,0
0,0.9593511368102142,0
0,0.926244734947193,0
1,0.9519623911139216,1
0,0.8385279525169598,0
1,0.6803606370159995,1
1,0.9863328361563553,1
1,0.748527621095125,1
1,0.9726622000545958,1
1,0.8943716540109201,0
1,0.8505952932776016,1
0,0.9991882141038174,0
0,0.8635398845617486,0
0,0.8852901314722674,0
0,0.8639692612983715,0
0,0.8868272183500437,0
0,0.9453349978023305,0
1,0.8381634937727571,1
0,0.938707380349631,0
1,0.9415202589185833,1
1,0.8440430793171381,1
0,0.8220318164551974,0
1,0.9763068732740166,1
1,0.9395055199612347,1
0,0.9552570747937771,0
0,0.900673310832917,0
0,0.8401973871226451,0
0,0.8038309725887909,0
1,0.9372690326141269,1
1,0.967734462160712,1
0,0.8258054968836074,0
0,0.9368292404770908,0
1,0.917171388204182,1
1,0.8966807282007724,1
0,0.9678840435435501,0
1,0.9111424337627031,1
0,0.9042463608615979,0
0,0.9271328649546291,0
1,0.9505618433527241,1
0,0.9662669771043458,0
1,0.9782307709066764,1
1,0.5702038824854035,1
1,0.5422948256634162,1
0,0.9942502317166014,0
0,0.6687653724973504,0
0,0.926376724462742,0
1,0.9941751949644564,1
0,0.9845930525899489,0
0,0.9936560254244475,0
0,0.9956703128827558,0
1,0.5053548567184414,1
0,0.8205043912495954,0
1,0.9539344737053677,1
0,0.9700487750326902,0
1,0.7442008891022738,1
1,0.9436933180399999,1
1,0.7770739989371245,1
1,0.9547861676513788,1
1,0.9655122187628025,1
1,0.914395481768681,1
0,0.8240993609276092,0
0,0.8582449869534384,0
1,0.9081809446638377,1
0,0.9776717420746333,0
1,0.9612266509228463,1
0,0.9517051919173688,0
0,0.900007921768655,0
0,0.9936685772742322,0
1,0.9866510730941237,1
0,0.9240063078342708,0
1,0.9026113259834599,1
1,0.7211526962209505,1
0,0.9188139991863481,0
1,0.892608781990687,1
0,0.9311378120991515,0
0,0.9399359387943279,0
0,0.555736657225338,0
1,0.9387006597980567,1
0,0.9975760634247585,0
1,0.8685566069388188,1
1,0.6832987802609367,1
1,0.7931212302915359,1
1,0.9195363409722908,1
1,0.9310761083087309,1
1,0.7270833566409471,1
0,0.9485570492141296,0
0,0.8437597626198321,0
0,0.9500595542520427,0
1,0.8924236566693104,1
0,0.7241449653128634,0
0,0.9648844738007126,0
1,0.8580647269903813,1
0,0.6153169271463849,0
1,0.9451293291435778,1
0,0.9920439825484363,0
1,0.987787741157595,1
1,0.9230770065936453,1
1,0.8075320544083117,1
0,0.7534965058888554,0
1,0.5708001592749798,1
1,0.8764015491064978,1
1,0.9899803878902812,1
1,0.9298364546204159,1
1,0.965282763944168,1
1,0.9740800068167046,1
0,0.7254390323967183,0
0,0.8410901036220843,0
0,0.881518122934637,0
0,0.852399821313981,0
1,0.734712019797608,1
1,0.591276988639161,1
1,0.5355552102507044,1
1,0.947110690005396,0
1,0.9280080877271206,1
1,0.9567595157078388,1
0,0.9558209735709088,0
1,0.765383274310911,1
0,0.7518799419282286,0
1,0.6920103992732108,1
0,0.9302253520910964,0
1,0.9026266728271317,1
1,0.9540957481305181,1
0,0.710944379107966,0
0,0.7349977806286081,0
0,0.8822555038896596,0
1,0.9891553476271804,1
0,0.9497672236653336,0
1,0.7865393081305256,1
0,0.7518688142880315,0
1,0.901260946185766,1
0,0.5899149211022263,0
0,0.9628363257827405,0
1,0.6989069731684184,1
0,0.9759400005076659,0
0,0.8880208178461159,0
0,0.9817863279504156,0
1,0.9468309115716208,1
1,0.9920819983632994,1
0,0.8563709690718264,0
1,0.9334875132575602,1
0,0.9763563265581383,0
1,0.9936902296114568,1
0,0.9945989089722381,0
1,0.9437259266738519,1
0,0.999923929657833,0
0,0.7022434273342294,0
0,0.9461897531940692,0
1,0.9910900491747553,1
1,0.8759464360012734,1
0,0.9379750880543318,0
0,0.9277966480145811,0
0,0.7390185708929689,0
1,0.8467952021343673,1
0,0.6327640202559695,0
1,0.8733403751272312,1
1,0.4829810104775774,1
1,0.9272940755549485,1
0,0.8251177560335154,0
0,0.9514107324614677,0
0,0.8768553383400157,0
0,0.9845484969556668,0
0,0.6776027019145833,0
0,0.8714758567036518,0
0,0.9791703994709163,0
1,0.8245493597614045,1
0,0.9029059259853909,0
1,0.7551019449506553,1
1,0.8251017733825242,1
1,0.5875504290803436,1
1,0.7134479209998309,1
0,0.8872936869981264,0
1,0.7918959341276116,1
1,0.5074148122805116,1
0,0.938547204152715,0
0,0.9244796537252641,0
1,0.9387848101882642,1
1,0.9118160128252644,1
1,0.9968559529202263,1
0,0.8958754867183559,0
0,0.9214045935962727,0
0,0.8596143506480544,0
1,0.9751735322564319,1
0,0.9333896852118362,0
1,0.992265514225971,1
0,0.638669359224339,1
0,0.9290017661820306,0
0,0.9632251949617785,0
0,0.7861919710545697,0
0,0.7121701508563864,0
1,0.8811599380753141,1
0,0.9844611352704851,0
0,0.9724765895854842,0
1,0.904856693970085,1
0,0.945927070793896,0
0,0.8984299199706136,0
1,0.9856153736998162,1
1,0.9405469175707805,1
1,0.8430185391472428,1
0,0.9989344926608017,0
1,0.904725482387324,1
1,0.9307854647871361,1
1,0.8424536105438427,1
0,0.9687202491814965,0
0,0.9600341451249162,0
0,0.9275509551744148,0
0,0.8783251902531729,0
0,0.9982504985969938,0
0,0.6674189023820674,0
1,0.8836820588554468,1
0,0.9739111149538612,0
0,0.9459573591828316,0
1,0.945178598098961,1
1,0.9244609562903411,1
0,0.8686949252012997,0
1,0.5106685767239105,1
0,0.8388436543891851,0
1,0.8458988591635132,1
1,0.8133075287742262,1
1,0.8702445637021086,1
1,0.9206632749897581,1
0,0.9724851254367441,0
1,0.7403801027950894,1
0,0.9351656681966078,0
0,0.9611082900834785,0
0,0.7877371418366428,0
0,0.9591531678055655,0
0,0.9719208204983446,0
0,0.7470468613343492,0
0,0.8215708190208113,0
1,0.6357121772356366,1
0,0.9703998225994912,0
1,0.9428082386921411,1
1,0.5698826252014266,1
1,0.9353491599774314,1
0,0.9501570559775614,0
1,0.6360604349946853,1
0,0.9037674716293921,0
0,0.9618332617825772,0
1,0.7242199823470824,1
1,0.993114483630158,1
1,0.9752004494355884,1
1,0.8687631707580517,1
0,0.990791434695622,0
0,0.8022721456907481,0
0,0.9568301553639335,0
0,0.9449766292258045,0
1,0.9875854434696388,0
0,0.87966585509507,0
0,0.7642464406145824,0
1,0.973178715565953,1
1,0.8595214949826547,1
1,0.6804587585543168,1
1,0.9660894923032047,1
0,0.8395267750015628,0
0,0.7344231486702415,0
0,0.9174227790477409,0
1,0.4814190916756849,0
1,0.6683246934756978,1
0,0.9269140078208421,0
1,0.9023092922496108,1
1,0.5643637502892718,0
0,0.9931652740239322,0
1,0.5169777945811254,1
0,0.7939413339747533,0
0,0.9828592529974003,0
0,0.9997324706239857,0
1,0.918876297661895,1
0,0.7671436047006096,0
1,0.7912926387771707,1
0,0.918950085493676,0
1,0.9171185574167303,1
1,0.959720265516501,1
0,0.9546155152476226,0
1,0.9722060095381649,1
0,0.9596279184440923,0
1,0.9874388053563806,1
0,0.6888923679735792,0
0,0.8342485686736535,0
1,0.8093270404857343,1
1,0.9263251174272283,1
1,0.6211692373525377,1
1,0.9407378819839685,1
0,0.947172577405573,0
0,0.9603186897609834,0
1,0.8507889051213171,1
0,0.9518023243563456,0
0,0.826330657965098,0
1,0.9665665620380262,1
1,0.4764576006906098,1
0,0.9366345995192779,0
0,0.9509764897353592,0
1,0.7795198095440361,1
0,0.8130052793539979,0
1,0.8665365157468238,1
1,0.8537933962756121,1
0,0.7999668950149799,0
0,0.8124057843383122,0
1,0.5,1
0,0.7970655328697843,0
1,0.8280137385827148,1
0,0.800386266906272,0
1,0.8569315627993456,1
0,0.75213744987186,0
0,0.9223898308077885,0
0,0.9767910964537986,0
0,0.5828470810114429,1
0,0.9714866150770609,0
0,0.8798754754975618,0
0,0.6536942894521847,0
0,0.8831082972481406,0
1,0.8911327650694683,1
0,0.8755270171126375,0
1,0.995293897353647,1
0,0.9759176974433637,0
0,0.781579484660074,0
0,0.8456548056163637,0
1,0.8400403224072618,1
0,0.819136411631446,0
0,0.8584902051710532,0
1,0.8066689602297151,1
1,0.6878169768776874,0
1,0.9665147561131514,1
1,0.9719608442570391,1
0,0.9781398462418719,0
1,0.687344773022052,1
1,0.8557381667544148,1
0,0.9626092086549473,0
1,0.8459951700381426,1
0,0.9662732204937511,0
1,0.7206051687346346,1
1,0.8857221838514853,1
0,0.7418260536482087,0
0,0.9363167798320512,0
1,0.8404881540004966,1
0,0.7405529539972888,0
1,0.9943701148607558,1
1,0.7622680086937819,1
1,0.9900031405338108,1
0,0.9932072851041815,0
0,0.8305757959059109,0
1,0.8613107952262253,1
0,0.9229735806477486,0
1,0.8666685146866591,1
1,0.768801699546709,1
1,0.7112975723603685,1
1,0.7330358080625239,1
0,0.9134372290091847,0
0,0.9702486013382525,0
1,0.5333717777558724,1
1,0.9378583722989553,1
0,0.623861116484146,0
0,0.9166462387173644,0
0,0.8463950110857563,0
1,0.7873526536497829,1
0,0.9366304225460059,0
1,0.8754595723941055,1
0,0.7987519457793478,0
1,0.8360425293078032,1
0,0.8466670877263923,0
1,0.9058363267393295,1
1,0.9715201580660507,1
1,0.7387207900961884,1
1,0.8671288168428002,1
1,0.7348682898991723,1
1,0.4639788842957838,1
1,0.9422925443448428,1
1,0.9648933841823608,1
0,0.9475756696300391,0
1,0.5104994969256341,1
1,0.7654581926815769,1
1,0.533646180701841,0
0,0.7191899600556664,0
0,0.8867004659296147,0
1,0.9851831868894522,1
0,0.9096341242642078,0
1,0.749075832639181,1
0,0.993941310469651,0
1,0.9425017090593963,1
0,0.8683006513414403,0
1,0.5255848134440951,0
1,0.9086184816754702,1
0,0.9608908882086749,0
1,0.9245516960969591,1
0,0.8475328375440061,0
0,0.9954101117384413,0
1,0.8191739931637345,1
1,0.9107064887753088,1
0,0.9170865699097777,0
0,0.927973690387789,0
0,0.7872015500099527,0
1,0.7606018722903187,1
1,0.8228388968966429,1
0,0.9201674174970914,0
1,0.9763198662572072,1
1,0.9662511683046044,1
0,0.9819250826856201,0
1,0.9221537971836259,1
1,0.9526606916318142,1
0,0.7453538751727722,0
0,0.971298231520659,0
0,0.7668339679060555,0
0,0.8355324325381548,0
0,0.9679933861092357,0
1,0.8476897510933249,1
1,0.9094171876647577,1
0,0.9335159159685358,0
0,0.9563115924418362,0
0,0.9066558660931808,0
1,0.8993202287158627,1
0,0.7776137029291158,0
1,0.9740442600734465,1
0,0.9269993519687432,0
1,0.9146704165932633,1
1,0.9595486332680734,1
0,0.7401312376251221,0
1,0.9365540725693937,1
1,0.8995831894007381,1
1,0.8368179477787481,1
1,0.5568433822280184,1
0,0.9095038141540802,0
0,0.807202418552413,0
1,0.9622294692563234,1
1,0.9190573312481585,1
0,0.8336079359243759,0
0,0.93872358969842,0
0,0.8847418131599344,0
0,0.9483301927078581,0
1,0.9644729939866815,1
0,0.831338649174624,0
0,0.9986871395206122,0
0,0.9232741970189356,0
0,0.9386917420014425,0
1,0.8638855894621403,1
0,0.7284452564877896,1
1,0.6406200948578872,1
1,0.8077190359438665,1
0,0.9179065195010503,0
1,0.9641869571559394,1
0,0.7507358574068682,0
1,0.9999878381241492,1
0,0.8108676339587866,0
0,0.9525609523277637,0
0,0.9918332349637272,0
0,0.9822413072437459,0
1,0.7478162608771214,1
0,0.9846182842683926,0
1,0.9068336215712756,1
1,0.6332156578922757,1
0,0.9475741706524805,0
0,0.9670232761878885,0
1,0.9407741178347924,1
1,0.9275915721351402,1
1,0.9632863460160667,1
0,0.9830850303013687,0
0,0.7675865645814941,0
1,0.6323614953682183,1
1,0.8276865758307649,1
0,0.9598377399305947,0
0,0.8350482420705753,0
1,0.9476178375645185,1
0,0.9461662153339004,0
1,0.9872706081055949,1
0,0.9403438249089001,0
0,0.8830242578952154,0
1,0.9416983438889065,1
0,0.7997203407705343,0
1,0.9332783702972816,1
0,0.7304323292629712,0
1,0.662081250966232,1
0,0.7485038448705494,0
1,0.8436732294052497,1
0,0.9092412399189334,0
1,0.705689090641919,1
1,0.9319380804751418,1
1,0.8676261169317768,1
0,0.6889447779710981,0
0,0.767930452750934,0
0,0.7166848703540438,0
1,0.8177666214996837,1
1,0.5218998973662545,1
0,0.8853539932120696,0
0,0.8503792205776447,0
1,0.6814494241234905,1
1,0.8204849207127567,1
0,0.8961780173586237,0
0,0.9625770702131323,0
0,0.8870070798293457,0
0,0.949441532141527,0
1,0.9205580877400984,1
1,0.5088885906121089,1
1,0.9774048198147538,1
0,0.9538150066431315,0
1,0.9213910096840073,1
0,0.9513673935269105,0
0,0.9606122500294626,0
0,0.8715464069387773,0
1,0.4780386138510167,1
1,0.6093020739033531,1
1,0.9964718485178734,1
1,0.9810349034347314,1
0,0.8421734605820681,0
0,0.6803651979628345,0
0,0.7535223891583438,0
0,0.9490206559104583,0
1,0.6451795305930735,1
0,0.9460004308874902,0
1,0.8624618651641834,1
1,0.9503367406834899,1
1,0.8922714070819865,1
1,0.828394979546016,1
0,0.8744291443739041,0
1,0.6268165349148694,1
1,0.8747306001057588,1
1,0.9913697336441454,1
0,0.9369110059292731,0
0,0.9472798241845627,0
1,0.5749215104799899,0
0,0.94029885241589,0
1,0.9081260721266569,1
0,0.9706202790335446,0
1,0.8581713052523858,1
1,0.735923908669898,1
0,0.9224970447815495,0
1,0.7804513460870478,1
0,0.8960037649678885,0
0,0.9546292431258291,0
0,0.6723943018366751,0
1,0.8172333028677451,1
1,0.8676671922336334,1
0,0.9192030706047727,0
1,0.7613451090833734,1
1,0.8475608642317527,1
0,0.987781655219655,0
1,0.6597370218541211,1
0,0.957630823431813,0
0,0.9012017198155251,0
0,0.7171905812767072,0
0,0.7472654639916275,0
1,0.9335717760044355,1
0,0.7427866473231259,0
1,0.9317173397614223,1
1,0.8116188416829454,1
0,0.911718867901297,0
0,0.9980084472224043,0
1,0.7308999348764345,1
0,0.6978704719243503,0
0,0.9130660571133451,0
0,0.9147926455926283,0
1,0.9919662801006187,1
1,0.9841363329051287,1
1,0.7103714749669755,1
1,0.5428581272949641,1
0,0.9665417101609283,0
1,0.7764789644646098,1
0,0.7428721289633947,0
1,0.7900219252823464,1
1,0.8321989414848484,1
1,0.9130389131624788,1
0,0.9712077702121164,0
1,0.6460861156280443,1
1,0.9227289457351712,1
0,0.6475355455206425,0
1,0.9582870986328528,1
0,0.9284861729834374,0
0,0.818090753488376,0
1,0.9111257707095454,1
0,0.7944259980205332,0
1,0.7683456240908833,1
1,0.7731384061076284,1
1,0.8964364577349019,1
0,0.83789145140121,0
0,0.9283596826315098,0
0,0.976444706834847,0
0,0.7091559395162955,0
0,0.9361950357263209,0
0,0.9241296517407347,0
0,0.950658540969189,0
1,0.9443592022688237,1
0,0.9778450098549624,0
1,0.8275725772131883,1
1,0.7376529647106855,0
1,0.9546770953807208,1
1,0.9700263186046921,1
0,0.9076018378090058,0
0,0.8759913555359392,0
1,0.9540576863265208,1
1,0.9200084590277293,1
1,0.7750002517447215,1
1,0.8951994720762986,1
0,0.7537570225947794,0
1,0.5454721498579227,0
1,0.9223124187984577,1
1,0.961141122537566,1
1,0.9513185900960548,1
1,0.8016339242068679,1
0,0.7083471581299056,0
0,0.8922721864170207,0
1,0.9448177590733535,1
0,0.8219885811580053,0
1,0.7929824217267105,1
1,0.9387014716107884,1
0,0.9325697251076095,0
0,0.6894220314389304,0
0,0.9031114535609233,0
0,0.7675115493855325,0
0,0.6857100007860815,0
0,0.9485641554484271,0
1,0.9140407018628561,1
1,0.7260298052227323,1
1,0.9175139184590287,1
0,0.9678852269204249,0
0,0.9270605812793431,0
1,0.9434903256672407,1
0,0.8345285702540313,0
0,0.8858731185374894,0
0,0.8970558829582513,0
0,0.9223562535019737,0
1,0.727313522884991,1
0,0.7221327845335602,0
0,0.796694403382823,0
0,0.8665222317831841,0
1,0.6809802495984318,1
0,0.6792013225344484,0
0,0.8567614822902183,0
1,0.8949722625578792,1
1,0.8811167545170533,1
1,0.9050770550790693,1
1,0.9113267402253569,1
0,0.8568936771657717,0
0,0.9046766316355159,0
0,0.7567196832813188,0
0,0.9109058894262303,0
0,0.992353604874304,0
0,0.9646638489652778,0
0,0.9888988331356035,0
1,0.7685849789341468,1
1,0.8478745179989025,1
0,0.9084045841631018,0
1,0.5845903683538181,1
1,0.9049289967788317,1
1,0.7968971093876951,1
1,0.8025601920355342,1
0,0.8168017383921802,0
0,0.9193105540919165,0
0,0.94874962701415,0
0,0.7689874474211638,0
1,0.9521856840289125,1
0,0.5563541663473355,1
1,0.738744705776484,1
0,0.841428295653999,0
1,0.9815108369393502,1
0,0.909050606470985,0
0,0.8879247860602414,0
1,0.9592340686819072,1
1,0.9362910341336709,1
0,0.7630271722794371,0
0,0.9575093015213916,0
0,0.9458307966210326,0
0,0.9758670119372563,0
0,0.8683079316996719,0
0,0.9312853600558545,0
1,0.896447437918517,1
1,0.854629001863497,1
1,0.9585536195110059,1
0,0.9453128469490377,0
0,0.6438384047787509,0
0,0.8010497312274142,0
0,0.9762962293983821,0
1,0.8357270318662525,1
0,0.912172138295209,0
0,0.9499053409606484,0
1,0.7290952506328299,1
0,0.6996571407404141,0
0,0.898527631098296,0
1,0.5823235896030645,1
0,0.8698635702843582,0
0,0.9505466364225273,0
1,0.9760191987814819,1
0,0.9895147978267361,0
0,0.9659268079685397,0
0,0.9026765767899879,0
1,0.9039269180821728,1
1,0.9636054161286586,1
1,0.8102900988106218,1
0,0.8835433385537627,0
0,0.9380181614900597,0
0,0.9420564103176408,0
0,0.8238198500650066,0
0,0.9663814260657139,0
0,0.9260873736647465,0
1,0.8890667541165089,1
0,0.9982900593541241,0
1,0.6490078106132257,1
1,0.8789940000734356,1
0,0.8621661409672472,0
0,0.7283106348115483,0
1,0.9114961301579119,1
0,0.9109017810452283,0
0,0.9004716130673261,0
1,0.662248219287676,1
1,0.91470848815717,1
0,0.9354759648317835,0
1,0.9952531433883989,1
1,0.8283076282230046,1
0,0.9602855488920935,0
1,0.8675857098072131,1
1,0.9419768043932032,1
0,0.9089025637174396,0
0,0.9835891873824419,0
1,0.8583541618574518,1
1,0.8190106902191997,1
1,0.6806459006447023,1
0,0.940101693517016,0
1,0.9550192856214752,1
1,0.9622443736335,1
1,0.9717695333547963,1
1,0.6803363545984649,1
0,0.731520169463627,0
1,0.9068528546898373,1
0,0.9406838875525775,0
1,0.7154432393848946,1
0,0.9403372669169331,0
0,0.6019554734972581,1
1,0.9853247174436148,1
0,0.927901205952022,0
0,0.6432596431121881,0
1,0.7399216961459325,1
1,0.9123921351530313,1
0,0.9457501029029166,0
0,0.9777506782090246,0
1,0.9433423368414757,1
0,0.9684788474137332,0
0,0.9428434403569335,0
0,0.9590577807715859,0
1,0.831113913500111,1
0,0.7590231256381564,0
1,0.5145431414002065,1
0,0.9993218369747339,0
1,0.8530259952266149,1
1,0.882459912355439,1
1,0.9337067570176752,1
0,0.9289496632833651,0
1,0.8884453034115648,1
1,0.9805793229624348,1
1,0.9180936821651169,1
1,0.9511776826902442,0
0,0.8372493820169908,0
1,0.9315241002086374,1
0,0.9459067465576919,0
0,0.840120252443178,0
1,0.7083549769588068,1
1,0.7020581233125256,1
0,0.9938950878192658,0
1,0.8223640568770906,1
0,0.711302499292809,0
0,0.9909461709502035,0
0,0.9053320373923694,0
0,0.6621069583697072,0
1,0.7834309666058022,1
0,0.8571777897132717,0
1,0.941097709493129,1
0,0.9842341491778515,0
0,0.839276695240885,0
1,0.9292329342460928,1
1,0.9203155152950266,1
1,0.9816688784015856,1
1,0.9934450462362228,1
0,0.9349345310717389,0
1,0.9824763552359366,1
1,0.7971175607634428,1
0,0.9196784209514164,0
1,0.9479677402367677,1
0,0.9289059644713974,0
1,0.8682502984207178,1
1,0.8743882921468058,1
0,0.9266810512717056,0
1,0.9732406926741131,1
1,0.647733560063539,1
0,0.7738331489595239,0
0,0.9790648358793028,0
0,0.7947705219072533,0
0,0.6922286499551389,0
1,0.988666532430106,1
1,0.7197009436891998,1
0,0.9621464328647404,0
1,0.8222996160203312,1
0,0.9397907223913381,0
0,0.9569332515139135,0
0,0.9624834457315081,0
0,0.9186265178431878,0
1,0.9004804435575691,1
1,0.7159576430164344,0
1,0.6650729499439963,1
0,0.7910405636266512,0
0,0.9195911344105975,0
1,0.933608905176274,1
0,0.9831427110725457,0
0,0.9656420066170294,0
1,0.9130620246542143,1
1,0.8772052709397723,1
1,0.9066867167004924,1
0,0.9571941916301039,0
0,0.7687643411375059,0
1,0.8446942264956947,1
0,0.9523026875345554,0
0,0.7419193685895148,0
0,0.9983777491394507,0
0,0.9595718116942197,0
0,0.7569086218527878,0
1,0.7778118348931969,1
0,0.9798331943281909,0
0,0.9742681412465672,0
1,0.9911608770399557,0
0,0.9017695518289399,0
1,0.9120218191390324,1
1,0.6094564228395138,1
0,0.9539826090692156,0
0,0.9736176304224008,0
1,0.7644770359072809,1
1,0.874461418662462,1
1,0.8992478698826755,1
1,0.8048291833794091,1
0,0.9057690105049747,0
1,0.8580301142605512,1
0,0.8712455806965308,0
0,0.9788139774481737,0
1,0.6040710207411165,1
0,0.9907039107848686,0
1,0.9382248370388865,1
1,0.9951090295419343,1
0,0.7478401584276109,0
0,0.9325995770100608,0
1,0.6992312360675988,1
0,0.982937951270771,0
1,0.7560380743023364,1
1,0.7780676858329436,1
0,0.8807107880595815,0
0,0.8910186859635493,0
0,0.9815463891331893,0
0,0.8055930112950526,0
0,0.9712260315664156,0
1,0.7069890392231633,1
0,0.8446753501041955,0
0,0.7848551355711736,0
0,0.8671460679372017,0
1,0.7676646561441517,1
1,0.6674332475095855,1
0,0.9569705765825413,0
0,0.8950766508867682,0
1,0.9128679568920218,1
1,0.9326245194068706,1
1,0.989627316118031,1
0,0.9805475244957905,0
0,0.8291934529568185,0
1,0.473204392022172,1
0,0.6806911670407984,0
1,0.9418177476909297,1
1,0.9545171917472844,1
0,0.7977206423310143,0
1,0.7652385927028945,1
0,0.7637554227892144,0
1,0.8968639177606619,1
0,0.9929722275663929,0
0,0.9388536831489545,0
0,0.6722069598430448,0
0,0.708994594148926,0
1,0.9465300019082075,1
0,0.9168598036041901,0
1,0.9341149480932172,1
0,0.9154006985021764,0
0,0.9129668005730005,0
0,0.9274989140262234,0
0,0.8352478543484794,0
1,0.9171849165869551,1
0,0.8825944351780056,0
1,0.6398370772139159,1
0,0.999221985756324,0
0,0.876027496965304,0
1,0.962310562637775,1
1,0.9440031830226695,1
1,0.9519401490999521,1
1,0.6844128007509246,1
0,0.9028199248738442,0
1,0.7596168054373493,1
1,0.7825325241887144,0
1,0.7563461427570064,1
1,0.914190834471662,1
0,0.9519166797996429,0
0,0.5630419671929124,1
0,0.612009918304836,0
1,0.9925474973022989,1
0,0.9015024475318654,0
1,0.7379148139480889,1
0,0.7115285378951303,0
1,0.6781486101512836,1
0,0.6641125885566723,0
0,0.8970097228716277,0
1,0.9663745898109587,1
0,0.954843745637237,0
0,0.6860849324386805,0
0,0.8004746107097944,0
0,0.8412107919808129,0
0,0.8168068156114898,0
1,0.9555240122408604,1
0,0.9112047557465551,0
0,0.9910782887370152,0
0,0.9833307303756305,0
1,0.8278261581422164,1
1,0.9561478146020985,1
1,0.5548469931614814,1
1,0.6299803037857851,1
1,0.5771098896128966,1
1,0.9306349196780456,1
0,0.6434451442052246,0
1,0.9574336524252129,1
1,0.8090044777978646,1
1,0.9290288762116619,1
0,0.9443488821550861,0
0,0.9316519382901196,0
1,0.9092856319584143,1
0,0.9017572402890859,0
0,0.7512651680607962,0
0,0.9784496696905591,0
1,0.9253731583063419,1
0,0.9231170158387502,0
1,0.6521951084511998,1
1,0.8773795273237366,1
1,0.9352983090067817,1
1,0.8347015827777767,1
1,0.6617719941966603,1
0,0.7310863427800564,0
0,0.9072278543778247,0
1,0.6458387781277612,1
1,0.7953525507723566,1
0,0.9639904547640792,0
0,0.9967479291369901,0
0,0.9398488159910533,0
1,0.9637900911867717,1
0,0.9818872754265521,0
0,0.8943189830833909,0
1,0.9402540717560327,1
0,0.9179102097630888,0
0,0.9317468296155271,0
1,0.7713789134090667,1
1,0.8720333607245654,1
0,0.8645707697974863,0
1,0.8433285818261209,1
1,0.9016137041481027,1
1,0.8607951440804176,1
0,0.921651046452093,0
1,0.9088995160148168,1
0,0.9120182860781886,0
1,0.983505610012699,1
1,0.9816657084795039,1
0,0.9141691988535162,0
0,0.8529786901099807,0
0,0.9837894747854707,0
1,0.9220600191163139,1
0,0.9829116449154601,0
0,0.9457783185719696,0
0,0.9834042471032065,0
1,0.8958934109516625,1
0,0.9234938447251664,0
0,0.9509451616292631,0
0,0.9072597995256896,0
1,0.5841722470458385,1
1,0.7424791457137637,1
0,0.8236946139931977,0
1,0.9805708826352928,1
0,0.9588520028359158,0
1,0.8296817422313111,1
0,0.9939627426838802,0
0,0.9626991732967425,0
1,0.9036252459909273,1
1,0.9513735796177358,1
1,0.8778381596395638,1
0,0.9590536820429378,0
0,0.8057398150099626,0
1,0.7558395259382933,1
1,0.7584642695499352,1
0,0.9281031155578837,0
0,0.8624725768289493,0
0,0.8343308899137617,0
1,0.931603336406608,1
0,0.8188343900553456,0
1,0.865989871535532,1
0,0.7653448023611631,0
0,0.720247663874857,0
1,0.920496400666862,1
0,0.9708128184007958,0
1,0.707783147665576,1
0,0.8177027140890961,0
1,0.9821479292516325,1
1,0.9750550224449971,1
0,0.7738149766561649,0
0,0.9537908813741756,0
0,0.8694619723211214,0
1,0.9352112849026881,1
1,0.92337872085746,1
0,0.9768115779167731,0
0,0.9506115941299929,0
1,0.793902445514053,1
0,0.9878309026766519,0
0,0.9266449143646017,0
0,0.9163707965566287,0
0,0.947642429047169,0
1,0.6244752762338575,1
0,0.8266309091324154,0
0,0.9743999883118062,0
0,0.9828568681475688,0
0,0.9162865638533568,0
0,0.7441885376751546,0
0,0.9293915884691296,0
0,0.9979980140924213,0
0,0.9114283365337101,0
0,0.8945074012633695,0
0,0.950199123702679,0
0,0.9402023199999001,0
1,0.7728187732452133,1
1,0.6354083687679818,1
0,0.978280283064028,0
0,0.9565846231403965,0
0,0.720229546368181,0
0,0.7630758613298744,0
1,0.7310387907341794,1
0,0.89279868625818,0
1,0.8499405059868826,1
1,0.6154298061774276,1
0,0.7793261856221012,0
0,0.910818173829871,0
1,0.8819096017831314,1
1,0.8180936312542949,1
0,0.8771198810198051,0
0,0.9730067043274757,0
1,0.6460148771349816,1
0,0.8467228362402809,0
0,0.6044707574932704,0
1,0.7645159238651933,1
1,0.9955350368866328,1
0,0.9671038765807447,0
1,0.9451361691199067,1
1,0.9221819524802153,1
1,0.8907511591764882,1
1,0.9304514456215034,1
1,0.6538896845752825,1
0,0.9049053336526391,0
1,0.9899053057968624,1
1,0.941094907438986,1
0,0.9960645701632638,0
0,0.8941698141697245,0
0,0.9392239665633962,0
1,0.8217088105364351,1
1,0.9474501287689836,1
1,0.5373124306345525,0
0,0.635104769757244,0
0,0.6856538916390102,0
0,0.8170532021627798,0
0,0.7813116496591304,0
0,0.9064067494582638,0
1,0.803480943392125,1
0,0.854061603185438,0
0,0.7956920085848538,0
0,0.8651778889171478,0
1,0.9730674890671175,1
1,0.7304792581608348,1
0,0.910192362789238,0
0,0.9691432368713907,0
0,0.9895448459239473,0
1,0.8735924351540103,1
1,0.5278784458250635,1
1,0.8964310386650182,0
1,0.7078634134755224,1
1,0.7149189523134357,1
1,0.9229381831415727,1
0,0.6958397244939736,0
1,0.9195788385111158,1
0,0.7249490603099955,0
0,0.7433260257270983,0
1,0.8423162737253641,1
1,0.9292325405904927,1
1,0.9594846664264208,1
1,0.7992242698201099,1
1,0.9117460981420479,1
0,0.9837402534494255,0
1,0.8652800927429977,1
1,0.5613196870001911,1
1,0.883630721920559,1
1,0.9944770553967235,1
0,0.9392140297614457,0
0,0.8628163465238717,0
0,0.8317581644664156,0
1,0.6155290338401068,1
1,0.8474287378112759,1
0,0.9938902194589914,0
1,0.824745893795134,1
1,0.9446674778760522,1
1,0.9805752327114853,1
1,0.4670810681737631,0
0,0.876101972225318,0
1,0.7702206338098117,1
1,0.9164036156633834,1
1,0.9404574875776778,1
1,0.8386942802753775,1
0,0.8895260467203812,0
0,0.9832283072980005,0
1,0.878350158106457,1
1,0.8755155985548169,1
1,0.8831767301754851,1
1,0.8084261044062718,1
1,0.8971276503928691,1
0,0.9085365988222946,0
0,0.9099083007795153,0
0,0.8878376504096488,0
1,0.5811260197432649,1
0,0.9041738274260498,0
0,0.7215297703587586,0
1,0.9067499401091936,1
1,0.8692592620183044,1
0,0.8836425965444556,0
0,0.9899256508801724,0
1,0.8086775962281476,1
1,0.8814340365861266,1
1,0.9089622147360557,1
1,0.9364452300601803,1
0,0.7136524372663225,0
0,0.9361406696783157,0
0,0.9582779069551592,0
1,0.7834883250199822,1
0,0.9290918951103613,0
1,0.8757327515267429,1
1,0.749234889085296,1
1,0.7330376500128343,1
1,0.8567817928160832,1
1,0.7214961246678497,1
1,0.8873196917752566,1
0,0.9682157224711226,0
0,0.9489975443632503,0
0,0.9737599294931677,0
0,0.8797645133777263,0
0,0.969730487429026,0
1,0.5667729844751663,1
0,0.9414824840903435,0
1,0.9610486630404886,1
1,0.8290433383311294,1
1,0.8020953215113693,1
0,0.9399780511803503,0
0,0.9841168619447931,0
1,0.929525242841223,1
0,0.9577267464825538,0
0,0.9739504649085499,0
0,0.8714108816529017,0
1,0.8923905807896583,1
0,0.8952020412514051,0
1,0.944159702768433,1
0,0.8120737898627528,0
1,0.9541929044378316,1
0,0.970393040085024,0
1,0.6762032165487609,1
1,0.9169598459805223,1
0,0.980731214689195,0
0,0.9257368605431616,0
0,0.8322268506583766,0
0,0.9914095039437054,0
0,0.7188860095000107,0
1,0.9958724126658219,1
1,0.5594174151684979,0
1,0.8050761748604781,1
1,0.5704556074898541,1
0,0.9727072650969576,0
0,0.8653456650881295,0
1,0.7371592718500272,1
0,0.6683969137898378,0
0,0.8232224115963551,0
0,0.8906038364539497,0
1,0.8557045091444697,1
0,0.9706799909110713,0
0,0.9491828758959395,0
1,0.48568142326632296,1
0,0.8532493895757061,0
0,0.9871750017820453,0
1,0.890788851690508,1
0,0.9041259703089775,0
0,0.9508151005837415,0
0,0.994799524025798,0
0,0.9588114568852836,0
1,0.9770327733510836,1
1,0.9145075761796059,1
1,0.909878865307767,1
0,0.7818757332542937,0
1,0.5085627580921082,1
1,0.8787742904501354,1
1,0.7560703157279347,1
1,0.9302046181687436,1
0,0.9081454551403844,0
1,0.8104956516137356,1
0,0.9283114206314547,0
0,0.9511082337662382,0
1,0.9193695882666695,1
0,0.997542908325503,0
1,0.8879076928460388,1
1,0.9651120444987947,1
0,0.9521065929130211,0
0,0.8714649084966621,0
1,0.8306955385790725,1
0,0.8878697258955158,0
0,0.9235556051261385,0
1,0.9606694598415015,1
0,0.8436646819843149,0
0,0.7798034372926343,0
0,0.9686103462137392,0
1,0.9711828160622071,1
1,0.9516819616805146,1
0,0.9622153512842154,0
1,0.8903420539648828,1
0,0.7736717367103113,0
0,0.6063665751158978,0
0,0.8919861012533206,0
1,0.9801572497257622,1
0,0.608183089089711,1
0,0.9604313324085629,0
0,0.9143683311319536,0
1,0.9185493437751179,1
0,0.8898389109183878,0
1,0.9746242390513451,1
0,0.9086933856216647,0
1,0.9264528569831618,1
1,0.7657959934566844,1
1,0.987028470229342,1
0,0.9782392521389562,0
1,0.6069571957730732,1
1,0.9946741102806412,1
0,0.7799318177423941,0
1,0.8330471939247149,1
1,0.9195779062358606,1
1,0.988528513634512,1
0,0.9673208678767251,0
1,0.8262678826918609,1
0,0.9725488756928912,0
0,0.9791182822274461,0
1,0.8943444004193595,1
1,0.6742348664598482,1
0,0.8363398224072613,0
0,0.7793832710341697,0
0,0.9143562397442603,0
1,0.9624303125554807,1
1,0.7546165751378824,0
0,0.9894685555570005,0
0,0.9727277102341533,0
1,0.7516825825391873,1
1,0.910124260660381,1
0,0.9653783470290449,0
0,0.9809598622210259,0
1,0.9087521809529252,1
1,0.9020838662557443,1
0,0.840096821094466,0
1,0.6499378935259505,1
1,0.9534348768976473,1
1,0.9765231369827272,1
0,0.9329666929688414,0
1,0.9063627929708701,1
1,0.6809123070498508,1
1,0.755954064808534,1
1,0.9323553271339131,1
0,0.972994065163457,0
1,0.8743671353815012,1
1,0.8423235439013457,1
0,0.9736937184075529,0
1,0.8992056033955619,1
0,0.9531753611264663,0
0,0.9440382409134608,0
0,0.968144595904925,0
0,0.9449355180633165,0
1,0.8711733532823781,1
1,0.9705827424617415,1
1,0.7941600786066286,1
1,0.7903081579448215,1
1,0.7282782948676501,1
1,0.8483090930741107,1
0,0.9053577321796366,0
1,0.8163921132368451,1
0,0.9543958542188709,0
1,0.9354580754883635,1
0,0.607611587461233,0
0,0.9133099493494712,0
1,0.9282774902073848,1
0,0.923241916954143,0
1,0.9098769975803926,1
0,0.9212710611637476,0
1,0.9496184618689069,1
1,0.831390266545561,1
1,0.994586565025307,1
1,0.9765995997414539,1
1,0.8014185306168958,1
1,0.935225912950748,1
1,0.6237592422829623,1
0,0.9381039646926475,0
0,0.9423644432254894,0
0,0.9854846095476029,0
1,0.9633036788799517,1
1,0.8678616914175997,1
1,0.8471328714149065,1
1,0.8942363777585812,1
1,0.9472816635149567,1
0,0.9197203862819769,0
0,0.9875139349087315,0
0,0.9955637828271273,0
0,0.9292925690910265,0
1,0.9643491878107445,1
1,0.6859824886810695,1
0,0.8624761538506854,0
0,0.9053455811022612,0
0,0.9082293700294686,0
1,0.93819205654882,1
0,0.936698977023675,0
1,0.7641287362380165,1
0,0.998300365306995,0
0,0.9537129301390734,0
1,0.967060961425808,1
0,0.8716474298358556,0
1,0.5126696093817019,1
0,0.9777779789598668,0
0,0.9245770651200893,0
1,0.9948113361788853,1
1,0.8573292900212236,1
1,0.8720742077636406,1
0,0.7588769889955538,0
1,0.9063761361209779,1
0,0.9052757195117809,0
0,0.7412243651480339,0
0,0.9764970537602763,0
0,0.9351983953127964,0
0,0.9978480859526632,0
1,0.6712961106592356,1
0,0.7274498110666607,0
0,0.9678775078451664,0
1,0.8450557376648026,1
1,0.6056819672212603,1
0,0.9275924439986762,0
0,0.7658467088265307,0
0,0.9815187229291282,0
0,0.6913505409432136,0
0,0.9588808969215585,0
1,0.7267699235115557,1
0,0.9501268692628667,0
1,0.9658290213147201,1
1,0.9955339726006374,1
0,0.8909503735373782,0
0,0.815652907401462,0
0,0.8904660850585041,0
1,0.7593904367072778,1
1,0.8903432090818356,1
0,0.957367606798001,0
1,0.834886861438624,1
1,0.7934003868368229,1
1,0.8060334550144045,1
1,0.9148305817663979,1
1,0.8698099637460394,1
1,0.8589397517588203,1
1,0.8968655141054975,1
0,0.7377739450005106,0
0,0.9376763621761016,0
1,0.9337858543897379,1
0,0.8531434692129444,0
0,0.8809031759237705,0
0,0.8667818063833563,0
0,0.9625660132847746,0
0,0.9154882316007514,0
0,0.9574890263615561,0
0,0.9443723601707944,0
0,0.9703919545955866,0
1,0.8533498918790366,1
0,0.7755476531745698,0
1,0.8064831651442576,1
0,0.7724994398100574,0
0,0.7549915753612421,0
1,0.6462223205868604,1
1,0.8644642554982116,1
1,0.6384968344891486,1
0,0.8611163903143787,0
1,0.9659867958160248,1
0,0.8357275255702656,0
0,0.8758558022331278,0
0,0.8614768019339449,0
1,0.6229547920619055,0
1,0.995773356818562,1
0,0.6309889838801199,0
1,0.8199865682777316,1
0,0.9630824727532514,0
0,0.9565242510216032,0
1,0.9443082110434874,1
1,0.6110011426519893,1
1,0.8733440135596088,1
0,0.8777597403170349,0
0,0.9891029913905474,0
1,0.9621816713207,1
0,0.9779244713606199,0
1,0.8264597311619492,1
0,0.9422788100683517,0
0,0.8414968532642593,0
1,0.874393826774001,1
0,0.9974144694015129,0
1,0.7137459966859495,1
0,0.9319169632568107,0
0,0.912058698329078,0
0,0.6667961172345889,1
1,0.6217917009933666,1
0,0.9627113491772407,0
0,0.9382942478151675,0
0,0.8752518936255588,0
0,0.7377003067720627,0
1,0.8417775178865675,1
0,0.9063139898758851,0
0,0.8794593792454031,0
1,0.9460237771612144,1
1,0.8937627966103668,1
0,0.8102031324669395,0
0,0.9380028535724094,0
1,0.827657439891993,1
1,0.7454904724522461,1
0,0.7047901558826851,0
0,0.8735087562248763,0
1,0.8272672278475446,1
0,0.8567759695416747,0
0,0.9977815153066371,0
0,0.7788135159870875,0
0,0.9971981480597536,0
0,0.8715678700925069,0
0,0.9392004968299902,0
0,0.890473460282133,0
1,0.951226705409455,1
1,0.5725852905369945,1
0,0.7911672105575549,0
0,0.6431818589965141,0
0,0.5687809790267472,0
0,0.8599775250985376,0
1,0.7047174957598407,1
0,0.6471188641355555,0
1,0.9740193460000496,1
0,0.9598196965550012,0
1,0.7553326314965403,1
0,0.9418994687964858,0
0,0.9074692035327441,0
0,0.9721832082651874,0
1,0.8515841462083686,1
1,0.8293329985036045,1
1,0.9706805744235975,1
1,0.7306178557553701,0
1,0.9379960863889025,1
0,0.7440287404498658,0
1,0.8633131899235645,1
1,0.7662167514777332,1
0,0.971186179570475,0
1,0.5993436491417675,1
1,0.8836145954641159,1
0,0.9798050279903012,0
0,0.8786514226626232,0
0,0.7991166076296434,0
1,0.7486196223940627,1
1,0.7102507678570023,1
1,0.966891328900501,1
0,0.9566130445293908,0
1,0.9835579978534758,1
0,0.7714721191362172,0
0,0.6625354579363516,0
1,0.8722052704319998,1
1,0.9472289218124088,1
0,0.9359693971762996,0
1,0.8522321532937285,1
1,0.7749124267735696,1
0,0.9986098989136335,0
0,0.931572704284115,0
1,0.7676843165436019,1
0,0.7954165584180535,0
0,0.8146234972794683,0
0,0.8850950836731147,0
1,0.9547759879633813,1
1,0.7173479553084223,1
1,0.7132685146387944,1
0,0.9538110548715824,0
1,0.686650393745211,1
1,0.9161602150000954,1
1,0.9358276926996598,1
0,0.8485476841333947,0
0,0.8957628869773374,0
1,0.6165973638109521,1
0,0.9616393093418809,0
0,0.8058752752899768,0
0,0.8122582260826408,0
0,0.8341964313454876,0
1,0.6636625515531444,0
0,0.6869785924880397,0
1,0.9207424807847769,1
0,0.9158193876496993,0
0,0.9251857498991053,0
1,0.8272206054771458,1
1,0.6320059433545473,0
0,0.9007507062831553,0
0,0.8746665349629053,0
0,0.9768561843221943,0
0,0.8257006081740195,0
1,0.7276623919830805,1
0,0.8353472444904363,0
0,0.8031668979354559,0
0,0.9427942130002446,0
0,0.7383828790939265,0
0,0.8104407023001685,0
1,0.6547056495617805,1
0,0.8174280435468847,0
1,0.5829595712524744,1
1,0.9512140885050916,1
0,0.870062294486346,0
0,0.8428632854411773,0
0,0.817255485216089,0
0,0.9668041011800068,0
0,0.8458965891053134,0
0,0.9691999684809932,0
1,0.8934029958266235,1
1,0.9228285022350755,1
1,0.9357218904037283,1
1,0.8558285980707551,1
0,0.9395819819397183,0
0,0.8613940380765408,0
0,0.7911128336691138,0
0,0.9045967498043022,0
1,0.872757104707009,1
1,0.9784329446953512,1
0,0.9572180697362164,0
0,0.676585550829754,0
0,0.8856933380567691,0
0,0.9041149954064046,0
0,0.9523683731157196,0
1,0.9875385391357322,1
1,0.7799037236093177,1
1,0.7648503498407447,1
0,0.8236639421888576,0
1,0.9189246801852912,1
1,0.8053577479590781,1
1,0.8899572160909367,1
1,0.9145957215631427,1
0,0.9571923018325117,0
0,0.9882525442497442,0
1,0.7201431563031017,1
0,0.9606234217633891,0
1,0.9793690610783805,1
0,0.9789790477875581,0
1,0.9061839114940337,1
0,0.9287344869715236,0
0,0.9579293049059275,0
0,0.8778616281575717,0
1,0.9325724522077289,1
1,0.8572020614702341,1
0,0.8278011973231405,0
1,0.9999964601416926,1
1,0.9177297732138099,1
0,0.9567080800738602,0
0,0.767266595164412,0
0,0.966055899833909,0
0,0.9395736929782222,0
1,0.843406976514857,1
0,0.9669911663414993,0
1,0.7812014076414768,1
1,0.8139107807833563,1
1,0.8602773322521681,1
1,0.9752093150533623,1
0,0.9382994549547824,0
0,0.5747757179193643,0
0,0.9984878870814908,0
0,0.7807207364960681,0
1,0.8762381350947392,1
0,0.8589251630804099,0
1,0.5336123926368438,1
0,0.9659271711004037,0
1,0.9506002998733302,1
0,0.9963960313282604,0
0,0.9179792834166379,0
0,0.9403213563730803,0
1,0.9916301872023748,1
0,0.962874802899526,0
0,0.9388958989657051,0
0,0.9035629077198812,0
0,0.976333669246561,0
1,0.6530575551138409,1
0,0.8969432474477824,0
1,0.8420799273007633,1
0,0.964771234440553,0
0,0.9663502455792651,0
0,0.7118716964272471,0
1,0.9775346500076644,1
1,0.9609578674329894,1
1,0.7748992267537865,1
0,0.99356153184026,0
0,0.866384546121117,0
1,0.7166914404129163,1
0,0.9753747384414188,0
0,0.6167860370043939,0
0,0.9624555036430696,0
0,0.8930125107933614,0
1,0.9070608788715431,1
1,0.9941952460083047,1
0,0.937831826972503,0
0,0.9389724522636108,0
0,0.9720439612363516,0
0,0.9289060240193184,0
0,0.9901973580980195,0
1,0.924767763880173,1
0,0.9108943615682219,0
1,0.7826971732186438,1
1,0.9119486657645103,1
0,0.7077118035152802,0
0,0.9678522331521136,0
1,0.9607125968208834,1
1,0.7590923800179643,1
0,0.9908609454563063,0
0,0.8491377573638572,0
0,0.7985890934226816,0
1,0.7084764877252314,1
0,0.9562464442244261,0
1,0.9139618422120359,1
1,0.9375405413333248,1
1,0.9887172217476542,1
0,0.9276021587231625,0
1,0.8687930603596549,1
0,0.8759019637851383,0
0,0.8695549514769259,0
0,0.7814282988404647,0
1,0.706251318545207,1
1,0.8633307149545855,1
0,0.8158210190025703,0
1,0.8229164290296699,1
1,0.470324501725152,1
1,0.8431898425089257,1
1,0.8918482671186396,1
1,0.9439508050626431,1
0,0.8121144705147503,0
1,0.8556850181831588,1
1,0.8480146750645228,1
0,0.881403683972271,0
1,0.8770115255845472,1
0,0.6927547326192636,0
0,0.9957256492780471,0
1,0.8245505017311828,1
1,0.995295834201052,1
1,0.7645191801067432,1
0,0.9269985470191473,0
0,0.7304743339816872,0
1,0.8143382170966366,1
1,0.9226499153641606,1
1,0.7122934622200155,1
0,0.9367072008573383,0
1,0.9237162254380842,1
0,0.985675930981164,0
0,0.877562547136901,0
1,0.8995246469807328,1
1,0.922232125005596,1
0,0.7085824137515113,0
0,0.8581535762186028,0
0,0.9640799385097735,0
0,0.8553547683443847,0
0,0.7728207906371103,0
0,0.8992462756615314,0
1,0.8853370767561288,1
0,0.9623255484565005,0
0,0.9221085404469992,0
1,0.9204168213327352,1
1,0.9457878268195755,1
0,0.900577200110549,0
0,0.9911026885445812,0
1,0.9095844192782363,1
0,0.8920530238549111,0
1,0.8738346939951455,1
1,0.5331936455834628,1
1,0.48714834222355113,1
1,0.8451520716784113,1
0,0.9684597135793168,0
1,0.9363287995737629,1
1,0.9806407697647779,1
1,0.6167381777913377,1
0,0.9473045878370229,0
1,0.9005120215365576,1
0,0.9393318654860776,0
0,0.9084029557213232,0
1,0.47961351566329413,0
0,0.8895855232963341,0
0,0.7348626291343378,0
1,0.7772706387669452,1
0,0.9057527452150688,0
1,0.8794439000627516,1
1,0.9113626721748029,1
0,0.9493081192725151,0
1,0.8229897234390083,1
1,0.7457584509591277,1
1,0.6669962767985298,1
0,0.9200873160986877,0
0,0.9051918869652585,0
0,0.7408257692070978,0
1,0.5,1
0,0.9932975403360917,0
1,0.9878156340003249,1
1,0.8814730283219511,1
0,0.9259342366958404,0
0,0.8930435724750594,0
1,0.8910352912829055,1
1,0.8311150078997054,1
0,0.9283349441929937,0
1,0.8872017701418929,1
1,0.9677658086148477,1
1,0.6539315788828273,1
1,0.9845041785776216,1
1,0.5489497293424286,1
1,0.9831055719663184,1
1,0.9755168426636981,1
0,0.9750456562539164,0
0,0.7177155942695642,0
0,0.5676854381502298,1
1,0.8626589279627467,1
0,0.9310723992032545,0
1,0.9621849329665703,1
0,0.9216570133867434,0
1,0.9100396113489386,1
0,0.9535362828094703,0
0,0.9760263955382157,0
0,0.5775160763890368,0
1,0.4849170890924619,0
1,0.7198338325303304,1
0,0.9903330788398246,0
0,0.8067996414735176,0
0,0.9473663672277263,0
0,0.9332903248292282,0
0,0.9804675905305895,0
1,0.9555949908528346,1
1,0.9600081584962749,1
0,0.9202325773565369,0
1,0.6899902863392982,1
0,0.9679480202140917,0
0,0.8113237512804576,0
0,0.9823584076445033,0
1,0.9308432379923439,1
0,0.9864768518721858,0
0,0.8083226540464776,0
1,0.9233961269442713,1
0,0.9880463346105468,0
1,0.9804934237266533,1
1,0.8713198374895754,1
0,0.9364388205649462,0
1,0.9049556197273397,1
1,0.9526349108474309,1
0,0.6552132967408231,0
0,0.8964055060235021,0
1,0.8945917538619784,1
0,0.9126348439732084,0
0,0.6253682640726447,0
0,0.9230178026980395,0
0,0.7671090525849769,0
1,0.8463428853425429,1
1,0.6136460495833193,1
0,0.7934917288680711,0
1,0.9526170618071342,1
0,0.8277026670613785,0
0,0.8930150911023066,0
0,0.9014831569895447,0
1,0.7340221124099906,1
0,0.6337658017367273,0
1,0.9414956399382971,1
0,0.8302613749435563,0
0,0.9031037762603439,0
0,0.9029645133480236,0
1,0.916966973584256,1
0,0.9845675231608414,0
0,0.833411584240004,0
1,0.8787167137498617,1
0,0.8668261278275531,0
1,0.927600042024421,1
1,0.8300766231416001,1
0,0.9175226754229394,0
0,0.912814191076088,0
1,0.790176007415475,1
1,0.5343586326412504,1
0,0.9354307601105776,0
1,0.7545206280887862,1
0,0.9644069616873333,0
1,0.9335624290478345,1
0,0.8230578435621947,0
0,0.9421579978623525,0
0,0.6206277583003353,0
1,0.9810940800909298,1
0,0.8533165898797868,0
0,0.9977318844792298,0
0,0.8335067376707422,0
0,0.8267420063941442,0
0,0.8082036881786921,0
1,0.9009903185578113,1
0,0.9828367986145773,0
0,0.910189416534059,0
1,0.840998935326321,1
0,0.9981068997639562,0
1,0.8960103069348626,1
1,0.7238997688406964,1
0,0.9400385819760692,0
0,0.9951143385500515,0
0,0.9153832888087624,0
0,0.9393616371374377,0
0,0.949166123582914,0
0,0.7406994140165206,0
0,0.8561155669967963,0
1,0.7686302903206933,1
0,0.9576468178256675,0
0,0.957444751943884,0
1,0.814544283946106,1
0,0.963884416094142,0
0,0.9687496063673485,0
0,0.9736265363834155,0
0,0.917515242073845,0
1,0.8123561621512343,1
0,0.9705555810924968,0
0,0.6325065751202302,0
0,0.8072531102557186,0
1,0.6883801209565352,1
0,0.8198218242442351,0
0,0.6083602934163523,0
1,0.9274198632200031,1
0,0.9466685093065637,0
1,0.918505999078163,1
0,0.6384242388590926,0
1,0.9451302762063405,1
0,0.7859089767257579,0
0,0.6308346933313265,0
1,0.9044009980926925,1
1,0.6257606633378855,1
0,0.9523506029495759,0
0,0.6777816137195256,0
0,0.8464619461298496,0
1,0.9941882611108038,1
0,0.9951081192368104,0
0,0.9780949671122976,0
0,0.9977773384029154,0
1,0.9768570679586611,1
0,0.9320394443260734,0
0,0.9712100273634899,0
1,0.8058614400943096,1
0,0.9596321501207274,0
0,0.712914152290405,0
1,0.9386597162540309,1
1,0.9374691869524039,1
0,0.8901143202153586,0
1,0.7406042582695274,1
1,0.8777438489947164,1
0,0.9647546662056907,0
0,0.8747613886308951,0
0,0.8572964578550867,0
0,0.9737940763196007,0
1,0.672014431713337,1
0,0.7942764931498867,0
1,0.9446872467784515,1
1,0.5466262982109978,1
0,0.9213317621181593,0
0,0.726978460762373,0
1,0.6968301842723549,1
0,0.914260639844675,0
1,0.8267235181933167,1
0,0.8144309486506742,0
0,0.9273800198350721,0
0,0.8758640036823266,0
0,0.7913614623223113,0
1,0.6670496929238597,1
1,0.9177773692115343,1
0,0.8559498175548257,0
0,0.7842913060229258,0
1,0.9971347031597095,1
0,0.9689475669940609,0
1,0.8345476857627205,1
1,0.7984295507593611,1
0,0.9658210573925955,0
1,0.9427448922363534,1
1,0.7450392701613631,1
0,0.8745158372101531,0
1,0.837339224006176,1
0,0.8668100702045856,0
0,0.9763122454576832,0
1,0.971958317300597,1
1,0.7333537280311132,0
0,0.9967003958536346,0
1,0.9560807750228121,1
1,0.6228542310161953,0
1,0.8282369040562446,1
0,0.9827009586273402,0
0,0.96852704442219,0
1,0.623593268157928,1
0,0.9818221945127581,0
0,0.9386115692278308,0
0,0.9178852327835682,0
0,0.8333652391092335,0
1,0.9974350240077954,1
1,0.992020381748152,1
0,0.8936848695759025,0
0,0.7091060444109429,0
0,0.7731197335734739,0
1,0.9861095484840813,1
0,0.9312626140513627,0
1,0.7711653702233754,1
0,0.8209291000205774,0
1,0.9739699943612875,1
0,0.8954243943408281,0
0,0.8977758059552282,0
0,0.9697707412946257,0
0,0.7782949718069984,0
0,0.8830501820216912,0
1,0.9794702482033,1
0,0.958150429720159,0
0,0.9115986710090854,0
1,0.9612075948252194,1
0,0.9688282409551224,0
0,0.9168676124974745,0
1,0.9077972957092234,1
1,0.5522327520424711,0
0,0.6297875208249994,0
1,0.6241957616452772,1
0,0.9405113957171433,0
1,0.848533993969645,1
0,0.9126754825162531,0
0,0.9296714418814156,0
1,0.9085051287694149,1
1,0.8602635211425814,1
1,0.8763213534956747,1
0,0.9959086925044449,0
1,0.9244296110428908,1
1,0.9465653461840727,1
0,0.9271116452364782,0
1,0.9308987496075227,1
0,0.7602392103795058,0
1,0.9924275769869272,1
0,0.6467512965994558,0
1,0.7930157573007833,1
1,0.5161434025489011,1
0,0.868099641462268,0
0,0.9528592676173805,0
0,0.8497129372517954,0
1,0.9531491362185287,1
0,0.9822056854853196,0
0,0.85296740365423,0
1,0.8732054975216187,1
1,0.7316552983042286,1
0,0.942641287691561,0
0,0.9843385605976301,0
1,0.8173198006207761,1
1,0.7722058041735187,1
0,0.9919294043372692,0
0,0.9762865102016511,0
1,0.7809716118759479,1
1,0.9480757898572778,1
0,0.731364763639737,0
0,0.952685029437866,0
1,0.9966788579550723,1
0,0.9666915578422139,0
1,0.7236263425695141,1
1,0.827763616380991,1
1,0.9186926839235826,1
0,0.9691563936455816,0
1,0.7537664000644936,1
0,0.9827936922467441,0
0,0.9701328567209461,0
0,0.8971817584327842,0
0,0.9972712885629935,0
0,0.9470347157338175,0
1,0.6172809358723043,1
1,0.9326987620063716,1
0,0.8361984083349803,0
1,0.9523541091769381,1
1,0.9618701764922861,1
0,0.7158461332471624,0
0,0.9370891247769372,0
0,0.9573376968825524,0
1,0.9351302835569187,1
1,0.7802370791088964,1
0,0.9017065147800599,0
0,0.8735623590047221,0
0,0.982194646069893,0
0,0.7290104713021162,0
1,0.805209586344781,1
1,0.7477907792094806,1
0,0.9532000577385698,0
0,0.7712719721395621,0
1,0.9229875547140141,1
1,0.9039542111120649,1
0,0.9079920930103409,0
0,0.9804116325837322,0
1,0.8839226529901563,1
0,0.779086837243267,0
0,0.8985512490844038,0
0,0.9987769849007245,0
0,0.949723828412034,0
0,0.8907061154545286,0
1,0.8472714145169614,1
1,0.8870531233278237,1
0,0.9912850651156522,0
1,0.907571408826162,1
1,0.9683517784437584,1
0,0.6644989307958633,0
1,0.9738690251493516,1
0,0.9184519766532608,0
1,0.8287383037868281,1
1,0.8464713809049395,1
1,0.9861305511343208,1
0,0.966128525749651,0
1,0.6929901284101121,1
0,0.9615023758908783,0
1,0.9260428051107578,1
1,0.8421092496995171,1
0,0.9833257977086384,0
1,0.9333940853605014,1
0,0.8962931013122698,0
1,0.9698318080248013,1
1,0.479717963812781,1
0,0.9403093555903644,0
0,0.9038654042559338,0
1,0.9143021425411834,1
1,0.9546678111969296,1
1,0.7489069448548062,1
1,0.712791661964578,1
0,0.9539165698830592,0
0,0.8350611623873171,0
1,0.6856345793113965,1
1,0.8243662540095421,1
0,0.9388501783110124,0
0,0.9273172522470436,0
1,0.4893746501960714,1
1,0.8402118076425755,1
1,0.8584538034284023,1
0,0.8511100233977489,0
0,0.871258477686867,0
0,0.7446069149261173,0
0,0.9411130169696377,0
1,0.5749879116094134,1
1,0.9365147124918137,1
0,0.9069672415915223,0
1,0.9375858679377583,1
0,0.796147152098603,0
0,0.8720619753212897,0
1,0.6796388976100298,1
1,0.8232639039689275,1
0,0.9779014564583071,0
1,0.9550074809974443,1
0,0.6796829484717446,0
0,0.6405851686417532,1
1,0.888558631298911,1
0,0.9121011515298975,0
1,0.9754395888943543,1
0,0.9887962996687595,0
1,0.922109709633615,1
1,0.9518927790175987,1
0,0.6775589077712888,0
0,0.780959807653757,0
0,0.8371550103985584,0
1,0.9941343728107169,1
1,0.8325546482248956,1
0,0.9508816098018382,0
1,0.9623356194211975,1
0,0.9457820688456798,0
1,0.9210788319757943,1
1,0.7432792177935116,0
1,0.9422059659683479,1
0,0.7819345740918798,0
0,0.8518936008256109,0
1,0.9610385425631222,1
0,0.96064482260468,0
1,0.8518693428676591,1
1,0.9183377455791591,1
1,0.7714281933364078,1
0,0.8983692063347892,0
1,0.9321201462319496,1
0,0.9343077929801031,0
0,0.9848569154374267,0
0,0.7641779933944202,0
0,0.7273066042563934,0
0,0.9558326284105575,0
1,0.8088621818356623,1
0,0.9637247221916854,0
0,0.9256052717139555,0
1,0.7348840769971606,1
1,0.8518943846259701,1
0,0.7352899734355138,0
0,0.9248571967781709,0
0,0.8320763203919537,0
1,0.8081850631927615,1
1,0.7645343701689447,1
0,0.6516040914605644,0
0,0.9734079064674843,0
1,0.8889105407497995,1
1,0.7715117885928598,0
1,0.739086667437032,1
0,0.9170356283029115,0
1,0.9065266448127405,1
0,0.9238887133667214,0
0,0.712880336272925,0
0,0.9809948279780804,0
1,0.862824924899951,1
1,0.9515926712686293,1
0,0.8062657936437704,0
1,0.8459498759423401,1
0,0.9433238299713897,0
0,0.8702003755572498,0
0,0.989674481427162,0
1,0.99628024149652,1
0,0.9474762526912603,0
1,0.7756304694140796,1
0,0.9225469615640751,0
1,0.8983308611082031,1
1,0.9153356866257185,1
0,0.9995402860209078,0
1,0.8857092020343497,1
0,0.8957694932901561,0
1,0.9900205949700849,1
0,0.9951396890861715,0
0,0.8642680640053784,0
0,0.7502268397417702,0
0,0.8977577751805413,0
0,0.7641879355219491,0
0,0.9815483834639356,0
0,0.6305841351396083,0
0,0.919033892962712,0
0,0.8585659128416161,0
0,0.9888907252395551,0
0,0.7288690827184836,0
1,0.8900901580839119,1
1,0.7539535726083063,1
1,0.9500641643085522,1
0,0.8807040814856917,0
0,0.9608336626988294,0
1,0.9167764843475921,1
1,0.7759390614347954,1
1,0.9791082844761669,1
1,0.9079157060010217,1
0,0.7819511743394276,0
0,0.6370850706891171,0
1,0.7937744631592726,1
1,0.9332295296200134,1
0,0.8909630741062343,0
1,0.8901404199687488,1
0,0.9971078185424904,0
1,0.9143095381883424,1
1,0.6790357301096781,1
0,0.9187581399420782,0
0,0.7230924873969209,0
0,0.9694312583015391,0
0,0.9795041342730565,0
1,0.6690171113737108,1
0,0.8786410703301865,0
0,0.9595410670871792,0
0,0.655947748749561,0
1,0.9014135453543014,1
0,0.9906519324902683,0
0,0.8543616295792382,0
1,0.7477620344493959,1
0,0.9920817979524765,0
1,0.7058805039461744,1
1,0.6456316313082672,0
1,0.9713712306315295,1
1,0.8193167479778319,1
0,0.9254048989654446,0
1,0.9761183782251723,1
0,0.8589735507228833,0
0,0.9216669542924755,0
0,0.9945255247740313,0
0,0.7195856095865737,0
0,0.9405561597016434,0
0,0.9550190207732314,0
1,0.9388111774885819,1
0,0.973851397965702,0
0,0.9330444615392853,0
0,0.9725582094380073,0
1,0.6703315976581182,1
1,0.8700210888551955,1
1,0.8978425352239584,1
1,0.8601965781606032,1
1,0.8290863103611276,1
1,0.9275544029456673,1
1,0.9944456615399824,1
1,0.8819723001314814,1
1,0.9385883203433473,1
0,0.9877217645090199,0
1,0.7450691995147398,1
1,0.9282792257423959,1
1,0.8606128002034538,1
1,0.7662893906389268,1
1,0.9861697035008841,1
1,0.6455825356418607,1
0,0.8961199172675789,0
1,0.9436696754119636,1
0,0.9914461653422193,0
1,0.9915470715316488,1
1,0.9060937230834809,1
1,0.8567772154164145,1
0,0.9656704994714038,0
0,0.8309522486036303,0
1,0.6119289213592802,1
1,0.9432468664986238,1
1,0.9415446260245836,1
1,0.9972863520465545,1
0,0.921058209746393,0
1,0.9771798343125128,1
1,0.8830084653817745,1
1,0.9140266735995342,1
1,0.8074671448749335,1
0,0.9281367514465451,0
0,0.9379881602423116,0
0,0.6194310132046743,0
0,0.9546212338184114,0
0,0.9715154967578549,0
1,0.865960573481807,1
1,0.8608879618007516,1
1,0.9308622190067266,1
1,0.9933337693374734,1
1,0.9271536273411621,1
1,0.8649745858245454,1
1,0.5742749639997694,1
0,0.9526182919228734,0
1,0.9999996795574634,1
1,0.8099440852995847,1
0,0.7696786362663725,0
0,0.9514258879155736,0
0,0.9863762104594865,0
0,0.9966855508622002,0
0,0.9923605324260395,0
0,0.9791966256860921,0
0,0.9568303364177883,0
1,0.46163111380833743,1
0,0.9950758636228316,0
1,0.8281950602797966,1
0,0.7500199121174422,0
1,0.6743237149903684,1
1,0.9311581802280249,1
1,0.8721186707505071,1
1,0.850961228994587,1
0,0.9159386925103846,0
0,0.8453128217431541,0
1,0.9501936337717354,1
0,0.981544917557501,0
1,0.5342643136316756,1
0,0.9745491663789483,0
1,0.9705595759862191,1
1,0.9341097569968665,1
1,0.9521312745098505,1
0,0.8469916392361946,0
1,0.7731649485298767,1
1,0.7958639814166205,1
1,0.9773882901344357,1
1,0.9895253921832611,1
0,0.9229826466455147,0
0,0.8860321626543882,0
0,0.9388351763559953,0
1,0.9684428319667436,1
1,0.897605857989144,1
1,0.9530121597995719,1
0,0.90761398367072,0
1,0.7754190051644911,1
1,0.9247845031010038,1
1,0.939176613229881,1
0,0.6112577744314338,1
0,0.8452786371115417,0
1,0.9771936061495293,1
0,0.9390142001410695,0
0,0.7952430568453412,0
0,0.9977733699645244,0
0,0.9638200438954672,0
1,0.7870218488728874,1
1,0.921250481288374,1
0,0.8626243307935367,0
0,0.9814454735829822,0
0,0.9443488144763411,0
1,0.5110605384336101,1
1,0.5584685544791245,1
0,0.9879424066737812,0
1,0.9224830380233444,1
0,0.9881325516319103,0
0,0.9819068068660133,0
0,0.9068941633288866,0
0,0.84698922337858,0
1,0.8649075146456129,1
1,0.6248238037144158,1
1,0.9430151629365368,1
1,0.9533370691117334,1
0,0.944990866639563,0
0,0.8816995628977613,0
1,0.8889152844405429,1
1,0.9179025538754536,1
1,0.9425700517250016,1
0,0.738098011983474,0
0,0.9340734351737856,0
0,0.8550769798156472,0
0,0.8672891487768839,0
1,0.8852755203346472,1
0,0.9448111475034879,0
1,0.5230010186983741,1
0,0.8882241022266751,0
1,0.9596204125091506,1
1,0.7389414146756869,1
1,0.9323333641366865,1
1,0.8469765185569754,1
0,0.8853914383894056,0
0,0.7505781360097411,0
1,0.9209210431859263,1
1,0.9664369927452334,1
0,0.91677194170409,0
1,0.832393464230669,1
1,0.9747459894963125,1
1,0.7188847273946617,0
1,0.9113443391010222,1
1,0.9210313561672611,1
1,0.8748887708733261,1
0,0.8737389892612611,0
1,0.970657462246141,1
1,0.9779757621345145,1
1,0.8533615369634644,1
0,0.9837162142042389,0
0,0.9415608124449903,0
1,0.8833623706911088,1
0,0.931717233397542,0
1,0.7252566439208292,1
1,0.8519383907820619,1
0,0.9035438567757524,0
0,0.9966779699536169,0
1,0.9403080665167619,1
0,0.9275248811916355,0
0,0.8403462897989005,0
0,0.8385279525169598,0
1,0.464787280969316,1
0,0.8998561607765604,0
1,0.9735326450893921,1
0,0.9915924874589274,0
1,0.8890278803594488,1
0,0.938001038778412,0
0,0.7578608554867574,0
0,0.9343847762493247,0
1,0.5745069335692123,1
1,0.9698725239652183,1
0,0.9474034507174829,0
0,0.7310886371180562,0
0,0.6702300797361874,0
0,0.8238349841024755,0
0,0.7059279162399267,0
1,0.5853443204082489,0
0,0.9352970806465076,0
0,0.880796548399252,0
0,0.7683482855138567,0
1,0.6654757445405642,1
0,0.9484976152227116,0
0,0.8886335816888018,0
0,0.8859464975576341,0
0,0.6537002925964589,0
0,0.8841530507389265,0
0,0.9576234027917682,0
0,0.9158049931856707,0
0,0.787122599017919,0
0,0.971237525366019,0
0,0.7381500479684114,0
1,0.9009142098955193,1
1,0.7167090807908132,1
1,0.6687261897415058,1
1,0.9495823144685944,1
0,0.9643569423888999,0
0,0.7751198063582675,0
1,0.6939735916064911,1
1,0.9631672862011923,1
1,0.8979982287984827,1
1,0.5829416995324052,1
0,0.8757137852207895,0
0,0.7936308688239996,0
1,0.9689806181555664,1
0,0.732591361515492,0
0,0.7926567230419861,0
0,0.94830575789342,0
0,0.8908352628687399,0
0,0.9207423791128652,0
0,0.7586606250692942,0
1,0.7994133566164879,1
1,0.9999876053097502,1
1,0.6954640992735601,1
1,0.8308125922498462,1
0,0.968340225456043,0
1,0.9870430570986793,1
0,0.833685292825084,0
0,0.8671800816657695,0
0,0.981588185874911,0
1,0.8130113895420946,1
0,0.9280323021184338,0
0,0.8140911037329258,0
0,0.9903521714985456,0
0,0.7856300083353106,0
1,0.8262812678369317,1
1,0.7484310088018807,1
1,0.9655199927553192,0
1,0.9282778595163782,1
0,0.8680340415458991,0
0,0.9850610281009679,0
1,0.8711664038595724,1
0,0.9676672378182422,0
1,0.9439134297357206,1
1,0.9483754791550695,1
0,0.9266480981862666,0
0,0.9341752086523919,0
0,0.8281531494975843,0
1,0.9002186059073222,1
0,0.9391311940973331,0
0,0.8420750426433835,0
0,0.6432068681563253,0
0,0.9940770872271787,0
1,0.8733134030013925,1
1,0.6870418701450764,1
0,0.8888495372266705,0
1,0.8829992129864259,1
1,0.9513138436818113,1
0,0.9315800500838645,0
1,0.9040807458445876,1
0,0.9135771886211149,0
0,0.6526161418215644,0
0,0.9903482722283498,0
0,0.9009561473313958,0
0,0.8442315354930228,0
0,0.8980066949032889,0
1,0.9107491571574322,1
0,0.9436155383466874,0
1,0.985767356162937,1
1,0.8688742870587546,1
1,0.9509799307524216,1
0,0.8306187895573727,0
1,0.9449515808605142,1
1,0.9687974809265846,1
0,0.971756844150281,0
0,0.9578665178538355,0
0,0.9755392792972662,0
1,0.6374667825316569,0
0,0.8919947568658625,0
1,0.942027365603987,1
1,0.8794714888251457,1
0,0.9901377003088341,0
0,0.7630492206604095,0
1,0.5904781390790719,1
0,0.8409157266996491,0
0,0.8238504600957228,0
1,0.7254014669806927,1
1,0.6119105224400976,1
0,0.9052564453753171,0
0,0.9021444809945457,0
0,0.9989294093692297,0
0,0.6595552916196964,0
1,0.8159302644983578,1
1,0.9570460232604495,1
1,0.7821910940942197,1
1,0.7441561709018779,1
0,0.9596518179140217,0
0,0.7060222240902806,0
1,0.9880748269415965,1
0,0.9910341485515198,0
0,0.9526927555910731,0
1,0.9443612205175597,1
1,0.8985776958031989,1
0,0.9814522227099897,0
0,0.9070051247046449,0
1,0.9277887648416262,1
1,0.9303982400332256,1
0,0.8159581590507042,0
0,0.9030617036993448,0
0,0.8301835458408058,0
1,0.8445165079532632,1
1,0.7979179706233474,1
0,0.9259257076495045,0
1,0.8513631208573711,1
1,0.9205321873825232,1
1,0.9349852234513294,0
0,0.7470221938148855,0
1,0.96682056337352,1
1,0.9257897340664775,1
0,0.7974404736870261,0
1,0.8883182395758039,1
0,0.9045821872020271,0
1,0.9152784545059642,1
0,0.9550971912349576,0
1,0.9556211525272402,1
1,0.5806941951779709,1
0,0.8963235094593236,0
0,0.9838380047668017,0
0,0.9696256915084118,0
0,0.8364433539367788,0
1,0.8394395036459251,1
0,0.6780343641353473,0
0,0.9454150252483294,0
1,0.9792877296116727,1
1,0.6959820997388888,1
1,0.9462645145723818,0
0,0.8779201580324606,0
0,0.8363706677450422,0
0,0.7400277698621398,0
0,0.8324533121637812,0
1,0.8050144022727453,1
0,0.9182378440452544,0
1,0.9413011529650147,1
0,0.6288017312734795,0
0,0.9342241591356314,0
1,0.8252517868058841,1
1,0.8502941051500501,1
0,0.9453526265429405,0
0,0.7318612138050432,0
1,0.7619198003617212,1
1,0.8549593293796571,1
1,0.9933138958398603,1
0,0.7036516544247503,0
1,0.8855956761370993,1
1,0.9049355321515411,1
1,0.7609461870711824,1
1,0.7901387950882356,1
0,0.7812188764878409,0
0,0.7718012159654319,0
1,0.9266264637039224,1
0,0.880268008935565,0
0,0.9478048524176607,0
0,0.8102085700338431,0
0,0.9663229955213819,0
0,0.9447928571926201,0
0,0.9735295915434773,0
1,0.9277093391127901,1
1,0.7263116574674847,1
0,0.8482810727303035,0
0,0.9554710498430553,0
0,0.8270150446613683,0
0,0.7923191048399315,0
1,0.6970366333004087,1
0,0.8108166541359597,0
0,0.8301504482923937,0
1,0.843517662891265,1
1,0.9456086517543472,1
0,0.7523026221685104,0
1,0.8616649916039439,1
1,0.7071571580273543,1
0,0.9602409753695295,0
0,0.874692847119291,0
0,0.8572986430144762,0
0,0.8821413042378069,0
1,0.8167097189417754,1
1,0.8023547487848897,1
1,0.9383841597474486,1
1,0.6121406488283472,1
0,0.9324413836613062,0
0,0.7428364326881937,0
0,0.8651612200712688,0
0,0.9096534060329916,0
0,0.5444127725201158,1
0,0.9141135628199213,0
0,0.9403292159290672,0
1,0.8429650007261724,1
1,0.8510627048241792,1
0,0.8235215276870418,0
0,0.9749396372608568,0
0,0.8064666983420163,0
0,0.9639690847306517,0
0,0.9266316695068945,0
0,0.9516867336842755,0
1,0.5,1
1,0.5667111247480636,0
0,0.7821212127138658,0
0,0.8490939391614095,0
1,0.9523639785670518,1
0,0.8638573431116026,0
0,0.9652711980781092,0
1,0.7722110486346055,1
1,0.9157198515593808,1
1,0.8604476905407207,1
1,0.9047845320722568,1
1,0.8659288031351701,1
1,0.9999971749047039,1
1,0.765651478628504,1
1,0.8474168447296545,1
0,0.8950562621477198,0
1,0.8747197235498162,1
1,0.8071002988698759,1
0,0.9540217715927084,0
0,0.8489350125372488,0
1,0.9112184232470948,1
0,0.8204676889220934,0
0,0.9702960258485918,0
0,0.8485165729171971,0
1,0.7950890573703479,1
0,0.776988598834294,0
1,0.9321803935032285,1
0,0.8027129547444736,0
0,0.9770060748092605,0
0,0.936677599480534,0
0,0.8222236383366862,0
0,0.9220743019245669,0
1,0.8719694940429769,1
0,0.9868004016365821,0
1,0.8647770638581217,1
1,0.5590532074763273,1
1,0.9174372636145857,1
1,0.872838843125921,1
0,0.9575365180816192,0
0,0.9548228439349631,0
1,0.6745094409447915,1
0,0.783462158675654,0
0,0.9016319936256764,0
0,0.984434627501327,0
0,0.9914594512801957,0
1,0.5152465097540667,0
0,0.9012582128846909,0
0,0.9523598857918515,0
1,0.93770269603246,1
1,0.943365000195484,1
0,0.8029481969447894,0
0,0.9969206902992929,0
0,0.9974555937294417,0
1,0.6734174694905456,1
0,0.5928874180501058,0
0,0.9896453496751276,0
0,0.9703980850722839,0
1,0.9270943299554999,1
0,0.9578824767633748,0
1,0.8954847601237433,1
1,0.5754292013707156,1
1,0.505301762013582,0
0,0.9302413438244052,0
1,0.5865535707341856,1
0,0.6180172208311593,0
1,0.843352133706229,1
0,0.9279665215078785,0
0,0.6157337662158123,0
1,0.8865683583279287,1
0,0.9039742837372121,0
0,0.6663209655750445,0
1,0.9525051853112619,1
0,0.968262070001012,0
0,0.9396567251846406,0
1,0.9891985608275985,1
0,0.7687918236152579,0
0,0.983020158409088,0
1,0.8377008750511489,1
1,0.8626697089300729,1
0,0.8507843699692534,0
0,0.9704226301464453,0
1,0.9572184817084122,1
0,0.876868618624229,0
0,0.8959929402466692,0
0,0.9919361037043524,0
0,0.7996953599224219,0
1,0.9112904723981864,1
0,0.6046002281880262,0
0,0.9983745898983635,0
0,0.8610038346002808,0
1,0.7382572998678955,1
1,0.7980553907144408,0
0,0.9421772156126721,0
0,0.97978715378397,0
0,0.8063650636474898,0
0,0.7866942000900919,0
0,0.9349618939793614,0
0,0.8543338231587517,0
1,0.988226587512593,1
1,0.8122045554162309,1
1,0.9168165656634719,1
1,0.9461042329648874,1
0,0.8463249393573375,0
1,0.6225357627274078,1
0,0.8258035157253292,0
0,0.9236323134880036,0
1,0.7378681457561739,1
0,0.954585963340139,0
1,0.8902329906781874,1
0,0.8703103006500098,0
1,0.8368679858644081,1
0,0.9915642281423462,0
1,0.8665200147503153,0
1,0.8873813366195323,1
1,0.894875834183051,1
0,0.8885166607765128,0
1,0.47384132510565063,1
0,0.8482814423772717,0
0,0.9184399100956557,0
0,0.5638779665465508,1
1,0.5385755798773034,1
1,0.8827289978773555,1
0,0.920308385240177,0
0,0.659452004867507,0
0,0.9227193351498576,0
1,0.9117360178795626,1
0,0.8974751430869551,0
1,0.9055307482834096,1
0,0.8324167798177712,0
0,0.7816812950008388,0
0,0.9098979348491807,0
0,0.9970302933568637,0
1,0.5220398267172608,1
0,0.7674942634734837,0
0,0.8095975990482157,0
1,0.8079403514819167,1
0,0.7602145393746772,0
1,0.5726935897648779,1
1,0.971182658343086,1
0,0.9571732972149147,0
0,0.921468552987108,0
0,0.9951280652152251,0
1,0.7905647784343874,1
1,0.9181517740828168,1
0,0.9168710511557726,0
1,0.8466114861143168,1
0,0.7058761752725033,0
1,0.8608781199345542,1
0,0.8597844191405772,0
0,0.9252574841763624,0
0,0.9501703717050778,0
1,0.9247619664786456,1
1,0.7284209607973096,1
0,0.8920772215364258,0
0,0.7470508494681121,0
0,0.980301837947569,0
0,0.8403081511062174,0
0,0.6014975912200513,0
0,0.6554324016745748,0
0,0.966891249751566,0
1,0.935476632857877,1
0,0.8490090396743963,0
0,0.9591567818711934,0
0,0.9792225651067217,0
1,0.8745660624690014,1
0,0.9906576660877942,0
1,0.9200751339468924,1
0,0.724095742907302,0
0,0.9845793014441666,0
0,0.9886226239704363,0
0,0.9102099340669418,0
0,0.8909442646627984,0
0,0.9363520755555412,0
1,0.7580856713965445,1
0,0.6669201841425432,0
0,0.8909213871539983,0
1,0.9622397360361032,1
0,0.9449320095889777,0
1,0.9880164475950045,1
0,0.8296388744847828,0
1,0.9077269563992217,1
1,0.7048314154081512,1
1,0.7205757627985919,1
1,0.9543030586124428,1
0,0.9874051162809158,0
0,0.8406025020971734,0
0,0.9712946226774931,0
1,0.8043721115684882,1
0,0.8540107928923075,0
0,0.9895746752561599,0
1,0.8719569826584899,1
0,0.8835838954632765,0
0,0.8504608979104735,0
1,0.9960652764875746,1
0,0.8106741930516785,0
1,0.90056867802998,1
0,0.9824946406241605,0
0,0.9808918548123167,0
1,0.6877126864394468,1
0,0.9757375835682673,0
1,0.950201159619516,1
0,0.8430794421707134,0
1,0.9568424663769833,1
1,0.8992943405725535,1
0,0.9991717101823544,0
0,0.9186611738474239,0
1,0.9346806288531231,1
0,0.9803898136127785,0
0,0.91858874531839,0
0,0.9957917686992125,0
0,0.7739952983762458,0
1,0.9604726478495453,1
0,0.871716652617226,0
0,0.9072144067094114,0
0,0.7505698759309682,0
0,0.7743994177530376,0
1,0.9685948675454022,1
0,0.8525252102882984,0
1,0.8548556648919857,1
0,0.7803215004162725,0
1,0.8721155901300666,1
0,0.6577975760341344,0
1,0.9305245884457802,1
0,0.9434543381570927,0
0,0.7643708976703273,0
1,0.46839917477425286,0
1,0.6400358584428635,1
1,0.9101151143943723,1
1,0.982262910315721,1
0,0.7538659503428696,0
1,0.7733090427275777,0
0,0.7258950310644159,0
0,0.866887035247333,0
0,0.7716236318042085,0
1,0.8690178075412025,1
1,0.9140505353239743,1
0,0.7457378254387,0
1,0.6362286795223987,1
0,0.8341461967997099,0
1,0.7015452272039617,1
0,0.9559543243941798,0
1,0.8214779370804012,1
0,0.985140679445475,0
0,0.9772026786226736,0
1,0.6340411847384934,1
1,0.9832056237612273,1
0,0.9196966063355742,0
1,0.8157913771953744,1
1,0.812117362748801,1
0,0.7209540781450704,0
1,0.8548781739166759,1
1,0.904482663739139,1
0,0.6823231564535479,0
0,0.7637074919941857,0
1,0.8553790516593084,1
0,0.82305034827695,0
1,0.6962801538238867,1
1,0.9474797224891518,1
1,0.9526119262619569,1
1,0.9847412083880336,1
0,0.9793954795343898,0
0,0.6580653636519528,0
1,0.892741091464138,1
1,0.9036459638728895,1
1,0.9030025011984566,1
1,0.5,1
0,0.6512417153476627,0
1,0.896493177575053,1
1,0.9667511900438873,1
0,0.9636880645061753,0
1,0.9571294115886537,1
0,0.9311564733434199,0
0,0.9393842230256236,0
1,0.8604898863704248,1
1,0.7533520070660276,1
0,0.9705742549063132,0
0,0.9889334749938017,0
1,0.8581693926239136,1
0,0.9240992400096386,0
1,0.9769922036544108,1
0,0.7120133871922444,0
0,0.9210797044124787,0
0,0.9910636714638398,0
0,0.9768497117759949,0
0,0.9447379258268472,0
0,0.7304592311232915,0
0,0.8320098912930832,0
0,0.9305694163610905,0
1,0.8309868893190714,1
0,0.6602320491068203,0
1,0.7893160200438253,1
1,0.6177424853093033,1
0,0.7328927398754661,0
1,0.9347241301683616,1
1,0.871217846226432,1
1,0.866425761995872,1
0,0.9688374987818275,0
0,0.9976759941962411,0
1,0.903857305176786,1
1,0.9075044005813468,1
1,0.8645801016877631,1
0,0.8169642726378594,0
0,0.8390887780773828,0
0,0.7983532076450436,0
1,0.9069283183321616,1
1,0.9728930875486914,1
1,0.8684766909029832,1
0,0.9397050213054432,0
1,0.7598711641891688,1
0,0.7363447404416388,0
0,0.950332313087433,0
1,0.9677299534669889,1
1,0.8169181664626269,1
0,0.9533458175657611,0
0,0.7733263395563649,0
1,0.9473423191736724,1
1,0.9007287770510503,1
1,0.6482412251116871,0
1,0.7665007090286242,1
0,0.9294999130063174,0
1,0.8992525157436151,1
0,0.954803308487389,0
1,0.8421730544904952,1
0,0.8639735310159028,0
0,0.9073971303203671,0
1,0.834498863419838,1
0,0.7618658637098986,0
0,0.894771595041372,0
0,0.8820825449195607,0
1,0.9652345097826375,1
0,0.9166348149203442,0
1,0.8882427384800203,1
0,0.8317693855023599,0
1,0.6771960055292117,1
1,0.8744001228677132,1
1,0.8557231482810879,1
0,0.9365585024420542,0
1,0.7914107163323404,1
0,0.9687375096137991,0
0,0.9381157588456044,0
0,0.8619720517648987,0
1,0.9622239052260888,1
1,0.919004906399384,1
1,0.9253283282677768,1
0,0.8665902546528823,0
0,0.8939320463962356,0
0,0.7192703668851954,0
1,0.9437579617363343,1
0,0.863635340207578,0
0,0.9649873246606363,0
1,0.910233573439971,1
0,0.9935587237001029,0
0,0.8764983804899594,0
0,0.940479687875897,0
0,0.9811344964661826,0
1,0.5333717777558724,1
1,0.9698542152494659,1
0,0.9116529954595747,0
0,0.9987309397344961,0
1,0.9041818499183014,1
1,0.9167301993346959,1
0,0.8448490587791068,0
0,0.8612965232903337,0
1,0.9730445757132345,1
0,0.6367316549001224,0
1,0.9554450223347227,1
0,0.9343425629196321,0
0,0.8633299411354654,0
1,0.5373024235027315,1
0,0.6877328375299906,0
1,0.9848582990707904,1
0,0.728597247573092,0
1,0.8999481614448489,1
0,0.5941142689238927,0
1,0.9841465155979594,1
0,0.9049325737471805,0
0,0.9797688612038598,0
1,0.5587090498024846,1
1,0.6584346636106845,1
0,0.9686583837654209,0
0,0.8407645845749787,0
1,0.89924265517509,1
1,0.9063559856252061,1
1,0.9897212188474029,1
0,0.8620859866922467,0
1,0.8419592675221145,1
1,0.827036358812716,1
1,0.8066346637258449,1
0,0.9320090942227958,0
1,0.8085308094183502,1
0,0.9708661663839073,0
1,0.8481777892617264,1
0,0.9910917917705686,0
0,0.9354229763887645,0
1,0.9858367102385491,1
0,0.8850809451283752,0
0,0.9164786723880091,0
1,0.9194567570314894,1
1,0.8748266865234449,1
0,0.9915821119885782,0
1,0.6801711146782602,1
0,0.8020767269691013,0
0,0.9330853277513248,0
0,0.7903546448270389,0
1,0.6801358213438321,1
1,0.9575350088168475,1
0,0.9831055299358767,0
1,0.8622364639365666,1
1,0.8769390207088278,1
0,0.9916450194100208,0
1,0.923496717854324,1
0,0.9377583630477764,0
0,0.7401197926044064,0
1,0.86933283356616,1
1,0.9934490723566952,1
1,0.749926365281,1
1,0.8851175035766441,1
0,0.8973574479900962,0
0,0.9006070853611328,0
0,0.9652211613916988,0
0,0.9975969584572051,0
0,0.8708406232612805,0
0,0.8305737394435053,0
0,0.8351591227561566,0
1,0.7157453345551381,1
1,0.9614642817983241,1
1,0.8009765994425359,1
0,0.9245746758068157,0
0,0.854803280626855,0
0,0.8871440047367037,0
1,0.6482629671138143,1
1,0.9361972507708581,1
1,0.9265642243490206,1
0,0.865511867536718,0
0,0.9542040322169024,0
0,0.9136192190384841,0
0,0.8773300164082222,0
1,0.9761000132668591,1
1,0.9394551727422725,1
1,0.8100935006724176,1
1,0.775826339180988,1
0,0.9160350826125503,0
1,0.9137801267252045,1
0,0.9677740982973863,0
1,0.9724218831289985,1
1,0.915262209120298,1
1,0.822715250493221,1
1,0.8516884143148863,1
0,0.925236408845376,0
1,0.9118213057408794,1
1,0.9285588229587141,1
1,0.9816962461921209,1
0,0.647604449289217,0
0,0.8882045738064402,0
0,0.9975458947847323,0
1,0.8276709563436222,1
0,0.8841320619073356,0
0,0.995999051551904,0
0,0.9942668681151142,0
0,0.8026382913679276,0
0,0.9793103858445136,0
0,0.9807672253600269,0
1,0.9126997061644524,1
0,0.8198070352895678,0
1,0.9799415086162928,1
0,0.9088105761589398,0
1,0.9671011174244671,1
0,0.8845929197331057,0
1,0.8048359727095182,1
1,0.8326191922369566,1
0,0.8909410230909472,0
0,0.8805080803587275,0
0,0.9726631564059727,0
0,0.8873784398636838,0
0,0.9677713010782252,0
0,0.8477572793612215,0
0,0.949483541057582,0
0,0.8273069470090134,0
0,0.7752250728720189,0
0,0.8859202212299553,0
0,0.8260268692146864,0
1,0.695007577866842,1
1,0.925256285855249,1
0,0.9625378763338112,0
0,0.9098293703624779,0
0,0.624064103486884,0
0,0.5822494489518513,0
1,0.9970329002380804,1
1,0.8970322192253873,1
1,0.916296524623204,1
0,0.7820381049069538,0
0,0.9442166718598434,0
1,0.9289237266184872,1
1,0.9871769932919523,1
0,0.7880005685133117,0
0,0.9598127360490784,0
0,0.9063729764456372,0
0,0.9508437271923383,0
1,0.9251144763297369,1
0,0.9988355155524103,0
1,0.9075465890846315,1
1,0.8924481733612023,1
1,0.7264736498422137,1
0,0.7405032020069526,0
1,0.9793143772524002,1
1,0.7204782614162981,1
0,0.7732374585824335,0
1,0.9473567744495269,1
0,0.916457989721339,0
0,0.8145393421478919,0
0,0.7978606323311874,0
0,0.8600432454280303,0
0,0.9983314136855259,0
0,0.8303188329721571,0
0,0.7849272982373418,0
0,0.8726431032192458,0
1,0.9144701613681218,1
1,0.9488859886508658,1
0,0.9334509008830675,0
0,0.7291512571645372,0
1,0.9043518618677566,1
0,0.9622490826073646,0
1,0.9609306468269393,1
0,0.9686429900448568,0
1,0.9878208961701741,1
1,0.7629839336020193,1
0,0.9366706107596833,0
0,0.8340219545041222,0
1,0.9022624667794875,1
0,0.607973950543686,0
0,0.7265126540890552,0
0,0.9282972577754659,0
1,0.8319091351360998,1
0,0.916303978419807,0
0,0.9896916455873471,0
0,0.785634498635908,0
0,0.9399566160092875,0
0,0.8946634239780653,0
0,0.9686161192029926,0
0,0.7553959522170036,0
1,0.7575342324003503,1
0,0.8551763665058895,0
0,0.7381522448119986,0
0,0.9213282642138727,0
0,0.8476426371049399,0
0,0.890210042494388,0
1,0.9297025573047959,1
1,0.9904608716412877,1
0,0.9543744442767759,0
1,0.6946305036367678,1
0,0.9530575648359711,0
1,0.8703310803566081,1
1,0.9378169063902467,1
0,0.8946239887549204,0
1,0.9717164847445742,1
0,0.9245352003328796,0
0,0.8472724917126429,0
0,0.6897588028137598,0
0,0.8006425503517453,0
0,0.913798295930031,0
1,0.7626971151411293,0
1,0.7837304415737986,1
0,0.7734894516098636,0
1,0.9700998483559321,1
0,0.990705786311294,0
1,0.887634716240778,1
0,0.9124307857999504,0
0,0.772398138697661,0
0,0.869051978376641,0
1,0.8369543550246313,1
1,0.97095555580388,1
1,0.9893250234051782,1
1,0.9216945152960919,1
0,0.9057478007109621,0
0,0.8881209196516064,0
0,0.6484117182276842,0
0,0.9440264915749834,0
0,0.8964453922570172,0
0,0.9994527513216962,0
1,0.8664266508150861,1
1,0.7541503269416802,1
1,0.6243950119790238,1
1,0.9154080266941845,1
0,0.7891870903919165,0
0,0.9842621083579178,0
0,0.9647742949381938,0
0,0.9157263823393722,0
0,0.9610058235387573,0
0,0.8927271351092222,0
0,0.822777313057866,0
1,0.7175200369557061,1
0,0.9315366321810128,0
1,0.8849765394829746,1
1,0.8752382624656732,1
1,0.9091981049293034,1
0,0.963699181156,0
1,0.97780656737404,1
1,0.9392687435232474,1
0,0.8669124221179132,0
0,0.6942490217111564,0
1,0.7810939078212881,1
1,0.6807156989592336,1
1,0.6756821439359837,1
1,0.821586324513021,1
0,0.9381108920831929,0
0,0.7718526971072156,0
1,0.7964882128907169,1
1,0.9775940149473515,1
1,0.5580803847011665,1
0,0.6857631276692988,0
1,0.8639665951400469,1
1,0.8130497433005472,1
0,0.8626766758614772,0
1,0.9956493362013689,1
0,0.7163683062192916,0
0,0.9744047735794952,0
0,0.9973170817094957,0
1,0.9367963691199089,1
0,0.9986755039854622,0
0,0.9030816727518068,0
1,0.9918808890384454,1
1,0.8955721195634064,1
0,0.7951818737234779,0
1,0.8870625573861468,1
1,0.7474567045899211,1
0,0.7439285614926258,0
1,0.9105486832355073,1
1,0.7758528907302349,1
1,0.8171290698278951,1
1,0.7646741910295511,1
0,0.983152251418099,0
1,0.9135057092906661,1
0,0.839959700502314,0
0,0.7755665179979325,0
0,0.8936839091482239,0
0,0.8234748254995007,0
0,0.8350152880594695,0
0,0.8816016120049496,0
0,0.9732573891282134,0
1,0.8941314478447056,1
0,0.921957235000153,0
0,0.8554236097001799,0
0,0.9380031785219393,0
0,0.9097578865017661,0
0,0.9556330542069938,0
0,0.9033509843386031,0
1,0.9964474134612626,1
0,0.8183932638090237,0
1,0.9580263305196486,1
0,0.9569952922873408,0
0,0.8846858413997973,0
0,0.9786775477804524,0
0,0.866442296726652,0
1,0.8074862729617598,1
0,0.8396318484835712,0
0,0.8057563206795829,0
0,0.9314753988295544,0
0,0.7595837666102895,0
0,0.6897413593499432,0
1,0.6469245225273659,1
0,0.9593702769561112,0
1,0.8923315104105471,1
1,0.9268172215806884,1
1,0.9017174014140014,1
0,0.9274699477557324,0
0,0.9756444709587652,0
0,0.8070203072194599,0
1,0.8488655677527438,1
1,0.5418190684962301,0
1,0.8865972120158214,1
0,0.7500577635202701,0
1,0.9678740206262122,1
1,0.9788409860978107,1
1,0.7147496126619873,1
0,0.6818488650912186,0
1,0.7805031422287025,1
1,0.8869107254810938,1
0,0.6344980507653739,0
1,0.6445188190600233,1
1,0.5741844053070155,1
1,0.8741677816832122,1
1,0.9567584318562522,1
0,0.7112892360569714,0
1,0.950061266564745,1
1,0.9346627751843499,1
0,0.9965107455918839,0
1,0.9328934615900828,1
0,0.6916688928507915,0
0,0.7747409720297073,0
0,0.7251665005663898,0
0,0.8763661487363943,0
1,0.71057047506326,1
0,0.9985412926864179,0
0,0.9359512006080815,0
1,0.8334677371546076,1
1,0.7825783282507975,1
1,0.733731175125669,1
1,0.8244624362518561,1
1,0.9761841463981894,1
0,0.7561218885352816,0
0,0.9094864881555146,0
1,0.8594453311203682,1
1,0.7898217798836993,1
1,0.9999913328229588,1
0,0.993961534784132,0
1,0.9745402085048416,1
0,0.9079476843717089,0
0,0.9894827437564082,0
0,0.8409134537990348,0
0,0.6612014621296436,0
1,0.786122907311474,0
1,0.9477683014543298,1
0,0.8542060643032209,0
1,0.8603748296798891,1
0,0.9116314789501353,0
0,0.9707568898455525,0
0,0.9411005634300836,0
0,0.9785453685909015,0
0,0.966634858030792,0
0,0.7455865381372871,0
0,0.8747747085251422,0
0,0.9390122124215675,0
0,0.9385983543698592,0
1,0.8604578561006082,1
1,0.8376671121048332,1
0,0.9685876174390713,0
1,0.7198604516667264,1
0,0.8782647014001475,0
0,0.9058119452330389,0
1,0.8451220916662371,1
1,0.9043415625578198,1
0,0.9975063466968151,0
0,0.8466243441593974,0
1,0.6703336627789215,1
0,0.9942466433594505,0
0,0.8004291522253499,0
0,0.8323551982344325,0
1,0.8509705180643414,1
1,0.7507117552285755,1
1,0.7372270160421514,1
0,0.9738310694307721,0
1,0.8229365270197796,1
0,0.9592071552609936,0
1,0.881748033147069,1
0,0.8241669417813693,0
1,0.9400907662615176,1
1,0.9594353258895097,1
0,0.9045838395041073,0
0,0.7309301771574657,0
0,0.908899849622827,0
0,0.9769803135267344,0
1,0.8373698712784214,1
0,0.9564592991870521,0
0,0.7911698322348479,0
1,0.8384798816799066,1
0,0.9142536329024485,0
0,0.9275339960363258,0
0,0.7928723087452728,0
1,0.7738289115677327,1
0,0.8565723454975241,0
0,0.8869824310976007,0
1,0.7908667769335531,1
1,0.9404862276501491,1
1,0.8783807405897819,1
1,0.8032881303902121,1
0,0.909406756532177,0
0,0.8557912557914376,0
1,0.8468234841575398,1
1,0.8260960923990693,1
0,0.9795150760175084,0
1,0.8951434655228694,1
1,0.5333717777558724,1
1,0.846526465444981,1
0,0.9478351095535085,0
0,0.9499323980090761,0
1,0.8145179988757444,1
1,0.9838862961269481,1
1,0.9958746209072645,1
1,0.8999590052125169,1
1,0.8321983566397718,1
0,0.8504875232768357,0
0,0.7806866028098548,0
1,0.6939396306617251,1
1,0.9003746982235435,1
1,0.9292436026816511,1
1,0.8355658673792049,1
0,0.8664129902911096,0
1,0.780108377182049,1
1,0.9272033936448955,1
0,0.8593929994059851,0
1,0.8239669943207515,1
0,0.8373752485537644,0
0,0.8514031800580566,0
1,0.926389998144421,1
1,0.914108537622648,1
0,0.972752681282924,0
0,0.9748639303810683,0
1,0.8357847921084649,1
1,0.8052962154106192,1
1,0.9898869820355706,1
1,0.9246202699046303,1
1,0.9346116111010628,1
1,0.9101348625763775,1
0,0.8242328119374401,0
0,0.5398173735612773,0
1,0.8237267601088615,1
1,0.8359224501081923,1
1,0.885048285176854,1
0,0.8888197691366172,0
0,0.899179954760559,0
0,0.9022990172434457,0
0,0.9383839386299374,0
0,0.9225055462596755,0
1,0.9823427401189442,1
0,0.9732078122001276,0
1,0.9438527953959972,1
1,0.9496885069506973,1
0,0.6635717611191339,0
0,0.9548497902987088,0
0,0.9991141134991789,0
0,0.9380384161270625,0
0,0.6639813740184586,0
1,0.9009664238444638,1
0,0.8032021523615656,0
1,0.6240369822598614,1
1,0.8614755183657267,1
1,0.9066714227083801,1
0,0.8674340210771878,0
0,0.7831334136597728,0
0,0.6616901387348746,0
0,0.9954937247792052,0
0,0.7927209330595142,0
0,0.9158277093582231,0
1,0.932279522637769,1
1,0.8071975230281376,1
0,0.963771825941589,0
1,0.9804185968365807,1
1,0.8616222475669968,1
1,0.9256543285174994,1
0,0.72430301397644,0
0,0.94927997996298,0
0,0.9991030529582025,0
0,0.9294116731595825,0
0,0.8983849148579127,0
0,0.7280952443762971,0
1,0.9746912461126557,1
0,0.84549300416501,0
0,0.917557594074671,0
1,0.9335807888053442,1
1,0.8541421506922655,1
0,0.9234365488665166,0
1,0.9605063241414281,1
1,0.9588873753112733,1
0,0.9695328726042411,0
0,0.7251816708535207,0
1,0.8613487838612002,1
0,0.8518012265849461,0
0,0.9848844000973965,0
0,0.8042170103008855,0
0,0.7775471098952808,0
1,0.9079419353375845,1
0,0.9079595493125393,0
1,0.9429300918780537,1
0,0.926222613633805,0
0,0.8896476627257337,0
0,0.7774133245454562,0
0,0.9460388931683015,0
0,0.8972349912803739,0
1,0.7958530585648782,1
1,0.6683258030217271,1
0,0.9982628409854125,0
0,0.8600991642912107,0
1,0.8603342451391957,1
0,0.841553634072611,0
0,0.9111907485991765,0
1,0.9430127519698207,1
0,0.8737673805049457,0
1,0.9796782673243754,1
0,0.8458290817404716,0
1,0.6932729785333297,1
0,0.7956861888231015,0
1,0.7765088194471002,1
1,0.92633754838884,1
1,0.6926658710007799,1
0,0.9085963191397454,0
1,0.9789878001439491,1
1,0.8717096268708333,1
0,0.8982770596071538,0
0,0.9895246052273904,0
0,0.9600673221753032,0
1,0.8390944402065991,1
1,0.4741161392740966,1
1,0.8709282331935347,1
0,0.8337012128281381,0
0,0.8434492555748201,0
1,0.9560836955577623,1
0,0.890686591869357,0
0,0.9484976797670237,0
0,0.8230537098906863,0
1,0.9073609714825044,1
1,0.9472529373458801,0
0,0.7252346595186913,0
0,0.995520009570046,0
1,0.86127954105152,1
0,0.8698997080631797,0
0,0.7459915482284794,0
0,0.8320372067489169,0
0,0.9739484767333947,0
0,0.8709510534676439,0
0,0.9606637229432924,0
0,0.9119269379420152,0
0,0.737233310420548,0
1,0.7240781138081097,1
0,0.9448617572678796,0
1,0.5904222560228414,1
0,0.9714354686960861,0
1,0.9252059585272379,1
1,0.7341845228967747,1
0,0.7297365613793042,0
1,0.8548033763890239,1
1,0.8625837307060076,1
1,0.815483753644759,1
0,0.8224071196765869,0
0,0.7833361299231736,0
0,0.9089504076290955,0
0,0.9411878247587259,0
0,0.964996923495518,0
0,0.759571493639906,0
1,0.5960341100780373,1
1,0.8646787821497817,1
1,0.9321225177688944,1
1,0.8781472332277787,1
1,0.7685933224051015,1
1,0.7780596945187084,1
1,0.4926035245334911,1
0,0.9650459057800974,0
0,0.9790475287563503,0
1,0.8756439503501661,1
0,0.6490327812157978,0
1,0.9102801706896889,1
0,0.829605317177588,0
1,0.9739535636426453,1
1,0.8938529122345673,1
0,0.8815873040900969,0
0,0.8769965197392491,0
1,0.663836175460293,1
0,0.8842888464165354,0
1,0.9632995335953679,1
0,0.9422521049091886,0
1,0.7421597697753063,1
0,0.9958357039055256,0
1,0.891551661701565,1
0,0.6295706542007686,0
0,0.723324921510185,0
1,0.5899061420531134,1
1,0.7930940458302865,1
1,0.9566832889588077,1
1,0.6677003864627432,1
1,0.9230246478395795,1
0,0.8201061606408159,0
0,0.9753744832732288,0
1,0.9504019549496866,1
1,0.9906164955657307,1
0,0.7063534570098734,0
0,0.9142468283761833,0
1,0.8720707609654309,1
1,0.942973042306175,1
1,0.6569932717776764,1
1,0.8685500479634151,1
1,0.7350661220237253,1
0,0.7491976821405906,0
0,0.7675737406147917,0
0,0.921588617452171,0
0,0.9803444186028634,0
0,0.7122494189052032,0
0,0.8518387257777472,0
0,0.8189319825095256,0
0,0.6030326257646857,0
1,0.9102407668015615,1
1,0.7007023397460236,1
0,0.8279690769851545,0
0,0.9294405213554411,0
1,0.9631562772743328,1
1,0.9433287979759608,1
0,0.9313716496602558,0
0,0.5406202671443138,1
0,0.9933406871433006,0
0,0.9687734123449511,0
0,0.9163815317503309,0
1,0.9479844373380144,1
0,0.7011168924891614,0
1,0.9210178483799627,1
0,0.8983392176241727,0
0,0.9625155542614414,0
0,0.9703980850722839,0
1,0.8351857239791753,1
1,0.7838780066767568,1
1,0.9733262189842158,1
1,0.9534179185120126,1
1,0.7242662152997931,1
0,0.7504783337466506,0
1,0.9526080875738427,1
1,0.9754383994407414,1
1,0.9199335235690771,1
1,0.7893869499977944,1
1,0.9196407768370654,1
1,0.9656590557493856,1
1,0.928914314959308,1
0,0.9289478204149618,0
0,0.9667099026382531,0
0,0.9841445520379417,0
0,0.8474475585644805,0
0,0.9981273338022731,0
0,0.7205843527787539,0
1,0.9492191114868662,1
0,0.9208065284383206,0
1,0.6510791571765825,1
1,0.7986379252031675,1
1,0.5,1
0,0.9083006230748952,0
1,0.7092455082021539,1
1,0.9168511880513953,1
1,0.6796729495689047,1
1,0.8560161271472668,1
0,0.9599383439197196,0
0,0.9695111682871899,0
1,0.8614069362355032,1
0,0.9940796642586798,0
1,0.8698205046424974,1
1,0.719780531292772,1
1,0.7887348438126887,1
0,0.7821543586785789,0
0,0.8905976552126851,0
0,0.8272914696201159,0
1,0.6245256701046151,1
1,0.4853740961583371,1
0,0.9529115381271496,0
0,0.988452644375791,0
1,0.8822337107869653,1
0,0.8671800816657695,0
1,0.9469530073926992,1
0,0.7968263170213946,0
1,0.8324102050693708,1
1,0.8515817640724489,1
1,0.9831709368537316,1
0,0.986206361306694,0
1,0.8541063518253199,1
0,0.706134813260266,0
0,0.8935955254124831,0
0,0.8456638970154601,0
0,0.7675156842391105,0
0,0.832119692821949,0
1,0.8044260327696444,1
0,0.8278678787540399,0
1,0.9077004179218106,1
0,0.9144983931513798,0
0,0.7283109446353456,0
1,0.8815996148510504,1
0,0.9491628851141226,0
0,0.9360937867724982,0
0,0.9400197792121298,0
0,0.7999602474453467,0
0,0.9922512143285602,0
1,0.9658175821086717,1
1,0.9097585913996792,1
1,0.9664496361280084,1
1,0.8866697979354502,1
0,0.7992806019752109,0
0,0.8874453816681991,0
1,0.8521493609627903,1
0,0.8302144045187563,0
0,0.890254208857799,0
1,0.918880405078065,1
0,0.9328280270022378,0
1,0.8623273951303418,1
1,0.8024969938911009,1
1,0.8956007321396304,1
1,0.7653859474305903,1
0,0.861491328064925,0
0,0.8409736042006102,0
1,0.7762137814317567,1
1,0.7955991544581253,1
0,0.7307343884825018,0
1,0.7888866641643216,1
1,0.6169097169195739,1
1,0.837845644260456,1
0,0.9041950128436069,0
1,0.9282985492058047,1
1,0.991296415465997,1
0,0.8607442123057141,0
0,0.7773889713409736,0
1,0.9484426989897122,1
0,0.9873946079020308,0
1,0.7830308972139306,1
1,0.8332578604767373,1
0,0.9920062626789893,0
1,0.7117627638967656,1
1,0.9554863432048551,1
0,0.8739671312937806,0
0,0.8424375098777347,0
1,0.8928988087757114,1
1,0.5540114108098607,1
1,0.8430974531730245,1
1,0.9788765495390157,1
0,0.9635138767689974,0
1,0.52007831780442,0
1,0.7801232882036364,1
0,0.9371977469664533,0
0,0.9749845569222102,0
1,0.9633381581683106,1
0,0.9483750285347929,0
1,0.9227513968090827,1
0,0.949976911193297,0
1,0.7708501235328672,1
1,0.9941013853381452,1
1,0.9809469174403376,1
1,0.966496689982832,1
0,0.901912774023077,0
0,0.9424404705948467,0
1,0.9179730835816787,1
0,0.9769029468505145,0
1,0.8897557151433686,1
0,0.5997328122548237,0
0,0.9368495192992001,0
1,0.5762042634489952,1
0,0.8171287334771736,0
0,0.9227119575030159,0
1,0.8488684102719602,1
1,0.9200681207709894,1
0,0.8547044120757846,0
1,0.7056671393806712,1
1,0.8194044901167542,1
1,0.7339123076840025,1
0,0.9777016170256335,0
1,0.7062908915721222,1
1,0.850784543337975,1
1,0.6788961970137646,1
0,0.8888043973229047,0
1,0.6120196585364122,1
0,0.9710124224509279,0
0,0.9157014119002068,0
0,0.988988710597004,0
0,0.7135228776423609,0
0,0.6110751472477169,0
0,0.6515170419119473,0
0,0.9757143595069385,0
0,0.9185275468358605,0
0,0.9944392156704995,0
1,0.775883343914323,1
1,0.9470283620318127,1
0,0.9196004967512057,0
0,0.9529934935158463,0
1,0.8653387466925724,1
1,0.794989630728728,1
0,0.9721554652344421,0
0,0.7743973563409805,0
1,0.9189688956297031,1
0,0.7959869120537328,0
0,0.8550039983623212,0
0,0.8224781521230538,0
0,0.7718205937574831,0
0,0.9365435026114518,0
1,0.9948094701689993,1
0,0.7062867155258402,0
0,0.887737339054246,0
0,0.8357454193113198,0
0,0.9879446431171974,0
1,0.967598469241698,1
0,0.8928409999302037,0
0,0.9647534171206464,0
0,0.9982939026244456,0
0,0.8742532678611472,0
0,0.8945581440609085,0
0,0.7221028526258529,0
0,0.8065148325438929,0
1,0.907762437082718,1
1,0.6422875450935978,1
1,0.7355556724071662,1
1,0.8156854592898667,1
0,0.8092592349357349,0
1,0.8924818422070518,1
1,0.5115114820930671,1
1,0.7012833762358719,1
0,0.6973310928153945,0
1,0.8931989295773554,1
1,0.9098369239128464,1
0,0.8982351595940165,0
1,0.8600636623173689,1
1,0.6482625445438699,1
1,0.9561713342768534,1
1,0.8867998719820884,1
0,0.9400347624187728,0
0,0.5998127449475397,0
0,0.7347467646293989,0
1,0.8602052124838958,1
0,0.8151231489829723,0
1,0.9712706923260188,1
0,0.9688854161328417,0
1,0.9891547253933433,1
1,0.9835971987139003,1
1,0.8281840048561384,1
1,0.8427532852417864,1
0,0.9089688158668789,0
1,0.8815165996757635,1
0,0.606580734032535,0
1,0.9651792358466733,1
1,0.9247794126689615,1
1,0.9595229626208495,1
0,0.9211094824681753,0
0,0.9516139925574674,0
0,0.7343926799722176,0
0,0.952146216646437,0
0,0.9790824493644906,0
1,0.5689778232849999,1
1,0.8084331884183703,1
0,0.9428165370680256,0
0,0.9284255768929859,0
0,0.6142771609061706,0
0,0.8139917358602039,0
1,0.9655694723255309,1
1,0.8580947479769633,1
0,0.911492085517393,0
1,0.8541084078301002,1
0,0.6706406160740399,0
1,0.8902852340297168,1
0,0.9704177001562446,0
0,0.8251574267983873,0
0,0.8660080166664041,0
0,0.9689666172253921,0
0,0.9500384286184634,0
0,0.9830410943455522,0
1,0.95768195183631,1
1,0.8873702980453871,1
1,0.9038251446155536,1
1,0.8475665325118393,1
1,0.8936985494798972,1
0,0.8806411533559485,0
0,0.9673539078743167,0
1,0.9536084846709583,1
0,0.8091388383156107,0
0,0.9707792428133126,0
1,0.946857871874097,1
1,0.7301320755039791,1
0,0.8051048009394436,0
1,0.9193073293227431,1
0,0.946568006100188,0
1,0.8475666054988731,1
0,0.9481619353529483,0
1,0.9183701755189232,1
0,0.558651729721074,1
0,0.8072520952817043,0
1,0.7365270033418637,0
0,0.9502921171967007,0
0,0.9080325390017001,0
1,0.7792811156173324,1
0,0.8558594400497209,0
1,0.9907542515630041,1
1,0.9749037172613598,1
0,0.9732818801207186,0
0,0.9668006471397773,0
0,0.9011106325676406,0
0,0.9974165666445208,0
0,0.9350686708700041,0
1,0.8089548633840609,1
0,0.9827963587690454,0
1,0.6779509927912672,1
0,0.6557228697453289,0
0,0.9576145065758565,0
1,0.8839426538509472,1
1,0.8771899974315576,1
1,0.6773668652587594,1
0,0.9754221285216098,0
1,0.9423045925865087,1
1,0.8776549917091101,1
1,0.8352627609641737,1
0,0.9491143546132984,0
0,0.9349859695130449,0
1,0.8295993407529296,1
0,0.8057241040447892,0
0,0.9169955786010767,0
1,0.8460405251309697,1
0,0.7140598534320549,0
1,0.9221287378436914,1
0,0.9286349268943747,0
0,0.9601013456449684,0
0,0.989250489793668,0
0,0.8950181380654679,0
1,0.8416991413885426,0
1,0.9042473486130799,1
1,0.9902004546133784,1
0,0.8556761484672186,0
1,0.9361792052155072,1
1,0.8493691550733771,1
0,0.8658704792202555,0
1,0.9170781133845348,1
1,0.9683296126964895,1
1,0.806341812581267,1
1,0.8615591415661198,1
0,0.9744744964046896,0
0,0.9792996902130525,0
1,0.7905280651929036,1
1,0.6774067352277621,1
0,0.9823764977350482,0
0,0.5883344823641755,0
0,0.9351089759836124,0
1,0.849545385506133,1
1,0.9790616038368668,1
1,0.9040580050010714,1
0,0.7049162685734457,0
1,0.8915813446898095,1
1,0.8718445979366587,1
1,0.6883023527675829,1
1,0.8185610857412712,1
0,0.7598525799421989,0
0,0.962982957750382,0
0,0.9511570716032173,0
0,0.9175127143280948,0
1,0.9410724166487723,1
0,0.937996172975525,0
1,0.9670283112029874,1
1,0.958561896339694,1
0,0.9826856386094126,0
0,0.9338211472480543,0
0,0.6617647889630147,0
0,0.9300044740478908,0
0,0.9348454537947506,0
0,0.8426866214198718,0
0,0.6186781604798507,0
0,0.5708223266920477,0
0,0.9990097337877308,0
1,0.6906022873720316,1
0,0.9433259608081862,0
1,0.9478248837701473,1
1,0.7300652429916399,1
1,0.9742362894116606,1
1,0.8127584054375331,1
0,0.8897623443864142,0
0,0.7631343006247805,0
0,0.9133009448623388,0
0,0.9931996570493004,0
1,0.6365122423237757,1
1,0.8042192653743431,1
1,0.9192101698961261,1
1,0.6624174447526628,1
0,0.9626410336121134,0
1,0.963228054033892,1
1,0.9186073868812901,1
0,0.6583695941683335,0
1,0.9452954320640771,1
1,0.9172068852795626,1
1,0.9651625410543998,1
0,0.9709057565621756,0
0,0.994395250157273,0
0,0.9619496051316891,0
1,0.8701416335100478,1
0,0.9096984049233049,0
0,0.9056276600674898,0
1,0.6385853633433183,1
0,0.9885411524631462,0
1,0.8839527360639623,1
0,0.916346059873079,0
0,0.8599305728071773,0
0,0.9477511011087311,0
1,0.9220337397010514,1
0,0.9172420359141222,0
0,0.7954516367192516,0
1,0.8021667846936864,0
1,0.9947009242992362,1
1,0.9056518224970806,1
1,0.8612048923511731,1
1,0.8182643211468019,1
1,0.8653457456475551,1
0,0.7190677197766516,0
1,0.6726709293941396,0
1,0.9571252300762197,1
0,0.9438626411717025,0
0,0.9144030731522524,0
0,0.9943539011873064,0
0,0.7115137458400145,0
1,0.9923214560174931,1
0,0.9242285198541575,0
1,0.9266472219382179,1
1,0.8038904563288137,1
0,0.9887882268021482,0
0,0.9630592028787077,0
1,0.644577004072211,1
0,0.7975563800578489,0
0,0.8862326165173965,0
0,0.868414195422543,0
1,0.9227041743586124,1
0,0.9220057935969093,0
0,0.9342256155906825,0
1,0.9185467676485121,1
0,0.9471732401473923,0
1,0.5245154517831426,1
0,0.9860054800523169,0
0,0.8199357229173834,0
1,0.7848805267709388,1
1,0.9754184490018705,1
0,0.9312182116822959,0
0,0.929722530435066,0
1,0.895604583626302,1
0,0.8616214787420831,0
0,0.9469832306096885,0
0,0.9845857526599385,0
1,0.9437833357634441,1
1,0.8797910945056236,1
1,0.7532921155136632,1
1,0.8788351741597394,1
0,0.6661917073008842,0
1,0.9418267628634619,1
0,0.7272372198307665,0
0,0.9770069460071485,0
0,0.8438531996627807,0
0,0.8592453760517575,0
1,0.7333550356493868,1
1,0.890136631619393,1
0,0.8014706310866629,0
0,0.5706803438971355,1
0,0.5969734461807392,0
1,0.897477137238865,1
1,0.9965420462375739,1
0,0.7755386490211651,0
0,0.6443249022106878,0
0,0.7421205691574089,0
0,0.9308675571734886,0
1,0.8414521576186742,1
1,0.954203692030241,1
1,0.8805870792347205,1
0,0.7860960008877267,0
0,0.9507400077323189,0
0,0.8526214144129323,0
1,0.8411573754605386,1
0,0.9179186207428167,0
0,0.9581875706808094,0
0,0.9566432440143002,0
0,0.9095388731543967,0
1,0.6901664550673553,1
0,0.9781449106368587,0
1,0.9302007306310135,1
1,0.9808158885692758,1
0,0.7952378425835274,0
0,0.8514240509312111,0
1,0.9157354049158837,0
1,0.8648278157665352,1
1,0.9332218109371027,1
0,0.9549609284167189,0
0,0.8741553302937373,0
0,0.9908148111303737,0
0,0.9312464230082413,0
1,0.8311438134837201,1
1,0.9261321533957035,1
1,0.9351805995604326,1
0,0.9590072954264822,0
1,0.6254969237530074,1
1,0.8268018760028111,1
0,0.9115557397145738,0
1,0.989345751974966,1
1,0.9555188599934841,1
0,0.872824448452193,0
0,0.7879339348048245,0
1,0.9457396583720961,1
1,0.5945411594384671,1
0,0.8668038933405997,0
0,0.6770801278228874,0
0,0.9979570623467877,0
0,0.7930880121208078,0
1,0.7368603296397862,1
1,0.8954640502161589,1
0,0.901601020504958,0
1,0.8366844749409142,1
0,0.9753804147838997,0
1,0.79404838090824,1
0,0.9403395827582312,0
0,0.8013922884075088,0
1,0.8233173308849974,1
1,0.8775545354076416,1
0,0.934752734590901,0
1,0.8709243314477944,1
1,0.9797528305072264,1
0,0.8649786176722838,0
1,0.9730658259635303,1
0,0.9071728689686593,0
0,0.9423675643172386,0
1,0.9626036398818238,1
0,0.5442848428977609,1
1,0.9070556874873379,1
1,0.8544790330724452,1
1,0.5743535212093228,1
0,0.9574700929642074,0
1,0.8227775542830208,1
1,0.8635890897644831,1
1,0.859370944931131,1
1,0.9610900818162547,1
0,0.9132786341553204,0
1,0.9838694315484154,1
0,0.6571257028126679,0
0,0.7698791373991174,0
0,0.8763060953393697,0
1,0.8774545106675187,1
0,0.979187659838828,0
0,0.6470251877550725,0
0,0.7919247155478094,0
0,0.603045248706949,0
1,0.5192220101932478,1
0,0.9209822974563785,0
1,0.9215111857683148,1
1,0.9555480468670609,1
1,0.5694775084071596,1
1,0.8446526574947417,1
0,0.7853715471970281,0
0,0.9975206041125888,0
1,0.8478435670471003,1
1,0.7810155987986132,1
1,0.9570639079277223,1
0,0.9734875466757302,0
1,0.9581942146851143,1
1,0.8722794190200783,1
0,0.9738682397889749,0
0,0.8825387209037076,0
1,0.9066094234727612,1
1,0.97412183705262,1
0,0.8345007610343441,0
0,0.9273692047550653,0
0,0.7358165934146198,0
0,0.9819056116377164,0
0,0.8343966326381992,0
0,0.9163646106807007,0
0,0.9424378973885542,0
1,0.5,0
1,0.9304005253820938,1
1,0.8689429472148937,1
1,0.8827133822374078,1
1,0.9607084508853588,1
0,0.9644897239425656,0
1,0.8925599773457756,1
1,0.9440258023277254,1
1,0.838699493197529,1
1,0.8930080729203247,1
1,0.6084695388131497,1
1,0.8587119830804766,1
1,0.5175132204200729,1
1,0.7724244823292621,1
1,0.7314996110478567,1
0,0.9920112199043436,0
1,0.9697579932845085,1
0,0.7993707140991299,0
1,0.9158547597834642,1
0,0.881322678827995,0
1,0.7834587147479246,1
1,0.9710207027903975,1
0,0.8459408021731984,0
1,0.583905304932779,1
0,0.7253855301283111,0
1,0.7691919176328809,1
0,0.8505109153359323,0
0,0.9590773553526344,0
0,0.9333290350115934,0
0,0.7553632836574438,0
1,0.7409545035167828,1
0,0.667139256450874,0
0,0.9284603826461287,0
0,0.841370084218329,0
0,0.9280202154096875,0
1,0.9489954034110302,1
1,0.971444953788337,1
0,0.7687750147938331,0
1,0.7316449544906145,1
1,0.9333479844790447,1
1,0.863367425084006,1
0,0.6495232521716291,0
1,0.9718352130809974,1
0,0.9236693386294199,0
0,0.9538066270456221,0
1,0.97220013871394,1
0,0.8862365485665806,0
0,0.9987903846326007,0
0,0.797365835471628,0
1,0.6673110953613531,1
0,0.8270701361739617,0
0,0.8048168755902048,0
1,0.9040677607112376,1
1,0.8177568693593184,1
1,0.7635545026179251,1
1,0.9425633083487308,1
0,0.8630004473656213,0
1,0.9515288669760757,1
1,0.9625248076869375,1
0,0.8433470361567883,0
0,0.9723778853408868,0
1,0.9999870736392039,1
0,0.939766980938426,0
1,0.864153248251473,1
0,0.6701437398032164,0
1,0.9074690326921164,1
0,0.9056497571137206,0
1,0.7737835168718202,1
0,0.7794115270821609,0
0,0.8579072693896082,0
0,0.8176977478899684,0
1,0.8156199216944485,1
1,0.8901273111271122,1
1,0.76554158843724,1
0,0.9761731221819796,0
0,0.8642328101685969,0
0,0.8627751395638567,0
0,0.6480834674846615,0
1,0.9669054740257605,1
0,0.9997830916744933,0
0,0.8155508464799467,0
1,0.8403600998739583,1
1,0.5245456439188914,1
0,0.7468146690894468,0
1,0.5373760137784388,1
0,0.9202880970724909,0
1,0.8949319226643572,1
1,0.7807513419121743,1
0,0.7537983599998499,0
0,0.7572184149201343,0
0,0.925230377083308,0
1,0.8216919085778127,1
1,0.6666499160197359,1
0,0.9932390296778025,0
1,0.9884457827695161,1
0,0.9237397996497126,0
1,0.6858370971723365,1
0,0.8241476605936504,0
0,0.7093221657389943,0
1,0.8773035976339016,1
0,0.978174851828523,0
0,0.7675876479377667,0
1,0.9967114047012199,1
0,0.8461170634068662,0
0,0.919651939055344,0
1,0.9221890299951429,1
0,0.9336711172525142,0
0,0.9588571109599208,0
0,0.8974591826503997,0
1,0.7524816693418669,1
1,0.9022022301521856,1
0,0.5989036614954936,0
0,0.9616734870621176,0
0,0.8362857824705963,0
1,0.9415740948242219,1
1,0.7585766972760868,1
1,0.9046508848791567,1
0,0.9283095323619556,0
0,0.8416345673688576,0
1,0.90713019083571,1
1,0.8665418437938288,1
0,0.8638807187203708,0
0,0.6803211382614374,0
0,0.9748205946463417,0
1,0.8246002036422992,1
1,0.932339543211798,1
0,0.9404367555682884,0
1,0.7979791773753743,1
1,0.9218299283004068,1
0,0.9766699784537531,0
0,0.94203966792809,0
0,0.9884709191902344,0
0,0.9500250658348056,0
1,0.9083192051686743,1
1,0.5086255814731181,1
0,0.8370275327587982,0
1,0.7611807775167939,1
1,0.7656866594567008,1
0,0.9826502580988135,0
1,0.896645278281398,1
0,0.739468741543928,0
1,0.6705732071895871,1
0,0.9513022134544202,0
0,0.6912364836453515,0
1,0.6316773649860609,1
1,0.8319304844584777,1
0,0.9148130970209024,0
1,0.8412337668845615,1
0,0.9245191346139559,0
1,0.8968044373726008,1
1,0.9791038442407266,1
0,0.9283065226817182,0
0,0.9479835722373373,0
1,0.8563593251697365,1
1,0.9570314157692185,1
1,0.7338029560890083,1
0,0.9707583334478452,0
0,0.92491639147986,0
1,0.8238660066194431,1
0,0.7822463177926187,0
0,0.995802672978455,0
0,0.9826162411919984,0
0,0.801783700742271,0
0,0.9863295091686194,0
0,0.8552649915600539,0
0,0.9046812407593234,0
0,0.7966759461767913,0
0,0.9075390512391073,0
0,0.824376197439565,0
0,0.9166211177464916,0
0,0.9213564383824502,0
1,0.8555768480813134,1
0,0.8002608050948429,0
0,0.9841401987822337,0
1,0.6698767399987977,1
0,0.9235887287341358,0
0,0.8565900767299162,0
0,0.6823051527715668,0
0,0.8607288221156495,0
1,0.6307896267001133,1
1,0.949456836231451,1
1,0.8214955249572881,1
1,0.7963735558745092,1
0,0.6134737547844857,0
0,0.9804393577087317,0
1,0.9094523368284286,1
0,0.5399066329512923,1
1,0.5474798925985692,1
1,0.758386727351419,1
0,0.7278569972696388,0
0,0.9814703336771163,0
0,0.6237224733553243,0
1,0.9872131362321527,1
1,0.9604161495765462,1
0,0.7999962833575749,0
1,0.625873124763376,1
1,0.8811985259437636,1
1,0.9236913636370013,1
0,0.9788536611533928,0
0,0.7736517446528317,0
0,0.9645611672448104,0
1,0.8533674057208999,1
1,0.7528733111735884,1
0,0.9231587906371609,0
1,0.9260558156887437,1
1,0.9861629486727846,1
0,0.9365395433761097,0
1,0.8661944964043314,1
1,0.7448452872905598,1
1,0.7555602730023999,1
0,0.735311827324896,0
1,0.8636135192624526,1
1,0.6371143410555012,1
0,0.8985544869655406,0
0,0.9216033852137788,0
0,0.9152756205523637,0
0,0.9014564269211176,0
1,0.9615773512700695,1
1,0.8004877155885277,1
1,0.7096166826689776,1
1,0.7386884082922978,1
0,0.9556896984036878,0
0,0.8089583268011026,0
0,0.7122470867098569,0
0,0.9393495838109636,0
1,0.9097710998066372,1
0,0.6593034085700683,0
0,0.9493094092267346,0
0,0.568524166448684,0
1,0.9375014899134362,1
1,0.5890737299285608,1
1,0.9271657513473056,1
1,0.9441987621429654,1
0,0.9023371811195936,0
1,0.8805394304899304,1
1,0.8074644114183733,1
1,0.8239431249167869,1
0,0.5828962998773981,0
0,0.9839105283879682,0
0,0.9279075321649702,0
1,0.8205632256102793,1
0,0.9770796432456239,0
1,0.9264778176364222,1
1,0.7907366095880383,1
0,0.996425411706437,0
1,0.9748076457609002,1
0,0.993699987517511,0
0,0.9193097983845313,0
0,0.9648268013011893,0
1,0.47723169518939595,1
0,0.9992337844616186,0
1,0.7793387845981079,1
0,0.8478118504498063,0
0,0.646807837626949,0
1,0.5420001452893041,1
1,0.7963991661811554,1
1,0.8140900100003249,1
1,0.9317624470973455,1
0,0.919953625747136,0
0,0.8686682940727367,0
1,0.8428714384190193,1
0,0.8012288021598752,0
0,0.9767969850953109,0
1,0.8787402109480832,1
1,0.8882416433654915,1
0,0.9466705547149901,0
0,0.7148468159766188,0
1,0.9696966219832116,1
1,0.7390934493154829,1
0,0.9110998721968764,0
0,0.8521876437342585,0
1,0.7376322675678886,1
0,0.9294354453051235,0
1,0.9765823854553594,1
0,0.7538765443986563,0
1,0.7467442359004978,1
1,0.8785472047919256,1
0,0.9751164979381085,0
0,0.9462977999228341,0
1,0.7683015811363938,1
1,0.7614281770479319,1
0,0.9821109232388991,0
0,0.9018053769515378,0
0,0.980640072120478,0
1,0.9963972912211329,1
1,0.9603376331016875,1
0,0.9844953695635079,0
1,0.9901294602480175,1
0,0.894826826806081,0
1,0.9840748615045116,1
0,0.568056127247003,1
0,0.9241077836653169,0
0,0.7155293861079164,0
0,0.9077055326992544,0
1,0.9641770836442111,1
1,0.8030072858002518,1
0,0.8852496168291935,0
0,0.8130828143202278,0
1,0.9925765659570907,1
1,0.9770396207749859,1
0,0.6718523690893593,0
1,0.7937455714522977,1
0,0.9011350363520814,0
0,0.7382384352067642,0
0,0.9198115016716766,0
1,0.931403918426462,1
0,0.7912670294289378,0
1,0.6525295541720165,1
1,0.928636523250902,1
0,0.5458247864891569,1
0,0.9703865829307892,0
0,0.9885910083711822,0
0,0.9455215956178536,0
0,0.8161980436587373,0
0,0.9157785597903526,0
0,0.8862032891571744,0
1,0.8154333972509424,1
1,0.7970430602330318,1
1,0.8627505347709853,1
0,0.9342500612491809,0
1,0.8413290859271338,1
1,0.8640739672539177,1
0,0.8822302224529527,0
0,0.9682958054143028,0
0,0.9279194084524081,0
1,0.9354660753485775,1
0,0.928539761739288,0
0,0.9002558361455362,0
1,0.9476658140321911,1
1,0.8308410061497573,1
1,0.9511756640344176,1
1,0.7036070298382716,1
1,0.9109365469054875,1
1,0.780679847102936,1
0,0.9390857265947321,0
1,0.7182096269518214,1
1,0.9801263348765066,1
0,0.9381331768072966,0
1,0.8717451571942767,1
1,0.681028623780465,1
1,0.6698610765856314,1
0,0.6304888606447021,0
0,0.9407985171031441,0
1,0.9473354610739037,1
1,0.5801885302848943,1
1,0.5190263804974585,0
0,0.9858929680052192,0
1,0.8698125234540481,1
1,0.9885371579391827,1
1,0.6383823373150602,1
0,0.752166806064493,0
1,0.9379896768542169,1
0,0.9372615549352865,0
1,0.9156203253822339,1
1,0.8597634465669008,0
0,0.9801145240774921,0
1,0.7784529635123664,1
0,0.8055281536776547,0
0,0.8637266453911582,0
1,0.8643335637186316,1
1,0.8718586450300367,1
1,0.9644657775887368,1
1,0.8605829165238683,1
0,0.890033106627307,0
1,0.6594319400990653,1
1,0.9960921088355585,1
1,0.8847317631590221,1
0,0.723019757640921,0
0,0.888660870877802,0
1,0.8442684238670692,1
0,0.9810540294730979,0
1,0.8376727313920244,1
1,0.8839992033490731,1
0,0.807866533532365,0
0,0.8681228908429103,0
1,0.9228423312574493,1
1,0.9816627971344329,1
0,0.9188418319013067,0
0,0.8536850823945958,0
0,0.6682919081257104,0
0,0.8989314921851227,0
1,0.846604200174452,1
1,0.8176216986358064,1
1,0.5333717777558724,1
1,0.8603392508236574,1
0,0.950300132486808,0
1,0.6370456637595214,1
1,0.7746911378345165,1
1,0.9314021789866813,0
1,0.9735780476885114,1
1,0.9113273297274095,1
1,0.7344549736580009,1
1,0.9371056948693178,1
1,0.7638653452097658,1
1,0.9477039474879861,1
0,0.8852935422665683,0
0,0.7945727161314281,0
1,0.9528484111279047,1
1,0.9605070784704404,1
0,0.9686484188628456,0
0,0.9099274613951378,0
0,0.8702549028051114,0
1,0.9954890328162287,1
1,0.9947877103208261,1
1,0.9973111170865911,1
0,0.923809213366387,0
1,0.7912820266988994,1
0,0.8898218632082084,0
0,0.8556556385526911,0
0,0.7009787487801006,0
0,0.6723578252423615,0
0,0.8398566226496545,0
0,0.977279426448495,0
0,0.8810885669676707,0
0,0.9893848031031789,0
0,0.6942498798152001,0
1,0.9130059779338179,1
1,0.9894239963896786,1
0,0.8649356617686118,0
1,0.6847333481583988,1
1,0.8926334141005903,1
0,0.9349416564607833,0
1,0.7901712175251611,1
1,0.9161720037750791,1
1,0.9328005932383282,1
1,0.6827479533612015,1
1,0.917067481278763,1
1,0.7489384351446453,1
1,0.8589873252202901,1
0,0.8685172748331978,0
0,0.9525373824176282,0
1,0.8680484145208233,1
1,0.8817554523397108,1
1,0.7375626978326454,1
0,0.8041580774013671,0
0,0.9480345598732667,0
0,0.9605428715976206,0
1,0.8653759581899957,1
1,0.9279948527664431,1
0,0.9577228386986506,0
1,0.9877299051718894,1
1,0.7906504922519532,1
0,0.9564639414603275,0
0,0.901341448062398,0
1,0.606147806298165,1
0,0.8464252878600905,0
0,0.7159180808735406,0
1,0.7187824884532641,1
0,0.9854165075354062,0
0,0.8838702804963665,0
0,0.8563110344388651,0
1,0.9348860392391628,1
1,0.8827260545182725,1
0,0.9924257778417038,0
1,0.9439399534799049,1
1,0.7942730034962693,1
1,0.8924328447983094,1
1,0.8702417401916438,1
1,0.9697627272091079,1
0,0.8990166206227078,0
0,0.598185092334995,0
0,0.9556027209898333,0
1,0.8454750897717834,1
0,0.9921068557903477,0
1,0.7530705711179696,1
0,0.8289908194492747,0
0,0.9514124564995163,0
0,0.9571155107743359,0
1,0.8189767349075769,1
0,0.7308912529430839,0
0,0.7713043390352383,0
1,0.9558663587918895,1
1,0.9605275179732866,1
0,0.7951470834274026,0
0,0.9239105628579868,0
1,0.7425556431248694,1
1,0.8657522066028258,1
0,0.9310321020401543,0
0,0.792744846051825,0
1,0.8427242396105358,1
1,0.914667502123242,1
0,0.5702508734097609,1
1,0.8107401538056767,1
1,0.6187265775243765,0
1,0.9182216268096421,1
0,0.9997048724403614,0
0,0.7685873914490249,0
0,0.7718245000355526,0
1,0.8062953825093421,1
1,0.9362603074394102,1
1,0.7328299766933931,1
0,0.8576945798165261,0
1,0.9722567896248354,1
1,0.9046588143938867,1
1,0.9891805305225297,1
1,0.8659599932839079,1
1,0.917299143483146,1
1,0.6255466546263799,1
0,0.9866566091509555,0
0,0.8672351683486085,0
1,0.8442655165709289,1
0,0.8941512384997257,0
1,0.7713030999771356,1
1,0.7623344237373199,1
1,0.9654904234995455,1
0,0.7598018823667677,1
1,0.8169482354655112,1
0,0.7747634501156954,0
0,0.7972946963797983,0
0,0.9900202305925621,0
1,0.8171689294088962,1
1,0.9362886611372817,1
1,0.9733390606123596,1
1,0.8324502132162404,1
1,0.9663514962011985,1
1,0.9137651496058646,1
0,0.8282541610781692,0
1,0.961260639692771,1
1,0.9194932085716018,1
0,0.9458648349996697,0
1,0.9857158824820638,1
1,0.9269785398034172,1
1,0.921487248306784,1
0,0.8836386038443059,0
0,0.9278209578154205,0
1,0.9032260289023587,1
1,0.9438884414232063,1
1,0.8773700810213519,1
0,0.787369332178946,0
1,0.881448627349338,1
0,0.8917312214171373,0
0,0.8362376772318311,0
0,0.9638737790657068,0
1,0.88843670921807,1
0,0.9761021496129465,0
1,0.5908162104600941,1
1,0.9851563867058741,1
0,0.7554070283750466,0
1,0.702121273302984,1
1,0.6560300372009072,1
0,0.9801610948076135,0
0,0.9750167681927466,0
0,0.8684668963445876,0
0,0.9082805357616196,0
0,0.7902557478048455,0
0,0.9600933559507591,0
0,0.8130322160834231,0
1,0.9174638689693683,1
0,0.8456990184283342,0
1,0.746299889400163,1
0,0.8744223983327776,0
0,0.9660778651909323,0
1,0.8329431106444182,1
1,0.8767297423393012,1
0,0.8169674086780311,0
1,0.9857751570540125,1
1,0.9220901498919484,1
1,0.8605032429379325,1
0,0.7726162675358033,0
1,0.6567485235117289,1
0,0.7902376858181102,0
1,0.9118176451030947,1
1,0.8574662847966458,1
1,0.7299255072593549,1
1,0.7188134509563191,1
1,0.9218693468286833,1
1,0.9050326025559221,1
1,0.8681651674289853,1
1,0.8732318018209823,1
1,0.8793791070503002,1
0,0.9395899173506561,0
0,0.8363540918564614,0
1,0.9803748068834375,1
1,0.6848132388212609,1
1,0.7400922846266872,1
0,0.9459857462901167,0
0,0.9733906509373796,0
1,0.782543811267448,1
0,0.8180725359810509,0
0,0.6097282552512114,0
1,0.9200230409249096,1
1,0.863469384508218,1
1,0.8967070580822636,1
1,0.7092250477065348,1
1,0.7849646293347776,1
0,0.8639997619203016,0
0,0.9594078313946803,0
1,0.8852505870745018,1
1,0.7684941448077702,1
0,0.8354936424521753,0
0,0.7348360035198,0
1,0.7621604078936054,1
1,0.8739663330156827,1
0,0.9924265530188192,0
0,0.9723264417645159,0
0,0.9947158769967356,0
0,0.9779946074234319,0
0,0.9211254754116832,0
1,0.6636228551897412,1
0,0.91690246677499,0
1,0.6957230330797425,1
1,0.8430850268156598,1
0,0.8696560234316582,0
0,0.8090240145241343,0
1,0.9352432521507213,1
0,0.9741824374656427,0
1,0.95701477031092,1
1,0.9971328120403313,1
0,0.9667261094593608,0
0,0.8169212993405754,0
0,0.865710552213959,0
1,0.958842606905429,1
0,0.9371835945156137,0
0,0.9396204287301387,0
0,0.92123457343005,0
1,0.9387191942513878,1
0,0.5584953627649558,1
0,0.8971166300581038,0
1,0.9226743949329413,1
1,0.8721165331495596,1
0,0.8877150787570584,0
1,0.7426644780332312,1
0,0.6606720466394308,0
1,0.9054736030362752,1
0,0.6236003353309698,0
1,0.6384811685580813,1
0,0.9741325524176585,0
1,0.9817454431205167,1
1,0.9296538099581242,1
0,0.8956829660960834,0
0,0.6944448783021725,0
0,0.7828503342395942,0
0,0.6642097330445343,0
1,0.9686204996699999,1
0,0.6220607514836947,0
1,0.8295886352374764,1
1,0.7071929003009665,1
0,0.7539419818974632,0
0,0.8535917536686236,0
1,0.8692068606509536,1
1,0.9681304716587962,1
0,0.8850937995565316,0
0,0.9912249404041125,0
0,0.9666784793433417,0
1,0.9427842789944988,1
0,0.6282339195240823,0
0,0.9015140953892942,0
1,0.7631544846055668,1
0,0.90209871265645,0
1,0.6954338656939515,1
1,0.6669415626290245,1
1,0.8619574171460612,1
1,0.9743719855992731,1
1,0.9940389260484525,1
0,0.988581794454729,0
1,0.8337653087377483,1
0,0.8343365257741762,0
0,0.9984431816623494,0
1,0.8619389486042509,1
1,0.8656028536716004,1
1,0.8350152592575116,1
1,0.897666308899763,1
1,0.888484057669964,1
0,0.8554490393303947,0
0,0.9697238652279186,0
0,0.9223977670972963,0
0,0.7103019981095127,0
0,0.6669811681967023,0
0,0.9535247200745888,0
0,0.9293535316184302,0
1,0.9438197841016994,1
1,0.9041597614804351,1
0,0.8823671395617607,0
0,0.7903440951575899,0
1,0.8798852498853317,1
1,0.671808119338359,1
1,0.7251940886004368,1
0,0.7533675028182237,0
1,0.7865564665796482,1
1,0.547004107585351,1
1,0.9288363888069868,0
1,0.5629208855285464,1
0,0.8123116780667886,0
1,0.6888485615606773,1
0,0.8195502107457299,0
0,0.9370692624376555,0
1,0.7994848624557376,1
0,0.912272463342791,0
1,0.874154182116875,1
0,0.7995099631582806,0
0,0.9296856967390276,0
0,0.9748260757723943,0
1,0.8356787346260328,1
0,0.926636066521418,0
1,0.8694329776415146,1
0,0.9868959709349059,0
1,0.8061325499236639,1
1,0.8074705867914498,0
0,0.8903935518789441,0
1,0.963317651626753,1
1,0.8456089022400023,1
0,0.9405754831028821,0
1,0.9468600925945456,1
0,0.8952350758604757,0
0,0.9861623787388857,0
1,0.9301948819355651,1
0,0.8589867963157757,0
1,0.7784659886190631,1
1,0.9423023439479941,1
0,0.9853184770758653,0
0,0.9288998152389304,0
0,0.9600226467171341,0
1,0.8725712713131327,1
1,0.9393159718770695,1
1,0.9198435460815972,1
1,0.917573505786129,1
0,0.7354454988110074,0
0,0.9203621973683992,0
0,0.8815656371756582,0
0,0.9256550836549075,0
0,0.9568934532643586,0
0,0.824561648865387,0
0,0.9888353587428829,0
0,0.9948711620486508,0
0,0.9669419017092322,0
1,0.8691936969361435,1
1,0.8700312339559658,1
1,0.9216709685920855,1
1,0.880371205621126,1
1,0.8982602512555791,1
1,0.8825666608372782,1
0,0.8400754001488709,0
1,0.7930088848354702,1
0,0.9946941126544806,0
1,0.9129147465994236,1
1,0.8400230982088344,1
1,0.9518779379165913,1
0,0.9901362902230856,0
0,0.9786748720189068,0
1,0.967252811887342,1
0,0.85637176413095,0
1,0.8643761773705887,1
1,0.9339003700323312,1
1,0.6638032669916125,1
0,0.8200697834578565,0
1,0.8133340929510612,1
1,0.9817539610691063,1
0,0.9844418879041335,0
0,0.9964473655499713,0
0,0.821896081151419,0
1,0.8734630140786199,1
0,0.8317855096210053,0
0,0.957892740346601,0
1,0.7541352029784176,1
1,0.9105600008739925,1
0,0.9192076213845566,0
0,0.8323291001037365,0
0,0.7345127374850875,0
1,0.7876784426646298,1
1,0.8805043875412849,0
0,0.8872843695221548,0
1,0.8125366770148854,1
1,0.874452161721224,1
1,0.899014960936731,1
0,0.971107881485602,0
1,0.9509936852432022,1
1,0.9615794422651869,1
1,0.892270082991646,1
0,0.9039556373906101,0
0,0.9760657742741964,0
0,0.8787295877659753,0
0,0.8883680043576588,0
0,0.8053846363035533,0
1,0.7506664476159436,1
0,0.9897737115070324,0
0,0.9952358276231345,0
0,0.8248679424566497,1
0,0.8525498435334596,0
0,0.9976706760416986,0
0,0.8301237995028411,0
0,0.9446835315411642,0
1,0.5199894295254082,1
0,0.8181639121530826,0
1,0.9222933353513996,1
1,0.8546162914409347,1
1,0.9460851507276455,1
1,0.9677987755790225,1
0,0.9348258348570475,0
0,0.9564129703825089,0
1,0.9220066430868531,1
1,0.5,1
0,0.8587262900808259,0
0,0.9700178707325826,0
0,0.8467824027569323,0
1,0.7943816834028058,1
0,0.8698400110814848,0
1,0.6804576752863012,0
1,0.9181758376079513,0
1,0.8818997179950488,1
1,0.9918341385603981,1
0,0.9463348396305625,0
1,0.98553881825616,1
0,0.7969511845370116,0
0,0.6351026153396443,0
1,0.9662144508815745,1
0,0.9994965325567484,0
0,0.9150330770061957,0
1,0.9231424912482952,1
1,0.6796605193954922,1
1,0.8752287264048352,1
0,0.979817423818182,0
0,0.9775780363073232,0
0,0.9280133621790689,0
1,0.9183583993256496,1
1,0.9658677496516616,1
0,0.8452021044366228,0
1,0.8894046423912682,1
0,0.9246884291647344,0
0,0.7903555478120594,0
0,0.9984048819954747,0
1,0.7858206891172405,1
1,0.9631555984495678,1
1,0.7288019965176245,1
1,0.981032271454987,1
1,0.7410600980141093,1
1,0.9424654979298656,1
0,0.9939894718463334,0
1,0.942065427823597,1
0,0.6579241110917723,0
1,0.9004777620175025,1
0,0.5994332523337187,0
0,0.7655710218124718,0
0,0.9826790090262485,0
0,0.8842614607674455,0
1,0.8664945556504293,1
1,0.7294227152510443,1
1,0.9260777393385934,1
1,0.7894438444254218,1
0,0.9926533442240747,0
0,0.9915932058158594,0
0,0.9570874033021483,0
0,0.9833293922220115,0
0,0.9226166351378052,0
0,0.7578962829055838,0
1,0.85752482443378,1
1,0.7422722596658804,1
0,0.926046256245334,0
0,0.9011678684981538,0
1,0.9474630792277366,1
1,0.8473514518917129,1
0,0.9315394945707193,0
0,0.9417576131499684,0
1,0.7714365494079474,1
0,0.9839218642310072,0
0,0.8765683792779515,0
1,0.5312333101556688,1
1,0.7647227180674644,1
1,0.8483550490522996,1
1,0.9476098456946118,1
1,0.731577210358888,1
0,0.9676939242192948,0
1,0.9701774865842459,1
1,0.7783713465773564,1
1,0.9511645850899397,1
1,0.9824692706753324,1
1,0.991265505291606,1
1,0.7729251368245421,1
1,0.9576659226135313,1
1,0.8179896679149925,1
0,0.914401640192012,0
0,0.7317161514639345,0
1,0.8950267065001577,1
1,0.7309689222872325,1
1,0.8030314211793749,1
1,0.7339707902241667,1
0,0.9565242510216032,0
0,0.9229608928361623,0
0,0.8318076070908654,0
0,0.921556263467432,0
0,0.6472401452123346,0
0,0.9484946349773351,0
1,0.9558491858227617,1
0,0.9659043491297042,0
0,0.9724156181941722,0
0,0.9642236165531362,0
1,0.588174599890943,1
1,0.8891699775260882,1
0,0.8353096074655914,0
0,0.8827728446384316,0
0,0.9785288580129231,0
1,0.9673433880730392,1
1,0.933876467431445,1
0,0.8962091063186182,0
1,0.9650372572926917,1
1,0.6965313571076036,1
1,0.961043812888586,1
1,0.990823409161428,1
1,0.8437346074620828,1
0,0.9911229070121585,0
0,0.8318003706093728,0
0,0.9063304764927544,0
1,0.8557704083266607,1
1,0.9409692990693301,1
1,0.9285678085366461,1
1,0.9204642450346251,1
0,0.852938882702306,0
0,0.8601142430193296,0
0,0.8326509643904495,0
1,0.6448288912236372,1
0,0.714684427999175,0
0,0.7944327660380526,0
0,0.778301302587818,0
1,0.8961123389657679,1
1,0.9140963632503217,1
0,0.9980660313305499,0
0,0.9555431724793143,0
0,0.6922285570579938,0
1,0.6332599443282945,1
0,0.8662766211013402,0
0,0.9399962954240322,0
1,0.940164965186282,1
0,0.9353365886421817,0
1,0.9871885394669847,1
1,0.7577764401540139,1
0,0.8951931039379929,0
1,0.8422105235250271,1
1,0.9400327326745496,1
0,0.9462495021007382,0
0,0.9557146651887031,0
0,0.9377855556151333,0
0,0.9619654229220295,0
0,0.9806972524960486,0
0,0.9446591941968586,0
1,0.9459190461694218,1
1,0.8704808226434194,1
0,0.8491099300855698,0
0,0.5439660118759966,1
0,0.6704905218439527,0
0,0.8914710785100982,0
0,0.9570435250952323,0
0,0.7192003074846377,0
0,0.9848998870222265,0
1,0.5704340448509876,0
1,0.9460243414208016,1
0,0.8959890856785507,0
1,0.9536621995559473,1
1,0.9230205064171699,1
1,0.9819983214480164,1
0,0.8455027121190517,0
1,0.9255388162487462,1
0,0.8647952297729578,0
0,0.869388347884886,0
0,0.9337925296031981,0
0,0.9931484867505858,0
1,0.9235301881590087,1
1,0.9431067502226957,1
0,0.8094269027748581,0
1,0.983634991504963,1
0,0.9807155986807496,0
1,0.7993775025214425,1
1,0.9623714587484216,1
1,0.7676683410903343,1
1,0.7865726989898149,1
0,0.8752521890538779,0
0,0.800280572296674,0
1,0.9433348862023663,1
1,0.5763247316499462,1
0,0.9629641203323203,0
0,0.9255685047174678,0
0,0.9308278634815533,0
0,0.9739172437517851,0
0,0.892722465588023,0
1,0.6824539456506514,1
0,0.8675351107759154,0
1,0.8937314772450301,1
0,0.9867491522597804,0
1,0.5090408430506997,1
1,0.8106636066758335,1
1,0.8753458564308231,1
1,0.6053094913779142,1
1,0.870808417134973,1
1,0.7434271840894523,1
0,0.7968711509697826,0
0,0.9899499410925586,0
1,0.7303414638438371,1
1,0.9833589170095803,1
0,0.9936007760072877,0
1,0.8502679823268399,1
0,0.6895436220351362,0
0,0.8812959195457017,0
1,0.9061783450310115,1
1,0.8617470588453834,1
0,0.812896241057057,0
1,0.9544527554007475,1
0,0.8805735812637301,0
0,0.7848553150098926,0
0,0.9765161402923951,0
1,0.7001548187919145,1
1,0.9026744235835279,1
0,0.8873965264377488,0
0,0.960742184493616,0
0,0.9662040749084841,0
0,0.5887653596938643,0
0,0.7822446392087807,0
0,0.807421135889488,0
1,0.9429957370497523,1
0,0.9214629925348934,0
1,0.8993166015354808,1
1,0.929942475476076,1
1,0.9007454162722845,1
0,0.9294180436749028,0
1,0.8635291467840329,1
0,0.9249056180538101,0
1,0.8443936865590023,1
1,0.7614551603580775,1
1,0.6655839905920725,1
0,0.7551859134630006,0
1,0.8671743391005587,1
0,0.8954429490372448,0
1,0.875088320922587,1
0,0.8736781740929471,0
1,0.9210693796407945,1
1,0.7156030104002346,1
1,0.925648392826232,1
1,0.8080046108210391,1
0,0.9270022552790966,0
1,0.9864633341249271,1
0,0.5496222381212603,1
0,0.5763896789634156,0
0,0.8164293207222828,0
1,0.8516378643308016,1
0,0.9735912119816739,0
1,0.8966187383245302,1
1,0.9193391789080838,1
1,0.7109806238668206,1
1,0.82402903194491,1
0,0.7593262694997817,0
1,0.8922508743888878,1
1,0.7662988159203858,1
1,0.7727023352365,1
1,0.8102757737787554,1
0,0.9008376700897902,0
1,0.9680949245216762,1
1,0.5881843860136345,1
0,0.6968270950790242,0
1,0.8688752525035442,1
0,0.9274626921254898,0
1,0.8715666759202629,1
1,0.8888659556855044,1
0,0.9963277029269846,0
0,0.8413966335052856,0
1,0.807651716253219,1
1,0.8115965202156048,1
0,0.843496213713971,0
0,0.8818246688181927,0
0,0.8992442242513426,0
1,0.8598496724452568,0
1,0.9262571805661686,1
1,0.6054002194396126,1
1,0.9581744175500995,1
0,0.9373809327449023,0
1,0.9123045725234032,1
0,0.8495041633853123,0
1,0.46998174462992276,1
0,0.868634644399615,0
1,0.8158739374071474,1
1,0.8812010597069675,1
1,0.9688613775506382,1
1,0.8512687435326087,1
1,0.903254719322258,1
1,0.7613082787716093,1
0,0.9316765295766212,0
0,0.848685499404971,0
0,0.9034167513794331,0
1,0.8765793829918318,1
1,0.6807749399327134,1
1,0.9671116648703972,1
0,0.8963803216315451,0
0,0.8992999335371541,0
0,0.9279632854166806,0
0,0.8113301646343547,0
1,0.9004804912356071,1
1,0.9365867487600088,1
1,0.8773044688779587,1
0,0.9521144701381496,0
1,0.8130939325155648,1
0,0.9818344153184938,0
1,0.49013382076142714,1
1,0.888662862714464,1
0,0.9055874012386191,0
0,0.9111837454186459,0
1,0.9419534115692819,1
0,0.5606276278949999,0
0,0.899717951105942,0
1,0.8332907229215234,1
1,0.8810782260623364,1
1,0.9588666678706276,1
0,0.7097909668915944,0
0,0.7154885283932391,0
1,0.7489427544630919,1
1,0.9008690643991193,1
1,0.790183218859578,1
0,0.9795326090712528,0
0,0.601301925917549,1
1,0.879431502960731,1
0,0.8199704785987944,0
0,0.9193002067612261,0
1,0.6119836058067217,1
0,0.9388727619001982,0
1,0.9732041807466598,1
1,0.7393249427398569,0
1,0.7969827063726932,1
0,0.9611827074664296,0
1,0.903329703353177,1
1,0.8965872007673382,1
1,0.9168111749942331,1
0,0.8619569736682843,0
0,0.7481280286550718,0
1,0.9622391187048864,1
1,0.6671038727107599,1
1,0.9130182915751297,1
0,0.977356461906145,0
1,0.9352195671495602,1
0,0.6175340095551396,0
1,0.8697933879429631,1
1,0.9024971372582562,1
1,0.8623776993228656,1
0,0.8986836814857534,0
1,0.8651810035545436,1
1,0.9009968999079334,1
0,0.6705028175674513,0
1,0.5518410585933433,1
0,0.8644105810052763,0
1,0.6610050782997225,1
1,0.6147897890548,1
0,0.8481837687218309,0
1,0.9769519835821341,1
1,0.79272659660538,1
0,0.9330089987440144,0
1,0.6937914536825085,1
0,0.9542846167661265,0
1,0.8464713809049395,1
0,0.9076618782721766,0
0,0.6844179723673751,0
0,0.8807236658499261,0
1,0.7199020221187878,1
1,0.8084149001907069,1
1,0.8583145516125514,1
0,0.691321411409004,0
1,0.837367064197867,1
0,0.8189077089741515,0
0,0.9965167289438049,0
0,0.9936108256493311,0
1,0.9729965893796003,1
1,0.8693372955868486,1
0,0.9161243965094242,0
1,0.905785864564364,1
1,0.8353389338585134,1
1,0.8816948926728138,1
0,0.9282731988639623,0
1,0.8550177047285454,1
0,0.8016697174706513,0
0,0.8978837186625859,0
1,0.9511000523103903,1
0,0.7032360121463871,0
0,0.7108641150225479,0
0,0.8009197498163286,0
0,0.8498041936695299,0
1,0.5597862188764233,1
0,0.8225732778012868,0
0,0.9926355180853859,0
1,0.9744056382946129,1
1,0.9445316434193466,1
0,0.7956028550980899,0
1,0.9654410548161892,0
0,0.9005538171423277,0
0,0.8938344123789244,0
1,0.9227900665744594,1
0,0.8972620704568238,0
0,0.918309462848606,0
0,0.9552507688783067,0
1,0.9176092133732134,1
0,0.7011540354121371,0
0,0.8175217378496591,0
0,0.6986970263043314,0
0,0.696099010890523,0
0,0.9392462117241518,0
1,0.8999486957492177,1
1,0.9794217158484546,1
1,0.8984980860038976,1
1,0.9692918366726164,1
0,0.9733743892042809,0
1,0.7406246183610117,1
1,0.8771399505589382,1
0,0.844266578465167,1
1,0.9918228592969821,1
0,0.9222333140982605,0
0,0.9902313987459157,0
1,0.6689440947581268,0
1,0.7347835208995731,1
0,0.9392074667469945,0
0,0.9888006783358158,0
0,0.9803500885019667,0
1,0.8103418184386185,1
1,0.7591035614382087,1
1,0.9088409963764761,1
1,0.9965748941967969,1
0,0.9389712462817664,0
0,0.9784701989981563,0
1,0.9456222817811891,1
0,0.8828084831599744,0
0,0.9782404696858809,0
1,0.806965228172236,1
1,0.9458633335213505,1
1,0.8005948304023914,1
1,0.8573756649745337,1
0,0.8850969877328644,0
1,0.646677599508401,0
0,0.6623747546161671,0
1,0.9708828536816323,1
0,0.6616917596777171,0
1,0.6688700043294116,1
0,0.7835584057528916,0
0,0.9866322799251092,0
1,0.9357355890747568,1
1,0.6107198284744182,1
0,0.7020805928019896,0
0,0.7222249677299576,0
1,0.6910913313118693,1
1,0.7548043430026457,1
1,0.8352123482816809,1
0,0.8307719489882008,0
1,0.7960370338100139,1
0,0.9409599150961195,0
1,0.8192690060835656,1
1,0.6712429909817464,1
1,0.7317439122864026,1
1,0.9012106541580615,1
0,0.97902702954972,0
0,0.631491886302542,0
0,0.971728428511677,0
0,0.9073310171072522,0
0,0.8735217796948803,0
1,0.9206286117589517,1
1,0.8228994214707152,1
1,0.49353720067404433,1
0,0.9311602257685218,0
0,0.9588066732933366,0
1,0.7162577734699953,1
0,0.9909140855013338,0
0,0.851688858225663,0
1,0.8721271658679839,1
1,0.7998791074289945,1
0,0.8652385377341798,0
1,0.9471105868489692,1
1,0.9925735816573981,1
0,0.8066972786054304,0
1,0.8657437323761652,1
1,0.8622366277562917,1
0,0.6850138809273646,0
0,0.7677605633060552,0
0,0.9773276281578392,0
0,0.8764423176252127,0
1,0.8638670985887257,1
0,0.8798433942613426,0
1,0.872899712875327,1
0,0.9292316748381633,0
1,0.9620886332852735,1
1,0.6742660853351582,1
1,0.9693670430469924,1
0,0.995614683415074,0
0,0.8954137903733678,0
1,0.9147681359627098,1
1,0.9759650598010964,1
1,0.9056888809823316,1
1,0.9671597274917866,1
0,0.9389290614789816,0
0,0.9384958922798249,0
1,0.6384820150999602,1
0,0.919269462714567,0
0,0.97874566211107,0
0,0.7508240065311917,0
1,0.9283789436910309,1
1,0.9068801872076103,1
0,0.7524346066000271,0
0,0.9266511398281182,0
0,0.9698963431455083,0
1,0.6759884586126694,1
0,0.9258662436477483,0
1,0.9857403555287304,1
0,0.752533884526871,0
1,0.9943092591842475,1
0,0.9596583983955888,0
1,0.8311281827397738,1
1,0.9311413127263107,1
0,0.7156787098590629,0
0,0.798698710910316,0
1,0.8309197256695514,1
0,0.9331832911826013,0
0,0.9720116006925458,0
0,0.854264376990567,0
1,0.9411089319592013,1
1,0.8106962788237279,1
1,0.8400343319029808,1
0,0.7740400755118245,0
0,0.8582377291200995,0
1,0.7881051953031877,1
0,0.8479125421876453,0
1,0.9143940004592046,1
0,0.9792688389187798,0
1,0.9815395452762634,1
1,0.6292409853988137,0
0,0.8587396385745498,0
1,0.9540005520653679,1
1,0.8376384555280862,1
0,0.8814732299019122,0
1,0.9861086742575911,1
1,0.9351234469131422,1
0,0.6533392598588603,0
1,0.9628349661646797,1
1,0.7218188094685717,1
1,0.8829077951943334,1
0,0.6917104163533532,0
1,0.9538285979496155,1
1,0.8701497250744794,1
1,0.8687003325526657,1
0,0.8726519624729157,0
1,0.7322627603179431,1
1,0.8979525801637431,1
1,0.9331929475292571,1
0,0.8290749985244549,0
1,0.9193670209762556,1
0,0.8623143731939185,0
0,0.7281003492726491,0
0,0.8602896652452953,0
0,0.6514714704800394,0
1,0.8058598178387876,1
0,0.9015572117665094,0
1,0.9814243522302847,1
1,0.6826504852430249,1
0,0.6411308979444192,0
0,0.7516928869340007,0
1,0.7542779313819922,1
1,0.5378531055099195,1
1,0.8821459122163334,1
1,0.9557322071026171,1
1,0.983652473390742,1
0,0.7379093338446628,0
0,0.9843794389676367,0
1,0.8262696413803619,1
0,0.8526704531445335,0
0,0.9333788260210027,0
0,0.8893337755837972,0
1,0.6200270405144673,0
0,0.8153531082970797,0
1,0.9257018326486226,1
1,0.9818593360632919,1
0,0.9182699832368924,0
1,0.6614966740978003,1
1,0.726254031622528,1
1,0.9746696693317106,1
1,0.9300413169657374,1
0,0.9318976332776135,0
1,0.965208082143557,1
1,0.901378106199016,1
1,0.6900348363890347,1
0,0.9256459242841917,0
1,0.6828035395079471,1
1,0.9895744193758567,1
0,0.8840184825769769,0
0,0.936735535392692,0
0,0.9412924290851675,0
0,0.7372556594148454,0
1,0.8329731670343827,1
1,0.9833514946758177,1
1,0.790116145592362,1
1,0.9703621548729334,1
1,0.9750953868807101,1
0,0.983964986853144,0
1,0.8291985979478581,1
1,0.9486984716664526,1
1,0.9660194718180238,1
0,0.9354295414304812,0
0,0.877956105471733,0
1,0.7839503197347845,1
0,0.995667416088564,0
0,0.9506393683480805,0
0,0.7570855758038085,0
0,0.9497023267776542,0
1,0.8417490479141595,1
0,0.9961389375603303,0
0,0.8564522872608088,0
0,0.8144862534139585,0
0,0.6410684318462367,0
0,0.840374541799497,0
0,0.8823701294844378,0
0,0.9845321331774228,0
0,0.9697028191275896,0
1,0.8428879564677888,1
0,0.6138527298751294,0
0,0.932627479725084,0
0,0.8738400209940701,0
1,0.6312642472279467,1
0,0.9274969337236357,0
0,0.6973204964778096,0
0,0.8944338882598125,0
0,0.8595763352212218,0
0,0.8732426725779124,0
0,0.8622325114417623,0
0,0.7969203359318396,0
1,0.9999914127097944,1
1,0.9203293114328289,1
1,0.8302788727186923,1
0,0.9572217122720251,0
0,0.9355011382918992,0
1,0.9636518040927532,1
0,0.9087466362895424,0
1,0.9659332963906434,1
0,0.9601838964634455,0
0,0.8946429014913666,0
1,0.8537099940289092,1
0,0.844315491268393,0
0,0.9186592311404053,0
1,0.895518850116228,1
1,0.9615348592705386,1
1,0.7860605133027627,1
0,0.93988232840135,0
1,0.8930483864063768,1
1,0.7616009449217944,1
0,0.9080825666034531,0
0,0.8184734206499409,0
1,0.9631180259923211,1
1,0.9228194906756849,1
1,0.5703887107930012,1
0,0.9731988874731667,0
0,0.903238289645552,0
0,0.7471523646028932,0
1,0.8890665449325121,1
0,0.7983970588325514,0
1,0.8727460266086594,1
0,0.9388209442845712,0
1,0.922662105313215,1
0,0.7018399422041228,0
1,0.9349213720421357,1
0,0.9669886790690697,0
0,0.958997221454347,0
1,0.9362900338587598,1
0,0.9449321621743461,0
1,0.8266953272257763,1
1,0.9508328843797558,1
1,0.9676809623861006,1
1,0.6785570738547627,1
0,0.8024809352731617,0
0,0.8880374465041857,0
0,0.8144688796358792,0
0,0.7579506577993623,0
1,0.5499601462401148,1
0,0.9807222304770973,0
0,0.9877735757764857,0
1,0.9218600276899198,1
0,0.7214989822986921,0
1,0.9612092611619573,1
0,0.7547120549210287,0
0,0.8877904064899569,0
0,0.821640085064845,0
1,0.7272557029184962,0
0,0.7475499361347291,0
1,0.9756760259908619,1
1,0.8162176792886238,1
1,0.7195246069892969,1
1,0.88921377979627,1
1,0.9108459581461238,1
0,0.9587507652791837,0
0,0.9873648301313744,0
0,0.9720116727488233,0
1,0.8750471673217629,1
1,0.8234685679969334,1
0,0.6103736389124885,0
1,0.7182396509179729,1
1,0.8856798823555634,1
0,0.9657834476048425,0
0,0.9589353407028599,0
0,0.8419411021580379,0
0,0.8840013139774959,0
0,0.9551154537411579,0
0,0.8321343897080395,0
1,0.7095203321781326,1
1,0.9080955247043727,1
1,0.7984510325979884,1
0,0.8903291111731843,0
1,0.7189952236736205,1
0,0.8871401097724688,0
1,0.8789029291735058,1
0,0.8459028860381782,0
0,0.9974080326865828,0
0,0.8674325651101151,0
0,0.9545242046000281,0
1,0.9732556478194723,1
0,0.9815442559420441,0
0,0.9454842473863643,0
1,0.7475720740318187,1
1,0.7840267868104197,1
1,0.8374443688053859,1
0,0.7259136706597943,0
1,0.7859906356276168,1
0,0.7449286455085496,0
1,0.9379193326026993,1
0,0.952965391111341,0
0,0.8975657359525832,0
0,0.9551378644448482,0
1,0.9904587463334834,1
1,0.8572561607524202,1
1,0.8136204491738304,1
0,0.7004200019018534,0
1,0.9694791750602455,1
1,0.8281573812606025,1
0,0.7193861646742379,0
1,0.9795306523773731,1
1,0.846054903146808,1
0,0.9551992026474678,0
1,0.988717941629612,1
0,0.9652712239731077,0
1,0.8048126195858758,1
1,0.6476655028501186,1
0,0.8557048207305841,0
0,0.9328509234652064,0
1,0.997151410330749,1
0,0.9689771948547958,0
0,0.8276427079667468,0
1,0.8063703580652748,1
1,0.72707583089459,1
0,0.9948643914272799,0
0,0.9276063933482895,0
0,0.9611468480005081,0
0,0.9161634270392718,0
0,0.9199898505615143,0
0,0.8169548440002903,0
1,0.856490116044572,1
0,0.869783254825402,0
1,0.8776821767605936,1
1,0.546165998004799,1
0,0.9371815082770533,0
0,0.7395355041331222,0
0,0.9668834242138696,0
0,0.9225272486540527,0
0,0.9526875313336526,0
0,0.836589864126878,0
0,0.6375984814816692,1
0,0.9928458078434315,0
1,0.9717973475725412,1
1,0.5111454842142645,0
1,0.6922340376721897,1
1,0.5263464153085824,1
0,0.9428351470501336,0
0,0.6513935619359821,0
1,0.9948898515909156,1
1,0.9585548998459541,1
1,0.9895474327921234,1
1,0.8525042730387311,1
0,0.7947797313983553,0
0,0.8600513565741508,0
0,0.9799836224455991,0
0,0.9928580293221332,0
0,0.9608948365934123,0
0,0.9805009648362907,0
1,0.8573975787764425,1
0,0.8216575190589037,0
1,0.592586099856659,1
1,0.7811645267956104,1
1,0.964205260877877,1
0,0.6897028925991607,0
1,0.8719142629622514,1
0,0.9284805318060457,0
0,0.6479194067709566,0
1,0.9565126130032074,1
0,0.9124560767712699,0
1,0.9486850292873514,1
0,0.7188827641889703,0
0,0.893852099177845,0
1,0.9364647446193163,1
0,0.993006727881352,0
1,0.939097538030844,1
1,0.69936453897458,1
0,0.7752154830004399,0
1,0.8619619963769621,1
1,0.8821185145750288,1
0,0.9455650779150716,0
0,0.8762769083574333,0
0,0.9152005296961686,0
1,0.9186224896949529,1
1,0.82023717060388,1
1,0.8209138311930663,1
1,0.9819350376926178,1
1,0.9122987864377041,1
0,0.9541352784990659,0
0,0.9158368208020164,0
0,0.7180376544146921,0
1,0.7469719026740217,1
1,0.8576849912366156,1
1,0.9660308852914457,1
1,0.9620166943219874,1
0,0.9409507878312411,0
0,0.7851448170439399,0
1,0.899616507351121,1
1,0.805723305114053,1
1,0.8323355936699711,1
0,0.820120279560841,0
0,0.7867269663855068,0
1,0.6325340802649309,1
1,0.9773012114484692,1
0,0.9856798652810242,0
1,0.9106138689549687,1
0,0.9920973597641716,0
1,0.7876214266600395,1
1,0.9657028222885667,0
1,0.895780078328789,1
1,0.9138485461300366,1
1,0.9351126156696329,1
0,0.9953454846189684,0
0,0.9592387813191275,0
1,0.844148956048861,1
0,0.8147343397146994,0
1,0.8698961912493821,1
0,0.9759487152365065,0
1,0.8485264512272075,1
1,0.9035786408378659,1
1,0.6146289932594878,1
0,0.9064758046614292,0
0,0.9475123592737252,0
0,0.9029778256731175,0
1,0.9130657840177443,1
0,0.9419224496798673,0
0,0.9410164306173318,0
1,0.9717198279520463,1
0,0.889253083722492,0
0,0.9504868179027278,0
0,0.6614075225529618,0
1,0.5993432685234386,1
0,0.8845684475000922,0
1,0.8678483102997901,1
0,0.9942414015888889,0
0,0.9947940396641958,0
1,0.9747426183135672,1
1,0.5904565608306985,1
0,0.9157535122156939,0
0,0.9943402114572182,0
1,0.4851775477561311,1
1,0.9391581831349548,1
0,0.9820211088254011,0
0,0.8375547983316725,0
1,0.8394771744676104,1
1,0.9353647035527798,1
1,0.6758319522210534,1
0,0.961068593092464,0
1,0.8260761499937926,1
0,0.7525109544411134,0
1,0.8140418416999491,1
0,0.8248511390529766,0
0,0.9580584545326402,0
1,0.8667524864312377,1
1,0.9414217401839692,1
1,0.9048065274630868,1
0,0.9909467840796877,0
0,0.9888770341213053,0
1,0.7846362645625402,1
1,0.8317726603279704,1
1,0.5,0
1,0.7941184965187379,1
1,0.8106254089909961,1
1,0.726210212837986,1
1,0.94680725346873,1
0,0.916074728375096,0
0,0.7177874113402041,0
1,0.8819804547011385,1
0,0.8016443292960829,0
0,0.9884758246626919,0
1,0.9856924027443068,1
0,0.9495312091166975,0
0,0.9814703126058028,0
0,0.9384023763403745,0
0,0.9948655646749825,0
1,0.5704910615182115,1
0,0.7396567345216994,0
0,0.9738524313048281,0
0,0.8476370699140745,0
1,0.9621674483934192,1
1,0.7416884998234532,1
0,0.8829722298324039,0
0,0.8670605192766379,0
0,0.8838862157546286,0
1,0.8926470548444505,1
0,0.7952600200638937,0
1,0.955265925115746,1
0,0.8104667993975991,0
0,0.9949578088668338,0
1,0.9427178859003847,1
0,0.8725806257609173,0
1,0.8124636461347103,1
0,0.8939032125073741,0
1,0.6460226155020002,1
0,0.8317579959177094,0
0,0.9434983688978686,0
0,0.7670658578512405,0
0,0.6810818112847336,0
1,0.9636365258397529,1
0,0.961326875506686,0
0,0.9577963687031532,0
0,0.9606217464878479,0
1,0.8184077173460002,1
1,0.8474121375178869,1
0,0.7949787146933309,0
1,0.7272516264675871,1
0,0.9513468525749069,0
1,0.9169742545695916,1
0,0.7831462559240836,0
0,0.6969588704753898,0
1,0.8408073501813943,1
1,0.7659417526920836,1
1,0.9893637521671552,1
0,0.9256960766170234,0
0,0.8308247778692035,0
0,0.876204168446233,0
1,0.9364879271767728,1
1,0.9373381535583605,1
0,0.8931527776595468,0
1,0.8228991871576532,1
0,0.650138751545375,0
1,0.9314789402834468,1
1,0.9887678439298787,1
0,0.9208123097744311,0
1,0.8950831018044663,1
0,0.6607846586087092,0
0,0.9286006552255954,0
0,0.9870036049358145,0
0,0.6658453101623572,0
1,0.9768514977266993,1
0,0.8669078032320335,0
0,0.989617603070303,0
1,0.854737199084561,1
1,0.6047549309829398,1
1,0.9341372264282912,1
0,0.919187915561985,0
0,0.9173871072412978,0
1,0.6713821628327276,1
0,0.864121512578437,0
1,0.8731764819665327,1
0,0.9980157121826214,0
0,0.831719248954265,0
1,0.692974639141567,1
0,0.9557480736039029,0
0,0.8987302864141864,0
0,0.9568864988071876,0
0,0.9722370344350401,0
0,0.752787923740595,0
0,0.9985102865751649,0
0,0.9686999360854552,0
1,0.9217918830492897,1
1,0.9791157147486559,1
0,0.7145055784319352,0
0,0.9598481456668537,0
1,0.8601766340574121,1
1,0.7590841862496941,0
1,0.8478759100902561,1
0,0.913021827031852,0
0,0.7209663451196173,0
0,0.6827723114027547,1
0,0.965756137833057,0
1,0.989813597893649,1
1,0.8123492226846787,1
1,0.9287935466566339,1
1,0.9137182113907047,1
0,0.9168197442199458,0
1,0.941795846828446,1
1,0.810027505693183,1
0,0.960839863468618,0
0,0.9764160068288992,0
1,0.8498188867283053,1
1,0.8489029645056076,1
1,0.8611386301555705,1
0,0.9010170152669925,0
1,0.6742148321080524,1
1,0.9504494182832244,1
0,0.9654086752791048,0
1,0.5,1
0,0.93542764897787,0
1,0.7273145635982076,1
0,0.7283977596261365,0
0,0.9382071418967807,0
1,0.9663061857547476,1
1,0.9147261055471859,1
0,0.9741525493549333,0
1,0.9697021746619812,1
1,0.5522027027611931,1
1,0.9046689497974787,1
0,0.9578264950966943,0
1,0.9879961425267302,1
1,0.7740237578082632,1
1,0.8579870163253833,1
1,0.7283109992713465,1
0,0.8171443978085183,0
1,0.6449643492575627,1
0,0.8712138603144356,0
1,0.6977161038932935,1
0,0.8763959009652499,0
1,0.9437405944336928,1
0,0.983335055070546,0
1,0.925694522006575,1
0,0.9823895925313637,0
1,0.9759965498213381,1
0,0.8846432425172751,0
0,0.6045858744742916,0
1,0.8684644824931234,1
0,0.9783872094748162,0
1,0.8186567229846922,1
1,0.9884916636802535,1
0,0.9366423182397735,0
0,0.9086715317616981,0
0,0.9949656479090802,0
0,0.8385896571882471,0
1,0.8460280084302083,1
0,0.9637735562055397,0
0,0.9907835427378374,0
0,0.9280820557829016,0
0,0.710749887862377,0
0,0.8256927946271229,0
1,0.9866492203401872,1
1,0.8557146840761503,1
0,0.8725983169653314,0
1,0.7968871307315939,1
0,0.8878316042273664,0
0,0.9108317067280631,0
1,0.7017933711074125,1
0,0.936083268018006,0
1,0.7390357236697265,1
0,0.8051967590233889,0
1,0.9358150615146429,1
0,0.8774868420164768,0
0,0.999239769255545,0
1,0.9344338631534143,1
0,0.969127061881567,0
1,0.781661620165686,1
1,0.9506192008781402,1
0,0.7764119417226639,0
0,0.6308882764299104,0
1,0.9321408017258322,1
1,0.9240475625924507,1
0,0.8819912394711792,0
1,0.7292033254593325,1
0,0.8954370591479419,0
1,0.8791458193058649,1
1,0.879019015100711,1
0,0.9157775659993397,0
0,0.72550530391185,0
1,0.9090049868788308,1
0,0.9266242589891742,0
1,0.7953738734594182,1
0,0.810020056249094,0
0,0.987176041071948,0
1,0.9607972062451,0
0,0.9148353454252124,0
1,0.9267215203191111,1
0,0.9169132358120238,0
0,0.7638354002832392,0
0,0.9047527068001864,0
0,0.6896687363432153,0
1,0.8274405486034958,1
1,0.8945702735529601,1
1,0.9730368428260332,1
1,0.6653185348859574,1
0,0.8880334502538646,0
1,0.9559708978003443,1
1,0.9710730367203392,1
0,0.9968684431134773,0
1,0.8934950742905632,1
1,0.909094633137762,1
0,0.8646000768446714,0
0,0.5902318246261797,0
0,0.7489405827441389,0
0,0.9165134320189171,0
0,0.8984291082859583,0
0,0.9456360844904572,0
0,0.8081832410684698,0
0,0.968574397251523,0
1,0.8083521472735498,1
1,0.8376780796228561,1
1,0.9533442560860905,1
0,0.9899555241824158,0
0,0.7502641379583207,0
0,0.744316295234974,0
1,0.9361203373745611,1
1,0.699232846427546,1
0,0.97699179641108,0
0,0.7979067345380213,0
1,0.807695612748724,1
1,0.96247708222898,1
0,0.6995996197785104,0
0,0.959319811911453,0
0,0.9979515968475712,0
1,0.8392662485681796,1
1,0.8313869474776219,1
0,0.9470971892758723,0
0,0.8206568962157849,0
0,0.9544531720865379,0
1,0.922968864066985,1
0,0.9810052824878203,0
0,0.6174053291551768,0
0,0.9792950362333295,0
0,0.90330036965607,0
1,0.7490259379083472,1
0,0.9950734958834714,0
0,0.6278825642963344,0
1,0.8672724724494305,1
1,0.8265204281979188,1
0,0.9169575503428276,0
1,0.8464776350339298,1
1,0.9448534345048969,1
1,0.63781066841173,1
1,0.7513975545108662,1
1,0.823774887452272,1
0,0.8205065517154458,0
1,0.890768610598049,1
1,0.964269682334439,1
1,0.6187814023005218,1
1,0.9454139874953092,1
1,0.7789780202814821,1
0,0.950101654237768,0
0,0.8328197350238625,0
1,0.9281741567227135,1
1,0.7865872574400868,1
1,0.7884509634405306,1
0,0.9764926278926017,0
0,0.9418247335391985,0
1,0.9727431768309661,1
1,0.950597204218725,1
1,0.8488559974531464,1
1,0.9001231769265874,1
1,0.9819922171686357,1
1,0.5,0
1,0.7943707589639115,1
0,0.7381396180627071,0
0,0.7794497170065522,0
1,0.8627737337404572,1
0,0.8448277151899249,0
1,0.8202392532069142,1
0,0.8082199126887832,0
0,0.9239223936982924,0
0,0.8916515891096508,0
1,0.9551415182018239,1
0,0.9238504367443381,0
0,0.8397259735501946,0
0,0.9748617913498672,0
1,0.8971145245820106,1
0,0.8088080804712691,0
0,0.8563438360499795,0
0,0.9540814003276038,0
0,0.7701420202939053,0
1,0.9670693831672524,1
0,0.9641040000172311,0
0,0.9862557499937908,0
1,0.9905686739413828,1
0,0.6921976540425208,0
0,0.9901920049739695,0
1,0.7272356970332382,1
0,0.9420704248631347,0
1,0.7936654593431379,1
0,0.9094844531437555,0
0,0.8711498160488891,0
0,0.8682927629630801,0
0,0.955846096183993,0
0,0.8059184924185132,0
0,0.7548466450495336,0
0,0.9565242510216032,0
0,0.9425951570013968,0
1,0.9230619781471399,1
1,0.7559314798717571,1
0,0.9556464954617266,0
1,0.815208430157639,1
0,0.9985550239161053,0
0,0.777551208980042,1
1,0.9681106790913571,1
1,0.9372784068953367,1
0,0.6060236218790891,0
0,0.8657828599040573,0
1,0.9502879966920069,1
1,0.7313415128484166,1
1,0.888504273336386,1
1,0.7220147950996176,1
0,0.9141640790223429,0
0,0.8503676296342013,0
1,0.8076625987546631,1
0,0.9111459477491362,0
0,0.9275268819669233,0
1,0.7973791200617619,1
0,0.9111294442372307,0
1,0.9337397429868939,1
1,0.8539177499521949,1
0,0.8557266058936102,0
1,0.9287449101626757,1
1,0.9117063582736523,1
1,0.8917224205601464,1
0,0.880219480128173,0
0,0.8441121789759638,0
1,0.648020467344376,1
1,0.7733640493505369,1
0,0.9712076067866929,0
1,0.9631936517092137,1
0,0.9912096875056566,0
0,0.8578561544837788,0
1,0.9274461208922566,0
1,0.8524563654665741,1
0,0.9054134508650244,0
1,0.9902835922092811,1
0,0.9768512424769618,0
0,0.9213257298867769,0
0,0.6277477002672259,0
1,0.8047050252756676,1
0,0.8543991795944722,0
0,0.7470906168476698,0
1,0.7405410751880593,1
1,0.8399734905230032,1
0,0.6919757293293404,0
1,0.4739011209707341,1
0,0.9142076184998507,0
1,0.990266974092161,1
1,0.9888538986075333,1
1,0.8542380547292721,0
0,0.7044528921941331,0
0,0.9681522916193863,0
1,0.9318252085816018,1
0,0.8342918131582476,0
1,0.78486432712356,1
1,0.9795362587034221,1
0,0.9574667343071529,0
1,0.8179531451677637,1
0,0.9491176010301731,0
0,0.8891190898218875,0
1,0.8544476715361888,1
0,0.8745682593389251,0
0,0.9631171425239048,0
0,0.9855145830143408,0
0,0.9557433725890053,0
1,0.907487744197064,0
0,0.8489618981179621,0
0,0.7680047563103686,0
1,0.9999995644597671,1
0,0.7932133020941552,0
0,0.9803754342883281,0
0,0.9717948228045854,0
0,0.914070798275028,0
0,0.9262136530944786,0
1,0.6409275948606877,1
1,0.7131831394596803,1
0,0.9932474699452196,0
1,0.9464200030609626,1
1,0.9724197157399433,1
1,0.9717964051738439,1
1,0.9861810938411246,1
1,0.8379556960982466,1
0,0.8160444851552756,0
1,0.9571506214001626,1
0,0.9164517770943521,0
1,0.7906354406252293,1
0,0.8866070809389555,0
0,0.9481475293787245,0
1,0.6198667500666464,1
1,0.6147991541030463,1
1,0.8274873903388886,1
0,0.8960978852628804,0
1,0.8338771094324138,1
1,0.8960574915727297,1
1,0.9070314144735534,1
0,0.8471674888249385,0
1,0.5682503788531533,1
1,0.9590930289222442,1
0,0.8553442659096607,0
0,0.7936138487476427,0
1,0.9999905316895916,1
0,0.8894230773041302,0
0,0.8299771089151408,0
0,0.9414343985582971,0
0,0.9578977069970299,0
1,0.6975679945033796,1
0,0.6793152560943473,0
0,0.8967138258318005,0
1,0.9777058393409774,1
0,0.9912079963068648,0
0,0.7400282430153478,0
0,0.910589197340215,0
0,0.8876842229502329,0
1,0.8983744416639888,1
0,0.8624655502837734,0
1,0.9562876132228331,1
1,0.9487928254457413,1
1,0.9101834287808305,1
0,0.8321999261891272,0
0,0.996390564322421,0
1,0.7466293137585024,1
1,0.9762033465405012,1
0,0.9103866472731038,0
1,0.7683309967693487,1
1,0.8958437305596015,1
0,0.9736894562449848,0
0,0.9398647054521069,0
0,0.9462328697382663,0
1,0.6474971686019352,1
0,0.6301126481103166,0
1,0.9816761451500016,1
0,0.8761924923958856,0
0,0.962269266612041,0
1,0.863050004916039,1
0,0.8664363225426709,0
0,0.9852832200501154,0
1,0.9083994635677564,1
0,0.8989627391328456,0
0,0.7556732194381268,0
0,0.9657799729928269,0
1,0.7619936277345974,1
0,0.8804248630898469,0
1,0.9769221525153643,1
0,0.9299892097862498,0
0,0.7638158697022565,0
0,0.9123407352124305,0
1,0.9643591873165738,1
1,0.9706278082838595,1
1,0.6648639046505362,1
0,0.9077332993104666,0
0,0.9621886793293215,0
1,0.9561411137896695,1
0,0.9432090966046918,0
0,0.915603474025585,0
0,0.9653612174630435,0
1,0.857243504799268,0
0,0.8868270154708872,0
0,0.8985543286350811,0
0,0.640913034244082,0
1,0.9572123268353696,1
0,0.9014848824727292,0
1,0.938297173476354,1
0,0.9600253012812132,0
0,0.9783793678735281,0
1,0.8921065279134811,1
1,0.951441650822797,1
0,0.9324353917055914,0
0,0.8036408514078816,0
1,0.9599392650938767,1
1,0.9288838261473464,1
0,0.902838385542957,0
1,0.9075991315633649,1
1,0.8939192667159392,1
1,0.8144094951136002,1
1,0.864053361212472,1
1,0.7152316452948682,1
1,0.8672997334192802,1
0,0.7751788989210264,0
1,0.6328377101809303,1
0,0.8402344267333715,0
1,0.8443848627129336,1
0,0.9297769061159146,0
1,0.7362576194317669,1
1,0.9688618965674599,1
0,0.6241257374691837,0
0,0.9676234612163663,0
0,0.9647158280480985,0
0,0.8550668013055563,0
1,0.995755170114952,1
0,0.8086095358420128,0
0,0.7498071106459064,0
0,0.8777825815010432,0
0,0.931842337456066,0
1,0.9216446760204619,1
1,0.9705337694373678,1
1,0.858065533403853,1
1,0.9095080703940058,1
1,0.925936409850182,1
1,0.9568392584638639,1
0,0.8029256921563938,0
1,0.6523703413456388,1
0,0.9684501005481351,0
1,0.9746490518440052,1
1,0.9465620587205924,1
1,0.7135093989236811,1
0,0.928375435384353,0
0,0.9133717623058648,0
0,0.7485168622227137,0
0,0.965142445016896,0
0,0.9774470520429486,0
0,0.8772703284506969,0
1,0.668412598055904,1
0,0.9379819742439861,0
1,0.91870650647095,1
1,0.8258034138681832,1
0,0.7596098840258316,0
1,0.9652091823259005,1
0,0.8998501954134587,0
1,0.651120724801907,1
0,0.9000537058521633,0
1,0.744571334651148,1
1,0.9500121056120759,1
0,0.9305106891628865,0
1,0.8235757412114707,1
1,0.8646353284134856,1
0,0.9945718677327767,0
0,0.9579366311529591,0
0,0.7750192419384309,0
1,0.6873182951501358,1
1,0.9102305988825102,1
0,0.8697800291654811,0
1,0.8823851195325123,1
1,0.9491360411993262,1
0,0.8594838697268361,0
0,0.9485035877200867,0
0,0.883599221256795,0
0,0.8594438549883574,0
0,0.8590106738408615,0
1,0.8371330642572165,1
0,0.6809527812237582,0
1,0.8060280281968751,1
1,0.9703885586854148,1
1,0.9236244803619399,0
1,0.941849008547575,1
0,0.8925540920956293,0
0,0.9934948247412827,0
0,0.9353062942377561,0
1,0.8621103442824184,1
1,0.9787053126253734,1
1,0.9949750130962944,1
1,0.8949049370408969,1
1,0.7945266205337783,1
0,0.9696891164568194,0
0,0.9236381723392724,0
0,0.8454386493188161,0
0,0.7975019484585413,0
0,0.9132145442786771,0
1,0.8665916422369082,1
1,0.7693595077973625,0
0,0.8544535075818056,0
0,0.9409281687231995,0
1,0.9881110866694175,1
1,0.744746873523803,1
1,0.973183554682089,1
0,0.9608011727333179,0
0,0.9712461340183076,0
0,0.9947697726514019,0
1,0.4666996973104851,1
0,0.7270344209392405,0
1,0.5314057934820795,1
1,0.8967790958044263,1
0,0.9598083598603377,0
1,0.871467839724155,1
0,0.9938415097441201,0
1,0.8616387918949318,1
1,0.5165093596714236,0
0,0.9025336565694999,0
1,0.9704749490610703,1
0,0.991982627181992,0
0,0.8780592702415272,0
1,0.96932641060077,1
1,0.848201621420442,1
1,0.8619399013460471,1
0,0.8184947030769245,0
1,0.8338905520287799,1
0,0.9301268679480428,0
1,0.7733333697261087,1
1,0.7661821089706863,1
0,0.9899892262333204,0
1,0.9186686205392285,1
0,0.839228110874062,0
0,0.9597755402506,0
1,0.9904884413645413,1
1,0.8213834879184871,1
0,0.8808748781725454,0
0,0.937570193002237,0
1,0.8388845566510197,1
1,0.8388514516375598,1
0,0.7420495182243595,0
1,0.7411595076576036,1
0,0.9505752485404289,0
1,0.9795285686579736,1
0,0.8715509545247183,0
1,0.9104058166098498,1
0,0.9423254839671578,0
0,0.8106719265891874,0
0,0.7773615183275805,0
1,0.8171404919935717,1
0,0.9249376497689644,0
1,0.7254080265899019,1
0,0.855268190917958,0
1,0.7762787188957542,1
1,0.9333584468939318,1
1,0.6566433182547096,0
1,0.84036212846357,1
1,0.9420928613569264,1
1,0.9076239010358886,1
1,0.8965980024967279,1
0,0.8310631186149231,0
1,0.7517420341740243,1
0,0.8329196761126723,0
1,0.7986882231255419,1
0,0.9135357688773763,0
1,0.7477911310643616,1
0,0.5794489807492834,1
1,0.8252422449936724,1
0,0.9731783131334304,0
1,0.5868793836370474,0
0,0.9888183980741874,0
0,0.886267462035169,0
0,0.9620860293083464,0
0,0.9965951454763776,0
1,0.78505086624929,1
0,0.7769607610056978,0
0,0.7639131193068925,0
0,0.9152308567946872,0
0,0.9892824120521924,0
1,0.894770945029243,1
0,0.9973428388218476,0
0,0.7451986139615472,0
1,0.9072401058519846,1
0,0.9347417884312506,0
0,0.9894817755184019,0
1,0.9136892545496331,1
0,0.5848708651671565,0
0,0.7754806795007023,0
1,0.8549237732086209,1
1,0.7447095446685332,1
1,0.8589434765132941,1
0,0.9781765619898448,0
1,0.8924071268623778,1
0,0.9165384964766101,0
1,0.8586983523772606,1
0,0.7833881970061245,0
0,0.9641736663760124,0
1,0.8967227369345147,1
0,0.603867579518581,0
0,0.9252971079937845,0
0,0.9996135364694785,0
0,0.8702246358211178,0
1,0.5058639425485189,1
0,0.7473684061301242,0
1,0.8602068480695374,1
0,0.9413280888664916,0
1,0.9949940401805959,1
0,0.9042408094594075,0
0,0.5626550900097852,1
0,0.8574114704062061,0
1,0.8647902589189178,1
0,0.9729864871206161,0
0,0.6126150092704585,0
1,0.9035773149658265,1
0,0.9612331162306944,0
0,0.9216229868727464,0
1,0.9123869661564717,1
0,0.9680448889384307,0
1,0.824939836313678,1
1,0.932274841574587,1
1,0.6295758481713182,1
0,0.9899346472130659,0
0,0.9512407474842364,0
1,0.7595483848662261,1
1,0.9223938188556173,1
1,0.952675601697345,1
1,0.6723593548042655,1
1,0.645541124002486,1
0,0.8704976052641061,0
1,0.766643142917075,1
1,0.9772021634292994,1
1,0.8820119154110978,1
0,0.9517148218842211,0
0,0.9962661750534837,0
1,0.9104076488120441,1
0,0.7637033341993952,0
1,0.8582538325041197,1
1,0.81527633202518,1
1,0.9226231896424955,1
0,0.9805940818704427,0
0,0.9857758826247982,0
0,0.8743937265121081,0
0,0.8247971528727146,0
1,0.986610236895322,1
0,0.942907068409496,0
0,0.9641307675277578,0
1,0.8373632125193323,1
0,0.7931362103557666,0
0,0.9423777568914395,0
0,0.6291341663618379,0
0,0.9775538330760106,0
0,0.7866341663211558,0
1,0.7916418426613078,1
1,0.4684100905259857,1
0,0.9189494417166916,0
1,0.7709124328311951,1
0,0.8380881612999334,0
0,0.8634879258000329,0
0,0.8469189469206374,0
1,0.9490940502359163,1
0,0.9446074106383444,0
0,0.9872817251490787,0
1,0.9117528995583201,1
0,0.9179841170651452,0
1,0.46899102325136444,1
1,0.6283579642150657,1
0,0.9972330710941426,0
1,0.9497500190161275,1
1,0.7514940220910368,1
1,0.5,1
1,0.8162267448765163,1
0,0.9661668557076931,0
1,0.6886823704932913,1
0,0.6883284534129096,0
1,0.8656345420045942,1
1,0.6077290815513088,1
1,0.8160872451438825,1
1,0.9578309458406362,1
1,0.9512196930702596,1
0,0.8095029226383438,0
0,0.90278188693947,0
0,0.9319660743725061,0
1,0.9805365246766335,0
1,0.9700484864604887,1
0,0.9843139936716561,0
0,0.9198124395107421,0
1,0.9369895231873401,1
1,0.6652281091946138,1
0,0.8841813415284833,0
1,0.8021143163908114,1
0,0.9108499131715059,0
0,0.6934184466804398,0
0,0.8856131258605211,0
0,0.7340593588872373,0
0,0.7396194733136425,0
0,0.64080449234243,0
0,0.726832656631415,0
0,0.9662737672372911,0
1,0.9102774570843721,1
1,0.9771295412317368,1
0,0.9186545969168676,0
1,0.9829375629773409,1
1,0.8561743020619694,1
0,0.9922856091342488,0
0,0.9214061297836831,0
1,0.9825903676370134,1
0,0.889517449103112,0
1,0.958189170000661,1
1,0.8723011397507181,1
1,0.7699360068072535,1
0,0.956957752428,0
1,0.7223025987120893,1
1,0.632518075365523,1
0,0.8654073210261877,0
0,0.7417739441322864,0
0,0.9881939270301165,0
0,0.9818582576031472,0
1,0.9270337444980855,1
0,0.9594979281339366,0
0,0.9875847984213508,0
1,0.9238419490388057,1
0,0.9369430593601742,0
1,0.9798161425614643,1
0,0.9909342947149496,0
1,0.9264322907039911,1
1,0.8027007695297649,1
1,0.8922266978328777,1
0,0.9663332172120258,0
1,0.7035336779840962,1
1,0.9313957920091301,1
1,0.546073226961092,1
0,0.9242647062932244,0
0,0.9452392282468178,0
1,0.9105342828173801,1
1,0.7812230063937138,1
0,0.9885884403453863,0
0,0.9079063622904452,0
0,0.6309918144615695,0
1,0.8957041724095905,1
0,0.8269498615072196,0
0,0.8976772982937091,0
0,0.8688074459017668,0
0,0.937923355653815,0
0,0.9334062180114678,0
1,0.8741969423142714,1
1,0.9487717237400727,1
1,0.8794805565666413,1
0,0.8214983125391958,0
1,0.9130559821477713,1
0,0.8388260267141942,0
0,0.7427944199392102,0
1,0.9600042469856274,1
0,0.9685181577048197,0
1,0.968463878690479,1
0,0.9523157319405768,0
0,0.98281546185209,0
1,0.8303703342649105,1
0,0.960525692180759,0
0,0.9760742988787846,0
1,0.8247386490466784,1
0,0.9729139157214074,0
1,0.9091004776614288,1
0,0.8509809107751081,0
1,0.6774233906422269,1
1,0.9303590647680662,1
1,0.5196069198765244,0
0,0.7191575241802677,0
1,0.8364323352883105,1
1,0.8719466479400256,1
1,0.6843163274684101,1
0,0.8079736964917756,0
1,0.5333717777558724,1
0,0.9083045999874928,0
0,0.936076396394985,0
1,0.5987003896616611,1
1,0.7530016662727402,1
1,0.9255467052757425,1
1,0.7774712031860893,1
1,0.9118476048837884,1
1,0.9855352947721762,1
0,0.9153635389540313,0
1,0.966931822277426,1
1,0.7671325773588378,1
0,0.8371015919481212,0
0,0.9583638950178951,0
1,0.855028732750147,1
1,0.7331631978627702,1
1,0.7277529180613921,1
0,0.9828175404328189,0
0,0.7576397379734163,0
1,0.9844920214162898,1
1,0.9390728578405196,1
1,0.9506082943812618,1
1,0.46496114946336237,1
0,0.9291484736595738,0
1,0.9623988814535801,1
1,0.8653222310733738,1
1,0.9551274856177717,1
0,0.9027156971643011,0
1,0.9172130998675214,1
1,0.7015423966430961,1
1,0.6694095652270841,1
1,0.9098817655499811,1
0,0.9719515989033382,0
0,0.9381979216093411,0
0,0.7621548047062183,0
0,0.8251967867761085,0
0,0.9831356597874218,0
1,0.9730964531811094,1
0,0.9394961844425785,0
0,0.9326422861684079,0
1,0.9305824596163041,1
0,0.7691797756279152,0
1,0.9966369539021662,1
1,0.671536483524864,0
1,0.7638899957442573,1
1,0.8601425727943535,1
1,0.9146730473437524,1
1,0.93022093724825,1
1,0.9590310630176376,1
1,0.7485149486205532,1
1,0.8296572628935378,1
1,0.8224531781400024,1
0,0.9049173517530738,0
0,0.8799678060529962,0
1,0.8900185012663825,1
1,0.7282992919396253,1
0,0.9680754541600873,0
1,0.7514940220910368,1
0,0.9953261134433271,0
0,0.8787321238494916,0
1,0.6619355286850863,1
0,0.9034954737348921,0
0,0.7982940292567663,0
1,0.8746227903142756,1
0,0.938691210275833,0
1,0.9792868445589511,1
0,0.9693988479011671,0
1,0.8757782609569852,1
1,0.9218463278921915,1
0,0.9989423935246038,0
1,0.6451492065459199,1
1,0.9210870848141274,1
0,0.9447525371422599,0
1,0.8276585150969308,1
1,0.8771230668425745,1
1,0.9166690906305502,1
0,0.9520331426370324,0
1,0.9075667450623147,1
0,0.8138066080879971,0
0,0.8069011824809285,0
1,0.7295649271320831,1
1,0.9509123337029736,1
0,0.6682194526350721,0
1,0.7406742299003041,1
0,0.7298575027447255,0
0,0.868428855070665,0
1,0.805323098392952,1
0,0.9195758694864921,0
0,0.9324724532234219,0
0,0.7064189181074375,0
1,0.7884509634405306,1
1,0.9310962625365666,1
0,0.8907124681776905,0
1,0.9217890508701168,1
0,0.9440951565415312,0
1,0.7683678086432634,1
0,0.8091526029407182,0
1,0.8448551099197226,1
0,0.9495270423900404,0
1,0.9937124463337541,1
0,0.9520421769793626,0
1,0.8482692603438785,1
1,0.8507874150059395,1
0,0.8039462439713678,0
1,0.8218668210500147,1
1,0.5385278467355665,1
1,0.9226941338405469,1
0,0.8919387164670747,0
1,0.5095497968562325,1
0,0.8544455009671738,0
1,0.9787710628778088,1
1,0.9269623978367721,1
1,0.9341108227115271,1
1,0.9482629871687616,1
0,0.9622999724872,0
0,0.9590411188679894,0
0,0.9266324448767843,0
0,0.7288358410735716,0
1,0.8185530588952706,0
0,0.9858704571948192,0
0,0.9163905159727525,0
0,0.866853040289273,0
0,0.9491575305317028,0
1,0.6545075406008491,1
0,0.804284055144637,0
0,0.8575080898917123,0
1,0.97019809551624,1
0,0.7020753328019265,0
0,0.9613188424086458,0
1,0.7679167301356958,1
1,0.7963440809024359,1
0,0.9875077512362268,0
1,0.9630586775569316,1
1,0.6266932924146179,1
1,0.6452214512599648,1
1,0.9476009987583348,1
0,0.9062010039394843,0
1,0.8906019825867775,1
1,0.9759013580785266,1
1,0.8864440495312497,1
1,0.9850354858068979,1
0,0.7731771234662222,0
1,0.9193751541909858,1
0,0.8927395519521302,0
1,0.7941027845248056,1
0,0.8563953635141442,0
0,0.8841313611160377,0
0,0.8353226142318937,0
1,0.8701296311825385,1
0,0.9793795591733093,0
0,0.9976097756913759,0
1,0.7541770778373577,1
1,0.8624780069518785,1
1,0.7968306013083442,1
0,0.9019375832482407,0
0,0.8780715813280519,0
1,0.7632324896414087,1
1,0.8895397658178703,1
1,0.7929110761225663,1
1,0.8626781496709668,1
0,0.9948163796598832,0
0,0.9188249250403224,0
0,0.824604560260079,0
1,0.6977785119932867,1
1,0.8038167869685698,1
0,0.8409732223029862,0
0,0.8425765751803368,0
0,0.7102196596296924,0
0,0.6984378972604879,0
0,0.8380176371823325,0
0,0.7460031855456423,0
0,0.8932149524448579,0
0,0.7721419431581511,0
1,0.5195044567994117,1
0,0.8205763987584344,0
0,0.9752411428058994,0
0,0.69730615032682,0
0,0.9713020873415,0
1,0.8877693462915999,1
1,0.8868450325145281,1
1,0.726650096288205,1
1,0.9144042180075488,1
0,0.9473371620631941,0
1,0.8510194724824146,1
0,0.7117382322548965,0
1,0.9408531900395278,1
1,0.8723922915445873,1
1,0.6450604802658924,1
0,0.754114151867726,0
1,0.8150494896775917,1
1,0.4734727363409659,1
1,0.8954286893367375,1
0,0.7028208473305743,0
1,0.8873368642267265,1
1,0.9032756467438895,1
0,0.901297564201813,0
1,0.8353947002085039,1
1,0.9908169893820978,1
0,0.9982789649651274,0
0,0.8364037394588036,0
1,0.9020612612712882,1
1,0.9201758821877776,1
1,0.9266843384388218,1
0,0.8759359033128982,0
0,0.7825381520417908,0
1,0.8000464748149008,1
0,0.9937588004650785,0
1,0.918857158737139,1
1,0.6427613380717583,1
1,0.7890086078325566,1
0,0.9532401858678772,0
0,0.7225662773341232,0
0,0.845809849623891,0
0,0.9076055715327329,0
0,0.5859013053491494,0
0,0.8262949196890713,0
0,0.9917397007342849,0
1,0.6534926434162247,1
0,0.8577080779984129,0
1,0.6353160744687959,1
0,0.8051901142383477,0
0,0.7660530130319673,0
0,0.8575404449057061,0
1,0.9913404207632717,1
1,0.9595230044161165,1
0,0.8842111432873883,0
1,0.8653785972182018,1
0,0.9637469218065455,0
1,0.9259533348594241,1
0,0.9286283270381174,0
0,0.8157513353833904,0
1,0.9999900095542191,1
1,0.9629461204174751,1
0,0.6937254596185719,0
0,0.9403716043369581,0
1,0.9694894841813273,1
1,0.9958438072455619,1
1,0.8483238119419211,1
0,0.9675422061616408,0
0,0.8695157629636042,0
1,0.9651379615404424,1
1,0.826817350391434,1
0,0.9556177759006381,0
0,0.9857236300107305,0
0,0.9147575873193272,0
0,0.87226449083056,0
0,0.9669787830314923,0
1,0.666599895730074,1
1,0.926704753986854,1
0,0.9363758598278396,0
1,0.838559303234365,1
0,0.8302172841682117,0
1,0.7426575873206055,1
0,0.9081977113379965,0
0,0.9594011577724562,0
0,0.9848569031568443,0
1,0.9103290667193535,1
1,0.9644086470639709,1
1,0.828577805802184,1
1,0.7814658444040977,1
0,0.9470018448323895,0
1,0.9583836059592771,1
1,0.7942144996788801,1
0,0.9461592053853868,0
1,0.9149948003102595,1
0,0.7919744603054033,0
0,0.9756408727505514,0
1,0.8010793277328464,1
0,0.9933786801204609,0
1,0.9889106014088783,1
1,0.9719072013209442,1
1,0.9781882498222159,1
0,0.7133242956937671,0
1,0.860821835452399,1
0,0.7855125123351173,0
0,0.999949900933388,0
1,0.9244436109287272,1
0,0.9032978189747407,0
0,0.9177034153742093,0
1,0.8514364806887936,1
0,0.9490849644464059,0
0,0.8813873850538025,0
0,0.957129353696268,0
0,0.838218839151514,0
1,0.4900994576945478,1
1,0.906873591739559,1
1,0.9573187111525474,1
0,0.7476863612514301,0
1,0.9098215960634572,1
0,0.7293494916121026,0
0,0.9791043095641008,0
1,0.7899203323426133,1
0,0.9488308969594651,0
1,0.9538703731570705,1
1,0.938260740560862,1
0,0.9985840123868166,0
0,0.8727232492369051,0
0,0.9661426908071324,0
0,0.9020827463189568,0
0,0.8361834195635612,0
1,0.9824074894834521,1
0,0.998150694222573,0
1,0.989261272407006,1
1,0.8794957190740487,1
0,0.7367229120402131,0
0,0.9843029430587845,0
0,0.8517758754285644,0
1,0.9516321230646044,1
0,0.9721496810845124,0
1,0.8642917138579244,1
1,0.9594670469278984,1
1,0.5665299872496999,1
0,0.949846581564503,0
1,0.9059877901247833,1
0,0.9435936900084182,0
1,0.9450682297088726,1
0,0.9788851003206396,0
0,0.9422835889317962,0
1,0.6926975601956735,1
1,0.9389314537053154,0
1,0.9519234955250377,1
0,0.9515576634043676,0
0,0.9895299145797319,0
0,0.8892930435164269,0
0,0.7529266237551161,0
0,0.8744861862426521,0
0,0.8635187605903378,0
0,0.8980717478695831,0
0,0.9460274669108106,0
1,0.9195008231476377,1
0,0.8281267863825518,0
0,0.9465317492503162,0
1,0.7403253568612429,1
1,0.8371202596559193,1
1,0.6111735002677707,1
1,0.8373283499485477,1
0,0.9895320562212129,0
0,0.9032527055779022,0
0,0.995600313999617,0
1,0.7089388860986863,1
0,0.787375774506623,0
1,0.8544227798884058,1
1,0.9605672145132084,1
1,0.8172240123062939,1
1,0.9026568611605102,1
1,0.9260043118653709,1
0,0.9310468577555254,0
1,0.8068266222164863,1
0,0.9869704632045154,0
0,0.9821841108053644,0
0,0.9535024322626217,0
1,0.9895080231253282,1
1,0.9905304374417964,1
1,0.9546273834161344,1
0,0.9979241109187534,0
1,0.6814113588448473,1
0,0.6403323743934836,0
1,0.9744705180637808,1
0,0.8314013406992927,0
1,0.9446858648676281,1
0,0.8746452618201253,0
0,0.9187388819830788,0
1,0.9348397090054325,1
0,0.9362482540299315,0
0,0.9535965534072831,0
0,0.7317295936981393,0
0,0.8301151640671796,0
0,0.8096842511849434,0
0,0.7935577202578735,0
1,0.9778139270819515,1
0,0.9278787138829686,0
1,0.9747783101883419,1
1,0.5083464081498398,1
1,0.8878486307530622,1
0,0.9447113870095993,0
0,0.7264626763106693,0
1,0.9742858942230881,1
1,0.552967165956688,1
0,0.9588515862616278,0
1,0.9157271776843269,1
1,0.7679680817224672,1
1,0.8057139749015916,1
1,0.9085444810722189,1
1,0.8383802970712282,1
1,0.7407137378895549,1
1,0.9296108806917208,1
0,0.9380498501995194,0
0,0.9676015212595435,0
0,0.9259038087576115,0
0,0.9273329889818916,0
1,0.5757762489688154,1
0,0.8967940265649844,0
0,0.9945065145089711,0
1,0.5314120406248115,1
0,0.8716854044102226,0
1,0.8355320790596162,1
0,0.9243023712810978,0
0,0.9292018660156557,0
1,0.9099564087023826,1
1,0.9412895542117355,1
0,0.899249180949842,0
0,0.9061054295898001,0
0,0.8173172236570714,0
0,0.9155128237823542,0
1,0.9034242494579362,1
1,0.8854528080831713,1
1,0.7740561308572522,1
0,0.9325999131013765,0
1,0.8828880016958567,1
1,0.7658543118868957,1
0,0.9739350814562339,0
1,0.8815619665928458,1
0,0.9698716956477638,0
0,0.7533124673108262,0
0,0.9795052867263675,0
0,0.9974463549435318,0
0,0.8897156925946497,0
1,0.9637877972289542,1
0,0.9007377623807435,0
1,0.7825400297445768,1
1,0.7930571682606445,1
0,0.8647127688557168,0
1,0.9761397743074329,1
0,0.8973481423963426,0
0,0.7486777079615378,0
0,0.7374224684457937,0
0,0.6499816565418376,0
1,0.8770627812413987,1
0,0.775625470530047,0
0,0.9427170257871859,0
0,0.9704178799731731,0
1,0.5829524687788846,1
1,0.9999869264649409,1
1,0.9578508609661175,1
1,0.6020141370103689,1
0,0.9587914898768377,0
1,0.9565419627213847,1
0,0.9049147520954103,0
1,0.9311521417699442,1
1,0.6001619002764903,1
0,0.9219320719356816,0
1,0.7185448462111956,1
0,0.6288395137092196,0
0,0.7648253539985659,0
0,0.9966720945359169,0
0,0.9707090750100762,0
1,0.647916115118184,0
1,0.6533042574702872,1
1,0.7753501357357008,1
0,0.7011025849702188,0
1,0.8266981667084339,1
0,0.8913971724601908,0
1,0.7322833585433579,1
1,0.8230217883596467,1
0,0.896618397924621,0
1,0.666069496087475,1
1,0.9661770450269552,1
1,0.909049382628783,1
0,0.9401138277860621,0
0,0.9650274085235344,0
1,0.7317027037592242,1
0,0.9897729372698421,0
1,0.9251543586845107,1
0,0.977612074420842,0
0,0.7472032800743429,0
0,0.9631942885154416,0
0,0.9440240734030512,0
1,0.8814040447541797,1
1,0.9451867920926098,1
0,0.7916394539793691,0
1,0.7418157037692408,1
0,0.8934263694877784,0
0,0.8041538135769309,0
1,0.5448168213169982,1
0,0.9530665731563195,0
0,0.8042167836658847,0
0,0.9882975554766659,0
0,0.6424138525520071,0
0,0.9506159589108283,0
1,0.9659091768846022,1
0,0.8934123305978627,0
1,0.6383495149024956,1
1,0.8809788545763445,1
0,0.8133883301803246,0
0,0.6587633995865546,0
0,0.7402449932202818,0
1,0.7972509073517573,1
0,0.8405403140335764,0
0,0.8458266407224336,0
0,0.974710427134368,0
0,0.7980032274386869,0
1,0.9060738857515551,1
0,0.949953797398832,0
0,0.8688105840150301,0
0,0.9133230105508423,0
1,0.9278137067009822,1
1,0.7684841044722254,1
1,0.8770912388037633,1
1,0.9501803784338386,1
1,0.6641572505729375,1
0,0.6445723002666107,0
0,0.987311637583125,0
1,0.6896749201844088,1
1,0.9470851449578089,1
1,0.8592298996894169,1
1,0.8431341445783087,1
0,0.7955543554041105,0
1,0.657228480981783,1
1,0.688023429098291,1
0,0.9739570667826521,0
0,0.8247769885281723,0
1,0.722408905189606,1
1,0.9316564796325284,1
1,0.9138104914747882,1
0,0.8305054981905887,0
1,0.5641378787184007,1
1,0.7212252266358394,1
1,0.9422039857080884,1
1,0.47298597487876715,1
1,0.9276551303817514,1
1,0.9424451482528822,1
1,0.786897812000441,0
0,0.8963310278708178,0
0,0.9582668928714564,0
1,0.7255686577454665,1
0,0.9129831121048075,0
1,0.910838900588001,1
1,0.9860980474955783,1
0,0.8714291593918898,0
1,0.9706846343102722,1
1,0.8318037336062667,1
0,0.9137288437024779,0
1,0.7844453546812377,1
0,0.9940784080754689,0
0,0.8024902996259307,0
0,0.9677240463316727,0
1,0.7624704441197875,1
1,0.9344235005480727,1
1,0.8896968504231222,1
0,0.8346327650865991,0
1,0.9999952262477189,1
1,0.8445563525526988,1
1,0.8484010262041234,1
0,0.8518933494550385,0
1,0.9027536543597807,1
0,0.6584737494890851,0
1,0.6933699004594915,1
0,0.9864606515218494,0
0,0.9322664416224183,0
0,0.9100421517562302,0
0,0.9496249831141904,0
0,0.9532269649500625,0
1,0.9704943121564725,1
1,0.9694166517657832,1
0,0.9524458141565202,0
0,0.7412421250252014,0
0,0.9606674637019208,0
1,0.6951673533543136,1
0,0.7098785563737338,0
0,0.8578627259292134,0
0,0.9331322163036014,0
1,0.679821732816969,1
1,0.9169835242051271,1
0,0.9030566216469424,0
1,0.9335099051997645,1
0,0.9221351537135949,0
1,0.7197662348674809,1
0,0.8532316771184849,0
0,0.9391346453224964,0
0,0.988731396312934,0
0,0.9149938018221867,0
1,0.797594400372338,1
0,0.9868040018584463,0
0,0.9753245697722364,0
0,0.8063869936307186,0
0,0.7853967202838839,0
0,0.9243461788211029,0
0,0.8782319286904362,0
1,0.9700751817375705,1
0,0.83778858968038,0
1,0.890261306302604,1
0,0.9181209503659093,0
1,0.9953529917217991,1
1,0.9654570986231759,1
1,0.9999912839015511,1
1,0.6859618507774712,1
1,0.8123328383866688,1
0,0.8439288347100574,0
0,0.8040851280933132,0
0,0.7091536956413734,0
0,0.9155415978908747,0
1,0.9470378909670739,1
1,0.9296593236455762,1
0,0.9731820561990214,0
0,0.9149755119042924,0
0,0.9618705639736468,0
1,0.9723674430573626,1
1,0.8099481978525055,1
1,0.8734793912109912,1
1,0.9972871966294566,1
0,0.8618825304137596,0
0,0.7648818657186648,0
0,0.8457077153483414,0
0,0.8294293893754405,0
0,0.8923634050964862,0
0,0.8244963783506511,0
0,0.7388935128181449,0
1,0.9034529855581557,1
1,0.906707641805241,1
1,0.7093338465266681,1
1,0.9691230931223167,1
1,0.6221482621034609,1
1,0.9516997197127575,1
1,0.9736005758576005,1
1,0.8195736277224144,1
1,0.7777497071437195,1
0,0.9261039523238213,0
1,0.7822741184672672,1
1,0.8064494111233738,1
0,0.9686492110208477,0
0,0.8108606594897549,0
1,0.712612799819703,1
0,0.60469733291584,0
0,0.8705220002466174,0
0,0.9580417378549393,0
1,0.9116761751794269,1
0,0.9073573775512155,0
0,0.9516088122695805,0
1,0.957616972444477,1
0,0.783360614644629,0
1,0.7742054574337114,1
0,0.9403587963362595,0
0,0.9104499087746706,0
1,0.9999825644422558,1
0,0.6112473001515414,0
1,0.8384634200033747,1
1,0.9641281943976826,1
0,0.961580871773841,0
0,0.7068369661840689,0
1,0.8476556549903181,1
0,0.9789352713566591,0
1,0.9834028153406792,1
1,0.9480165669530665,1
0,0.5497178671348146,1
0,0.9180501971671876,0
0,0.9715394147341359,0
0,0.9582219984913267,0
0,0.845731351080053,0
1,0.6328298215103615,1
1,0.8401707469631493,1
1,0.7072472779333934,1
1,0.9258733272948587,1
0,0.6967577180940359,0
0,0.9370379420884115,0
0,0.7308856302441786,0
0,0.9979240058355132,0
1,0.9065453513499067,1
1,0.9678325848270262,1
1,0.7938499360557099,1
0,0.8907310352077622,0
0,0.8701033176438591,0
0,0.9979428476835629,0
1,0.9573653320130181,1
1,0.8104156698822845,1
0,0.8554285946708167,0
0,0.9468898544996943,0
0,0.9928571718964877,0
1,0.9496476551519161,1
1,0.8922811722402427,1
1,0.8996848976128174,1
0,0.9487610689038821,0
1,0.9483463181171925,1
0,0.9517576612478041,0
0,0.8975404569341352,0
0,0.7360592895838816,0
1,0.9298623607907747,1
0,0.8773174361083166,0
0,0.7867124110433295,0
1,0.9955941409378055,1
0,0.7547227527430054,0
1,0.8909498807539414,1
0,0.6708493654377731,0
0,0.6347314132118087,0
1,0.82021117935154,1
1,0.8804246632709036,1
1,0.8095822929779228,0
1,0.7044127922633886,1
0,0.7620928250519803,0
0,0.9817193674743179,0
1,0.8071886954842756,1
0,0.9673398026306224,0
0,0.9197032760793244,0
1,0.6696707660879396,1
0,0.9600596338375351,0
1,0.9603131173035302,1
0,0.9383103316129282,0
1,0.963352578029191,1
1,0.7358878060834144,1
0,0.7199678724123625,0
0,0.8829385745600621,0
0,0.7083436432811119,0
0,0.9566147501186534,0
1,0.8867876671482973,1
1,0.9235394005369985,1
0,0.9839747480600074,0
0,0.9318546327727373,0
1,0.6177873837295769,0
0,0.9461604825580878,0
0,0.9898971195385988,0
0,0.9341709782223864,0
1,0.9670665117394972,1
0,0.8634364632109215,0
0,0.9312316971158601,0
1,0.8948732679435536,1
1,0.9682062519762031,1
1,0.8901505905990481,1
1,0.9700523636329844,1
0,0.869419039826976,0
0,0.9118139353934237,0
0,0.8908408348270934,0
0,0.9726536880359086,0
0,0.7274475426536114,0
0,0.8645172357924653,0
1,0.5835167569165839,1
0,0.9510641056078537,0
1,0.9148453951874645,1
0,0.8120569642570313,0
1,0.7324893364191003,1
1,0.995786645354876,1
0,0.8560550093990691,0
1,0.9840400977866212,1
1,0.9496899975739639,1
0,0.8894931675033705,0
0,0.9234240759417802,0
1,0.7460940333173163,1
0,0.9289277941350816,0
1,0.8916180416653854,1
0,0.8446019963051975,0
0,0.9096976223432806,0
1,0.8301589369924278,1
0,0.5574315386329727,1
1,0.9240716282265367,1
1,0.9801284380122669,1
1,0.6716705221506292,1
1,0.8492846316200328,1
1,0.8809088363889185,1
0,0.9282579526121637,0
0,0.6897447563625705,0
1,0.976450893743747,1
0,0.901141950042915,0
1,0.9170431363630377,1
1,0.5841441724557868,1
1,0.9883923878319459,1
0,0.9972709878490135,0
0,0.8818414495933953,0
0,0.9599649710990225,0
1,0.8241556144292995,1
1,0.6072537850526919,0
0,0.764645084917763,0
1,0.735346005920194,1
1,0.9657234974964747,1
0,0.8795920892970618,0
0,0.9393349091635844,0
0,0.8481912600082677,0
1,0.7979814074023767,1
1,0.9092669607885902,1
1,0.9023385720128607,1
0,0.9275175239767961,0
0,0.8582202243697441,0
1,0.8913040106470129,1
1,0.8456741822161996,1
1,0.9666543165400725,1
1,0.6032745367150929,1
1,0.9339001131008817,1
0,0.8047869131646822,0
1,0.8853925679511098,0
0,0.9350339572400033,0
0,0.8657174676060683,0
0,0.9245793661029116,0
0,0.9844714930063565,0
1,0.6420667096964064,1
1,0.46898237150005717,0
1,0.7313432883373923,1
0,0.7587120854948396,0
0,0.9897253551356995,0
1,0.9598531809785933,1
1,0.8842218046947562,1
0,0.9659320023992997,0
0,0.8612597228239199,0
0,0.9280983085195019,0
0,0.9706850848783911,0
0,0.8013176635086274,0
1,0.9159663897754033,1
1,0.8430415232668251,1
1,0.9912172170580604,1
0,0.9818768333347905,0
0,0.8208436225062788,0
1,0.8978348386740959,1
1,0.9768684927469814,1
0,0.9821702693320815,0
0,0.7573753563941916,0
0,0.9931370361027027,0
0,0.9269782844293148,0
0,0.8599288938318808,0
1,0.8475217469993332,1
1,0.6808471913877009,1
1,0.9539553629775134,1
0,0.9488841550324788,0
1,0.9148375870354551,1
0,0.9975756727417361,0
1,0.7953255807138079,1
1,0.9496419379778244,1
1,0.7634645078126197,1
0,0.9657841121794142,0
1,0.8529821249565203,1
1,0.9331427256387329,1
0,0.9601228104169678,0
0,0.8169521730176611,0
1,0.833650932397284,1
0,0.9952608345842426,0
0,0.7643862592881141,0
1,0.9314372946444721,1
0,0.7864097975808392,0
0,0.817460603657115,0
1,0.9297029794963674,1
0,0.9979102433232512,0
0,0.6519666656379505,0
0,0.9280694847893759,0
0,0.8906941852841167,0
0,0.9009039949531603,0
1,0.9250020324233987,1
0,0.9941937864397318,0
1,0.8813057571253226,1
1,0.6917413914386028,1
0,0.8619396040926917,0
0,0.8205506557128597,0
0,0.9634453132383025,0
1,0.6690038277607652,1
1,0.6521233942565039,1
0,0.9850091573837871,0
1,0.9724000235767836,1
1,0.8049223622325291,1
0,0.851703084089304,0
0,0.9428905068220842,0
0,0.943755099568077,0
0,0.9652751178927678,0
0,0.9972589026677514,0
0,0.8180874671566808,0
1,0.9934033441302118,1
1,0.8371351103468303,1
1,0.9951004606883712,1
1,0.6001702003179863,1
0,0.9759311662451925,0
1,0.9358245133227396,1
1,0.9450428577055245,1
0,0.970370214726468,0
1,0.7908937031406601,1
0,0.6062709470550601,0
0,0.863214721873428,0
0,0.714768655423416,0
1,0.9228355193857343,1
1,0.5584152568296645,1
0,0.8228067567792595,0
1,0.9885235244553517,1
0,0.8837715976810447,0
1,0.5736063256913083,1
0,0.9356844481375421,0
1,0.6862430770600353,1
0,0.82886020936049,0
0,0.9626082755197531,0
1,0.5660195110616018,1
0,0.8923833094364085,0
1,0.8793053863191544,1
1,0.9563603820330093,1
0,0.9526553636325569,0
1,0.7866420821238923,1
1,0.5392172388089719,0
1,0.9386274192828452,1
0,0.88816474527626,0
1,0.7938215887872848,1
1,0.5889115538727947,1
1,0.8421636869095014,1
0,0.8999039697164601,0
1,0.9407738139688886,1
1,0.7961982394950746,1
1,0.8080926292503379,1
0,0.9598345678936702,0
1,0.7755121525626104,1
1,0.9500364283447871,1
1,0.8318481239874328,0
0,0.8615110528522901,0
0,0.9915051129977555,0
1,0.8861386001682147,1
0,0.7856912971129038,0
0,0.8170420718261677,0
1,0.9035825451088155,1
1,0.7085392395651919,1
1,0.8155005608713123,1
1,0.9173552098157507,1
0,0.939916678527456,0
0,0.9917202826697158,0
